ISO-10303-21;
HEADER;
/* Generated by software containing ST-Developer
 * from STEP Tools, Inc. (www.steptools.com) 
 */
/* OPTION: using custom renumber hook */

FILE_DESCRIPTION(
/* description */ ('STEP AP242 Edition 2',
'CAx-IF Rec.Pracs.---Representation and Presentation of Product Manufa
cturing Information (PMI)---4.0---2014-10-13',
'CAx-IF Rec.Pracs.---3D Tessellated Geometry---0.4---2014-09-14','2;1',
'CAx-IF Rec.Pracs.---User Defined Attributes---1.5---2016-08-15'),
/* implementation_level */ '2;1');

FILE_NAME(
/* name */ 
'(Cat-Aclysm) Antweight MK3 (Seperate Weapoon Struts) motor mounts V2 
- Chassis',
/* time_stamp */ '2026-09-09T11:42:53Z',
/* author */ (''),
/* organization */ (''),
/* preprocessor_version */ 'ST-DEVELOPER v20',
/* originating_system */ 'ONSHAPE BY PTC INC, 1.220',
/* authorisation */ '  ');

FILE_SCHEMA (('AP242_MANAGED_MODEL_BASED_3D_ENGINEERING_MIM_LF { 1 0 10303 442 3 1 4 }'));
ENDSEC;

DATA;
#10=SHAPE_REPRESENTATION_RELATIONSHIP('','',#7153,#11);
#11=ADVANCED_BREP_SHAPE_REPRESENTATION('',(#7151),#12129);
#12=TOROIDAL_SURFACE('',#7667,0.00151,0.00049);
#13=TOROIDAL_SURFACE('',#7672,0.00151,0.00049);
#14=CONICAL_SURFACE('',#7356,0.008,0.982793723247328);
#15=CONICAL_SURFACE('',#7396,0.008,0.982793723247328);
#16=CONICAL_SURFACE('',#7739,0.005,0.785398163397448);
#17=CONICAL_SURFACE('',#7741,0.0015,0.785398163397449);
#18=CONICAL_SURFACE('',#7742,0.00375,0.78539816339745);
#19=CONICAL_SURFACE('',#7743,0.0015,0.78539816339745);
#20=CONICAL_SURFACE('',#7746,0.0035,0.785398163397448);
#21=CONICAL_SURFACE('',#7748,0.0015,0.785398163397448);
#22=CONICAL_SURFACE('',#7749,0.00375,0.785398163397448);
#23=CONICAL_SURFACE('',#7750,0.0015,0.785398163397448);
#24=B_SPLINE_SURFACE_WITH_KNOTS('',1,3,((#10804,#10805,#10806,#10807,#10808,
#10809,#10810),(#10811,#10812,#10813,#10814,#10815,#10816,#10817),(#10818,
#10819,#10820,#10821,#10822,#10823,#10824)),.RULED_SURF.,.F.,.F.,.F.,(2,
1,2),(4,3,4),(-0.00601550707431052,0.,1.),(0.35224230054743,0.918710905506305,
0.972645354633634),.PIECEWISE_BEZIER_KNOTS.);
#25=B_SPLINE_SURFACE_WITH_KNOTS('',1,3,((#10847,#10848,#10849,#10850),(#10851,
#10852,#10853,#10854)),.RULED_SURF.,.F.,.F.,.F.,(2,2),(4,4),(0.,1.),(5.02232922712442,
5.39396422382124),.PIECEWISE_BEZIER_KNOTS.);
#26=B_SPLINE_SURFACE_WITH_KNOTS('',3,3,((#10944,#10945,#10946,#10947),(#10948,
#10949,#10950,#10951),(#10952,#10953,#10954,#10955),(#10956,#10957,#10958,
#10959)),.UNSPECIFIED.,.F.,.F.,.F.,(4,4),(4,4),(0.058645210416985,0.861988851406846),
(2.46499530163672,2.72697883273224),.UNSPECIFIED.);
#27=B_SPLINE_SURFACE_WITH_KNOTS('',3,3,((#11125,#11126,#11127,#11128),(#11129,
#11130,#11131,#11132),(#11133,#11134,#11135,#11136),(#11137,#11138,#11139,
#11140)),.UNSPECIFIED.,.F.,.F.,.F.,(4,4),(4,4),(0.058645210416985,0.861988851406846),
(2.46499530163672,2.72697883273224),.UNSPECIFIED.);
#28=B_SPLINE_SURFACE_WITH_KNOTS('',1,3,((#11176,#11177,#11178,#11179,#11180,
#11181,#11182),(#11183,#11184,#11185,#11186,#11187,#11188,#11189),(#11190,
#11191,#11192,#11193,#11194,#11195,#11196)),.RULED_SURF.,.F.,.F.,.F.,(2,
1,2),(4,3,4),(-0.00601550707431052,0.,1.),(0.35224230054743,0.918710905506305,
0.972645354633634),.PIECEWISE_BEZIER_KNOTS.);
#29=B_SPLINE_SURFACE_WITH_KNOTS('',1,3,((#11229,#11230,#11231,#11232),(#11233,
#11234,#11235,#11236)),.RULED_SURF.,.F.,.F.,.F.,(2,2),(4,4),(0.,1.),(5.02232922712442,
5.39396422382124),.PIECEWISE_BEZIER_KNOTS.);
#30=ELLIPSE('',#7334,0.00554940066591565,0.002);
#31=ELLIPSE('',#7345,0.00600925212577332,0.005);
#32=ELLIPSE('',#7361,0.00488646610756774,0.003);
#33=ELLIPSE('',#7375,0.00409799951195703,0.0032);
#34=ELLIPSE('',#7388,0.00554940066591565,0.002);
#35=ELLIPSE('',#7417,0.00409799951195703,0.0032);
#36=ELLIPSE('',#7419,0.00600925212577332,0.005);
#37=ELLIPSE('',#7434,0.00488646610756774,0.003);
#38=ELLIPSE('',#7442,0.00214408662092195,0.002);
#39=ELLIPSE('',#7445,0.00214408662092195,0.002);
#40=ELLIPSE('',#7452,0.00371814170348594,0.003);
#41=ELLIPSE('',#7454,0.00371814170348594,0.003);
#42=ELLIPSE('',#7491,0.00263039388462551,0.002);
#43=ELLIPSE('',#7494,0.00263252914444922,0.002);
#44=ELLIPSE('',#7499,0.00115513271501303,0.00075);
#45=ELLIPSE('',#7513,0.544314107452782,0.00075);
#46=ELLIPSE('',#7514,0.00200000189855841,0.002);
#47=ELLIPSE('',#7517,0.544314107452782,0.00075);
#48=ELLIPSE('',#7519,0.544314107452782,0.00075);
#49=ELLIPSE('',#7528,0.00200000189855841,0.002);
#50=ELLIPSE('',#7529,0.544314107452782,0.00075);
#51=ELLIPSE('',#7534,0.00263324792270394,0.002);
#52=ELLIPSE('',#7537,0.00262966608269788,0.002);
#53=ELLIPSE('',#7543,0.8709025719256,0.0012);
#54=ELLIPSE('',#7546,0.8709025719256,0.0012);
#55=ELLIPSE('',#7567,0.00768698229051553,0.003);
#56=ELLIPSE('',#7575,0.00768698229051553,0.003);
#57=ELLIPSE('',#7616,0.00100000094927921,0.001);
#58=ELLIPSE('',#7619,0.00100000094927921,0.001);
#59=ELLIPSE('',#7627,0.00210000199348634,0.0021);
#60=ELLIPSE('',#7628,0.00210000199348634,0.0021);
#61=B_SPLINE_CURVE_WITH_KNOTS('',3,(#10308,#10309,#10310,#10311),
 .UNSPECIFIED.,.F.,.F.,(4,4),(0.,0.000479108407689573),.UNSPECIFIED.);
#62=B_SPLINE_CURVE_WITH_KNOTS('',3,(#10334,#10335,#10336,#10337),
 .UNSPECIFIED.,.F.,.F.,(4,4),(0.000820356444885791,0.00122400747725586),
 .UNSPECIFIED.);
#63=B_SPLINE_CURVE_WITH_KNOTS('',3,(#10429,#10430,#10431,#10432),
 .UNSPECIFIED.,.F.,.F.,(4,4),(0.,0.000368151184368122),.UNSPECIFIED.);
#64=B_SPLINE_CURVE_WITH_KNOTS('',3,(#10439,#10440,#10441,#10442),
 .UNSPECIFIED.,.F.,.F.,(4,4),(0.,0.000313013279689514),.UNSPECIFIED.);
#65=B_SPLINE_CURVE_WITH_KNOTS('',3,(#10631,#10632,#10633,#10634),
 .UNSPECIFIED.,.F.,.F.,(4,4),(0.,1.),.UNSPECIFIED.);
#66=B_SPLINE_CURVE_WITH_KNOTS('',3,(#10773,#10774,#10775,#10776,#10777,
#10778),.UNSPECIFIED.,.F.,.F.,(4,1,1,4),(9.93608670670458E-5,0.490388380936334,
0.735532890970968,0.980677401005601),.UNSPECIFIED.);
#67=B_SPLINE_CURVE_WITH_KNOTS('',3,(#10780,#10781,#10782,#10783,#10784,
#10785,#10786,#10787,#10788,#10789,#10790,#10791,#10792,#10793),
 .UNSPECIFIED.,.F.,.F.,(4,1,1,1,1,1,1,1,1,1,1,4),(4.46572182150183E-8,0.125000039075066,
0.250000033492914,0.375000027910761,0.437500025119685,0.468750023724147,
0.500000022328609,0.531250020933071,0.562500019537533,0.625000016746457,
0.750000011164305,1.),.UNSPECIFIED.);
#68=B_SPLINE_CURVE_WITH_KNOTS('',3,(#10795,#10796,#10797,#10798),
 .UNSPECIFIED.,.F.,.F.,(4,4),(0.,0.00322954322072787),.UNSPECIFIED.);
#69=B_SPLINE_CURVE_WITH_KNOTS('',3,(#10825,#10826,#10827,#10828),
 .UNSPECIFIED.,.F.,.F.,(4,4),(0.290082340091086,0.99999998377254),
 .UNSPECIFIED.);
#70=B_SPLINE_CURVE_WITH_KNOTS('',3,(#10831,#10832,#10833,#10834,#10835,
#10836,#10837,#10838,#10839),.UNSPECIFIED.,.F.,.F.,(4,1,1,1,1,1,4),(0.,
0.249997249512636,0.374995874268954,0.499994499025272,0.62499312378159,
0.749991748537908,0.999988998050545),.UNSPECIFIED.);
#71=B_SPLINE_CURVE_WITH_KNOTS('',3,(#10840,#10841,#10842,#10843,#10844,
#10845,#10846),.UNSPECIFIED.,.F.,.F.,(4,1,1,1,4),(0.,0.00170199874219517,
0.00340399748439034,0.00510599622658552,0.00680799496878069),
 .UNSPECIFIED.);
#72=B_SPLINE_CURVE_WITH_KNOTS('',3,(#10855,#10856,#10857,#10858),
 .UNSPECIFIED.,.F.,.F.,(4,4),(1.08873434780623E-5,1.),.UNSPECIFIED.);
#73=B_SPLINE_CURVE_WITH_KNOTS('',3,(#10860,#10861,#10862,#10863),
 .UNSPECIFIED.,.F.,.F.,(4,4),(0.,1.),.UNSPECIFIED.);
#74=B_SPLINE_CURVE_WITH_KNOTS('',3,(#10865,#10866,#10867,#10868,#10869,
#10870,#10871,#10872,#10873,#10874,#10875,#10876,#10877,#10878,#10879,#10880,
#10881,#10882,#10883,#10884,#10885),.UNSPECIFIED.,.T.,.F.,(1,1,1,1,1,1,
1,1,1,1,1,1,1,1,1,1,1,1,1,1,1,1,1,1,1),(-0.00166024871450838,-0.000830124357254188,
-0.000415062178627093,0.,0.000415062178627094,0.000830124357254188,0.00166024871450838,
0.00249037307176256,0.00332049742901675,0.00415062178627094,0.00498074614352513,
0.00581087050077932,0.00664099485803351,0.00747111921528769,0.00830124357254188,
0.00913136792979607,0.00996149228705026,0.0107916166443044,0.0116217410015586,
0.0124518653588128,0.0128669275374399,0.013281989716067,0.0136970518946941,
0.0141121140733212,0.0149422384305754),.UNSPECIFIED.);
#75=B_SPLINE_CURVE_WITH_KNOTS('',3,(#10916,#10917,#10918,#10919),
 .UNSPECIFIED.,.F.,.F.,(4,4),(9.94056518513952E-7,0.00217081095024047),
 .UNSPECIFIED.);
#76=B_SPLINE_CURVE_WITH_KNOTS('',3,(#10924,#10925,#10926,#10927),
 .UNSPECIFIED.,.F.,.F.,(4,4),(0.,0.00317378480299884),.UNSPECIFIED.);
#77=B_SPLINE_CURVE_WITH_KNOTS('',3,(#10960,#10961,#10962,#10963),
 .UNSPECIFIED.,.F.,.F.,(4,4),(0.,0.00347998236676153),.UNSPECIFIED.);
#78=B_SPLINE_CURVE_WITH_KNOTS('',3,(#10966,#10967,#10968,#10969,#10970,
#10971,#10972),.UNSPECIFIED.,.F.,.F.,(4,1,1,1,4),(8.22663231050965E-16,
0.00129410441313676,0.0025882088262727,0.00388231323940864,0.00517641765254457),
 .UNSPECIFIED.);
#79=B_SPLINE_CURVE_WITH_KNOTS('',3,(#10974,#10975,#10976,#10977),
 .UNSPECIFIED.,.F.,.F.,(4,4),(0.00288447808800865,0.00376274068643377),
 .UNSPECIFIED.);
#80=B_SPLINE_CURVE_WITH_KNOTS('',3,(#10979,#10980,#10981,#10982),
 .UNSPECIFIED.,.F.,.F.,(4,4),(1.73472347597681E-18,0.00291392634923813),
 .UNSPECIFIED.);
#81=B_SPLINE_CURVE_WITH_KNOTS('',3,(#10984,#10985,#10986,#10987,#10988,
#10989,#10990,#10991),.UNSPECIFIED.,.F.,.F.,(4,1,1,1,1,4),(0.,0.00129926447946878,
0.00259852895893756,0.00389779343840633,0.00454742567814072,0.00519705791787511),
 .UNSPECIFIED.);
#82=B_SPLINE_CURVE_WITH_KNOTS('',3,(#11060,#11061,#11062,#11063,#11064,
#11065,#11066,#11067,#11068,#11069,#11070,#11071,#11072,#11073,#11074,#11075,
#11076,#11077,#11078,#11079,#11080),.UNSPECIFIED.,.T.,.F.,(1,1,1,1,1,1,
1,1,1,1,1,1,1,1,1,1,1,1,1,1,1,1,1,1,1),(-0.00166024871450834,-0.000830124357254172,
-0.000415062178627086,0.,0.000415062178627086,0.000830124357254171,0.00166024871450834,
0.00249037307176251,0.00332049742901668,0.00415062178627086,0.00498074614352503,
0.0058108705007792,0.00664099485803337,0.00747111921528754,0.00830124357254171,
0.00913136792979588,0.00996149228705005,0.0107916166443042,0.0116217410015584,
0.0124518653588126,0.0128669275374397,0.0132819897160667,0.0136970518946938,
0.0141121140733209,0.0149422384305751),.UNSPECIFIED.);
#83=B_SPLINE_CURVE_WITH_KNOTS('',3,(#11093,#11094,#11095,#11096),
 .UNSPECIFIED.,.F.,.F.,(4,4),(0.29008234009108,0.999999983772536),
 .UNSPECIFIED.);
#84=B_SPLINE_CURVE_WITH_KNOTS('',3,(#11098,#11099,#11100,#11101),
 .UNSPECIFIED.,.F.,.F.,(4,4),(1.08873434732536E-5,1.),.UNSPECIFIED.);
#85=B_SPLINE_CURVE_WITH_KNOTS('',3,(#11105,#11106,#11107,#11108),
 .UNSPECIFIED.,.F.,.F.,(4,4),(0.0036237578321228,0.00578678584984881),
 .UNSPECIFIED.);
#86=B_SPLINE_CURVE_WITH_KNOTS('',3,(#11116,#11117,#11118,#11119),
 .UNSPECIFIED.,.F.,.F.,(4,4),(0.,0.00317378480299885),.UNSPECIFIED.);
#87=B_SPLINE_CURVE_WITH_KNOTS('',3,(#11141,#11142,#11143,#11144),
 .UNSPECIFIED.,.F.,.F.,(4,4),(0.,0.00347998236676153),.UNSPECIFIED.);
#88=B_SPLINE_CURVE_WITH_KNOTS('',3,(#11147,#11148,#11149,#11150,#11151,
#11152,#11153,#11154),.UNSPECIFIED.,.F.,.F.,(4,1,1,1,1,4),(0.,0.00129926447946878,
0.00259852895893756,0.00389779343840633,0.00454742567814072,0.00519705791787511),
 .UNSPECIFIED.);
#89=B_SPLINE_CURVE_WITH_KNOTS('',3,(#11156,#11157,#11158,#11159),
 .UNSPECIFIED.,.F.,.F.,(4,4),(1.73472347597681E-18,0.00291392634923813),
 .UNSPECIFIED.);
#90=B_SPLINE_CURVE_WITH_KNOTS('',3,(#11161,#11162,#11163,#11164),
 .UNSPECIFIED.,.F.,.F.,(4,4),(0.00288447808800865,0.00376274068643378),
 .UNSPECIFIED.);
#91=B_SPLINE_CURVE_WITH_KNOTS('',3,(#11166,#11167,#11168,#11169,#11170,
#11171,#11172),.UNSPECIFIED.,.F.,.F.,(4,1,1,1,4),(8.22663231050965E-16,
0.00129410441313676,0.0025882088262727,0.00388231323940864,0.00517641765254457),
 .UNSPECIFIED.);
#92=B_SPLINE_CURVE_WITH_KNOTS('',3,(#11197,#11198,#11199,#11200,#11201,
#11202,#11203),.UNSPECIFIED.,.F.,.F.,(4,1,1,1,4),(0.,0.00170199874219517,
0.00340399748439034,0.00510599622658552,0.00680799496878069),
 .UNSPECIFIED.);
#93=B_SPLINE_CURVE_WITH_KNOTS('',3,(#11205,#11206,#11207,#11208,#11209,
#11210),.UNSPECIFIED.,.F.,.F.,(4,1,1,4),(0.,0.4903387005028,0.735508050754201,
0.980677401005601),.UNSPECIFIED.);
#94=B_SPLINE_CURVE_WITH_KNOTS('',3,(#11212,#11213,#11214,#11215,#11216,
#11217,#11218),.UNSPECIFIED.,.F.,.F.,(4,3,4),(0.319308215549425,0.918710905506305,
0.972645354633634),.PIECEWISE_BEZIER_KNOTS.);
#95=B_SPLINE_CURVE_WITH_KNOTS('',3,(#11220,#11221,#11222,#11223,#11224,
#11225,#11226,#11227,#11228),.UNSPECIFIED.,.F.,.F.,(4,1,1,1,1,1,4),(0.,
0.249997249512636,0.374995874268954,0.499994499025272,0.62499312378159,
0.749991748537908,0.999988998050545),.UNSPECIFIED.);
#96=B_SPLINE_CURVE_WITH_KNOTS('',3,(#11237,#11238,#11239,#11240),
 .UNSPECIFIED.,.F.,.F.,(4,4),(0.,0.00322954322072787),.UNSPECIFIED.);
#97=B_SPLINE_CURVE_WITH_KNOTS('',3,(#11242,#11243,#11244,#11245),
 .UNSPECIFIED.,.F.,.F.,(4,4),(0.,1.),.UNSPECIFIED.);
#98=B_SPLINE_CURVE_WITH_KNOTS('',3,(#11247,#11248,#11249,#11250),
 .UNSPECIFIED.,.F.,.F.,(4,4),(0.,1.),.UNSPECIFIED.);
#99=B_SPLINE_CURVE_WITH_KNOTS('',3,(#11523,#11524,#11525,#11526),
 .UNSPECIFIED.,.F.,.F.,(4,4),(0.,0.00145831851082917),.UNSPECIFIED.);
#100=B_SPLINE_CURVE_WITH_KNOTS('',3,(#11528,#11529,#11530,#11531,#11532),
 .UNSPECIFIED.,.F.,.F.,(4,1,4),(0.,0.000331181896286624,0.000662363792573248),
 .UNSPECIFIED.);
#101=B_SPLINE_CURVE_WITH_KNOTS('',3,(#11567,#11568,#11569,#11570,#11571),
 .UNSPECIFIED.,.F.,.F.,(4,1,4),(0.,0.000406118157671882,0.000812236315343765),
 .UNSPECIFIED.);
#102=B_SPLINE_CURVE_WITH_KNOTS('',3,(#11575,#11576,#11577,#11578),
 .UNSPECIFIED.,.F.,.F.,(4,4),(0.,0.00162744231185996),.UNSPECIFIED.);
#103=B_SPLINE_CURVE_WITH_KNOTS('',3,(#11588,#11589,#11590,#11591),
 .UNSPECIFIED.,.F.,.F.,(4,4),(-0.000215492790023236,0.000216524573753554),
 .UNSPECIFIED.);
#104=B_SPLINE_CURVE_WITH_KNOTS('',3,(#11593,#11594,#11595,#11596),
 .UNSPECIFIED.,.F.,.F.,(4,4),(-0.000152458945862752,0.000153586855590733),
 .UNSPECIFIED.);
#105=B_SPLINE_CURVE_WITH_KNOTS('',3,(#11709,#11710,#11711,#11712),
 .UNSPECIFIED.,.F.,.F.,(4,4),(1.90029435765254E-17,0.000782240379052696),
 .UNSPECIFIED.);
#106=B_SPLINE_CURVE_WITH_KNOTS('',3,(#11733,#11734,#11735,#11736),
 .UNSPECIFIED.,.F.,.F.,(4,4),(4.99947911605149E-14,0.000782240379570779),
 .UNSPECIFIED.);
#107=B_SPLINE_CURVE_WITH_KNOTS('',3,(#11780,#11781,#11782,#11783,#11784),
 .UNSPECIFIED.,.F.,.F.,(4,1,4),(0.,0.000460322754577574,0.000920645509155147),
 .UNSPECIFIED.);
#108=CYLINDRICAL_SURFACE('',#7161,0.00250000000000014);
#109=CYLINDRICAL_SURFACE('',#7169,0.0025);
#110=CYLINDRICAL_SURFACE('',#7250,0.00592520670753166);
#111=CYLINDRICAL_SURFACE('',#7254,0.0045655597899771);
#112=CYLINDRICAL_SURFACE('',#7276,0.00584101104504388);
#113=CYLINDRICAL_SURFACE('',#7279,0.00447136564054396);
#114=CYLINDRICAL_SURFACE('',#7288,0.00250000000000014);
#115=CYLINDRICAL_SURFACE('',#7329,0.005);
#116=CYLINDRICAL_SURFACE('',#7342,0.001375);
#117=CYLINDRICAL_SURFACE('',#7349,0.0016);
#118=CYLINDRICAL_SURFACE('',#7362,0.005);
#119=CYLINDRICAL_SURFACE('',#7364,0.002);
#120=CYLINDRICAL_SURFACE('',#7368,0.003);
#121=CYLINDRICAL_SURFACE('',#7370,0.00225);
#122=CYLINDRICAL_SURFACE('',#7372,0.003);
#123=CYLINDRICAL_SURFACE('',#7376,0.005);
#124=CYLINDRICAL_SURFACE('',#7380,0.005);
#125=CYLINDRICAL_SURFACE('',#7382,0.0223586579649686);
#126=CYLINDRICAL_SURFACE('',#7383,0.0032);
#127=CYLINDRICAL_SURFACE('',#7386,0.0205586579649686);
#128=CYLINDRICAL_SURFACE('',#7389,0.0205586579649686);
#129=CYLINDRICAL_SURFACE('',#7392,0.0016);
#130=CYLINDRICAL_SURFACE('',#7400,0.002);
#131=CYLINDRICAL_SURFACE('',#7402,0.005);
#132=CYLINDRICAL_SURFACE('',#7409,0.005);
#133=CYLINDRICAL_SURFACE('',#7413,0.001375);
#134=CYLINDRICAL_SURFACE('',#7414,0.003);
#135=CYLINDRICAL_SURFACE('',#7418,0.005);
#136=CYLINDRICAL_SURFACE('',#7421,0.0032);
#137=CYLINDRICAL_SURFACE('',#7423,0.0223586579649686);
#138=CYLINDRICAL_SURFACE('',#7427,0.00225);
#139=CYLINDRICAL_SURFACE('',#7430,0.003);
#140=CYLINDRICAL_SURFACE('',#7462,0.002);
#141=CYLINDRICAL_SURFACE('',#7463,0.002);
#142=CYLINDRICAL_SURFACE('',#7464,0.001);
#143=CYLINDRICAL_SURFACE('',#7466,0.0005);
#144=CYLINDRICAL_SURFACE('',#7468,0.0005);
#145=CYLINDRICAL_SURFACE('',#7470,0.001);
#146=CYLINDRICAL_SURFACE('',#7472,0.0005);
#147=CYLINDRICAL_SURFACE('',#7475,0.0005);
#148=CYLINDRICAL_SURFACE('',#7478,0.0005);
#149=CYLINDRICAL_SURFACE('',#7483,0.002);
#150=CYLINDRICAL_SURFACE('',#7485,0.002);
#151=CYLINDRICAL_SURFACE('',#7486,0.002);
#152=CYLINDRICAL_SURFACE('',#7488,0.002);
#153=CYLINDRICAL_SURFACE('',#7489,0.002);
#154=CYLINDRICAL_SURFACE('',#7492,0.002);
#155=CYLINDRICAL_SURFACE('',#7500,0.002);
#156=CYLINDRICAL_SURFACE('',#7515,0.002);
#157=CYLINDRICAL_SURFACE('',#7520,0.002);
#158=CYLINDRICAL_SURFACE('',#7521,0.002);
#159=CYLINDRICAL_SURFACE('',#7530,0.002);
#160=CYLINDRICAL_SURFACE('',#7531,0.002);
#161=CYLINDRICAL_SURFACE('',#7532,0.002);
#162=CYLINDRICAL_SURFACE('',#7538,0.002);
#163=CYLINDRICAL_SURFACE('',#7539,0.002);
#164=CYLINDRICAL_SURFACE('',#7540,0.0012);
#165=CYLINDRICAL_SURFACE('',#7544,0.0012);
#166=CYLINDRICAL_SURFACE('',#7548,0.003);
#167=CYLINDRICAL_SURFACE('',#7549,0.001);
#168=CYLINDRICAL_SURFACE('',#7552,0.001);
#169=CYLINDRICAL_SURFACE('',#7565,0.0310000000000321);
#170=CYLINDRICAL_SURFACE('',#7576,0.0310000000000321);
#171=CYLINDRICAL_SURFACE('',#7577,0.003);
#172=CYLINDRICAL_SURFACE('',#7578,0.003);
#173=CYLINDRICAL_SURFACE('',#7583,0.002);
#174=CYLINDRICAL_SURFACE('',#7592,0.00075);
#175=CYLINDRICAL_SURFACE('',#7593,0.00075);
#176=CYLINDRICAL_SURFACE('',#7594,0.00075);
#177=CYLINDRICAL_SURFACE('',#7595,0.00075);
#178=CYLINDRICAL_SURFACE('',#7596,0.003);
#179=CYLINDRICAL_SURFACE('',#7597,0.003);
#180=CYLINDRICAL_SURFACE('',#7598,0.001375);
#181=CYLINDRICAL_SURFACE('',#7600,0.002);
#182=CYLINDRICAL_SURFACE('',#7601,0.001375);
#183=CYLINDRICAL_SURFACE('',#7603,0.002);
#184=CYLINDRICAL_SURFACE('',#7604,0.003);
#185=CYLINDRICAL_SURFACE('',#7605,0.003);
#186=CYLINDRICAL_SURFACE('',#7606,0.003);
#187=CYLINDRICAL_SURFACE('',#7614,0.0012);
#188=CYLINDRICAL_SURFACE('',#7615,0.001);
#189=CYLINDRICAL_SURFACE('',#7618,0.001);
#190=CYLINDRICAL_SURFACE('',#7620,0.0012);
#191=CYLINDRICAL_SURFACE('',#7621,0.0012);
#192=CYLINDRICAL_SURFACE('',#7622,0.0012);
#193=CYLINDRICAL_SURFACE('',#7623,0.0012);
#194=CYLINDRICAL_SURFACE('',#7624,0.001);
#195=CYLINDRICAL_SURFACE('',#7625,0.001);
#196=CYLINDRICAL_SURFACE('',#7629,0.0021);
#197=CYLINDRICAL_SURFACE('',#7632,0.0021);
#198=CYLINDRICAL_SURFACE('',#7636,0.001);
#199=CYLINDRICAL_SURFACE('',#7640,0.001);
#200=CYLINDRICAL_SURFACE('',#7641,0.001);
#201=CYLINDRICAL_SURFACE('',#7647,0.00250000000000014);
#202=CYLINDRICAL_SURFACE('',#7661,0.002);
#203=CYLINDRICAL_SURFACE('',#7664,0.002);
#204=CYLINDRICAL_SURFACE('',#7665,0.00049);
#205=CYLINDRICAL_SURFACE('',#7669,0.00049);
#206=CYLINDRICAL_SURFACE('',#7670,0.00049);
#207=CYLINDRICAL_SURFACE('',#7674,0.00049);
#208=CYLINDRICAL_SURFACE('',#7685,0.0014);
#209=CYLINDRICAL_SURFACE('',#7688,0.0014);
#210=CYLINDRICAL_SURFACE('',#7691,0.0014);
#211=CYLINDRICAL_SURFACE('',#7694,0.0014);
#212=CYLINDRICAL_SURFACE('',#7697,0.0026);
#213=CYLINDRICAL_SURFACE('',#7702,0.0025);
#214=CYLINDRICAL_SURFACE('',#7703,0.0025);
#215=CYLINDRICAL_SURFACE('',#7707,0.0029);
#216=CYLINDRICAL_SURFACE('',#7710,0.001);
#217=CYLINDRICAL_SURFACE('',#7711,0.001);
#218=CYLINDRICAL_SURFACE('',#7714,0.0029);
#219=CYLINDRICAL_SURFACE('',#7724,0.002);
#220=CYLINDRICAL_SURFACE('',#7725,0.002);
#221=CYLINDRICAL_SURFACE('',#7730,0.002);
#222=CYLINDRICAL_SURFACE('',#7731,0.002);
#223=CYLINDRICAL_SURFACE('',#7732,0.0021);
#224=CYLINDRICAL_SURFACE('',#7733,0.0021);
#225=CYLINDRICAL_SURFACE('',#7734,0.0007);
#226=CYLINDRICAL_SURFACE('',#7735,0.0007);
#227=CYLINDRICAL_SURFACE('',#7736,0.0007);
#228=CYLINDRICAL_SURFACE('',#7737,0.0007);
#229=CYLINDRICAL_SURFACE('',#7772,0.0024);
#230=CYLINDRICAL_SURFACE('',#7773,0.0024);
#231=CIRCLE('',#7160,0.00250000000000014);
#232=CIRCLE('',#7162,0.00250000000000014);
#233=CIRCLE('',#7167,0.0025);
#234=CIRCLE('',#7170,0.0025);
#235=CIRCLE('',#7172,0.0015);
#236=CIRCLE('',#7173,0.00375);
#237=CIRCLE('',#7174,0.0015);
#238=CIRCLE('',#7175,0.0035);
#239=CIRCLE('',#7176,0.002);
#240=CIRCLE('',#7177,0.00049);
#241=CIRCLE('',#7178,0.00049);
#242=CIRCLE('',#7179,0.001);
#243=CIRCLE('',#7180,0.001);
#244=CIRCLE('',#7181,0.0035);
#245=CIRCLE('',#7182,0.0015);
#246=CIRCLE('',#7183,0.00375);
#247=CIRCLE('',#7184,0.0015);
#248=CIRCLE('',#7185,0.00447136564054396);
#249=CIRCLE('',#7186,0.002);
#250=CIRCLE('',#7187,0.002);
#251=CIRCLE('',#7188,0.0012);
#252=CIRCLE('',#7189,0.0012);
#253=CIRCLE('',#7190,0.001);
#254=CIRCLE('',#7191,0.003);
#255=CIRCLE('',#7192,0.002);
#256=CIRCLE('',#7193,0.003);
#257=CIRCLE('',#7194,0.003);
#258=CIRCLE('',#7195,0.002);
#259=CIRCLE('',#7196,0.003);
#260=CIRCLE('',#7197,0.001);
#261=CIRCLE('',#7198,0.0012);
#262=CIRCLE('',#7199,0.0012);
#263=CIRCLE('',#7200,0.002);
#264=CIRCLE('',#7201,0.002);
#265=CIRCLE('',#7202,0.0045655597899771);
#266=CIRCLE('',#7203,0.001);
#267=CIRCLE('',#7204,0.0005);
#268=CIRCLE('',#7205,0.0005);
#269=CIRCLE('',#7206,0.0005);
#270=CIRCLE('',#7207,0.0005);
#271=CIRCLE('',#7208,0.0005);
#272=CIRCLE('',#7209,0.001);
#273=CIRCLE('',#7211,0.00250000000000014);
#274=CIRCLE('',#7219,0.0025);
#275=CIRCLE('',#7221,0.0025);
#276=CIRCLE('',#7223,0.0025);
#277=CIRCLE('',#7225,0.001);
#278=CIRCLE('',#7226,0.0029);
#279=CIRCLE('',#7227,0.0026);
#280=CIRCLE('',#7228,0.001);
#281=CIRCLE('',#7229,0.001);
#282=CIRCLE('',#7230,0.0029);
#283=CIRCLE('',#7232,0.001);
#284=CIRCLE('',#7233,0.0029);
#285=CIRCLE('',#7234,0.0026);
#286=CIRCLE('',#7235,0.001);
#287=CIRCLE('',#7236,0.001);
#288=CIRCLE('',#7237,0.001);
#289=CIRCLE('',#7238,0.001);
#290=CIRCLE('',#7239,0.001);
#291=CIRCLE('',#7240,0.001);
#292=CIRCLE('',#7241,0.0029);
#293=CIRCLE('',#7243,0.001375);
#294=CIRCLE('',#7244,0.0045655597899771);
#295=CIRCLE('',#7245,0.00592520670753166);
#296=CIRCLE('',#7246,0.003);
#297=CIRCLE('',#7247,0.003);
#298=CIRCLE('',#7248,0.00225);
#299=CIRCLE('',#7249,0.003);
#300=CIRCLE('',#7251,0.00592520670753195);
#301=CIRCLE('',#7253,0.00075);
#302=CIRCLE('',#7256,0.0012);
#303=CIRCLE('',#7257,0.0012);
#304=CIRCLE('',#7258,0.001);
#305=CIRCLE('',#7259,0.003);
#306=CIRCLE('',#7260,0.002);
#307=CIRCLE('',#7261,0.003);
#308=CIRCLE('',#7262,0.003);
#309=CIRCLE('',#7263,0.002);
#310=CIRCLE('',#7264,0.003);
#311=CIRCLE('',#7265,0.001);
#312=CIRCLE('',#7266,0.0012);
#313=CIRCLE('',#7267,0.0012);
#314=CIRCLE('',#7268,0.0012);
#315=CIRCLE('',#7269,0.002);
#316=CIRCLE('',#7270,0.002);
#317=CIRCLE('',#7271,0.002);
#318=CIRCLE('',#7272,0.002);
#319=CIRCLE('',#7273,0.001375);
#320=CIRCLE('',#7274,0.001375);
#321=CIRCLE('',#7277,0.00584101104504388);
#322=CIRCLE('',#7278,0.00584101104504388);
#323=CIRCLE('',#7280,0.00447136564054396);
#324=CIRCLE('',#7289,0.00250000000000014);
#325=CIRCLE('',#7290,0.00250000000000014);
#326=CIRCLE('',#7301,0.002);
#327=CIRCLE('',#7302,0.002);
#328=CIRCLE('',#7303,0.002);
#329=CIRCLE('',#7304,0.002);
#330=CIRCLE('',#7305,0.002);
#331=CIRCLE('',#7306,0.002);
#332=CIRCLE('',#7307,0.002);
#333=CIRCLE('',#7308,0.002);
#334=CIRCLE('',#7309,0.002);
#335=CIRCLE('',#7310,0.002);
#336=CIRCLE('',#7318,0.0014);
#337=CIRCLE('',#7319,0.0014);
#338=CIRCLE('',#7320,0.005);
#339=CIRCLE('',#7321,0.0205586579649686);
#340=CIRCLE('',#7322,0.0032);
#341=CIRCLE('',#7323,0.0223586579649686);
#342=CIRCLE('',#7325,0.005);
#343=CIRCLE('',#7327,0.003);
#344=CIRCLE('',#7328,0.003);
#345=CIRCLE('',#7330,0.005);
#346=CIRCLE('',#7341,0.001375);
#347=CIRCLE('',#7343,0.001375);
#348=CIRCLE('',#7347,0.002);
#349=CIRCLE('',#7348,0.0016);
#350=CIRCLE('',#7352,0.003);
#351=CIRCLE('',#7353,0.00225);
#352=CIRCLE('',#7354,0.003);
#353=CIRCLE('',#7355,0.003);
#354=CIRCLE('',#7357,0.005);
#355=CIRCLE('',#7363,0.005);
#356=CIRCLE('',#7365,0.002);
#357=CIRCLE('',#7367,0.0205586579649686);
#358=CIRCLE('',#7369,0.003);
#359=CIRCLE('',#7371,0.00225);
#360=CIRCLE('',#7373,0.003);
#361=CIRCLE('',#7377,0.005);
#362=CIRCLE('',#7390,0.0205586579649686);
#363=CIRCLE('',#7391,0.0205586579649686);
#364=CIRCLE('',#7393,0.0016);
#365=CIRCLE('',#7395,0.002);
#366=CIRCLE('',#7397,0.005);
#367=CIRCLE('',#7399,0.001375);
#368=CIRCLE('',#7401,0.002);
#369=CIRCLE('',#7403,0.005);
#370=CIRCLE('',#7410,0.005);
#371=CIRCLE('',#7412,0.005);
#372=CIRCLE('',#7415,0.003);
#373=CIRCLE('',#7422,0.0032);
#374=CIRCLE('',#7424,0.0223586579649686);
#375=CIRCLE('',#7428,0.00225);
#376=CIRCLE('',#7431,0.003);
#377=CIRCLE('',#7436,0.0014);
#378=CIRCLE('',#7437,0.0014);
#379=CIRCLE('',#7441,0.002);
#380=CIRCLE('',#7443,0.003);
#381=CIRCLE('',#7444,0.003);
#382=CIRCLE('',#7446,0.001);
#383=CIRCLE('',#7447,0.001);
#384=CIRCLE('',#7458,0.0310000000000321);
#385=CIRCLE('',#7460,0.0310000000000321);
#386=CIRCLE('',#7465,0.001);
#387=CIRCLE('',#7467,0.0005);
#388=CIRCLE('',#7469,0.0005);
#389=CIRCLE('',#7471,0.001);
#390=CIRCLE('',#7473,0.0005);
#391=CIRCLE('',#7476,0.0005);
#392=CIRCLE('',#7479,0.0005);
#393=CIRCLE('',#7497,0.00075);
#394=CIRCLE('',#7502,0.0024);
#395=CIRCLE('',#7506,0.0024);
#396=CIRCLE('',#7508,0.0007);
#397=CIRCLE('',#7509,0.0007);
#398=CIRCLE('',#7510,0.0021);
#399=CIRCLE('',#7511,0.002);
#400=CIRCLE('',#7512,0.002);
#401=CIRCLE('',#7523,0.0007);
#402=CIRCLE('',#7524,0.0007);
#403=CIRCLE('',#7525,0.0021);
#404=CIRCLE('',#7526,0.002);
#405=CIRCLE('',#7527,0.002);
#406=CIRCLE('',#7541,0.0012);
#407=CIRCLE('',#7542,0.0012);
#408=CIRCLE('',#7545,0.0012);
#409=CIRCLE('',#7547,0.0012);
#410=CIRCLE('',#7550,0.001);
#411=CIRCLE('',#7553,0.001);
#412=CIRCLE('',#7563,0.00151);
#413=CIRCLE('',#7564,0.002);
#414=CIRCLE('',#7570,0.0024);
#415=CIRCLE('',#7573,0.0024);
#416=CIRCLE('',#7581,0.002);
#417=CIRCLE('',#7582,0.00151);
#418=CIRCLE('',#7586,0.00049);
#419=CIRCLE('',#7587,0.00049);
#420=CIRCLE('',#7599,0.001375);
#421=CIRCLE('',#7602,0.001375);
#422=CIRCLE('',#7630,0.0021);
#423=CIRCLE('',#7633,0.0021);
#424=CIRCLE('',#7643,0.0025);
#425=CIRCLE('',#7648,0.00250000000000014);
#426=CIRCLE('',#7653,0.0007);
#427=CIRCLE('',#7654,0.0007);
#428=CIRCLE('',#7655,0.0021);
#429=CIRCLE('',#7656,0.002);
#430=CIRCLE('',#7657,0.002);
#431=CIRCLE('',#7662,0.002);
#432=CIRCLE('',#7663,0.002);
#433=CIRCLE('',#7666,0.00049);
#434=CIRCLE('',#7668,0.00049);
#435=CIRCLE('',#7671,0.00049);
#436=CIRCLE('',#7673,0.00049);
#437=CIRCLE('',#7686,0.0014);
#438=CIRCLE('',#7689,0.0014);
#439=CIRCLE('',#7692,0.0014);
#440=CIRCLE('',#7695,0.0014);
#441=CIRCLE('',#7718,0.0007);
#442=CIRCLE('',#7719,0.0007);
#443=CIRCLE('',#7720,0.0021);
#444=CIRCLE('',#7721,0.002);
#445=CIRCLE('',#7722,0.002);
#446=ORIENTED_EDGE('',*,*,#2484,.F.);
#447=ORIENTED_EDGE('',*,*,#2485,.T.);
#448=ORIENTED_EDGE('',*,*,#2486,.T.);
#449=ORIENTED_EDGE('',*,*,#2487,.T.);
#450=ORIENTED_EDGE('',*,*,#2488,.F.);
#451=ORIENTED_EDGE('',*,*,#2489,.T.);
#452=ORIENTED_EDGE('',*,*,#2490,.T.);
#453=ORIENTED_EDGE('',*,*,#2491,.F.);
#454=ORIENTED_EDGE('',*,*,#2486,.F.);
#455=ORIENTED_EDGE('',*,*,#2492,.T.);
#456=ORIENTED_EDGE('',*,*,#2491,.T.);
#457=ORIENTED_EDGE('',*,*,#2493,.T.);
#458=ORIENTED_EDGE('',*,*,#2494,.F.);
#459=ORIENTED_EDGE('',*,*,#2484,.T.);
#460=ORIENTED_EDGE('',*,*,#2495,.T.);
#461=ORIENTED_EDGE('',*,*,#2496,.F.);
#462=ORIENTED_EDGE('',*,*,#2497,.T.);
#463=ORIENTED_EDGE('',*,*,#2498,.T.);
#464=ORIENTED_EDGE('',*,*,#2499,.F.);
#465=ORIENTED_EDGE('',*,*,#2500,.F.);
#466=ORIENTED_EDGE('',*,*,#2501,.F.);
#467=ORIENTED_EDGE('',*,*,#2502,.T.);
#468=ORIENTED_EDGE('',*,*,#2503,.F.);
#469=ORIENTED_EDGE('',*,*,#2504,.F.);
#470=ORIENTED_EDGE('',*,*,#2505,.F.);
#471=ORIENTED_EDGE('',*,*,#2506,.T.);
#472=ORIENTED_EDGE('',*,*,#2507,.T.);
#473=ORIENTED_EDGE('',*,*,#2489,.F.);
#474=ORIENTED_EDGE('',*,*,#2508,.F.);
#475=ORIENTED_EDGE('',*,*,#2509,.T.);
#476=ORIENTED_EDGE('',*,*,#2510,.T.);
#477=ORIENTED_EDGE('',*,*,#2511,.T.);
#478=ORIENTED_EDGE('',*,*,#2512,.F.);
#479=ORIENTED_EDGE('',*,*,#2508,.T.);
#480=ORIENTED_EDGE('',*,*,#2513,.F.);
#481=ORIENTED_EDGE('',*,*,#2514,.F.);
#482=ORIENTED_EDGE('',*,*,#2515,.F.);
#483=ORIENTED_EDGE('',*,*,#2514,.T.);
#484=ORIENTED_EDGE('',*,*,#2516,.T.);
#485=ORIENTED_EDGE('',*,*,#2517,.F.);
#486=ORIENTED_EDGE('',*,*,#2518,.F.);
#487=ORIENTED_EDGE('',*,*,#2519,.T.);
#488=ORIENTED_EDGE('',*,*,#2520,.T.);
#489=ORIENTED_EDGE('',*,*,#2521,.T.);
#490=ORIENTED_EDGE('',*,*,#2522,.F.);
#491=ORIENTED_EDGE('',*,*,#2523,.T.);
#492=ORIENTED_EDGE('',*,*,#2524,.F.);
#493=ORIENTED_EDGE('',*,*,#2525,.T.);
#494=ORIENTED_EDGE('',*,*,#2526,.T.);
#495=ORIENTED_EDGE('',*,*,#2527,.T.);
#496=ORIENTED_EDGE('',*,*,#2528,.F.);
#497=ORIENTED_EDGE('',*,*,#2529,.F.);
#498=ORIENTED_EDGE('',*,*,#2530,.F.);
#499=ORIENTED_EDGE('',*,*,#2531,.T.);
#500=ORIENTED_EDGE('',*,*,#2532,.F.);
#501=ORIENTED_EDGE('',*,*,#2533,.F.);
#502=ORIENTED_EDGE('',*,*,#2534,.F.);
#503=ORIENTED_EDGE('',*,*,#2535,.T.);
#504=ORIENTED_EDGE('',*,*,#2536,.T.);
#505=ORIENTED_EDGE('',*,*,#2520,.F.);
#506=ORIENTED_EDGE('',*,*,#2537,.F.);
#507=ORIENTED_EDGE('',*,*,#2538,.T.);
#508=ORIENTED_EDGE('',*,*,#2539,.F.);
#509=ORIENTED_EDGE('',*,*,#2540,.T.);
#510=ORIENTED_EDGE('',*,*,#2538,.F.);
#511=ORIENTED_EDGE('',*,*,#2541,.T.);
#512=ORIENTED_EDGE('',*,*,#2542,.T.);
#513=ORIENTED_EDGE('',*,*,#2543,.T.);
#514=ORIENTED_EDGE('',*,*,#2544,.F.);
#515=ORIENTED_EDGE('',*,*,#2545,.T.);
#516=ORIENTED_EDGE('',*,*,#2546,.T.);
#517=ORIENTED_EDGE('',*,*,#2547,.F.);
#518=ORIENTED_EDGE('',*,*,#2548,.F.);
#519=ORIENTED_EDGE('',*,*,#2549,.T.);
#520=ORIENTED_EDGE('',*,*,#2550,.T.);
#521=ORIENTED_EDGE('',*,*,#2551,.T.);
#522=ORIENTED_EDGE('',*,*,#2552,.F.);
#523=ORIENTED_EDGE('',*,*,#2553,.T.);
#524=ORIENTED_EDGE('',*,*,#2554,.F.);
#525=ORIENTED_EDGE('',*,*,#2555,.F.);
#526=ORIENTED_EDGE('',*,*,#2556,.F.);
#527=ORIENTED_EDGE('',*,*,#2540,.F.);
#528=ORIENTED_EDGE('',*,*,#2557,.F.);
#529=ORIENTED_EDGE('',*,*,#2558,.T.);
#530=ORIENTED_EDGE('',*,*,#2559,.T.);
#531=ORIENTED_EDGE('',*,*,#2560,.T.);
#532=ORIENTED_EDGE('',*,*,#2561,.T.);
#533=ORIENTED_EDGE('',*,*,#2562,.T.);
#534=ORIENTED_EDGE('',*,*,#2563,.T.);
#535=ORIENTED_EDGE('',*,*,#2564,.T.);
#536=ORIENTED_EDGE('',*,*,#2565,.T.);
#537=ORIENTED_EDGE('',*,*,#2566,.T.);
#538=ORIENTED_EDGE('',*,*,#2567,.T.);
#539=ORIENTED_EDGE('',*,*,#2568,.T.);
#540=ORIENTED_EDGE('',*,*,#2569,.F.);
#541=ORIENTED_EDGE('',*,*,#2570,.F.);
#542=ORIENTED_EDGE('',*,*,#2571,.T.);
#543=ORIENTED_EDGE('',*,*,#2572,.T.);
#544=ORIENTED_EDGE('',*,*,#2573,.F.);
#545=ORIENTED_EDGE('',*,*,#2574,.T.);
#546=ORIENTED_EDGE('',*,*,#2575,.F.);
#547=ORIENTED_EDGE('',*,*,#2576,.T.);
#548=ORIENTED_EDGE('',*,*,#2577,.F.);
#549=ORIENTED_EDGE('',*,*,#2578,.T.);
#550=ORIENTED_EDGE('',*,*,#2579,.T.);
#551=ORIENTED_EDGE('',*,*,#2580,.T.);
#552=ORIENTED_EDGE('',*,*,#2581,.T.);
#553=ORIENTED_EDGE('',*,*,#2582,.T.);
#554=ORIENTED_EDGE('',*,*,#2583,.T.);
#555=ORIENTED_EDGE('',*,*,#2584,.F.);
#556=ORIENTED_EDGE('',*,*,#2585,.T.);
#557=ORIENTED_EDGE('',*,*,#2586,.F.);
#558=ORIENTED_EDGE('',*,*,#2587,.T.);
#559=ORIENTED_EDGE('',*,*,#2588,.F.);
#560=ORIENTED_EDGE('',*,*,#2589,.T.);
#561=ORIENTED_EDGE('',*,*,#2590,.T.);
#562=ORIENTED_EDGE('',*,*,#2591,.T.);
#563=ORIENTED_EDGE('',*,*,#2592,.T.);
#564=ORIENTED_EDGE('',*,*,#2593,.T.);
#565=ORIENTED_EDGE('',*,*,#2594,.T.);
#566=ORIENTED_EDGE('',*,*,#2595,.T.);
#567=ORIENTED_EDGE('',*,*,#2596,.T.);
#568=ORIENTED_EDGE('',*,*,#2597,.T.);
#569=ORIENTED_EDGE('',*,*,#2598,.F.);
#570=ORIENTED_EDGE('',*,*,#2599,.T.);
#571=ORIENTED_EDGE('',*,*,#2600,.F.);
#572=ORIENTED_EDGE('',*,*,#2601,.T.);
#573=ORIENTED_EDGE('',*,*,#2602,.F.);
#574=ORIENTED_EDGE('',*,*,#2603,.F.);
#575=ORIENTED_EDGE('',*,*,#2604,.F.);
#576=ORIENTED_EDGE('',*,*,#2605,.F.);
#577=ORIENTED_EDGE('',*,*,#2551,.F.);
#578=ORIENTED_EDGE('',*,*,#2606,.F.);
#579=ORIENTED_EDGE('',*,*,#2528,.T.);
#580=ORIENTED_EDGE('',*,*,#2607,.F.);
#581=ORIENTED_EDGE('',*,*,#2608,.T.);
#582=ORIENTED_EDGE('',*,*,#2609,.T.);
#583=ORIENTED_EDGE('',*,*,#2610,.F.);
#584=ORIENTED_EDGE('',*,*,#2611,.T.);
#585=ORIENTED_EDGE('',*,*,#2612,.F.);
#586=ORIENTED_EDGE('',*,*,#2613,.T.);
#587=ORIENTED_EDGE('',*,*,#2614,.T.);
#588=ORIENTED_EDGE('',*,*,#2615,.T.);
#589=ORIENTED_EDGE('',*,*,#2616,.T.);
#590=ORIENTED_EDGE('',*,*,#2617,.T.);
#591=ORIENTED_EDGE('',*,*,#2618,.T.);
#592=ORIENTED_EDGE('',*,*,#2619,.T.);
#593=ORIENTED_EDGE('',*,*,#2620,.T.);
#594=ORIENTED_EDGE('',*,*,#2621,.T.);
#595=ORIENTED_EDGE('',*,*,#2622,.T.);
#596=ORIENTED_EDGE('',*,*,#2623,.T.);
#597=ORIENTED_EDGE('',*,*,#2624,.T.);
#598=ORIENTED_EDGE('',*,*,#2625,.T.);
#599=ORIENTED_EDGE('',*,*,#2626,.F.);
#600=ORIENTED_EDGE('',*,*,#2627,.T.);
#601=ORIENTED_EDGE('',*,*,#2628,.T.);
#602=ORIENTED_EDGE('',*,*,#2629,.T.);
#603=ORIENTED_EDGE('',*,*,#2630,.T.);
#604=ORIENTED_EDGE('',*,*,#2499,.T.);
#605=ORIENTED_EDGE('',*,*,#2631,.T.);
#606=ORIENTED_EDGE('',*,*,#2632,.F.);
#607=ORIENTED_EDGE('',*,*,#2633,.F.);
#608=ORIENTED_EDGE('',*,*,#2634,.F.);
#609=ORIENTED_EDGE('',*,*,#2635,.F.);
#610=ORIENTED_EDGE('',*,*,#2636,.F.);
#611=ORIENTED_EDGE('',*,*,#2637,.T.);
#612=ORIENTED_EDGE('',*,*,#2638,.T.);
#613=ORIENTED_EDGE('',*,*,#2639,.T.);
#614=ORIENTED_EDGE('',*,*,#2640,.T.);
#615=ORIENTED_EDGE('',*,*,#2641,.T.);
#616=ORIENTED_EDGE('',*,*,#2642,.T.);
#617=ORIENTED_EDGE('',*,*,#2643,.T.);
#618=ORIENTED_EDGE('',*,*,#2644,.T.);
#619=ORIENTED_EDGE('',*,*,#2645,.T.);
#620=ORIENTED_EDGE('',*,*,#2646,.T.);
#621=ORIENTED_EDGE('',*,*,#2647,.T.);
#622=ORIENTED_EDGE('',*,*,#2648,.T.);
#623=ORIENTED_EDGE('',*,*,#2649,.T.);
#624=ORIENTED_EDGE('',*,*,#2650,.T.);
#625=ORIENTED_EDGE('',*,*,#2651,.F.);
#626=ORIENTED_EDGE('',*,*,#2652,.F.);
#627=ORIENTED_EDGE('',*,*,#2653,.T.);
#628=ORIENTED_EDGE('',*,*,#2654,.T.);
#629=ORIENTED_EDGE('',*,*,#2655,.T.);
#630=ORIENTED_EDGE('',*,*,#2506,.F.);
#631=ORIENTED_EDGE('',*,*,#2656,.T.);
#632=ORIENTED_EDGE('',*,*,#2657,.T.);
#633=ORIENTED_EDGE('',*,*,#2504,.T.);
#634=ORIENTED_EDGE('',*,*,#2658,.T.);
#635=ORIENTED_EDGE('',*,*,#2659,.T.);
#636=ORIENTED_EDGE('',*,*,#2660,.F.);
#637=ORIENTED_EDGE('',*,*,#2661,.F.);
#638=ORIENTED_EDGE('',*,*,#2662,.F.);
#639=ORIENTED_EDGE('',*,*,#2502,.F.);
#640=ORIENTED_EDGE('',*,*,#2663,.F.);
#641=ORIENTED_EDGE('',*,*,#2664,.F.);
#642=ORIENTED_EDGE('',*,*,#2665,.F.);
#643=ORIENTED_EDGE('',*,*,#2555,.T.);
#644=ORIENTED_EDGE('',*,*,#2666,.T.);
#645=ORIENTED_EDGE('',*,*,#2524,.T.);
#646=ORIENTED_EDGE('',*,*,#2667,.T.);
#647=ORIENTED_EDGE('',*,*,#2668,.F.);
#648=ORIENTED_EDGE('',*,*,#2521,.F.);
#649=ORIENTED_EDGE('',*,*,#2536,.F.);
#650=ORIENTED_EDGE('',*,*,#2669,.F.);
#651=ORIENTED_EDGE('',*,*,#2670,.F.);
#652=ORIENTED_EDGE('',*,*,#2671,.T.);
#653=ORIENTED_EDGE('',*,*,#2532,.T.);
#654=ORIENTED_EDGE('',*,*,#2672,.F.);
#655=ORIENTED_EDGE('',*,*,#2673,.F.);
#656=ORIENTED_EDGE('',*,*,#2674,.F.);
#657=ORIENTED_EDGE('',*,*,#2675,.T.);
#658=ORIENTED_EDGE('',*,*,#2676,.F.);
#659=ORIENTED_EDGE('',*,*,#2547,.T.);
#660=ORIENTED_EDGE('',*,*,#2677,.T.);
#661=ORIENTED_EDGE('',*,*,#2678,.T.);
#662=ORIENTED_EDGE('',*,*,#2679,.F.);
#663=ORIENTED_EDGE('',*,*,#2543,.F.);
#664=ORIENTED_EDGE('',*,*,#2680,.F.);
#665=ORIENTED_EDGE('',*,*,#2557,.T.);
#666=ORIENTED_EDGE('',*,*,#2539,.T.);
#667=ORIENTED_EDGE('',*,*,#2681,.F.);
#668=ORIENTED_EDGE('',*,*,#2558,.F.);
#669=ORIENTED_EDGE('',*,*,#2680,.T.);
#670=ORIENTED_EDGE('',*,*,#2542,.F.);
#671=ORIENTED_EDGE('',*,*,#2523,.F.);
#672=ORIENTED_EDGE('',*,*,#2682,.T.);
#673=ORIENTED_EDGE('',*,*,#2683,.F.);
#674=ORIENTED_EDGE('',*,*,#2667,.F.);
#675=ORIENTED_EDGE('',*,*,#2544,.T.);
#676=ORIENTED_EDGE('',*,*,#2679,.T.);
#677=ORIENTED_EDGE('',*,*,#2684,.T.);
#678=ORIENTED_EDGE('',*,*,#2685,.F.);
#679=ORIENTED_EDGE('',*,*,#2686,.T.);
#680=ORIENTED_EDGE('',*,*,#2677,.F.);
#681=ORIENTED_EDGE('',*,*,#2546,.F.);
#682=ORIENTED_EDGE('',*,*,#2687,.F.);
#683=ORIENTED_EDGE('',*,*,#2688,.T.);
#684=ORIENTED_EDGE('',*,*,#2689,.F.);
#685=ORIENTED_EDGE('',*,*,#2548,.T.);
#686=ORIENTED_EDGE('',*,*,#2676,.T.);
#687=ORIENTED_EDGE('',*,*,#2690,.T.);
#688=ORIENTED_EDGE('',*,*,#2691,.T.);
#689=ORIENTED_EDGE('',*,*,#2692,.F.);
#690=ORIENTED_EDGE('',*,*,#2693,.F.);
#691=ORIENTED_EDGE('',*,*,#2694,.F.);
#692=ORIENTED_EDGE('',*,*,#2695,.F.);
#693=ORIENTED_EDGE('',*,*,#2696,.F.);
#694=ORIENTED_EDGE('',*,*,#2697,.F.);
#695=ORIENTED_EDGE('',*,*,#2698,.F.);
#696=ORIENTED_EDGE('',*,*,#2699,.F.);
#697=ORIENTED_EDGE('',*,*,#2700,.F.);
#698=ORIENTED_EDGE('',*,*,#2701,.F.);
#699=ORIENTED_EDGE('',*,*,#2702,.F.);
#700=ORIENTED_EDGE('',*,*,#2703,.F.);
#701=ORIENTED_EDGE('',*,*,#2704,.F.);
#702=ORIENTED_EDGE('',*,*,#2705,.F.);
#703=ORIENTED_EDGE('',*,*,#2706,.F.);
#704=ORIENTED_EDGE('',*,*,#2707,.F.);
#705=ORIENTED_EDGE('',*,*,#2708,.F.);
#706=ORIENTED_EDGE('',*,*,#2709,.F.);
#707=ORIENTED_EDGE('',*,*,#2710,.T.);
#708=ORIENTED_EDGE('',*,*,#2711,.F.);
#709=ORIENTED_EDGE('',*,*,#2712,.T.);
#710=ORIENTED_EDGE('',*,*,#2713,.T.);
#711=ORIENTED_EDGE('',*,*,#2714,.F.);
#712=ORIENTED_EDGE('',*,*,#2715,.F.);
#713=ORIENTED_EDGE('',*,*,#2716,.F.);
#714=ORIENTED_EDGE('',*,*,#2717,.T.);
#715=ORIENTED_EDGE('',*,*,#2718,.T.);
#716=ORIENTED_EDGE('',*,*,#2719,.T.);
#717=ORIENTED_EDGE('',*,*,#2720,.F.);
#718=ORIENTED_EDGE('',*,*,#2721,.F.);
#719=ORIENTED_EDGE('',*,*,#2722,.T.);
#720=ORIENTED_EDGE('',*,*,#2723,.F.);
#721=ORIENTED_EDGE('',*,*,#2724,.T.);
#722=ORIENTED_EDGE('',*,*,#2725,.T.);
#723=ORIENTED_EDGE('',*,*,#2726,.T.);
#724=ORIENTED_EDGE('',*,*,#2727,.F.);
#725=ORIENTED_EDGE('',*,*,#2728,.F.);
#726=ORIENTED_EDGE('',*,*,#2729,.T.);
#727=ORIENTED_EDGE('',*,*,#2730,.T.);
#728=ORIENTED_EDGE('',*,*,#2731,.F.);
#729=ORIENTED_EDGE('',*,*,#2732,.T.);
#730=ORIENTED_EDGE('',*,*,#2733,.T.);
#731=ORIENTED_EDGE('',*,*,#2734,.F.);
#732=ORIENTED_EDGE('',*,*,#2735,.F.);
#733=ORIENTED_EDGE('',*,*,#2736,.F.);
#734=ORIENTED_EDGE('',*,*,#2737,.F.);
#735=ORIENTED_EDGE('',*,*,#2738,.F.);
#736=ORIENTED_EDGE('',*,*,#2739,.F.);
#737=ORIENTED_EDGE('',*,*,#2740,.F.);
#738=ORIENTED_EDGE('',*,*,#2741,.F.);
#739=ORIENTED_EDGE('',*,*,#2742,.T.);
#740=ORIENTED_EDGE('',*,*,#2743,.F.);
#741=ORIENTED_EDGE('',*,*,#2744,.T.);
#742=ORIENTED_EDGE('',*,*,#2745,.F.);
#743=ORIENTED_EDGE('',*,*,#2746,.T.);
#744=ORIENTED_EDGE('',*,*,#2747,.T.);
#745=ORIENTED_EDGE('',*,*,#2748,.T.);
#746=ORIENTED_EDGE('',*,*,#2749,.F.);
#747=ORIENTED_EDGE('',*,*,#2750,.F.);
#748=ORIENTED_EDGE('',*,*,#2751,.T.);
#749=ORIENTED_EDGE('',*,*,#2752,.T.);
#750=ORIENTED_EDGE('',*,*,#2753,.T.);
#751=ORIENTED_EDGE('',*,*,#2754,.T.);
#752=ORIENTED_EDGE('',*,*,#2755,.T.);
#753=ORIENTED_EDGE('',*,*,#2756,.T.);
#754=ORIENTED_EDGE('',*,*,#2757,.T.);
#755=ORIENTED_EDGE('',*,*,#2758,.T.);
#756=ORIENTED_EDGE('',*,*,#2759,.T.);
#757=ORIENTED_EDGE('',*,*,#2760,.T.);
#758=ORIENTED_EDGE('',*,*,#2761,.T.);
#759=ORIENTED_EDGE('',*,*,#2762,.T.);
#760=ORIENTED_EDGE('',*,*,#2763,.F.);
#761=ORIENTED_EDGE('',*,*,#2764,.F.);
#762=ORIENTED_EDGE('',*,*,#2765,.F.);
#763=ORIENTED_EDGE('',*,*,#2752,.F.);
#764=ORIENTED_EDGE('',*,*,#2766,.T.);
#765=ORIENTED_EDGE('',*,*,#2767,.T.);
#766=ORIENTED_EDGE('',*,*,#2768,.T.);
#767=ORIENTED_EDGE('',*,*,#2769,.T.);
#768=ORIENTED_EDGE('',*,*,#2770,.T.);
#769=ORIENTED_EDGE('',*,*,#2771,.F.);
#770=ORIENTED_EDGE('',*,*,#2772,.T.);
#771=ORIENTED_EDGE('',*,*,#2773,.T.);
#772=ORIENTED_EDGE('',*,*,#2774,.T.);
#773=ORIENTED_EDGE('',*,*,#2627,.F.);
#774=ORIENTED_EDGE('',*,*,#2775,.T.);
#775=ORIENTED_EDGE('',*,*,#2776,.F.);
#776=ORIENTED_EDGE('',*,*,#2750,.T.);
#777=ORIENTED_EDGE('',*,*,#2777,.F.);
#778=ORIENTED_EDGE('',*,*,#2636,.T.);
#779=ORIENTED_EDGE('',*,*,#2778,.T.);
#780=ORIENTED_EDGE('',*,*,#2779,.T.);
#781=ORIENTED_EDGE('',*,*,#2780,.F.);
#782=ORIENTED_EDGE('',*,*,#2771,.T.);
#783=ORIENTED_EDGE('',*,*,#2781,.F.);
#784=ORIENTED_EDGE('',*,*,#2782,.T.);
#785=ORIENTED_EDGE('',*,*,#2783,.T.);
#786=ORIENTED_EDGE('',*,*,#2784,.T.);
#787=ORIENTED_EDGE('',*,*,#2785,.T.);
#788=ORIENTED_EDGE('',*,*,#2786,.T.);
#789=ORIENTED_EDGE('',*,*,#2787,.T.);
#790=ORIENTED_EDGE('',*,*,#2788,.T.);
#791=ORIENTED_EDGE('',*,*,#2789,.T.);
#792=ORIENTED_EDGE('',*,*,#2790,.T.);
#793=ORIENTED_EDGE('',*,*,#2791,.T.);
#794=ORIENTED_EDGE('',*,*,#2792,.T.);
#795=ORIENTED_EDGE('',*,*,#2793,.T.);
#796=ORIENTED_EDGE('',*,*,#2794,.T.);
#797=ORIENTED_EDGE('',*,*,#2795,.F.);
#798=ORIENTED_EDGE('',*,*,#2796,.T.);
#799=ORIENTED_EDGE('',*,*,#2797,.F.);
#800=ORIENTED_EDGE('',*,*,#2798,.T.);
#801=ORIENTED_EDGE('',*,*,#2799,.T.);
#802=ORIENTED_EDGE('',*,*,#2800,.T.);
#803=ORIENTED_EDGE('',*,*,#2801,.T.);
#804=ORIENTED_EDGE('',*,*,#2802,.F.);
#805=ORIENTED_EDGE('',*,*,#2803,.T.);
#806=ORIENTED_EDGE('',*,*,#2804,.T.);
#807=ORIENTED_EDGE('',*,*,#2805,.T.);
#808=ORIENTED_EDGE('',*,*,#2806,.T.);
#809=ORIENTED_EDGE('',*,*,#2807,.F.);
#810=ORIENTED_EDGE('',*,*,#2719,.F.);
#811=ORIENTED_EDGE('',*,*,#2808,.F.);
#812=ORIENTED_EDGE('',*,*,#2809,.T.);
#813=ORIENTED_EDGE('',*,*,#2810,.F.);
#814=ORIENTED_EDGE('',*,*,#2811,.T.);
#815=ORIENTED_EDGE('',*,*,#2812,.F.);
#816=ORIENTED_EDGE('',*,*,#2813,.F.);
#817=ORIENTED_EDGE('',*,*,#2814,.F.);
#818=ORIENTED_EDGE('',*,*,#2815,.F.);
#819=ORIENTED_EDGE('',*,*,#2802,.T.);
#820=ORIENTED_EDGE('',*,*,#2816,.T.);
#821=ORIENTED_EDGE('',*,*,#2817,.F.);
#822=ORIENTED_EDGE('',*,*,#2818,.T.);
#823=ORIENTED_EDGE('',*,*,#2819,.T.);
#824=ORIENTED_EDGE('',*,*,#2820,.T.);
#825=ORIENTED_EDGE('',*,*,#2821,.F.);
#826=ORIENTED_EDGE('',*,*,#2822,.F.);
#827=ORIENTED_EDGE('',*,*,#2823,.T.);
#828=ORIENTED_EDGE('',*,*,#2824,.T.);
#829=ORIENTED_EDGE('',*,*,#2825,.T.);
#830=ORIENTED_EDGE('',*,*,#2826,.T.);
#831=ORIENTED_EDGE('',*,*,#2827,.F.);
#832=ORIENTED_EDGE('',*,*,#2828,.T.);
#833=ORIENTED_EDGE('',*,*,#2829,.F.);
#834=ORIENTED_EDGE('',*,*,#2600,.T.);
#835=ORIENTED_EDGE('',*,*,#2830,.T.);
#836=ORIENTED_EDGE('',*,*,#2831,.T.);
#837=ORIENTED_EDGE('',*,*,#2663,.T.);
#838=ORIENTED_EDGE('',*,*,#2501,.T.);
#839=ORIENTED_EDGE('',*,*,#2832,.T.);
#840=ORIENTED_EDGE('',*,*,#2505,.T.);
#841=ORIENTED_EDGE('',*,*,#2661,.T.);
#842=ORIENTED_EDGE('',*,*,#2833,.T.);
#843=ORIENTED_EDGE('',*,*,#2656,.F.);
#844=ORIENTED_EDGE('',*,*,#2834,.T.);
#845=ORIENTED_EDGE('',*,*,#2835,.T.);
#846=ORIENTED_EDGE('',*,*,#2836,.F.);
#847=ORIENTED_EDGE('',*,*,#2837,.F.);
#848=ORIENTED_EDGE('',*,*,#2838,.F.);
#849=ORIENTED_EDGE('',*,*,#2839,.T.);
#850=ORIENTED_EDGE('',*,*,#2653,.F.);
#851=ORIENTED_EDGE('',*,*,#2840,.F.);
#852=ORIENTED_EDGE('',*,*,#2841,.F.);
#853=ORIENTED_EDGE('',*,*,#2664,.T.);
#854=ORIENTED_EDGE('',*,*,#2831,.F.);
#855=ORIENTED_EDGE('',*,*,#2842,.T.);
#856=ORIENTED_EDGE('',*,*,#2833,.F.);
#857=ORIENTED_EDGE('',*,*,#2660,.T.);
#858=ORIENTED_EDGE('',*,*,#2843,.F.);
#859=ORIENTED_EDGE('',*,*,#2657,.F.);
#860=ORIENTED_EDGE('',*,*,#2844,.T.);
#861=ORIENTED_EDGE('',*,*,#2665,.T.);
#862=ORIENTED_EDGE('',*,*,#2841,.T.);
#863=ORIENTED_EDGE('',*,*,#2845,.F.);
#864=ORIENTED_EDGE('',*,*,#2846,.F.);
#865=ORIENTED_EDGE('',*,*,#2847,.F.);
#866=ORIENTED_EDGE('',*,*,#2848,.T.);
#867=ORIENTED_EDGE('',*,*,#2849,.T.);
#868=ORIENTED_EDGE('',*,*,#2850,.F.);
#869=ORIENTED_EDGE('',*,*,#2849,.F.);
#870=ORIENTED_EDGE('',*,*,#2851,.T.);
#871=ORIENTED_EDGE('',*,*,#2836,.T.);
#872=ORIENTED_EDGE('',*,*,#2549,.F.);
#873=ORIENTED_EDGE('',*,*,#2692,.T.);
#874=ORIENTED_EDGE('',*,*,#2852,.F.);
#875=ORIENTED_EDGE('',*,*,#2853,.F.);
#876=ORIENTED_EDGE('',*,*,#2854,.F.);
#877=ORIENTED_EDGE('',*,*,#2687,.T.);
#878=ORIENTED_EDGE('',*,*,#2545,.F.);
#879=ORIENTED_EDGE('',*,*,#2686,.F.);
#880=ORIENTED_EDGE('',*,*,#2855,.T.);
#881=ORIENTED_EDGE('',*,*,#2856,.T.);
#882=ORIENTED_EDGE('',*,*,#2530,.T.);
#883=ORIENTED_EDGE('',*,*,#2857,.T.);
#884=ORIENTED_EDGE('',*,*,#2534,.T.);
#885=ORIENTED_EDGE('',*,*,#2858,.T.);
#886=ORIENTED_EDGE('',*,*,#2859,.T.);
#887=ORIENTED_EDGE('',*,*,#2860,.F.);
#888=ORIENTED_EDGE('',*,*,#2861,.T.);
#889=ORIENTED_EDGE('',*,*,#2862,.T.);
#890=ORIENTED_EDGE('',*,*,#2855,.F.);
#891=ORIENTED_EDGE('',*,*,#2863,.T.);
#892=ORIENTED_EDGE('',*,*,#2859,.F.);
#893=ORIENTED_EDGE('',*,*,#2864,.T.);
#894=ORIENTED_EDGE('',*,*,#2865,.T.);
#895=ORIENTED_EDGE('',*,*,#2866,.F.);
#896=ORIENTED_EDGE('',*,*,#2691,.F.);
#897=ORIENTED_EDGE('',*,*,#2867,.F.);
#898=ORIENTED_EDGE('',*,*,#2868,.F.);
#899=ORIENTED_EDGE('',*,*,#2852,.T.);
#900=ORIENTED_EDGE('',*,*,#2688,.F.);
#901=ORIENTED_EDGE('',*,*,#2854,.T.);
#902=ORIENTED_EDGE('',*,*,#2685,.T.);
#903=ORIENTED_EDGE('',*,*,#2869,.F.);
#904=ORIENTED_EDGE('',*,*,#2870,.T.);
#905=ORIENTED_EDGE('',*,*,#2871,.F.);
#906=ORIENTED_EDGE('',*,*,#2872,.F.);
#907=ORIENTED_EDGE('',*,*,#2873,.T.);
#908=ORIENTED_EDGE('',*,*,#2874,.T.);
#909=ORIENTED_EDGE('',*,*,#2875,.F.);
#910=ORIENTED_EDGE('',*,*,#2876,.F.);
#911=ORIENTED_EDGE('',*,*,#2877,.T.);
#912=ORIENTED_EDGE('',*,*,#2878,.T.);
#913=ORIENTED_EDGE('',*,*,#2879,.F.);
#914=ORIENTED_EDGE('',*,*,#2880,.F.);
#915=ORIENTED_EDGE('',*,*,#2881,.F.);
#916=ORIENTED_EDGE('',*,*,#2882,.F.);
#917=ORIENTED_EDGE('',*,*,#2883,.T.);
#918=ORIENTED_EDGE('',*,*,#2884,.T.);
#919=ORIENTED_EDGE('',*,*,#2885,.T.);
#920=ORIENTED_EDGE('',*,*,#2886,.T.);
#921=ORIENTED_EDGE('',*,*,#2887,.F.);
#922=ORIENTED_EDGE('',*,*,#2888,.F.);
#923=ORIENTED_EDGE('',*,*,#2769,.F.);
#924=ORIENTED_EDGE('',*,*,#2889,.F.);
#925=ORIENTED_EDGE('',*,*,#2890,.F.);
#926=ORIENTED_EDGE('',*,*,#2891,.F.);
#927=ORIENTED_EDGE('',*,*,#2892,.F.);
#928=ORIENTED_EDGE('',*,*,#2893,.F.);
#929=ORIENTED_EDGE('',*,*,#2894,.T.);
#930=ORIENTED_EDGE('',*,*,#2895,.T.);
#931=ORIENTED_EDGE('',*,*,#2896,.F.);
#932=ORIENTED_EDGE('',*,*,#2897,.T.);
#933=ORIENTED_EDGE('',*,*,#2898,.T.);
#934=ORIENTED_EDGE('',*,*,#2899,.T.);
#935=ORIENTED_EDGE('',*,*,#2900,.F.);
#936=ORIENTED_EDGE('',*,*,#2901,.T.);
#937=ORIENTED_EDGE('',*,*,#2902,.F.);
#938=ORIENTED_EDGE('',*,*,#2903,.T.);
#939=ORIENTED_EDGE('',*,*,#2904,.T.);
#940=ORIENTED_EDGE('',*,*,#2905,.T.);
#941=ORIENTED_EDGE('',*,*,#2906,.F.);
#942=ORIENTED_EDGE('',*,*,#2907,.T.);
#943=ORIENTED_EDGE('',*,*,#2908,.F.);
#944=ORIENTED_EDGE('',*,*,#2909,.F.);
#945=ORIENTED_EDGE('',*,*,#2910,.F.);
#946=ORIENTED_EDGE('',*,*,#2911,.F.);
#947=ORIENTED_EDGE('',*,*,#2912,.T.);
#948=ORIENTED_EDGE('',*,*,#2913,.F.);
#949=ORIENTED_EDGE('',*,*,#2823,.F.);
#950=ORIENTED_EDGE('',*,*,#2914,.F.);
#951=ORIENTED_EDGE('',*,*,#2915,.T.);
#952=ORIENTED_EDGE('',*,*,#2916,.T.);
#953=ORIENTED_EDGE('',*,*,#2917,.F.);
#954=ORIENTED_EDGE('',*,*,#2918,.F.);
#955=ORIENTED_EDGE('',*,*,#2919,.T.);
#956=ORIENTED_EDGE('',*,*,#2920,.F.);
#957=ORIENTED_EDGE('',*,*,#2875,.T.);
#958=ORIENTED_EDGE('',*,*,#2921,.T.);
#959=ORIENTED_EDGE('',*,*,#2922,.T.);
#960=ORIENTED_EDGE('',*,*,#2923,.F.);
#961=ORIENTED_EDGE('',*,*,#2924,.F.);
#962=ORIENTED_EDGE('',*,*,#2881,.T.);
#963=ORIENTED_EDGE('',*,*,#2925,.T.);
#964=ORIENTED_EDGE('',*,*,#2926,.T.);
#965=ORIENTED_EDGE('',*,*,#2927,.T.);
#966=ORIENTED_EDGE('',*,*,#2928,.T.);
#967=ORIENTED_EDGE('',*,*,#2929,.T.);
#968=ORIENTED_EDGE('',*,*,#2930,.T.);
#969=ORIENTED_EDGE('',*,*,#2882,.T.);
#970=ORIENTED_EDGE('',*,*,#2924,.T.);
#971=ORIENTED_EDGE('',*,*,#2931,.F.);
#972=ORIENTED_EDGE('',*,*,#2932,.T.);
#973=ORIENTED_EDGE('',*,*,#2933,.T.);
#974=ORIENTED_EDGE('',*,*,#2931,.T.);
#975=ORIENTED_EDGE('',*,*,#2934,.T.);
#976=ORIENTED_EDGE('',*,*,#2932,.F.);
#977=ORIENTED_EDGE('',*,*,#2933,.F.);
#978=ORIENTED_EDGE('',*,*,#2935,.F.);
#979=ORIENTED_EDGE('',*,*,#2926,.F.);
#980=ORIENTED_EDGE('',*,*,#2568,.F.);
#981=ORIENTED_EDGE('',*,*,#2936,.T.);
#982=ORIENTED_EDGE('',*,*,#2927,.F.);
#983=ORIENTED_EDGE('',*,*,#2935,.T.);
#984=ORIENTED_EDGE('',*,*,#2934,.F.);
#985=ORIENTED_EDGE('',*,*,#2937,.T.);
#986=ORIENTED_EDGE('',*,*,#2938,.T.);
#987=ORIENTED_EDGE('',*,*,#2590,.F.);
#988=ORIENTED_EDGE('',*,*,#2939,.T.);
#989=ORIENTED_EDGE('',*,*,#2940,.F.);
#990=ORIENTED_EDGE('',*,*,#2941,.F.);
#991=ORIENTED_EDGE('',*,*,#2942,.T.);
#992=ORIENTED_EDGE('',*,*,#2943,.T.);
#993=ORIENTED_EDGE('',*,*,#2944,.F.);
#994=ORIENTED_EDGE('',*,*,#2945,.T.);
#995=ORIENTED_EDGE('',*,*,#2946,.T.);
#996=ORIENTED_EDGE('',*,*,#2947,.F.);
#997=ORIENTED_EDGE('',*,*,#2948,.F.);
#998=ORIENTED_EDGE('',*,*,#2949,.T.);
#999=ORIENTED_EDGE('',*,*,#2950,.F.);
#1000=ORIENTED_EDGE('',*,*,#2951,.T.);
#1001=ORIENTED_EDGE('',*,*,#2952,.T.);
#1002=ORIENTED_EDGE('',*,*,#2586,.T.);
#1003=ORIENTED_EDGE('',*,*,#2953,.T.);
#1004=ORIENTED_EDGE('',*,*,#2950,.T.);
#1005=ORIENTED_EDGE('',*,*,#2954,.T.);
#1006=ORIENTED_EDGE('',*,*,#2955,.T.);
#1007=ORIENTED_EDGE('',*,*,#2956,.F.);
#1008=ORIENTED_EDGE('',*,*,#2957,.T.);
#1009=ORIENTED_EDGE('',*,*,#2958,.F.);
#1010=ORIENTED_EDGE('',*,*,#2959,.F.);
#1011=ORIENTED_EDGE('',*,*,#2960,.T.);
#1012=ORIENTED_EDGE('',*,*,#2961,.F.);
#1013=ORIENTED_EDGE('',*,*,#2962,.F.);
#1014=ORIENTED_EDGE('',*,*,#2951,.F.);
#1015=ORIENTED_EDGE('',*,*,#2960,.F.);
#1016=ORIENTED_EDGE('',*,*,#2963,.F.);
#1017=ORIENTED_EDGE('',*,*,#2964,.F.);
#1018=ORIENTED_EDGE('',*,*,#2965,.F.);
#1019=ORIENTED_EDGE('',*,*,#2966,.F.);
#1020=ORIENTED_EDGE('',*,*,#2952,.F.);
#1021=ORIENTED_EDGE('',*,*,#2962,.T.);
#1022=ORIENTED_EDGE('',*,*,#2963,.T.);
#1023=ORIENTED_EDGE('',*,*,#2961,.T.);
#1024=ORIENTED_EDGE('',*,*,#2959,.T.);
#1025=ORIENTED_EDGE('',*,*,#2967,.F.);
#1026=ORIENTED_EDGE('',*,*,#2571,.F.);
#1027=ORIENTED_EDGE('',*,*,#2953,.F.);
#1028=ORIENTED_EDGE('',*,*,#2585,.F.);
#1029=ORIENTED_EDGE('',*,*,#2968,.F.);
#1030=ORIENTED_EDGE('',*,*,#2969,.T.);
#1031=ORIENTED_EDGE('',*,*,#2970,.F.);
#1032=ORIENTED_EDGE('',*,*,#2971,.T.);
#1033=ORIENTED_EDGE('',*,*,#2972,.F.);
#1034=ORIENTED_EDGE('',*,*,#2973,.F.);
#1035=ORIENTED_EDGE('',*,*,#2974,.F.);
#1036=ORIENTED_EDGE('',*,*,#2975,.T.);
#1037=ORIENTED_EDGE('',*,*,#2976,.T.);
#1038=ORIENTED_EDGE('',*,*,#2588,.T.);
#1039=ORIENTED_EDGE('',*,*,#2977,.F.);
#1040=ORIENTED_EDGE('',*,*,#2965,.T.);
#1041=ORIENTED_EDGE('',*,*,#2978,.T.);
#1042=ORIENTED_EDGE('',*,*,#2569,.T.);
#1043=ORIENTED_EDGE('',*,*,#2925,.F.);
#1044=ORIENTED_EDGE('',*,*,#2880,.T.);
#1045=ORIENTED_EDGE('',*,*,#2976,.F.);
#1046=ORIENTED_EDGE('',*,*,#2879,.T.);
#1047=ORIENTED_EDGE('',*,*,#2979,.T.);
#1048=ORIENTED_EDGE('',*,*,#2980,.F.);
#1049=ORIENTED_EDGE('',*,*,#2964,.T.);
#1050=ORIENTED_EDGE('',*,*,#2570,.T.);
#1051=ORIENTED_EDGE('',*,*,#2978,.F.);
#1052=ORIENTED_EDGE('',*,*,#2981,.T.);
#1053=ORIENTED_EDGE('',*,*,#2979,.F.);
#1054=ORIENTED_EDGE('',*,*,#2878,.F.);
#1055=ORIENTED_EDGE('',*,*,#2982,.T.);
#1056=ORIENTED_EDGE('',*,*,#2983,.F.);
#1057=ORIENTED_EDGE('',*,*,#2984,.F.);
#1058=ORIENTED_EDGE('',*,*,#2985,.F.);
#1059=ORIENTED_EDGE('',*,*,#2986,.F.);
#1060=ORIENTED_EDGE('',*,*,#2587,.F.);
#1061=ORIENTED_EDGE('',*,*,#2966,.T.);
#1062=ORIENTED_EDGE('',*,*,#2977,.T.);
#1063=ORIENTED_EDGE('',*,*,#2987,.F.);
#1064=ORIENTED_EDGE('',*,*,#2987,.T.);
#1065=ORIENTED_EDGE('',*,*,#2988,.T.);
#1066=ORIENTED_EDGE('',*,*,#2922,.F.);
#1067=ORIENTED_EDGE('',*,*,#2989,.T.);
#1068=ORIENTED_EDGE('',*,*,#2990,.T.);
#1069=ORIENTED_EDGE('',*,*,#2991,.T.);
#1070=ORIENTED_EDGE('',*,*,#2992,.F.);
#1071=ORIENTED_EDGE('',*,*,#2993,.F.);
#1072=ORIENTED_EDGE('',*,*,#2994,.F.);
#1073=ORIENTED_EDGE('',*,*,#2995,.F.);
#1074=ORIENTED_EDGE('',*,*,#2996,.T.);
#1075=ORIENTED_EDGE('',*,*,#2997,.T.);
#1076=ORIENTED_EDGE('',*,*,#2998,.T.);
#1077=ORIENTED_EDGE('',*,*,#2999,.T.);
#1078=ORIENTED_EDGE('',*,*,#2994,.T.);
#1079=ORIENTED_EDGE('',*,*,#2993,.T.);
#1080=ORIENTED_EDGE('',*,*,#3000,.F.);
#1081=ORIENTED_EDGE('',*,*,#2995,.T.);
#1082=ORIENTED_EDGE('',*,*,#2999,.F.);
#1083=ORIENTED_EDGE('',*,*,#3001,.T.);
#1084=ORIENTED_EDGE('',*,*,#3002,.T.);
#1085=ORIENTED_EDGE('',*,*,#2923,.T.);
#1086=ORIENTED_EDGE('',*,*,#3003,.F.);
#1087=ORIENTED_EDGE('',*,*,#2997,.F.);
#1088=ORIENTED_EDGE('',*,*,#3004,.T.);
#1089=ORIENTED_EDGE('',*,*,#3005,.T.);
#1090=ORIENTED_EDGE('',*,*,#3006,.T.);
#1091=ORIENTED_EDGE('',*,*,#2990,.F.);
#1092=ORIENTED_EDGE('',*,*,#3007,.F.);
#1093=ORIENTED_EDGE('',*,*,#2826,.F.);
#1094=ORIENTED_EDGE('',*,*,#3008,.F.);
#1095=ORIENTED_EDGE('',*,*,#3009,.T.);
#1096=ORIENTED_EDGE('',*,*,#3010,.T.);
#1097=ORIENTED_EDGE('',*,*,#3011,.T.);
#1098=ORIENTED_EDGE('',*,*,#3012,.T.);
#1099=ORIENTED_EDGE('',*,*,#3013,.T.);
#1100=ORIENTED_EDGE('',*,*,#3014,.F.);
#1101=ORIENTED_EDGE('',*,*,#3015,.T.);
#1102=ORIENTED_EDGE('',*,*,#2991,.F.);
#1103=ORIENTED_EDGE('',*,*,#3006,.F.);
#1104=ORIENTED_EDGE('',*,*,#3016,.T.);
#1105=ORIENTED_EDGE('',*,*,#3017,.F.);
#1106=ORIENTED_EDGE('',*,*,#3018,.T.);
#1107=ORIENTED_EDGE('',*,*,#2821,.T.);
#1108=ORIENTED_EDGE('',*,*,#2988,.F.);
#1109=ORIENTED_EDGE('',*,*,#3019,.F.);
#1110=ORIENTED_EDGE('',*,*,#3020,.T.);
#1111=ORIENTED_EDGE('',*,*,#3021,.T.);
#1112=ORIENTED_EDGE('',*,*,#3022,.F.);
#1113=ORIENTED_EDGE('',*,*,#3023,.F.);
#1114=ORIENTED_EDGE('',*,*,#2982,.F.);
#1115=ORIENTED_EDGE('',*,*,#2877,.F.);
#1116=ORIENTED_EDGE('',*,*,#2920,.T.);
#1117=ORIENTED_EDGE('',*,*,#3002,.F.);
#1118=ORIENTED_EDGE('',*,*,#3024,.T.);
#1119=ORIENTED_EDGE('',*,*,#3022,.T.);
#1120=ORIENTED_EDGE('',*,*,#2876,.T.);
#1121=ORIENTED_EDGE('',*,*,#2874,.F.);
#1122=ORIENTED_EDGE('',*,*,#3025,.F.);
#1123=ORIENTED_EDGE('',*,*,#3026,.F.);
#1124=ORIENTED_EDGE('',*,*,#3004,.F.);
#1125=ORIENTED_EDGE('',*,*,#2989,.F.);
#1126=ORIENTED_EDGE('',*,*,#2921,.F.);
#1127=ORIENTED_EDGE('',*,*,#3027,.F.);
#1128=ORIENTED_EDGE('',*,*,#3000,.T.);
#1129=ORIENTED_EDGE('',*,*,#2992,.T.);
#1130=ORIENTED_EDGE('',*,*,#3015,.F.);
#1131=ORIENTED_EDGE('',*,*,#3028,.F.);
#1132=ORIENTED_EDGE('',*,*,#3029,.F.);
#1133=ORIENTED_EDGE('',*,*,#3030,.T.);
#1134=ORIENTED_EDGE('',*,*,#3031,.T.);
#1135=ORIENTED_EDGE('',*,*,#3032,.T.);
#1136=ORIENTED_EDGE('',*,*,#3033,.T.);
#1137=ORIENTED_EDGE('',*,*,#3034,.F.);
#1138=ORIENTED_EDGE('',*,*,#2996,.F.);
#1139=ORIENTED_EDGE('',*,*,#3035,.T.);
#1140=ORIENTED_EDGE('',*,*,#3036,.F.);
#1141=ORIENTED_EDGE('',*,*,#3029,.T.);
#1142=ORIENTED_EDGE('',*,*,#3037,.F.);
#1143=ORIENTED_EDGE('',*,*,#3038,.F.);
#1144=ORIENTED_EDGE('',*,*,#3039,.T.);
#1145=ORIENTED_EDGE('',*,*,#3040,.F.);
#1146=ORIENTED_EDGE('',*,*,#3011,.F.);
#1147=ORIENTED_EDGE('',*,*,#3040,.T.);
#1148=ORIENTED_EDGE('',*,*,#3041,.T.);
#1149=ORIENTED_EDGE('',*,*,#3042,.T.);
#1150=ORIENTED_EDGE('',*,*,#3012,.F.);
#1151=ORIENTED_EDGE('',*,*,#3042,.F.);
#1152=ORIENTED_EDGE('',*,*,#3043,.T.);
#1153=ORIENTED_EDGE('',*,*,#3044,.F.);
#1154=ORIENTED_EDGE('',*,*,#3013,.F.);
#1155=ORIENTED_EDGE('',*,*,#3044,.T.);
#1156=ORIENTED_EDGE('',*,*,#3045,.T.);
#1157=ORIENTED_EDGE('',*,*,#3046,.T.);
#1158=ORIENTED_EDGE('',*,*,#3030,.F.);
#1159=ORIENTED_EDGE('',*,*,#3047,.F.);
#1160=ORIENTED_EDGE('',*,*,#3048,.T.);
#1161=ORIENTED_EDGE('',*,*,#3014,.T.);
#1162=ORIENTED_EDGE('',*,*,#3046,.F.);
#1163=ORIENTED_EDGE('',*,*,#3049,.T.);
#1164=ORIENTED_EDGE('',*,*,#3050,.F.);
#1165=ORIENTED_EDGE('',*,*,#3031,.F.);
#1166=ORIENTED_EDGE('',*,*,#3051,.T.);
#1167=ORIENTED_EDGE('',*,*,#2940,.T.);
#1168=ORIENTED_EDGE('',*,*,#2984,.T.);
#1169=ORIENTED_EDGE('',*,*,#3052,.T.);
#1170=ORIENTED_EDGE('',*,*,#2941,.T.);
#1171=ORIENTED_EDGE('',*,*,#3051,.F.);
#1172=ORIENTED_EDGE('',*,*,#2983,.T.);
#1173=ORIENTED_EDGE('',*,*,#3023,.T.);
#1174=ORIENTED_EDGE('',*,*,#3024,.F.);
#1175=ORIENTED_EDGE('',*,*,#3053,.T.);
#1176=ORIENTED_EDGE('',*,*,#3021,.F.);
#1177=ORIENTED_EDGE('',*,*,#2942,.F.);
#1178=ORIENTED_EDGE('',*,*,#3052,.F.);
#1179=ORIENTED_EDGE('',*,*,#3020,.F.);
#1180=ORIENTED_EDGE('',*,*,#3054,.T.);
#1181=ORIENTED_EDGE('',*,*,#3035,.F.);
#1182=ORIENTED_EDGE('',*,*,#3050,.T.);
#1183=ORIENTED_EDGE('',*,*,#3055,.T.);
#1184=ORIENTED_EDGE('',*,*,#2948,.T.);
#1185=ORIENTED_EDGE('',*,*,#3056,.T.);
#1186=ORIENTED_EDGE('',*,*,#3032,.F.);
#1187=ORIENTED_EDGE('',*,*,#3056,.F.);
#1188=ORIENTED_EDGE('',*,*,#2947,.T.);
#1189=ORIENTED_EDGE('',*,*,#3057,.F.);
#1190=ORIENTED_EDGE('',*,*,#3033,.F.);
#1191=ORIENTED_EDGE('',*,*,#2946,.F.);
#1192=ORIENTED_EDGE('',*,*,#3058,.T.);
#1193=ORIENTED_EDGE('',*,*,#3047,.T.);
#1194=ORIENTED_EDGE('',*,*,#3034,.T.);
#1195=ORIENTED_EDGE('',*,*,#3057,.T.);
#1196=ORIENTED_EDGE('',*,*,#3059,.F.);
#1197=ORIENTED_EDGE('',*,*,#2944,.T.);
#1198=ORIENTED_EDGE('',*,*,#3060,.F.);
#1199=ORIENTED_EDGE('',*,*,#3037,.T.);
#1200=ORIENTED_EDGE('',*,*,#2945,.F.);
#1201=ORIENTED_EDGE('',*,*,#3059,.T.);
#1202=ORIENTED_EDGE('',*,*,#3028,.T.);
#1203=ORIENTED_EDGE('',*,*,#3048,.F.);
#1204=ORIENTED_EDGE('',*,*,#3058,.F.);
#1205=ORIENTED_EDGE('',*,*,#3003,.T.);
#1206=ORIENTED_EDGE('',*,*,#2943,.F.);
#1207=ORIENTED_EDGE('',*,*,#3054,.F.);
#1208=ORIENTED_EDGE('',*,*,#3019,.T.);
#1209=ORIENTED_EDGE('',*,*,#3053,.F.);
#1210=ORIENTED_EDGE('',*,*,#3001,.F.);
#1211=ORIENTED_EDGE('',*,*,#2998,.F.);
#1212=ORIENTED_EDGE('',*,*,#3027,.T.);
#1213=ORIENTED_EDGE('',*,*,#3036,.T.);
#1214=ORIENTED_EDGE('',*,*,#3060,.T.);
#1215=ORIENTED_EDGE('',*,*,#2572,.F.);
#1216=ORIENTED_EDGE('',*,*,#2967,.T.);
#1217=ORIENTED_EDGE('',*,*,#3061,.F.);
#1218=ORIENTED_EDGE('',*,*,#3062,.T.);
#1219=ORIENTED_EDGE('',*,*,#3063,.F.);
#1220=ORIENTED_EDGE('',*,*,#3064,.F.);
#1221=ORIENTED_EDGE('',*,*,#3065,.F.);
#1222=ORIENTED_EDGE('',*,*,#3066,.T.);
#1223=ORIENTED_EDGE('',*,*,#3067,.T.);
#1224=ORIENTED_EDGE('',*,*,#3068,.T.);
#1225=ORIENTED_EDGE('',*,*,#3069,.T.);
#1226=ORIENTED_EDGE('',*,*,#3070,.F.);
#1227=ORIENTED_EDGE('',*,*,#3071,.T.);
#1228=ORIENTED_EDGE('',*,*,#3072,.T.);
#1229=ORIENTED_EDGE('',*,*,#3073,.T.);
#1230=ORIENTED_EDGE('',*,*,#3074,.T.);
#1231=ORIENTED_EDGE('',*,*,#3075,.T.);
#1232=ORIENTED_EDGE('',*,*,#3076,.T.);
#1233=ORIENTED_EDGE('',*,*,#3077,.F.);
#1234=ORIENTED_EDGE('',*,*,#3078,.T.);
#1235=ORIENTED_EDGE('',*,*,#3069,.F.);
#1236=ORIENTED_EDGE('',*,*,#3079,.T.);
#1237=ORIENTED_EDGE('',*,*,#3079,.F.);
#1238=ORIENTED_EDGE('',*,*,#3080,.T.);
#1239=ORIENTED_EDGE('',*,*,#3078,.F.);
#1240=ORIENTED_EDGE('',*,*,#3081,.F.);
#1241=ORIENTED_EDGE('',*,*,#3082,.F.);
#1242=ORIENTED_EDGE('',*,*,#3083,.F.);
#1243=ORIENTED_EDGE('',*,*,#3084,.F.);
#1244=ORIENTED_EDGE('',*,*,#3085,.T.);
#1245=ORIENTED_EDGE('',*,*,#3086,.F.);
#1246=ORIENTED_EDGE('',*,*,#3087,.F.);
#1247=ORIENTED_EDGE('',*,*,#3088,.F.);
#1248=ORIENTED_EDGE('',*,*,#3080,.F.);
#1249=ORIENTED_EDGE('',*,*,#3089,.T.);
#1250=ORIENTED_EDGE('',*,*,#3075,.F.);
#1251=ORIENTED_EDGE('',*,*,#3090,.T.);
#1252=ORIENTED_EDGE('',*,*,#3091,.F.);
#1253=ORIENTED_EDGE('',*,*,#3092,.F.);
#1254=ORIENTED_EDGE('',*,*,#3093,.F.);
#1255=ORIENTED_EDGE('',*,*,#3094,.F.);
#1256=ORIENTED_EDGE('',*,*,#3095,.F.);
#1257=ORIENTED_EDGE('',*,*,#3096,.F.);
#1258=ORIENTED_EDGE('',*,*,#3076,.F.);
#1259=ORIENTED_EDGE('',*,*,#3093,.T.);
#1260=ORIENTED_EDGE('',*,*,#3097,.T.);
#1261=ORIENTED_EDGE('',*,*,#3098,.T.);
#1262=ORIENTED_EDGE('',*,*,#3099,.T.);
#1263=ORIENTED_EDGE('',*,*,#3088,.T.);
#1264=ORIENTED_EDGE('',*,*,#3100,.T.);
#1265=ORIENTED_EDGE('',*,*,#3101,.F.);
#1266=ORIENTED_EDGE('',*,*,#3096,.T.);
#1267=ORIENTED_EDGE('',*,*,#3102,.F.);
#1268=ORIENTED_EDGE('',*,*,#2884,.F.);
#1269=ORIENTED_EDGE('',*,*,#2930,.F.);
#1270=ORIENTED_EDGE('',*,*,#3103,.F.);
#1271=ORIENTED_EDGE('',*,*,#3100,.F.);
#1272=ORIENTED_EDGE('',*,*,#2883,.F.);
#1273=ORIENTED_EDGE('',*,*,#2885,.F.);
#1274=ORIENTED_EDGE('',*,*,#3102,.T.);
#1275=ORIENTED_EDGE('',*,*,#3095,.T.);
#1276=ORIENTED_EDGE('',*,*,#3104,.F.);
#1277=ORIENTED_EDGE('',*,*,#3105,.T.);
#1278=ORIENTED_EDGE('',*,*,#3106,.F.);
#1279=ORIENTED_EDGE('',*,*,#3107,.T.);
#1280=ORIENTED_EDGE('',*,*,#2928,.F.);
#1281=ORIENTED_EDGE('',*,*,#3108,.F.);
#1282=ORIENTED_EDGE('',*,*,#3109,.T.);
#1283=ORIENTED_EDGE('',*,*,#3081,.T.);
#1284=ORIENTED_EDGE('',*,*,#3077,.T.);
#1285=ORIENTED_EDGE('',*,*,#3101,.T.);
#1286=ORIENTED_EDGE('',*,*,#3103,.T.);
#1287=ORIENTED_EDGE('',*,*,#2929,.F.);
#1288=ORIENTED_EDGE('',*,*,#3107,.F.);
#1289=ORIENTED_EDGE('',*,*,#3109,.F.);
#1290=ORIENTED_EDGE('',*,*,#3110,.T.);
#1291=ORIENTED_EDGE('',*,*,#3070,.T.);
#1292=ORIENTED_EDGE('',*,*,#3082,.T.);
#1293=ORIENTED_EDGE('',*,*,#3073,.F.);
#1294=ORIENTED_EDGE('',*,*,#3111,.T.);
#1295=ORIENTED_EDGE('',*,*,#3112,.F.);
#1296=ORIENTED_EDGE('',*,*,#3083,.T.);
#1297=ORIENTED_EDGE('',*,*,#2749,.T.);
#1298=ORIENTED_EDGE('',*,*,#3113,.F.);
#1299=ORIENTED_EDGE('',*,*,#3114,.T.);
#1300=ORIENTED_EDGE('',*,*,#3115,.F.);
#1301=ORIENTED_EDGE('',*,*,#2760,.F.);
#1302=ORIENTED_EDGE('',*,*,#3099,.F.);
#1303=ORIENTED_EDGE('',*,*,#3116,.T.);
#1304=ORIENTED_EDGE('',*,*,#3113,.T.);
#1305=ORIENTED_EDGE('',*,*,#2759,.F.);
#1306=ORIENTED_EDGE('',*,*,#3117,.F.);
#1307=ORIENTED_EDGE('',*,*,#3118,.T.);
#1308=ORIENTED_EDGE('',*,*,#3084,.T.);
#1309=ORIENTED_EDGE('',*,*,#3119,.F.);
#1310=ORIENTED_EDGE('',*,*,#2758,.F.);
#1311=ORIENTED_EDGE('',*,*,#3120,.F.);
#1312=ORIENTED_EDGE('',*,*,#3090,.F.);
#1313=ORIENTED_EDGE('',*,*,#3074,.F.);
#1314=ORIENTED_EDGE('',*,*,#3112,.T.);
#1315=ORIENTED_EDGE('',*,*,#3117,.T.);
#1316=ORIENTED_EDGE('',*,*,#3119,.T.);
#1317=ORIENTED_EDGE('',*,*,#3121,.T.);
#1318=ORIENTED_EDGE('',*,*,#3122,.T.);
#1319=ORIENTED_EDGE('',*,*,#3123,.F.);
#1320=ORIENTED_EDGE('',*,*,#3085,.F.);
#1321=ORIENTED_EDGE('',*,*,#3118,.F.);
#1322=ORIENTED_EDGE('',*,*,#3123,.T.);
#1323=ORIENTED_EDGE('',*,*,#3124,.T.);
#1324=ORIENTED_EDGE('',*,*,#3125,.T.);
#1325=ORIENTED_EDGE('',*,*,#3126,.F.);
#1326=ORIENTED_EDGE('',*,*,#3086,.T.);
#1327=ORIENTED_EDGE('',*,*,#3125,.F.);
#1328=ORIENTED_EDGE('',*,*,#3127,.F.);
#1329=ORIENTED_EDGE('',*,*,#3089,.F.);
#1330=ORIENTED_EDGE('',*,*,#3128,.F.);
#1331=ORIENTED_EDGE('',*,*,#3129,.T.);
#1332=ORIENTED_EDGE('',*,*,#3097,.F.);
#1333=ORIENTED_EDGE('',*,*,#3087,.T.);
#1334=ORIENTED_EDGE('',*,*,#3126,.T.);
#1335=ORIENTED_EDGE('',*,*,#3130,.F.);
#1336=ORIENTED_EDGE('',*,*,#3131,.T.);
#1337=ORIENTED_EDGE('',*,*,#3104,.T.);
#1338=ORIENTED_EDGE('',*,*,#3094,.T.);
#1339=ORIENTED_EDGE('',*,*,#3092,.T.);
#1340=ORIENTED_EDGE('',*,*,#3091,.T.);
#1341=ORIENTED_EDGE('',*,*,#3120,.T.);
#1342=ORIENTED_EDGE('',*,*,#2757,.F.);
#1343=ORIENTED_EDGE('',*,*,#3115,.T.);
#1344=ORIENTED_EDGE('',*,*,#3132,.T.);
#1345=ORIENTED_EDGE('',*,*,#3133,.T.);
#1346=ORIENTED_EDGE('',*,*,#2761,.F.);
#1347=ORIENTED_EDGE('',*,*,#3134,.F.);
#1348=ORIENTED_EDGE('',*,*,#3121,.F.);
#1349=ORIENTED_EDGE('',*,*,#3111,.F.);
#1350=ORIENTED_EDGE('',*,*,#3072,.F.);
#1351=ORIENTED_EDGE('',*,*,#3133,.F.);
#1352=ORIENTED_EDGE('',*,*,#3135,.T.);
#1353=ORIENTED_EDGE('',*,*,#3136,.F.);
#1354=ORIENTED_EDGE('',*,*,#2762,.F.);
#1355=ORIENTED_EDGE('',*,*,#2756,.F.);
#1356=ORIENTED_EDGE('',*,*,#3137,.T.);
#1357=ORIENTED_EDGE('',*,*,#3138,.T.);
#1358=ORIENTED_EDGE('',*,*,#3130,.T.);
#1359=ORIENTED_EDGE('',*,*,#3138,.F.);
#1360=ORIENTED_EDGE('',*,*,#3139,.F.);
#1361=ORIENTED_EDGE('',*,*,#3140,.F.);
#1362=ORIENTED_EDGE('',*,*,#2886,.F.);
#1363=ORIENTED_EDGE('',*,*,#3105,.F.);
#1364=ORIENTED_EDGE('',*,*,#3131,.F.);
#1365=ORIENTED_EDGE('',*,*,#3141,.F.);
#1366=ORIENTED_EDGE('',*,*,#3142,.F.);
#1367=ORIENTED_EDGE('',*,*,#2936,.F.);
#1368=ORIENTED_EDGE('',*,*,#2567,.F.);
#1369=ORIENTED_EDGE('',*,*,#3143,.T.);
#1370=ORIENTED_EDGE('',*,*,#3128,.T.);
#1371=ORIENTED_EDGE('',*,*,#3127,.T.);
#1372=ORIENTED_EDGE('',*,*,#3124,.F.);
#1373=ORIENTED_EDGE('',*,*,#3122,.F.);
#1374=ORIENTED_EDGE('',*,*,#3134,.T.);
#1375=ORIENTED_EDGE('',*,*,#3071,.F.);
#1376=ORIENTED_EDGE('',*,*,#3110,.F.);
#1377=ORIENTED_EDGE('',*,*,#3108,.T.);
#1378=ORIENTED_EDGE('',*,*,#3106,.T.);
#1379=ORIENTED_EDGE('',*,*,#2975,.F.);
#1380=ORIENTED_EDGE('',*,*,#3144,.T.);
#1381=ORIENTED_EDGE('',*,*,#3145,.T.);
#1382=ORIENTED_EDGE('',*,*,#2954,.F.);
#1383=ORIENTED_EDGE('',*,*,#3146,.F.);
#1384=ORIENTED_EDGE('',*,*,#3061,.T.);
#1385=ORIENTED_EDGE('',*,*,#2958,.T.);
#1386=ORIENTED_EDGE('',*,*,#3147,.T.);
#1387=ORIENTED_EDGE('',*,*,#3148,.F.);
#1388=ORIENTED_EDGE('',*,*,#3149,.T.);
#1389=ORIENTED_EDGE('',*,*,#3150,.T.);
#1390=ORIENTED_EDGE('',*,*,#3151,.T.);
#1391=ORIENTED_EDGE('',*,*,#3152,.T.);
#1392=ORIENTED_EDGE('',*,*,#3153,.T.);
#1393=ORIENTED_EDGE('',*,*,#3154,.F.);
#1394=ORIENTED_EDGE('',*,*,#3155,.T.);
#1395=ORIENTED_EDGE('',*,*,#3064,.T.);
#1396=ORIENTED_EDGE('',*,*,#3156,.T.);
#1397=ORIENTED_EDGE('',*,*,#3157,.T.);
#1398=ORIENTED_EDGE('',*,*,#3158,.T.);
#1399=ORIENTED_EDGE('',*,*,#3159,.T.);
#1400=ORIENTED_EDGE('',*,*,#3160,.T.);
#1401=ORIENTED_EDGE('',*,*,#3161,.F.);
#1402=ORIENTED_EDGE('',*,*,#3162,.F.);
#1403=ORIENTED_EDGE('',*,*,#2972,.T.);
#1404=ORIENTED_EDGE('',*,*,#3163,.F.);
#1405=ORIENTED_EDGE('',*,*,#3164,.T.);
#1406=ORIENTED_EDGE('',*,*,#3165,.T.);
#1407=ORIENTED_EDGE('',*,*,#3166,.T.);
#1408=ORIENTED_EDGE('',*,*,#3167,.F.);
#1409=ORIENTED_EDGE('',*,*,#3168,.T.);
#1410=ORIENTED_EDGE('',*,*,#3169,.F.);
#1411=ORIENTED_EDGE('',*,*,#3170,.T.);
#1412=ORIENTED_EDGE('',*,*,#3171,.T.);
#1413=ORIENTED_EDGE('',*,*,#2968,.T.);
#1414=ORIENTED_EDGE('',*,*,#2584,.T.);
#1415=ORIENTED_EDGE('',*,*,#3172,.T.);
#1416=ORIENTED_EDGE('',*,*,#3166,.F.);
#1417=ORIENTED_EDGE('',*,*,#3066,.F.);
#1418=ORIENTED_EDGE('',*,*,#3173,.F.);
#1419=ORIENTED_EDGE('',*,*,#3154,.T.);
#1420=ORIENTED_EDGE('',*,*,#3174,.T.);
#1421=ORIENTED_EDGE('',*,*,#3173,.T.);
#1422=ORIENTED_EDGE('',*,*,#3065,.T.);
#1423=ORIENTED_EDGE('',*,*,#3155,.F.);
#1424=ORIENTED_EDGE('',*,*,#3062,.F.);
#1425=ORIENTED_EDGE('',*,*,#3146,.T.);
#1426=ORIENTED_EDGE('',*,*,#3175,.T.);
#1427=ORIENTED_EDGE('',*,*,#3176,.F.);
#1428=ORIENTED_EDGE('',*,*,#3177,.T.);
#1429=ORIENTED_EDGE('',*,*,#3144,.F.);
#1430=ORIENTED_EDGE('',*,*,#2974,.T.);
#1431=ORIENTED_EDGE('',*,*,#3178,.T.);
#1432=ORIENTED_EDGE('',*,*,#3179,.T.);
#1433=ORIENTED_EDGE('',*,*,#3180,.T.);
#1434=ORIENTED_EDGE('',*,*,#2971,.F.);
#1435=ORIENTED_EDGE('',*,*,#3181,.F.);
#1436=ORIENTED_EDGE('',*,*,#3163,.T.);
#1437=ORIENTED_EDGE('',*,*,#3181,.T.);
#1438=ORIENTED_EDGE('',*,*,#2970,.T.);
#1439=ORIENTED_EDGE('',*,*,#3182,.T.);
#1440=ORIENTED_EDGE('',*,*,#3164,.F.);
#1441=ORIENTED_EDGE('',*,*,#3178,.F.);
#1442=ORIENTED_EDGE('',*,*,#2973,.T.);
#1443=ORIENTED_EDGE('',*,*,#3162,.T.);
#1444=ORIENTED_EDGE('',*,*,#3183,.F.);
#1445=ORIENTED_EDGE('',*,*,#3184,.F.);
#1446=ORIENTED_EDGE('',*,*,#3156,.F.);
#1447=ORIENTED_EDGE('',*,*,#3063,.T.);
#1448=ORIENTED_EDGE('',*,*,#3177,.F.);
#1449=ORIENTED_EDGE('',*,*,#3185,.F.);
#1450=ORIENTED_EDGE('',*,*,#3186,.F.);
#1451=ORIENTED_EDGE('',*,*,#3068,.F.);
#1452=ORIENTED_EDGE('',*,*,#3187,.T.);
#1453=ORIENTED_EDGE('',*,*,#3152,.F.);
#1454=ORIENTED_EDGE('',*,*,#3188,.T.);
#1455=ORIENTED_EDGE('',*,*,#2573,.T.);
#1456=ORIENTED_EDGE('',*,*,#2969,.F.);
#1457=ORIENTED_EDGE('',*,*,#3171,.F.);
#1458=ORIENTED_EDGE('',*,*,#3165,.F.);
#1459=ORIENTED_EDGE('',*,*,#3182,.F.);
#1460=ORIENTED_EDGE('',*,*,#3067,.F.);
#1461=ORIENTED_EDGE('',*,*,#3174,.F.);
#1462=ORIENTED_EDGE('',*,*,#3153,.F.);
#1463=ORIENTED_EDGE('',*,*,#3187,.F.);
#1464=ORIENTED_EDGE('',*,*,#3189,.F.);
#1465=ORIENTED_EDGE('',*,*,#3190,.F.);
#1466=ORIENTED_EDGE('',*,*,#3191,.F.);
#1467=ORIENTED_EDGE('',*,*,#2647,.F.);
#1468=ORIENTED_EDGE('',*,*,#3192,.T.);
#1469=ORIENTED_EDGE('',*,*,#3193,.F.);
#1470=ORIENTED_EDGE('',*,*,#3189,.T.);
#1471=ORIENTED_EDGE('',*,*,#2646,.F.);
#1472=ORIENTED_EDGE('',*,*,#3194,.F.);
#1473=ORIENTED_EDGE('',*,*,#3195,.F.);
#1474=ORIENTED_EDGE('',*,*,#3192,.F.);
#1475=ORIENTED_EDGE('',*,*,#2645,.F.);
#1476=ORIENTED_EDGE('',*,*,#3196,.F.);
#1477=ORIENTED_EDGE('',*,*,#3197,.F.);
#1478=ORIENTED_EDGE('',*,*,#3198,.F.);
#1479=ORIENTED_EDGE('',*,*,#2638,.F.);
#1480=ORIENTED_EDGE('',*,*,#2639,.F.);
#1481=ORIENTED_EDGE('',*,*,#3198,.T.);
#1482=ORIENTED_EDGE('',*,*,#3199,.F.);
#1483=ORIENTED_EDGE('',*,*,#3200,.F.);
#1484=ORIENTED_EDGE('',*,*,#3191,.T.);
#1485=ORIENTED_EDGE('',*,*,#3201,.T.);
#1486=ORIENTED_EDGE('',*,*,#3196,.T.);
#1487=ORIENTED_EDGE('',*,*,#2648,.F.);
#1488=ORIENTED_EDGE('',*,*,#3202,.F.);
#1489=ORIENTED_EDGE('',*,*,#3203,.F.);
#1490=ORIENTED_EDGE('',*,*,#3204,.F.);
#1491=ORIENTED_EDGE('',*,*,#2641,.F.);
#1492=ORIENTED_EDGE('',*,*,#3200,.T.);
#1493=ORIENTED_EDGE('',*,*,#3205,.T.);
#1494=ORIENTED_EDGE('',*,*,#3202,.T.);
#1495=ORIENTED_EDGE('',*,*,#2640,.F.);
#1496=ORIENTED_EDGE('',*,*,#3206,.F.);
#1497=ORIENTED_EDGE('',*,*,#3207,.F.);
#1498=ORIENTED_EDGE('',*,*,#3208,.F.);
#1499=ORIENTED_EDGE('',*,*,#2643,.F.);
#1500=ORIENTED_EDGE('',*,*,#3204,.T.);
#1501=ORIENTED_EDGE('',*,*,#3209,.T.);
#1502=ORIENTED_EDGE('',*,*,#3206,.T.);
#1503=ORIENTED_EDGE('',*,*,#2642,.F.);
#1504=ORIENTED_EDGE('',*,*,#2644,.F.);
#1505=ORIENTED_EDGE('',*,*,#3208,.T.);
#1506=ORIENTED_EDGE('',*,*,#3210,.T.);
#1507=ORIENTED_EDGE('',*,*,#3194,.T.);
#1508=ORIENTED_EDGE('',*,*,#3211,.F.);
#1509=ORIENTED_EDGE('',*,*,#3212,.T.);
#1510=ORIENTED_EDGE('',*,*,#3213,.T.);
#1511=ORIENTED_EDGE('',*,*,#2604,.T.);
#1512=ORIENTED_EDGE('',*,*,#3214,.T.);
#1513=ORIENTED_EDGE('',*,*,#2909,.T.);
#1514=ORIENTED_EDGE('',*,*,#3215,.F.);
#1515=ORIENTED_EDGE('',*,*,#2603,.T.);
#1516=ORIENTED_EDGE('',*,*,#3216,.T.);
#1517=ORIENTED_EDGE('',*,*,#2910,.T.);
#1518=ORIENTED_EDGE('',*,*,#3214,.F.);
#1519=ORIENTED_EDGE('',*,*,#2602,.T.);
#1520=ORIENTED_EDGE('',*,*,#3217,.T.);
#1521=ORIENTED_EDGE('',*,*,#2911,.T.);
#1522=ORIENTED_EDGE('',*,*,#3216,.F.);
#1523=ORIENTED_EDGE('',*,*,#2634,.T.);
#1524=ORIENTED_EDGE('',*,*,#3218,.T.);
#1525=ORIENTED_EDGE('',*,*,#2891,.T.);
#1526=ORIENTED_EDGE('',*,*,#3219,.F.);
#1527=ORIENTED_EDGE('',*,*,#2633,.T.);
#1528=ORIENTED_EDGE('',*,*,#3220,.T.);
#1529=ORIENTED_EDGE('',*,*,#2892,.T.);
#1530=ORIENTED_EDGE('',*,*,#3218,.F.);
#1531=ORIENTED_EDGE('',*,*,#2632,.T.);
#1532=ORIENTED_EDGE('',*,*,#3221,.T.);
#1533=ORIENTED_EDGE('',*,*,#2893,.T.);
#1534=ORIENTED_EDGE('',*,*,#3220,.F.);
#1535=ORIENTED_EDGE('',*,*,#3222,.F.);
#1536=ORIENTED_EDGE('',*,*,#2811,.F.);
#1537=ORIENTED_EDGE('',*,*,#3223,.F.);
#1538=ORIENTED_EDGE('',*,*,#2897,.F.);
#1539=ORIENTED_EDGE('',*,*,#3224,.F.);
#1540=ORIENTED_EDGE('',*,*,#3225,.T.);
#1541=ORIENTED_EDGE('',*,*,#2812,.T.);
#1542=ORIENTED_EDGE('',*,*,#3222,.T.);
#1543=ORIENTED_EDGE('',*,*,#2896,.T.);
#1544=ORIENTED_EDGE('',*,*,#3226,.F.);
#1545=ORIENTED_EDGE('',*,*,#2809,.F.);
#1546=ORIENTED_EDGE('',*,*,#3227,.F.);
#1547=ORIENTED_EDGE('',*,*,#2899,.F.);
#1548=ORIENTED_EDGE('',*,*,#3227,.T.);
#1549=ORIENTED_EDGE('',*,*,#2808,.T.);
#1550=ORIENTED_EDGE('',*,*,#2718,.F.);
#1551=ORIENTED_EDGE('',*,*,#3228,.F.);
#1552=ORIENTED_EDGE('',*,*,#2900,.T.);
#1553=ORIENTED_EDGE('',*,*,#3223,.T.);
#1554=ORIENTED_EDGE('',*,*,#2810,.T.);
#1555=ORIENTED_EDGE('',*,*,#3226,.T.);
#1556=ORIENTED_EDGE('',*,*,#2898,.F.);
#1557=ORIENTED_EDGE('',*,*,#3229,.T.);
#1558=ORIENTED_EDGE('',*,*,#3230,.T.);
#1559=ORIENTED_EDGE('',*,*,#3231,.F.);
#1560=ORIENTED_EDGE('',*,*,#3213,.F.);
#1561=ORIENTED_EDGE('',*,*,#3231,.T.);
#1562=ORIENTED_EDGE('',*,*,#3232,.T.);
#1563=ORIENTED_EDGE('',*,*,#3233,.T.);
#1564=ORIENTED_EDGE('',*,*,#2799,.F.);
#1565=ORIENTED_EDGE('',*,*,#3234,.T.);
#1566=ORIENTED_EDGE('',*,*,#2608,.F.);
#1567=ORIENTED_EDGE('',*,*,#3235,.F.);
#1568=ORIENTED_EDGE('',*,*,#3211,.T.);
#1569=ORIENTED_EDGE('',*,*,#3236,.T.);
#1570=ORIENTED_EDGE('',*,*,#2817,.T.);
#1571=ORIENTED_EDGE('',*,*,#3237,.T.);
#1572=ORIENTED_EDGE('',*,*,#3238,.T.);
#1573=ORIENTED_EDGE('',*,*,#3239,.F.);
#1574=ORIENTED_EDGE('',*,*,#3140,.T.);
#1575=ORIENTED_EDGE('',*,*,#3240,.T.);
#1576=ORIENTED_EDGE('',*,*,#2754,.F.);
#1577=ORIENTED_EDGE('',*,*,#3241,.F.);
#1578=ORIENTED_EDGE('',*,*,#2887,.T.);
#1579=ORIENTED_EDGE('',*,*,#3241,.T.);
#1580=ORIENTED_EDGE('',*,*,#2753,.F.);
#1581=ORIENTED_EDGE('',*,*,#2770,.F.);
#1582=ORIENTED_EDGE('',*,*,#2888,.T.);
#1583=ORIENTED_EDGE('',*,*,#2822,.T.);
#1584=ORIENTED_EDGE('',*,*,#3018,.F.);
#1585=ORIENTED_EDGE('',*,*,#3242,.F.);
#1586=ORIENTED_EDGE('',*,*,#2914,.T.);
#1587=ORIENTED_EDGE('',*,*,#3243,.F.);
#1588=ORIENTED_EDGE('',*,*,#3242,.T.);
#1589=ORIENTED_EDGE('',*,*,#3017,.T.);
#1590=ORIENTED_EDGE('',*,*,#3244,.T.);
#1591=ORIENTED_EDGE('',*,*,#3025,.T.);
#1592=ORIENTED_EDGE('',*,*,#2915,.F.);
#1593=ORIENTED_EDGE('',*,*,#3245,.F.);
#1594=ORIENTED_EDGE('',*,*,#3246,.F.);
#1595=ORIENTED_EDGE('',*,*,#3247,.F.);
#1596=ORIENTED_EDGE('',*,*,#2498,.F.);
#1597=ORIENTED_EDGE('',*,*,#3248,.T.);
#1598=ORIENTED_EDGE('',*,*,#3249,.T.);
#1599=ORIENTED_EDGE('',*,*,#3250,.T.);
#1600=ORIENTED_EDGE('',*,*,#3251,.T.);
#1601=ORIENTED_EDGE('',*,*,#2628,.F.);
#1602=ORIENTED_EDGE('',*,*,#2774,.F.);
#1603=ORIENTED_EDGE('',*,*,#3252,.T.);
#1604=ORIENTED_EDGE('',*,*,#3253,.T.);
#1605=ORIENTED_EDGE('',*,*,#3254,.T.);
#1606=ORIENTED_EDGE('',*,*,#2894,.F.);
#1607=ORIENTED_EDGE('',*,*,#3221,.F.);
#1608=ORIENTED_EDGE('',*,*,#2631,.F.);
#1609=ORIENTED_EDGE('',*,*,#3253,.F.);
#1610=ORIENTED_EDGE('',*,*,#3255,.T.);
#1611=ORIENTED_EDGE('',*,*,#3256,.T.);
#1612=ORIENTED_EDGE('',*,*,#3257,.T.);
#1613=ORIENTED_EDGE('',*,*,#3258,.F.);
#1614=ORIENTED_EDGE('',*,*,#3259,.T.);
#1615=ORIENTED_EDGE('',*,*,#2778,.F.);
#1616=ORIENTED_EDGE('',*,*,#2635,.T.);
#1617=ORIENTED_EDGE('',*,*,#3219,.T.);
#1618=ORIENTED_EDGE('',*,*,#2890,.T.);
#1619=ORIENTED_EDGE('',*,*,#2601,.F.);
#1620=ORIENTED_EDGE('',*,*,#2829,.T.);
#1621=ORIENTED_EDGE('',*,*,#3260,.T.);
#1622=ORIENTED_EDGE('',*,*,#3261,.T.);
#1623=ORIENTED_EDGE('',*,*,#2912,.F.);
#1624=ORIENTED_EDGE('',*,*,#3217,.F.);
#1625=ORIENTED_EDGE('',*,*,#2768,.F.);
#1626=ORIENTED_EDGE('',*,*,#3262,.T.);
#1627=ORIENTED_EDGE('',*,*,#3258,.T.);
#1628=ORIENTED_EDGE('',*,*,#2889,.T.);
#1629=ORIENTED_EDGE('',*,*,#3261,.F.);
#1630=ORIENTED_EDGE('',*,*,#3263,.T.);
#1631=ORIENTED_EDGE('',*,*,#2824,.F.);
#1632=ORIENTED_EDGE('',*,*,#2913,.T.);
#1633=ORIENTED_EDGE('',*,*,#3264,.F.);
#1634=ORIENTED_EDGE('',*,*,#3265,.F.);
#1635=ORIENTED_EDGE('',*,*,#3266,.F.);
#1636=ORIENTED_EDGE('',*,*,#2527,.F.);
#1637=ORIENTED_EDGE('',*,*,#3267,.T.);
#1638=ORIENTED_EDGE('',*,*,#3268,.T.);
#1639=ORIENTED_EDGE('',*,*,#3269,.T.);
#1640=ORIENTED_EDGE('',*,*,#2552,.T.);
#1641=ORIENTED_EDGE('',*,*,#2605,.T.);
#1642=ORIENTED_EDGE('',*,*,#3215,.T.);
#1643=ORIENTED_EDGE('',*,*,#2908,.T.);
#1644=ORIENTED_EDGE('',*,*,#3270,.T.);
#1645=ORIENTED_EDGE('',*,*,#3238,.F.);
#1646=ORIENTED_EDGE('',*,*,#3271,.T.);
#1647=ORIENTED_EDGE('',*,*,#3229,.F.);
#1648=ORIENTED_EDGE('',*,*,#3212,.F.);
#1649=ORIENTED_EDGE('',*,*,#3235,.T.);
#1650=ORIENTED_EDGE('',*,*,#2607,.T.);
#1651=ORIENTED_EDGE('',*,*,#3257,.F.);
#1652=ORIENTED_EDGE('',*,*,#3272,.F.);
#1653=ORIENTED_EDGE('',*,*,#3224,.T.);
#1654=ORIENTED_EDGE('',*,*,#2895,.F.);
#1655=ORIENTED_EDGE('',*,*,#3254,.F.);
#1656=ORIENTED_EDGE('',*,*,#3273,.F.);
#1657=ORIENTED_EDGE('',*,*,#2804,.F.);
#1658=ORIENTED_EDGE('',*,*,#3274,.F.);
#1659=ORIENTED_EDGE('',*,*,#2905,.F.);
#1660=ORIENTED_EDGE('',*,*,#3275,.F.);
#1661=ORIENTED_EDGE('',*,*,#2806,.F.);
#1662=ORIENTED_EDGE('',*,*,#3276,.F.);
#1663=ORIENTED_EDGE('',*,*,#2903,.F.);
#1664=ORIENTED_EDGE('',*,*,#3277,.F.);
#1665=ORIENTED_EDGE('',*,*,#2716,.T.);
#1666=ORIENTED_EDGE('',*,*,#2807,.T.);
#1667=ORIENTED_EDGE('',*,*,#3275,.T.);
#1668=ORIENTED_EDGE('',*,*,#2902,.T.);
#1669=ORIENTED_EDGE('',*,*,#3276,.T.);
#1670=ORIENTED_EDGE('',*,*,#2805,.F.);
#1671=ORIENTED_EDGE('',*,*,#3273,.T.);
#1672=ORIENTED_EDGE('',*,*,#2904,.F.);
#1673=ORIENTED_EDGE('',*,*,#3274,.T.);
#1674=ORIENTED_EDGE('',*,*,#2803,.F.);
#1675=ORIENTED_EDGE('',*,*,#2819,.F.);
#1676=ORIENTED_EDGE('',*,*,#3278,.F.);
#1677=ORIENTED_EDGE('',*,*,#2906,.T.);
#1678=ORIENTED_EDGE('',*,*,#3278,.T.);
#1679=ORIENTED_EDGE('',*,*,#2818,.F.);
#1680=ORIENTED_EDGE('',*,*,#3236,.F.);
#1681=ORIENTED_EDGE('',*,*,#3270,.F.);
#1682=ORIENTED_EDGE('',*,*,#2907,.F.);
#1683=ORIENTED_EDGE('',*,*,#3228,.T.);
#1684=ORIENTED_EDGE('',*,*,#2717,.F.);
#1685=ORIENTED_EDGE('',*,*,#3277,.T.);
#1686=ORIENTED_EDGE('',*,*,#2901,.F.);
#1687=ORIENTED_EDGE('',*,*,#3279,.F.);
#1688=ORIENTED_EDGE('',*,*,#3280,.F.);
#1689=ORIENTED_EDGE('',*,*,#3281,.F.);
#1690=ORIENTED_EDGE('',*,*,#3282,.T.);
#1691=ORIENTED_EDGE('',*,*,#3283,.F.);
#1692=ORIENTED_EDGE('',*,*,#3284,.T.);
#1693=ORIENTED_EDGE('',*,*,#3285,.F.);
#1694=ORIENTED_EDGE('',*,*,#3286,.F.);
#1695=ORIENTED_EDGE('',*,*,#3287,.F.);
#1696=ORIENTED_EDGE('',*,*,#2616,.F.);
#1697=ORIENTED_EDGE('',*,*,#3288,.F.);
#1698=ORIENTED_EDGE('',*,*,#2791,.F.);
#1699=ORIENTED_EDGE('',*,*,#3289,.T.);
#1700=ORIENTED_EDGE('',*,*,#2741,.T.);
#1701=ORIENTED_EDGE('',*,*,#3290,.F.);
#1702=ORIENTED_EDGE('',*,*,#3291,.T.);
#1703=ORIENTED_EDGE('',*,*,#3292,.T.);
#1704=ORIENTED_EDGE('',*,*,#2734,.T.);
#1705=ORIENTED_EDGE('',*,*,#3289,.F.);
#1706=ORIENTED_EDGE('',*,*,#3293,.T.);
#1707=ORIENTED_EDGE('',*,*,#3294,.T.);
#1708=ORIENTED_EDGE('',*,*,#2735,.T.);
#1709=ORIENTED_EDGE('',*,*,#3292,.F.);
#1710=ORIENTED_EDGE('',*,*,#3295,.T.);
#1711=ORIENTED_EDGE('',*,*,#3296,.T.);
#1712=ORIENTED_EDGE('',*,*,#2736,.T.);
#1713=ORIENTED_EDGE('',*,*,#3294,.F.);
#1714=ORIENTED_EDGE('',*,*,#3297,.F.);
#1715=ORIENTED_EDGE('',*,*,#3298,.T.);
#1716=ORIENTED_EDGE('',*,*,#3279,.T.);
#1717=ORIENTED_EDGE('',*,*,#3299,.F.);
#1718=ORIENTED_EDGE('',*,*,#3290,.T.);
#1719=ORIENTED_EDGE('',*,*,#2740,.T.);
#1720=ORIENTED_EDGE('',*,*,#3300,.F.);
#1721=ORIENTED_EDGE('',*,*,#3301,.F.);
#1722=ORIENTED_EDGE('',*,*,#3283,.T.);
#1723=ORIENTED_EDGE('',*,*,#3302,.F.);
#1724=ORIENTED_EDGE('',*,*,#3303,.F.);
#1725=ORIENTED_EDGE('',*,*,#3304,.T.);
#1726=ORIENTED_EDGE('',*,*,#2813,.T.);
#1727=ORIENTED_EDGE('',*,*,#3225,.F.);
#1728=ORIENTED_EDGE('',*,*,#3272,.T.);
#1729=ORIENTED_EDGE('',*,*,#3256,.F.);
#1730=ORIENTED_EDGE('',*,*,#3136,.T.);
#1731=ORIENTED_EDGE('',*,*,#3305,.T.);
#1732=ORIENTED_EDGE('',*,*,#3306,.T.);
#1733=ORIENTED_EDGE('',*,*,#2763,.T.);
#1734=ORIENTED_EDGE('',*,*,#3307,.F.);
#1735=ORIENTED_EDGE('',*,*,#3308,.T.);
#1736=ORIENTED_EDGE('',*,*,#3038,.T.);
#1737=ORIENTED_EDGE('',*,*,#3010,.F.);
#1738=ORIENTED_EDGE('',*,*,#3167,.T.);
#1739=ORIENTED_EDGE('',*,*,#3172,.F.);
#1740=ORIENTED_EDGE('',*,*,#2583,.F.);
#1741=ORIENTED_EDGE('',*,*,#3309,.T.);
#1742=ORIENTED_EDGE('',*,*,#2830,.F.);
#1743=ORIENTED_EDGE('',*,*,#2599,.F.);
#1744=ORIENTED_EDGE('',*,*,#3310,.T.);
#1745=ORIENTED_EDGE('',*,*,#3008,.T.);
#1746=ORIENTED_EDGE('',*,*,#3311,.T.);
#1747=ORIENTED_EDGE('',*,*,#3312,.T.);
#1748=ORIENTED_EDGE('',*,*,#2577,.T.);
#1749=ORIENTED_EDGE('',*,*,#3313,.T.);
#1750=ORIENTED_EDGE('',*,*,#3314,.F.);
#1751=ORIENTED_EDGE('',*,*,#3315,.T.);
#1752=ORIENTED_EDGE('',*,*,#3316,.T.);
#1753=ORIENTED_EDGE('',*,*,#3317,.T.);
#1754=ORIENTED_EDGE('',*,*,#2575,.T.);
#1755=ORIENTED_EDGE('',*,*,#3318,.T.);
#1756=ORIENTED_EDGE('',*,*,#3150,.F.);
#1757=ORIENTED_EDGE('',*,*,#3319,.T.);
#1758=ORIENTED_EDGE('',*,*,#3320,.F.);
#1759=ORIENTED_EDGE('',*,*,#3183,.T.);
#1760=ORIENTED_EDGE('',*,*,#3161,.T.);
#1761=ORIENTED_EDGE('',*,*,#3321,.T.);
#1762=ORIENTED_EDGE('',*,*,#3179,.F.);
#1763=ORIENTED_EDGE('',*,*,#3184,.T.);
#1764=ORIENTED_EDGE('',*,*,#3320,.T.);
#1765=ORIENTED_EDGE('',*,*,#3322,.T.);
#1766=ORIENTED_EDGE('',*,*,#3159,.F.);
#1767=ORIENTED_EDGE('',*,*,#3323,.T.);
#1768=ORIENTED_EDGE('',*,*,#2956,.T.);
#1769=ORIENTED_EDGE('',*,*,#3324,.T.);
#1770=ORIENTED_EDGE('',*,*,#3325,.F.);
#1771=ORIENTED_EDGE('',*,*,#2598,.T.);
#1772=ORIENTED_EDGE('',*,*,#3326,.T.);
#1773=ORIENTED_EDGE('',*,*,#3307,.T.);
#1774=ORIENTED_EDGE('',*,*,#3009,.F.);
#1775=ORIENTED_EDGE('',*,*,#3310,.F.);
#1776=ORIENTED_EDGE('',*,*,#2637,.F.);
#1777=ORIENTED_EDGE('',*,*,#2777,.T.);
#1778=ORIENTED_EDGE('',*,*,#2765,.T.);
#1779=ORIENTED_EDGE('',*,*,#3327,.F.);
#1780=ORIENTED_EDGE('',*,*,#3328,.F.);
#1781=ORIENTED_EDGE('',*,*,#3306,.F.);
#1782=ORIENTED_EDGE('',*,*,#3329,.T.);
#1783=ORIENTED_EDGE('',*,*,#2559,.F.);
#1784=ORIENTED_EDGE('',*,*,#3327,.T.);
#1785=ORIENTED_EDGE('',*,*,#2764,.T.);
#1786=ORIENTED_EDGE('',*,*,#3330,.F.);
#1787=ORIENTED_EDGE('',*,*,#3185,.T.);
#1788=ORIENTED_EDGE('',*,*,#3176,.T.);
#1789=ORIENTED_EDGE('',*,*,#3331,.T.);
#1790=ORIENTED_EDGE('',*,*,#3157,.F.);
#1791=ORIENTED_EDGE('',*,*,#3186,.T.);
#1792=ORIENTED_EDGE('',*,*,#3330,.T.);
#1793=ORIENTED_EDGE('',*,*,#3332,.T.);
#1794=ORIENTED_EDGE('',*,*,#2957,.F.);
#1795=ORIENTED_EDGE('',*,*,#3323,.F.);
#1796=ORIENTED_EDGE('',*,*,#3158,.F.);
#1797=ORIENTED_EDGE('',*,*,#3332,.F.);
#1798=ORIENTED_EDGE('',*,*,#3331,.F.);
#1799=ORIENTED_EDGE('',*,*,#3175,.F.);
#1800=ORIENTED_EDGE('',*,*,#3147,.F.);
#1801=ORIENTED_EDGE('',*,*,#2955,.F.);
#1802=ORIENTED_EDGE('',*,*,#3145,.F.);
#1803=ORIENTED_EDGE('',*,*,#3180,.F.);
#1804=ORIENTED_EDGE('',*,*,#3322,.F.);
#1805=ORIENTED_EDGE('',*,*,#3321,.F.);
#1806=ORIENTED_EDGE('',*,*,#3160,.F.);
#1807=ORIENTED_EDGE('',*,*,#3324,.F.);
#1808=ORIENTED_EDGE('',*,*,#2581,.F.);
#1809=ORIENTED_EDGE('',*,*,#3333,.T.);
#1810=ORIENTED_EDGE('',*,*,#3169,.T.);
#1811=ORIENTED_EDGE('',*,*,#3334,.T.);
#1812=ORIENTED_EDGE('',*,*,#3335,.T.);
#1813=ORIENTED_EDGE('',*,*,#3336,.F.);
#1814=ORIENTED_EDGE('',*,*,#3337,.T.);
#1815=ORIENTED_EDGE('',*,*,#3148,.T.);
#1816=ORIENTED_EDGE('',*,*,#3338,.T.);
#1817=ORIENTED_EDGE('',*,*,#2579,.F.);
#1818=ORIENTED_EDGE('',*,*,#3339,.T.);
#1819=ORIENTED_EDGE('',*,*,#3340,.T.);
#1820=ORIENTED_EDGE('',*,*,#3151,.F.);
#1821=ORIENTED_EDGE('',*,*,#3318,.F.);
#1822=ORIENTED_EDGE('',*,*,#2574,.F.);
#1823=ORIENTED_EDGE('',*,*,#3188,.F.);
#1824=ORIENTED_EDGE('',*,*,#3341,.F.);
#1825=ORIENTED_EDGE('',*,*,#3342,.T.);
#1826=ORIENTED_EDGE('',*,*,#3343,.T.);
#1827=ORIENTED_EDGE('',*,*,#3344,.T.);
#1828=ORIENTED_EDGE('',*,*,#3314,.T.);
#1829=ORIENTED_EDGE('',*,*,#3345,.T.);
#1830=ORIENTED_EDGE('',*,*,#3336,.T.);
#1831=ORIENTED_EDGE('',*,*,#3346,.T.);
#1832=ORIENTED_EDGE('',*,*,#3341,.T.);
#1833=ORIENTED_EDGE('',*,*,#3347,.T.);
#1834=ORIENTED_EDGE('',*,*,#2820,.F.);
#1835=ORIENTED_EDGE('',*,*,#3348,.T.);
#1836=ORIENTED_EDGE('',*,*,#2827,.T.);
#1837=ORIENTED_EDGE('',*,*,#3007,.T.);
#1838=ORIENTED_EDGE('',*,*,#2816,.F.);
#1839=ORIENTED_EDGE('',*,*,#2801,.F.);
#1840=ORIENTED_EDGE('',*,*,#3349,.T.);
#1841=ORIENTED_EDGE('',*,*,#3350,.T.);
#1842=ORIENTED_EDGE('',*,*,#2776,.T.);
#1843=ORIENTED_EDGE('',*,*,#3351,.T.);
#1844=ORIENTED_EDGE('',*,*,#2766,.F.);
#1845=ORIENTED_EDGE('',*,*,#2751,.F.);
#1846=ORIENTED_EDGE('',*,*,#3304,.F.);
#1847=ORIENTED_EDGE('',*,*,#3352,.T.);
#1848=ORIENTED_EDGE('',*,*,#2772,.F.);
#1849=ORIENTED_EDGE('',*,*,#2780,.T.);
#1850=ORIENTED_EDGE('',*,*,#2773,.F.);
#1851=ORIENTED_EDGE('',*,*,#3352,.F.);
#1852=ORIENTED_EDGE('',*,*,#3255,.F.);
#1853=ORIENTED_EDGE('',*,*,#3252,.F.);
#1854=ORIENTED_EDGE('',*,*,#2828,.F.);
#1855=ORIENTED_EDGE('',*,*,#3348,.F.);
#1856=ORIENTED_EDGE('',*,*,#2825,.F.);
#1857=ORIENTED_EDGE('',*,*,#3263,.F.);
#1858=ORIENTED_EDGE('',*,*,#3260,.F.);
#1859=ORIENTED_EDGE('',*,*,#3230,.F.);
#1860=ORIENTED_EDGE('',*,*,#3271,.F.);
#1861=ORIENTED_EDGE('',*,*,#3237,.F.);
#1862=ORIENTED_EDGE('',*,*,#3350,.F.);
#1863=ORIENTED_EDGE('',*,*,#3353,.T.);
#1864=ORIENTED_EDGE('',*,*,#3232,.F.);
#1865=ORIENTED_EDGE('',*,*,#3259,.F.);
#1866=ORIENTED_EDGE('',*,*,#3262,.F.);
#1867=ORIENTED_EDGE('',*,*,#2767,.F.);
#1868=ORIENTED_EDGE('',*,*,#3351,.F.);
#1869=ORIENTED_EDGE('',*,*,#2779,.F.);
#1870=ORIENTED_EDGE('',*,*,#3005,.F.);
#1871=ORIENTED_EDGE('',*,*,#3026,.T.);
#1872=ORIENTED_EDGE('',*,*,#3244,.F.);
#1873=ORIENTED_EDGE('',*,*,#3016,.F.);
#1874=ORIENTED_EDGE('',*,*,#3240,.F.);
#1875=ORIENTED_EDGE('',*,*,#3139,.T.);
#1876=ORIENTED_EDGE('',*,*,#3137,.F.);
#1877=ORIENTED_EDGE('',*,*,#2755,.F.);
#1878=ORIENTED_EDGE('',*,*,#3354,.T.);
#1879=ORIENTED_EDGE('',*,*,#2814,.T.);
#1880=ORIENTED_EDGE('',*,*,#2792,.F.);
#1881=ORIENTED_EDGE('',*,*,#3288,.T.);
#1882=ORIENTED_EDGE('',*,*,#2615,.F.);
#1883=ORIENTED_EDGE('',*,*,#3355,.T.);
#1884=ORIENTED_EDGE('',*,*,#3356,.T.);
#1885=ORIENTED_EDGE('',*,*,#2815,.T.);
#1886=ORIENTED_EDGE('',*,*,#2788,.F.);
#1887=ORIENTED_EDGE('',*,*,#3357,.T.);
#1888=ORIENTED_EDGE('',*,*,#2619,.F.);
#1889=ORIENTED_EDGE('',*,*,#3358,.T.);
#1890=ORIENTED_EDGE('',*,*,#2787,.F.);
#1891=ORIENTED_EDGE('',*,*,#3359,.T.);
#1892=ORIENTED_EDGE('',*,*,#2620,.F.);
#1893=ORIENTED_EDGE('',*,*,#3357,.F.);
#1894=ORIENTED_EDGE('',*,*,#2618,.F.);
#1895=ORIENTED_EDGE('',*,*,#3360,.T.);
#1896=ORIENTED_EDGE('',*,*,#2789,.F.);
#1897=ORIENTED_EDGE('',*,*,#3358,.F.);
#1898=ORIENTED_EDGE('',*,*,#2614,.F.);
#1899=ORIENTED_EDGE('',*,*,#3361,.T.);
#1900=ORIENTED_EDGE('',*,*,#2793,.F.);
#1901=ORIENTED_EDGE('',*,*,#3355,.F.);
#1902=ORIENTED_EDGE('',*,*,#3356,.F.);
#1903=ORIENTED_EDGE('',*,*,#3354,.F.);
#1904=ORIENTED_EDGE('',*,*,#2622,.F.);
#1905=ORIENTED_EDGE('',*,*,#3362,.T.);
#1906=ORIENTED_EDGE('',*,*,#2785,.F.);
#1907=ORIENTED_EDGE('',*,*,#3363,.T.);
#1908=ORIENTED_EDGE('',*,*,#2624,.F.);
#1909=ORIENTED_EDGE('',*,*,#3364,.T.);
#1910=ORIENTED_EDGE('',*,*,#2783,.F.);
#1911=ORIENTED_EDGE('',*,*,#3365,.T.);
#1912=ORIENTED_EDGE('',*,*,#2626,.T.);
#1913=ORIENTED_EDGE('',*,*,#3366,.T.);
#1914=ORIENTED_EDGE('',*,*,#2781,.T.);
#1915=ORIENTED_EDGE('',*,*,#2775,.F.);
#1916=ORIENTED_EDGE('',*,*,#2610,.T.);
#1917=ORIENTED_EDGE('',*,*,#3367,.T.);
#1918=ORIENTED_EDGE('',*,*,#2797,.T.);
#1919=ORIENTED_EDGE('',*,*,#3368,.T.);
#1920=ORIENTED_EDGE('',*,*,#2795,.T.);
#1921=ORIENTED_EDGE('',*,*,#3369,.T.);
#1922=ORIENTED_EDGE('',*,*,#2612,.T.);
#1923=ORIENTED_EDGE('',*,*,#3370,.T.);
#1924=ORIENTED_EDGE('',*,*,#3349,.F.);
#1925=ORIENTED_EDGE('',*,*,#2800,.F.);
#1926=ORIENTED_EDGE('',*,*,#3233,.F.);
#1927=ORIENTED_EDGE('',*,*,#3353,.F.);
#1928=ORIENTED_EDGE('',*,*,#3371,.T.);
#1929=ORIENTED_EDGE('',*,*,#2737,.T.);
#1930=ORIENTED_EDGE('',*,*,#3296,.F.);
#1931=ORIENTED_EDGE('',*,*,#3372,.F.);
#1932=ORIENTED_EDGE('',*,*,#3373,.T.);
#1933=ORIENTED_EDGE('',*,*,#2738,.T.);
#1934=ORIENTED_EDGE('',*,*,#3371,.F.);
#1935=ORIENTED_EDGE('',*,*,#3374,.F.);
#1936=ORIENTED_EDGE('',*,*,#3300,.T.);
#1937=ORIENTED_EDGE('',*,*,#2739,.T.);
#1938=ORIENTED_EDGE('',*,*,#3373,.F.);
#1939=ORIENTED_EDGE('',*,*,#3375,.F.);
#1940=ORIENTED_EDGE('',*,*,#2623,.F.);
#1941=ORIENTED_EDGE('',*,*,#3363,.F.);
#1942=ORIENTED_EDGE('',*,*,#2784,.F.);
#1943=ORIENTED_EDGE('',*,*,#3364,.F.);
#1944=ORIENTED_EDGE('',*,*,#2625,.F.);
#1945=ORIENTED_EDGE('',*,*,#3365,.F.);
#1946=ORIENTED_EDGE('',*,*,#2782,.F.);
#1947=ORIENTED_EDGE('',*,*,#3366,.F.);
#1948=ORIENTED_EDGE('',*,*,#2609,.F.);
#1949=ORIENTED_EDGE('',*,*,#3234,.F.);
#1950=ORIENTED_EDGE('',*,*,#2798,.F.);
#1951=ORIENTED_EDGE('',*,*,#3367,.F.);
#1952=ORIENTED_EDGE('',*,*,#2611,.F.);
#1953=ORIENTED_EDGE('',*,*,#3368,.F.);
#1954=ORIENTED_EDGE('',*,*,#2796,.F.);
#1955=ORIENTED_EDGE('',*,*,#3370,.F.);
#1956=ORIENTED_EDGE('',*,*,#3170,.F.);
#1957=ORIENTED_EDGE('',*,*,#3333,.F.);
#1958=ORIENTED_EDGE('',*,*,#2580,.F.);
#1959=ORIENTED_EDGE('',*,*,#3338,.F.);
#1960=ORIENTED_EDGE('',*,*,#3168,.F.);
#1961=ORIENTED_EDGE('',*,*,#3309,.F.);
#1962=ORIENTED_EDGE('',*,*,#2582,.F.);
#1963=ORIENTED_EDGE('',*,*,#3334,.F.);
#1964=ORIENTED_EDGE('',*,*,#2617,.F.);
#1965=ORIENTED_EDGE('',*,*,#3287,.T.);
#1966=ORIENTED_EDGE('',*,*,#2790,.F.);
#1967=ORIENTED_EDGE('',*,*,#3360,.F.);
#1968=ORIENTED_EDGE('',*,*,#3372,.T.);
#1969=ORIENTED_EDGE('',*,*,#3299,.T.);
#1970=ORIENTED_EDGE('',*,*,#3282,.F.);
#1971=ORIENTED_EDGE('',*,*,#3376,.F.);
#1972=ORIENTED_EDGE('',*,*,#3377,.F.);
#1973=ORIENTED_EDGE('',*,*,#3378,.F.);
#1974=ORIENTED_EDGE('',*,*,#3379,.F.);
#1975=ORIENTED_EDGE('',*,*,#3380,.F.);
#1976=ORIENTED_EDGE('',*,*,#3284,.F.);
#1977=ORIENTED_EDGE('',*,*,#3301,.T.);
#1978=ORIENTED_EDGE('',*,*,#3375,.T.);
#1979=ORIENTED_EDGE('',*,*,#3374,.T.);
#1980=ORIENTED_EDGE('',*,*,#3381,.T.);
#1981=ORIENTED_EDGE('',*,*,#3377,.T.);
#1982=ORIENTED_EDGE('',*,*,#3382,.F.);
#1983=ORIENTED_EDGE('',*,*,#3383,.F.);
#1984=ORIENTED_EDGE('',*,*,#3384,.T.);
#1985=ORIENTED_EDGE('',*,*,#3378,.T.);
#1986=ORIENTED_EDGE('',*,*,#3381,.F.);
#1987=ORIENTED_EDGE('',*,*,#3385,.F.);
#1988=ORIENTED_EDGE('',*,*,#3386,.T.);
#1989=ORIENTED_EDGE('',*,*,#3379,.T.);
#1990=ORIENTED_EDGE('',*,*,#3384,.F.);
#1991=ORIENTED_EDGE('',*,*,#3387,.F.);
#1992=ORIENTED_EDGE('',*,*,#3285,.T.);
#1993=ORIENTED_EDGE('',*,*,#3380,.T.);
#1994=ORIENTED_EDGE('',*,*,#3386,.F.);
#1995=ORIENTED_EDGE('',*,*,#3388,.F.);
#1996=ORIENTED_EDGE('',*,*,#3389,.T.);
#1997=ORIENTED_EDGE('',*,*,#3382,.T.);
#1998=ORIENTED_EDGE('',*,*,#3376,.T.);
#1999=ORIENTED_EDGE('',*,*,#3281,.T.);
#2000=ORIENTED_EDGE('',*,*,#3390,.F.);
#2001=ORIENTED_EDGE('',*,*,#3391,.F.);
#2002=ORIENTED_EDGE('',*,*,#2742,.F.);
#2003=ORIENTED_EDGE('',*,*,#2720,.T.);
#2004=ORIENTED_EDGE('',*,*,#3280,.T.);
#2005=ORIENTED_EDGE('',*,*,#3298,.F.);
#2006=ORIENTED_EDGE('',*,*,#3392,.F.);
#2007=ORIENTED_EDGE('',*,*,#3390,.T.);
#2008=ORIENTED_EDGE('',*,*,#3286,.T.);
#2009=ORIENTED_EDGE('',*,*,#3389,.F.);
#2010=ORIENTED_EDGE('',*,*,#3393,.F.);
#2011=ORIENTED_EDGE('',*,*,#3302,.T.);
#2012=ORIENTED_EDGE('',*,*,#3392,.T.);
#2013=ORIENTED_EDGE('',*,*,#3297,.T.);
#2014=ORIENTED_EDGE('',*,*,#3295,.F.);
#2015=ORIENTED_EDGE('',*,*,#3293,.F.);
#2016=ORIENTED_EDGE('',*,*,#3291,.F.);
#2017=ORIENTED_EDGE('',*,*,#3303,.T.);
#2018=ORIENTED_EDGE('',*,*,#3393,.T.);
#2019=ORIENTED_EDGE('',*,*,#3388,.T.);
#2020=ORIENTED_EDGE('',*,*,#3387,.T.);
#2021=ORIENTED_EDGE('',*,*,#3385,.T.);
#2022=ORIENTED_EDGE('',*,*,#3383,.T.);
#2023=ORIENTED_EDGE('',*,*,#3391,.T.);
#2024=ORIENTED_EDGE('',*,*,#2621,.F.);
#2025=ORIENTED_EDGE('',*,*,#3359,.F.);
#2026=ORIENTED_EDGE('',*,*,#2786,.F.);
#2027=ORIENTED_EDGE('',*,*,#3362,.F.);
#2028=ORIENTED_EDGE('',*,*,#2794,.F.);
#2029=ORIENTED_EDGE('',*,*,#3361,.F.);
#2030=ORIENTED_EDGE('',*,*,#2613,.F.);
#2031=ORIENTED_EDGE('',*,*,#3369,.F.);
#2032=ORIENTED_EDGE('',*,*,#3394,.F.);
#2033=ORIENTED_EDGE('',*,*,#2674,.T.);
#2034=ORIENTED_EDGE('',*,*,#3395,.F.);
#2035=ORIENTED_EDGE('',*,*,#2863,.F.);
#2036=ORIENTED_EDGE('',*,*,#2857,.F.);
#2037=ORIENTED_EDGE('',*,*,#2529,.T.);
#2038=ORIENTED_EDGE('',*,*,#2606,.T.);
#2039=ORIENTED_EDGE('',*,*,#2550,.F.);
#2040=ORIENTED_EDGE('',*,*,#2853,.T.);
#2041=ORIENTED_EDGE('',*,*,#2868,.T.);
#2042=ORIENTED_EDGE('',*,*,#2866,.T.);
#2043=ORIENTED_EDGE('',*,*,#3396,.F.);
#2044=ORIENTED_EDGE('',*,*,#2669,.T.);
#2045=ORIENTED_EDGE('',*,*,#2535,.F.);
#2046=ORIENTED_EDGE('',*,*,#2860,.T.);
#2047=ORIENTED_EDGE('',*,*,#3397,.F.);
#2048=ORIENTED_EDGE('',*,*,#3398,.F.);
#2049=ORIENTED_EDGE('',*,*,#2495,.F.);
#2050=ORIENTED_EDGE('',*,*,#2487,.F.);
#2051=ORIENTED_EDGE('',*,*,#2493,.F.);
#2052=ORIENTED_EDGE('',*,*,#2490,.F.);
#2053=ORIENTED_EDGE('',*,*,#2507,.F.);
#2054=ORIENTED_EDGE('',*,*,#2655,.F.);
#2055=ORIENTED_EDGE('',*,*,#3399,.F.);
#2056=ORIENTED_EDGE('',*,*,#2658,.F.);
#2057=ORIENTED_EDGE('',*,*,#2503,.T.);
#2058=ORIENTED_EDGE('',*,*,#2662,.T.);
#2059=ORIENTED_EDGE('',*,*,#2844,.F.);
#2060=ORIENTED_EDGE('',*,*,#3400,.F.);
#2061=ORIENTED_EDGE('',*,*,#2847,.T.);
#2062=ORIENTED_EDGE('',*,*,#3401,.T.);
#2063=ORIENTED_EDGE('',*,*,#3402,.T.);
#2064=ORIENTED_EDGE('',*,*,#3403,.F.);
#2065=ORIENTED_EDGE('',*,*,#3404,.T.);
#2066=ORIENTED_EDGE('',*,*,#2650,.F.);
#2067=ORIENTED_EDGE('',*,*,#3405,.F.);
#2068=ORIENTED_EDGE('',*,*,#2516,.F.);
#2069=ORIENTED_EDGE('',*,*,#2513,.T.);
#2070=ORIENTED_EDGE('',*,*,#2511,.F.);
#2071=ORIENTED_EDGE('',*,*,#2659,.F.);
#2072=ORIENTED_EDGE('',*,*,#3399,.T.);
#2073=ORIENTED_EDGE('',*,*,#2654,.F.);
#2074=ORIENTED_EDGE('',*,*,#2843,.T.);
#2075=ORIENTED_EDGE('',*,*,#3404,.F.);
#2076=ORIENTED_EDGE('',*,*,#3406,.T.);
#2077=ORIENTED_EDGE('',*,*,#3407,.T.);
#2078=ORIENTED_EDGE('',*,*,#2651,.T.);
#2079=ORIENTED_EDGE('',*,*,#3407,.F.);
#2080=ORIENTED_EDGE('',*,*,#3408,.T.);
#2081=ORIENTED_EDGE('',*,*,#2840,.T.);
#2082=ORIENTED_EDGE('',*,*,#2652,.T.);
#2083=ORIENTED_EDGE('',*,*,#2500,.T.);
#2084=ORIENTED_EDGE('',*,*,#2630,.F.);
#2085=ORIENTED_EDGE('',*,*,#3409,.T.);
#2086=ORIENTED_EDGE('',*,*,#2837,.T.);
#2087=ORIENTED_EDGE('',*,*,#2851,.F.);
#2088=ORIENTED_EDGE('',*,*,#2848,.F.);
#2089=ORIENTED_EDGE('',*,*,#3400,.T.);
#2090=ORIENTED_EDGE('',*,*,#2845,.T.);
#2091=ORIENTED_EDGE('',*,*,#2842,.F.);
#2092=ORIENTED_EDGE('',*,*,#2832,.F.);
#2093=ORIENTED_EDGE('',*,*,#2510,.F.);
#2094=ORIENTED_EDGE('',*,*,#3410,.T.);
#2095=ORIENTED_EDGE('',*,*,#2517,.T.);
#2096=ORIENTED_EDGE('',*,*,#3405,.T.);
#2097=ORIENTED_EDGE('',*,*,#2649,.F.);
#2098=ORIENTED_EDGE('',*,*,#2839,.F.);
#2099=ORIENTED_EDGE('',*,*,#3411,.T.);
#2100=ORIENTED_EDGE('',*,*,#3402,.F.);
#2101=ORIENTED_EDGE('',*,*,#3412,.F.);
#2102=ORIENTED_EDGE('',*,*,#2834,.F.);
#2103=ORIENTED_EDGE('',*,*,#3409,.F.);
#2104=ORIENTED_EDGE('',*,*,#2629,.F.);
#2105=ORIENTED_EDGE('',*,*,#3251,.F.);
#2106=ORIENTED_EDGE('',*,*,#3413,.T.);
#2107=ORIENTED_EDGE('',*,*,#3414,.T.);
#2108=ORIENTED_EDGE('',*,*,#3397,.T.);
#2109=ORIENTED_EDGE('',*,*,#3415,.T.);
#2110=ORIENTED_EDGE('',*,*,#3416,.T.);
#2111=ORIENTED_EDGE('',*,*,#3417,.T.);
#2112=ORIENTED_EDGE('',*,*,#3418,.F.);
#2113=ORIENTED_EDGE('',*,*,#3419,.T.);
#2114=ORIENTED_EDGE('',*,*,#2496,.T.);
#2115=ORIENTED_EDGE('',*,*,#3398,.T.);
#2116=ORIENTED_EDGE('',*,*,#3414,.F.);
#2117=ORIENTED_EDGE('',*,*,#3420,.T.);
#2118=ORIENTED_EDGE('',*,*,#3421,.T.);
#2119=ORIENTED_EDGE('',*,*,#2986,.T.);
#2120=ORIENTED_EDGE('',*,*,#3422,.T.);
#2121=ORIENTED_EDGE('',*,*,#2981,.F.);
#2122=ORIENTED_EDGE('',*,*,#3421,.F.);
#2123=ORIENTED_EDGE('',*,*,#3423,.F.);
#2124=ORIENTED_EDGE('',*,*,#2985,.T.);
#2125=ORIENTED_EDGE('',*,*,#2939,.F.);
#2126=ORIENTED_EDGE('',*,*,#2589,.F.);
#2127=ORIENTED_EDGE('',*,*,#2980,.T.);
#2128=ORIENTED_EDGE('',*,*,#3423,.T.);
#2129=ORIENTED_EDGE('',*,*,#3422,.F.);
#2130=ORIENTED_EDGE('',*,*,#3343,.F.);
#2131=ORIENTED_EDGE('',*,*,#3424,.T.);
#2132=ORIENTED_EDGE('',*,*,#3311,.F.);
#2133=ORIENTED_EDGE('',*,*,#3425,.T.);
#2134=ORIENTED_EDGE('',*,*,#3337,.F.);
#2135=ORIENTED_EDGE('',*,*,#3345,.F.);
#2136=ORIENTED_EDGE('',*,*,#3319,.F.);
#2137=ORIENTED_EDGE('',*,*,#3149,.F.);
#2138=ORIENTED_EDGE('',*,*,#2578,.F.);
#2139=ORIENTED_EDGE('',*,*,#3312,.F.);
#2140=ORIENTED_EDGE('',*,*,#3426,.F.);
#2141=ORIENTED_EDGE('',*,*,#3339,.F.);
#2142=ORIENTED_EDGE('',*,*,#3426,.T.);
#2143=ORIENTED_EDGE('',*,*,#3424,.F.);
#2144=ORIENTED_EDGE('',*,*,#3427,.F.);
#2145=ORIENTED_EDGE('',*,*,#3340,.F.);
#2146=ORIENTED_EDGE('',*,*,#3346,.F.);
#2147=ORIENTED_EDGE('',*,*,#3335,.F.);
#2148=ORIENTED_EDGE('',*,*,#3427,.T.);
#2149=ORIENTED_EDGE('',*,*,#3342,.F.);
#2150=ORIENTED_EDGE('',*,*,#2576,.F.);
#2151=ORIENTED_EDGE('',*,*,#3317,.F.);
#2152=ORIENTED_EDGE('',*,*,#3428,.F.);
#2153=ORIENTED_EDGE('',*,*,#3313,.F.);
#2154=ORIENTED_EDGE('',*,*,#3428,.T.);
#2155=ORIENTED_EDGE('',*,*,#3316,.F.);
#2156=ORIENTED_EDGE('',*,*,#3429,.F.);
#2157=ORIENTED_EDGE('',*,*,#3425,.F.);
#2158=ORIENTED_EDGE('',*,*,#3429,.T.);
#2159=ORIENTED_EDGE('',*,*,#3315,.F.);
#2160=ORIENTED_EDGE('',*,*,#3347,.F.);
#2161=ORIENTED_EDGE('',*,*,#3344,.F.);
#2162=ORIENTED_EDGE('',*,*,#2916,.F.);
#2163=ORIENTED_EDGE('',*,*,#3430,.F.);
#2164=ORIENTED_EDGE('',*,*,#3431,.T.);
#2165=ORIENTED_EDGE('',*,*,#3432,.T.);
#2166=ORIENTED_EDGE('',*,*,#2919,.F.);
#2167=ORIENTED_EDGE('',*,*,#3433,.F.);
#2168=ORIENTED_EDGE('',*,*,#3434,.T.);
#2169=ORIENTED_EDGE('',*,*,#3430,.T.);
#2170=ORIENTED_EDGE('',*,*,#2918,.T.);
#2171=ORIENTED_EDGE('',*,*,#3435,.F.);
#2172=ORIENTED_EDGE('',*,*,#3436,.F.);
#2173=ORIENTED_EDGE('',*,*,#3433,.T.);
#2174=ORIENTED_EDGE('',*,*,#2917,.T.);
#2175=ORIENTED_EDGE('',*,*,#3432,.F.);
#2176=ORIENTED_EDGE('',*,*,#3437,.F.);
#2177=ORIENTED_EDGE('',*,*,#3435,.T.);
#2178=ORIENTED_EDGE('',*,*,#3431,.F.);
#2179=ORIENTED_EDGE('',*,*,#3434,.F.);
#2180=ORIENTED_EDGE('',*,*,#3436,.T.);
#2181=ORIENTED_EDGE('',*,*,#3437,.T.);
#2182=ORIENTED_EDGE('',*,*,#2871,.T.);
#2183=ORIENTED_EDGE('',*,*,#3438,.F.);
#2184=ORIENTED_EDGE('',*,*,#3439,.F.);
#2185=ORIENTED_EDGE('',*,*,#3440,.T.);
#2186=ORIENTED_EDGE('',*,*,#2870,.F.);
#2187=ORIENTED_EDGE('',*,*,#3441,.F.);
#2188=ORIENTED_EDGE('',*,*,#3442,.T.);
#2189=ORIENTED_EDGE('',*,*,#3438,.T.);
#2190=ORIENTED_EDGE('',*,*,#2873,.F.);
#2191=ORIENTED_EDGE('',*,*,#3443,.F.);
#2192=ORIENTED_EDGE('',*,*,#3444,.T.);
#2193=ORIENTED_EDGE('',*,*,#3441,.T.);
#2194=ORIENTED_EDGE('',*,*,#2872,.T.);
#2195=ORIENTED_EDGE('',*,*,#3440,.F.);
#2196=ORIENTED_EDGE('',*,*,#3445,.F.);
#2197=ORIENTED_EDGE('',*,*,#3443,.T.);
#2198=ORIENTED_EDGE('',*,*,#3439,.T.);
#2199=ORIENTED_EDGE('',*,*,#3442,.F.);
#2200=ORIENTED_EDGE('',*,*,#3444,.F.);
#2201=ORIENTED_EDGE('',*,*,#3445,.T.);
#2202=ORIENTED_EDGE('',*,*,#3446,.F.);
#2203=ORIENTED_EDGE('',*,*,#3142,.T.);
#2204=ORIENTED_EDGE('',*,*,#3446,.T.);
#2205=ORIENTED_EDGE('',*,*,#3447,.F.);
#2206=ORIENTED_EDGE('',*,*,#3141,.T.);
#2207=ORIENTED_EDGE('',*,*,#3447,.T.);
#2208=ORIENTED_EDGE('',*,*,#2938,.F.);
#2209=ORIENTED_EDGE('',*,*,#3448,.T.);
#2210=ORIENTED_EDGE('',*,*,#3448,.F.);
#2211=ORIENTED_EDGE('',*,*,#2937,.F.);
#2212=ORIENTED_EDGE('',*,*,#3449,.T.);
#2213=ORIENTED_EDGE('',*,*,#3449,.F.);
#2214=ORIENTED_EDGE('',*,*,#2715,.T.);
#2215=ORIENTED_EDGE('',*,*,#2733,.F.);
#2216=ORIENTED_EDGE('',*,*,#2671,.F.);
#2217=ORIENTED_EDGE('',*,*,#3450,.F.);
#2218=ORIENTED_EDGE('',*,*,#2864,.F.);
#2219=ORIENTED_EDGE('',*,*,#2858,.F.);
#2220=ORIENTED_EDGE('',*,*,#2533,.T.);
#2221=ORIENTED_EDGE('',*,*,#2862,.F.);
#2222=ORIENTED_EDGE('',*,*,#3451,.F.);
#2223=ORIENTED_EDGE('',*,*,#2672,.T.);
#2224=ORIENTED_EDGE('',*,*,#2531,.F.);
#2225=ORIENTED_EDGE('',*,*,#2856,.F.);
#2226=ORIENTED_EDGE('',*,*,#3406,.F.);
#2227=ORIENTED_EDGE('',*,*,#3403,.T.);
#2228=ORIENTED_EDGE('',*,*,#3411,.F.);
#2229=ORIENTED_EDGE('',*,*,#2838,.T.);
#2230=ORIENTED_EDGE('',*,*,#3408,.F.);
#2231=ORIENTED_EDGE('',*,*,#3401,.F.);
#2232=ORIENTED_EDGE('',*,*,#2846,.T.);
#2233=ORIENTED_EDGE('',*,*,#2850,.T.);
#2234=ORIENTED_EDGE('',*,*,#2835,.F.);
#2235=ORIENTED_EDGE('',*,*,#3412,.T.);
#2236=ORIENTED_EDGE('',*,*,#2675,.F.);
#2237=ORIENTED_EDGE('',*,*,#3394,.T.);
#2238=ORIENTED_EDGE('',*,*,#2867,.T.);
#2239=ORIENTED_EDGE('',*,*,#2690,.F.);
#2240=ORIENTED_EDGE('',*,*,#2678,.F.);
#2241=ORIENTED_EDGE('',*,*,#2689,.T.);
#2242=ORIENTED_EDGE('',*,*,#2869,.T.);
#2243=ORIENTED_EDGE('',*,*,#2684,.F.);
#2244=ORIENTED_EDGE('',*,*,#3210,.F.);
#2245=ORIENTED_EDGE('',*,*,#3207,.T.);
#2246=ORIENTED_EDGE('',*,*,#3209,.F.);
#2247=ORIENTED_EDGE('',*,*,#3203,.T.);
#2248=ORIENTED_EDGE('',*,*,#3205,.F.);
#2249=ORIENTED_EDGE('',*,*,#3199,.T.);
#2250=ORIENTED_EDGE('',*,*,#3197,.T.);
#2251=ORIENTED_EDGE('',*,*,#3201,.F.);
#2252=ORIENTED_EDGE('',*,*,#3190,.T.);
#2253=ORIENTED_EDGE('',*,*,#3193,.T.);
#2254=ORIENTED_EDGE('',*,*,#3195,.T.);
#2255=ORIENTED_EDGE('',*,*,#3452,.T.);
#2256=ORIENTED_EDGE('',*,*,#2744,.F.);
#2257=ORIENTED_EDGE('',*,*,#3453,.F.);
#2258=ORIENTED_EDGE('',*,*,#2722,.F.);
#2259=ORIENTED_EDGE('',*,*,#2721,.T.);
#2260=ORIENTED_EDGE('',*,*,#3454,.T.);
#2261=ORIENTED_EDGE('',*,*,#2745,.T.);
#2262=ORIENTED_EDGE('',*,*,#3452,.F.);
#2263=ORIENTED_EDGE('',*,*,#3455,.T.);
#2264=ORIENTED_EDGE('',*,*,#2746,.F.);
#2265=ORIENTED_EDGE('',*,*,#3454,.F.);
#2266=ORIENTED_EDGE('',*,*,#2726,.F.);
#2267=ORIENTED_EDGE('',*,*,#3456,.T.);
#2268=ORIENTED_EDGE('',*,*,#2747,.F.);
#2269=ORIENTED_EDGE('',*,*,#3455,.F.);
#2270=ORIENTED_EDGE('',*,*,#2725,.F.);
#2271=ORIENTED_EDGE('',*,*,#3457,.T.);
#2272=ORIENTED_EDGE('',*,*,#2748,.F.);
#2273=ORIENTED_EDGE('',*,*,#3456,.F.);
#2274=ORIENTED_EDGE('',*,*,#2724,.F.);
#2275=ORIENTED_EDGE('',*,*,#2723,.T.);
#2276=ORIENTED_EDGE('',*,*,#3453,.T.);
#2277=ORIENTED_EDGE('',*,*,#2743,.T.);
#2278=ORIENTED_EDGE('',*,*,#3457,.F.);
#2279=ORIENTED_EDGE('',*,*,#2709,.T.);
#2280=ORIENTED_EDGE('',*,*,#3458,.T.);
#2281=ORIENTED_EDGE('',*,*,#2727,.T.);
#2282=ORIENTED_EDGE('',*,*,#3459,.F.);
#2283=ORIENTED_EDGE('',*,*,#2714,.T.);
#2284=ORIENTED_EDGE('',*,*,#3460,.T.);
#2285=ORIENTED_EDGE('',*,*,#2728,.T.);
#2286=ORIENTED_EDGE('',*,*,#3458,.F.);
#2287=ORIENTED_EDGE('',*,*,#3461,.T.);
#2288=ORIENTED_EDGE('',*,*,#2729,.F.);
#2289=ORIENTED_EDGE('',*,*,#3460,.F.);
#2290=ORIENTED_EDGE('',*,*,#2713,.F.);
#2291=ORIENTED_EDGE('',*,*,#3462,.T.);
#2292=ORIENTED_EDGE('',*,*,#2730,.F.);
#2293=ORIENTED_EDGE('',*,*,#3461,.F.);
#2294=ORIENTED_EDGE('',*,*,#2712,.F.);
#2295=ORIENTED_EDGE('',*,*,#2711,.T.);
#2296=ORIENTED_EDGE('',*,*,#3463,.T.);
#2297=ORIENTED_EDGE('',*,*,#2731,.T.);
#2298=ORIENTED_EDGE('',*,*,#3462,.F.);
#2299=ORIENTED_EDGE('',*,*,#3459,.T.);
#2300=ORIENTED_EDGE('',*,*,#2732,.F.);
#2301=ORIENTED_EDGE('',*,*,#3463,.F.);
#2302=ORIENTED_EDGE('',*,*,#2710,.F.);
#2303=ORIENTED_EDGE('',*,*,#3464,.F.);
#2304=ORIENTED_EDGE('',*,*,#3465,.F.);
#2305=ORIENTED_EDGE('',*,*,#3466,.F.);
#2306=ORIENTED_EDGE('',*,*,#3467,.F.);
#2307=ORIENTED_EDGE('',*,*,#3468,.T.);
#2308=ORIENTED_EDGE('',*,*,#2525,.F.);
#2309=ORIENTED_EDGE('',*,*,#2666,.F.);
#2310=ORIENTED_EDGE('',*,*,#2554,.T.);
#2311=ORIENTED_EDGE('',*,*,#3469,.T.);
#2312=ORIENTED_EDGE('',*,*,#3268,.F.);
#2313=ORIENTED_EDGE('',*,*,#3470,.T.);
#2314=ORIENTED_EDGE('',*,*,#3467,.T.);
#2315=ORIENTED_EDGE('',*,*,#3471,.T.);
#2316=ORIENTED_EDGE('',*,*,#3267,.F.);
#2317=ORIENTED_EDGE('',*,*,#2526,.F.);
#2318=ORIENTED_EDGE('',*,*,#3468,.F.);
#2319=ORIENTED_EDGE('',*,*,#3470,.F.);
#2320=ORIENTED_EDGE('',*,*,#3269,.F.);
#2321=ORIENTED_EDGE('',*,*,#3471,.F.);
#2322=ORIENTED_EDGE('',*,*,#3469,.F.);
#2323=ORIENTED_EDGE('',*,*,#2553,.F.);
#2324=ORIENTED_EDGE('',*,*,#2673,.T.);
#2325=ORIENTED_EDGE('',*,*,#3451,.T.);
#2326=ORIENTED_EDGE('',*,*,#2861,.F.);
#2327=ORIENTED_EDGE('',*,*,#3395,.T.);
#2328=ORIENTED_EDGE('',*,*,#2670,.T.);
#2329=ORIENTED_EDGE('',*,*,#3396,.T.);
#2330=ORIENTED_EDGE('',*,*,#2865,.F.);
#2331=ORIENTED_EDGE('',*,*,#3450,.T.);
#2332=ORIENTED_EDGE('',*,*,#2683,.T.);
#2333=ORIENTED_EDGE('',*,*,#3472,.T.);
#2334=ORIENTED_EDGE('',*,*,#2518,.T.);
#2335=ORIENTED_EDGE('',*,*,#2668,.T.);
#2336=ORIENTED_EDGE('',*,*,#3249,.F.);
#2337=ORIENTED_EDGE('',*,*,#3473,.T.);
#2338=ORIENTED_EDGE('',*,*,#3418,.T.);
#2339=ORIENTED_EDGE('',*,*,#3474,.T.);
#2340=ORIENTED_EDGE('',*,*,#3419,.F.);
#2341=ORIENTED_EDGE('',*,*,#3473,.F.);
#2342=ORIENTED_EDGE('',*,*,#3248,.F.);
#2343=ORIENTED_EDGE('',*,*,#2497,.F.);
#2344=ORIENTED_EDGE('',*,*,#3420,.F.);
#2345=ORIENTED_EDGE('',*,*,#3413,.F.);
#2346=ORIENTED_EDGE('',*,*,#3250,.F.);
#2347=ORIENTED_EDGE('',*,*,#3474,.F.);
#2348=ORIENTED_EDGE('',*,*,#3466,.T.);
#2349=ORIENTED_EDGE('',*,*,#3266,.T.);
#2350=ORIENTED_EDGE('',*,*,#3247,.T.);
#2351=ORIENTED_EDGE('',*,*,#3417,.F.);
#2352=ORIENTED_EDGE('',*,*,#3465,.T.);
#2353=ORIENTED_EDGE('',*,*,#3265,.T.);
#2354=ORIENTED_EDGE('',*,*,#3464,.T.);
#2355=ORIENTED_EDGE('',*,*,#3264,.T.);
#2356=ORIENTED_EDGE('',*,*,#3246,.T.);
#2357=ORIENTED_EDGE('',*,*,#3416,.F.);
#2358=ORIENTED_EDGE('',*,*,#3245,.T.);
#2359=ORIENTED_EDGE('',*,*,#3415,.F.);
#2360=ORIENTED_EDGE('',*,*,#3143,.F.);
#2361=ORIENTED_EDGE('',*,*,#2566,.F.);
#2362=ORIENTED_EDGE('',*,*,#3475,.F.);
#2363=ORIENTED_EDGE('',*,*,#3129,.F.);
#2364=ORIENTED_EDGE('',*,*,#3475,.T.);
#2365=ORIENTED_EDGE('',*,*,#2565,.F.);
#2366=ORIENTED_EDGE('',*,*,#3476,.F.);
#2367=ORIENTED_EDGE('',*,*,#3098,.F.);
#2368=ORIENTED_EDGE('',*,*,#3476,.T.);
#2369=ORIENTED_EDGE('',*,*,#2564,.F.);
#2370=ORIENTED_EDGE('',*,*,#3477,.F.);
#2371=ORIENTED_EDGE('',*,*,#3116,.F.);
#2372=ORIENTED_EDGE('',*,*,#3477,.T.);
#2373=ORIENTED_EDGE('',*,*,#2563,.F.);
#2374=ORIENTED_EDGE('',*,*,#3478,.F.);
#2375=ORIENTED_EDGE('',*,*,#3114,.F.);
#2376=ORIENTED_EDGE('',*,*,#3478,.T.);
#2377=ORIENTED_EDGE('',*,*,#2562,.F.);
#2378=ORIENTED_EDGE('',*,*,#3479,.F.);
#2379=ORIENTED_EDGE('',*,*,#3132,.F.);
#2380=ORIENTED_EDGE('',*,*,#3479,.T.);
#2381=ORIENTED_EDGE('',*,*,#2561,.F.);
#2382=ORIENTED_EDGE('',*,*,#3480,.F.);
#2383=ORIENTED_EDGE('',*,*,#3135,.F.);
#2384=ORIENTED_EDGE('',*,*,#3329,.F.);
#2385=ORIENTED_EDGE('',*,*,#3305,.F.);
#2386=ORIENTED_EDGE('',*,*,#3480,.T.);
#2387=ORIENTED_EDGE('',*,*,#2560,.F.);
#2388=ORIENTED_EDGE('',*,*,#2949,.F.);
#2389=ORIENTED_EDGE('',*,*,#3055,.F.);
#2390=ORIENTED_EDGE('',*,*,#3481,.F.);
#2391=ORIENTED_EDGE('',*,*,#2591,.F.);
#2392=ORIENTED_EDGE('',*,*,#3481,.T.);
#2393=ORIENTED_EDGE('',*,*,#3049,.F.);
#2394=ORIENTED_EDGE('',*,*,#3482,.F.);
#2395=ORIENTED_EDGE('',*,*,#2592,.F.);
#2396=ORIENTED_EDGE('',*,*,#3482,.T.);
#2397=ORIENTED_EDGE('',*,*,#3045,.F.);
#2398=ORIENTED_EDGE('',*,*,#3483,.F.);
#2399=ORIENTED_EDGE('',*,*,#2593,.F.);
#2400=ORIENTED_EDGE('',*,*,#3483,.T.);
#2401=ORIENTED_EDGE('',*,*,#3043,.F.);
#2402=ORIENTED_EDGE('',*,*,#3484,.F.);
#2403=ORIENTED_EDGE('',*,*,#2594,.F.);
#2404=ORIENTED_EDGE('',*,*,#3484,.T.);
#2405=ORIENTED_EDGE('',*,*,#3041,.F.);
#2406=ORIENTED_EDGE('',*,*,#3485,.F.);
#2407=ORIENTED_EDGE('',*,*,#2595,.F.);
#2408=ORIENTED_EDGE('',*,*,#3485,.T.);
#2409=ORIENTED_EDGE('',*,*,#3039,.F.);
#2410=ORIENTED_EDGE('',*,*,#3486,.F.);
#2411=ORIENTED_EDGE('',*,*,#2596,.F.);
#2412=ORIENTED_EDGE('',*,*,#3326,.F.);
#2413=ORIENTED_EDGE('',*,*,#2597,.F.);
#2414=ORIENTED_EDGE('',*,*,#3486,.T.);
#2415=ORIENTED_EDGE('',*,*,#3308,.F.);
#2416=ORIENTED_EDGE('',*,*,#2537,.T.);
#2417=ORIENTED_EDGE('',*,*,#2556,.T.);
#2418=ORIENTED_EDGE('',*,*,#2681,.T.);
#2419=ORIENTED_EDGE('',*,*,#2541,.F.);
#2420=ORIENTED_EDGE('',*,*,#2522,.T.);
#2421=ORIENTED_EDGE('',*,*,#2519,.F.);
#2422=ORIENTED_EDGE('',*,*,#3472,.F.);
#2423=ORIENTED_EDGE('',*,*,#2682,.F.);
#2424=ORIENTED_EDGE('',*,*,#2512,.T.);
#2425=ORIENTED_EDGE('',*,*,#2515,.T.);
#2426=ORIENTED_EDGE('',*,*,#3410,.F.);
#2427=ORIENTED_EDGE('',*,*,#2509,.F.);
#2428=ORIENTED_EDGE('',*,*,#2494,.T.);
#2429=ORIENTED_EDGE('',*,*,#2488,.T.);
#2430=ORIENTED_EDGE('',*,*,#2492,.F.);
#2431=ORIENTED_EDGE('',*,*,#2485,.F.);
#2432=ORIENTED_EDGE('',*,*,#3487,.T.);
#2433=ORIENTED_EDGE('',*,*,#3488,.F.);
#2434=ORIENTED_EDGE('',*,*,#2702,.T.);
#2435=ORIENTED_EDGE('',*,*,#3488,.T.);
#2436=ORIENTED_EDGE('',*,*,#3489,.F.);
#2437=ORIENTED_EDGE('',*,*,#2703,.T.);
#2438=ORIENTED_EDGE('',*,*,#3489,.T.);
#2439=ORIENTED_EDGE('',*,*,#3490,.F.);
#2440=ORIENTED_EDGE('',*,*,#2704,.T.);
#2441=ORIENTED_EDGE('',*,*,#3490,.T.);
#2442=ORIENTED_EDGE('',*,*,#3491,.F.);
#2443=ORIENTED_EDGE('',*,*,#2705,.T.);
#2444=ORIENTED_EDGE('',*,*,#3491,.T.);
#2445=ORIENTED_EDGE('',*,*,#3492,.F.);
#2446=ORIENTED_EDGE('',*,*,#2706,.T.);
#2447=ORIENTED_EDGE('',*,*,#3492,.T.);
#2448=ORIENTED_EDGE('',*,*,#3493,.F.);
#2449=ORIENTED_EDGE('',*,*,#2707,.T.);
#2450=ORIENTED_EDGE('',*,*,#3493,.T.);
#2451=ORIENTED_EDGE('',*,*,#3494,.F.);
#2452=ORIENTED_EDGE('',*,*,#2708,.T.);
#2453=ORIENTED_EDGE('',*,*,#3494,.T.);
#2454=ORIENTED_EDGE('',*,*,#3487,.F.);
#2455=ORIENTED_EDGE('',*,*,#2701,.T.);
#2456=ORIENTED_EDGE('',*,*,#3495,.T.);
#2457=ORIENTED_EDGE('',*,*,#3496,.F.);
#2458=ORIENTED_EDGE('',*,*,#2694,.T.);
#2459=ORIENTED_EDGE('',*,*,#3496,.T.);
#2460=ORIENTED_EDGE('',*,*,#3497,.F.);
#2461=ORIENTED_EDGE('',*,*,#2695,.T.);
#2462=ORIENTED_EDGE('',*,*,#3497,.T.);
#2463=ORIENTED_EDGE('',*,*,#3498,.F.);
#2464=ORIENTED_EDGE('',*,*,#2696,.T.);
#2465=ORIENTED_EDGE('',*,*,#3498,.T.);
#2466=ORIENTED_EDGE('',*,*,#3499,.F.);
#2467=ORIENTED_EDGE('',*,*,#2697,.T.);
#2468=ORIENTED_EDGE('',*,*,#3499,.T.);
#2469=ORIENTED_EDGE('',*,*,#3500,.F.);
#2470=ORIENTED_EDGE('',*,*,#2698,.T.);
#2471=ORIENTED_EDGE('',*,*,#3500,.T.);
#2472=ORIENTED_EDGE('',*,*,#3501,.F.);
#2473=ORIENTED_EDGE('',*,*,#2699,.T.);
#2474=ORIENTED_EDGE('',*,*,#3501,.T.);
#2475=ORIENTED_EDGE('',*,*,#3502,.F.);
#2476=ORIENTED_EDGE('',*,*,#2700,.T.);
#2477=ORIENTED_EDGE('',*,*,#3502,.T.);
#2478=ORIENTED_EDGE('',*,*,#3495,.F.);
#2479=ORIENTED_EDGE('',*,*,#2693,.T.);
#2480=ORIENTED_EDGE('',*,*,#3243,.T.);
#2481=ORIENTED_EDGE('',*,*,#3325,.T.);
#2482=ORIENTED_EDGE('',*,*,#3239,.T.);
#2483=ORIENTED_EDGE('',*,*,#3328,.T.);
#2484=EDGE_CURVE('',#3503,#3504,#4183,.T.);
#2485=EDGE_CURVE('',#3503,#3505,#4184,.T.);
#2486=EDGE_CURVE('',#3505,#3506,#4185,.T.);
#2487=EDGE_CURVE('',#3506,#3504,#4186,.T.);
#2488=EDGE_CURVE('',#3507,#3508,#4187,.T.);
#2489=EDGE_CURVE('',#3507,#3509,#4188,.T.);
#2490=EDGE_CURVE('',#3509,#3510,#4189,.T.);
#2491=EDGE_CURVE('',#3508,#3510,#4190,.T.);
#2492=EDGE_CURVE('',#3505,#3508,#4191,.T.);
#2493=EDGE_CURVE('',#3510,#3506,#4192,.T.);
#2494=EDGE_CURVE('',#3503,#3507,#4193,.T.);
#2495=EDGE_CURVE('',#3504,#3511,#4194,.T.);
#2496=EDGE_CURVE('',#3512,#3511,#4195,.T.);
#2497=EDGE_CURVE('',#3512,#3513,#4196,.T.);
#2498=EDGE_CURVE('',#3513,#3514,#4197,.T.);
#2499=EDGE_CURVE('',#3515,#3514,#4198,.T.);
#2500=EDGE_CURVE('',#3516,#3515,#4199,.T.);
#2501=EDGE_CURVE('',#3517,#3516,#4200,.T.);
#2502=EDGE_CURVE('',#3517,#3518,#4201,.T.);
#2503=EDGE_CURVE('',#3519,#3518,#4202,.T.);
#2504=EDGE_CURVE('',#3520,#3519,#4203,.T.);
#2505=EDGE_CURVE('',#3521,#3520,#4204,.T.);
#2506=EDGE_CURVE('',#3521,#3522,#4205,.T.);
#2507=EDGE_CURVE('',#3522,#3509,#4206,.T.);
#2508=EDGE_CURVE('',#3523,#3524,#231,.T.);
#2509=EDGE_CURVE('',#3523,#3525,#4207,.T.);
#2510=EDGE_CURVE('',#3525,#3526,#4208,.T.);
#2511=EDGE_CURVE('',#3526,#3524,#4209,.T.);
#2512=EDGE_CURVE('',#3523,#3527,#4210,.T.);
#2513=EDGE_CURVE('',#3528,#3524,#4211,.T.);
#2514=EDGE_CURVE('',#3527,#3528,#232,.T.);
#2515=EDGE_CURVE('',#3527,#3529,#4212,.T.);
#2516=EDGE_CURVE('',#3528,#3530,#4213,.T.);
#2517=EDGE_CURVE('',#3529,#3530,#4214,.T.);
#2518=EDGE_CURVE('',#3531,#3532,#4215,.T.);
#2519=EDGE_CURVE('',#3531,#3533,#4216,.T.);
#2520=EDGE_CURVE('',#3533,#3534,#4217,.T.);
#2521=EDGE_CURVE('',#3534,#3532,#4218,.T.);
#2522=EDGE_CURVE('',#3535,#3533,#4219,.T.);
#2523=EDGE_CURVE('',#3535,#3536,#4220,.T.);
#2524=EDGE_CURVE('',#3537,#3536,#4221,.T.);
#2525=EDGE_CURVE('',#3537,#3538,#4222,.T.);
#2526=EDGE_CURVE('',#3538,#3539,#4223,.F.);
#2527=EDGE_CURVE('',#3539,#3540,#4224,.T.);
#2528=EDGE_CURVE('',#3541,#3540,#4225,.T.);
#2529=EDGE_CURVE('',#3542,#3541,#4226,.T.);
#2530=EDGE_CURVE('',#3543,#3542,#4227,.T.);
#2531=EDGE_CURVE('',#3543,#3544,#4228,.T.);
#2532=EDGE_CURVE('',#3545,#3544,#4229,.T.);
#2533=EDGE_CURVE('',#3546,#3545,#4230,.T.);
#2534=EDGE_CURVE('',#3547,#3546,#4231,.T.);
#2535=EDGE_CURVE('',#3547,#3548,#4232,.T.);
#2536=EDGE_CURVE('',#3548,#3534,#4233,.T.);
#2537=EDGE_CURVE('',#3549,#3550,#4234,.T.);
#2538=EDGE_CURVE('',#3549,#3551,#4235,.T.);
#2539=EDGE_CURVE('',#3552,#3551,#4236,.T.);
#2540=EDGE_CURVE('',#3552,#3550,#233,.T.);
#2541=EDGE_CURVE('',#3549,#3553,#4237,.T.);
#2542=EDGE_CURVE('',#3553,#3554,#4238,.T.);
#2543=EDGE_CURVE('',#3554,#3555,#4239,.T.);
#2544=EDGE_CURVE('',#3556,#3555,#4240,.T.);
#2545=EDGE_CURVE('',#3556,#3557,#4241,.T.);
#2546=EDGE_CURVE('',#3557,#3558,#4242,.T.);
#2547=EDGE_CURVE('',#3559,#3558,#4243,.T.);
#2548=EDGE_CURVE('',#3560,#3559,#4244,.T.);
#2549=EDGE_CURVE('',#3560,#3561,#4245,.T.);
#2550=EDGE_CURVE('',#3561,#3562,#4246,.T.);
#2551=EDGE_CURVE('',#3562,#3563,#4247,.T.);
#2552=EDGE_CURVE('',#3564,#3563,#4248,.T.);
#2553=EDGE_CURVE('',#3564,#3565,#4249,.T.);
#2554=EDGE_CURVE('',#3566,#3565,#4250,.T.);
#2555=EDGE_CURVE('',#3551,#3566,#4251,.T.);
#2556=EDGE_CURVE('',#3550,#3567,#4252,.T.);
#2557=EDGE_CURVE('',#3568,#3552,#4253,.T.);
#2558=EDGE_CURVE('',#3568,#3567,#234,.T.);
#2559=EDGE_CURVE('',#3569,#3570,#4254,.T.);
#2560=EDGE_CURVE('',#3570,#3571,#4255,.T.);
#2561=EDGE_CURVE('',#3571,#3572,#235,.T.);
#2562=EDGE_CURVE('',#3572,#3573,#236,.F.);
#2563=EDGE_CURVE('',#3573,#3574,#237,.T.);
#2564=EDGE_CURVE('',#3574,#3575,#4256,.T.);
#2565=EDGE_CURVE('',#3575,#3576,#238,.T.);
#2566=EDGE_CURVE('',#3576,#3577,#4257,.T.);
#2567=EDGE_CURVE('',#3577,#3578,#4258,.T.);
#2568=EDGE_CURVE('',#3578,#3579,#4259,.T.);
#2569=EDGE_CURVE('',#3580,#3579,#4260,.T.);
#2570=EDGE_CURVE('',#3581,#3580,#4261,.T.);
#2571=EDGE_CURVE('',#3581,#3582,#4262,.T.);
#2572=EDGE_CURVE('',#3582,#3583,#4263,.T.);
#2573=EDGE_CURVE('',#3584,#3583,#4264,.T.);
#2574=EDGE_CURVE('',#3584,#3585,#239,.F.);
#2575=EDGE_CURVE('',#3586,#3585,#4265,.T.);
#2576=EDGE_CURVE('',#3586,#3587,#240,.F.);
#2577=EDGE_CURVE('',#3588,#3587,#4266,.T.);
#2578=EDGE_CURVE('',#3588,#3589,#241,.F.);
#2579=EDGE_CURVE('',#3589,#3590,#4267,.T.);
#2580=EDGE_CURVE('',#3590,#3591,#242,.T.);
#2581=EDGE_CURVE('',#3591,#3592,#4268,.T.);
#2582=EDGE_CURVE('',#3592,#3593,#243,.T.);
#2583=EDGE_CURVE('',#3593,#3594,#4269,.T.);
#2584=EDGE_CURVE('',#3595,#3594,#4270,.T.);
#2585=EDGE_CURVE('',#3595,#3596,#4271,.T.);
#2586=EDGE_CURVE('',#3597,#3596,#4272,.T.);
#2587=EDGE_CURVE('',#3597,#3598,#4273,.T.);
#2588=EDGE_CURVE('',#3599,#3598,#4274,.T.);
#2589=EDGE_CURVE('',#3599,#3600,#4275,.T.);
#2590=EDGE_CURVE('',#3600,#3601,#4276,.T.);
#2591=EDGE_CURVE('',#3601,#3602,#4277,.T.);
#2592=EDGE_CURVE('',#3602,#3603,#244,.T.);
#2593=EDGE_CURVE('',#3603,#3604,#4278,.T.);
#2594=EDGE_CURVE('',#3604,#3605,#245,.T.);
#2595=EDGE_CURVE('',#3605,#3606,#246,.F.);
#2596=EDGE_CURVE('',#3606,#3607,#247,.T.);
#2597=EDGE_CURVE('',#3607,#3608,#4279,.T.);
#2598=EDGE_CURVE('',#3609,#3608,#4280,.T.);
#2599=EDGE_CURVE('',#3609,#3610,#4281,.T.);
#2600=EDGE_CURVE('',#3611,#3610,#248,.F.);
#2601=EDGE_CURVE('',#3611,#3612,#4282,.T.);
#2602=EDGE_CURVE('',#3613,#3612,#249,.T.);
#2603=EDGE_CURVE('',#3614,#3613,#4283,.T.);
#2604=EDGE_CURVE('',#3615,#3614,#250,.T.);
#2605=EDGE_CURVE('',#3563,#3615,#4284,.T.);
#2606=EDGE_CURVE('',#3541,#3562,#4285,.T.);
#2607=EDGE_CURVE('',#3616,#3540,#4286,.T.);
#2608=EDGE_CURVE('',#3616,#3617,#4287,.T.);
#2609=EDGE_CURVE('',#3617,#3618,#251,.F.);
#2610=EDGE_CURVE('',#3619,#3618,#4288,.T.);
#2611=EDGE_CURVE('',#3619,#3620,#252,.F.);
#2612=EDGE_CURVE('',#3621,#3620,#4289,.T.);
#2613=EDGE_CURVE('',#3621,#3622,#253,.T.);
#2614=EDGE_CURVE('',#3622,#3623,#254,.T.);
#2615=EDGE_CURVE('',#3623,#3624,#255,.F.);
#2616=EDGE_CURVE('',#3624,#3625,#256,.T.);
#2617=EDGE_CURVE('',#3625,#3626,#4290,.T.);
#2618=EDGE_CURVE('',#3626,#3627,#257,.T.);
#2619=EDGE_CURVE('',#3627,#3628,#258,.F.);
#2620=EDGE_CURVE('',#3628,#3629,#259,.T.);
#2621=EDGE_CURVE('',#3629,#3630,#260,.T.);
#2622=EDGE_CURVE('',#3630,#3631,#4291,.T.);
#2623=EDGE_CURVE('',#3631,#3632,#261,.F.);
#2624=EDGE_CURVE('',#3632,#3633,#4292,.T.);
#2625=EDGE_CURVE('',#3633,#3634,#262,.F.);
#2626=EDGE_CURVE('',#3635,#3634,#4293,.T.);
#2627=EDGE_CURVE('',#3635,#3636,#4294,.T.);
#2628=EDGE_CURVE('',#3636,#3637,#4295,.T.);
#2629=EDGE_CURVE('',#3637,#3638,#4296,.T.);
#2630=EDGE_CURVE('',#3638,#3515,#4297,.T.);
#2631=EDGE_CURVE('',#3514,#3639,#4298,.T.);
#2632=EDGE_CURVE('',#3640,#3639,#263,.T.);
#2633=EDGE_CURVE('',#3641,#3640,#4299,.T.);
#2634=EDGE_CURVE('',#3642,#3641,#264,.T.);
#2635=EDGE_CURVE('',#3643,#3642,#4300,.T.);
#2636=EDGE_CURVE('',#3644,#3643,#265,.F.);
#2637=EDGE_CURVE('',#3644,#3569,#4301,.T.);
#2638=EDGE_CURVE('',#3645,#3646,#266,.T.);
#2639=EDGE_CURVE('',#3646,#3647,#267,.F.);
#2640=EDGE_CURVE('',#3647,#3648,#4302,.T.);
#2641=EDGE_CURVE('',#3648,#3649,#268,.F.);
#2642=EDGE_CURVE('',#3649,#3650,#4303,.T.);
#2643=EDGE_CURVE('',#3650,#3651,#269,.F.);
#2644=EDGE_CURVE('',#3651,#3652,#4304,.T.);
#2645=EDGE_CURVE('',#3652,#3653,#270,.F.);
#2646=EDGE_CURVE('',#3653,#3654,#271,.F.);
#2647=EDGE_CURVE('',#3654,#3655,#272,.T.);
#2648=EDGE_CURVE('',#3655,#3645,#4305,.T.);
#2649=EDGE_CURVE('',#3656,#3657,#4306,.T.);
#2650=EDGE_CURVE('',#3657,#3658,#4307,.T.);
#2651=EDGE_CURVE('',#3659,#3658,#273,.T.);
#2652=EDGE_CURVE('',#3660,#3659,#4308,.T.);
#2653=EDGE_CURVE('',#3660,#3656,#4309,.T.);
#2654=EDGE_CURVE('',#3661,#3662,#4310,.T.);
#2655=EDGE_CURVE('',#3662,#3522,#4311,.T.);
#2656=EDGE_CURVE('',#3521,#3663,#4312,.T.);
#2657=EDGE_CURVE('',#3663,#3661,#4313,.T.);
#2658=EDGE_CURVE('',#3519,#3664,#4314,.T.);
#2659=EDGE_CURVE('',#3664,#3665,#4315,.T.);
#2660=EDGE_CURVE('',#3666,#3665,#4316,.T.);
#2661=EDGE_CURVE('',#3520,#3666,#4317,.T.);
#2662=EDGE_CURVE('',#3518,#3667,#4318,.T.);
#2663=EDGE_CURVE('',#3668,#3517,#4319,.T.);
#2664=EDGE_CURVE('',#3669,#3668,#4320,.T.);
#2665=EDGE_CURVE('',#3667,#3669,#4321,.T.);
#2666=EDGE_CURVE('',#3566,#3537,#4322,.T.);
#2667=EDGE_CURVE('',#3536,#3670,#4323,.T.);
#2668=EDGE_CURVE('',#3532,#3670,#4324,.T.);
#2669=EDGE_CURVE('',#3671,#3548,#4325,.T.);
#2670=EDGE_CURVE('',#3672,#3671,#4326,.T.);
#2671=EDGE_CURVE('',#3672,#3545,#4327,.T.);
#2672=EDGE_CURVE('',#3673,#3544,#4328,.T.);
#2673=EDGE_CURVE('',#3674,#3673,#4329,.T.);
#2674=EDGE_CURVE('',#3675,#3674,#4330,.T.);
#2675=EDGE_CURVE('',#3675,#3676,#4331,.T.);
#2676=EDGE_CURVE('',#3559,#3676,#4332,.T.);
#2677=EDGE_CURVE('',#3558,#3677,#4333,.T.);
#2678=EDGE_CURVE('',#3677,#3678,#4334,.T.);
#2679=EDGE_CURVE('',#3555,#3678,#4335,.T.);
#2680=EDGE_CURVE('',#3568,#3554,#4336,.T.);
#2681=EDGE_CURVE('',#3567,#3553,#4337,.T.);
#2682=EDGE_CURVE('',#3535,#3679,#4338,.T.);
#2683=EDGE_CURVE('',#3670,#3679,#4339,.T.);
#2684=EDGE_CURVE('',#3678,#3680,#274,.T.);
#2685=EDGE_CURVE('',#3681,#3680,#4340,.T.);
#2686=EDGE_CURVE('',#3681,#3556,#4341,.T.);
#2687=EDGE_CURVE('',#3682,#3557,#4342,.T.);
#2688=EDGE_CURVE('',#3682,#3683,#4343,.T.);
#2689=EDGE_CURVE('',#3677,#3683,#275,.T.);
#2690=EDGE_CURVE('',#3676,#3684,#276,.T.);
#2691=EDGE_CURVE('',#3684,#3685,#4344,.T.);
#2692=EDGE_CURVE('',#3560,#3685,#4345,.T.);
#2693=EDGE_CURVE('',#3686,#3687,#4346,.T.);
#2694=EDGE_CURVE('',#3688,#3686,#4347,.T.);
#2695=EDGE_CURVE('',#3689,#3688,#4348,.T.);
#2696=EDGE_CURVE('',#3690,#3689,#4349,.T.);
#2697=EDGE_CURVE('',#3691,#3690,#4350,.T.);
#2698=EDGE_CURVE('',#3692,#3691,#4351,.T.);
#2699=EDGE_CURVE('',#3693,#3692,#4352,.T.);
#2700=EDGE_CURVE('',#3687,#3693,#4353,.T.);
#2701=EDGE_CURVE('',#3694,#3695,#4354,.T.);
#2702=EDGE_CURVE('',#3696,#3694,#4355,.T.);
#2703=EDGE_CURVE('',#3697,#3696,#4356,.T.);
#2704=EDGE_CURVE('',#3698,#3697,#4357,.T.);
#2705=EDGE_CURVE('',#3699,#3698,#4358,.T.);
#2706=EDGE_CURVE('',#3700,#3699,#4359,.T.);
#2707=EDGE_CURVE('',#3701,#3700,#4360,.T.);
#2708=EDGE_CURVE('',#3695,#3701,#4361,.T.);
#2709=EDGE_CURVE('',#3702,#3703,#277,.F.);
#2710=EDGE_CURVE('',#3702,#3704,#4362,.T.);
#2711=EDGE_CURVE('',#3705,#3704,#4363,.T.);
#2712=EDGE_CURVE('',#3705,#3706,#278,.F.);
#2713=EDGE_CURVE('',#3706,#3707,#4364,.T.);
#2714=EDGE_CURVE('',#3703,#3707,#4365,.T.);
#2715=EDGE_CURVE('',#3708,#3708,#279,.T.);
#2716=EDGE_CURVE('',#3709,#3710,#4366,.T.);
#2717=EDGE_CURVE('',#3709,#3711,#4367,.F.);
#2718=EDGE_CURVE('',#3711,#3712,#4368,.T.);
#2719=EDGE_CURVE('',#3712,#3710,#4369,.T.);
#2720=EDGE_CURVE('',#3713,#3713,#280,.T.);
#2721=EDGE_CURVE('',#3714,#3715,#4370,.T.);
#2722=EDGE_CURVE('',#3714,#3716,#4371,.T.);
#2723=EDGE_CURVE('',#3717,#3716,#281,.F.);
#2724=EDGE_CURVE('',#3717,#3718,#4372,.T.);
#2725=EDGE_CURVE('',#3718,#3719,#4373,.T.);
#2726=EDGE_CURVE('',#3719,#3715,#282,.F.);
#2727=EDGE_CURVE('',#3720,#3721,#283,.F.);
#2728=EDGE_CURVE('',#3722,#3720,#4374,.T.);
#2729=EDGE_CURVE('',#3722,#3723,#4375,.T.);
#2730=EDGE_CURVE('',#3723,#3724,#284,.F.);
#2731=EDGE_CURVE('',#3725,#3724,#4376,.T.);
#2732=EDGE_CURVE('',#3725,#3721,#4377,.T.);
#2733=EDGE_CURVE('',#3726,#3726,#285,.T.);
#2734=EDGE_CURVE('',#3727,#3728,#4378,.T.);
#2735=EDGE_CURVE('',#3729,#3727,#286,.T.);
#2736=EDGE_CURVE('',#3730,#3729,#4379,.T.);
#2737=EDGE_CURVE('',#3731,#3730,#287,.T.);
#2738=EDGE_CURVE('',#3732,#3731,#4380,.T.);
#2739=EDGE_CURVE('',#3733,#3732,#288,.T.);
#2740=EDGE_CURVE('',#3734,#3733,#4381,.T.);
#2741=EDGE_CURVE('',#3728,#3734,#289,.T.);
#2742=EDGE_CURVE('',#3735,#3735,#290,.T.);
#2743=EDGE_CURVE('',#3736,#3737,#291,.F.);
#2744=EDGE_CURVE('',#3736,#3738,#4382,.T.);
#2745=EDGE_CURVE('',#3739,#3738,#4383,.T.);
#2746=EDGE_CURVE('',#3739,#3740,#292,.F.);
#2747=EDGE_CURVE('',#3740,#3741,#4384,.T.);
#2748=EDGE_CURVE('',#3741,#3737,#4385,.T.);
#2749=EDGE_CURVE('',#3742,#3742,#293,.T.);
#2750=EDGE_CURVE('',#3743,#3744,#294,.T.);
#2751=EDGE_CURVE('',#3743,#3745,#4386,.T.);
#2752=EDGE_CURVE('',#3745,#3746,#295,.T.);
#2753=EDGE_CURVE('',#3746,#3747,#4387,.T.);
#2754=EDGE_CURVE('',#3747,#3748,#4388,.T.);
#2755=EDGE_CURVE('',#3748,#3749,#296,.T.);
#2756=EDGE_CURVE('',#3749,#3750,#4389,.T.);
#2757=EDGE_CURVE('',#3750,#3751,#4390,.T.);
#2758=EDGE_CURVE('',#3751,#3752,#4391,.T.);
#2759=EDGE_CURVE('',#3752,#3753,#4392,.T.);
#2760=EDGE_CURVE('',#3753,#3754,#297,.F.);
#2761=EDGE_CURVE('',#3754,#3755,#298,.T.);
#2762=EDGE_CURVE('',#3755,#3756,#299,.F.);
#2763=EDGE_CURVE('',#3757,#3756,#4393,.T.);
#2764=EDGE_CURVE('',#3758,#3757,#4394,.T.);
#2765=EDGE_CURVE('',#3744,#3758,#4395,.T.);
#2766=EDGE_CURVE('',#3745,#3759,#4396,.F.);
#2767=EDGE_CURVE('',#3759,#3760,#61,.T.);
#2768=EDGE_CURVE('',#3760,#3761,#4397,.F.);
#2769=EDGE_CURVE('',#3761,#3762,#300,.T.);
#2770=EDGE_CURVE('',#3762,#3746,#4398,.T.);
#2771=EDGE_CURVE('',#3763,#3764,#4399,.T.);
#2772=EDGE_CURVE('',#3763,#3765,#4400,.T.);
#2773=EDGE_CURVE('',#3765,#3766,#301,.T.);
#2774=EDGE_CURVE('',#3766,#3636,#4401,.T.);
#2775=EDGE_CURVE('',#3635,#3764,#4402,.T.);
#2776=EDGE_CURVE('',#3743,#3767,#4403,.F.);
#2777=EDGE_CURVE('',#3644,#3744,#4404,.T.);
#2778=EDGE_CURVE('',#3643,#3768,#4405,.T.);
#2779=EDGE_CURVE('',#3768,#3767,#62,.T.);
#2780=EDGE_CURVE('',#3763,#3769,#4406,.T.);
#2781=EDGE_CURVE('',#3770,#3764,#4407,.T.);
#2782=EDGE_CURVE('',#3770,#3771,#302,.T.);
#2783=EDGE_CURVE('',#3771,#3772,#4408,.T.);
#2784=EDGE_CURVE('',#3772,#3773,#303,.T.);
#2785=EDGE_CURVE('',#3773,#3774,#4409,.T.);
#2786=EDGE_CURVE('',#3774,#3775,#304,.F.);
#2787=EDGE_CURVE('',#3775,#3776,#305,.F.);
#2788=EDGE_CURVE('',#3776,#3777,#306,.T.);
#2789=EDGE_CURVE('',#3777,#3778,#307,.F.);
#2790=EDGE_CURVE('',#3778,#3779,#4410,.T.);
#2791=EDGE_CURVE('',#3779,#3780,#308,.F.);
#2792=EDGE_CURVE('',#3780,#3781,#309,.T.);
#2793=EDGE_CURVE('',#3781,#3782,#310,.F.);
#2794=EDGE_CURVE('',#3782,#3783,#311,.F.);
#2795=EDGE_CURVE('',#3784,#3783,#4411,.T.);
#2796=EDGE_CURVE('',#3784,#3785,#312,.T.);
#2797=EDGE_CURVE('',#3786,#3785,#4412,.T.);
#2798=EDGE_CURVE('',#3786,#3787,#313,.T.);
#2799=EDGE_CURVE('',#3787,#3788,#4413,.T.);
#2800=EDGE_CURVE('',#3788,#3789,#314,.F.);
#2801=EDGE_CURVE('',#3789,#3790,#4414,.T.);
#2802=EDGE_CURVE('',#3791,#3790,#4415,.T.);
#2803=EDGE_CURVE('',#3791,#3792,#4416,.T.);
#2804=EDGE_CURVE('',#3792,#3793,#315,.F.);
#2805=EDGE_CURVE('',#3793,#3794,#4417,.T.);
#2806=EDGE_CURVE('',#3794,#3795,#316,.F.);
#2807=EDGE_CURVE('',#3710,#3795,#4418,.T.);
#2808=EDGE_CURVE('',#3796,#3712,#4419,.T.);
#2809=EDGE_CURVE('',#3796,#3797,#317,.F.);
#2810=EDGE_CURVE('',#3798,#3797,#4420,.T.);
#2811=EDGE_CURVE('',#3798,#3799,#318,.F.);
#2812=EDGE_CURVE('',#3800,#3799,#4421,.T.);
#2813=EDGE_CURVE('',#3769,#3800,#4422,.T.);
#2814=EDGE_CURVE('',#3801,#3801,#319,.T.);
#2815=EDGE_CURVE('',#3802,#3802,#320,.T.);
#2816=EDGE_CURVE('',#3790,#3803,#4423,.T.);
#2817=EDGE_CURVE('',#3804,#3803,#4424,.F.);
#2818=EDGE_CURVE('',#3804,#3805,#4425,.F.);
#2819=EDGE_CURVE('',#3805,#3791,#4426,.T.);
#2820=EDGE_CURVE('',#3806,#3807,#4427,.T.);
#2821=EDGE_CURVE('',#3808,#3807,#321,.T.);
#2822=EDGE_CURVE('',#3809,#3808,#4428,.T.);
#2823=EDGE_CURVE('',#3809,#3810,#322,.T.);
#2824=EDGE_CURVE('',#3810,#3811,#4429,.T.);
#2825=EDGE_CURVE('',#3811,#3806,#63,.T.);
#2826=EDGE_CURVE('',#3812,#3813,#323,.T.);
#2827=EDGE_CURVE('',#3814,#3813,#4430,.T.);
#2828=EDGE_CURVE('',#3814,#3815,#64,.T.);
#2829=EDGE_CURVE('',#3611,#3815,#4431,.T.);
#2830=EDGE_CURVE('',#3610,#3812,#4432,.T.);
#2831=EDGE_CURVE('',#3816,#3668,#4433,.T.);
#2832=EDGE_CURVE('',#3516,#3816,#4434,.T.);
#2833=EDGE_CURVE('',#3666,#3663,#4435,.T.);
#2834=EDGE_CURVE('',#3817,#3818,#4436,.T.);
#2835=EDGE_CURVE('',#3818,#3819,#4437,.T.);
#2836=EDGE_CURVE('',#3820,#3819,#4438,.T.);
#2837=EDGE_CURVE('',#3817,#3820,#4439,.T.);
#2838=EDGE_CURVE('',#3821,#3822,#4440,.T.);
#2839=EDGE_CURVE('',#3821,#3656,#4441,.T.);
#2840=EDGE_CURVE('',#3822,#3660,#4442,.T.);
#2841=EDGE_CURVE('',#3669,#3823,#4443,.T.);
#2842=EDGE_CURVE('',#3816,#3823,#4444,.T.);
#2843=EDGE_CURVE('',#3661,#3665,#4445,.T.);
#2844=EDGE_CURVE('',#3824,#3667,#4446,.T.);
#2845=EDGE_CURVE('',#3824,#3823,#4447,.T.);
#2846=EDGE_CURVE('',#3825,#3826,#324,.F.);
#2847=EDGE_CURVE('',#3827,#3825,#4448,.T.);
#2848=EDGE_CURVE('',#3827,#3828,#325,.F.);
#2849=EDGE_CURVE('',#3828,#3826,#4449,.T.);
#2850=EDGE_CURVE('',#3826,#3819,#4450,.T.);
#2851=EDGE_CURVE('',#3828,#3820,#4451,.T.);
#2852=EDGE_CURVE('',#3829,#3685,#4452,.T.);
#2853=EDGE_CURVE('',#3561,#3829,#4453,.T.);
#2854=EDGE_CURVE('',#3682,#3681,#4454,.T.);
#2855=EDGE_CURVE('',#3830,#3831,#4455,.T.);
#2856=EDGE_CURVE('',#3831,#3543,#4456,.T.);
#2857=EDGE_CURVE('',#3542,#3830,#4457,.T.);
#2858=EDGE_CURVE('',#3546,#3832,#4458,.T.);
#2859=EDGE_CURVE('',#3832,#3833,#4459,.T.);
#2860=EDGE_CURVE('',#3547,#3833,#4460,.T.);
#2861=EDGE_CURVE('',#3834,#3835,#4461,.T.);
#2862=EDGE_CURVE('',#3835,#3831,#4462,.T.);
#2863=EDGE_CURVE('',#3830,#3834,#4463,.T.);
#2864=EDGE_CURVE('',#3832,#3836,#4464,.T.);
#2865=EDGE_CURVE('',#3836,#3837,#4465,.T.);
#2866=EDGE_CURVE('',#3833,#3837,#4466,.T.);
#2867=EDGE_CURVE('',#3838,#3684,#4467,.T.);
#2868=EDGE_CURVE('',#3829,#3838,#4468,.T.);
#2869=EDGE_CURVE('',#3683,#3680,#4469,.T.);
#2870=EDGE_CURVE('',#3839,#3840,#4470,.T.);
#2871=EDGE_CURVE('',#3841,#3840,#4471,.T.);
#2872=EDGE_CURVE('',#3842,#3841,#4472,.T.);
#2873=EDGE_CURVE('',#3842,#3839,#4473,.T.);
#2874=EDGE_CURVE('',#3843,#3844,#4474,.T.);
#2875=EDGE_CURVE('',#3845,#3844,#4475,.T.);
#2876=EDGE_CURVE('',#3846,#3845,#4476,.T.);
#2877=EDGE_CURVE('',#3846,#3847,#4477,.T.);
#2878=EDGE_CURVE('',#3847,#3848,#4478,.T.);
#2879=EDGE_CURVE('',#3849,#3848,#4479,.T.);
#2880=EDGE_CURVE('',#3850,#3849,#4480,.T.);
#2881=EDGE_CURVE('',#3851,#3850,#4481,.T.);
#2882=EDGE_CURVE('',#3852,#3851,#4482,.T.);
#2883=EDGE_CURVE('',#3852,#3853,#4483,.T.);
#2884=EDGE_CURVE('',#3853,#3854,#4484,.T.);
#2885=EDGE_CURVE('',#3854,#3855,#4485,.T.);
#2886=EDGE_CURVE('',#3855,#3856,#4486,.T.);
#2887=EDGE_CURVE('',#3857,#3856,#4487,.T.);
#2888=EDGE_CURVE('',#3762,#3857,#4488,.T.);
#2889=EDGE_CURVE('',#3858,#3761,#326,.T.);
#2890=EDGE_CURVE('',#3859,#3858,#4489,.T.);
#2891=EDGE_CURVE('',#3860,#3859,#327,.T.);
#2892=EDGE_CURVE('',#3861,#3860,#4490,.T.);
#2893=EDGE_CURVE('',#3862,#3861,#328,.T.);
#2894=EDGE_CURVE('',#3862,#3863,#4491,.T.);
#2895=EDGE_CURVE('',#3863,#3864,#4492,.T.);
#2896=EDGE_CURVE('',#3865,#3864,#4493,.T.);
#2897=EDGE_CURVE('',#3865,#3866,#329,.T.);
#2898=EDGE_CURVE('',#3866,#3867,#4494,.T.);
#2899=EDGE_CURVE('',#3867,#3868,#330,.T.);
#2900=EDGE_CURVE('',#3869,#3868,#4495,.T.);
#2901=EDGE_CURVE('',#3869,#3870,#4496,.T.);
#2902=EDGE_CURVE('',#3871,#3870,#4497,.T.);
#2903=EDGE_CURVE('',#3871,#3872,#331,.T.);
#2904=EDGE_CURVE('',#3872,#3873,#4498,.T.);
#2905=EDGE_CURVE('',#3873,#3874,#332,.T.);
#2906=EDGE_CURVE('',#3875,#3874,#4499,.T.);
#2907=EDGE_CURVE('',#3875,#3876,#4500,.T.);
#2908=EDGE_CURVE('',#3877,#3876,#4501,.T.);
#2909=EDGE_CURVE('',#3878,#3877,#333,.T.);
#2910=EDGE_CURVE('',#3879,#3878,#4502,.T.);
#2911=EDGE_CURVE('',#3880,#3879,#334,.T.);
#2912=EDGE_CURVE('',#3880,#3881,#4503,.T.);
#2913=EDGE_CURVE('',#3810,#3881,#335,.T.);
#2914=EDGE_CURVE('',#3882,#3809,#4504,.T.);
#2915=EDGE_CURVE('',#3882,#3843,#4505,.T.);
#2916=EDGE_CURVE('',#3883,#3884,#4506,.T.);
#2917=EDGE_CURVE('',#3885,#3884,#4507,.T.);
#2918=EDGE_CURVE('',#3886,#3885,#4508,.T.);
#2919=EDGE_CURVE('',#3886,#3883,#4509,.T.);
#2920=EDGE_CURVE('',#3845,#3887,#4510,.T.);
#2921=EDGE_CURVE('',#3844,#3888,#4511,.T.);
#2922=EDGE_CURVE('',#3888,#3889,#4512,.T.);
#2923=EDGE_CURVE('',#3887,#3889,#65,.T.);
#2924=EDGE_CURVE('',#3851,#3890,#4513,.T.);
#2925=EDGE_CURVE('',#3850,#3579,#4514,.T.);
#2926=EDGE_CURVE('',#3579,#3890,#4515,.T.);
#2927=EDGE_CURVE('',#3891,#3892,#4516,.T.);
#2928=EDGE_CURVE('',#3892,#3893,#4517,.T.);
#2929=EDGE_CURVE('',#3893,#3894,#4518,.T.);
#2930=EDGE_CURVE('',#3894,#3852,#4519,.T.);
#2931=EDGE_CURVE('',#3895,#3890,#4520,.T.);
#2932=EDGE_CURVE('',#3895,#3891,#4521,.T.);
#2933=EDGE_CURVE('',#3896,#3895,#4522,.T.);
#2934=EDGE_CURVE('',#3890,#3896,#4523,.T.);
#2935=EDGE_CURVE('',#3891,#3896,#4524,.T.);
#2936=EDGE_CURVE('',#3578,#3892,#4525,.T.);
#2937=EDGE_CURVE('',#3897,#3897,#336,.F.);
#2938=EDGE_CURVE('',#3898,#3898,#337,.F.);
#2939=EDGE_CURVE('',#3600,#3899,#4526,.T.);
#2940=EDGE_CURVE('',#3900,#3899,#4527,.T.);
#2941=EDGE_CURVE('',#3901,#3900,#4528,.T.);
#2942=EDGE_CURVE('',#3901,#3902,#338,.F.);
#2943=EDGE_CURVE('',#3902,#3903,#339,.F.);
#2944=EDGE_CURVE('',#3904,#3903,#4529,.T.);
#2945=EDGE_CURVE('',#3904,#3905,#4530,.T.);
#2946=EDGE_CURVE('',#3905,#3906,#340,.F.);
#2947=EDGE_CURVE('',#3907,#3906,#341,.F.);
#2948=EDGE_CURVE('',#3908,#3907,#4531,.T.);
#2949=EDGE_CURVE('',#3908,#3601,#4532,.F.);
#2950=EDGE_CURVE('',#3909,#3910,#4533,.T.);
#2951=EDGE_CURVE('',#3909,#3911,#342,.T.);
#2952=EDGE_CURVE('',#3911,#3597,#4534,.F.);
#2953=EDGE_CURVE('',#3596,#3910,#4535,.T.);
#2954=EDGE_CURVE('',#3910,#3912,#4536,.T.);
#2955=EDGE_CURVE('',#3912,#3913,#343,.T.);
#2956=EDGE_CURVE('',#3914,#3913,#4537,.T.);
#2957=EDGE_CURVE('',#3914,#3915,#344,.T.);
#2958=EDGE_CURVE('',#3916,#3915,#4538,.T.);
#2959=EDGE_CURVE('',#3917,#3916,#4539,.T.);
#2960=EDGE_CURVE('',#3917,#3909,#4540,.F.);
#2961=EDGE_CURVE('',#3918,#3917,#345,.F.);
#2962=EDGE_CURVE('',#3911,#3918,#4541,.F.);
#2963=EDGE_CURVE('',#3581,#3918,#4542,.F.);
#2964=EDGE_CURVE('',#3919,#3581,#4543,.F.);
#2965=EDGE_CURVE('',#3920,#3919,#4544,.T.);
#2966=EDGE_CURVE('',#3597,#3920,#4545,.F.);
#2967=EDGE_CURVE('',#3582,#3916,#4546,.T.);
#2968=EDGE_CURVE('',#3921,#3595,#4547,.T.);
#2969=EDGE_CURVE('',#3921,#3922,#30,.F.);
#2970=EDGE_CURVE('',#3923,#3922,#4548,.T.);
#2971=EDGE_CURVE('',#3923,#3924,#4549,.T.);
#2972=EDGE_CURVE('',#3925,#3924,#4550,.T.);
#2973=EDGE_CURVE('',#3926,#3925,#4551,.T.);
#2974=EDGE_CURVE('',#3927,#3926,#4552,.T.);
#2975=EDGE_CURVE('',#3927,#3910,#4553,.T.);
#2976=EDGE_CURVE('',#3849,#3599,#4554,.T.);
#2977=EDGE_CURVE('',#3920,#3598,#4555,.T.);
#2978=EDGE_CURVE('',#3919,#3580,#4556,.T.);
#2979=EDGE_CURVE('',#3848,#3928,#4557,.T.);
#2980=EDGE_CURVE('',#3599,#3928,#4558,.T.);
#2981=EDGE_CURVE('',#3929,#3928,#4559,.T.);
#2982=EDGE_CURVE('',#3847,#3930,#4560,.T.);
#2983=EDGE_CURVE('',#3931,#3930,#4561,.T.);
#2984=EDGE_CURVE('',#3899,#3931,#4562,.T.);
#2985=EDGE_CURVE('',#3932,#3899,#4563,.T.);
#2986=EDGE_CURVE('',#3929,#3932,#4564,.T.);
#2987=EDGE_CURVE('',#3933,#3933,#346,.F.);
#2988=EDGE_CURVE('',#3934,#3934,#347,.T.);
#2989=EDGE_CURVE('',#3888,#3935,#4565,.T.);
#2990=EDGE_CURVE('',#3935,#3936,#4566,.T.);
#2991=EDGE_CURVE('',#3936,#3937,#4567,.T.);
#2992=EDGE_CURVE('',#3938,#3937,#31,.T.);
#2993=EDGE_CURVE('',#3939,#3938,#66,.T.);
#2994=EDGE_CURVE('',#3940,#3939,#67,.T.);
#2995=EDGE_CURVE('',#3889,#3940,#68,.F.);
#2996=EDGE_CURVE('',#3941,#3941,#348,.T.);
#2997=EDGE_CURVE('',#3942,#3942,#349,.F.);
#2998=EDGE_CURVE('',#3943,#3944,#69,.T.);
#2999=EDGE_CURVE('',#3944,#3940,#70,.F.);
#3000=EDGE_CURVE('',#3943,#3938,#71,.T.);
#3001=EDGE_CURVE('',#3944,#3945,#72,.T.);
#3002=EDGE_CURVE('',#3945,#3887,#73,.T.);
#3003=EDGE_CURVE('',#3946,#3946,#74,.T.);
#3004=EDGE_CURVE('',#3935,#3947,#4568,.T.);
#3005=EDGE_CURVE('',#3947,#3948,#4569,.T.);
#3006=EDGE_CURVE('',#3948,#3936,#4570,.T.);
#3007=EDGE_CURVE('',#3813,#3807,#4571,.T.);
#3008=EDGE_CURVE('',#3949,#3812,#4572,.T.);
#3009=EDGE_CURVE('',#3949,#3950,#4573,.T.);
#3010=EDGE_CURVE('',#3950,#3951,#4574,.T.);
#3011=EDGE_CURVE('',#3951,#3952,#350,.F.);
#3012=EDGE_CURVE('',#3952,#3953,#351,.T.);
#3013=EDGE_CURVE('',#3953,#3954,#352,.F.);
#3014=EDGE_CURVE('',#3955,#3954,#4575,.T.);
#3015=EDGE_CURVE('',#3955,#3937,#4576,.T.);
#3016=EDGE_CURVE('',#3948,#3956,#353,.T.);
#3017=EDGE_CURVE('',#3957,#3956,#4577,.T.);
#3018=EDGE_CURVE('',#3957,#3808,#4578,.T.);
#3019=EDGE_CURVE('',#3958,#3959,#75,.T.);
#3020=EDGE_CURVE('',#3958,#3960,#354,.T.);
#3021=EDGE_CURVE('',#3960,#3959,#76,.T.);
#3022=EDGE_CURVE('',#3961,#3846,#4579,.T.);
#3023=EDGE_CURVE('',#3930,#3961,#4580,.T.);
#3024=EDGE_CURVE('',#3945,#3961,#4581,.T.);
#3025=EDGE_CURVE('',#3962,#3843,#4582,.T.);
#3026=EDGE_CURVE('',#3947,#3962,#32,.F.);
#3027=EDGE_CURVE('',#3943,#3963,#4583,.T.);
#3028=EDGE_CURVE('',#3964,#3955,#4584,.T.);
#3029=EDGE_CURVE('',#3963,#3964,#355,.T.);
#3030=EDGE_CURVE('',#3965,#3966,#77,.T.);
#3031=EDGE_CURVE('',#3966,#3967,#78,.T.);
#3032=EDGE_CURVE('',#3967,#3968,#79,.T.);
#3033=EDGE_CURVE('',#3968,#3969,#80,.T.);
#3034=EDGE_CURVE('',#3965,#3969,#81,.T.);
#3035=EDGE_CURVE('',#3970,#3970,#356,.T.);
#3036=EDGE_CURVE('',#3963,#3971,#357,.T.);
#3037=EDGE_CURVE('',#3971,#3964,#4585,.T.);
#3038=EDGE_CURVE('',#3972,#3951,#4586,.F.);
#3039=EDGE_CURVE('',#3972,#3973,#358,.F.);
#3040=EDGE_CURVE('',#3952,#3973,#4587,.F.);
#3041=EDGE_CURVE('',#3973,#3974,#359,.T.);
#3042=EDGE_CURVE('',#3974,#3953,#4588,.T.);
#3043=EDGE_CURVE('',#3974,#3975,#360,.F.);
#3044=EDGE_CURVE('',#3954,#3975,#4589,.F.);
#3045=EDGE_CURVE('',#3975,#3976,#4590,.T.);
#3046=EDGE_CURVE('',#3976,#3966,#4591,.T.);
#3047=EDGE_CURVE('',#3977,#3965,#33,.T.);
#3048=EDGE_CURVE('',#3977,#3955,#4592,.T.);
#3049=EDGE_CURVE('',#3976,#3978,#361,.F.);
#3050=EDGE_CURVE('',#3967,#3978,#4593,.F.);
#3051=EDGE_CURVE('',#3931,#3900,#4594,.T.);
#3052=EDGE_CURVE('',#3960,#3901,#4595,.T.);
#3053=EDGE_CURVE('',#3945,#3959,#4596,.T.);
#3054=EDGE_CURVE('',#3958,#3902,#4597,.T.);
#3055=EDGE_CURVE('',#3978,#3908,#4598,.T.);
#3056=EDGE_CURVE('',#3907,#3968,#4599,.F.);
#3057=EDGE_CURVE('',#3969,#3906,#4600,.T.);
#3058=EDGE_CURVE('',#3905,#3977,#4601,.F.);
#3059=EDGE_CURVE('',#3904,#3964,#4602,.T.);
#3060=EDGE_CURVE('',#3971,#3903,#4603,.T.);
#3061=EDGE_CURVE('',#3979,#3916,#4604,.T.);
#3062=EDGE_CURVE('',#3979,#3980,#4605,.T.);
#3063=EDGE_CURVE('',#3981,#3980,#4606,.T.);
#3064=EDGE_CURVE('',#3982,#3981,#4607,.T.);
#3065=EDGE_CURVE('',#3983,#3982,#4608,.T.);
#3066=EDGE_CURVE('',#3983,#3984,#4609,.T.);
#3067=EDGE_CURVE('',#3984,#3985,#34,.F.);
#3068=EDGE_CURVE('',#3985,#3583,#4610,.T.);
#3069=EDGE_CURVE('',#3986,#3986,#82,.T.);
#3070=EDGE_CURVE('',#3987,#3988,#4611,.T.);
#3071=EDGE_CURVE('',#3987,#3989,#362,.F.);
#3072=EDGE_CURVE('',#3989,#3990,#4612,.T.);
#3073=EDGE_CURVE('',#3990,#3991,#363,.T.);
#3074=EDGE_CURVE('',#3991,#3992,#4613,.T.);
#3075=EDGE_CURVE('',#3992,#3993,#83,.T.);
#3076=EDGE_CURVE('',#3993,#3994,#84,.T.);
#3077=EDGE_CURVE('',#3995,#3994,#4614,.T.);
#3078=EDGE_CURVE('',#3995,#3988,#85,.T.);
#3079=EDGE_CURVE('',#3996,#3996,#364,.T.);
#3080=EDGE_CURVE('',#3997,#3997,#365,.T.);
#3081=EDGE_CURVE('',#3998,#3995,#86,.T.);
#3082=EDGE_CURVE('',#3988,#3998,#366,.T.);
#3083=EDGE_CURVE('',#3999,#3999,#367,.F.);
#3084=EDGE_CURVE('',#4000,#4001,#87,.T.);
#3085=EDGE_CURVE('',#4000,#4002,#88,.T.);
#3086=EDGE_CURVE('',#4003,#4002,#89,.T.);
#3087=EDGE_CURVE('',#4004,#4003,#90,.T.);
#3088=EDGE_CURVE('',#4001,#4004,#91,.T.);
#3089=EDGE_CURVE('',#4005,#4005,#368,.T.);
#3090=EDGE_CURVE('',#3992,#4006,#92,.T.);
#3091=EDGE_CURVE('',#4007,#4006,#93,.T.);
#3092=EDGE_CURVE('',#4008,#4007,#94,.F.);
#3093=EDGE_CURVE('',#3993,#4008,#95,.F.);
#3094=EDGE_CURVE('',#4009,#4008,#96,.T.);
#3095=EDGE_CURVE('',#4010,#4009,#97,.T.);
#3096=EDGE_CURVE('',#3994,#4010,#98,.T.);
#3097=EDGE_CURVE('',#4004,#4011,#4615,.F.);
#3098=EDGE_CURVE('',#4011,#4012,#369,.F.);
#3099=EDGE_CURVE('',#4012,#4001,#4616,.T.);
#3100=EDGE_CURVE('',#3853,#4013,#4617,.T.);
#3101=EDGE_CURVE('',#3994,#4013,#4618,.T.);
#3102=EDGE_CURVE('',#3854,#4010,#4619,.T.);
#3103=EDGE_CURVE('',#4013,#3894,#4620,.T.);
#3104=EDGE_CURVE('',#4014,#4009,#4621,.T.);
#3105=EDGE_CURVE('',#4014,#3855,#4622,.T.);
#3106=EDGE_CURVE('',#4015,#3892,#4623,.T.);
#3107=EDGE_CURVE('',#4015,#3893,#4624,.T.);
#3108=EDGE_CURVE('',#4016,#4015,#4625,.T.);
#3109=EDGE_CURVE('',#4016,#3998,#4626,.F.);
#3110=EDGE_CURVE('',#4016,#3987,#370,.F.);
#3111=EDGE_CURVE('',#3990,#4017,#4627,.T.);
#3112=EDGE_CURVE('',#3991,#4017,#371,.T.);
#3113=EDGE_CURVE('',#4018,#3753,#4628,.T.);
#3114=EDGE_CURVE('',#4018,#4019,#372,.F.);
#3115=EDGE_CURVE('',#3754,#4019,#4629,.F.);
#3116=EDGE_CURVE('',#4012,#4018,#4630,.T.);
#3117=EDGE_CURVE('',#4020,#3752,#4631,.T.);
#3118=EDGE_CURVE('',#4020,#4000,#35,.T.);
#3119=EDGE_CURVE('',#3752,#4017,#4632,.T.);
#3120=EDGE_CURVE('',#4006,#3751,#36,.T.);
#3121=EDGE_CURVE('',#4017,#4021,#4633,.T.);
#3122=EDGE_CURVE('',#4021,#4022,#4634,.T.);
#3123=EDGE_CURVE('',#4020,#4022,#4635,.F.);
#3124=EDGE_CURVE('',#4022,#4023,#373,.F.);
#3125=EDGE_CURVE('',#4023,#4002,#4636,.T.);
#3126=EDGE_CURVE('',#4003,#4024,#4637,.F.);
#3127=EDGE_CURVE('',#4024,#4023,#374,.F.);
#3128=EDGE_CURVE('',#4025,#4024,#4638,.T.);
#3129=EDGE_CURVE('',#4025,#4011,#4639,.T.);
#3130=EDGE_CURVE('',#4026,#3750,#4640,.T.);
#3131=EDGE_CURVE('',#4026,#4014,#4641,.T.);
#3132=EDGE_CURVE('',#4019,#4027,#375,.T.);
#3133=EDGE_CURVE('',#4027,#3755,#4642,.T.);
#3134=EDGE_CURVE('',#4021,#3989,#4643,.T.);
#3135=EDGE_CURVE('',#4027,#4028,#376,.F.);
#3136=EDGE_CURVE('',#3756,#4028,#4644,.F.);
#3137=EDGE_CURVE('',#3749,#4029,#4645,.F.);
#3138=EDGE_CURVE('',#4029,#4026,#4646,.T.);
#3139=EDGE_CURVE('',#4030,#4029,#37,.F.);
#3140=EDGE_CURVE('',#3856,#4030,#4647,.T.);
#3141=EDGE_CURVE('',#4031,#4031,#377,.T.);
#3142=EDGE_CURVE('',#4032,#4032,#378,.T.);
#3143=EDGE_CURVE('',#3577,#4025,#4648,.F.);
#3144=EDGE_CURVE('',#3927,#4033,#4649,.T.);
#3145=EDGE_CURVE('',#4033,#3912,#4650,.F.);
#3146=EDGE_CURVE('',#3979,#4034,#4651,.T.);
#3147=EDGE_CURVE('',#3915,#4034,#4652,.T.);
#3148=EDGE_CURVE('',#4035,#4036,#4653,.T.);
#3149=EDGE_CURVE('',#4035,#4037,#4654,.T.);
#3150=EDGE_CURVE('',#4037,#4038,#4655,.T.);
#3151=EDGE_CURVE('',#4038,#4039,#379,.T.);
#3152=EDGE_CURVE('',#4039,#4040,#4656,.T.);
#3153=EDGE_CURVE('',#4040,#4041,#38,.F.);
#3154=EDGE_CURVE('',#4042,#4041,#4657,.T.);
#3155=EDGE_CURVE('',#4042,#3982,#4658,.T.);
#3156=EDGE_CURVE('',#3981,#4043,#4659,.T.);
#3157=EDGE_CURVE('',#4043,#4044,#4660,.T.);
#3158=EDGE_CURVE('',#4044,#4045,#380,.F.);
#3159=EDGE_CURVE('',#4045,#4046,#4661,.T.);
#3160=EDGE_CURVE('',#4046,#4047,#381,.F.);
#3161=EDGE_CURVE('',#4048,#4047,#4662,.T.);
#3162=EDGE_CURVE('',#3925,#4048,#4663,.T.);
#3163=EDGE_CURVE('',#4049,#3924,#4664,.T.);
#3164=EDGE_CURVE('',#4049,#4050,#4665,.T.);
#3165=EDGE_CURVE('',#4050,#4051,#39,.F.);
#3166=EDGE_CURVE('',#4051,#4052,#4666,.T.);
#3167=EDGE_CURVE('',#4053,#4052,#4667,.T.);
#3168=EDGE_CURVE('',#4053,#4054,#382,.F.);
#3169=EDGE_CURVE('',#4055,#4054,#4668,.T.);
#3170=EDGE_CURVE('',#4055,#4036,#383,.F.);
#3171=EDGE_CURVE('',#4051,#3921,#4669,.F.);
#3172=EDGE_CURVE('',#3594,#4052,#4670,.T.);
#3173=EDGE_CURVE('',#4042,#3983,#4671,.T.);
#3174=EDGE_CURVE('',#4041,#3984,#4672,.F.);
#3175=EDGE_CURVE('',#4034,#4056,#40,.T.);
#3176=EDGE_CURVE('',#4057,#4056,#4673,.T.);
#3177=EDGE_CURVE('',#4057,#3980,#4674,.T.);
#3178=EDGE_CURVE('',#3926,#4058,#4675,.T.);
#3179=EDGE_CURVE('',#4058,#4059,#4676,.T.);
#3180=EDGE_CURVE('',#4059,#4033,#41,.F.);
#3181=EDGE_CURVE('',#4049,#3923,#4677,.T.);
#3182=EDGE_CURVE('',#3922,#4050,#4678,.T.);
#3183=EDGE_CURVE('',#4060,#4048,#384,.F.);
#3184=EDGE_CURVE('',#4058,#4060,#4679,.T.);
#3185=EDGE_CURVE('',#4061,#4057,#4680,.T.);
#3186=EDGE_CURVE('',#4043,#4061,#385,.T.);
#3187=EDGE_CURVE('',#3985,#4040,#4681,.T.);
#3188=EDGE_CURVE('',#4039,#3584,#4682,.T.);
#3189=EDGE_CURVE('',#4062,#3654,#4683,.T.);
#3190=EDGE_CURVE('',#4063,#4062,#386,.F.);
#3191=EDGE_CURVE('',#3655,#4063,#4684,.T.);
#3192=EDGE_CURVE('',#3653,#4064,#4685,.F.);
#3193=EDGE_CURVE('',#4062,#4064,#387,.T.);
#3194=EDGE_CURVE('',#4065,#3652,#4686,.T.);
#3195=EDGE_CURVE('',#4064,#4065,#388,.T.);
#3196=EDGE_CURVE('',#4066,#3645,#4687,.F.);
#3197=EDGE_CURVE('',#4067,#4066,#389,.F.);
#3198=EDGE_CURVE('',#3646,#4067,#4688,.F.);
#3199=EDGE_CURVE('',#4068,#4067,#390,.T.);
#3200=EDGE_CURVE('',#3647,#4068,#4689,.F.);
#3201=EDGE_CURVE('',#4063,#4066,#4690,.T.);
#3202=EDGE_CURVE('',#4069,#3648,#4691,.T.);
#3203=EDGE_CURVE('',#4070,#4069,#391,.T.);
#3204=EDGE_CURVE('',#3649,#4070,#4692,.F.);
#3205=EDGE_CURVE('',#4068,#4069,#4693,.T.);
#3206=EDGE_CURVE('',#4071,#3650,#4694,.T.);
#3207=EDGE_CURVE('',#4072,#4071,#392,.T.);
#3208=EDGE_CURVE('',#3651,#4072,#4695,.F.);
#3209=EDGE_CURVE('',#4070,#4071,#4696,.T.);
#3210=EDGE_CURVE('',#4072,#4065,#4697,.T.);
#3211=EDGE_CURVE('',#4073,#4074,#4698,.T.);
#3212=EDGE_CURVE('',#4073,#4075,#4699,.T.);
#3213=EDGE_CURVE('',#4075,#4074,#4700,.T.);
#3214=EDGE_CURVE('',#3614,#3878,#4701,.T.);
#3215=EDGE_CURVE('',#3615,#3877,#4702,.T.);
#3216=EDGE_CURVE('',#3613,#3879,#4703,.T.);
#3217=EDGE_CURVE('',#3612,#3880,#4704,.T.);
#3218=EDGE_CURVE('',#3641,#3860,#4705,.T.);
#3219=EDGE_CURVE('',#3642,#3859,#4706,.T.);
#3220=EDGE_CURVE('',#3640,#3861,#4707,.T.);
#3221=EDGE_CURVE('',#3639,#3862,#4708,.T.);
#3222=EDGE_CURVE('',#3799,#3865,#4709,.F.);
#3223=EDGE_CURVE('',#3866,#3798,#4710,.T.);
#3224=EDGE_CURVE('',#4076,#3864,#42,.F.);
#3225=EDGE_CURVE('',#4076,#3800,#4711,.T.);
#3226=EDGE_CURVE('',#3797,#3867,#4712,.F.);
#3227=EDGE_CURVE('',#3868,#3796,#4713,.T.);
#3228=EDGE_CURVE('',#3869,#3711,#43,.F.);
#3229=EDGE_CURVE('',#4075,#4077,#4714,.T.);
#3230=EDGE_CURVE('',#4077,#4078,#393,.T.);
#3231=EDGE_CURVE('',#4074,#4078,#4715,.T.);
#3232=EDGE_CURVE('',#4078,#4079,#44,.F.);
#3233=EDGE_CURVE('',#4079,#3788,#4716,.T.);
#3234=EDGE_CURVE('',#3787,#3617,#4717,.F.);
#3235=EDGE_CURVE('',#4073,#3616,#4718,.T.);
#3236=EDGE_CURVE('',#4080,#3804,#99,.T.);
#3237=EDGE_CURVE('',#3803,#4081,#100,.T.);
#3238=EDGE_CURVE('',#4081,#4080,#4719,.T.);
#3239=EDGE_CURVE('',#4082,#4082,#394,.T.);
#3240=EDGE_CURVE('',#4030,#3748,#4720,.T.);
#3241=EDGE_CURVE('',#3857,#3747,#4721,.T.);
#3242=EDGE_CURVE('',#3882,#3957,#4722,.T.);
#3243=EDGE_CURVE('',#4083,#4083,#395,.F.);
#3244=EDGE_CURVE('',#3956,#3962,#4723,.F.);
#3245=EDGE_CURVE('',#4084,#4084,#396,.T.);
#3246=EDGE_CURVE('',#4085,#4085,#397,.T.);
#3247=EDGE_CURVE('',#4086,#4086,#398,.T.);
#3248=EDGE_CURVE('',#3513,#4087,#399,.T.);
#3249=EDGE_CURVE('',#4087,#4088,#4724,.T.);
#3250=EDGE_CURVE('',#4088,#4089,#400,.T.);
#3251=EDGE_CURVE('',#4089,#3637,#4725,.T.);
#3252=EDGE_CURVE('',#3766,#4090,#45,.F.);
#3253=EDGE_CURVE('',#4090,#4091,#4726,.T.);
#3254=EDGE_CURVE('',#4091,#3863,#46,.T.);
#3255=EDGE_CURVE('',#4090,#4092,#101,.T.);
#3256=EDGE_CURVE('',#4092,#4093,#4727,.T.);
#3257=EDGE_CURVE('',#4093,#4091,#102,.T.);
#3258=EDGE_CURVE('',#4094,#3858,#4728,.T.);
#3259=EDGE_CURVE('',#4094,#3768,#47,.T.);
#3260=EDGE_CURVE('',#3815,#4095,#48,.F.);
#3261=EDGE_CURVE('',#4095,#3881,#4729,.T.);
#3262=EDGE_CURVE('',#3760,#4094,#103,.T.);
#3263=EDGE_CURVE('',#4095,#3811,#104,.T.);
#3264=EDGE_CURVE('',#4096,#4096,#401,.T.);
#3265=EDGE_CURVE('',#4097,#4097,#402,.T.);
#3266=EDGE_CURVE('',#4098,#4098,#403,.T.);
#3267=EDGE_CURVE('',#3539,#4099,#404,.F.);
#3268=EDGE_CURVE('',#4099,#4100,#4730,.T.);
#3269=EDGE_CURVE('',#4100,#3564,#405,.F.);
#3270=EDGE_CURVE('',#3876,#4080,#49,.F.);
#3271=EDGE_CURVE('',#4081,#4077,#50,.T.);
#3272=EDGE_CURVE('',#4076,#4093,#4731,.F.);
#3273=EDGE_CURVE('',#3793,#3873,#4732,.F.);
#3274=EDGE_CURVE('',#3874,#3792,#4733,.T.);
#3275=EDGE_CURVE('',#3795,#3871,#4734,.F.);
#3276=EDGE_CURVE('',#3872,#3794,#4735,.T.);
#3277=EDGE_CURVE('',#3709,#3870,#51,.F.);
#3278=EDGE_CURVE('',#3875,#3805,#52,.F.);
#3279=EDGE_CURVE('',#4101,#4102,#406,.F.);
#3280=EDGE_CURVE('',#4103,#4101,#4736,.T.);
#3281=EDGE_CURVE('',#4104,#4103,#407,.T.);
#3282=EDGE_CURVE('',#4104,#4102,#53,.F.);
#3283=EDGE_CURVE('',#4105,#4106,#408,.F.);
#3284=EDGE_CURVE('',#4105,#4107,#54,.F.);
#3285=EDGE_CURVE('',#4108,#4107,#409,.T.);
#3286=EDGE_CURVE('',#4106,#4108,#4737,.T.);
#3287=EDGE_CURVE('',#3625,#3779,#4738,.T.);
#3288=EDGE_CURVE('',#3780,#3624,#4739,.F.);
#3289=EDGE_CURVE('',#4109,#3728,#4740,.T.);
#3290=EDGE_CURVE('',#4110,#3734,#4741,.T.);
#3291=EDGE_CURVE('',#4110,#4109,#410,.T.);
#3292=EDGE_CURVE('',#4111,#3727,#4742,.T.);
#3293=EDGE_CURVE('',#4109,#4111,#4743,.T.);
#3294=EDGE_CURVE('',#4112,#3729,#4744,.T.);
#3295=EDGE_CURVE('',#4111,#4112,#411,.T.);
#3296=EDGE_CURVE('',#4113,#3730,#4745,.T.);
#3297=EDGE_CURVE('',#4114,#4112,#4746,.T.);
#3298=EDGE_CURVE('',#4114,#4101,#4747,.T.);
#3299=EDGE_CURVE('',#4113,#4102,#4748,.T.);
#3300=EDGE_CURVE('',#4115,#3733,#4749,.T.);
#3301=EDGE_CURVE('',#4105,#4115,#4750,.T.);
#3302=EDGE_CURVE('',#4116,#4106,#4751,.T.);
#3303=EDGE_CURVE('',#4110,#4116,#4752,.T.);
#3304=EDGE_CURVE('',#4092,#3769,#4753,.T.);
#3305=EDGE_CURVE('',#4028,#4117,#4754,.T.);
#3306=EDGE_CURVE('',#4117,#3757,#4755,.T.);
#3307=EDGE_CURVE('',#4118,#3950,#4756,.T.);
#3308=EDGE_CURVE('',#4118,#3972,#4757,.T.);
#3309=EDGE_CURVE('',#3593,#4053,#4758,.F.);
#3310=EDGE_CURVE('',#3609,#3949,#4759,.T.);
#3311=EDGE_CURVE('',#4119,#4120,#4760,.F.);
#3312=EDGE_CURVE('',#4120,#3588,#4761,.T.);
#3313=EDGE_CURVE('',#3587,#4119,#4762,.F.);
#3314=EDGE_CURVE('',#4121,#4122,#4763,.T.);
#3315=EDGE_CURVE('',#4121,#4123,#4764,.F.);
#3316=EDGE_CURVE('',#4123,#4124,#412,.F.);
#3317=EDGE_CURVE('',#4124,#3586,#4765,.T.);
#3318=EDGE_CURVE('',#3585,#4038,#4766,.F.);
#3319=EDGE_CURVE('',#4037,#4122,#413,.F.);
#3320=EDGE_CURVE('',#4060,#4125,#4767,.T.);
#3321=EDGE_CURVE('',#4047,#4125,#105,.T.);
#3322=EDGE_CURVE('',#4125,#4059,#55,.F.);
#3323=EDGE_CURVE('',#4045,#3914,#4768,.F.);
#3324=EDGE_CURVE('',#3913,#4046,#4769,.T.);
#3325=EDGE_CURVE('',#4126,#4126,#414,.T.);
#3326=EDGE_CURVE('',#3608,#4118,#4770,.F.);
#3327=EDGE_CURVE('',#3569,#3758,#4771,.T.);
#3328=EDGE_CURVE('',#4127,#4127,#415,.T.);
#3329=EDGE_CURVE('',#4117,#3570,#4772,.T.);
#3330=EDGE_CURVE('',#4061,#4128,#4773,.T.);
#3331=EDGE_CURVE('',#4056,#4128,#56,.T.);
#3332=EDGE_CURVE('',#4128,#4044,#106,.T.);
#3333=EDGE_CURVE('',#3591,#4055,#4774,.F.);
#3334=EDGE_CURVE('',#4054,#3592,#4775,.T.);
#3335=EDGE_CURVE('',#4129,#4130,#4776,.F.);
#3336=EDGE_CURVE('',#4131,#4130,#4777,.T.);
#3337=EDGE_CURVE('',#4131,#4035,#416,.T.);
#3338=EDGE_CURVE('',#4036,#3590,#4778,.T.);
#3339=EDGE_CURVE('',#3589,#4132,#4779,.F.);
#3340=EDGE_CURVE('',#4132,#4129,#417,.T.);
#3341=EDGE_CURVE('',#4133,#4134,#4780,.T.);
#3342=EDGE_CURVE('',#4133,#4135,#4781,.T.);
#3343=EDGE_CURVE('',#4135,#4136,#4782,.T.);
#3344=EDGE_CURVE('',#4136,#4134,#4783,.T.);
#3345=EDGE_CURVE('',#4122,#4131,#4784,.F.);
#3346=EDGE_CURVE('',#4130,#4133,#418,.T.);
#3347=EDGE_CURVE('',#4134,#4121,#419,.T.);
#3348=EDGE_CURVE('',#3806,#3814,#4785,.F.);
#3349=EDGE_CURVE('',#3789,#4137,#4786,.T.);
#3350=EDGE_CURVE('',#4137,#3803,#4787,.T.);
#3351=EDGE_CURVE('',#3767,#3759,#4788,.T.);
#3352=EDGE_CURVE('',#4092,#3765,#4789,.F.);
#3353=EDGE_CURVE('',#4137,#4079,#107,.T.);
#3354=EDGE_CURVE('',#4138,#4138,#420,.F.);
#3355=EDGE_CURVE('',#3623,#3781,#4790,.T.);
#3356=EDGE_CURVE('',#4139,#4139,#421,.F.);
#3357=EDGE_CURVE('',#3776,#3628,#4791,.F.);
#3358=EDGE_CURVE('',#3627,#3777,#4792,.T.);
#3359=EDGE_CURVE('',#3775,#3629,#4793,.F.);
#3360=EDGE_CURVE('',#3626,#3778,#4794,.T.);
#3361=EDGE_CURVE('',#3622,#3782,#4795,.T.);
#3362=EDGE_CURVE('',#3630,#3774,#4796,.T.);
#3363=EDGE_CURVE('',#3773,#3631,#4797,.F.);
#3364=EDGE_CURVE('',#3632,#3772,#4798,.T.);
#3365=EDGE_CURVE('',#3771,#3633,#4799,.F.);
#3366=EDGE_CURVE('',#3634,#3770,#4800,.T.);
#3367=EDGE_CURVE('',#3618,#3786,#4801,.T.);
#3368=EDGE_CURVE('',#3785,#3619,#4802,.F.);
#3369=EDGE_CURVE('',#3783,#3621,#4803,.T.);
#3370=EDGE_CURVE('',#3620,#3784,#4804,.T.);
#3371=EDGE_CURVE('',#4140,#3731,#4805,.T.);
#3372=EDGE_CURVE('',#4140,#4113,#57,.F.);
#3373=EDGE_CURVE('',#4141,#3732,#4806,.T.);
#3374=EDGE_CURVE('',#4141,#4140,#4807,.T.);
#3375=EDGE_CURVE('',#4115,#4141,#58,.F.);
#3376=EDGE_CURVE('',#4142,#4104,#4808,.T.);
#3377=EDGE_CURVE('',#4143,#4142,#59,.T.);
#3378=EDGE_CURVE('',#4144,#4143,#4809,.T.);
#3379=EDGE_CURVE('',#4145,#4144,#60,.T.);
#3380=EDGE_CURVE('',#4107,#4145,#4810,.T.);
#3381=EDGE_CURVE('',#4146,#4143,#4811,.T.);
#3382=EDGE_CURVE('',#4147,#4142,#4812,.T.);
#3383=EDGE_CURVE('',#4146,#4147,#422,.T.);
#3384=EDGE_CURVE('',#4148,#4144,#4813,.T.);
#3385=EDGE_CURVE('',#4148,#4146,#4814,.T.);
#3386=EDGE_CURVE('',#4149,#4145,#4815,.T.);
#3387=EDGE_CURVE('',#4149,#4148,#423,.T.);
#3388=EDGE_CURVE('',#4150,#4149,#4816,.T.);
#3389=EDGE_CURVE('',#4150,#4108,#4817,.T.);
#3390=EDGE_CURVE('',#4151,#4103,#4818,.T.);
#3391=EDGE_CURVE('',#4147,#4151,#4819,.F.);
#3392=EDGE_CURVE('',#4151,#4114,#4820,.T.);
#3393=EDGE_CURVE('',#4116,#4150,#4821,.T.);
#3394=EDGE_CURVE('',#3675,#3838,#424,.T.);
#3395=EDGE_CURVE('',#3834,#3674,#4822,.T.);
#3396=EDGE_CURVE('',#3671,#3837,#4823,.T.);
#3397=EDGE_CURVE('',#4152,#3526,#4824,.T.);
#3398=EDGE_CURVE('',#3511,#4152,#4825,.T.);
#3399=EDGE_CURVE('',#3664,#3662,#4826,.T.);
#3400=EDGE_CURVE('',#3827,#3824,#4827,.T.);
#3401=EDGE_CURVE('',#3825,#4153,#4828,.T.);
#3402=EDGE_CURVE('',#4153,#4154,#4829,.T.);
#3403=EDGE_CURVE('',#4155,#4154,#4830,.T.);
#3404=EDGE_CURVE('',#4155,#3658,#4831,.T.);
#3405=EDGE_CURVE('',#3530,#3657,#4832,.T.);
#3406=EDGE_CURVE('',#4155,#4156,#425,.F.);
#3407=EDGE_CURVE('',#4156,#3659,#4833,.T.);
#3408=EDGE_CURVE('',#4156,#3822,#4834,.T.);
#3409=EDGE_CURVE('',#3638,#3817,#4835,.T.);
#3410=EDGE_CURVE('',#3525,#3529,#4836,.T.);
#3411=EDGE_CURVE('',#3821,#4154,#4837,.T.);
#3412=EDGE_CURVE('',#3818,#4153,#4838,.T.);
#3413=EDGE_CURVE('',#4089,#4157,#4839,.F.);
#3414=EDGE_CURVE('',#4157,#4152,#4840,.T.);
#3415=EDGE_CURVE('',#4158,#4158,#426,.T.);
#3416=EDGE_CURVE('',#4159,#4159,#427,.T.);
#3417=EDGE_CURVE('',#4160,#4160,#428,.T.);
#3418=EDGE_CURVE('',#4161,#4162,#4841,.T.);
#3419=EDGE_CURVE('',#4161,#3512,#429,.F.);
#3420=EDGE_CURVE('',#4157,#4162,#430,.F.);
#3421=EDGE_CURVE('',#4163,#3929,#4842,.T.);
#3422=EDGE_CURVE('',#3932,#4163,#4843,.T.);
#3423=EDGE_CURVE('',#3928,#4163,#4844,.T.);
#3424=EDGE_CURVE('',#4135,#4120,#431,.F.);
#3425=EDGE_CURVE('',#4119,#4136,#432,.T.);
#3426=EDGE_CURVE('',#4132,#4120,#433,.T.);
#3427=EDGE_CURVE('',#4129,#4135,#434,.T.);
#3428=EDGE_CURVE('',#4119,#4124,#435,.T.);
#3429=EDGE_CURVE('',#4136,#4123,#436,.T.);
#3430=EDGE_CURVE('',#4164,#3883,#4845,.T.);
#3431=EDGE_CURVE('',#4164,#4165,#4846,.T.);
#3432=EDGE_CURVE('',#4165,#3884,#4847,.T.);
#3433=EDGE_CURVE('',#4166,#3886,#4848,.T.);
#3434=EDGE_CURVE('',#4166,#4164,#4849,.T.);
#3435=EDGE_CURVE('',#4167,#3885,#4850,.T.);
#3436=EDGE_CURVE('',#4166,#4167,#4851,.T.);
#3437=EDGE_CURVE('',#4167,#4165,#4852,.T.);
#3438=EDGE_CURVE('',#4168,#3840,#4853,.T.);
#3439=EDGE_CURVE('',#4169,#4168,#4854,.T.);
#3440=EDGE_CURVE('',#4169,#3841,#4855,.T.);
#3441=EDGE_CURVE('',#4170,#3839,#4856,.T.);
#3442=EDGE_CURVE('',#4170,#4168,#4857,.T.);
#3443=EDGE_CURVE('',#4171,#3842,#4858,.T.);
#3444=EDGE_CURVE('',#4171,#4170,#4859,.T.);
#3445=EDGE_CURVE('',#4171,#4169,#4860,.T.);
#3446=EDGE_CURVE('',#4172,#4172,#437,.T.);
#3447=EDGE_CURVE('',#4173,#4173,#438,.T.);
#3448=EDGE_CURVE('',#4174,#4174,#439,.T.);
#3449=EDGE_CURVE('',#4175,#4175,#440,.T.);
#3450=EDGE_CURVE('',#3836,#3672,#4861,.T.);
#3451=EDGE_CURVE('',#3673,#3835,#4862,.T.);
#3452=EDGE_CURVE('',#3714,#3738,#4863,.T.);
#3453=EDGE_CURVE('',#3716,#3736,#4864,.T.);
#3454=EDGE_CURVE('',#3715,#3739,#4865,.T.);
#3455=EDGE_CURVE('',#3719,#3740,#4866,.T.);
#3456=EDGE_CURVE('',#3718,#3741,#4867,.T.);
#3457=EDGE_CURVE('',#3717,#3737,#4868,.T.);
#3458=EDGE_CURVE('',#3703,#3720,#4869,.T.);
#3459=EDGE_CURVE('',#3702,#3721,#4870,.T.);
#3460=EDGE_CURVE('',#3707,#3722,#4871,.T.);
#3461=EDGE_CURVE('',#3706,#3723,#4872,.T.);
#3462=EDGE_CURVE('',#3705,#3724,#4873,.T.);
#3463=EDGE_CURVE('',#3704,#3725,#4874,.T.);
#3464=EDGE_CURVE('',#4176,#4176,#441,.T.);
#3465=EDGE_CURVE('',#4177,#4177,#442,.T.);
#3466=EDGE_CURVE('',#4178,#4178,#443,.T.);
#3467=EDGE_CURVE('',#4179,#4180,#4875,.T.);
#3468=EDGE_CURVE('',#4179,#3538,#444,.T.);
#3469=EDGE_CURVE('',#3565,#4180,#445,.T.);
#3470=EDGE_CURVE('',#4099,#4179,#4876,.T.);
#3471=EDGE_CURVE('',#4180,#4100,#4877,.F.);
#3472=EDGE_CURVE('',#3679,#3531,#4878,.T.);
#3473=EDGE_CURVE('',#4087,#4161,#4879,.F.);
#3474=EDGE_CURVE('',#4162,#4088,#4880,.T.);
#3475=EDGE_CURVE('',#4011,#3576,#4881,.T.);
#3476=EDGE_CURVE('',#4012,#3575,#4882,.T.);
#3477=EDGE_CURVE('',#4018,#3574,#4883,.T.);
#3478=EDGE_CURVE('',#4019,#3573,#4884,.T.);
#3479=EDGE_CURVE('',#4027,#3572,#4885,.T.);
#3480=EDGE_CURVE('',#4028,#3571,#4886,.T.);
#3481=EDGE_CURVE('',#3602,#3978,#4887,.T.);
#3482=EDGE_CURVE('',#3603,#3976,#4888,.T.);
#3483=EDGE_CURVE('',#3604,#3975,#4889,.T.);
#3484=EDGE_CURVE('',#3605,#3974,#4890,.T.);
#3485=EDGE_CURVE('',#3606,#3973,#4891,.T.);
#3486=EDGE_CURVE('',#3607,#3972,#4892,.T.);
#3487=EDGE_CURVE('',#3694,#4181,#4893,.T.);
#3488=EDGE_CURVE('',#3696,#4181,#4894,.T.);
#3489=EDGE_CURVE('',#3697,#4181,#4895,.T.);
#3490=EDGE_CURVE('',#3698,#4181,#4896,.T.);
#3491=EDGE_CURVE('',#3699,#4181,#4897,.T.);
#3492=EDGE_CURVE('',#3700,#4181,#4898,.T.);
#3493=EDGE_CURVE('',#3701,#4181,#4899,.T.);
#3494=EDGE_CURVE('',#3695,#4181,#4900,.T.);
#3495=EDGE_CURVE('',#3686,#4182,#4901,.T.);
#3496=EDGE_CURVE('',#3688,#4182,#4902,.T.);
#3497=EDGE_CURVE('',#3689,#4182,#4903,.T.);
#3498=EDGE_CURVE('',#3690,#4182,#4904,.T.);
#3499=EDGE_CURVE('',#3691,#4182,#4905,.T.);
#3500=EDGE_CURVE('',#3692,#4182,#4906,.T.);
#3501=EDGE_CURVE('',#3693,#4182,#4907,.T.);
#3502=EDGE_CURVE('',#3687,#4182,#4908,.T.);
#3503=VERTEX_POINT('',#9743);
#3504=VERTEX_POINT('',#9744);
#3505=VERTEX_POINT('',#9746);
#3506=VERTEX_POINT('',#9748);
#3507=VERTEX_POINT('',#9752);
#3508=VERTEX_POINT('',#9753);
#3509=VERTEX_POINT('',#9755);
#3510=VERTEX_POINT('',#9757);
#3511=VERTEX_POINT('',#9765);
#3512=VERTEX_POINT('',#9767);
#3513=VERTEX_POINT('',#9769);
#3514=VERTEX_POINT('',#9771);
#3515=VERTEX_POINT('',#9773);
#3516=VERTEX_POINT('',#9775);
#3517=VERTEX_POINT('',#9777);
#3518=VERTEX_POINT('',#9779);
#3519=VERTEX_POINT('',#9781);
#3520=VERTEX_POINT('',#9783);
#3521=VERTEX_POINT('',#9785);
#3522=VERTEX_POINT('',#9787);
#3523=VERTEX_POINT('',#9791);
#3524=VERTEX_POINT('',#9792);
#3525=VERTEX_POINT('',#9794);
#3526=VERTEX_POINT('',#9796);
#3527=VERTEX_POINT('',#9800);
#3528=VERTEX_POINT('',#9802);
#3529=VERTEX_POINT('',#9806);
#3530=VERTEX_POINT('',#9808);
#3531=VERTEX_POINT('',#9812);
#3532=VERTEX_POINT('',#9813);
#3533=VERTEX_POINT('',#9815);
#3534=VERTEX_POINT('',#9817);
#3535=VERTEX_POINT('',#9821);
#3536=VERTEX_POINT('',#9823);
#3537=VERTEX_POINT('',#9825);
#3538=VERTEX_POINT('',#9827);
#3539=VERTEX_POINT('',#9829);
#3540=VERTEX_POINT('',#9831);
#3541=VERTEX_POINT('',#9833);
#3542=VERTEX_POINT('',#9835);
#3543=VERTEX_POINT('',#9837);
#3544=VERTEX_POINT('',#9839);
#3545=VERTEX_POINT('',#9841);
#3546=VERTEX_POINT('',#9843);
#3547=VERTEX_POINT('',#9845);
#3548=VERTEX_POINT('',#9847);
#3549=VERTEX_POINT('',#9851);
#3550=VERTEX_POINT('',#9852);
#3551=VERTEX_POINT('',#9854);
#3552=VERTEX_POINT('',#9856);
#3553=VERTEX_POINT('',#9860);
#3554=VERTEX_POINT('',#9862);
#3555=VERTEX_POINT('',#9864);
#3556=VERTEX_POINT('',#9866);
#3557=VERTEX_POINT('',#9868);
#3558=VERTEX_POINT('',#9870);
#3559=VERTEX_POINT('',#9872);
#3560=VERTEX_POINT('',#9874);
#3561=VERTEX_POINT('',#9876);
#3562=VERTEX_POINT('',#9878);
#3563=VERTEX_POINT('',#9880);
#3564=VERTEX_POINT('',#9882);
#3565=VERTEX_POINT('',#9884);
#3566=VERTEX_POINT('',#9886);
#3567=VERTEX_POINT('',#9890);
#3568=VERTEX_POINT('',#9892);
#3569=VERTEX_POINT('',#9896);
#3570=VERTEX_POINT('',#9897);
#3571=VERTEX_POINT('',#9899);
#3572=VERTEX_POINT('',#9901);
#3573=VERTEX_POINT('',#9903);
#3574=VERTEX_POINT('',#9905);
#3575=VERTEX_POINT('',#9907);
#3576=VERTEX_POINT('',#9909);
#3577=VERTEX_POINT('',#9911);
#3578=VERTEX_POINT('',#9913);
#3579=VERTEX_POINT('',#9915);
#3580=VERTEX_POINT('',#9917);
#3581=VERTEX_POINT('',#9919);
#3582=VERTEX_POINT('',#9921);
#3583=VERTEX_POINT('',#9923);
#3584=VERTEX_POINT('',#9925);
#3585=VERTEX_POINT('',#9927);
#3586=VERTEX_POINT('',#9929);
#3587=VERTEX_POINT('',#9931);
#3588=VERTEX_POINT('',#9933);
#3589=VERTEX_POINT('',#9935);
#3590=VERTEX_POINT('',#9937);
#3591=VERTEX_POINT('',#9939);
#3592=VERTEX_POINT('',#9941);
#3593=VERTEX_POINT('',#9943);
#3594=VERTEX_POINT('',#9945);
#3595=VERTEX_POINT('',#9947);
#3596=VERTEX_POINT('',#9949);
#3597=VERTEX_POINT('',#9951);
#3598=VERTEX_POINT('',#9953);
#3599=VERTEX_POINT('',#9955);
#3600=VERTEX_POINT('',#9957);
#3601=VERTEX_POINT('',#9959);
#3602=VERTEX_POINT('',#9961);
#3603=VERTEX_POINT('',#9963);
#3604=VERTEX_POINT('',#9965);
#3605=VERTEX_POINT('',#9967);
#3606=VERTEX_POINT('',#9969);
#3607=VERTEX_POINT('',#9971);
#3608=VERTEX_POINT('',#9973);
#3609=VERTEX_POINT('',#9975);
#3610=VERTEX_POINT('',#9977);
#3611=VERTEX_POINT('',#9979);
#3612=VERTEX_POINT('',#9981);
#3613=VERTEX_POINT('',#9983);
#3614=VERTEX_POINT('',#9985);
#3615=VERTEX_POINT('',#9987);
#3616=VERTEX_POINT('',#9991);
#3617=VERTEX_POINT('',#9993);
#3618=VERTEX_POINT('',#9995);
#3619=VERTEX_POINT('',#9997);
#3620=VERTEX_POINT('',#9999);
#3621=VERTEX_POINT('',#10001);
#3622=VERTEX_POINT('',#10003);
#3623=VERTEX_POINT('',#10005);
#3624=VERTEX_POINT('',#10007);
#3625=VERTEX_POINT('',#10009);
#3626=VERTEX_POINT('',#10011);
#3627=VERTEX_POINT('',#10013);
#3628=VERTEX_POINT('',#10015);
#3629=VERTEX_POINT('',#10017);
#3630=VERTEX_POINT('',#10019);
#3631=VERTEX_POINT('',#10021);
#3632=VERTEX_POINT('',#10023);
#3633=VERTEX_POINT('',#10025);
#3634=VERTEX_POINT('',#10027);
#3635=VERTEX_POINT('',#10029);
#3636=VERTEX_POINT('',#10031);
#3637=VERTEX_POINT('',#10033);
#3638=VERTEX_POINT('',#10035);
#3639=VERTEX_POINT('',#10038);
#3640=VERTEX_POINT('',#10040);
#3641=VERTEX_POINT('',#10042);
#3642=VERTEX_POINT('',#10044);
#3643=VERTEX_POINT('',#10046);
#3644=VERTEX_POINT('',#10048);
#3645=VERTEX_POINT('',#10051);
#3646=VERTEX_POINT('',#10052);
#3647=VERTEX_POINT('',#10054);
#3648=VERTEX_POINT('',#10056);
#3649=VERTEX_POINT('',#10058);
#3650=VERTEX_POINT('',#10060);
#3651=VERTEX_POINT('',#10062);
#3652=VERTEX_POINT('',#10064);
#3653=VERTEX_POINT('',#10066);
#3654=VERTEX_POINT('',#10068);
#3655=VERTEX_POINT('',#10070);
#3656=VERTEX_POINT('',#10074);
#3657=VERTEX_POINT('',#10075);
#3658=VERTEX_POINT('',#10077);
#3659=VERTEX_POINT('',#10079);
#3660=VERTEX_POINT('',#10081);
#3661=VERTEX_POINT('',#10085);
#3662=VERTEX_POINT('',#10086);
#3663=VERTEX_POINT('',#10089);
#3664=VERTEX_POINT('',#10093);
#3665=VERTEX_POINT('',#10095);
#3666=VERTEX_POINT('',#10097);
#3667=VERTEX_POINT('',#10101);
#3668=VERTEX_POINT('',#10103);
#3669=VERTEX_POINT('',#10105);
#3670=VERTEX_POINT('',#10110);
#3671=VERTEX_POINT('',#10113);
#3672=VERTEX_POINT('',#10115);
#3673=VERTEX_POINT('',#10118);
#3674=VERTEX_POINT('',#10120);
#3675=VERTEX_POINT('',#10122);
#3676=VERTEX_POINT('',#10124);
#3677=VERTEX_POINT('',#10127);
#3678=VERTEX_POINT('',#10129);
#3679=VERTEX_POINT('',#10136);
#3680=VERTEX_POINT('',#10140);
#3681=VERTEX_POINT('',#10142);
#3682=VERTEX_POINT('',#10146);
#3683=VERTEX_POINT('',#10148);
#3684=VERTEX_POINT('',#10152);
#3685=VERTEX_POINT('',#10154);
#3686=VERTEX_POINT('',#10158);
#3687=VERTEX_POINT('',#10159);
#3688=VERTEX_POINT('',#10161);
#3689=VERTEX_POINT('',#10163);
#3690=VERTEX_POINT('',#10165);
#3691=VERTEX_POINT('',#10167);
#3692=VERTEX_POINT('',#10169);
#3693=VERTEX_POINT('',#10171);
#3694=VERTEX_POINT('',#10174);
#3695=VERTEX_POINT('',#10175);
#3696=VERTEX_POINT('',#10177);
#3697=VERTEX_POINT('',#10179);
#3698=VERTEX_POINT('',#10181);
#3699=VERTEX_POINT('',#10183);
#3700=VERTEX_POINT('',#10185);
#3701=VERTEX_POINT('',#10187);
#3702=VERTEX_POINT('',#10190);
#3703=VERTEX_POINT('',#10191);
#3704=VERTEX_POINT('',#10193);
#3705=VERTEX_POINT('',#10195);
#3706=VERTEX_POINT('',#10197);
#3707=VERTEX_POINT('',#10199);
#3708=VERTEX_POINT('',#10202);
#3709=VERTEX_POINT('',#10204);
#3710=VERTEX_POINT('',#10205);
#3711=VERTEX_POINT('',#10207);
#3712=VERTEX_POINT('',#10209);
#3713=VERTEX_POINT('',#10212);
#3714=VERTEX_POINT('',#10214);
#3715=VERTEX_POINT('',#10215);
#3716=VERTEX_POINT('',#10217);
#3717=VERTEX_POINT('',#10219);
#3718=VERTEX_POINT('',#10221);
#3719=VERTEX_POINT('',#10223);
#3720=VERTEX_POINT('',#10227);
#3721=VERTEX_POINT('',#10228);
#3722=VERTEX_POINT('',#10230);
#3723=VERTEX_POINT('',#10232);
#3724=VERTEX_POINT('',#10234);
#3725=VERTEX_POINT('',#10236);
#3726=VERTEX_POINT('',#10239);
#3727=VERTEX_POINT('',#10241);
#3728=VERTEX_POINT('',#10242);
#3729=VERTEX_POINT('',#10244);
#3730=VERTEX_POINT('',#10246);
#3731=VERTEX_POINT('',#10248);
#3732=VERTEX_POINT('',#10250);
#3733=VERTEX_POINT('',#10252);
#3734=VERTEX_POINT('',#10254);
#3735=VERTEX_POINT('',#10257);
#3736=VERTEX_POINT('',#10259);
#3737=VERTEX_POINT('',#10260);
#3738=VERTEX_POINT('',#10262);
#3739=VERTEX_POINT('',#10264);
#3740=VERTEX_POINT('',#10266);
#3741=VERTEX_POINT('',#10268);
#3742=VERTEX_POINT('',#10272);
#3743=VERTEX_POINT('',#10274);
#3744=VERTEX_POINT('',#10275);
#3745=VERTEX_POINT('',#10277);
#3746=VERTEX_POINT('',#10279);
#3747=VERTEX_POINT('',#10281);
#3748=VERTEX_POINT('',#10283);
#3749=VERTEX_POINT('',#10285);
#3750=VERTEX_POINT('',#10287);
#3751=VERTEX_POINT('',#10289);
#3752=VERTEX_POINT('',#10291);
#3753=VERTEX_POINT('',#10293);
#3754=VERTEX_POINT('',#10295);
#3755=VERTEX_POINT('',#10297);
#3756=VERTEX_POINT('',#10299);
#3757=VERTEX_POINT('',#10301);
#3758=VERTEX_POINT('',#10303);
#3759=VERTEX_POINT('',#10307);
#3760=VERTEX_POINT('',#10312);
#3761=VERTEX_POINT('',#10314);
#3762=VERTEX_POINT('',#10316);
#3763=VERTEX_POINT('',#10320);
#3764=VERTEX_POINT('',#10321);
#3765=VERTEX_POINT('',#10323);
#3766=VERTEX_POINT('',#10325);
#3767=VERTEX_POINT('',#10330);
#3768=VERTEX_POINT('',#10333);
#3769=VERTEX_POINT('',#10340);
#3770=VERTEX_POINT('',#10342);
#3771=VERTEX_POINT('',#10344);
#3772=VERTEX_POINT('',#10346);
#3773=VERTEX_POINT('',#10348);
#3774=VERTEX_POINT('',#10350);
#3775=VERTEX_POINT('',#10352);
#3776=VERTEX_POINT('',#10354);
#3777=VERTEX_POINT('',#10356);
#3778=VERTEX_POINT('',#10358);
#3779=VERTEX_POINT('',#10360);
#3780=VERTEX_POINT('',#10362);
#3781=VERTEX_POINT('',#10364);
#3782=VERTEX_POINT('',#10366);
#3783=VERTEX_POINT('',#10368);
#3784=VERTEX_POINT('',#10370);
#3785=VERTEX_POINT('',#10372);
#3786=VERTEX_POINT('',#10374);
#3787=VERTEX_POINT('',#10376);
#3788=VERTEX_POINT('',#10378);
#3789=VERTEX_POINT('',#10380);
#3790=VERTEX_POINT('',#10382);
#3791=VERTEX_POINT('',#10384);
#3792=VERTEX_POINT('',#10386);
#3793=VERTEX_POINT('',#10388);
#3794=VERTEX_POINT('',#10390);
#3795=VERTEX_POINT('',#10392);
#3796=VERTEX_POINT('',#10395);
#3797=VERTEX_POINT('',#10397);
#3798=VERTEX_POINT('',#10399);
#3799=VERTEX_POINT('',#10401);
#3800=VERTEX_POINT('',#10403);
#3801=VERTEX_POINT('',#10406);
#3802=VERTEX_POINT('',#10408);
#3803=VERTEX_POINT('',#10411);
#3804=VERTEX_POINT('',#10413);
#3805=VERTEX_POINT('',#10415);
#3806=VERTEX_POINT('',#10419);
#3807=VERTEX_POINT('',#10420);
#3808=VERTEX_POINT('',#10422);
#3809=VERTEX_POINT('',#10424);
#3810=VERTEX_POINT('',#10426);
#3811=VERTEX_POINT('',#10428);
#3812=VERTEX_POINT('',#10435);
#3813=VERTEX_POINT('',#10436);
#3814=VERTEX_POINT('',#10438);
#3815=VERTEX_POINT('',#10443);
#3816=VERTEX_POINT('',#10448);
#3817=VERTEX_POINT('',#10454);
#3818=VERTEX_POINT('',#10455);
#3819=VERTEX_POINT('',#10457);
#3820=VERTEX_POINT('',#10459);
#3821=VERTEX_POINT('',#10463);
#3822=VERTEX_POINT('',#10464);
#3823=VERTEX_POINT('',#10469);
#3824=VERTEX_POINT('',#10475);
#3825=VERTEX_POINT('',#10479);
#3826=VERTEX_POINT('',#10480);
#3827=VERTEX_POINT('',#10482);
#3828=VERTEX_POINT('',#10484);
#3829=VERTEX_POINT('',#10491);
#3830=VERTEX_POINT('',#10497);
#3831=VERTEX_POINT('',#10498);
#3832=VERTEX_POINT('',#10503);
#3833=VERTEX_POINT('',#10505);
#3834=VERTEX_POINT('',#10509);
#3835=VERTEX_POINT('',#10510);
#3836=VERTEX_POINT('',#10515);
#3837=VERTEX_POINT('',#10517);
#3838=VERTEX_POINT('',#10521);
#3839=VERTEX_POINT('',#10527);
#3840=VERTEX_POINT('',#10528);
#3841=VERTEX_POINT('',#10530);
#3842=VERTEX_POINT('',#10532);
#3843=VERTEX_POINT('',#10535);
#3844=VERTEX_POINT('',#10536);
#3845=VERTEX_POINT('',#10538);
#3846=VERTEX_POINT('',#10540);
#3847=VERTEX_POINT('',#10542);
#3848=VERTEX_POINT('',#10544);
#3849=VERTEX_POINT('',#10546);
#3850=VERTEX_POINT('',#10548);
#3851=VERTEX_POINT('',#10550);
#3852=VERTEX_POINT('',#10552);
#3853=VERTEX_POINT('',#10554);
#3854=VERTEX_POINT('',#10556);
#3855=VERTEX_POINT('',#10558);
#3856=VERTEX_POINT('',#10560);
#3857=VERTEX_POINT('',#10562);
#3858=VERTEX_POINT('',#10565);
#3859=VERTEX_POINT('',#10567);
#3860=VERTEX_POINT('',#10569);
#3861=VERTEX_POINT('',#10571);
#3862=VERTEX_POINT('',#10573);
#3863=VERTEX_POINT('',#10575);
#3864=VERTEX_POINT('',#10577);
#3865=VERTEX_POINT('',#10579);
#3866=VERTEX_POINT('',#10581);
#3867=VERTEX_POINT('',#10583);
#3868=VERTEX_POINT('',#10585);
#3869=VERTEX_POINT('',#10587);
#3870=VERTEX_POINT('',#10589);
#3871=VERTEX_POINT('',#10591);
#3872=VERTEX_POINT('',#10593);
#3873=VERTEX_POINT('',#10595);
#3874=VERTEX_POINT('',#10597);
#3875=VERTEX_POINT('',#10599);
#3876=VERTEX_POINT('',#10601);
#3877=VERTEX_POINT('',#10603);
#3878=VERTEX_POINT('',#10605);
#3879=VERTEX_POINT('',#10607);
#3880=VERTEX_POINT('',#10609);
#3881=VERTEX_POINT('',#10611);
#3882=VERTEX_POINT('',#10614);
#3883=VERTEX_POINT('',#10617);
#3884=VERTEX_POINT('',#10618);
#3885=VERTEX_POINT('',#10620);
#3886=VERTEX_POINT('',#10622);
#3887=VERTEX_POINT('',#10626);
#3888=VERTEX_POINT('',#10628);
#3889=VERTEX_POINT('',#10630);
#3890=VERTEX_POINT('',#10637);
#3891=VERTEX_POINT('',#10642);
#3892=VERTEX_POINT('',#10643);
#3893=VERTEX_POINT('',#10645);
#3894=VERTEX_POINT('',#10647);
#3895=VERTEX_POINT('',#10650);
#3896=VERTEX_POINT('',#10654);
#3897=VERTEX_POINT('',#10662);
#3898=VERTEX_POINT('',#10664);
#3899=VERTEX_POINT('',#10666);
#3900=VERTEX_POINT('',#10668);
#3901=VERTEX_POINT('',#10670);
#3902=VERTEX_POINT('',#10672);
#3903=VERTEX_POINT('',#10674);
#3904=VERTEX_POINT('',#10676);
#3905=VERTEX_POINT('',#10678);
#3906=VERTEX_POINT('',#10680);
#3907=VERTEX_POINT('',#10682);
#3908=VERTEX_POINT('',#10684);
#3909=VERTEX_POINT('',#10688);
#3910=VERTEX_POINT('',#10689);
#3911=VERTEX_POINT('',#10691);
#3912=VERTEX_POINT('',#10696);
#3913=VERTEX_POINT('',#10698);
#3914=VERTEX_POINT('',#10700);
#3915=VERTEX_POINT('',#10702);
#3916=VERTEX_POINT('',#10704);
#3917=VERTEX_POINT('',#10706);
#3918=VERTEX_POINT('',#10710);
#3919=VERTEX_POINT('',#10715);
#3920=VERTEX_POINT('',#10717);
#3921=VERTEX_POINT('',#10723);
#3922=VERTEX_POINT('',#10725);
#3923=VERTEX_POINT('',#10727);
#3924=VERTEX_POINT('',#10729);
#3925=VERTEX_POINT('',#10731);
#3926=VERTEX_POINT('',#10733);
#3927=VERTEX_POINT('',#10735);
#3928=VERTEX_POINT('',#10743);
#3929=VERTEX_POINT('',#10748);
#3930=VERTEX_POINT('',#10750);
#3931=VERTEX_POINT('',#10752);
#3932=VERTEX_POINT('',#10755);
#3933=VERTEX_POINT('',#10760);
#3934=VERTEX_POINT('',#10763);
#3935=VERTEX_POINT('',#10766);
#3936=VERTEX_POINT('',#10768);
#3937=VERTEX_POINT('',#10770);
#3938=VERTEX_POINT('',#10772);
#3939=VERTEX_POINT('',#10779);
#3940=VERTEX_POINT('',#10794);
#3941=VERTEX_POINT('',#10801);
#3942=VERTEX_POINT('',#10803);
#3943=VERTEX_POINT('',#10829);
#3944=VERTEX_POINT('',#10830);
#3945=VERTEX_POINT('',#10859);
#3946=VERTEX_POINT('',#10886);
#3947=VERTEX_POINT('',#10889);
#3948=VERTEX_POINT('',#10891);
#3949=VERTEX_POINT('',#10896);
#3950=VERTEX_POINT('',#10898);
#3951=VERTEX_POINT('',#10900);
#3952=VERTEX_POINT('',#10902);
#3953=VERTEX_POINT('',#10904);
#3954=VERTEX_POINT('',#10906);
#3955=VERTEX_POINT('',#10908);
#3956=VERTEX_POINT('',#10911);
#3957=VERTEX_POINT('',#10913);
#3958=VERTEX_POINT('',#10920);
#3959=VERTEX_POINT('',#10921);
#3960=VERTEX_POINT('',#10923);
#3961=VERTEX_POINT('',#10930);
#3962=VERTEX_POINT('',#10936);
#3963=VERTEX_POINT('',#10940);
#3964=VERTEX_POINT('',#10942);
#3965=VERTEX_POINT('',#10964);
#3966=VERTEX_POINT('',#10965);
#3967=VERTEX_POINT('',#10973);
#3968=VERTEX_POINT('',#10978);
#3969=VERTEX_POINT('',#10983);
#3970=VERTEX_POINT('',#10994);
#3971=VERTEX_POINT('',#10997);
#3972=VERTEX_POINT('',#11001);
#3973=VERTEX_POINT('',#11003);
#3974=VERTEX_POINT('',#11007);
#3975=VERTEX_POINT('',#11011);
#3976=VERTEX_POINT('',#11015);
#3977=VERTEX_POINT('',#11018);
#3978=VERTEX_POINT('',#11022);
#3979=VERTEX_POINT('',#11045);
#3980=VERTEX_POINT('',#11047);
#3981=VERTEX_POINT('',#11049);
#3982=VERTEX_POINT('',#11051);
#3983=VERTEX_POINT('',#11053);
#3984=VERTEX_POINT('',#11055);
#3985=VERTEX_POINT('',#11057);
#3986=VERTEX_POINT('',#11081);
#3987=VERTEX_POINT('',#11083);
#3988=VERTEX_POINT('',#11084);
#3989=VERTEX_POINT('',#11086);
#3990=VERTEX_POINT('',#11088);
#3991=VERTEX_POINT('',#11090);
#3992=VERTEX_POINT('',#11092);
#3993=VERTEX_POINT('',#11097);
#3994=VERTEX_POINT('',#11102);
#3995=VERTEX_POINT('',#11104);
#3996=VERTEX_POINT('',#11111);
#3997=VERTEX_POINT('',#11114);
#3998=VERTEX_POINT('',#11120);
#3999=VERTEX_POINT('',#11124);
#4000=VERTEX_POINT('',#11145);
#4001=VERTEX_POINT('',#11146);
#4002=VERTEX_POINT('',#11155);
#4003=VERTEX_POINT('',#11160);
#4004=VERTEX_POINT('',#11165);
#4005=VERTEX_POINT('',#11175);
#4006=VERTEX_POINT('',#11204);
#4007=VERTEX_POINT('',#11211);
#4008=VERTEX_POINT('',#11219);
#4009=VERTEX_POINT('',#11241);
#4010=VERTEX_POINT('',#11246);
#4011=VERTEX_POINT('',#11253);
#4012=VERTEX_POINT('',#11255);
#4013=VERTEX_POINT('',#11259);
#4014=VERTEX_POINT('',#11266);
#4015=VERTEX_POINT('',#11270);
#4016=VERTEX_POINT('',#11274);
#4017=VERTEX_POINT('',#11280);
#4018=VERTEX_POINT('',#11285);
#4019=VERTEX_POINT('',#11287);
#4020=VERTEX_POINT('',#11292);
#4021=VERTEX_POINT('',#11299);
#4022=VERTEX_POINT('',#11301);
#4023=VERTEX_POINT('',#11305);
#4024=VERTEX_POINT('',#11309);
#4025=VERTEX_POINT('',#11313);
#4026=VERTEX_POINT('',#11317);
#4027=VERTEX_POINT('',#11321);
#4028=VERTEX_POINT('',#11327);
#4029=VERTEX_POINT('',#11331);
#4030=VERTEX_POINT('',#11335);
#4031=VERTEX_POINT('',#11339);
#4032=VERTEX_POINT('',#11341);
#4033=VERTEX_POINT('',#11345);
#4034=VERTEX_POINT('',#11349);
#4035=VERTEX_POINT('',#11353);
#4036=VERTEX_POINT('',#11354);
#4037=VERTEX_POINT('',#11356);
#4038=VERTEX_POINT('',#11358);
#4039=VERTEX_POINT('',#11360);
#4040=VERTEX_POINT('',#11362);
#4041=VERTEX_POINT('',#11364);
#4042=VERTEX_POINT('',#11366);
#4043=VERTEX_POINT('',#11369);
#4044=VERTEX_POINT('',#11371);
#4045=VERTEX_POINT('',#11373);
#4046=VERTEX_POINT('',#11375);
#4047=VERTEX_POINT('',#11377);
#4048=VERTEX_POINT('',#11379);
#4049=VERTEX_POINT('',#11382);
#4050=VERTEX_POINT('',#11384);
#4051=VERTEX_POINT('',#11386);
#4052=VERTEX_POINT('',#11388);
#4053=VERTEX_POINT('',#11390);
#4054=VERTEX_POINT('',#11392);
#4055=VERTEX_POINT('',#11394);
#4056=VERTEX_POINT('',#11405);
#4057=VERTEX_POINT('',#11407);
#4058=VERTEX_POINT('',#11411);
#4059=VERTEX_POINT('',#11413);
#4060=VERTEX_POINT('',#11421);
#4061=VERTEX_POINT('',#11425);
#4062=VERTEX_POINT('',#11434);
#4063=VERTEX_POINT('',#11436);
#4064=VERTEX_POINT('',#11440);
#4065=VERTEX_POINT('',#11444);
#4066=VERTEX_POINT('',#11448);
#4067=VERTEX_POINT('',#11450);
#4068=VERTEX_POINT('',#11454);
#4069=VERTEX_POINT('',#11460);
#4070=VERTEX_POINT('',#11462);
#4071=VERTEX_POINT('',#11468);
#4072=VERTEX_POINT('',#11470);
#4073=VERTEX_POINT('',#11478);
#4074=VERTEX_POINT('',#11479);
#4075=VERTEX_POINT('',#11481);
#4076=VERTEX_POINT('',#11502);
#4077=VERTEX_POINT('',#11512);
#4078=VERTEX_POINT('',#11514);
#4079=VERTEX_POINT('',#11518);
#4080=VERTEX_POINT('',#11527);
#4081=VERTEX_POINT('',#11533);
#4082=VERTEX_POINT('',#11537);
#4083=VERTEX_POINT('',#11545);
#4084=VERTEX_POINT('',#11549);
#4085=VERTEX_POINT('',#11551);
#4086=VERTEX_POINT('',#11553);
#4087=VERTEX_POINT('',#11555);
#4088=VERTEX_POINT('',#11557);
#4089=VERTEX_POINT('',#11559);
#4090=VERTEX_POINT('',#11562);
#4091=VERTEX_POINT('',#11564);
#4092=VERTEX_POINT('',#11572);
#4093=VERTEX_POINT('',#11574);
#4094=VERTEX_POINT('',#11581);
#4095=VERTEX_POINT('',#11585);
#4096=VERTEX_POINT('',#11599);
#4097=VERTEX_POINT('',#11601);
#4098=VERTEX_POINT('',#11603);
#4099=VERTEX_POINT('',#11605);
#4100=VERTEX_POINT('',#11607);
#4101=VERTEX_POINT('',#11628);
#4102=VERTEX_POINT('',#11629);
#4103=VERTEX_POINT('',#11631);
#4104=VERTEX_POINT('',#11633);
#4105=VERTEX_POINT('',#11637);
#4106=VERTEX_POINT('',#11638);
#4107=VERTEX_POINT('',#11640);
#4108=VERTEX_POINT('',#11642);
#4109=VERTEX_POINT('',#11649);
#4110=VERTEX_POINT('',#11651);
#4111=VERTEX_POINT('',#11655);
#4112=VERTEX_POINT('',#11659);
#4113=VERTEX_POINT('',#11663);
#4114=VERTEX_POINT('',#11665);
#4115=VERTEX_POINT('',#11670);
#4116=VERTEX_POINT('',#11673);
#4117=VERTEX_POINT('',#11679);
#4118=VERTEX_POINT('',#11683);
#4119=VERTEX_POINT('',#11691);
#4120=VERTEX_POINT('',#11692);
#4121=VERTEX_POINT('',#11697);
#4122=VERTEX_POINT('',#11698);
#4123=VERTEX_POINT('',#11700);
#4124=VERTEX_POINT('',#11702);
#4125=VERTEX_POINT('',#11708);
#4126=VERTEX_POINT('',#11720);
#4127=VERTEX_POINT('',#11726);
#4128=VERTEX_POINT('',#11730);
#4129=VERTEX_POINT('',#11744);
#4130=VERTEX_POINT('',#11745);
#4131=VERTEX_POINT('',#11747);
#4132=VERTEX_POINT('',#11751);
#4133=VERTEX_POINT('',#11756);
#4134=VERTEX_POINT('',#11757);
#4135=VERTEX_POINT('',#11759);
#4136=VERTEX_POINT('',#11761);
#4137=VERTEX_POINT('',#11771);
#4138=VERTEX_POINT('',#11790);
#4139=VERTEX_POINT('',#11795);
#4140=VERTEX_POINT('',#11824);
#4141=VERTEX_POINT('',#11828);
#4142=VERTEX_POINT('',#11840);
#4143=VERTEX_POINT('',#11842);
#4144=VERTEX_POINT('',#11844);
#4145=VERTEX_POINT('',#11846);
#4146=VERTEX_POINT('',#11850);
#4147=VERTEX_POINT('',#11852);
#4148=VERTEX_POINT('',#11856);
#4149=VERTEX_POINT('',#11860);
#4150=VERTEX_POINT('',#11864);
#4151=VERTEX_POINT('',#11868);
#4152=VERTEX_POINT('',#11885);
#4153=VERTEX_POINT('',#11890);
#4154=VERTEX_POINT('',#11892);
#4155=VERTEX_POINT('',#11894);
#4156=VERTEX_POINT('',#11900);
#4157=VERTEX_POINT('',#11911);
#4158=VERTEX_POINT('',#11915);
#4159=VERTEX_POINT('',#11917);
#4160=VERTEX_POINT('',#11919);
#4161=VERTEX_POINT('',#11921);
#4162=VERTEX_POINT('',#11922);
#4163=VERTEX_POINT('',#11927);
#4164=VERTEX_POINT('',#11948);
#4165=VERTEX_POINT('',#11950);
#4166=VERTEX_POINT('',#11954);
#4167=VERTEX_POINT('',#11958);
#4168=VERTEX_POINT('',#11965);
#4169=VERTEX_POINT('',#11967);
#4170=VERTEX_POINT('',#11971);
#4171=VERTEX_POINT('',#11975);
#4172=VERTEX_POINT('',#11982);
#4173=VERTEX_POINT('',#11986);
#4174=VERTEX_POINT('',#11990);
#4175=VERTEX_POINT('',#11994);
#4176=VERTEX_POINT('',#12032);
#4177=VERTEX_POINT('',#12034);
#4178=VERTEX_POINT('',#12036);
#4179=VERTEX_POINT('',#12038);
#4180=VERTEX_POINT('',#12039);
#4181=VERTEX_POINT('',#12094);
#4182=VERTEX_POINT('',#12111);
#4183=LINE('',#9742,#4909);
#4184=LINE('',#9745,#4910);
#4185=LINE('',#9747,#4911);
#4186=LINE('',#9749,#4912);
#4187=LINE('',#9751,#4913);
#4188=LINE('',#9754,#4914);
#4189=LINE('',#9756,#4915);
#4190=LINE('',#9758,#4916);
#4191=LINE('',#9760,#4917);
#4192=LINE('',#9761,#4918);
#4193=LINE('',#9763,#4919);
#4194=LINE('',#9764,#4920);
#4195=LINE('',#9766,#4921);
#4196=LINE('',#9768,#4922);
#4197=LINE('',#9770,#4923);
#4198=LINE('',#9772,#4924);
#4199=LINE('',#9774,#4925);
#4200=LINE('',#9776,#4926);
#4201=LINE('',#9778,#4927);
#4202=LINE('',#9780,#4928);
#4203=LINE('',#9782,#4929);
#4204=LINE('',#9784,#4930);
#4205=LINE('',#9786,#4931);
#4206=LINE('',#9788,#4932);
#4207=LINE('',#9793,#4933);
#4208=LINE('',#9795,#4934);
#4209=LINE('',#9797,#4935);
#4210=LINE('',#9799,#4936);
#4211=LINE('',#9801,#4937);
#4212=LINE('',#9805,#4938);
#4213=LINE('',#9807,#4939);
#4214=LINE('',#9809,#4940);
#4215=LINE('',#9811,#4941);
#4216=LINE('',#9814,#4942);
#4217=LINE('',#9816,#4943);
#4218=LINE('',#9818,#4944);
#4219=LINE('',#9820,#4945);
#4220=LINE('',#9822,#4946);
#4221=LINE('',#9824,#4947);
#4222=LINE('',#9826,#4948);
#4223=LINE('',#9828,#4949);
#4224=LINE('',#9830,#4950);
#4225=LINE('',#9832,#4951);
#4226=LINE('',#9834,#4952);
#4227=LINE('',#9836,#4953);
#4228=LINE('',#9838,#4954);
#4229=LINE('',#9840,#4955);
#4230=LINE('',#9842,#4956);
#4231=LINE('',#9844,#4957);
#4232=LINE('',#9846,#4958);
#4233=LINE('',#9848,#4959);
#4234=LINE('',#9850,#4960);
#4235=LINE('',#9853,#4961);
#4236=LINE('',#9855,#4962);
#4237=LINE('',#9859,#4963);
#4238=LINE('',#9861,#4964);
#4239=LINE('',#9863,#4965);
#4240=LINE('',#9865,#4966);
#4241=LINE('',#9867,#4967);
#4242=LINE('',#9869,#4968);
#4243=LINE('',#9871,#4969);
#4244=LINE('',#9873,#4970);
#4245=LINE('',#9875,#4971);
#4246=LINE('',#9877,#4972);
#4247=LINE('',#9879,#4973);
#4248=LINE('',#9881,#4974);
#4249=LINE('',#9883,#4975);
#4250=LINE('',#9885,#4976);
#4251=LINE('',#9887,#4977);
#4252=LINE('',#9889,#4978);
#4253=LINE('',#9891,#4979);
#4254=LINE('',#9895,#4980);
#4255=LINE('',#9898,#4981);
#4256=LINE('',#9906,#4982);
#4257=LINE('',#9910,#4983);
#4258=LINE('',#9912,#4984);
#4259=LINE('',#9914,#4985);
#4260=LINE('',#9916,#4986);
#4261=LINE('',#9918,#4987);
#4262=LINE('',#9920,#4988);
#4263=LINE('',#9922,#4989);
#4264=LINE('',#9924,#4990);
#4265=LINE('',#9928,#4991);
#4266=LINE('',#9932,#4992);
#4267=LINE('',#9936,#4993);
#4268=LINE('',#9940,#4994);
#4269=LINE('',#9944,#4995);
#4270=LINE('',#9946,#4996);
#4271=LINE('',#9948,#4997);
#4272=LINE('',#9950,#4998);
#4273=LINE('',#9952,#4999);
#4274=LINE('',#9954,#5000);
#4275=LINE('',#9956,#5001);
#4276=LINE('',#9958,#5002);
#4277=LINE('',#9960,#5003);
#4278=LINE('',#9964,#5004);
#4279=LINE('',#9972,#5005);
#4280=LINE('',#9974,#5006);
#4281=LINE('',#9976,#5007);
#4282=LINE('',#9980,#5008);
#4283=LINE('',#9984,#5009);
#4284=LINE('',#9988,#5010);
#4285=LINE('',#9989,#5011);
#4286=LINE('',#9990,#5012);
#4287=LINE('',#9992,#5013);
#4288=LINE('',#9996,#5014);
#4289=LINE('',#10000,#5015);
#4290=LINE('',#10010,#5016);
#4291=LINE('',#10020,#5017);
#4292=LINE('',#10024,#5018);
#4293=LINE('',#10028,#5019);
#4294=LINE('',#10030,#5020);
#4295=LINE('',#10032,#5021);
#4296=LINE('',#10034,#5022);
#4297=LINE('',#10036,#5023);
#4298=LINE('',#10037,#5024);
#4299=LINE('',#10041,#5025);
#4300=LINE('',#10045,#5026);
#4301=LINE('',#10049,#5027);
#4302=LINE('',#10055,#5028);
#4303=LINE('',#10059,#5029);
#4304=LINE('',#10063,#5030);
#4305=LINE('',#10071,#5031);
#4306=LINE('',#10073,#5032);
#4307=LINE('',#10076,#5033);
#4308=LINE('',#10080,#5034);
#4309=LINE('',#10082,#5035);
#4310=LINE('',#10084,#5036);
#4311=LINE('',#10087,#5037);
#4312=LINE('',#10088,#5038);
#4313=LINE('',#10090,#5039);
#4314=LINE('',#10092,#5040);
#4315=LINE('',#10094,#5041);
#4316=LINE('',#10096,#5042);
#4317=LINE('',#10098,#5043);
#4318=LINE('',#10100,#5044);
#4319=LINE('',#10102,#5045);
#4320=LINE('',#10104,#5046);
#4321=LINE('',#10106,#5047);
#4322=LINE('',#10108,#5048);
#4323=LINE('',#10109,#5049);
#4324=LINE('',#10111,#5050);
#4325=LINE('',#10112,#5051);
#4326=LINE('',#10114,#5052);
#4327=LINE('',#10116,#5053);
#4328=LINE('',#10117,#5054);
#4329=LINE('',#10119,#5055);
#4330=LINE('',#10121,#5056);
#4331=LINE('',#10123,#5057);
#4332=LINE('',#10125,#5058);
#4333=LINE('',#10126,#5059);
#4334=LINE('',#10128,#5060);
#4335=LINE('',#10130,#5061);
#4336=LINE('',#10131,#5062);
#4337=LINE('',#10133,#5063);
#4338=LINE('',#10135,#5064);
#4339=LINE('',#10137,#5065);
#4340=LINE('',#10141,#5066);
#4341=LINE('',#10143,#5067);
#4342=LINE('',#10145,#5068);
#4343=LINE('',#10147,#5069);
#4344=LINE('',#10153,#5070);
#4345=LINE('',#10155,#5071);
#4346=LINE('',#10157,#5072);
#4347=LINE('',#10160,#5073);
#4348=LINE('',#10162,#5074);
#4349=LINE('',#10164,#5075);
#4350=LINE('',#10166,#5076);
#4351=LINE('',#10168,#5077);
#4352=LINE('',#10170,#5078);
#4353=LINE('',#10172,#5079);
#4354=LINE('',#10173,#5080);
#4355=LINE('',#10176,#5081);
#4356=LINE('',#10178,#5082);
#4357=LINE('',#10180,#5083);
#4358=LINE('',#10182,#5084);
#4359=LINE('',#10184,#5085);
#4360=LINE('',#10186,#5086);
#4361=LINE('',#10188,#5087);
#4362=LINE('',#10192,#5088);
#4363=LINE('',#10194,#5089);
#4364=LINE('',#10198,#5090);
#4365=LINE('',#10200,#5091);
#4366=LINE('',#10203,#5092);
#4367=LINE('',#10206,#5093);
#4368=LINE('',#10208,#5094);
#4369=LINE('',#10210,#5095);
#4370=LINE('',#10213,#5096);
#4371=LINE('',#10216,#5097);
#4372=LINE('',#10220,#5098);
#4373=LINE('',#10222,#5099);
#4374=LINE('',#10229,#5100);
#4375=LINE('',#10231,#5101);
#4376=LINE('',#10235,#5102);
#4377=LINE('',#10237,#5103);
#4378=LINE('',#10240,#5104);
#4379=LINE('',#10245,#5105);
#4380=LINE('',#10249,#5106);
#4381=LINE('',#10253,#5107);
#4382=LINE('',#10261,#5108);
#4383=LINE('',#10263,#5109);
#4384=LINE('',#10267,#5110);
#4385=LINE('',#10269,#5111);
#4386=LINE('',#10276,#5112);
#4387=LINE('',#10280,#5113);
#4388=LINE('',#10282,#5114);
#4389=LINE('',#10286,#5115);
#4390=LINE('',#10288,#5116);
#4391=LINE('',#10290,#5117);
#4392=LINE('',#10292,#5118);
#4393=LINE('',#10300,#5119);
#4394=LINE('',#10302,#5120);
#4395=LINE('',#10304,#5121);
#4396=LINE('',#10306,#5122);
#4397=LINE('',#10313,#5123);
#4398=LINE('',#10317,#5124);
#4399=LINE('',#10319,#5125);
#4400=LINE('',#10322,#5126);
#4401=LINE('',#10326,#5127);
#4402=LINE('',#10327,#5128);
#4403=LINE('',#10329,#5129);
#4404=LINE('',#10331,#5130);
#4405=LINE('',#10332,#5131);
#4406=LINE('',#10339,#5132);
#4407=LINE('',#10341,#5133);
#4408=LINE('',#10345,#5134);
#4409=LINE('',#10349,#5135);
#4410=LINE('',#10359,#5136);
#4411=LINE('',#10369,#5137);
#4412=LINE('',#10373,#5138);
#4413=LINE('',#10377,#5139);
#4414=LINE('',#10381,#5140);
#4415=LINE('',#10383,#5141);
#4416=LINE('',#10385,#5142);
#4417=LINE('',#10389,#5143);
#4418=LINE('',#10393,#5144);
#4419=LINE('',#10394,#5145);
#4420=LINE('',#10398,#5146);
#4421=LINE('',#10402,#5147);
#4422=LINE('',#10404,#5148);
#4423=LINE('',#10410,#5149);
#4424=LINE('',#10412,#5150);
#4425=LINE('',#10414,#5151);
#4426=LINE('',#10416,#5152);
#4427=LINE('',#10418,#5153);
#4428=LINE('',#10423,#5154);
#4429=LINE('',#10427,#5155);
#4430=LINE('',#10437,#5156);
#4431=LINE('',#10444,#5157);
#4432=LINE('',#10445,#5158);
#4433=LINE('',#10447,#5159);
#4434=LINE('',#10449,#5160);
#4435=LINE('',#10451,#5161);
#4436=LINE('',#10453,#5162);
#4437=LINE('',#10456,#5163);
#4438=LINE('',#10458,#5164);
#4439=LINE('',#10460,#5165);
#4440=LINE('',#10462,#5166);
#4441=LINE('',#10465,#5167);
#4442=LINE('',#10466,#5168);
#4443=LINE('',#10468,#5169);
#4444=LINE('',#10470,#5170);
#4445=LINE('',#10472,#5171);
#4446=LINE('',#10474,#5172);
#4447=LINE('',#10476,#5173);
#4448=LINE('',#10481,#5174);
#4449=LINE('',#10485,#5175);
#4450=LINE('',#10487,#5176);
#4451=LINE('',#10488,#5177);
#4452=LINE('',#10490,#5178);
#4453=LINE('',#10492,#5179);
#4454=LINE('',#10494,#5180);
#4455=LINE('',#10496,#5181);
#4456=LINE('',#10499,#5182);
#4457=LINE('',#10500,#5183);
#4458=LINE('',#10502,#5184);
#4459=LINE('',#10504,#5185);
#4460=LINE('',#10506,#5186);
#4461=LINE('',#10508,#5187);
#4462=LINE('',#10511,#5188);
#4463=LINE('',#10512,#5189);
#4464=LINE('',#10514,#5190);
#4465=LINE('',#10516,#5191);
#4466=LINE('',#10518,#5192);
#4467=LINE('',#10520,#5193);
#4468=LINE('',#10522,#5194);
#4469=LINE('',#10524,#5195);
#4470=LINE('',#10526,#5196);
#4471=LINE('',#10529,#5197);
#4472=LINE('',#10531,#5198);
#4473=LINE('',#10533,#5199);
#4474=LINE('',#10534,#5200);
#4475=LINE('',#10537,#5201);
#4476=LINE('',#10539,#5202);
#4477=LINE('',#10541,#5203);
#4478=LINE('',#10543,#5204);
#4479=LINE('',#10545,#5205);
#4480=LINE('',#10547,#5206);
#4481=LINE('',#10549,#5207);
#4482=LINE('',#10551,#5208);
#4483=LINE('',#10553,#5209);
#4484=LINE('',#10555,#5210);
#4485=LINE('',#10557,#5211);
#4486=LINE('',#10559,#5212);
#4487=LINE('',#10561,#5213);
#4488=LINE('',#10563,#5214);
#4489=LINE('',#10566,#5215);
#4490=LINE('',#10570,#5216);
#4491=LINE('',#10574,#5217);
#4492=LINE('',#10576,#5218);
#4493=LINE('',#10578,#5219);
#4494=LINE('',#10582,#5220);
#4495=LINE('',#10586,#5221);
#4496=LINE('',#10588,#5222);
#4497=LINE('',#10590,#5223);
#4498=LINE('',#10594,#5224);
#4499=LINE('',#10598,#5225);
#4500=LINE('',#10600,#5226);
#4501=LINE('',#10602,#5227);
#4502=LINE('',#10606,#5228);
#4503=LINE('',#10610,#5229);
#4504=LINE('',#10613,#5230);
#4505=LINE('',#10615,#5231);
#4506=LINE('',#10616,#5232);
#4507=LINE('',#10619,#5233);
#4508=LINE('',#10621,#5234);
#4509=LINE('',#10623,#5235);
#4510=LINE('',#10625,#5236);
#4511=LINE('',#10627,#5237);
#4512=LINE('',#10629,#5238);
#4513=LINE('',#10636,#5239);
#4514=LINE('',#10638,#5240);
#4515=LINE('',#10639,#5241);
#4516=LINE('',#10641,#5242);
#4517=LINE('',#10644,#5243);
#4518=LINE('',#10646,#5244);
#4519=LINE('',#10648,#5245);
#4520=LINE('',#10649,#5246);
#4521=LINE('',#10651,#5247);
#4522=LINE('',#10653,#5248);
#4523=LINE('',#10655,#5249);
#4524=LINE('',#10657,#5250);
#4525=LINE('',#10659,#5251);
#4526=LINE('',#10665,#5252);
#4527=LINE('',#10667,#5253);
#4528=LINE('',#10669,#5254);
#4529=LINE('',#10675,#5255);
#4530=LINE('',#10677,#5256);
#4531=LINE('',#10683,#5257);
#4532=LINE('',#10685,#5258);
#4533=LINE('',#10687,#5259);
#4534=LINE('',#10692,#5260);
#4535=LINE('',#10693,#5261);
#4536=LINE('',#10695,#5262);
#4537=LINE('',#10699,#5263);
#4538=LINE('',#10703,#5264);
#4539=LINE('',#10705,#5265);
#4540=LINE('',#10707,#5266);
#4541=LINE('',#10711,#5267);
#4542=LINE('',#10713,#5268);
#4543=LINE('',#10714,#5269);
#4544=LINE('',#10716,#5270);
#4545=LINE('',#10718,#5271);
#4546=LINE('',#10720,#5272);
#4547=LINE('',#10722,#5273);
#4548=LINE('',#10726,#5274);
#4549=LINE('',#10728,#5275);
#4550=LINE('',#10730,#5276);
#4551=LINE('',#10732,#5277);
#4552=LINE('',#10734,#5278);
#4553=LINE('',#10736,#5279);
#4554=LINE('',#10738,#5280);
#4555=LINE('',#10739,#5281);
#4556=LINE('',#10740,#5282);
#4557=LINE('',#10742,#5283);
#4558=LINE('',#10744,#5284);
#4559=LINE('',#10747,#5285);
#4560=LINE('',#10749,#5286);
#4561=LINE('',#10751,#5287);
#4562=LINE('',#10753,#5288);
#4563=LINE('',#10754,#5289);
#4564=LINE('',#10756,#5290);
#4565=LINE('',#10765,#5291);
#4566=LINE('',#10767,#5292);
#4567=LINE('',#10769,#5293);
#4568=LINE('',#10888,#5294);
#4569=LINE('',#10890,#5295);
#4570=LINE('',#10892,#5296);
#4571=LINE('',#10894,#5297);
#4572=LINE('',#10895,#5298);
#4573=LINE('',#10897,#5299);
#4574=LINE('',#10899,#5300);
#4575=LINE('',#10907,#5301);
#4576=LINE('',#10909,#5302);
#4577=LINE('',#10912,#5303);
#4578=LINE('',#10914,#5304);
#4579=LINE('',#10929,#5305);
#4580=LINE('',#10931,#5306);
#4581=LINE('',#10933,#5307);
#4582=LINE('',#10935,#5308);
#4583=LINE('',#10939,#5309);
#4584=LINE('',#10941,#5310);
#4585=LINE('',#10998,#5311);
#4586=LINE('',#11000,#5312);
#4587=LINE('',#11004,#5313);
#4588=LINE('',#11008,#5314);
#4589=LINE('',#11012,#5315);
#4590=LINE('',#11014,#5316);
#4591=LINE('',#11016,#5317);
#4592=LINE('',#11019,#5318);
#4593=LINE('',#11023,#5319);
#4594=LINE('',#11025,#5320);
#4595=LINE('',#11027,#5321);
#4596=LINE('',#11028,#5322);
#4597=LINE('',#11030,#5323);
#4598=LINE('',#11032,#5324);
#4599=LINE('',#11033,#5325);
#4600=LINE('',#11035,#5326);
#4601=LINE('',#11037,#5327);
#4602=LINE('',#11039,#5328);
#4603=LINE('',#11040,#5329);
#4604=LINE('',#11044,#5330);
#4605=LINE('',#11046,#5331);
#4606=LINE('',#11048,#5332);
#4607=LINE('',#11050,#5333);
#4608=LINE('',#11052,#5334);
#4609=LINE('',#11054,#5335);
#4610=LINE('',#11058,#5336);
#4611=LINE('',#11082,#5337);
#4612=LINE('',#11087,#5338);
#4613=LINE('',#11091,#5339);
#4614=LINE('',#11103,#5340);
#4615=LINE('',#11252,#5341);
#4616=LINE('',#11256,#5342);
#4617=LINE('',#11258,#5343);
#4618=LINE('',#11260,#5344);
#4619=LINE('',#11261,#5345);
#4620=LINE('',#11263,#5346);
#4621=LINE('',#11265,#5347);
#4622=LINE('',#11267,#5348);
#4623=LINE('',#11269,#5349);
#4624=LINE('',#11271,#5350);
#4625=LINE('',#11273,#5351);
#4626=LINE('',#11275,#5352);
#4627=LINE('',#11279,#5353);
#4628=LINE('',#11284,#5354);
#4629=LINE('',#11288,#5355);
#4630=LINE('',#11290,#5356);
#4631=LINE('',#11291,#5357);
#4632=LINE('',#11295,#5358);
#4633=LINE('',#11298,#5359);
#4634=LINE('',#11300,#5360);
#4635=LINE('',#11302,#5361);
#4636=LINE('',#11306,#5362);
#4637=LINE('',#11308,#5363);
#4638=LINE('',#11312,#5364);
#4639=LINE('',#11314,#5365);
#4640=LINE('',#11316,#5366);
#4641=LINE('',#11318,#5367);
#4642=LINE('',#11322,#5368);
#4643=LINE('',#11324,#5369);
#4644=LINE('',#11328,#5370);
#4645=LINE('',#11330,#5371);
#4646=LINE('',#11332,#5372);
#4647=LINE('',#11336,#5373);
#4648=LINE('',#11342,#5374);
#4649=LINE('',#11344,#5375);
#4650=LINE('',#11346,#5376);
#4651=LINE('',#11348,#5377);
#4652=LINE('',#11350,#5378);
#4653=LINE('',#11352,#5379);
#4654=LINE('',#11355,#5380);
#4655=LINE('',#11357,#5381);
#4656=LINE('',#11361,#5382);
#4657=LINE('',#11365,#5383);
#4658=LINE('',#11367,#5384);
#4659=LINE('',#11368,#5385);
#4660=LINE('',#11370,#5386);
#4661=LINE('',#11374,#5387);
#4662=LINE('',#11378,#5388);
#4663=LINE('',#11380,#5389);
#4664=LINE('',#11381,#5390);
#4665=LINE('',#11383,#5391);
#4666=LINE('',#11387,#5392);
#4667=LINE('',#11389,#5393);
#4668=LINE('',#11393,#5394);
#4669=LINE('',#11397,#5395);
#4670=LINE('',#11398,#5396);
#4671=LINE('',#11400,#5397);
#4672=LINE('',#11401,#5398);
#4673=LINE('',#11406,#5399);
#4674=LINE('',#11408,#5400);
#4675=LINE('',#11410,#5401);
#4676=LINE('',#11412,#5402);
#4677=LINE('',#11416,#5403);
#4678=LINE('',#11418,#5404);
#4679=LINE('',#11422,#5405);
#4680=LINE('',#11424,#5406);
#4681=LINE('',#11428,#5407);
#4682=LINE('',#11429,#5408);
#4683=LINE('',#11433,#5409);
#4684=LINE('',#11437,#5410);
#4685=LINE('',#11439,#5411);
#4686=LINE('',#11443,#5412);
#4687=LINE('',#11447,#5413);
#4688=LINE('',#11451,#5414);
#4689=LINE('',#11455,#5415);
#4690=LINE('',#11457,#5416);
#4691=LINE('',#11459,#5417);
#4692=LINE('',#11463,#5418);
#4693=LINE('',#11465,#5419);
#4694=LINE('',#11467,#5420);
#4695=LINE('',#11471,#5421);
#4696=LINE('',#11473,#5422);
#4697=LINE('',#11475,#5423);
#4698=LINE('',#11477,#5424);
#4699=LINE('',#11480,#5425);
#4700=LINE('',#11482,#5426);
#4701=LINE('',#11484,#5427);
#4702=LINE('',#11485,#5428);
#4703=LINE('',#11487,#5429);
#4704=LINE('',#11489,#5430);
#4705=LINE('',#11491,#5431);
#4706=LINE('',#11492,#5432);
#4707=LINE('',#11494,#5433);
#4708=LINE('',#11496,#5434);
#4709=LINE('',#11498,#5435);
#4710=LINE('',#11499,#5436);
#4711=LINE('',#11503,#5437);
#4712=LINE('',#11505,#5438);
#4713=LINE('',#11506,#5439);
#4714=LINE('',#11511,#5440);
#4715=LINE('',#11515,#5441);
#4716=LINE('',#11519,#5442);
#4717=LINE('',#11520,#5443);
#4718=LINE('',#11521,#5444);
#4719=LINE('',#11534,#5445);
#4720=LINE('',#11538,#5446);
#4721=LINE('',#11539,#5447);
#4722=LINE('',#11542,#5448);
#4723=LINE('',#11546,#5449);
#4724=LINE('',#11556,#5450);
#4725=LINE('',#11560,#5451);
#4726=LINE('',#11563,#5452);
#4727=LINE('',#11573,#5453);
#4728=LINE('',#11580,#5454);
#4729=LINE('',#11586,#5455);
#4730=LINE('',#11606,#5456);
#4731=LINE('',#11612,#5457);
#4732=LINE('',#11614,#5458);
#4733=LINE('',#11615,#5459);
#4734=LINE('',#11617,#5460);
#4735=LINE('',#11618,#5461);
#4736=LINE('',#11630,#5462);
#4737=LINE('',#11643,#5463);
#4738=LINE('',#11645,#5464);
#4739=LINE('',#11646,#5465);
#4740=LINE('',#11648,#5466);
#4741=LINE('',#11650,#5467);
#4742=LINE('',#11654,#5468);
#4743=LINE('',#11656,#5469);
#4744=LINE('',#11658,#5470);
#4745=LINE('',#11662,#5471);
#4746=LINE('',#11664,#5472);
#4747=LINE('',#11666,#5473);
#4748=LINE('',#11667,#5474);
#4749=LINE('',#11669,#5475);
#4750=LINE('',#11671,#5476);
#4751=LINE('',#11672,#5477);
#4752=LINE('',#11674,#5478);
#4753=LINE('',#11676,#5479);
#4754=LINE('',#11678,#5480);
#4755=LINE('',#11680,#5481);
#4756=LINE('',#11682,#5482);
#4757=LINE('',#11684,#5483);
#4758=LINE('',#11686,#5484);
#4759=LINE('',#11688,#5485);
#4760=LINE('',#11690,#5486);
#4761=LINE('',#11693,#5487);
#4762=LINE('',#11694,#5488);
#4763=LINE('',#11696,#5489);
#4764=LINE('',#11699,#5490);
#4765=LINE('',#11703,#5491);
#4766=LINE('',#11704,#5492);
#4767=LINE('',#11707,#5493);
#4768=LINE('',#11716,#5494);
#4769=LINE('',#11717,#5495);
#4770=LINE('',#11721,#5496);
#4771=LINE('',#11723,#5497);
#4772=LINE('',#11727,#5498);
#4773=LINE('',#11729,#5499);
#4774=LINE('',#11740,#5500);
#4775=LINE('',#11741,#5501);
#4776=LINE('',#11743,#5502);
#4777=LINE('',#11746,#5503);
#4778=LINE('',#11749,#5504);
#4779=LINE('',#11750,#5505);
#4780=LINE('',#11755,#5506);
#4781=LINE('',#11758,#5507);
#4782=LINE('',#11760,#5508);
#4783=LINE('',#11762,#5509);
#4784=LINE('',#11764,#5510);
#4785=LINE('',#11768,#5511);
#4786=LINE('',#11770,#5512);
#4787=LINE('',#11772,#5513);
#4788=LINE('',#11774,#5514);
#4789=LINE('',#11776,#5515);
#4790=LINE('',#11792,#5516);
#4791=LINE('',#11797,#5517);
#4792=LINE('',#11798,#5518);
#4793=LINE('',#11800,#5519);
#4794=LINE('',#11802,#5520);
#4795=LINE('',#11804,#5521);
#4796=LINE('',#11808,#5522);
#4797=LINE('',#11809,#5523);
#4798=LINE('',#11811,#5524);
#4799=LINE('',#11812,#5525);
#4800=LINE('',#11814,#5526);
#4801=LINE('',#11816,#5527);
#4802=LINE('',#11817,#5528);
#4803=LINE('',#11819,#5529);
#4804=LINE('',#11820,#5530);
#4805=LINE('',#11823,#5531);
#4806=LINE('',#11827,#5532);
#4807=LINE('',#11829,#5533);
#4808=LINE('',#11839,#5534);
#4809=LINE('',#11843,#5535);
#4810=LINE('',#11847,#5536);
#4811=LINE('',#11849,#5537);
#4812=LINE('',#11851,#5538);
#4813=LINE('',#11855,#5539);
#4814=LINE('',#11857,#5540);
#4815=LINE('',#11859,#5541);
#4816=LINE('',#11863,#5542);
#4817=LINE('',#11865,#5543);
#4818=LINE('',#11867,#5544);
#4819=LINE('',#11869,#5545);
#4820=LINE('',#11872,#5546);
#4821=LINE('',#11874,#5547);
#4822=LINE('',#11880,#5548);
#4823=LINE('',#11882,#5549);
#4824=LINE('',#11884,#5550);
#4825=LINE('',#11886,#5551);
#4826=LINE('',#11887,#5552);
#4827=LINE('',#11888,#5553);
#4828=LINE('',#11889,#5554);
#4829=LINE('',#11891,#5555);
#4830=LINE('',#11893,#5556);
#4831=LINE('',#11895,#5557);
#4832=LINE('',#11896,#5558);
#4833=LINE('',#11901,#5559);
#4834=LINE('',#11903,#5560);
#4835=LINE('',#11905,#5561);
#4836=LINE('',#11907,#5562);
#4837=LINE('',#11908,#5563);
#4838=LINE('',#11909,#5564);
#4839=LINE('',#11910,#5565);
#4840=LINE('',#11912,#5566);
#4841=LINE('',#11920,#5567);
#4842=LINE('',#11926,#5568);
#4843=LINE('',#11928,#5569);
#4844=LINE('',#11930,#5570);
#4845=LINE('',#11947,#5571);
#4846=LINE('',#11949,#5572);
#4847=LINE('',#11951,#5573);
#4848=LINE('',#11953,#5574);
#4849=LINE('',#11955,#5575);
#4850=LINE('',#11957,#5576);
#4851=LINE('',#11959,#5577);
#4852=LINE('',#11961,#5578);
#4853=LINE('',#11964,#5579);
#4854=LINE('',#11966,#5580);
#4855=LINE('',#11968,#5581);
#4856=LINE('',#11970,#5582);
#4857=LINE('',#11972,#5583);
#4858=LINE('',#11974,#5584);
#4859=LINE('',#11976,#5585);
#4860=LINE('',#11978,#5586);
#4861=LINE('',#11998,#5587);
#4862=LINE('',#12000,#5588);
#4863=LINE('',#12007,#5589);
#4864=LINE('',#12008,#5590);
#4865=LINE('',#12010,#5591);
#4866=LINE('',#12012,#5592);
#4867=LINE('',#12014,#5593);
#4868=LINE('',#12016,#5594);
#4869=LINE('',#12019,#5595);
#4870=LINE('',#12020,#5596);
#4871=LINE('',#12022,#5597);
#4872=LINE('',#12024,#5598);
#4873=LINE('',#12026,#5599);
#4874=LINE('',#12028,#5600);
#4875=LINE('',#12037,#5601);
#4876=LINE('',#12043,#5602);
#4877=LINE('',#12044,#5603);
#4878=LINE('',#12050,#5604);
#4879=LINE('',#12052,#5605);
#4880=LINE('',#12053,#5606);
#4881=LINE('',#12063,#5607);
#4882=LINE('',#12065,#5608);
#4883=LINE('',#12067,#5609);
#4884=LINE('',#12069,#5610);
#4885=LINE('',#12071,#5611);
#4886=LINE('',#12073,#5612);
#4887=LINE('',#12076,#5613);
#4888=LINE('',#12078,#5614);
#4889=LINE('',#12080,#5615);
#4890=LINE('',#12082,#5616);
#4891=LINE('',#12084,#5617);
#4892=LINE('',#12086,#5618);
#4893=LINE('',#12093,#5619);
#4894=LINE('',#12095,#5620);
#4895=LINE('',#12097,#5621);
#4896=LINE('',#12099,#5622);
#4897=LINE('',#12101,#5623);
#4898=LINE('',#12103,#5624);
#4899=LINE('',#12105,#5625);
#4900=LINE('',#12107,#5626);
#4901=LINE('',#12110,#5627);
#4902=LINE('',#12112,#5628);
#4903=LINE('',#12114,#5629);
#4904=LINE('',#12116,#5630);
#4905=LINE('',#12118,#5631);
#4906=LINE('',#12120,#5632);
#4907=LINE('',#12122,#5633);
#4908=LINE('',#12124,#5634);
#4909=VECTOR('',#7778,1.);
#4910=VECTOR('',#7779,1.);
#4911=VECTOR('',#7780,1.);
#4912=VECTOR('',#7781,1.);
#4913=VECTOR('',#7784,1.);
#4914=VECTOR('',#7785,1.);
#4915=VECTOR('',#7786,1.);
#4916=VECTOR('',#7787,1.);
#4917=VECTOR('',#7790,1.);
#4918=VECTOR('',#7791,1.);
#4919=VECTOR('',#7794,1.);
#4920=VECTOR('',#7795,1.);
#4921=VECTOR('',#7796,1.);
#4922=VECTOR('',#7797,1.);
#4923=VECTOR('',#7798,1.);
#4924=VECTOR('',#7799,1.);
#4925=VECTOR('',#7800,1.);
#4926=VECTOR('',#7801,1.);
#4927=VECTOR('',#7802,1.);
#4928=VECTOR('',#7803,1.);
#4929=VECTOR('',#7804,1.);
#4930=VECTOR('',#7805,1.);
#4931=VECTOR('',#7806,1.);
#4932=VECTOR('',#7807,1.);
#4933=VECTOR('',#7812,1.);
#4934=VECTOR('',#7813,1.);
#4935=VECTOR('',#7814,1.);
#4936=VECTOR('',#7817,1.);
#4937=VECTOR('',#7818,1.);
#4938=VECTOR('',#7823,1.);
#4939=VECTOR('',#7824,1.);
#4940=VECTOR('',#7825,1.);
#4941=VECTOR('',#7828,1.);
#4942=VECTOR('',#7829,1.);
#4943=VECTOR('',#7830,1.);
#4944=VECTOR('',#7831,1.);
#4945=VECTOR('',#7834,1.);
#4946=VECTOR('',#7835,1.);
#4947=VECTOR('',#7836,1.);
#4948=VECTOR('',#7837,1.);
#4949=VECTOR('',#7838,1.);
#4950=VECTOR('',#7839,1.);
#4951=VECTOR('',#7840,1.);
#4952=VECTOR('',#7841,1.);
#4953=VECTOR('',#7842,1.);
#4954=VECTOR('',#7843,1.);
#4955=VECTOR('',#7844,1.);
#4956=VECTOR('',#7845,1.);
#4957=VECTOR('',#7846,1.);
#4958=VECTOR('',#7847,1.);
#4959=VECTOR('',#7848,1.);
#4960=VECTOR('',#7851,1.);
#4961=VECTOR('',#7852,1.);
#4962=VECTOR('',#7853,1.);
#4963=VECTOR('',#7858,1.);
#4964=VECTOR('',#7859,1.);
#4965=VECTOR('',#7860,1.);
#4966=VECTOR('',#7861,1.);
#4967=VECTOR('',#7862,1.);
#4968=VECTOR('',#7863,1.);
#4969=VECTOR('',#7864,1.);
#4970=VECTOR('',#7865,1.);
#4971=VECTOR('',#7866,1.);
#4972=VECTOR('',#7867,1.);
#4973=VECTOR('',#7868,1.);
#4974=VECTOR('',#7869,1.);
#4975=VECTOR('',#7870,1.);
#4976=VECTOR('',#7871,1.);
#4977=VECTOR('',#7872,1.);
#4978=VECTOR('',#7875,1.);
#4979=VECTOR('',#7876,1.);
#4980=VECTOR('',#7881,1.);
#4981=VECTOR('',#7882,1.);
#4982=VECTOR('',#7889,1.);
#4983=VECTOR('',#7892,1.);
#4984=VECTOR('',#7893,1.);
#4985=VECTOR('',#7894,1.);
#4986=VECTOR('',#7895,1.);
#4987=VECTOR('',#7896,1.);
#4988=VECTOR('',#7897,1.);
#4989=VECTOR('',#7898,1.);
#4990=VECTOR('',#7899,1.);
#4991=VECTOR('',#7902,1.);
#4992=VECTOR('',#7905,1.);
#4993=VECTOR('',#7908,1.);
#4994=VECTOR('',#7911,1.);
#4995=VECTOR('',#7914,1.);
#4996=VECTOR('',#7915,1.);
#4997=VECTOR('',#7916,1.);
#4998=VECTOR('',#7917,1.);
#4999=VECTOR('',#7918,1.);
#5000=VECTOR('',#7919,1.);
#5001=VECTOR('',#7920,1.);
#5002=VECTOR('',#7921,1.);
#5003=VECTOR('',#7922,1.);
#5004=VECTOR('',#7925,1.);
#5005=VECTOR('',#7932,1.);
#5006=VECTOR('',#7933,1.);
#5007=VECTOR('',#7934,1.);
#5008=VECTOR('',#7937,1.);
#5009=VECTOR('',#7940,1.);
#5010=VECTOR('',#7943,1.);
#5011=VECTOR('',#7944,1.);
#5012=VECTOR('',#7945,1.);
#5013=VECTOR('',#7946,1.);
#5014=VECTOR('',#7949,1.);
#5015=VECTOR('',#7952,1.);
#5016=VECTOR('',#7961,1.);
#5017=VECTOR('',#7970,1.);
#5018=VECTOR('',#7973,1.);
#5019=VECTOR('',#7976,1.);
#5020=VECTOR('',#7977,1.);
#5021=VECTOR('',#7978,1.);
#5022=VECTOR('',#7979,1.);
#5023=VECTOR('',#7980,1.);
#5024=VECTOR('',#7981,1.);
#5025=VECTOR('',#7984,1.);
#5026=VECTOR('',#7987,1.);
#5027=VECTOR('',#7990,1.);
#5028=VECTOR('',#7995,1.);
#5029=VECTOR('',#7998,1.);
#5030=VECTOR('',#8001,1.);
#5031=VECTOR('',#8008,1.);
#5032=VECTOR('',#8011,1.);
#5033=VECTOR('',#8012,1.);
#5034=VECTOR('',#8015,1.);
#5035=VECTOR('',#8016,1.);
#5036=VECTOR('',#8019,1.);
#5037=VECTOR('',#8020,1.);
#5038=VECTOR('',#8021,1.);
#5039=VECTOR('',#8022,1.);
#5040=VECTOR('',#8025,1.);
#5041=VECTOR('',#8026,1.);
#5042=VECTOR('',#8027,1.);
#5043=VECTOR('',#8028,1.);
#5044=VECTOR('',#8031,1.);
#5045=VECTOR('',#8032,1.);
#5046=VECTOR('',#8033,1.);
#5047=VECTOR('',#8034,1.);
#5048=VECTOR('',#8037,1.);
#5049=VECTOR('',#8038,1.);
#5050=VECTOR('',#8039,1.);
#5051=VECTOR('',#8040,1.);
#5052=VECTOR('',#8041,1.);
#5053=VECTOR('',#8042,1.);
#5054=VECTOR('',#8043,1.);
#5055=VECTOR('',#8044,1.);
#5056=VECTOR('',#8045,1.);
#5057=VECTOR('',#8046,1.);
#5058=VECTOR('',#8047,1.);
#5059=VECTOR('',#8048,1.);
#5060=VECTOR('',#8049,1.);
#5061=VECTOR('',#8050,1.);
#5062=VECTOR('',#8051,1.);
#5063=VECTOR('',#8054,1.);
#5064=VECTOR('',#8057,1.);
#5065=VECTOR('',#8058,1.);
#5066=VECTOR('',#8063,1.);
#5067=VECTOR('',#8064,1.);
#5068=VECTOR('',#8067,1.);
#5069=VECTOR('',#8068,1.);
#5070=VECTOR('',#8075,1.);
#5071=VECTOR('',#8076,1.);
#5072=VECTOR('',#8079,1.);
#5073=VECTOR('',#8080,1.);
#5074=VECTOR('',#8081,1.);
#5075=VECTOR('',#8082,1.);
#5076=VECTOR('',#8083,1.);
#5077=VECTOR('',#8084,1.);
#5078=VECTOR('',#8085,1.);
#5079=VECTOR('',#8086,1.);
#5080=VECTOR('',#8087,1.);
#5081=VECTOR('',#8088,1.);
#5082=VECTOR('',#8089,1.);
#5083=VECTOR('',#8090,1.);
#5084=VECTOR('',#8091,1.);
#5085=VECTOR('',#8092,1.);
#5086=VECTOR('',#8093,1.);
#5087=VECTOR('',#8094,1.);
#5088=VECTOR('',#8097,1.);
#5089=VECTOR('',#8098,1.);
#5090=VECTOR('',#8101,1.);
#5091=VECTOR('',#8102,1.);
#5092=VECTOR('',#8105,1.);
#5093=VECTOR('',#8106,1.);
#5094=VECTOR('',#8107,1.);
#5095=VECTOR('',#8108,1.);
#5096=VECTOR('',#8111,1.);
#5097=VECTOR('',#8112,1.);
#5098=VECTOR('',#8115,1.);
#5099=VECTOR('',#8116,1.);
#5100=VECTOR('',#8123,1.);
#5101=VECTOR('',#8124,1.);
#5102=VECTOR('',#8127,1.);
#5103=VECTOR('',#8128,1.);
#5104=VECTOR('',#8131,1.);
#5105=VECTOR('',#8134,1.);
#5106=VECTOR('',#8137,1.);
#5107=VECTOR('',#8140,1.);
#5108=VECTOR('',#8147,1.);
#5109=VECTOR('',#8148,1.);
#5110=VECTOR('',#8151,1.);
#5111=VECTOR('',#8152,1.);
#5112=VECTOR('',#8159,1.);
#5113=VECTOR('',#8162,1.);
#5114=VECTOR('',#8163,1.);
#5115=VECTOR('',#8166,1.);
#5116=VECTOR('',#8167,1.);
#5117=VECTOR('',#8168,1.);
#5118=VECTOR('',#8169,1.);
#5119=VECTOR('',#8176,1.);
#5120=VECTOR('',#8177,1.);
#5121=VECTOR('',#8178,1.);
#5122=VECTOR('',#8181,1.);
#5123=VECTOR('',#8182,1.);
#5124=VECTOR('',#8185,1.);
#5125=VECTOR('',#8188,1.);
#5126=VECTOR('',#8189,1.);
#5127=VECTOR('',#8192,1.);
#5128=VECTOR('',#8193,1.);
#5129=VECTOR('',#8196,1.);
#5130=VECTOR('',#8197,1.);
#5131=VECTOR('',#8198,1.);
#5132=VECTOR('',#8201,1.);
#5133=VECTOR('',#8202,1.);
#5134=VECTOR('',#8205,1.);
#5135=VECTOR('',#8208,1.);
#5136=VECTOR('',#8217,1.);
#5137=VECTOR('',#8226,1.);
#5138=VECTOR('',#8229,1.);
#5139=VECTOR('',#8232,1.);
#5140=VECTOR('',#8235,1.);
#5141=VECTOR('',#8236,1.);
#5142=VECTOR('',#8237,1.);
#5143=VECTOR('',#8240,1.);
#5144=VECTOR('',#8243,1.);
#5145=VECTOR('',#8244,1.);
#5146=VECTOR('',#8247,1.);
#5147=VECTOR('',#8250,1.);
#5148=VECTOR('',#8251,1.);
#5149=VECTOR('',#8258,1.);
#5150=VECTOR('',#8259,1.);
#5151=VECTOR('',#8260,1.);
#5152=VECTOR('',#8261,1.);
#5153=VECTOR('',#8264,1.);
#5154=VECTOR('',#8267,1.);
#5155=VECTOR('',#8270,1.);
#5156=VECTOR('',#8275,1.);
#5157=VECTOR('',#8276,1.);
#5158=VECTOR('',#8277,1.);
#5159=VECTOR('',#8280,1.);
#5160=VECTOR('',#8281,1.);
#5161=VECTOR('',#8284,1.);
#5162=VECTOR('',#8287,1.);
#5163=VECTOR('',#8288,1.);
#5164=VECTOR('',#8289,1.);
#5165=VECTOR('',#8290,1.);
#5166=VECTOR('',#8293,1.);
#5167=VECTOR('',#8294,1.);
#5168=VECTOR('',#8295,1.);
#5169=VECTOR('',#8298,1.);
#5170=VECTOR('',#8299,1.);
#5171=VECTOR('',#8302,1.);
#5172=VECTOR('',#8305,1.);
#5173=VECTOR('',#8306,1.);
#5174=VECTOR('',#8311,1.);
#5175=VECTOR('',#8314,1.);
#5176=VECTOR('',#8317,1.);
#5177=VECTOR('',#8318,1.);
#5178=VECTOR('',#8321,1.);
#5179=VECTOR('',#8322,1.);
#5180=VECTOR('',#8325,1.);
#5181=VECTOR('',#8328,1.);
#5182=VECTOR('',#8329,1.);
#5183=VECTOR('',#8330,1.);
#5184=VECTOR('',#8333,1.);
#5185=VECTOR('',#8334,1.);
#5186=VECTOR('',#8335,1.);
#5187=VECTOR('',#8338,1.);
#5188=VECTOR('',#8339,1.);
#5189=VECTOR('',#8340,1.);
#5190=VECTOR('',#8343,1.);
#5191=VECTOR('',#8344,1.);
#5192=VECTOR('',#8345,1.);
#5193=VECTOR('',#8348,1.);
#5194=VECTOR('',#8349,1.);
#5195=VECTOR('',#8352,1.);
#5196=VECTOR('',#8355,1.);
#5197=VECTOR('',#8356,1.);
#5198=VECTOR('',#8357,1.);
#5199=VECTOR('',#8358,1.);
#5200=VECTOR('',#8359,1.);
#5201=VECTOR('',#8360,1.);
#5202=VECTOR('',#8361,1.);
#5203=VECTOR('',#8362,1.);
#5204=VECTOR('',#8363,1.);
#5205=VECTOR('',#8364,1.);
#5206=VECTOR('',#8365,1.);
#5207=VECTOR('',#8366,1.);
#5208=VECTOR('',#8367,1.);
#5209=VECTOR('',#8368,1.);
#5210=VECTOR('',#8369,1.);
#5211=VECTOR('',#8370,1.);
#5212=VECTOR('',#8371,1.);
#5213=VECTOR('',#8372,1.);
#5214=VECTOR('',#8373,1.);
#5215=VECTOR('',#8376,1.);
#5216=VECTOR('',#8379,1.);
#5217=VECTOR('',#8382,1.);
#5218=VECTOR('',#8383,1.);
#5219=VECTOR('',#8384,1.);
#5220=VECTOR('',#8387,1.);
#5221=VECTOR('',#8390,1.);
#5222=VECTOR('',#8391,1.);
#5223=VECTOR('',#8392,1.);
#5224=VECTOR('',#8395,1.);
#5225=VECTOR('',#8398,1.);
#5226=VECTOR('',#8399,1.);
#5227=VECTOR('',#8400,1.);
#5228=VECTOR('',#8403,1.);
#5229=VECTOR('',#8406,1.);
#5230=VECTOR('',#8409,1.);
#5231=VECTOR('',#8410,1.);
#5232=VECTOR('',#8411,1.);
#5233=VECTOR('',#8412,1.);
#5234=VECTOR('',#8413,1.);
#5235=VECTOR('',#8414,1.);
#5236=VECTOR('',#8417,1.);
#5237=VECTOR('',#8418,1.);
#5238=VECTOR('',#8419,1.);
#5239=VECTOR('',#8422,1.);
#5240=VECTOR('',#8423,1.);
#5241=VECTOR('',#8424,1.);
#5242=VECTOR('',#8427,1.);
#5243=VECTOR('',#8428,1.);
#5244=VECTOR('',#8429,1.);
#5245=VECTOR('',#8430,1.);
#5246=VECTOR('',#8431,1.);
#5247=VECTOR('',#8432,1.);
#5248=VECTOR('',#8435,1.);
#5249=VECTOR('',#8436,1.);
#5250=VECTOR('',#8439,1.);
#5251=VECTOR('',#8442,1.);
#5252=VECTOR('',#8449,1.);
#5253=VECTOR('',#8450,1.);
#5254=VECTOR('',#8451,1.);
#5255=VECTOR('',#8456,1.);
#5256=VECTOR('',#8457,1.);
#5257=VECTOR('',#8462,1.);
#5258=VECTOR('',#8463,1.);
#5259=VECTOR('',#8466,1.);
#5260=VECTOR('',#8469,1.);
#5261=VECTOR('',#8470,1.);
#5262=VECTOR('',#8473,1.);
#5263=VECTOR('',#8476,1.);
#5264=VECTOR('',#8479,1.);
#5265=VECTOR('',#8480,1.);
#5266=VECTOR('',#8481,1.);
#5267=VECTOR('',#8486,1.);
#5268=VECTOR('',#8489,1.);
#5269=VECTOR('',#8490,1.);
#5270=VECTOR('',#8491,1.);
#5271=VECTOR('',#8492,1.);
#5272=VECTOR('',#8495,1.);
#5273=VECTOR('',#8498,1.);
#5274=VECTOR('',#8501,1.);
#5275=VECTOR('',#8502,1.);
#5276=VECTOR('',#8503,1.);
#5277=VECTOR('',#8504,1.);
#5278=VECTOR('',#8505,1.);
#5279=VECTOR('',#8506,1.);
#5280=VECTOR('',#8509,1.);
#5281=VECTOR('',#8510,1.);
#5282=VECTOR('',#8511,1.);
#5283=VECTOR('',#8514,1.);
#5284=VECTOR('',#8515,1.);
#5285=VECTOR('',#8520,1.);
#5286=VECTOR('',#8521,1.);
#5287=VECTOR('',#8522,1.);
#5288=VECTOR('',#8523,1.);
#5289=VECTOR('',#8524,1.);
#5290=VECTOR('',#8525,1.);
#5291=VECTOR('',#8538,1.);
#5292=VECTOR('',#8539,1.);
#5293=VECTOR('',#8540,1.);
#5294=VECTOR('',#8553,1.);
#5295=VECTOR('',#8554,1.);
#5296=VECTOR('',#8555,1.);
#5297=VECTOR('',#8558,1.);
#5298=VECTOR('',#8559,1.);
#5299=VECTOR('',#8560,1.);
#5300=VECTOR('',#8561,1.);
#5301=VECTOR('',#8568,1.);
#5302=VECTOR('',#8569,1.);
#5303=VECTOR('',#8572,1.);
#5304=VECTOR('',#8573,1.);
#5305=VECTOR('',#8580,1.);
#5306=VECTOR('',#8581,1.);
#5307=VECTOR('',#8584,1.);
#5308=VECTOR('',#8587,1.);
#5309=VECTOR('',#8592,1.);
#5310=VECTOR('',#8593,1.);
#5311=VECTOR('',#8604,1.);
#5312=VECTOR('',#8607,1.);
#5313=VECTOR('',#8610,1.);
#5314=VECTOR('',#8615,1.);
#5315=VECTOR('',#8620,1.);
#5316=VECTOR('',#8623,1.);
#5317=VECTOR('',#8624,1.);
#5318=VECTOR('',#8627,1.);
#5319=VECTOR('',#8632,1.);
#5320=VECTOR('',#8635,1.);
#5321=VECTOR('',#8638,1.);
#5322=VECTOR('',#8639,1.);
#5323=VECTOR('',#8642,1.);
#5324=VECTOR('',#8645,1.);
#5325=VECTOR('',#8646,1.);
#5326=VECTOR('',#8649,1.);
#5327=VECTOR('',#8652,1.);
#5328=VECTOR('',#8655,1.);
#5329=VECTOR('',#8656,1.);
#5330=VECTOR('',#8663,1.);
#5331=VECTOR('',#8664,1.);
#5332=VECTOR('',#8665,1.);
#5333=VECTOR('',#8666,1.);
#5334=VECTOR('',#8667,1.);
#5335=VECTOR('',#8668,1.);
#5336=VECTOR('',#8671,1.);
#5337=VECTOR('',#8674,1.);
#5338=VECTOR('',#8677,1.);
#5339=VECTOR('',#8680,1.);
#5340=VECTOR('',#8681,1.);
#5341=VECTOR('',#8704,1.);
#5342=VECTOR('',#8707,1.);
#5343=VECTOR('',#8710,1.);
#5344=VECTOR('',#8711,1.);
#5345=VECTOR('',#8712,1.);
#5346=VECTOR('',#8715,1.);
#5347=VECTOR('',#8718,1.);
#5348=VECTOR('',#8719,1.);
#5349=VECTOR('',#8722,1.);
#5350=VECTOR('',#8723,1.);
#5351=VECTOR('',#8726,1.);
#5352=VECTOR('',#8727,1.);
#5353=VECTOR('',#8734,1.);
#5354=VECTOR('',#8741,1.);
#5355=VECTOR('',#8744,1.);
#5356=VECTOR('',#8747,1.);
#5357=VECTOR('',#8748,1.);
#5358=VECTOR('',#8753,1.);
#5359=VECTOR('',#8758,1.);
#5360=VECTOR('',#8759,1.);
#5361=VECTOR('',#8760,1.);
#5362=VECTOR('',#8765,1.);
#5363=VECTOR('',#8768,1.);
#5364=VECTOR('',#8773,1.);
#5365=VECTOR('',#8774,1.);
#5366=VECTOR('',#8777,1.);
#5367=VECTOR('',#8778,1.);
#5368=VECTOR('',#8783,1.);
#5369=VECTOR('',#8786,1.);
#5370=VECTOR('',#8791,1.);
#5371=VECTOR('',#8794,1.);
#5372=VECTOR('',#8795,1.);
#5373=VECTOR('',#8800,1.);
#5374=VECTOR('',#8807,1.);
#5375=VECTOR('',#8810,1.);
#5376=VECTOR('',#8811,1.);
#5377=VECTOR('',#8814,1.);
#5378=VECTOR('',#8815,1.);
#5379=VECTOR('',#8818,1.);
#5380=VECTOR('',#8819,1.);
#5381=VECTOR('',#8820,1.);
#5382=VECTOR('',#8823,1.);
#5383=VECTOR('',#8826,1.);
#5384=VECTOR('',#8827,1.);
#5385=VECTOR('',#8828,1.);
#5386=VECTOR('',#8829,1.);
#5387=VECTOR('',#8832,1.);
#5388=VECTOR('',#8835,1.);
#5389=VECTOR('',#8836,1.);
#5390=VECTOR('',#8837,1.);
#5391=VECTOR('',#8838,1.);
#5392=VECTOR('',#8841,1.);
#5393=VECTOR('',#8842,1.);
#5394=VECTOR('',#8845,1.);
#5395=VECTOR('',#8850,1.);
#5396=VECTOR('',#8851,1.);
#5397=VECTOR('',#8854,1.);
#5398=VECTOR('',#8855,1.);
#5399=VECTOR('',#8862,1.);
#5400=VECTOR('',#8863,1.);
#5401=VECTOR('',#8866,1.);
#5402=VECTOR('',#8867,1.);
#5403=VECTOR('',#8872,1.);
#5404=VECTOR('',#8875,1.);
#5405=VECTOR('',#8880,1.);
#5406=VECTOR('',#8883,1.);
#5407=VECTOR('',#8888,1.);
#5408=VECTOR('',#8889,1.);
#5409=VECTOR('',#8896,1.);
#5410=VECTOR('',#8899,1.);
#5411=VECTOR('',#8902,1.);
#5412=VECTOR('',#8907,1.);
#5413=VECTOR('',#8912,1.);
#5414=VECTOR('',#8915,1.);
#5415=VECTOR('',#8920,1.);
#5416=VECTOR('',#8923,1.);
#5417=VECTOR('',#8926,1.);
#5418=VECTOR('',#8929,1.);
#5419=VECTOR('',#8932,1.);
#5420=VECTOR('',#8935,1.);
#5421=VECTOR('',#8938,1.);
#5422=VECTOR('',#8941,1.);
#5423=VECTOR('',#8944,1.);
#5424=VECTOR('',#8947,1.);
#5425=VECTOR('',#8948,1.);
#5426=VECTOR('',#8949,1.);
#5427=VECTOR('',#8952,1.);
#5428=VECTOR('',#8953,1.);
#5429=VECTOR('',#8956,1.);
#5430=VECTOR('',#8959,1.);
#5431=VECTOR('',#8962,1.);
#5432=VECTOR('',#8963,1.);
#5433=VECTOR('',#8966,1.);
#5434=VECTOR('',#8969,1.);
#5435=VECTOR('',#8972,1.);
#5436=VECTOR('',#8973,1.);
#5437=VECTOR('',#8978,1.);
#5438=VECTOR('',#8981,1.);
#5439=VECTOR('',#8982,1.);
#5440=VECTOR('',#8991,1.);
#5441=VECTOR('',#8994,1.);
#5442=VECTOR('',#8999,1.);
#5443=VECTOR('',#9000,1.);
#5444=VECTOR('',#9001,1.);
#5445=VECTOR('',#9004,1.);
#5446=VECTOR('',#9009,1.);
#5447=VECTOR('',#9010,1.);
#5448=VECTOR('',#9015,1.);
#5449=VECTOR('',#9020,1.);
#5450=VECTOR('',#9031,1.);
#5451=VECTOR('',#9034,1.);
#5452=VECTOR('',#9037,1.);
#5453=VECTOR('',#9042,1.);
#5454=VECTOR('',#9045,1.);
#5455=VECTOR('',#9052,1.);
#5456=VECTOR('',#9067,1.);
#5457=VECTOR('',#9076,1.);
#5458=VECTOR('',#9079,1.);
#5459=VECTOR('',#9080,1.);
#5460=VECTOR('',#9083,1.);
#5461=VECTOR('',#9084,1.);
#5462=VECTOR('',#9103,1.);
#5463=VECTOR('',#9116,1.);
#5464=VECTOR('',#9119,1.);
#5465=VECTOR('',#9120,1.);
#5466=VECTOR('',#9123,1.);
#5467=VECTOR('',#9124,1.);
#5468=VECTOR('',#9129,1.);
#5469=VECTOR('',#9130,1.);
#5470=VECTOR('',#9133,1.);
#5471=VECTOR('',#9138,1.);
#5472=VECTOR('',#9139,1.);
#5473=VECTOR('',#9140,1.);
#5474=VECTOR('',#9141,1.);
#5475=VECTOR('',#9144,1.);
#5476=VECTOR('',#9145,1.);
#5477=VECTOR('',#9146,1.);
#5478=VECTOR('',#9147,1.);
#5479=VECTOR('',#9150,1.);
#5480=VECTOR('',#9153,1.);
#5481=VECTOR('',#9154,1.);
#5482=VECTOR('',#9157,1.);
#5483=VECTOR('',#9158,1.);
#5484=VECTOR('',#9161,1.);
#5485=VECTOR('',#9164,1.);
#5486=VECTOR('',#9167,1.);
#5487=VECTOR('',#9168,1.);
#5488=VECTOR('',#9169,1.);
#5489=VECTOR('',#9172,1.);
#5490=VECTOR('',#9173,1.);
#5491=VECTOR('',#9176,1.);
#5492=VECTOR('',#9177,1.);
#5493=VECTOR('',#9182,1.);
#5494=VECTOR('',#9189,1.);
#5495=VECTOR('',#9190,1.);
#5496=VECTOR('',#9195,1.);
#5497=VECTOR('',#9198,1.);
#5498=VECTOR('',#9203,1.);
#5499=VECTOR('',#9206,1.);
#5500=VECTOR('',#9217,1.);
#5501=VECTOR('',#9218,1.);
#5502=VECTOR('',#9221,1.);
#5503=VECTOR('',#9222,1.);
#5504=VECTOR('',#9225,1.);
#5505=VECTOR('',#9226,1.);
#5506=VECTOR('',#9233,1.);
#5507=VECTOR('',#9234,1.);
#5508=VECTOR('',#9235,1.);
#5509=VECTOR('',#9236,1.);
#5510=VECTOR('',#9239,1.);
#5511=VECTOR('',#9246,1.);
#5512=VECTOR('',#9249,1.);
#5513=VECTOR('',#9250,1.);
#5514=VECTOR('',#9253,1.);
#5515=VECTOR('',#9256,1.);
#5516=VECTOR('',#9275,1.);
#5517=VECTOR('',#9282,1.);
#5518=VECTOR('',#9283,1.);
#5519=VECTOR('',#9286,1.);
#5520=VECTOR('',#9289,1.);
#5521=VECTOR('',#9292,1.);
#5522=VECTOR('',#9299,1.);
#5523=VECTOR('',#9300,1.);
#5524=VECTOR('',#9303,1.);
#5525=VECTOR('',#9304,1.);
#5526=VECTOR('',#9307,1.);
#5527=VECTOR('',#9310,1.);
#5528=VECTOR('',#9311,1.);
#5529=VECTOR('',#9314,1.);
#5530=VECTOR('',#9315,1.);
#5531=VECTOR('',#9320,1.);
#5532=VECTOR('',#9325,1.);
#5533=VECTOR('',#9326,1.);
#5534=VECTOR('',#9345,1.);
#5535=VECTOR('',#9348,1.);
#5536=VECTOR('',#9351,1.);
#5537=VECTOR('',#9354,1.);
#5538=VECTOR('',#9355,1.);
#5539=VECTOR('',#9360,1.);
#5540=VECTOR('',#9361,1.);
#5541=VECTOR('',#9364,1.);
#5542=VECTOR('',#9369,1.);
#5543=VECTOR('',#9370,1.);
#5544=VECTOR('',#9373,1.);
#5545=VECTOR('',#9374,1.);
#5546=VECTOR('',#9379,1.);
#5547=VECTOR('',#9382,1.);
#5548=VECTOR('',#9393,1.);
#5549=VECTOR('',#9396,1.);
#5550=VECTOR('',#9399,1.);
#5551=VECTOR('',#9400,1.);
#5552=VECTOR('',#9401,1.);
#5553=VECTOR('',#9402,1.);
#5554=VECTOR('',#9403,1.);
#5555=VECTOR('',#9404,1.);
#5556=VECTOR('',#9405,1.);
#5557=VECTOR('',#9406,1.);
#5558=VECTOR('',#9407,1.);
#5559=VECTOR('',#9414,1.);
#5560=VECTOR('',#9417,1.);
#5561=VECTOR('',#9420,1.);
#5562=VECTOR('',#9423,1.);
#5563=VECTOR('',#9424,1.);
#5564=VECTOR('',#9425,1.);
#5565=VECTOR('',#9426,1.);
#5566=VECTOR('',#9427,1.);
#5567=VECTOR('',#9436,1.);
#5568=VECTOR('',#9443,1.);
#5569=VECTOR('',#9444,1.);
#5570=VECTOR('',#9447,1.);
#5571=VECTOR('',#9480,1.);
#5572=VECTOR('',#9481,1.);
#5573=VECTOR('',#9482,1.);
#5574=VECTOR('',#9485,1.);
#5575=VECTOR('',#9486,1.);
#5576=VECTOR('',#9489,1.);
#5577=VECTOR('',#9490,1.);
#5578=VECTOR('',#9493,1.);
#5579=VECTOR('',#9498,1.);
#5580=VECTOR('',#9499,1.);
#5581=VECTOR('',#9500,1.);
#5582=VECTOR('',#9503,1.);
#5583=VECTOR('',#9504,1.);
#5584=VECTOR('',#9507,1.);
#5585=VECTOR('',#9508,1.);
#5586=VECTOR('',#9511,1.);
#5587=VECTOR('',#9542,1.);
#5588=VECTOR('',#9545,1.);
#5589=VECTOR('',#9558,1.);
#5590=VECTOR('',#9559,1.);
#5591=VECTOR('',#9562,1.);
#5592=VECTOR('',#9565,1.);
#5593=VECTOR('',#9568,1.);
#5594=VECTOR('',#9571,1.);
#5595=VECTOR('',#9576,1.);
#5596=VECTOR('',#9577,1.);
#5597=VECTOR('',#9580,1.);
#5598=VECTOR('',#9583,1.);
#5599=VECTOR('',#9586,1.);
#5600=VECTOR('',#9589,1.);
#5601=VECTOR('',#9600,1.);
#5602=VECTOR('',#9607,1.);
#5603=VECTOR('',#9608,1.);
#5604=VECTOR('',#9619,1.);
#5605=VECTOR('',#9622,1.);
#5606=VECTOR('',#9623,1.);
#5607=VECTOR('',#9642,1.);
#5608=VECTOR('',#9645,1.);
#5609=VECTOR('',#9648,1.);
#5610=VECTOR('',#9651,1.);
#5611=VECTOR('',#9654,1.);
#5612=VECTOR('',#9657,1.);
#5613=VECTOR('',#9662,1.);
#5614=VECTOR('',#9665,1.);
#5615=VECTOR('',#9668,1.);
#5616=VECTOR('',#9671,1.);
#5617=VECTOR('',#9674,1.);
#5618=VECTOR('',#9677,1.);
#5619=VECTOR('',#9690,1.);
#5620=VECTOR('',#9691,1.);
#5621=VECTOR('',#9694,1.);
#5622=VECTOR('',#9697,1.);
#5623=VECTOR('',#9700,1.);
#5624=VECTOR('',#9703,1.);
#5625=VECTOR('',#9706,1.);
#5626=VECTOR('',#9709,1.);
#5627=VECTOR('',#9714,1.);
#5628=VECTOR('',#9715,1.);
#5629=VECTOR('',#9718,1.);
#5630=VECTOR('',#9721,1.);
#5631=VECTOR('',#9724,1.);
#5632=VECTOR('',#9727,1.);
#5633=VECTOR('',#9730,1.);
#5634=VECTOR('',#9733,1.);
#5635=EDGE_LOOP('',(#446,#447,#448,#449));
#5636=EDGE_LOOP('',(#450,#451,#452,#453));
#5637=EDGE_LOOP('',(#454,#455,#456,#457));
#5638=EDGE_LOOP('',(#458,#459,#460,#461,#462,#463,#464,#465,#466,#467,#468,
#469,#470,#471,#472,#473));
#5639=EDGE_LOOP('',(#474,#475,#476,#477));
#5640=EDGE_LOOP('',(#478,#479,#480,#481));
#5641=EDGE_LOOP('',(#482,#483,#484,#485));
#5642=EDGE_LOOP('',(#486,#487,#488,#489));
#5643=EDGE_LOOP('',(#490,#491,#492,#493,#494,#495,#496,#497,#498,#499,#500,
#501,#502,#503,#504,#505));
#5644=EDGE_LOOP('',(#506,#507,#508,#509));
#5645=EDGE_LOOP('',(#510,#511,#512,#513,#514,#515,#516,#517,#518,#519,#520,
#521,#522,#523,#524,#525));
#5646=EDGE_LOOP('',(#526,#527,#528,#529));
#5647=EDGE_LOOP('',(#530,#531,#532,#533,#534,#535,#536,#537,#538,#539,#540,
#541,#542,#543,#544,#545,#546,#547,#548,#549,#550,#551,#552,#553,#554,#555,
#556,#557,#558,#559,#560,#561,#562,#563,#564,#565,#566,#567,#568,#569,#570,
#571,#572,#573,#574,#575,#576,#577,#578,#579,#580,#581,#582,#583,#584,#585,
#586,#587,#588,#589,#590,#591,#592,#593,#594,#595,#596,#597,#598,#599,#600,
#601,#602,#603,#604,#605,#606,#607,#608,#609,#610,#611));
#5648=EDGE_LOOP('',(#612,#613,#614,#615,#616,#617,#618,#619,#620,#621,#622));
#5649=EDGE_LOOP('',(#623,#624,#625,#626,#627));
#5650=EDGE_LOOP('',(#628,#629,#630,#631,#632));
#5651=EDGE_LOOP('',(#633,#634,#635,#636,#637));
#5652=EDGE_LOOP('',(#638,#639,#640,#641,#642));
#5653=EDGE_LOOP('',(#643,#644,#645,#646,#647,#648,#649,#650,#651,#652,#653,
#654,#655,#656,#657,#658,#659,#660,#661,#662,#663,#664,#665,#666));
#5654=EDGE_LOOP('',(#667,#668,#669,#670));
#5655=EDGE_LOOP('',(#671,#672,#673,#674));
#5656=EDGE_LOOP('',(#675,#676,#677,#678,#679));
#5657=EDGE_LOOP('',(#680,#681,#682,#683,#684));
#5658=EDGE_LOOP('',(#685,#686,#687,#688,#689));
#5659=EDGE_LOOP('',(#690,#691,#692,#693,#694,#695,#696,#697));
#5660=EDGE_LOOP('',(#698,#699,#700,#701,#702,#703,#704,#705));
#5661=EDGE_LOOP('',(#706,#707,#708,#709,#710,#711));
#5662=EDGE_LOOP('',(#712));
#5663=EDGE_LOOP('',(#713,#714,#715,#716));
#5664=EDGE_LOOP('',(#717));
#5665=EDGE_LOOP('',(#718,#719,#720,#721,#722,#723));
#5666=EDGE_LOOP('',(#724,#725,#726,#727,#728,#729));
#5667=EDGE_LOOP('',(#730));
#5668=EDGE_LOOP('',(#731,#732,#733,#734,#735,#736,#737,#738));
#5669=EDGE_LOOP('',(#739));
#5670=EDGE_LOOP('',(#740,#741,#742,#743,#744,#745));
#5671=EDGE_LOOP('',(#746));
#5672=EDGE_LOOP('',(#747,#748,#749,#750,#751,#752,#753,#754,#755,#756,#757,
#758,#759,#760,#761,#762));
#5673=EDGE_LOOP('',(#763,#764,#765,#766,#767,#768));
#5674=EDGE_LOOP('',(#769,#770,#771,#772,#773,#774));
#5675=EDGE_LOOP('',(#775,#776,#777,#778,#779,#780));
#5676=EDGE_LOOP('',(#781,#782,#783,#784,#785,#786,#787,#788,#789,#790,#791,
#792,#793,#794,#795,#796,#797,#798,#799,#800,#801,#802,#803,#804,#805,#806,
#807,#808,#809,#810,#811,#812,#813,#814,#815,#816));
#5677=EDGE_LOOP('',(#817));
#5678=EDGE_LOOP('',(#818));
#5679=EDGE_LOOP('',(#819,#820,#821,#822,#823));
#5680=EDGE_LOOP('',(#824,#825,#826,#827,#828,#829));
#5681=EDGE_LOOP('',(#830,#831,#832,#833,#834,#835));
#5682=EDGE_LOOP('',(#836,#837,#838,#839));
#5683=EDGE_LOOP('',(#840,#841,#842,#843));
#5684=EDGE_LOOP('',(#844,#845,#846,#847));
#5685=EDGE_LOOP('',(#848,#849,#850,#851));
#5686=EDGE_LOOP('',(#852,#853,#854,#855));
#5687=EDGE_LOOP('',(#856,#857,#858,#859));
#5688=EDGE_LOOP('',(#860,#861,#862,#863));
#5689=EDGE_LOOP('',(#864,#865,#866,#867));
#5690=EDGE_LOOP('',(#868,#869,#870,#871));
#5691=EDGE_LOOP('',(#872,#873,#874,#875));
#5692=EDGE_LOOP('',(#876,#877,#878,#879));
#5693=EDGE_LOOP('',(#880,#881,#882,#883));
#5694=EDGE_LOOP('',(#884,#885,#886,#887));
#5695=EDGE_LOOP('',(#888,#889,#890,#891));
#5696=EDGE_LOOP('',(#892,#893,#894,#895));
#5697=EDGE_LOOP('',(#896,#897,#898,#899));
#5698=EDGE_LOOP('',(#900,#901,#902,#903));
#5699=EDGE_LOOP('',(#904,#905,#906,#907));
#5700=EDGE_LOOP('',(#908,#909,#910,#911,#912,#913,#914,#915,#916,#917,#918,
#919,#920,#921,#922,#923,#924,#925,#926,#927,#928,#929,#930,#931,#932,#933,
#934,#935,#936,#937,#938,#939,#940,#941,#942,#943,#944,#945,#946,#947,#948,
#949,#950,#951));
#5701=EDGE_LOOP('',(#952,#953,#954,#955));
#5702=EDGE_LOOP('',(#956,#957,#958,#959,#960));
#5703=EDGE_LOOP('',(#961,#962,#963,#964));
#5704=EDGE_LOOP('',(#965,#966,#967,#968,#969,#970,#971,#972));
#5705=EDGE_LOOP('',(#973,#974,#975));
#5706=EDGE_LOOP('',(#976,#977,#978));
#5707=EDGE_LOOP('',(#979,#980,#981,#982,#983,#984));
#5708=EDGE_LOOP('',(#985));
#5709=EDGE_LOOP('',(#986));
#5710=EDGE_LOOP('',(#987,#988,#989,#990,#991,#992,#993,#994,#995,#996,#997,
#998));
#5711=EDGE_LOOP('',(#999,#1000,#1001,#1002,#1003));
#5712=EDGE_LOOP('',(#1004,#1005,#1006,#1007,#1008,#1009,#1010,#1011));
#5713=EDGE_LOOP('',(#1012,#1013,#1014,#1015));
#5714=EDGE_LOOP('',(#1016,#1017,#1018,#1019,#1020,#1021));
#5715=EDGE_LOOP('',(#1022,#1023,#1024,#1025,#1026));
#5716=EDGE_LOOP('',(#1027,#1028,#1029,#1030,#1031,#1032,#1033,#1034,#1035,
#1036));
#5717=EDGE_LOOP('',(#1037,#1038,#1039,#1040,#1041,#1042,#1043,#1044));
#5718=EDGE_LOOP('',(#1045,#1046,#1047,#1048));
#5719=EDGE_LOOP('',(#1049,#1050,#1051));
#5720=EDGE_LOOP('',(#1052,#1053,#1054,#1055,#1056,#1057,#1058,#1059));
#5721=EDGE_LOOP('',(#1060,#1061,#1062));
#5722=EDGE_LOOP('',(#1063));
#5723=EDGE_LOOP('',(#1064));
#5724=EDGE_LOOP('',(#1065));
#5725=EDGE_LOOP('',(#1066,#1067,#1068,#1069,#1070,#1071,#1072,#1073));
#5726=EDGE_LOOP('',(#1074));
#5727=EDGE_LOOP('',(#1075));
#5728=EDGE_LOOP('',(#1076,#1077,#1078,#1079,#1080));
#5729=EDGE_LOOP('',(#1081,#1082,#1083,#1084,#1085));
#5730=EDGE_LOOP('',(#1086));
#5731=EDGE_LOOP('',(#1087));
#5732=EDGE_LOOP('',(#1088,#1089,#1090,#1091));
#5733=EDGE_LOOP('',(#1092,#1093,#1094,#1095,#1096,#1097,#1098,#1099,#1100,
#1101,#1102,#1103,#1104,#1105,#1106,#1107));
#5734=EDGE_LOOP('',(#1108));
#5735=EDGE_LOOP('',(#1109,#1110,#1111));
#5736=EDGE_LOOP('',(#1112,#1113,#1114,#1115));
#5737=EDGE_LOOP('',(#1116,#1117,#1118,#1119,#1120));
#5738=EDGE_LOOP('',(#1121,#1122,#1123,#1124,#1125,#1126));
#5739=EDGE_LOOP('',(#1127,#1128,#1129,#1130,#1131,#1132));
#5740=EDGE_LOOP('',(#1133,#1134,#1135,#1136,#1137));
#5741=EDGE_LOOP('',(#1138));
#5742=EDGE_LOOP('',(#1139));
#5743=EDGE_LOOP('',(#1140,#1141,#1142));
#5744=EDGE_LOOP('',(#1143,#1144,#1145,#1146));
#5745=EDGE_LOOP('',(#1147,#1148,#1149,#1150));
#5746=EDGE_LOOP('',(#1151,#1152,#1153,#1154));
#5747=EDGE_LOOP('',(#1155,#1156,#1157,#1158,#1159,#1160,#1161));
#5748=EDGE_LOOP('',(#1162,#1163,#1164,#1165));
#5749=EDGE_LOOP('',(#1166,#1167,#1168));
#5750=EDGE_LOOP('',(#1169,#1170,#1171,#1172,#1173,#1174,#1175,#1176));
#5751=EDGE_LOOP('',(#1177,#1178,#1179,#1180));
#5752=EDGE_LOOP('',(#1181));
#5753=EDGE_LOOP('',(#1182,#1183,#1184,#1185,#1186));
#5754=EDGE_LOOP('',(#1187,#1188,#1189,#1190));
#5755=EDGE_LOOP('',(#1191,#1192,#1193,#1194,#1195));
#5756=EDGE_LOOP('',(#1196,#1197,#1198,#1199));
#5757=EDGE_LOOP('',(#1200,#1201,#1202,#1203,#1204));
#5758=EDGE_LOOP('',(#1205));
#5759=EDGE_LOOP('',(#1206,#1207,#1208,#1209,#1210,#1211,#1212,#1213,#1214));
#5760=EDGE_LOOP('',(#1215,#1216,#1217,#1218,#1219,#1220,#1221,#1222,#1223,
#1224));
#5761=EDGE_LOOP('',(#1225));
#5762=EDGE_LOOP('',(#1226,#1227,#1228,#1229,#1230,#1231,#1232,#1233,#1234));
#5763=EDGE_LOOP('',(#1235));
#5764=EDGE_LOOP('',(#1236));
#5765=EDGE_LOOP('',(#1237));
#5766=EDGE_LOOP('',(#1238));
#5767=EDGE_LOOP('',(#1239,#1240,#1241));
#5768=EDGE_LOOP('',(#1242));
#5769=EDGE_LOOP('',(#1243,#1244,#1245,#1246,#1247));
#5770=EDGE_LOOP('',(#1248));
#5771=EDGE_LOOP('',(#1249));
#5772=EDGE_LOOP('',(#1250,#1251,#1252,#1253,#1254));
#5773=EDGE_LOOP('',(#1255,#1256,#1257,#1258,#1259));
#5774=EDGE_LOOP('',(#1260,#1261,#1262,#1263));
#5775=EDGE_LOOP('',(#1264,#1265,#1266,#1267,#1268));
#5776=EDGE_LOOP('',(#1269,#1270,#1271,#1272));
#5777=EDGE_LOOP('',(#1273,#1274,#1275,#1276,#1277));
#5778=EDGE_LOOP('',(#1278,#1279,#1280));
#5779=EDGE_LOOP('',(#1281,#1282,#1283,#1284,#1285,#1286,#1287,#1288));
#5780=EDGE_LOOP('',(#1289,#1290,#1291,#1292));
#5781=EDGE_LOOP('',(#1293,#1294,#1295));
#5782=EDGE_LOOP('',(#1296));
#5783=EDGE_LOOP('',(#1297));
#5784=EDGE_LOOP('',(#1298,#1299,#1300,#1301));
#5785=EDGE_LOOP('',(#1302,#1303,#1304,#1305,#1306,#1307,#1308));
#5786=EDGE_LOOP('',(#1309,#1310,#1311,#1312,#1313,#1314));
#5787=EDGE_LOOP('',(#1315,#1316,#1317,#1318,#1319));
#5788=EDGE_LOOP('',(#1320,#1321,#1322,#1323,#1324));
#5789=EDGE_LOOP('',(#1325,#1326,#1327,#1328));
#5790=EDGE_LOOP('',(#1329));
#5791=EDGE_LOOP('',(#1330,#1331,#1332,#1333,#1334));
#5792=EDGE_LOOP('',(#1335,#1336,#1337,#1338,#1339,#1340,#1341,#1342));
#5793=EDGE_LOOP('',(#1343,#1344,#1345,#1346));
#5794=EDGE_LOOP('',(#1347,#1348,#1349,#1350));
#5795=EDGE_LOOP('',(#1351,#1352,#1353,#1354));
#5796=EDGE_LOOP('',(#1355,#1356,#1357,#1358));
#5797=EDGE_LOOP('',(#1359,#1360,#1361,#1362,#1363,#1364));
#5798=EDGE_LOOP('',(#1365));
#5799=EDGE_LOOP('',(#1366));
#5800=EDGE_LOOP('',(#1367,#1368,#1369,#1370,#1371,#1372,#1373,#1374,#1375,
#1376,#1377,#1378));
#5801=EDGE_LOOP('',(#1379,#1380,#1381,#1382));
#5802=EDGE_LOOP('',(#1383,#1384,#1385,#1386));
#5803=EDGE_LOOP('',(#1387,#1388,#1389,#1390,#1391,#1392,#1393,#1394,#1395,
#1396,#1397,#1398,#1399,#1400,#1401,#1402,#1403,#1404,#1405,#1406,#1407,
#1408,#1409,#1410,#1411));
#5804=EDGE_LOOP('',(#1412,#1413,#1414,#1415,#1416));
#5805=EDGE_LOOP('',(#1417,#1418,#1419,#1420));
#5806=EDGE_LOOP('',(#1421,#1422,#1423));
#5807=EDGE_LOOP('',(#1424,#1425,#1426,#1427,#1428));
#5808=EDGE_LOOP('',(#1429,#1430,#1431,#1432,#1433));
#5809=EDGE_LOOP('',(#1434,#1435,#1436));
#5810=EDGE_LOOP('',(#1437,#1438,#1439,#1440));
#5811=EDGE_LOOP('',(#1441,#1442,#1443,#1444,#1445));
#5812=EDGE_LOOP('',(#1446,#1447,#1448,#1449,#1450));
#5813=EDGE_LOOP('',(#1451,#1452,#1453,#1454,#1455));
#5814=EDGE_LOOP('',(#1456,#1457,#1458,#1459));
#5815=EDGE_LOOP('',(#1460,#1461,#1462,#1463));
#5816=EDGE_LOOP('',(#1464,#1465,#1466,#1467));
#5817=EDGE_LOOP('',(#1468,#1469,#1470,#1471));
#5818=EDGE_LOOP('',(#1472,#1473,#1474,#1475));
#5819=EDGE_LOOP('',(#1476,#1477,#1478,#1479));
#5820=EDGE_LOOP('',(#1480,#1481,#1482,#1483));
#5821=EDGE_LOOP('',(#1484,#1485,#1486,#1487));
#5822=EDGE_LOOP('',(#1488,#1489,#1490,#1491));
#5823=EDGE_LOOP('',(#1492,#1493,#1494,#1495));
#5824=EDGE_LOOP('',(#1496,#1497,#1498,#1499));
#5825=EDGE_LOOP('',(#1500,#1501,#1502,#1503));
#5826=EDGE_LOOP('',(#1504,#1505,#1506,#1507));
#5827=EDGE_LOOP('',(#1508,#1509,#1510));
#5828=EDGE_LOOP('',(#1511,#1512,#1513,#1514));
#5829=EDGE_LOOP('',(#1515,#1516,#1517,#1518));
#5830=EDGE_LOOP('',(#1519,#1520,#1521,#1522));
#5831=EDGE_LOOP('',(#1523,#1524,#1525,#1526));
#5832=EDGE_LOOP('',(#1527,#1528,#1529,#1530));
#5833=EDGE_LOOP('',(#1531,#1532,#1533,#1534));
#5834=EDGE_LOOP('',(#1535,#1536,#1537,#1538));
#5835=EDGE_LOOP('',(#1539,#1540,#1541,#1542,#1543));
#5836=EDGE_LOOP('',(#1544,#1545,#1546,#1547));
#5837=EDGE_LOOP('',(#1548,#1549,#1550,#1551,#1552));
#5838=EDGE_LOOP('',(#1553,#1554,#1555,#1556));
#5839=EDGE_LOOP('',(#1557,#1558,#1559,#1560));
#5840=EDGE_LOOP('',(#1561,#1562,#1563,#1564,#1565,#1566,#1567,#1568));
#5841=EDGE_LOOP('',(#1569,#1570,#1571,#1572));
#5842=EDGE_LOOP('',(#1573));
#5843=EDGE_LOOP('',(#1574,#1575,#1576,#1577,#1578));
#5844=EDGE_LOOP('',(#1579,#1580,#1581,#1582));
#5845=EDGE_LOOP('',(#1583,#1584,#1585,#1586));
#5846=EDGE_LOOP('',(#1587));
#5847=EDGE_LOOP('',(#1588,#1589,#1590,#1591,#1592));
#5848=EDGE_LOOP('',(#1593));
#5849=EDGE_LOOP('',(#1594));
#5850=EDGE_LOOP('',(#1595));
#5851=EDGE_LOOP('',(#1596,#1597,#1598,#1599,#1600,#1601,#1602,#1603,#1604,
#1605,#1606,#1607,#1608));
#5852=EDGE_LOOP('',(#1609,#1610,#1611,#1612));
#5853=EDGE_LOOP('',(#1613,#1614,#1615,#1616,#1617,#1618));
#5854=EDGE_LOOP('',(#1619,#1620,#1621,#1622,#1623,#1624));
#5855=EDGE_LOOP('',(#1625,#1626,#1627,#1628));
#5856=EDGE_LOOP('',(#1629,#1630,#1631,#1632));
#5857=EDGE_LOOP('',(#1633));
#5858=EDGE_LOOP('',(#1634));
#5859=EDGE_LOOP('',(#1635));
#5860=EDGE_LOOP('',(#1636,#1637,#1638,#1639,#1640,#1641,#1642,#1643,#1644,
#1645,#1646,#1647,#1648,#1649,#1650));
#5861=EDGE_LOOP('',(#1651,#1652,#1653,#1654,#1655));
#5862=EDGE_LOOP('',(#1656,#1657,#1658,#1659));
#5863=EDGE_LOOP('',(#1660,#1661,#1662,#1663));
#5864=EDGE_LOOP('',(#1664,#1665,#1666,#1667,#1668));
#5865=EDGE_LOOP('',(#1669,#1670,#1671,#1672));
#5866=EDGE_LOOP('',(#1673,#1674,#1675,#1676,#1677));
#5867=EDGE_LOOP('',(#1678,#1679,#1680,#1681,#1682));
#5868=EDGE_LOOP('',(#1683,#1684,#1685,#1686));
#5869=EDGE_LOOP('',(#1687,#1688,#1689,#1690));
#5870=EDGE_LOOP('',(#1691,#1692,#1693,#1694));
#5871=EDGE_LOOP('',(#1695,#1696,#1697,#1698));
#5872=EDGE_LOOP('',(#1699,#1700,#1701,#1702));
#5873=EDGE_LOOP('',(#1703,#1704,#1705,#1706));
#5874=EDGE_LOOP('',(#1707,#1708,#1709,#1710));
#5875=EDGE_LOOP('',(#1711,#1712,#1713,#1714,#1715,#1716,#1717));
#5876=EDGE_LOOP('',(#1718,#1719,#1720,#1721,#1722,#1723,#1724));
#5877=EDGE_LOOP('',(#1725,#1726,#1727,#1728,#1729));
#5878=EDGE_LOOP('',(#1730,#1731,#1732,#1733));
#5879=EDGE_LOOP('',(#1734,#1735,#1736,#1737));
#5880=EDGE_LOOP('',(#1738,#1739,#1740,#1741));
#5881=EDGE_LOOP('',(#1742,#1743,#1744,#1745));
#5882=EDGE_LOOP('',(#1746,#1747,#1748,#1749));
#5883=EDGE_LOOP('',(#1750,#1751,#1752,#1753,#1754,#1755,#1756,#1757));
#5884=EDGE_LOOP('',(#1758,#1759,#1760,#1761));
#5885=EDGE_LOOP('',(#1762,#1763,#1764,#1765));
#5886=EDGE_LOOP('',(#1766,#1767,#1768,#1769));
#5887=EDGE_LOOP('',(#1770));
#5888=EDGE_LOOP('',(#1771,#1772,#1773,#1774,#1775));
#5889=EDGE_LOOP('',(#1776,#1777,#1778,#1779));
#5890=EDGE_LOOP('',(#1780));
#5891=EDGE_LOOP('',(#1781,#1782,#1783,#1784,#1785));
#5892=EDGE_LOOP('',(#1786,#1787,#1788,#1789));
#5893=EDGE_LOOP('',(#1790,#1791,#1792,#1793));
#5894=EDGE_LOOP('',(#1794,#1795,#1796,#1797,#1798,#1799,#1800));
#5895=EDGE_LOOP('',(#1801,#1802,#1803,#1804,#1805,#1806,#1807));
#5896=EDGE_LOOP('',(#1808,#1809,#1810,#1811));
#5897=EDGE_LOOP('',(#1812,#1813,#1814,#1815,#1816,#1817,#1818,#1819));
#5898=EDGE_LOOP('',(#1820,#1821,#1822,#1823));
#5899=EDGE_LOOP('',(#1824,#1825,#1826,#1827));
#5900=EDGE_LOOP('',(#1828,#1829,#1830,#1831,#1832,#1833));
#5901=EDGE_LOOP('',(#1834,#1835,#1836,#1837));
#5902=EDGE_LOOP('',(#1838,#1839,#1840,#1841));
#5903=EDGE_LOOP('',(#1842,#1843,#1844,#1845));
#5904=EDGE_LOOP('',(#1846,#1847,#1848,#1849));
#5905=EDGE_LOOP('',(#1850,#1851,#1852,#1853));
#5906=EDGE_LOOP('',(#1854,#1855,#1856,#1857,#1858));
#5907=EDGE_LOOP('',(#1859,#1860,#1861,#1862,#1863,#1864));
#5908=EDGE_LOOP('',(#1865,#1866,#1867,#1868,#1869));
#5909=EDGE_LOOP('',(#1870,#1871,#1872,#1873));
#5910=EDGE_LOOP('',(#1874,#1875,#1876,#1877));
#5911=EDGE_LOOP('',(#1878));
#5912=EDGE_LOOP('',(#1879));
#5913=EDGE_LOOP('',(#1880,#1881,#1882,#1883));
#5914=EDGE_LOOP('',(#1884));
#5915=EDGE_LOOP('',(#1885));
#5916=EDGE_LOOP('',(#1886,#1887,#1888,#1889));
#5917=EDGE_LOOP('',(#1890,#1891,#1892,#1893));
#5918=EDGE_LOOP('',(#1894,#1895,#1896,#1897));
#5919=EDGE_LOOP('',(#1898,#1899,#1900,#1901));
#5920=EDGE_LOOP('',(#1902));
#5921=EDGE_LOOP('',(#1903));
#5922=EDGE_LOOP('',(#1904,#1905,#1906,#1907));
#5923=EDGE_LOOP('',(#1908,#1909,#1910,#1911));
#5924=EDGE_LOOP('',(#1912,#1913,#1914,#1915));
#5925=EDGE_LOOP('',(#1916,#1917,#1918,#1919));
#5926=EDGE_LOOP('',(#1920,#1921,#1922,#1923));
#5927=EDGE_LOOP('',(#1924,#1925,#1926,#1927));
#5928=EDGE_LOOP('',(#1928,#1929,#1930,#1931));
#5929=EDGE_LOOP('',(#1932,#1933,#1934,#1935));
#5930=EDGE_LOOP('',(#1936,#1937,#1938,#1939));
#5931=EDGE_LOOP('',(#1940,#1941,#1942,#1943));
#5932=EDGE_LOOP('',(#1944,#1945,#1946,#1947));
#5933=EDGE_LOOP('',(#1948,#1949,#1950,#1951));
#5934=EDGE_LOOP('',(#1952,#1953,#1954,#1955));
#5935=EDGE_LOOP('',(#1956,#1957,#1958,#1959));
#5936=EDGE_LOOP('',(#1960,#1961,#1962,#1963));
#5937=EDGE_LOOP('',(#1964,#1965,#1966,#1967));
#5938=EDGE_LOOP('',(#1968,#1969,#1970,#1971,#1972,#1973,#1974,#1975,#1976,
#1977,#1978,#1979));
#5939=EDGE_LOOP('',(#1980,#1981,#1982,#1983));
#5940=EDGE_LOOP('',(#1984,#1985,#1986,#1987));
#5941=EDGE_LOOP('',(#1988,#1989,#1990,#1991));
#5942=EDGE_LOOP('',(#1992,#1993,#1994,#1995,#1996));
#5943=EDGE_LOOP('',(#1997,#1998,#1999,#2000,#2001));
#5944=EDGE_LOOP('',(#2002));
#5945=EDGE_LOOP('',(#2003));
#5946=EDGE_LOOP('',(#2004,#2005,#2006,#2007));
#5947=EDGE_LOOP('',(#2008,#2009,#2010,#2011));
#5948=EDGE_LOOP('',(#2012,#2013,#2014,#2015,#2016,#2017,#2018,#2019,#2020,
#2021,#2022,#2023));
#5949=EDGE_LOOP('',(#2024,#2025,#2026,#2027));
#5950=EDGE_LOOP('',(#2028,#2029,#2030,#2031));
#5951=EDGE_LOOP('',(#2032,#2033,#2034,#2035,#2036,#2037,#2038,#2039,#2040,
#2041));
#5952=EDGE_LOOP('',(#2042,#2043,#2044,#2045,#2046));
#5953=EDGE_LOOP('',(#2047,#2048,#2049,#2050,#2051,#2052,#2053,#2054,#2055,
#2056,#2057,#2058,#2059,#2060,#2061,#2062,#2063,#2064,#2065,#2066,#2067,
#2068,#2069,#2070));
#5954=EDGE_LOOP('',(#2071,#2072,#2073,#2074));
#5955=EDGE_LOOP('',(#2075,#2076,#2077,#2078));
#5956=EDGE_LOOP('',(#2079,#2080,#2081,#2082));
#5957=EDGE_LOOP('',(#2083,#2084,#2085,#2086,#2087,#2088,#2089,#2090,#2091,
#2092));
#5958=EDGE_LOOP('',(#2093,#2094,#2095,#2096,#2097,#2098,#2099,#2100,#2101,
#2102,#2103,#2104,#2105,#2106,#2107,#2108));
#5959=EDGE_LOOP('',(#2109));
#5960=EDGE_LOOP('',(#2110));
#5961=EDGE_LOOP('',(#2111));
#5962=EDGE_LOOP('',(#2112,#2113,#2114,#2115,#2116,#2117));
#5963=EDGE_LOOP('',(#2118,#2119,#2120));
#5964=EDGE_LOOP('',(#2121,#2122,#2123));
#5965=EDGE_LOOP('',(#2124,#2125,#2126,#2127,#2128,#2129));
#5966=EDGE_LOOP('',(#2130,#2131,#2132,#2133));
#5967=EDGE_LOOP('',(#2134,#2135,#2136,#2137));
#5968=EDGE_LOOP('',(#2138,#2139,#2140,#2141));
#5969=EDGE_LOOP('',(#2142,#2143,#2144,#2145));
#5970=EDGE_LOOP('',(#2146,#2147,#2148,#2149));
#5971=EDGE_LOOP('',(#2150,#2151,#2152,#2153));
#5972=EDGE_LOOP('',(#2154,#2155,#2156,#2157));
#5973=EDGE_LOOP('',(#2158,#2159,#2160,#2161));
#5974=EDGE_LOOP('',(#2162,#2163,#2164,#2165));
#5975=EDGE_LOOP('',(#2166,#2167,#2168,#2169));
#5976=EDGE_LOOP('',(#2170,#2171,#2172,#2173));
#5977=EDGE_LOOP('',(#2174,#2175,#2176,#2177));
#5978=EDGE_LOOP('',(#2178,#2179,#2180,#2181));
#5979=EDGE_LOOP('',(#2182,#2183,#2184,#2185));
#5980=EDGE_LOOP('',(#2186,#2187,#2188,#2189));
#5981=EDGE_LOOP('',(#2190,#2191,#2192,#2193));
#5982=EDGE_LOOP('',(#2194,#2195,#2196,#2197));
#5983=EDGE_LOOP('',(#2198,#2199,#2200,#2201));
#5984=EDGE_LOOP('',(#2202));
#5985=EDGE_LOOP('',(#2203));
#5986=EDGE_LOOP('',(#2204));
#5987=EDGE_LOOP('',(#2205));
#5988=EDGE_LOOP('',(#2206));
#5989=EDGE_LOOP('',(#2207));
#5990=EDGE_LOOP('',(#2208));
#5991=EDGE_LOOP('',(#2209));
#5992=EDGE_LOOP('',(#2210));
#5993=EDGE_LOOP('',(#2211));
#5994=EDGE_LOOP('',(#2212));
#5995=EDGE_LOOP('',(#2213));
#5996=EDGE_LOOP('',(#2214));
#5997=EDGE_LOOP('',(#2215));
#5998=EDGE_LOOP('',(#2216,#2217,#2218,#2219,#2220));
#5999=EDGE_LOOP('',(#2221,#2222,#2223,#2224,#2225));
#6000=EDGE_LOOP('',(#2226,#2227,#2228,#2229,#2230));
#6001=EDGE_LOOP('',(#2231,#2232,#2233,#2234,#2235));
#6002=EDGE_LOOP('',(#2236,#2237,#2238,#2239));
#6003=EDGE_LOOP('',(#2240,#2241,#2242,#2243));
#6004=EDGE_LOOP('',(#2244,#2245,#2246,#2247,#2248,#2249,#2250,#2251,#2252,
#2253,#2254));
#6005=EDGE_LOOP('',(#2255,#2256,#2257,#2258));
#6006=EDGE_LOOP('',(#2259,#2260,#2261,#2262));
#6007=EDGE_LOOP('',(#2263,#2264,#2265,#2266));
#6008=EDGE_LOOP('',(#2267,#2268,#2269,#2270));
#6009=EDGE_LOOP('',(#2271,#2272,#2273,#2274));
#6010=EDGE_LOOP('',(#2275,#2276,#2277,#2278));
#6011=EDGE_LOOP('',(#2279,#2280,#2281,#2282));
#6012=EDGE_LOOP('',(#2283,#2284,#2285,#2286));
#6013=EDGE_LOOP('',(#2287,#2288,#2289,#2290));
#6014=EDGE_LOOP('',(#2291,#2292,#2293,#2294));
#6015=EDGE_LOOP('',(#2295,#2296,#2297,#2298));
#6016=EDGE_LOOP('',(#2299,#2300,#2301,#2302));
#6017=EDGE_LOOP('',(#2303));
#6018=EDGE_LOOP('',(#2304));
#6019=EDGE_LOOP('',(#2305));
#6020=EDGE_LOOP('',(#2306,#2307,#2308,#2309,#2310,#2311));
#6021=EDGE_LOOP('',(#2312,#2313,#2314,#2315));
#6022=EDGE_LOOP('',(#2316,#2317,#2318,#2319));
#6023=EDGE_LOOP('',(#2320,#2321,#2322,#2323));
#6024=EDGE_LOOP('',(#2324,#2325,#2326,#2327));
#6025=EDGE_LOOP('',(#2328,#2329,#2330,#2331));
#6026=EDGE_LOOP('',(#2332,#2333,#2334,#2335));
#6027=EDGE_LOOP('',(#2336,#2337,#2338,#2339));
#6028=EDGE_LOOP('',(#2340,#2341,#2342,#2343));
#6029=EDGE_LOOP('',(#2344,#2345,#2346,#2347));
#6030=EDGE_LOOP('',(#2348));
#6031=EDGE_LOOP('',(#2349));
#6032=EDGE_LOOP('',(#2350));
#6033=EDGE_LOOP('',(#2351));
#6034=EDGE_LOOP('',(#2352));
#6035=EDGE_LOOP('',(#2353));
#6036=EDGE_LOOP('',(#2354));
#6037=EDGE_LOOP('',(#2355));
#6038=EDGE_LOOP('',(#2356));
#6039=EDGE_LOOP('',(#2357));
#6040=EDGE_LOOP('',(#2358));
#6041=EDGE_LOOP('',(#2359));
#6042=EDGE_LOOP('',(#2360,#2361,#2362,#2363));
#6043=EDGE_LOOP('',(#2364,#2365,#2366,#2367));
#6044=EDGE_LOOP('',(#2368,#2369,#2370,#2371));
#6045=EDGE_LOOP('',(#2372,#2373,#2374,#2375));
#6046=EDGE_LOOP('',(#2376,#2377,#2378,#2379));
#6047=EDGE_LOOP('',(#2380,#2381,#2382,#2383));
#6048=EDGE_LOOP('',(#2384,#2385,#2386,#2387));
#6049=EDGE_LOOP('',(#2388,#2389,#2390,#2391));
#6050=EDGE_LOOP('',(#2392,#2393,#2394,#2395));
#6051=EDGE_LOOP('',(#2396,#2397,#2398,#2399));
#6052=EDGE_LOOP('',(#2400,#2401,#2402,#2403));
#6053=EDGE_LOOP('',(#2404,#2405,#2406,#2407));
#6054=EDGE_LOOP('',(#2408,#2409,#2410,#2411));
#6055=EDGE_LOOP('',(#2412,#2413,#2414,#2415));
#6056=EDGE_LOOP('',(#2416,#2417,#2418,#2419));
#6057=EDGE_LOOP('',(#2420,#2421,#2422,#2423));
#6058=EDGE_LOOP('',(#2424,#2425,#2426,#2427));
#6059=EDGE_LOOP('',(#2428,#2429,#2430,#2431));
#6060=EDGE_LOOP('',(#2432,#2433,#2434));
#6061=EDGE_LOOP('',(#2435,#2436,#2437));
#6062=EDGE_LOOP('',(#2438,#2439,#2440));
#6063=EDGE_LOOP('',(#2441,#2442,#2443));
#6064=EDGE_LOOP('',(#2444,#2445,#2446));
#6065=EDGE_LOOP('',(#2447,#2448,#2449));
#6066=EDGE_LOOP('',(#2450,#2451,#2452));
#6067=EDGE_LOOP('',(#2453,#2454,#2455));
#6068=EDGE_LOOP('',(#2456,#2457,#2458));
#6069=EDGE_LOOP('',(#2459,#2460,#2461));
#6070=EDGE_LOOP('',(#2462,#2463,#2464));
#6071=EDGE_LOOP('',(#2465,#2466,#2467));
#6072=EDGE_LOOP('',(#2468,#2469,#2470));
#6073=EDGE_LOOP('',(#2471,#2472,#2473));
#6074=EDGE_LOOP('',(#2474,#2475,#2476));
#6075=EDGE_LOOP('',(#2477,#2478,#2479));
#6076=EDGE_LOOP('',(#2480));
#6077=EDGE_LOOP('',(#2481));
#6078=EDGE_LOOP('',(#2482));
#6079=EDGE_LOOP('',(#2483));
#6080=FACE_BOUND('',#5635,.T.);
#6081=FACE_BOUND('',#5636,.T.);
#6082=FACE_BOUND('',#5637,.T.);
#6083=FACE_BOUND('',#5638,.T.);
#6084=FACE_BOUND('',#5639,.T.);
#6085=FACE_BOUND('',#5640,.T.);
#6086=FACE_BOUND('',#5641,.T.);
#6087=FACE_BOUND('',#5642,.T.);
#6088=FACE_BOUND('',#5643,.T.);
#6089=FACE_BOUND('',#5644,.T.);
#6090=FACE_BOUND('',#5645,.T.);
#6091=FACE_BOUND('',#5646,.T.);
#6092=FACE_BOUND('',#5647,.T.);
#6093=FACE_BOUND('',#5648,.T.);
#6094=FACE_BOUND('',#5649,.T.);
#6095=FACE_BOUND('',#5650,.T.);
#6096=FACE_BOUND('',#5651,.T.);
#6097=FACE_BOUND('',#5652,.T.);
#6098=FACE_BOUND('',#5653,.T.);
#6099=FACE_BOUND('',#5654,.T.);
#6100=FACE_BOUND('',#5655,.T.);
#6101=FACE_BOUND('',#5656,.T.);
#6102=FACE_BOUND('',#5657,.T.);
#6103=FACE_BOUND('',#5658,.T.);
#6104=FACE_BOUND('',#5659,.T.);
#6105=FACE_BOUND('',#5660,.T.);
#6106=FACE_BOUND('',#5661,.T.);
#6107=FACE_BOUND('',#5662,.T.);
#6108=FACE_BOUND('',#5663,.T.);
#6109=FACE_BOUND('',#5664,.T.);
#6110=FACE_BOUND('',#5665,.T.);
#6111=FACE_BOUND('',#5666,.T.);
#6112=FACE_BOUND('',#5667,.T.);
#6113=FACE_BOUND('',#5668,.T.);
#6114=FACE_BOUND('',#5669,.T.);
#6115=FACE_BOUND('',#5670,.T.);
#6116=FACE_BOUND('',#5671,.T.);
#6117=FACE_BOUND('',#5672,.T.);
#6118=FACE_BOUND('',#5673,.T.);
#6119=FACE_BOUND('',#5674,.T.);
#6120=FACE_BOUND('',#5675,.T.);
#6121=FACE_BOUND('',#5676,.T.);
#6122=FACE_BOUND('',#5677,.T.);
#6123=FACE_BOUND('',#5678,.T.);
#6124=FACE_BOUND('',#5679,.T.);
#6125=FACE_BOUND('',#5680,.T.);
#6126=FACE_BOUND('',#5681,.T.);
#6127=FACE_BOUND('',#5682,.T.);
#6128=FACE_BOUND('',#5683,.T.);
#6129=FACE_BOUND('',#5684,.T.);
#6130=FACE_BOUND('',#5685,.T.);
#6131=FACE_BOUND('',#5686,.T.);
#6132=FACE_BOUND('',#5687,.T.);
#6133=FACE_BOUND('',#5688,.T.);
#6134=FACE_BOUND('',#5689,.T.);
#6135=FACE_BOUND('',#5690,.T.);
#6136=FACE_BOUND('',#5691,.T.);
#6137=FACE_BOUND('',#5692,.T.);
#6138=FACE_BOUND('',#5693,.T.);
#6139=FACE_BOUND('',#5694,.T.);
#6140=FACE_BOUND('',#5695,.T.);
#6141=FACE_BOUND('',#5696,.T.);
#6142=FACE_BOUND('',#5697,.T.);
#6143=FACE_BOUND('',#5698,.T.);
#6144=FACE_BOUND('',#5699,.T.);
#6145=FACE_BOUND('',#5700,.T.);
#6146=FACE_BOUND('',#5701,.T.);
#6147=FACE_BOUND('',#5702,.T.);
#6148=FACE_BOUND('',#5703,.T.);
#6149=FACE_BOUND('',#5704,.T.);
#6150=FACE_BOUND('',#5705,.T.);
#6151=FACE_BOUND('',#5706,.T.);
#6152=FACE_BOUND('',#5707,.T.);
#6153=FACE_BOUND('',#5708,.T.);
#6154=FACE_BOUND('',#5709,.T.);
#6155=FACE_BOUND('',#5710,.T.);
#6156=FACE_BOUND('',#5711,.T.);
#6157=FACE_BOUND('',#5712,.T.);
#6158=FACE_BOUND('',#5713,.T.);
#6159=FACE_BOUND('',#5714,.T.);
#6160=FACE_BOUND('',#5715,.T.);
#6161=FACE_BOUND('',#5716,.T.);
#6162=FACE_BOUND('',#5717,.T.);
#6163=FACE_BOUND('',#5718,.T.);
#6164=FACE_BOUND('',#5719,.T.);
#6165=FACE_BOUND('',#5720,.T.);
#6166=FACE_BOUND('',#5721,.T.);
#6167=FACE_BOUND('',#5722,.T.);
#6168=FACE_BOUND('',#5723,.T.);
#6169=FACE_BOUND('',#5724,.T.);
#6170=FACE_BOUND('',#5725,.T.);
#6171=FACE_BOUND('',#5726,.T.);
#6172=FACE_BOUND('',#5727,.T.);
#6173=FACE_BOUND('',#5728,.T.);
#6174=FACE_BOUND('',#5729,.T.);
#6175=FACE_BOUND('',#5730,.T.);
#6176=FACE_BOUND('',#5731,.T.);
#6177=FACE_BOUND('',#5732,.T.);
#6178=FACE_BOUND('',#5733,.T.);
#6179=FACE_BOUND('',#5734,.T.);
#6180=FACE_BOUND('',#5735,.T.);
#6181=FACE_BOUND('',#5736,.T.);
#6182=FACE_BOUND('',#5737,.T.);
#6183=FACE_BOUND('',#5738,.T.);
#6184=FACE_BOUND('',#5739,.T.);
#6185=FACE_BOUND('',#5740,.T.);
#6186=FACE_BOUND('',#5741,.T.);
#6187=FACE_BOUND('',#5742,.T.);
#6188=FACE_BOUND('',#5743,.T.);
#6189=FACE_BOUND('',#5744,.T.);
#6190=FACE_BOUND('',#5745,.T.);
#6191=FACE_BOUND('',#5746,.T.);
#6192=FACE_BOUND('',#5747,.T.);
#6193=FACE_BOUND('',#5748,.T.);
#6194=FACE_BOUND('',#5749,.T.);
#6195=FACE_BOUND('',#5750,.T.);
#6196=FACE_BOUND('',#5751,.T.);
#6197=FACE_BOUND('',#5752,.T.);
#6198=FACE_BOUND('',#5753,.T.);
#6199=FACE_BOUND('',#5754,.T.);
#6200=FACE_BOUND('',#5755,.T.);
#6201=FACE_BOUND('',#5756,.T.);
#6202=FACE_BOUND('',#5757,.T.);
#6203=FACE_BOUND('',#5758,.T.);
#6204=FACE_BOUND('',#5759,.T.);
#6205=FACE_BOUND('',#5760,.T.);
#6206=FACE_BOUND('',#5761,.T.);
#6207=FACE_BOUND('',#5762,.T.);
#6208=FACE_BOUND('',#5763,.T.);
#6209=FACE_BOUND('',#5764,.T.);
#6210=FACE_BOUND('',#5765,.T.);
#6211=FACE_BOUND('',#5766,.T.);
#6212=FACE_BOUND('',#5767,.T.);
#6213=FACE_BOUND('',#5768,.T.);
#6214=FACE_BOUND('',#5769,.T.);
#6215=FACE_BOUND('',#5770,.T.);
#6216=FACE_BOUND('',#5771,.T.);
#6217=FACE_BOUND('',#5772,.T.);
#6218=FACE_BOUND('',#5773,.T.);
#6219=FACE_BOUND('',#5774,.T.);
#6220=FACE_BOUND('',#5775,.T.);
#6221=FACE_BOUND('',#5776,.T.);
#6222=FACE_BOUND('',#5777,.T.);
#6223=FACE_BOUND('',#5778,.T.);
#6224=FACE_BOUND('',#5779,.T.);
#6225=FACE_BOUND('',#5780,.T.);
#6226=FACE_BOUND('',#5781,.T.);
#6227=FACE_BOUND('',#5782,.T.);
#6228=FACE_BOUND('',#5783,.T.);
#6229=FACE_BOUND('',#5784,.T.);
#6230=FACE_BOUND('',#5785,.T.);
#6231=FACE_BOUND('',#5786,.T.);
#6232=FACE_BOUND('',#5787,.T.);
#6233=FACE_BOUND('',#5788,.T.);
#6234=FACE_BOUND('',#5789,.T.);
#6235=FACE_BOUND('',#5790,.T.);
#6236=FACE_BOUND('',#5791,.T.);
#6237=FACE_BOUND('',#5792,.T.);
#6238=FACE_BOUND('',#5793,.T.);
#6239=FACE_BOUND('',#5794,.T.);
#6240=FACE_BOUND('',#5795,.T.);
#6241=FACE_BOUND('',#5796,.T.);
#6242=FACE_BOUND('',#5797,.T.);
#6243=FACE_BOUND('',#5798,.T.);
#6244=FACE_BOUND('',#5799,.T.);
#6245=FACE_BOUND('',#5800,.T.);
#6246=FACE_BOUND('',#5801,.T.);
#6247=FACE_BOUND('',#5802,.T.);
#6248=FACE_BOUND('',#5803,.T.);
#6249=FACE_BOUND('',#5804,.T.);
#6250=FACE_BOUND('',#5805,.T.);
#6251=FACE_BOUND('',#5806,.T.);
#6252=FACE_BOUND('',#5807,.T.);
#6253=FACE_BOUND('',#5808,.T.);
#6254=FACE_BOUND('',#5809,.T.);
#6255=FACE_BOUND('',#5810,.T.);
#6256=FACE_BOUND('',#5811,.T.);
#6257=FACE_BOUND('',#5812,.T.);
#6258=FACE_BOUND('',#5813,.T.);
#6259=FACE_BOUND('',#5814,.T.);
#6260=FACE_BOUND('',#5815,.T.);
#6261=FACE_BOUND('',#5816,.T.);
#6262=FACE_BOUND('',#5817,.T.);
#6263=FACE_BOUND('',#5818,.T.);
#6264=FACE_BOUND('',#5819,.T.);
#6265=FACE_BOUND('',#5820,.T.);
#6266=FACE_BOUND('',#5821,.T.);
#6267=FACE_BOUND('',#5822,.T.);
#6268=FACE_BOUND('',#5823,.T.);
#6269=FACE_BOUND('',#5824,.T.);
#6270=FACE_BOUND('',#5825,.T.);
#6271=FACE_BOUND('',#5826,.T.);
#6272=FACE_BOUND('',#5827,.T.);
#6273=FACE_BOUND('',#5828,.T.);
#6274=FACE_BOUND('',#5829,.T.);
#6275=FACE_BOUND('',#5830,.T.);
#6276=FACE_BOUND('',#5831,.T.);
#6277=FACE_BOUND('',#5832,.T.);
#6278=FACE_BOUND('',#5833,.T.);
#6279=FACE_BOUND('',#5834,.T.);
#6280=FACE_BOUND('',#5835,.T.);
#6281=FACE_BOUND('',#5836,.T.);
#6282=FACE_BOUND('',#5837,.T.);
#6283=FACE_BOUND('',#5838,.T.);
#6284=FACE_BOUND('',#5839,.T.);
#6285=FACE_BOUND('',#5840,.T.);
#6286=FACE_BOUND('',#5841,.T.);
#6287=FACE_BOUND('',#5842,.T.);
#6288=FACE_BOUND('',#5843,.T.);
#6289=FACE_BOUND('',#5844,.T.);
#6290=FACE_BOUND('',#5845,.T.);
#6291=FACE_BOUND('',#5846,.T.);
#6292=FACE_BOUND('',#5847,.T.);
#6293=FACE_BOUND('',#5848,.T.);
#6294=FACE_BOUND('',#5849,.T.);
#6295=FACE_BOUND('',#5850,.T.);
#6296=FACE_BOUND('',#5851,.T.);
#6297=FACE_BOUND('',#5852,.T.);
#6298=FACE_BOUND('',#5853,.T.);
#6299=FACE_BOUND('',#5854,.T.);
#6300=FACE_BOUND('',#5855,.T.);
#6301=FACE_BOUND('',#5856,.T.);
#6302=FACE_BOUND('',#5857,.T.);
#6303=FACE_BOUND('',#5858,.T.);
#6304=FACE_BOUND('',#5859,.T.);
#6305=FACE_BOUND('',#5860,.T.);
#6306=FACE_BOUND('',#5861,.T.);
#6307=FACE_BOUND('',#5862,.T.);
#6308=FACE_BOUND('',#5863,.T.);
#6309=FACE_BOUND('',#5864,.T.);
#6310=FACE_BOUND('',#5865,.T.);
#6311=FACE_BOUND('',#5866,.T.);
#6312=FACE_BOUND('',#5867,.T.);
#6313=FACE_BOUND('',#5868,.T.);
#6314=FACE_BOUND('',#5869,.T.);
#6315=FACE_BOUND('',#5870,.T.);
#6316=FACE_BOUND('',#5871,.T.);
#6317=FACE_BOUND('',#5872,.T.);
#6318=FACE_BOUND('',#5873,.T.);
#6319=FACE_BOUND('',#5874,.T.);
#6320=FACE_BOUND('',#5875,.T.);
#6321=FACE_BOUND('',#5876,.T.);
#6322=FACE_BOUND('',#5877,.T.);
#6323=FACE_BOUND('',#5878,.T.);
#6324=FACE_BOUND('',#5879,.T.);
#6325=FACE_BOUND('',#5880,.T.);
#6326=FACE_BOUND('',#5881,.T.);
#6327=FACE_BOUND('',#5882,.T.);
#6328=FACE_BOUND('',#5883,.T.);
#6329=FACE_BOUND('',#5884,.T.);
#6330=FACE_BOUND('',#5885,.T.);
#6331=FACE_BOUND('',#5886,.T.);
#6332=FACE_BOUND('',#5887,.T.);
#6333=FACE_BOUND('',#5888,.T.);
#6334=FACE_BOUND('',#5889,.T.);
#6335=FACE_BOUND('',#5890,.T.);
#6336=FACE_BOUND('',#5891,.T.);
#6337=FACE_BOUND('',#5892,.T.);
#6338=FACE_BOUND('',#5893,.T.);
#6339=FACE_BOUND('',#5894,.T.);
#6340=FACE_BOUND('',#5895,.T.);
#6341=FACE_BOUND('',#5896,.T.);
#6342=FACE_BOUND('',#5897,.T.);
#6343=FACE_BOUND('',#5898,.T.);
#6344=FACE_BOUND('',#5899,.T.);
#6345=FACE_BOUND('',#5900,.T.);
#6346=FACE_BOUND('',#5901,.T.);
#6347=FACE_BOUND('',#5902,.T.);
#6348=FACE_BOUND('',#5903,.T.);
#6349=FACE_BOUND('',#5904,.T.);
#6350=FACE_BOUND('',#5905,.T.);
#6351=FACE_BOUND('',#5906,.T.);
#6352=FACE_BOUND('',#5907,.T.);
#6353=FACE_BOUND('',#5908,.T.);
#6354=FACE_BOUND('',#5909,.T.);
#6355=FACE_BOUND('',#5910,.T.);
#6356=FACE_BOUND('',#5911,.T.);
#6357=FACE_BOUND('',#5912,.T.);
#6358=FACE_BOUND('',#5913,.T.);
#6359=FACE_BOUND('',#5914,.T.);
#6360=FACE_BOUND('',#5915,.T.);
#6361=FACE_BOUND('',#5916,.T.);
#6362=FACE_BOUND('',#5917,.T.);
#6363=FACE_BOUND('',#5918,.T.);
#6364=FACE_BOUND('',#5919,.T.);
#6365=FACE_BOUND('',#5920,.T.);
#6366=FACE_BOUND('',#5921,.T.);
#6367=FACE_BOUND('',#5922,.T.);
#6368=FACE_BOUND('',#5923,.T.);
#6369=FACE_BOUND('',#5924,.T.);
#6370=FACE_BOUND('',#5925,.T.);
#6371=FACE_BOUND('',#5926,.T.);
#6372=FACE_BOUND('',#5927,.T.);
#6373=FACE_BOUND('',#5928,.T.);
#6374=FACE_BOUND('',#5929,.T.);
#6375=FACE_BOUND('',#5930,.T.);
#6376=FACE_BOUND('',#5931,.T.);
#6377=FACE_BOUND('',#5932,.T.);
#6378=FACE_BOUND('',#5933,.T.);
#6379=FACE_BOUND('',#5934,.T.);
#6380=FACE_BOUND('',#5935,.T.);
#6381=FACE_BOUND('',#5936,.T.);
#6382=FACE_BOUND('',#5937,.T.);
#6383=FACE_BOUND('',#5938,.T.);
#6384=FACE_BOUND('',#5939,.T.);
#6385=FACE_BOUND('',#5940,.T.);
#6386=FACE_BOUND('',#5941,.T.);
#6387=FACE_BOUND('',#5942,.T.);
#6388=FACE_BOUND('',#5943,.T.);
#6389=FACE_BOUND('',#5944,.T.);
#6390=FACE_BOUND('',#5945,.T.);
#6391=FACE_BOUND('',#5946,.T.);
#6392=FACE_BOUND('',#5947,.T.);
#6393=FACE_BOUND('',#5948,.T.);
#6394=FACE_BOUND('',#5949,.T.);
#6395=FACE_BOUND('',#5950,.T.);
#6396=FACE_BOUND('',#5951,.T.);
#6397=FACE_BOUND('',#5952,.T.);
#6398=FACE_BOUND('',#5953,.T.);
#6399=FACE_BOUND('',#5954,.T.);
#6400=FACE_BOUND('',#5955,.T.);
#6401=FACE_BOUND('',#5956,.T.);
#6402=FACE_BOUND('',#5957,.T.);
#6403=FACE_BOUND('',#5958,.T.);
#6404=FACE_BOUND('',#5959,.T.);
#6405=FACE_BOUND('',#5960,.T.);
#6406=FACE_BOUND('',#5961,.T.);
#6407=FACE_BOUND('',#5962,.T.);
#6408=FACE_BOUND('',#5963,.T.);
#6409=FACE_BOUND('',#5964,.T.);
#6410=FACE_BOUND('',#5965,.T.);
#6411=FACE_BOUND('',#5966,.T.);
#6412=FACE_BOUND('',#5967,.T.);
#6413=FACE_BOUND('',#5968,.T.);
#6414=FACE_BOUND('',#5969,.T.);
#6415=FACE_BOUND('',#5970,.T.);
#6416=FACE_BOUND('',#5971,.T.);
#6417=FACE_BOUND('',#5972,.T.);
#6418=FACE_BOUND('',#5973,.T.);
#6419=FACE_BOUND('',#5974,.T.);
#6420=FACE_BOUND('',#5975,.T.);
#6421=FACE_BOUND('',#5976,.T.);
#6422=FACE_BOUND('',#5977,.T.);
#6423=FACE_BOUND('',#5978,.T.);
#6424=FACE_BOUND('',#5979,.T.);
#6425=FACE_BOUND('',#5980,.T.);
#6426=FACE_BOUND('',#5981,.T.);
#6427=FACE_BOUND('',#5982,.T.);
#6428=FACE_BOUND('',#5983,.T.);
#6429=FACE_BOUND('',#5984,.T.);
#6430=FACE_BOUND('',#5985,.T.);
#6431=FACE_BOUND('',#5986,.T.);
#6432=FACE_BOUND('',#5987,.T.);
#6433=FACE_BOUND('',#5988,.T.);
#6434=FACE_BOUND('',#5989,.T.);
#6435=FACE_BOUND('',#5990,.T.);
#6436=FACE_BOUND('',#5991,.T.);
#6437=FACE_BOUND('',#5992,.T.);
#6438=FACE_BOUND('',#5993,.T.);
#6439=FACE_BOUND('',#5994,.T.);
#6440=FACE_BOUND('',#5995,.T.);
#6441=FACE_BOUND('',#5996,.T.);
#6442=FACE_BOUND('',#5997,.T.);
#6443=FACE_BOUND('',#5998,.T.);
#6444=FACE_BOUND('',#5999,.T.);
#6445=FACE_BOUND('',#6000,.T.);
#6446=FACE_BOUND('',#6001,.T.);
#6447=FACE_BOUND('',#6002,.T.);
#6448=FACE_BOUND('',#6003,.T.);
#6449=FACE_BOUND('',#6004,.T.);
#6450=FACE_BOUND('',#6005,.T.);
#6451=FACE_BOUND('',#6006,.T.);
#6452=FACE_BOUND('',#6007,.T.);
#6453=FACE_BOUND('',#6008,.T.);
#6454=FACE_BOUND('',#6009,.T.);
#6455=FACE_BOUND('',#6010,.T.);
#6456=FACE_BOUND('',#6011,.T.);
#6457=FACE_BOUND('',#6012,.T.);
#6458=FACE_BOUND('',#6013,.T.);
#6459=FACE_BOUND('',#6014,.T.);
#6460=FACE_BOUND('',#6015,.T.);
#6461=FACE_BOUND('',#6016,.T.);
#6462=FACE_BOUND('',#6017,.T.);
#6463=FACE_BOUND('',#6018,.T.);
#6464=FACE_BOUND('',#6019,.T.);
#6465=FACE_BOUND('',#6020,.T.);
#6466=FACE_BOUND('',#6021,.T.);
#6467=FACE_BOUND('',#6022,.T.);
#6468=FACE_BOUND('',#6023,.T.);
#6469=FACE_BOUND('',#6024,.T.);
#6470=FACE_BOUND('',#6025,.T.);
#6471=FACE_BOUND('',#6026,.T.);
#6472=FACE_BOUND('',#6027,.T.);
#6473=FACE_BOUND('',#6028,.T.);
#6474=FACE_BOUND('',#6029,.T.);
#6475=FACE_BOUND('',#6030,.T.);
#6476=FACE_BOUND('',#6031,.T.);
#6477=FACE_BOUND('',#6032,.T.);
#6478=FACE_BOUND('',#6033,.T.);
#6479=FACE_BOUND('',#6034,.T.);
#6480=FACE_BOUND('',#6035,.T.);
#6481=FACE_BOUND('',#6036,.T.);
#6482=FACE_BOUND('',#6037,.T.);
#6483=FACE_BOUND('',#6038,.T.);
#6484=FACE_BOUND('',#6039,.T.);
#6485=FACE_BOUND('',#6040,.T.);
#6486=FACE_BOUND('',#6041,.T.);
#6487=FACE_BOUND('',#6042,.T.);
#6488=FACE_BOUND('',#6043,.T.);
#6489=FACE_BOUND('',#6044,.T.);
#6490=FACE_BOUND('',#6045,.T.);
#6491=FACE_BOUND('',#6046,.T.);
#6492=FACE_BOUND('',#6047,.T.);
#6493=FACE_BOUND('',#6048,.T.);
#6494=FACE_BOUND('',#6049,.T.);
#6495=FACE_BOUND('',#6050,.T.);
#6496=FACE_BOUND('',#6051,.T.);
#6497=FACE_BOUND('',#6052,.T.);
#6498=FACE_BOUND('',#6053,.T.);
#6499=FACE_BOUND('',#6054,.T.);
#6500=FACE_BOUND('',#6055,.T.);
#6501=FACE_BOUND('',#6056,.T.);
#6502=FACE_BOUND('',#6057,.T.);
#6503=FACE_BOUND('',#6058,.T.);
#6504=FACE_BOUND('',#6059,.T.);
#6505=FACE_BOUND('',#6060,.T.);
#6506=FACE_BOUND('',#6061,.T.);
#6507=FACE_BOUND('',#6062,.T.);
#6508=FACE_BOUND('',#6063,.T.);
#6509=FACE_BOUND('',#6064,.T.);
#6510=FACE_BOUND('',#6065,.T.);
#6511=FACE_BOUND('',#6066,.T.);
#6512=FACE_BOUND('',#6067,.T.);
#6513=FACE_BOUND('',#6068,.T.);
#6514=FACE_BOUND('',#6069,.T.);
#6515=FACE_BOUND('',#6070,.T.);
#6516=FACE_BOUND('',#6071,.T.);
#6517=FACE_BOUND('',#6072,.T.);
#6518=FACE_BOUND('',#6073,.T.);
#6519=FACE_BOUND('',#6074,.T.);
#6520=FACE_BOUND('',#6075,.T.);
#6521=FACE_BOUND('',#6076,.T.);
#6522=FACE_BOUND('',#6077,.T.);
#6523=FACE_BOUND('',#6078,.T.);
#6524=FACE_BOUND('',#6079,.T.);
#6525=PLANE('',#7155);
#6526=PLANE('',#7156);
#6527=PLANE('',#7157);
#6528=PLANE('',#7158);
#6529=PLANE('',#7159);
#6530=PLANE('',#7163);
#6531=PLANE('',#7164);
#6532=PLANE('',#7165);
#6533=PLANE('',#7166);
#6534=PLANE('',#7168);
#6535=PLANE('',#7171);
#6536=PLANE('',#7210);
#6537=PLANE('',#7212);
#6538=PLANE('',#7213);
#6539=PLANE('',#7214);
#6540=PLANE('',#7215);
#6541=PLANE('',#7216);
#6542=PLANE('',#7217);
#6543=PLANE('',#7218);
#6544=PLANE('',#7220);
#6545=PLANE('',#7222);
#6546=PLANE('',#7224);
#6547=PLANE('',#7231);
#6548=PLANE('',#7242);
#6549=PLANE('',#7252);
#6550=PLANE('',#7255);
#6551=PLANE('',#7275);
#6552=PLANE('',#7281);
#6553=PLANE('',#7282);
#6554=PLANE('',#7283);
#6555=PLANE('',#7284);
#6556=PLANE('',#7285);
#6557=PLANE('',#7286);
#6558=PLANE('',#7287);
#6559=PLANE('',#7291);
#6560=PLANE('',#7292);
#6561=PLANE('',#7293);
#6562=PLANE('',#7294);
#6563=PLANE('',#7295);
#6564=PLANE('',#7296);
#6565=PLANE('',#7297);
#6566=PLANE('',#7298);
#6567=PLANE('',#7299);
#6568=PLANE('',#7300);
#6569=PLANE('',#7311);
#6570=PLANE('',#7312);
#6571=PLANE('',#7313);
#6572=PLANE('',#7314);
#6573=PLANE('',#7315);
#6574=PLANE('',#7316);
#6575=PLANE('',#7317);
#6576=PLANE('',#7324);
#6577=PLANE('',#7326);
#6578=PLANE('',#7331);
#6579=PLANE('',#7332);
#6580=PLANE('',#7333);
#6581=PLANE('',#7335);
#6582=PLANE('',#7336);
#6583=PLANE('',#7337);
#6584=PLANE('',#7338);
#6585=PLANE('',#7339);
#6586=PLANE('',#7340);
#6587=PLANE('',#7344);
#6588=PLANE('',#7346);
#6589=PLANE('',#7350);
#6590=PLANE('',#7351);
#6591=PLANE('',#7358);
#6592=PLANE('',#7359);
#6593=PLANE('',#7360);
#6594=PLANE('',#7366);
#6595=PLANE('',#7374);
#6596=PLANE('',#7378);
#6597=PLANE('',#7379);
#6598=PLANE('',#7381);
#6599=PLANE('',#7384);
#6600=PLANE('',#7385);
#6601=PLANE('',#7387);
#6602=PLANE('',#7394);
#6603=PLANE('',#7398);
#6604=PLANE('',#7404);
#6605=PLANE('',#7405);
#6606=PLANE('',#7406);
#6607=PLANE('',#7407);
#6608=PLANE('',#7408);
#6609=PLANE('',#7411);
#6610=PLANE('',#7416);
#6611=PLANE('',#7420);
#6612=PLANE('',#7425);
#6613=PLANE('',#7426);
#6614=PLANE('',#7429);
#6615=PLANE('',#7432);
#6616=PLANE('',#7433);
#6617=PLANE('',#7435);
#6618=PLANE('',#7438);
#6619=PLANE('',#7439);
#6620=PLANE('',#7440);
#6621=PLANE('',#7448);
#6622=PLANE('',#7449);
#6623=PLANE('',#7450);
#6624=PLANE('',#7451);
#6625=PLANE('',#7453);
#6626=PLANE('',#7455);
#6627=PLANE('',#7456);
#6628=PLANE('',#7457);
#6629=PLANE('',#7459);
#6630=PLANE('',#7461);
#6631=PLANE('',#7474);
#6632=PLANE('',#7477);
#6633=PLANE('',#7480);
#6634=PLANE('',#7481);
#6635=PLANE('',#7482);
#6636=PLANE('',#7484);
#6637=PLANE('',#7487);
#6638=PLANE('',#7490);
#6639=PLANE('',#7493);
#6640=PLANE('',#7495);
#6641=PLANE('',#7496);
#6642=PLANE('',#7498);
#6643=PLANE('',#7501);
#6644=PLANE('',#7503);
#6645=PLANE('',#7504);
#6646=PLANE('',#7505);
#6647=PLANE('',#7507);
#6648=PLANE('',#7516);
#6649=PLANE('',#7518);
#6650=PLANE('',#7522);
#6651=PLANE('',#7533);
#6652=PLANE('',#7535);
#6653=PLANE('',#7536);
#6654=PLANE('',#7551);
#6655=PLANE('',#7554);
#6656=PLANE('',#7555);
#6657=PLANE('',#7556);
#6658=PLANE('',#7557);
#6659=PLANE('',#7558);
#6660=PLANE('',#7559);
#6661=PLANE('',#7560);
#6662=PLANE('',#7561);
#6663=PLANE('',#7562);
#6664=PLANE('',#7566);
#6665=PLANE('',#7568);
#6666=PLANE('',#7569);
#6667=PLANE('',#7571);
#6668=PLANE('',#7572);
#6669=PLANE('',#7574);
#6670=PLANE('',#7579);
#6671=PLANE('',#7580);
#6672=PLANE('',#7584);
#6673=PLANE('',#7585);
#6674=PLANE('',#7588);
#6675=PLANE('',#7589);
#6676=PLANE('',#7590);
#6677=PLANE('',#7591);
#6678=PLANE('',#7607);
#6679=PLANE('',#7608);
#6680=PLANE('',#7609);
#6681=PLANE('',#7610);
#6682=PLANE('',#7611);
#6683=PLANE('',#7612);
#6684=PLANE('',#7613);
#6685=PLANE('',#7617);
#6686=PLANE('',#7626);
#6687=PLANE('',#7631);
#6688=PLANE('',#7634);
#6689=PLANE('',#7635);
#6690=PLANE('',#7637);
#6691=PLANE('',#7638);
#6692=PLANE('',#7639);
#6693=PLANE('',#7642);
#6694=PLANE('',#7644);
#6695=PLANE('',#7645);
#6696=PLANE('',#7646);
#6697=PLANE('',#7649);
#6698=PLANE('',#7650);
#6699=PLANE('',#7651);
#6700=PLANE('',#7652);
#6701=PLANE('',#7658);
#6702=PLANE('',#7659);
#6703=PLANE('',#7660);
#6704=PLANE('',#7675);
#6705=PLANE('',#7676);
#6706=PLANE('',#7677);
#6707=PLANE('',#7678);
#6708=PLANE('',#7679);
#6709=PLANE('',#7680);
#6710=PLANE('',#7681);
#6711=PLANE('',#7682);
#6712=PLANE('',#7683);
#6713=PLANE('',#7684);
#6714=PLANE('',#7687);
#6715=PLANE('',#7690);
#6716=PLANE('',#7693);
#6717=PLANE('',#7696);
#6718=PLANE('',#7698);
#6719=PLANE('',#7699);
#6720=PLANE('',#7700);
#6721=PLANE('',#7701);
#6722=PLANE('',#7704);
#6723=PLANE('',#7705);
#6724=PLANE('',#7706);
#6725=PLANE('',#7708);
#6726=PLANE('',#7709);
#6727=PLANE('',#7712);
#6728=PLANE('',#7713);
#6729=PLANE('',#7715);
#6730=PLANE('',#7716);
#6731=PLANE('',#7717);
#6732=PLANE('',#7723);
#6733=PLANE('',#7726);
#6734=PLANE('',#7727);
#6735=PLANE('',#7728);
#6736=PLANE('',#7729);
#6737=PLANE('',#7738);
#6738=PLANE('',#7740);
#6739=PLANE('',#7744);
#6740=PLANE('',#7745);
#6741=PLANE('',#7747);
#6742=PLANE('',#7751);
#6743=PLANE('',#7752);
#6744=PLANE('',#7753);
#6745=PLANE('',#7754);
#6746=PLANE('',#7755);
#6747=PLANE('',#7756);
#6748=PLANE('',#7757);
#6749=PLANE('',#7758);
#6750=PLANE('',#7759);
#6751=PLANE('',#7760);
#6752=PLANE('',#7761);
#6753=PLANE('',#7762);
#6754=PLANE('',#7763);
#6755=PLANE('',#7764);
#6756=PLANE('',#7765);
#6757=PLANE('',#7766);
#6758=PLANE('',#7767);
#6759=PLANE('',#7768);
#6760=PLANE('',#7769);
#6761=PLANE('',#7770);
#6762=PLANE('',#7771);
#6763=ADVANCED_FACE('',(#6080),#6525,.T.);
#6764=ADVANCED_FACE('',(#6081),#6526,.F.);
#6765=ADVANCED_FACE('',(#6082),#6527,.T.);
#6766=ADVANCED_FACE('',(#6083),#6528,.F.);
#6767=ADVANCED_FACE('',(#6084),#6529,.T.);
#6768=ADVANCED_FACE('',(#6085),#108,.F.);
#6769=ADVANCED_FACE('',(#6086),#6530,.F.);
#6770=ADVANCED_FACE('',(#6087),#6531,.T.);
#6771=ADVANCED_FACE('',(#6088),#6532,.F.);
#6772=ADVANCED_FACE('',(#6089),#6533,.F.);
#6773=ADVANCED_FACE('',(#6090),#6534,.T.);
#6774=ADVANCED_FACE('',(#6091),#109,.F.);
#6775=ADVANCED_FACE('',(#6092,#6093),#6535,.T.);
#6776=ADVANCED_FACE('',(#6094),#6536,.T.);
#6777=ADVANCED_FACE('',(#6095),#6537,.T.);
#6778=ADVANCED_FACE('',(#6096),#6538,.F.);
#6779=ADVANCED_FACE('',(#6097),#6539,.T.);
#6780=ADVANCED_FACE('',(#6098),#6540,.T.);
#6781=ADVANCED_FACE('',(#6099),#6541,.T.);
#6782=ADVANCED_FACE('',(#6100),#6542,.F.);
#6783=ADVANCED_FACE('',(#6101),#6543,.F.);
#6784=ADVANCED_FACE('',(#6102),#6544,.T.);
#6785=ADVANCED_FACE('',(#6103),#6545,.F.);
#6786=ADVANCED_FACE('',(#6104,#6105,#6106,#6107,#6108,#6109,#6110),#6546,
 .F.);
#6787=ADVANCED_FACE('',(#6111,#6112,#6113,#6114,#6115),#6547,.F.);
#6788=ADVANCED_FACE('',(#6116,#6117),#6548,.T.);
#6789=ADVANCED_FACE('',(#6118),#110,.T.);
#6790=ADVANCED_FACE('',(#6119),#6549,.T.);
#6791=ADVANCED_FACE('',(#6120),#111,.F.);
#6792=ADVANCED_FACE('',(#6121,#6122,#6123),#6550,.T.);
#6793=ADVANCED_FACE('',(#6124),#6551,.F.);
#6794=ADVANCED_FACE('',(#6125),#112,.T.);
#6795=ADVANCED_FACE('',(#6126),#113,.F.);
#6796=ADVANCED_FACE('',(#6127),#6552,.T.);
#6797=ADVANCED_FACE('',(#6128),#6553,.T.);
#6798=ADVANCED_FACE('',(#6129),#6554,.T.);
#6799=ADVANCED_FACE('',(#6130),#6555,.T.);
#6800=ADVANCED_FACE('',(#6131),#6556,.T.);
#6801=ADVANCED_FACE('',(#6132),#6557,.T.);
#6802=ADVANCED_FACE('',(#6133),#6558,.T.);
#6803=ADVANCED_FACE('',(#6134),#114,.F.);
#6804=ADVANCED_FACE('',(#6135),#6559,.F.);
#6805=ADVANCED_FACE('',(#6136),#6560,.T.);
#6806=ADVANCED_FACE('',(#6137),#6561,.T.);
#6807=ADVANCED_FACE('',(#6138),#6562,.T.);
#6808=ADVANCED_FACE('',(#6139),#6563,.T.);
#6809=ADVANCED_FACE('',(#6140),#6564,.T.);
#6810=ADVANCED_FACE('',(#6141),#6565,.T.);
#6811=ADVANCED_FACE('',(#6142),#6566,.F.);
#6812=ADVANCED_FACE('',(#6143),#6567,.F.);
#6813=ADVANCED_FACE('',(#6144,#6145,#6146),#6568,.F.);
#6814=ADVANCED_FACE('',(#6147),#6569,.F.);
#6815=ADVANCED_FACE('',(#6148),#6570,.F.);
#6816=ADVANCED_FACE('',(#6149),#6571,.T.);
#6817=ADVANCED_FACE('',(#6150),#6572,.F.);
#6818=ADVANCED_FACE('',(#6151),#6573,.T.);
#6819=ADVANCED_FACE('',(#6152),#6574,.F.);
#6820=ADVANCED_FACE('',(#6153,#6154,#6155),#6575,.T.);
#6821=ADVANCED_FACE('',(#6156),#6576,.T.);
#6822=ADVANCED_FACE('',(#6157),#6577,.T.);
#6823=ADVANCED_FACE('',(#6158),#115,.T.);
#6824=ADVANCED_FACE('',(#6159),#6578,.F.);
#6825=ADVANCED_FACE('',(#6160),#6579,.F.);
#6826=ADVANCED_FACE('',(#6161),#6580,.T.);
#6827=ADVANCED_FACE('',(#6162),#6581,.T.);
#6828=ADVANCED_FACE('',(#6163),#6582,.F.);
#6829=ADVANCED_FACE('',(#6164),#6583,.T.);
#6830=ADVANCED_FACE('',(#6165),#6584,.T.);
#6831=ADVANCED_FACE('',(#6166),#6585,.F.);
#6832=ADVANCED_FACE('',(#6167),#6586,.T.);
#6833=ADVANCED_FACE('',(#6168,#6169),#116,.F.);
#6834=ADVANCED_FACE('',(#6170),#6587,.T.);
#6835=ADVANCED_FACE('',(#6171,#6172),#6588,.T.);
#6836=ADVANCED_FACE('',(#6173),#24,.F.);
#6837=ADVANCED_FACE('',(#6174),#25,.F.);
#6838=ADVANCED_FACE('',(#6175,#6176),#117,.F.);
#6839=ADVANCED_FACE('',(#6177),#6589,.F.);
#6840=ADVANCED_FACE('',(#6178,#6179),#6590,.T.);
#6841=ADVANCED_FACE('',(#6180),#14,.F.);
#6842=ADVANCED_FACE('',(#6181),#6591,.T.);
#6843=ADVANCED_FACE('',(#6182),#6592,.T.);
#6844=ADVANCED_FACE('',(#6183),#6593,.T.);
#6845=ADVANCED_FACE('',(#6184),#118,.T.);
#6846=ADVANCED_FACE('',(#6185),#26,.F.);
#6847=ADVANCED_FACE('',(#6186,#6187),#119,.F.);
#6848=ADVANCED_FACE('',(#6188),#6594,.T.);
#6849=ADVANCED_FACE('',(#6189),#120,.F.);
#6850=ADVANCED_FACE('',(#6190),#121,.T.);
#6851=ADVANCED_FACE('',(#6191),#122,.F.);
#6852=ADVANCED_FACE('',(#6192),#6595,.F.);
#6853=ADVANCED_FACE('',(#6193),#123,.F.);
#6854=ADVANCED_FACE('',(#6194),#6596,.T.);
#6855=ADVANCED_FACE('',(#6195),#6597,.T.);
#6856=ADVANCED_FACE('',(#6196),#124,.F.);
#6857=ADVANCED_FACE('',(#6197,#6198),#6598,.T.);
#6858=ADVANCED_FACE('',(#6199),#125,.T.);
#6859=ADVANCED_FACE('',(#6200),#126,.F.);
#6860=ADVANCED_FACE('',(#6201),#6599,.T.);
#6861=ADVANCED_FACE('',(#6202),#6600,.F.);
#6862=ADVANCED_FACE('',(#6203,#6204),#127,.F.);
#6863=ADVANCED_FACE('',(#6205),#6601,.T.);
#6864=ADVANCED_FACE('',(#6206,#6207),#128,.F.);
#6865=ADVANCED_FACE('',(#6208,#6209),#129,.F.);
#6866=ADVANCED_FACE('',(#6210,#6211),#6602,.T.);
#6867=ADVANCED_FACE('',(#6212),#15,.F.);
#6868=ADVANCED_FACE('',(#6213),#6603,.T.);
#6869=ADVANCED_FACE('',(#6214),#27,.T.);
#6870=ADVANCED_FACE('',(#6215,#6216),#130,.F.);
#6871=ADVANCED_FACE('',(#6217),#28,.T.);
#6872=ADVANCED_FACE('',(#6218),#29,.T.);
#6873=ADVANCED_FACE('',(#6219),#131,.F.);
#6874=ADVANCED_FACE('',(#6220),#6604,.T.);
#6875=ADVANCED_FACE('',(#6221),#6605,.T.);
#6876=ADVANCED_FACE('',(#6222),#6606,.F.);
#6877=ADVANCED_FACE('',(#6223),#6607,.T.);
#6878=ADVANCED_FACE('',(#6224),#6608,.T.);
#6879=ADVANCED_FACE('',(#6225),#132,.F.);
#6880=ADVANCED_FACE('',(#6226),#6609,.T.);
#6881=ADVANCED_FACE('',(#6227,#6228),#133,.F.);
#6882=ADVANCED_FACE('',(#6229),#134,.F.);
#6883=ADVANCED_FACE('',(#6230),#6610,.F.);
#6884=ADVANCED_FACE('',(#6231),#135,.T.);
#6885=ADVANCED_FACE('',(#6232),#6611,.F.);
#6886=ADVANCED_FACE('',(#6233),#136,.F.);
#6887=ADVANCED_FACE('',(#6234),#137,.T.);
#6888=ADVANCED_FACE('',(#6235,#6236),#6612,.T.);
#6889=ADVANCED_FACE('',(#6237),#6613,.T.);
#6890=ADVANCED_FACE('',(#6238),#138,.T.);
#6891=ADVANCED_FACE('',(#6239),#6614,.T.);
#6892=ADVANCED_FACE('',(#6240),#139,.F.);
#6893=ADVANCED_FACE('',(#6241),#6615,.T.);
#6894=ADVANCED_FACE('',(#6242),#6616,.T.);
#6895=ADVANCED_FACE('',(#6243,#6244,#6245),#6617,.F.);
#6896=ADVANCED_FACE('',(#6246),#6618,.F.);
#6897=ADVANCED_FACE('',(#6247),#6619,.T.);
#6898=ADVANCED_FACE('',(#6248),#6620,.T.);
#6899=ADVANCED_FACE('',(#6249),#6621,.T.);
#6900=ADVANCED_FACE('',(#6250),#6622,.F.);
#6901=ADVANCED_FACE('',(#6251),#6623,.T.);
#6902=ADVANCED_FACE('',(#6252),#6624,.F.);
#6903=ADVANCED_FACE('',(#6253),#6625,.T.);
#6904=ADVANCED_FACE('',(#6254),#6626,.F.);
#6905=ADVANCED_FACE('',(#6255),#6627,.T.);
#6906=ADVANCED_FACE('',(#6256),#6628,.T.);
#6907=ADVANCED_FACE('',(#6257),#6629,.F.);
#6908=ADVANCED_FACE('',(#6258),#6630,.F.);
#6909=ADVANCED_FACE('',(#6259),#140,.F.);
#6910=ADVANCED_FACE('',(#6260),#141,.F.);
#6911=ADVANCED_FACE('',(#6261),#142,.F.);
#6912=ADVANCED_FACE('',(#6262),#143,.T.);
#6913=ADVANCED_FACE('',(#6263),#144,.T.);
#6914=ADVANCED_FACE('',(#6264),#145,.F.);
#6915=ADVANCED_FACE('',(#6265),#146,.T.);
#6916=ADVANCED_FACE('',(#6266),#6631,.T.);
#6917=ADVANCED_FACE('',(#6267),#147,.T.);
#6918=ADVANCED_FACE('',(#6268),#6632,.T.);
#6919=ADVANCED_FACE('',(#6269),#148,.T.);
#6920=ADVANCED_FACE('',(#6270),#6633,.T.);
#6921=ADVANCED_FACE('',(#6271),#6634,.T.);
#6922=ADVANCED_FACE('',(#6272),#6635,.F.);
#6923=ADVANCED_FACE('',(#6273),#149,.F.);
#6924=ADVANCED_FACE('',(#6274),#6636,.F.);
#6925=ADVANCED_FACE('',(#6275),#150,.F.);
#6926=ADVANCED_FACE('',(#6276),#151,.F.);
#6927=ADVANCED_FACE('',(#6277),#6637,.F.);
#6928=ADVANCED_FACE('',(#6278),#152,.F.);
#6929=ADVANCED_FACE('',(#6279),#153,.F.);
#6930=ADVANCED_FACE('',(#6280),#6638,.F.);
#6931=ADVANCED_FACE('',(#6281),#154,.F.);
#6932=ADVANCED_FACE('',(#6282),#6639,.F.);
#6933=ADVANCED_FACE('',(#6283),#6640,.F.);
#6934=ADVANCED_FACE('',(#6284),#6641,.F.);
#6935=ADVANCED_FACE('',(#6285),#6642,.T.);
#6936=ADVANCED_FACE('',(#6286),#155,.F.);
#6937=ADVANCED_FACE('',(#6287,#6288),#6643,.T.);
#6938=ADVANCED_FACE('',(#6289),#6644,.T.);
#6939=ADVANCED_FACE('',(#6290),#6645,.T.);
#6940=ADVANCED_FACE('',(#6291,#6292),#6646,.F.);
#6941=ADVANCED_FACE('',(#6293,#6294,#6295,#6296),#6647,.T.);
#6942=ADVANCED_FACE('',(#6297),#156,.F.);
#6943=ADVANCED_FACE('',(#6298),#6648,.F.);
#6944=ADVANCED_FACE('',(#6299),#6649,.T.);
#6945=ADVANCED_FACE('',(#6300),#157,.F.);
#6946=ADVANCED_FACE('',(#6301),#158,.F.);
#6947=ADVANCED_FACE('',(#6302,#6303,#6304,#6305),#6650,.F.);
#6948=ADVANCED_FACE('',(#6306),#159,.T.);
#6949=ADVANCED_FACE('',(#6307),#160,.F.);
#6950=ADVANCED_FACE('',(#6308),#161,.F.);
#6951=ADVANCED_FACE('',(#6309),#6651,.F.);
#6952=ADVANCED_FACE('',(#6310),#6652,.T.);
#6953=ADVANCED_FACE('',(#6311),#6653,.T.);
#6954=ADVANCED_FACE('',(#6312),#162,.T.);
#6955=ADVANCED_FACE('',(#6313),#163,.T.);
#6956=ADVANCED_FACE('',(#6314),#164,.F.);
#6957=ADVANCED_FACE('',(#6315),#165,.F.);
#6958=ADVANCED_FACE('',(#6316),#166,.F.);
#6959=ADVANCED_FACE('',(#6317),#167,.F.);
#6960=ADVANCED_FACE('',(#6318),#6654,.F.);
#6961=ADVANCED_FACE('',(#6319),#168,.F.);
#6962=ADVANCED_FACE('',(#6320),#6655,.F.);
#6963=ADVANCED_FACE('',(#6321),#6656,.F.);
#6964=ADVANCED_FACE('',(#6322),#6657,.F.);
#6965=ADVANCED_FACE('',(#6323),#6658,.F.);
#6966=ADVANCED_FACE('',(#6324),#6659,.T.);
#6967=ADVANCED_FACE('',(#6325),#6660,.F.);
#6968=ADVANCED_FACE('',(#6326),#6661,.F.);
#6969=ADVANCED_FACE('',(#6327),#6662,.F.);
#6970=ADVANCED_FACE('',(#6328),#6663,.F.);
#6971=ADVANCED_FACE('',(#6329),#169,.T.);
#6972=ADVANCED_FACE('',(#6330),#6664,.T.);
#6973=ADVANCED_FACE('',(#6331),#6665,.T.);
#6974=ADVANCED_FACE('',(#6332,#6333),#6666,.T.);
#6975=ADVANCED_FACE('',(#6334),#6667,.F.);
#6976=ADVANCED_FACE('',(#6335,#6336),#6668,.F.);
#6977=ADVANCED_FACE('',(#6337),#6669,.F.);
#6978=ADVANCED_FACE('',(#6338),#170,.T.);
#6979=ADVANCED_FACE('',(#6339),#171,.F.);
#6980=ADVANCED_FACE('',(#6340),#172,.F.);
#6981=ADVANCED_FACE('',(#6341),#6670,.T.);
#6982=ADVANCED_FACE('',(#6342),#6671,.T.);
#6983=ADVANCED_FACE('',(#6343),#173,.T.);
#6984=ADVANCED_FACE('',(#6344),#6672,.F.);
#6985=ADVANCED_FACE('',(#6345),#6673,.F.);
#6986=ADVANCED_FACE('',(#6346),#6674,.T.);
#6987=ADVANCED_FACE('',(#6347),#6675,.T.);
#6988=ADVANCED_FACE('',(#6348),#6676,.T.);
#6989=ADVANCED_FACE('',(#6349),#6677,.T.);
#6990=ADVANCED_FACE('',(#6350),#174,.T.);
#6991=ADVANCED_FACE('',(#6351),#175,.F.);
#6992=ADVANCED_FACE('',(#6352),#176,.T.);
#6993=ADVANCED_FACE('',(#6353),#177,.F.);
#6994=ADVANCED_FACE('',(#6354),#178,.T.);
#6995=ADVANCED_FACE('',(#6355),#179,.T.);
#6996=ADVANCED_FACE('',(#6356,#6357),#180,.F.);
#6997=ADVANCED_FACE('',(#6358),#181,.T.);
#6998=ADVANCED_FACE('',(#6359,#6360),#182,.F.);
#6999=ADVANCED_FACE('',(#6361),#183,.T.);
#7000=ADVANCED_FACE('',(#6362),#184,.F.);
#7001=ADVANCED_FACE('',(#6363),#185,.F.);
#7002=ADVANCED_FACE('',(#6364),#186,.F.);
#7003=ADVANCED_FACE('',(#6365),#6678,.T.);
#7004=ADVANCED_FACE('',(#6366),#6679,.T.);
#7005=ADVANCED_FACE('',(#6367),#6680,.T.);
#7006=ADVANCED_FACE('',(#6368),#6681,.T.);
#7007=ADVANCED_FACE('',(#6369),#6682,.F.);
#7008=ADVANCED_FACE('',(#6370),#6683,.F.);
#7009=ADVANCED_FACE('',(#6371),#6684,.F.);
#7010=ADVANCED_FACE('',(#6372),#187,.F.);
#7011=ADVANCED_FACE('',(#6373),#188,.F.);
#7012=ADVANCED_FACE('',(#6374),#6685,.F.);
#7013=ADVANCED_FACE('',(#6375),#189,.F.);
#7014=ADVANCED_FACE('',(#6376),#190,.T.);
#7015=ADVANCED_FACE('',(#6377),#191,.T.);
#7016=ADVANCED_FACE('',(#6378),#192,.T.);
#7017=ADVANCED_FACE('',(#6379),#193,.T.);
#7018=ADVANCED_FACE('',(#6380),#194,.F.);
#7019=ADVANCED_FACE('',(#6381),#195,.F.);
#7020=ADVANCED_FACE('',(#6382,#6383),#6686,.T.);
#7021=ADVANCED_FACE('',(#6384),#196,.T.);
#7022=ADVANCED_FACE('',(#6385),#6687,.F.);
#7023=ADVANCED_FACE('',(#6386),#197,.T.);
#7024=ADVANCED_FACE('',(#6387),#6688,.F.);
#7025=ADVANCED_FACE('',(#6388),#6689,.F.);
#7026=ADVANCED_FACE('',(#6389,#6390),#198,.F.);
#7027=ADVANCED_FACE('',(#6391),#6690,.F.);
#7028=ADVANCED_FACE('',(#6392),#6691,.F.);
#7029=ADVANCED_FACE('',(#6393),#6692,.T.);
#7030=ADVANCED_FACE('',(#6394),#199,.F.);
#7031=ADVANCED_FACE('',(#6395),#200,.F.);
#7032=ADVANCED_FACE('',(#6396),#6693,.T.);
#7033=ADVANCED_FACE('',(#6397),#6694,.F.);
#7034=ADVANCED_FACE('',(#6398),#6695,.T.);
#7035=ADVANCED_FACE('',(#6399),#6696,.T.);
#7036=ADVANCED_FACE('',(#6400),#201,.F.);
#7037=ADVANCED_FACE('',(#6401),#6697,.F.);
#7038=ADVANCED_FACE('',(#6402),#6698,.F.);
#7039=ADVANCED_FACE('',(#6403),#6699,.F.);
#7040=ADVANCED_FACE('',(#6404,#6405,#6406,#6407),#6700,.F.);
#7041=ADVANCED_FACE('',(#6408),#6701,.T.);
#7042=ADVANCED_FACE('',(#6409),#6702,.F.);
#7043=ADVANCED_FACE('',(#6410),#6703,.F.);
#7044=ADVANCED_FACE('',(#6411),#202,.T.);
#7045=ADVANCED_FACE('',(#6412),#203,.T.);
#7046=ADVANCED_FACE('',(#6413),#204,.T.);
#7047=ADVANCED_FACE('',(#6414),#12,.T.);
#7048=ADVANCED_FACE('',(#6415),#205,.T.);
#7049=ADVANCED_FACE('',(#6416),#206,.T.);
#7050=ADVANCED_FACE('',(#6417),#13,.T.);
#7051=ADVANCED_FACE('',(#6418),#207,.T.);
#7052=ADVANCED_FACE('',(#6419),#6704,.T.);
#7053=ADVANCED_FACE('',(#6420),#6705,.T.);
#7054=ADVANCED_FACE('',(#6421),#6706,.F.);
#7055=ADVANCED_FACE('',(#6422),#6707,.F.);
#7056=ADVANCED_FACE('',(#6423),#6708,.T.);
#7057=ADVANCED_FACE('',(#6424),#6709,.F.);
#7058=ADVANCED_FACE('',(#6425),#6710,.T.);
#7059=ADVANCED_FACE('',(#6426),#6711,.T.);
#7060=ADVANCED_FACE('',(#6427),#6712,.F.);
#7061=ADVANCED_FACE('',(#6428),#6713,.T.);
#7062=ADVANCED_FACE('',(#6429,#6430),#208,.F.);
#7063=ADVANCED_FACE('',(#6431),#6714,.T.);
#7064=ADVANCED_FACE('',(#6432,#6433),#209,.F.);
#7065=ADVANCED_FACE('',(#6434),#6715,.T.);
#7066=ADVANCED_FACE('',(#6435,#6436),#210,.F.);
#7067=ADVANCED_FACE('',(#6437),#6716,.F.);
#7068=ADVANCED_FACE('',(#6438,#6439),#211,.F.);
#7069=ADVANCED_FACE('',(#6440),#6717,.F.);
#7070=ADVANCED_FACE('',(#6441,#6442),#212,.F.);
#7071=ADVANCED_FACE('',(#6443),#6718,.T.);
#7072=ADVANCED_FACE('',(#6444),#6719,.F.);
#7073=ADVANCED_FACE('',(#6445),#6720,.F.);
#7074=ADVANCED_FACE('',(#6446),#6721,.T.);
#7075=ADVANCED_FACE('',(#6447),#213,.F.);
#7076=ADVANCED_FACE('',(#6448),#214,.F.);
#7077=ADVANCED_FACE('',(#6449),#6722,.T.);
#7078=ADVANCED_FACE('',(#6450),#6723,.F.);
#7079=ADVANCED_FACE('',(#6451),#6724,.T.);
#7080=ADVANCED_FACE('',(#6452),#215,.T.);
#7081=ADVANCED_FACE('',(#6453),#6725,.F.);
#7082=ADVANCED_FACE('',(#6454),#6726,.F.);
#7083=ADVANCED_FACE('',(#6455),#216,.F.);
#7084=ADVANCED_FACE('',(#6456),#217,.F.);
#7085=ADVANCED_FACE('',(#6457),#6727,.T.);
#7086=ADVANCED_FACE('',(#6458),#6728,.F.);
#7087=ADVANCED_FACE('',(#6459),#218,.T.);
#7088=ADVANCED_FACE('',(#6460),#6729,.T.);
#7089=ADVANCED_FACE('',(#6461),#6730,.F.);
#7090=ADVANCED_FACE('',(#6462,#6463,#6464,#6465),#6731,.T.);
#7091=ADVANCED_FACE('',(#6466),#6732,.T.);
#7092=ADVANCED_FACE('',(#6467),#219,.T.);
#7093=ADVANCED_FACE('',(#6468),#220,.T.);
#7094=ADVANCED_FACE('',(#6469),#6733,.F.);
#7095=ADVANCED_FACE('',(#6470),#6734,.F.);
#7096=ADVANCED_FACE('',(#6471),#6735,.F.);
#7097=ADVANCED_FACE('',(#6472),#6736,.T.);
#7098=ADVANCED_FACE('',(#6473),#221,.T.);
#7099=ADVANCED_FACE('',(#6474),#222,.T.);
#7100=ADVANCED_FACE('',(#6475,#6476),#223,.F.);
#7101=ADVANCED_FACE('',(#6477,#6478),#224,.F.);
#7102=ADVANCED_FACE('',(#6479,#6480),#225,.F.);
#7103=ADVANCED_FACE('',(#6481,#6482),#226,.F.);
#7104=ADVANCED_FACE('',(#6483,#6484),#227,.F.);
#7105=ADVANCED_FACE('',(#6485,#6486),#228,.F.);
#7106=ADVANCED_FACE('',(#6487),#6737,.T.);
#7107=ADVANCED_FACE('',(#6488),#16,.F.);
#7108=ADVANCED_FACE('',(#6489),#6738,.F.);
#7109=ADVANCED_FACE('',(#6490),#17,.F.);
#7110=ADVANCED_FACE('',(#6491),#18,.T.);
#7111=ADVANCED_FACE('',(#6492),#19,.F.);
#7112=ADVANCED_FACE('',(#6493),#6739,.F.);
#7113=ADVANCED_FACE('',(#6494),#6740,.T.);
#7114=ADVANCED_FACE('',(#6495),#20,.F.);
#7115=ADVANCED_FACE('',(#6496),#6741,.F.);
#7116=ADVANCED_FACE('',(#6497),#21,.F.);
#7117=ADVANCED_FACE('',(#6498),#22,.T.);
#7118=ADVANCED_FACE('',(#6499),#23,.F.);
#7119=ADVANCED_FACE('',(#6500),#6742,.T.);
#7120=ADVANCED_FACE('',(#6501),#6743,.F.);
#7121=ADVANCED_FACE('',(#6502),#6744,.T.);
#7122=ADVANCED_FACE('',(#6503),#6745,.F.);
#7123=ADVANCED_FACE('',(#6504),#6746,.F.);
#7124=ADVANCED_FACE('',(#6505),#6747,.T.);
#7125=ADVANCED_FACE('',(#6506),#6748,.T.);
#7126=ADVANCED_FACE('',(#6507),#6749,.T.);
#7127=ADVANCED_FACE('',(#6508),#6750,.T.);
#7128=ADVANCED_FACE('',(#6509),#6751,.T.);
#7129=ADVANCED_FACE('',(#6510),#6752,.T.);
#7130=ADVANCED_FACE('',(#6511),#6753,.T.);
#7131=ADVANCED_FACE('',(#6512),#6754,.T.);
#7132=ADVANCED_FACE('',(#6513),#6755,.T.);
#7133=ADVANCED_FACE('',(#6514),#6756,.T.);
#7134=ADVANCED_FACE('',(#6515),#6757,.T.);
#7135=ADVANCED_FACE('',(#6516),#6758,.T.);
#7136=ADVANCED_FACE('',(#6517),#6759,.T.);
#7137=ADVANCED_FACE('',(#6518),#6760,.T.);
#7138=ADVANCED_FACE('',(#6519),#6761,.T.);
#7139=ADVANCED_FACE('',(#6520),#6762,.T.);
#7140=ADVANCED_FACE('',(#6521,#6522),#229,.F.);
#7141=ADVANCED_FACE('',(#6523,#6524),#230,.F.);
#7142=CLOSED_SHELL('',(#6763,#6764,#6765,#6766,#6767,#6768,#6769,#6770,
#6771,#6772,#6773,#6774,#6775,#6776,#6777,#6778,#6779,#6780,#6781,#6782,
#6783,#6784,#6785,#6786,#6787,#6788,#6789,#6790,#6791,#6792,#6793,#6794,
#6795,#6796,#6797,#6798,#6799,#6800,#6801,#6802,#6803,#6804,#6805,#6806,
#6807,#6808,#6809,#6810,#6811,#6812,#6813,#6814,#6815,#6816,#6817,#6818,
#6819,#6820,#6821,#6822,#6823,#6824,#6825,#6826,#6827,#6828,#6829,#6830,
#6831,#6832,#6833,#6834,#6835,#6836,#6837,#6838,#6839,#6840,#6841,#6842,
#6843,#6844,#6845,#6846,#6847,#6848,#6849,#6850,#6851,#6852,#6853,#6854,
#6855,#6856,#6857,#6858,#6859,#6860,#6861,#6862,#6863,#6864,#6865,#6866,
#6867,#6868,#6869,#6870,#6871,#6872,#6873,#6874,#6875,#6876,#6877,#6878,
#6879,#6880,#6881,#6882,#6883,#6884,#6885,#6886,#6887,#6888,#6889,#6890,
#6891,#6892,#6893,#6894,#6895,#6896,#6897,#6898,#6899,#6900,#6901,#6902,
#6903,#6904,#6905,#6906,#6907,#6908,#6909,#6910,#6911,#6912,#6913,#6914,
#6915,#6916,#6917,#6918,#6919,#6920,#6921,#6922,#6923,#6924,#6925,#6926,
#6927,#6928,#6929,#6930,#6931,#6932,#6933,#6934,#6935,#6936,#6937,#6938,
#6939,#6940,#6941,#6942,#6943,#6944,#6945,#6946,#6947,#6948,#6949,#6950,
#6951,#6952,#6953,#6954,#6955,#6956,#6957,#6958,#6959,#6960,#6961,#6962,
#6963,#6964,#6965,#6966,#6967,#6968,#6969,#6970,#6971,#6972,#6973,#6974,
#6975,#6976,#6977,#6978,#6979,#6980,#6981,#6982,#6983,#6984,#6985,#6986,
#6987,#6988,#6989,#6990,#6991,#6992,#6993,#6994,#6995,#6996,#6997,#6998,
#6999,#7000,#7001,#7002,#7003,#7004,#7005,#7006,#7007,#7008,#7009,#7010,
#7011,#7012,#7013,#7014,#7015,#7016,#7017,#7018,#7019,#7020,#7021,#7022,
#7023,#7024,#7025,#7026,#7027,#7028,#7029,#7030,#7031,#7032,#7033,#7034,
#7035,#7036,#7037,#7038,#7039,#7040,#7041,#7042,#7043,#7044,#7045,#7046,
#7047,#7048,#7049,#7050,#7051,#7052,#7053,#7054,#7055,#7056,#7057,#7058,
#7059,#7060,#7061,#7062,#7063,#7064,#7065,#7066,#7067,#7068,#7069,#7070,
#7071,#7072,#7073,#7074,#7075,#7076,#7077,#7078,#7079,#7080,#7081,#7082,
#7083,#7084,#7085,#7086,#7087,#7088,#7089,#7090,#7091,#7092,#7093,#7094,
#7095,#7096,#7097,#7098,#7099,#7100,#7101,#7102,#7103,#7104,#7105,#7106,
#7107,#7108,#7109,#7110,#7111,#7112,#7113,#7114,#7115,#7116,#7117,#7118,
#7119,#7120,#7121,#7122,#7123,#7124,#7125,#7126,#7127,#7128,#7129,#7130,
#7131,#7132,#7133,#7134,#7135,#7136,#7137,#7138,#7139,#7140,#7141));
#7143=STYLED_ITEM('',(#7144),#7151);
#7144=PRESENTATION_STYLE_ASSIGNMENT((#7145));
#7145=SURFACE_STYLE_USAGE(.BOTH.,#7146);
#7146=SURFACE_SIDE_STYLE('',(#7147));
#7147=SURFACE_STYLE_FILL_AREA(#7148);
#7148=FILL_AREA_STYLE('',(#7149));
#7149=FILL_AREA_STYLE_COLOUR('',#7150);
#7150=COLOUR_RGB('',0.647058823529412,0.647058823529412,0.647058823529412);
#7151=MANIFOLD_SOLID_BREP('Chassis',#7142);
#7152=SHAPE_DEFINITION_REPRESENTATION(#12134,#7153);
#7153=SHAPE_REPRESENTATION('Chassis',(#7154),#12129);
#7154=AXIS2_PLACEMENT_3D('',#9740,#7774,#7775);
#7155=AXIS2_PLACEMENT_3D('',#9741,#7776,#7777);
#7156=AXIS2_PLACEMENT_3D('',#9750,#7782,#7783);
#7157=AXIS2_PLACEMENT_3D('',#9759,#7788,#7789);
#7158=AXIS2_PLACEMENT_3D('',#9762,#7792,#7793);
#7159=AXIS2_PLACEMENT_3D('',#9789,#7808,#7809);
#7160=AXIS2_PLACEMENT_3D('',#9790,#7810,#7811);
#7161=AXIS2_PLACEMENT_3D('',#9798,#7815,#7816);
#7162=AXIS2_PLACEMENT_3D('',#9803,#7819,#7820);
#7163=AXIS2_PLACEMENT_3D('',#9804,#7821,#7822);
#7164=AXIS2_PLACEMENT_3D('',#9810,#7826,#7827);
#7165=AXIS2_PLACEMENT_3D('',#9819,#7832,#7833);
#7166=AXIS2_PLACEMENT_3D('',#9849,#7849,#7850);
#7167=AXIS2_PLACEMENT_3D('',#9857,#7854,#7855);
#7168=AXIS2_PLACEMENT_3D('',#9858,#7856,#7857);
#7169=AXIS2_PLACEMENT_3D('',#9888,#7873,#7874);
#7170=AXIS2_PLACEMENT_3D('',#9893,#7877,#7878);
#7171=AXIS2_PLACEMENT_3D('',#9894,#7879,#7880);
#7172=AXIS2_PLACEMENT_3D('',#9900,#7883,#7884);
#7173=AXIS2_PLACEMENT_3D('',#9902,#7885,#7886);
#7174=AXIS2_PLACEMENT_3D('',#9904,#7887,#7888);
#7175=AXIS2_PLACEMENT_3D('',#9908,#7890,#7891);
#7176=AXIS2_PLACEMENT_3D('',#9926,#7900,#7901);
#7177=AXIS2_PLACEMENT_3D('',#9930,#7903,#7904);
#7178=AXIS2_PLACEMENT_3D('',#9934,#7906,#7907);
#7179=AXIS2_PLACEMENT_3D('',#9938,#7909,#7910);
#7180=AXIS2_PLACEMENT_3D('',#9942,#7912,#7913);
#7181=AXIS2_PLACEMENT_3D('',#9962,#7923,#7924);
#7182=AXIS2_PLACEMENT_3D('',#9966,#7926,#7927);
#7183=AXIS2_PLACEMENT_3D('',#9968,#7928,#7929);
#7184=AXIS2_PLACEMENT_3D('',#9970,#7930,#7931);
#7185=AXIS2_PLACEMENT_3D('',#9978,#7935,#7936);
#7186=AXIS2_PLACEMENT_3D('',#9982,#7938,#7939);
#7187=AXIS2_PLACEMENT_3D('',#9986,#7941,#7942);
#7188=AXIS2_PLACEMENT_3D('',#9994,#7947,#7948);
#7189=AXIS2_PLACEMENT_3D('',#9998,#7950,#7951);
#7190=AXIS2_PLACEMENT_3D('',#10002,#7953,#7954);
#7191=AXIS2_PLACEMENT_3D('',#10004,#7955,#7956);
#7192=AXIS2_PLACEMENT_3D('',#10006,#7957,#7958);
#7193=AXIS2_PLACEMENT_3D('',#10008,#7959,#7960);
#7194=AXIS2_PLACEMENT_3D('',#10012,#7962,#7963);
#7195=AXIS2_PLACEMENT_3D('',#10014,#7964,#7965);
#7196=AXIS2_PLACEMENT_3D('',#10016,#7966,#7967);
#7197=AXIS2_PLACEMENT_3D('',#10018,#7968,#7969);
#7198=AXIS2_PLACEMENT_3D('',#10022,#7971,#7972);
#7199=AXIS2_PLACEMENT_3D('',#10026,#7974,#7975);
#7200=AXIS2_PLACEMENT_3D('',#10039,#7982,#7983);
#7201=AXIS2_PLACEMENT_3D('',#10043,#7985,#7986);
#7202=AXIS2_PLACEMENT_3D('',#10047,#7988,#7989);
#7203=AXIS2_PLACEMENT_3D('',#10050,#7991,#7992);
#7204=AXIS2_PLACEMENT_3D('',#10053,#7993,#7994);
#7205=AXIS2_PLACEMENT_3D('',#10057,#7996,#7997);
#7206=AXIS2_PLACEMENT_3D('',#10061,#7999,#8000);
#7207=AXIS2_PLACEMENT_3D('',#10065,#8002,#8003);
#7208=AXIS2_PLACEMENT_3D('',#10067,#8004,#8005);
#7209=AXIS2_PLACEMENT_3D('',#10069,#8006,#8007);
#7210=AXIS2_PLACEMENT_3D('',#10072,#8009,#8010);
#7211=AXIS2_PLACEMENT_3D('',#10078,#8013,#8014);
#7212=AXIS2_PLACEMENT_3D('',#10083,#8017,#8018);
#7213=AXIS2_PLACEMENT_3D('',#10091,#8023,#8024);
#7214=AXIS2_PLACEMENT_3D('',#10099,#8029,#8030);
#7215=AXIS2_PLACEMENT_3D('',#10107,#8035,#8036);
#7216=AXIS2_PLACEMENT_3D('',#10132,#8052,#8053);
#7217=AXIS2_PLACEMENT_3D('',#10134,#8055,#8056);
#7218=AXIS2_PLACEMENT_3D('',#10138,#8059,#8060);
#7219=AXIS2_PLACEMENT_3D('',#10139,#8061,#8062);
#7220=AXIS2_PLACEMENT_3D('',#10144,#8065,#8066);
#7221=AXIS2_PLACEMENT_3D('',#10149,#8069,#8070);
#7222=AXIS2_PLACEMENT_3D('',#10150,#8071,#8072);
#7223=AXIS2_PLACEMENT_3D('',#10151,#8073,#8074);
#7224=AXIS2_PLACEMENT_3D('',#10156,#8077,#8078);
#7225=AXIS2_PLACEMENT_3D('',#10189,#8095,#8096);
#7226=AXIS2_PLACEMENT_3D('',#10196,#8099,#8100);
#7227=AXIS2_PLACEMENT_3D('',#10201,#8103,#8104);
#7228=AXIS2_PLACEMENT_3D('',#10211,#8109,#8110);
#7229=AXIS2_PLACEMENT_3D('',#10218,#8113,#8114);
#7230=AXIS2_PLACEMENT_3D('',#10224,#8117,#8118);
#7231=AXIS2_PLACEMENT_3D('',#10225,#8119,#8120);
#7232=AXIS2_PLACEMENT_3D('',#10226,#8121,#8122);
#7233=AXIS2_PLACEMENT_3D('',#10233,#8125,#8126);
#7234=AXIS2_PLACEMENT_3D('',#10238,#8129,#8130);
#7235=AXIS2_PLACEMENT_3D('',#10243,#8132,#8133);
#7236=AXIS2_PLACEMENT_3D('',#10247,#8135,#8136);
#7237=AXIS2_PLACEMENT_3D('',#10251,#8138,#8139);
#7238=AXIS2_PLACEMENT_3D('',#10255,#8141,#8142);
#7239=AXIS2_PLACEMENT_3D('',#10256,#8143,#8144);
#7240=AXIS2_PLACEMENT_3D('',#10258,#8145,#8146);
#7241=AXIS2_PLACEMENT_3D('',#10265,#8149,#8150);
#7242=AXIS2_PLACEMENT_3D('',#10270,#8153,#8154);
#7243=AXIS2_PLACEMENT_3D('',#10271,#8155,#8156);
#7244=AXIS2_PLACEMENT_3D('',#10273,#8157,#8158);
#7245=AXIS2_PLACEMENT_3D('',#10278,#8160,#8161);
#7246=AXIS2_PLACEMENT_3D('',#10284,#8164,#8165);
#7247=AXIS2_PLACEMENT_3D('',#10294,#8170,#8171);
#7248=AXIS2_PLACEMENT_3D('',#10296,#8172,#8173);
#7249=AXIS2_PLACEMENT_3D('',#10298,#8174,#8175);
#7250=AXIS2_PLACEMENT_3D('',#10305,#8179,#8180);
#7251=AXIS2_PLACEMENT_3D('',#10315,#8183,#8184);
#7252=AXIS2_PLACEMENT_3D('',#10318,#8186,#8187);
#7253=AXIS2_PLACEMENT_3D('',#10324,#8190,#8191);
#7254=AXIS2_PLACEMENT_3D('',#10328,#8194,#8195);
#7255=AXIS2_PLACEMENT_3D('',#10338,#8199,#8200);
#7256=AXIS2_PLACEMENT_3D('',#10343,#8203,#8204);
#7257=AXIS2_PLACEMENT_3D('',#10347,#8206,#8207);
#7258=AXIS2_PLACEMENT_3D('',#10351,#8209,#8210);
#7259=AXIS2_PLACEMENT_3D('',#10353,#8211,#8212);
#7260=AXIS2_PLACEMENT_3D('',#10355,#8213,#8214);
#7261=AXIS2_PLACEMENT_3D('',#10357,#8215,#8216);
#7262=AXIS2_PLACEMENT_3D('',#10361,#8218,#8219);
#7263=AXIS2_PLACEMENT_3D('',#10363,#8220,#8221);
#7264=AXIS2_PLACEMENT_3D('',#10365,#8222,#8223);
#7265=AXIS2_PLACEMENT_3D('',#10367,#8224,#8225);
#7266=AXIS2_PLACEMENT_3D('',#10371,#8227,#8228);
#7267=AXIS2_PLACEMENT_3D('',#10375,#8230,#8231);
#7268=AXIS2_PLACEMENT_3D('',#10379,#8233,#8234);
#7269=AXIS2_PLACEMENT_3D('',#10387,#8238,#8239);
#7270=AXIS2_PLACEMENT_3D('',#10391,#8241,#8242);
#7271=AXIS2_PLACEMENT_3D('',#10396,#8245,#8246);
#7272=AXIS2_PLACEMENT_3D('',#10400,#8248,#8249);
#7273=AXIS2_PLACEMENT_3D('',#10405,#8252,#8253);
#7274=AXIS2_PLACEMENT_3D('',#10407,#8254,#8255);
#7275=AXIS2_PLACEMENT_3D('',#10409,#8256,#8257);
#7276=AXIS2_PLACEMENT_3D('',#10417,#8262,#8263);
#7277=AXIS2_PLACEMENT_3D('',#10421,#8265,#8266);
#7278=AXIS2_PLACEMENT_3D('',#10425,#8268,#8269);
#7279=AXIS2_PLACEMENT_3D('',#10433,#8271,#8272);
#7280=AXIS2_PLACEMENT_3D('',#10434,#8273,#8274);
#7281=AXIS2_PLACEMENT_3D('',#10446,#8278,#8279);
#7282=AXIS2_PLACEMENT_3D('',#10450,#8282,#8283);
#7283=AXIS2_PLACEMENT_3D('',#10452,#8285,#8286);
#7284=AXIS2_PLACEMENT_3D('',#10461,#8291,#8292);
#7285=AXIS2_PLACEMENT_3D('',#10467,#8296,#8297);
#7286=AXIS2_PLACEMENT_3D('',#10471,#8300,#8301);
#7287=AXIS2_PLACEMENT_3D('',#10473,#8303,#8304);
#7288=AXIS2_PLACEMENT_3D('',#10477,#8307,#8308);
#7289=AXIS2_PLACEMENT_3D('',#10478,#8309,#8310);
#7290=AXIS2_PLACEMENT_3D('',#10483,#8312,#8313);
#7291=AXIS2_PLACEMENT_3D('',#10486,#8315,#8316);
#7292=AXIS2_PLACEMENT_3D('',#10489,#8319,#8320);
#7293=AXIS2_PLACEMENT_3D('',#10493,#8323,#8324);
#7294=AXIS2_PLACEMENT_3D('',#10495,#8326,#8327);
#7295=AXIS2_PLACEMENT_3D('',#10501,#8331,#8332);
#7296=AXIS2_PLACEMENT_3D('',#10507,#8336,#8337);
#7297=AXIS2_PLACEMENT_3D('',#10513,#8341,#8342);
#7298=AXIS2_PLACEMENT_3D('',#10519,#8346,#8347);
#7299=AXIS2_PLACEMENT_3D('',#10523,#8350,#8351);
#7300=AXIS2_PLACEMENT_3D('',#10525,#8353,#8354);
#7301=AXIS2_PLACEMENT_3D('',#10564,#8374,#8375);
#7302=AXIS2_PLACEMENT_3D('',#10568,#8377,#8378);
#7303=AXIS2_PLACEMENT_3D('',#10572,#8380,#8381);
#7304=AXIS2_PLACEMENT_3D('',#10580,#8385,#8386);
#7305=AXIS2_PLACEMENT_3D('',#10584,#8388,#8389);
#7306=AXIS2_PLACEMENT_3D('',#10592,#8393,#8394);
#7307=AXIS2_PLACEMENT_3D('',#10596,#8396,#8397);
#7308=AXIS2_PLACEMENT_3D('',#10604,#8401,#8402);
#7309=AXIS2_PLACEMENT_3D('',#10608,#8404,#8405);
#7310=AXIS2_PLACEMENT_3D('',#10612,#8407,#8408);
#7311=AXIS2_PLACEMENT_3D('',#10624,#8415,#8416);
#7312=AXIS2_PLACEMENT_3D('',#10635,#8420,#8421);
#7313=AXIS2_PLACEMENT_3D('',#10640,#8425,#8426);
#7314=AXIS2_PLACEMENT_3D('',#10652,#8433,#8434);
#7315=AXIS2_PLACEMENT_3D('',#10656,#8437,#8438);
#7316=AXIS2_PLACEMENT_3D('',#10658,#8440,#8441);
#7317=AXIS2_PLACEMENT_3D('',#10660,#8443,#8444);
#7318=AXIS2_PLACEMENT_3D('',#10661,#8445,#8446);
#7319=AXIS2_PLACEMENT_3D('',#10663,#8447,#8448);
#7320=AXIS2_PLACEMENT_3D('',#10671,#8452,#8453);
#7321=AXIS2_PLACEMENT_3D('',#10673,#8454,#8455);
#7322=AXIS2_PLACEMENT_3D('',#10679,#8458,#8459);
#7323=AXIS2_PLACEMENT_3D('',#10681,#8460,#8461);
#7324=AXIS2_PLACEMENT_3D('',#10686,#8464,#8465);
#7325=AXIS2_PLACEMENT_3D('',#10690,#8467,#8468);
#7326=AXIS2_PLACEMENT_3D('',#10694,#8471,#8472);
#7327=AXIS2_PLACEMENT_3D('',#10697,#8474,#8475);
#7328=AXIS2_PLACEMENT_3D('',#10701,#8477,#8478);
#7329=AXIS2_PLACEMENT_3D('',#10708,#8482,#8483);
#7330=AXIS2_PLACEMENT_3D('',#10709,#8484,#8485);
#7331=AXIS2_PLACEMENT_3D('',#10712,#8487,#8488);
#7332=AXIS2_PLACEMENT_3D('',#10719,#8493,#8494);
#7333=AXIS2_PLACEMENT_3D('',#10721,#8496,#8497);
#7334=AXIS2_PLACEMENT_3D('',#10724,#8499,#8500);
#7335=AXIS2_PLACEMENT_3D('',#10737,#8507,#8508);
#7336=AXIS2_PLACEMENT_3D('',#10741,#8512,#8513);
#7337=AXIS2_PLACEMENT_3D('',#10745,#8516,#8517);
#7338=AXIS2_PLACEMENT_3D('',#10746,#8518,#8519);
#7339=AXIS2_PLACEMENT_3D('',#10757,#8526,#8527);
#7340=AXIS2_PLACEMENT_3D('',#10758,#8528,#8529);
#7341=AXIS2_PLACEMENT_3D('',#10759,#8530,#8531);
#7342=AXIS2_PLACEMENT_3D('',#10761,#8532,#8533);
#7343=AXIS2_PLACEMENT_3D('',#10762,#8534,#8535);
#7344=AXIS2_PLACEMENT_3D('',#10764,#8536,#8537);
#7345=AXIS2_PLACEMENT_3D('',#10771,#8541,#8542);
#7346=AXIS2_PLACEMENT_3D('',#10799,#8543,#8544);
#7347=AXIS2_PLACEMENT_3D('',#10800,#8545,#8546);
#7348=AXIS2_PLACEMENT_3D('',#10802,#8547,#8548);
#7349=AXIS2_PLACEMENT_3D('',#10864,#8549,#8550);
#7350=AXIS2_PLACEMENT_3D('',#10887,#8551,#8552);
#7351=AXIS2_PLACEMENT_3D('',#10893,#8556,#8557);
#7352=AXIS2_PLACEMENT_3D('',#10901,#8562,#8563);
#7353=AXIS2_PLACEMENT_3D('',#10903,#8564,#8565);
#7354=AXIS2_PLACEMENT_3D('',#10905,#8566,#8567);
#7355=AXIS2_PLACEMENT_3D('',#10910,#8570,#8571);
#7356=AXIS2_PLACEMENT_3D('',#10915,#8574,#8575);
#7357=AXIS2_PLACEMENT_3D('',#10922,#8576,#8577);
#7358=AXIS2_PLACEMENT_3D('',#10928,#8578,#8579);
#7359=AXIS2_PLACEMENT_3D('',#10932,#8582,#8583);
#7360=AXIS2_PLACEMENT_3D('',#10934,#8585,#8586);
#7361=AXIS2_PLACEMENT_3D('',#10937,#8588,#8589);
#7362=AXIS2_PLACEMENT_3D('',#10938,#8590,#8591);
#7363=AXIS2_PLACEMENT_3D('',#10943,#8594,#8595);
#7364=AXIS2_PLACEMENT_3D('',#10992,#8596,#8597);
#7365=AXIS2_PLACEMENT_3D('',#10993,#8598,#8599);
#7366=AXIS2_PLACEMENT_3D('',#10995,#8600,#8601);
#7367=AXIS2_PLACEMENT_3D('',#10996,#8602,#8603);
#7368=AXIS2_PLACEMENT_3D('',#10999,#8605,#8606);
#7369=AXIS2_PLACEMENT_3D('',#11002,#8608,#8609);
#7370=AXIS2_PLACEMENT_3D('',#11005,#8611,#8612);
#7371=AXIS2_PLACEMENT_3D('',#11006,#8613,#8614);
#7372=AXIS2_PLACEMENT_3D('',#11009,#8616,#8617);
#7373=AXIS2_PLACEMENT_3D('',#11010,#8618,#8619);
#7374=AXIS2_PLACEMENT_3D('',#11013,#8621,#8622);
#7375=AXIS2_PLACEMENT_3D('',#11017,#8625,#8626);
#7376=AXIS2_PLACEMENT_3D('',#11020,#8628,#8629);
#7377=AXIS2_PLACEMENT_3D('',#11021,#8630,#8631);
#7378=AXIS2_PLACEMENT_3D('',#11024,#8633,#8634);
#7379=AXIS2_PLACEMENT_3D('',#11026,#8636,#8637);
#7380=AXIS2_PLACEMENT_3D('',#11029,#8640,#8641);
#7381=AXIS2_PLACEMENT_3D('',#11031,#8643,#8644);
#7382=AXIS2_PLACEMENT_3D('',#11034,#8647,#8648);
#7383=AXIS2_PLACEMENT_3D('',#11036,#8650,#8651);
#7384=AXIS2_PLACEMENT_3D('',#11038,#8653,#8654);
#7385=AXIS2_PLACEMENT_3D('',#11041,#8657,#8658);
#7386=AXIS2_PLACEMENT_3D('',#11042,#8659,#8660);
#7387=AXIS2_PLACEMENT_3D('',#11043,#8661,#8662);
#7388=AXIS2_PLACEMENT_3D('',#11056,#8669,#8670);
#7389=AXIS2_PLACEMENT_3D('',#11059,#8672,#8673);
#7390=AXIS2_PLACEMENT_3D('',#11085,#8675,#8676);
#7391=AXIS2_PLACEMENT_3D('',#11089,#8678,#8679);
#7392=AXIS2_PLACEMENT_3D('',#11109,#8682,#8683);
#7393=AXIS2_PLACEMENT_3D('',#11110,#8684,#8685);
#7394=AXIS2_PLACEMENT_3D('',#11112,#8686,#8687);
#7395=AXIS2_PLACEMENT_3D('',#11113,#8688,#8689);
#7396=AXIS2_PLACEMENT_3D('',#11115,#8690,#8691);
#7397=AXIS2_PLACEMENT_3D('',#11121,#8692,#8693);
#7398=AXIS2_PLACEMENT_3D('',#11122,#8694,#8695);
#7399=AXIS2_PLACEMENT_3D('',#11123,#8696,#8697);
#7400=AXIS2_PLACEMENT_3D('',#11173,#8698,#8699);
#7401=AXIS2_PLACEMENT_3D('',#11174,#8700,#8701);
#7402=AXIS2_PLACEMENT_3D('',#11251,#8702,#8703);
#7403=AXIS2_PLACEMENT_3D('',#11254,#8705,#8706);
#7404=AXIS2_PLACEMENT_3D('',#11257,#8708,#8709);
#7405=AXIS2_PLACEMENT_3D('',#11262,#8713,#8714);
#7406=AXIS2_PLACEMENT_3D('',#11264,#8716,#8717);
#7407=AXIS2_PLACEMENT_3D('',#11268,#8720,#8721);
#7408=AXIS2_PLACEMENT_3D('',#11272,#8724,#8725);
#7409=AXIS2_PLACEMENT_3D('',#11276,#8728,#8729);
#7410=AXIS2_PLACEMENT_3D('',#11277,#8730,#8731);
#7411=AXIS2_PLACEMENT_3D('',#11278,#8732,#8733);
#7412=AXIS2_PLACEMENT_3D('',#11281,#8735,#8736);
#7413=AXIS2_PLACEMENT_3D('',#11282,#8737,#8738);
#7414=AXIS2_PLACEMENT_3D('',#11283,#8739,#8740);
#7415=AXIS2_PLACEMENT_3D('',#11286,#8742,#8743);
#7416=AXIS2_PLACEMENT_3D('',#11289,#8745,#8746);
#7417=AXIS2_PLACEMENT_3D('',#11293,#8749,#8750);
#7418=AXIS2_PLACEMENT_3D('',#11294,#8751,#8752);
#7419=AXIS2_PLACEMENT_3D('',#11296,#8754,#8755);
#7420=AXIS2_PLACEMENT_3D('',#11297,#8756,#8757);
#7421=AXIS2_PLACEMENT_3D('',#11303,#8761,#8762);
#7422=AXIS2_PLACEMENT_3D('',#11304,#8763,#8764);
#7423=AXIS2_PLACEMENT_3D('',#11307,#8766,#8767);
#7424=AXIS2_PLACEMENT_3D('',#11310,#8769,#8770);
#7425=AXIS2_PLACEMENT_3D('',#11311,#8771,#8772);
#7426=AXIS2_PLACEMENT_3D('',#11315,#8775,#8776);
#7427=AXIS2_PLACEMENT_3D('',#11319,#8779,#8780);
#7428=AXIS2_PLACEMENT_3D('',#11320,#8781,#8782);
#7429=AXIS2_PLACEMENT_3D('',#11323,#8784,#8785);
#7430=AXIS2_PLACEMENT_3D('',#11325,#8787,#8788);
#7431=AXIS2_PLACEMENT_3D('',#11326,#8789,#8790);
#7432=AXIS2_PLACEMENT_3D('',#11329,#8792,#8793);
#7433=AXIS2_PLACEMENT_3D('',#11333,#8796,#8797);
#7434=AXIS2_PLACEMENT_3D('',#11334,#8798,#8799);
#7435=AXIS2_PLACEMENT_3D('',#11337,#8801,#8802);
#7436=AXIS2_PLACEMENT_3D('',#11338,#8803,#8804);
#7437=AXIS2_PLACEMENT_3D('',#11340,#8805,#8806);
#7438=AXIS2_PLACEMENT_3D('',#11343,#8808,#8809);
#7439=AXIS2_PLACEMENT_3D('',#11347,#8812,#8813);
#7440=AXIS2_PLACEMENT_3D('',#11351,#8816,#8817);
#7441=AXIS2_PLACEMENT_3D('',#11359,#8821,#8822);
#7442=AXIS2_PLACEMENT_3D('',#11363,#8824,#8825);
#7443=AXIS2_PLACEMENT_3D('',#11372,#8830,#8831);
#7444=AXIS2_PLACEMENT_3D('',#11376,#8833,#8834);
#7445=AXIS2_PLACEMENT_3D('',#11385,#8839,#8840);
#7446=AXIS2_PLACEMENT_3D('',#11391,#8843,#8844);
#7447=AXIS2_PLACEMENT_3D('',#11395,#8846,#8847);
#7448=AXIS2_PLACEMENT_3D('',#11396,#8848,#8849);
#7449=AXIS2_PLACEMENT_3D('',#11399,#8852,#8853);
#7450=AXIS2_PLACEMENT_3D('',#11402,#8856,#8857);
#7451=AXIS2_PLACEMENT_3D('',#11403,#8858,#8859);
#7452=AXIS2_PLACEMENT_3D('',#11404,#8860,#8861);
#7453=AXIS2_PLACEMENT_3D('',#11409,#8864,#8865);
#7454=AXIS2_PLACEMENT_3D('',#11414,#8868,#8869);
#7455=AXIS2_PLACEMENT_3D('',#11415,#8870,#8871);
#7456=AXIS2_PLACEMENT_3D('',#11417,#8873,#8874);
#7457=AXIS2_PLACEMENT_3D('',#11419,#8876,#8877);
#7458=AXIS2_PLACEMENT_3D('',#11420,#8878,#8879);
#7459=AXIS2_PLACEMENT_3D('',#11423,#8881,#8882);
#7460=AXIS2_PLACEMENT_3D('',#11426,#8884,#8885);
#7461=AXIS2_PLACEMENT_3D('',#11427,#8886,#8887);
#7462=AXIS2_PLACEMENT_3D('',#11430,#8890,#8891);
#7463=AXIS2_PLACEMENT_3D('',#11431,#8892,#8893);
#7464=AXIS2_PLACEMENT_3D('',#11432,#8894,#8895);
#7465=AXIS2_PLACEMENT_3D('',#11435,#8897,#8898);
#7466=AXIS2_PLACEMENT_3D('',#11438,#8900,#8901);
#7467=AXIS2_PLACEMENT_3D('',#11441,#8903,#8904);
#7468=AXIS2_PLACEMENT_3D('',#11442,#8905,#8906);
#7469=AXIS2_PLACEMENT_3D('',#11445,#8908,#8909);
#7470=AXIS2_PLACEMENT_3D('',#11446,#8910,#8911);
#7471=AXIS2_PLACEMENT_3D('',#11449,#8913,#8914);
#7472=AXIS2_PLACEMENT_3D('',#11452,#8916,#8917);
#7473=AXIS2_PLACEMENT_3D('',#11453,#8918,#8919);
#7474=AXIS2_PLACEMENT_3D('',#11456,#8921,#8922);
#7475=AXIS2_PLACEMENT_3D('',#11458,#8924,#8925);
#7476=AXIS2_PLACEMENT_3D('',#11461,#8927,#8928);
#7477=AXIS2_PLACEMENT_3D('',#11464,#8930,#8931);
#7478=AXIS2_PLACEMENT_3D('',#11466,#8933,#8934);
#7479=AXIS2_PLACEMENT_3D('',#11469,#8936,#8937);
#7480=AXIS2_PLACEMENT_3D('',#11472,#8939,#8940);
#7481=AXIS2_PLACEMENT_3D('',#11474,#8942,#8943);
#7482=AXIS2_PLACEMENT_3D('',#11476,#8945,#8946);
#7483=AXIS2_PLACEMENT_3D('',#11483,#8950,#8951);
#7484=AXIS2_PLACEMENT_3D('',#11486,#8954,#8955);
#7485=AXIS2_PLACEMENT_3D('',#11488,#8957,#8958);
#7486=AXIS2_PLACEMENT_3D('',#11490,#8960,#8961);
#7487=AXIS2_PLACEMENT_3D('',#11493,#8964,#8965);
#7488=AXIS2_PLACEMENT_3D('',#11495,#8967,#8968);
#7489=AXIS2_PLACEMENT_3D('',#11497,#8970,#8971);
#7490=AXIS2_PLACEMENT_3D('',#11500,#8974,#8975);
#7491=AXIS2_PLACEMENT_3D('',#11501,#8976,#8977);
#7492=AXIS2_PLACEMENT_3D('',#11504,#8979,#8980);
#7493=AXIS2_PLACEMENT_3D('',#11507,#8983,#8984);
#7494=AXIS2_PLACEMENT_3D('',#11508,#8985,#8986);
#7495=AXIS2_PLACEMENT_3D('',#11509,#8987,#8988);
#7496=AXIS2_PLACEMENT_3D('',#11510,#8989,#8990);
#7497=AXIS2_PLACEMENT_3D('',#11513,#8992,#8993);
#7498=AXIS2_PLACEMENT_3D('',#11516,#8995,#8996);
#7499=AXIS2_PLACEMENT_3D('',#11517,#8997,#8998);
#7500=AXIS2_PLACEMENT_3D('',#11522,#9002,#9003);
#7501=AXIS2_PLACEMENT_3D('',#11535,#9005,#9006);
#7502=AXIS2_PLACEMENT_3D('',#11536,#9007,#9008);
#7503=AXIS2_PLACEMENT_3D('',#11540,#9011,#9012);
#7504=AXIS2_PLACEMENT_3D('',#11541,#9013,#9014);
#7505=AXIS2_PLACEMENT_3D('',#11543,#9016,#9017);
#7506=AXIS2_PLACEMENT_3D('',#11544,#9018,#9019);
#7507=AXIS2_PLACEMENT_3D('',#11547,#9021,#9022);
#7508=AXIS2_PLACEMENT_3D('',#11548,#9023,#9024);
#7509=AXIS2_PLACEMENT_3D('',#11550,#9025,#9026);
#7510=AXIS2_PLACEMENT_3D('',#11552,#9027,#9028);
#7511=AXIS2_PLACEMENT_3D('',#11554,#9029,#9030);
#7512=AXIS2_PLACEMENT_3D('',#11558,#9032,#9033);
#7513=AXIS2_PLACEMENT_3D('',#11561,#9035,#9036);
#7514=AXIS2_PLACEMENT_3D('',#11565,#9038,#9039);
#7515=AXIS2_PLACEMENT_3D('',#11566,#9040,#9041);
#7516=AXIS2_PLACEMENT_3D('',#11579,#9043,#9044);
#7517=AXIS2_PLACEMENT_3D('',#11582,#9046,#9047);
#7518=AXIS2_PLACEMENT_3D('',#11583,#9048,#9049);
#7519=AXIS2_PLACEMENT_3D('',#11584,#9050,#9051);
#7520=AXIS2_PLACEMENT_3D('',#11587,#9053,#9054);
#7521=AXIS2_PLACEMENT_3D('',#11592,#9055,#9056);
#7522=AXIS2_PLACEMENT_3D('',#11597,#9057,#9058);
#7523=AXIS2_PLACEMENT_3D('',#11598,#9059,#9060);
#7524=AXIS2_PLACEMENT_3D('',#11600,#9061,#9062);
#7525=AXIS2_PLACEMENT_3D('',#11602,#9063,#9064);
#7526=AXIS2_PLACEMENT_3D('',#11604,#9065,#9066);
#7527=AXIS2_PLACEMENT_3D('',#11608,#9068,#9069);
#7528=AXIS2_PLACEMENT_3D('',#11609,#9070,#9071);
#7529=AXIS2_PLACEMENT_3D('',#11610,#9072,#9073);
#7530=AXIS2_PLACEMENT_3D('',#11611,#9074,#9075);
#7531=AXIS2_PLACEMENT_3D('',#11613,#9077,#9078);
#7532=AXIS2_PLACEMENT_3D('',#11616,#9081,#9082);
#7533=AXIS2_PLACEMENT_3D('',#11619,#9085,#9086);
#7534=AXIS2_PLACEMENT_3D('',#11620,#9087,#9088);
#7535=AXIS2_PLACEMENT_3D('',#11621,#9089,#9090);
#7536=AXIS2_PLACEMENT_3D('',#11622,#9091,#9092);
#7537=AXIS2_PLACEMENT_3D('',#11623,#9093,#9094);
#7538=AXIS2_PLACEMENT_3D('',#11624,#9095,#9096);
#7539=AXIS2_PLACEMENT_3D('',#11625,#9097,#9098);
#7540=AXIS2_PLACEMENT_3D('',#11626,#9099,#9100);
#7541=AXIS2_PLACEMENT_3D('',#11627,#9101,#9102);
#7542=AXIS2_PLACEMENT_3D('',#11632,#9104,#9105);
#7543=AXIS2_PLACEMENT_3D('',#11634,#9106,#9107);
#7544=AXIS2_PLACEMENT_3D('',#11635,#9108,#9109);
#7545=AXIS2_PLACEMENT_3D('',#11636,#9110,#9111);
#7546=AXIS2_PLACEMENT_3D('',#11639,#9112,#9113);
#7547=AXIS2_PLACEMENT_3D('',#11641,#9114,#9115);
#7548=AXIS2_PLACEMENT_3D('',#11644,#9117,#9118);
#7549=AXIS2_PLACEMENT_3D('',#11647,#9121,#9122);
#7550=AXIS2_PLACEMENT_3D('',#11652,#9125,#9126);
#7551=AXIS2_PLACEMENT_3D('',#11653,#9127,#9128);
#7552=AXIS2_PLACEMENT_3D('',#11657,#9131,#9132);
#7553=AXIS2_PLACEMENT_3D('',#11660,#9134,#9135);
#7554=AXIS2_PLACEMENT_3D('',#11661,#9136,#9137);
#7555=AXIS2_PLACEMENT_3D('',#11668,#9142,#9143);
#7556=AXIS2_PLACEMENT_3D('',#11675,#9148,#9149);
#7557=AXIS2_PLACEMENT_3D('',#11677,#9151,#9152);
#7558=AXIS2_PLACEMENT_3D('',#11681,#9155,#9156);
#7559=AXIS2_PLACEMENT_3D('',#11685,#9159,#9160);
#7560=AXIS2_PLACEMENT_3D('',#11687,#9162,#9163);
#7561=AXIS2_PLACEMENT_3D('',#11689,#9165,#9166);
#7562=AXIS2_PLACEMENT_3D('',#11695,#9170,#9171);
#7563=AXIS2_PLACEMENT_3D('',#11701,#9174,#9175);
#7564=AXIS2_PLACEMENT_3D('',#11705,#9178,#9179);
#7565=AXIS2_PLACEMENT_3D('',#11706,#9180,#9181);
#7566=AXIS2_PLACEMENT_3D('',#11713,#9183,#9184);
#7567=AXIS2_PLACEMENT_3D('',#11714,#9185,#9186);
#7568=AXIS2_PLACEMENT_3D('',#11715,#9187,#9188);
#7569=AXIS2_PLACEMENT_3D('',#11718,#9191,#9192);
#7570=AXIS2_PLACEMENT_3D('',#11719,#9193,#9194);
#7571=AXIS2_PLACEMENT_3D('',#11722,#9196,#9197);
#7572=AXIS2_PLACEMENT_3D('',#11724,#9199,#9200);
#7573=AXIS2_PLACEMENT_3D('',#11725,#9201,#9202);
#7574=AXIS2_PLACEMENT_3D('',#11728,#9204,#9205);
#7575=AXIS2_PLACEMENT_3D('',#11731,#9207,#9208);
#7576=AXIS2_PLACEMENT_3D('',#11732,#9209,#9210);
#7577=AXIS2_PLACEMENT_3D('',#11737,#9211,#9212);
#7578=AXIS2_PLACEMENT_3D('',#11738,#9213,#9214);
#7579=AXIS2_PLACEMENT_3D('',#11739,#9215,#9216);
#7580=AXIS2_PLACEMENT_3D('',#11742,#9219,#9220);
#7581=AXIS2_PLACEMENT_3D('',#11748,#9223,#9224);
#7582=AXIS2_PLACEMENT_3D('',#11752,#9227,#9228);
#7583=AXIS2_PLACEMENT_3D('',#11753,#9229,#9230);
#7584=AXIS2_PLACEMENT_3D('',#11754,#9231,#9232);
#7585=AXIS2_PLACEMENT_3D('',#11763,#9237,#9238);
#7586=AXIS2_PLACEMENT_3D('',#11765,#9240,#9241);
#7587=AXIS2_PLACEMENT_3D('',#11766,#9242,#9243);
#7588=AXIS2_PLACEMENT_3D('',#11767,#9244,#9245);
#7589=AXIS2_PLACEMENT_3D('',#11769,#9247,#9248);
#7590=AXIS2_PLACEMENT_3D('',#11773,#9251,#9252);
#7591=AXIS2_PLACEMENT_3D('',#11775,#9254,#9255);
#7592=AXIS2_PLACEMENT_3D('',#11777,#9257,#9258);
#7593=AXIS2_PLACEMENT_3D('',#11778,#9259,#9260);
#7594=AXIS2_PLACEMENT_3D('',#11779,#9261,#9262);
#7595=AXIS2_PLACEMENT_3D('',#11785,#9263,#9264);
#7596=AXIS2_PLACEMENT_3D('',#11786,#9265,#9266);
#7597=AXIS2_PLACEMENT_3D('',#11787,#9267,#9268);
#7598=AXIS2_PLACEMENT_3D('',#11788,#9269,#9270);
#7599=AXIS2_PLACEMENT_3D('',#11789,#9271,#9272);
#7600=AXIS2_PLACEMENT_3D('',#11791,#9273,#9274);
#7601=AXIS2_PLACEMENT_3D('',#11793,#9276,#9277);
#7602=AXIS2_PLACEMENT_3D('',#11794,#9278,#9279);
#7603=AXIS2_PLACEMENT_3D('',#11796,#9280,#9281);
#7604=AXIS2_PLACEMENT_3D('',#11799,#9284,#9285);
#7605=AXIS2_PLACEMENT_3D('',#11801,#9287,#9288);
#7606=AXIS2_PLACEMENT_3D('',#11803,#9290,#9291);
#7607=AXIS2_PLACEMENT_3D('',#11805,#9293,#9294);
#7608=AXIS2_PLACEMENT_3D('',#11806,#9295,#9296);
#7609=AXIS2_PLACEMENT_3D('',#11807,#9297,#9298);
#7610=AXIS2_PLACEMENT_3D('',#11810,#9301,#9302);
#7611=AXIS2_PLACEMENT_3D('',#11813,#9305,#9306);
#7612=AXIS2_PLACEMENT_3D('',#11815,#9308,#9309);
#7613=AXIS2_PLACEMENT_3D('',#11818,#9312,#9313);
#7614=AXIS2_PLACEMENT_3D('',#11821,#9316,#9317);
#7615=AXIS2_PLACEMENT_3D('',#11822,#9318,#9319);
#7616=AXIS2_PLACEMENT_3D('',#11825,#9321,#9322);
#7617=AXIS2_PLACEMENT_3D('',#11826,#9323,#9324);
#7618=AXIS2_PLACEMENT_3D('',#11830,#9327,#9328);
#7619=AXIS2_PLACEMENT_3D('',#11831,#9329,#9330);
#7620=AXIS2_PLACEMENT_3D('',#11832,#9331,#9332);
#7621=AXIS2_PLACEMENT_3D('',#11833,#9333,#9334);
#7622=AXIS2_PLACEMENT_3D('',#11834,#9335,#9336);
#7623=AXIS2_PLACEMENT_3D('',#11835,#9337,#9338);
#7624=AXIS2_PLACEMENT_3D('',#11836,#9339,#9340);
#7625=AXIS2_PLACEMENT_3D('',#11837,#9341,#9342);
#7626=AXIS2_PLACEMENT_3D('',#11838,#9343,#9344);
#7627=AXIS2_PLACEMENT_3D('',#11841,#9346,#9347);
#7628=AXIS2_PLACEMENT_3D('',#11845,#9349,#9350);
#7629=AXIS2_PLACEMENT_3D('',#11848,#9352,#9353);
#7630=AXIS2_PLACEMENT_3D('',#11853,#9356,#9357);
#7631=AXIS2_PLACEMENT_3D('',#11854,#9358,#9359);
#7632=AXIS2_PLACEMENT_3D('',#11858,#9362,#9363);
#7633=AXIS2_PLACEMENT_3D('',#11861,#9365,#9366);
#7634=AXIS2_PLACEMENT_3D('',#11862,#9367,#9368);
#7635=AXIS2_PLACEMENT_3D('',#11866,#9371,#9372);
#7636=AXIS2_PLACEMENT_3D('',#11870,#9375,#9376);
#7637=AXIS2_PLACEMENT_3D('',#11871,#9377,#9378);
#7638=AXIS2_PLACEMENT_3D('',#11873,#9380,#9381);
#7639=AXIS2_PLACEMENT_3D('',#11875,#9383,#9384);
#7640=AXIS2_PLACEMENT_3D('',#11876,#9385,#9386);
#7641=AXIS2_PLACEMENT_3D('',#11877,#9387,#9388);
#7642=AXIS2_PLACEMENT_3D('',#11878,#9389,#9390);
#7643=AXIS2_PLACEMENT_3D('',#11879,#9391,#9392);
#7644=AXIS2_PLACEMENT_3D('',#11881,#9394,#9395);
#7645=AXIS2_PLACEMENT_3D('',#11883,#9397,#9398);
#7646=AXIS2_PLACEMENT_3D('',#11897,#9408,#9409);
#7647=AXIS2_PLACEMENT_3D('',#11898,#9410,#9411);
#7648=AXIS2_PLACEMENT_3D('',#11899,#9412,#9413);
#7649=AXIS2_PLACEMENT_3D('',#11902,#9415,#9416);
#7650=AXIS2_PLACEMENT_3D('',#11904,#9418,#9419);
#7651=AXIS2_PLACEMENT_3D('',#11906,#9421,#9422);
#7652=AXIS2_PLACEMENT_3D('',#11913,#9428,#9429);
#7653=AXIS2_PLACEMENT_3D('',#11914,#9430,#9431);
#7654=AXIS2_PLACEMENT_3D('',#11916,#9432,#9433);
#7655=AXIS2_PLACEMENT_3D('',#11918,#9434,#9435);
#7656=AXIS2_PLACEMENT_3D('',#11923,#9437,#9438);
#7657=AXIS2_PLACEMENT_3D('',#11924,#9439,#9440);
#7658=AXIS2_PLACEMENT_3D('',#11925,#9441,#9442);
#7659=AXIS2_PLACEMENT_3D('',#11929,#9445,#9446);
#7660=AXIS2_PLACEMENT_3D('',#11931,#9448,#9449);
#7661=AXIS2_PLACEMENT_3D('',#11932,#9450,#9451);
#7662=AXIS2_PLACEMENT_3D('',#11933,#9452,#9453);
#7663=AXIS2_PLACEMENT_3D('',#11934,#9454,#9455);
#7664=AXIS2_PLACEMENT_3D('',#11935,#9456,#9457);
#7665=AXIS2_PLACEMENT_3D('',#11936,#9458,#9459);
#7666=AXIS2_PLACEMENT_3D('',#11937,#9460,#9461);
#7667=AXIS2_PLACEMENT_3D('',#11938,#9462,#9463);
#7668=AXIS2_PLACEMENT_3D('',#11939,#9464,#9465);
#7669=AXIS2_PLACEMENT_3D('',#11940,#9466,#9467);
#7670=AXIS2_PLACEMENT_3D('',#11941,#9468,#9469);
#7671=AXIS2_PLACEMENT_3D('',#11942,#9470,#9471);
#7672=AXIS2_PLACEMENT_3D('',#11943,#9472,#9473);
#7673=AXIS2_PLACEMENT_3D('',#11944,#9474,#9475);
#7674=AXIS2_PLACEMENT_3D('',#11945,#9476,#9477);
#7675=AXIS2_PLACEMENT_3D('',#11946,#9478,#9479);
#7676=AXIS2_PLACEMENT_3D('',#11952,#9483,#9484);
#7677=AXIS2_PLACEMENT_3D('',#11956,#9487,#9488);
#7678=AXIS2_PLACEMENT_3D('',#11960,#9491,#9492);
#7679=AXIS2_PLACEMENT_3D('',#11962,#9494,#9495);
#7680=AXIS2_PLACEMENT_3D('',#11963,#9496,#9497);
#7681=AXIS2_PLACEMENT_3D('',#11969,#9501,#9502);
#7682=AXIS2_PLACEMENT_3D('',#11973,#9505,#9506);
#7683=AXIS2_PLACEMENT_3D('',#11977,#9509,#9510);
#7684=AXIS2_PLACEMENT_3D('',#11979,#9512,#9513);
#7685=AXIS2_PLACEMENT_3D('',#11980,#9514,#9515);
#7686=AXIS2_PLACEMENT_3D('',#11981,#9516,#9517);
#7687=AXIS2_PLACEMENT_3D('',#11983,#9518,#9519);
#7688=AXIS2_PLACEMENT_3D('',#11984,#9520,#9521);
#7689=AXIS2_PLACEMENT_3D('',#11985,#9522,#9523);
#7690=AXIS2_PLACEMENT_3D('',#11987,#9524,#9525);
#7691=AXIS2_PLACEMENT_3D('',#11988,#9526,#9527);
#7692=AXIS2_PLACEMENT_3D('',#11989,#9528,#9529);
#7693=AXIS2_PLACEMENT_3D('',#11991,#9530,#9531);
#7694=AXIS2_PLACEMENT_3D('',#11992,#9532,#9533);
#7695=AXIS2_PLACEMENT_3D('',#11993,#9534,#9535);
#7696=AXIS2_PLACEMENT_3D('',#11995,#9536,#9537);
#7697=AXIS2_PLACEMENT_3D('',#11996,#9538,#9539);
#7698=AXIS2_PLACEMENT_3D('',#11997,#9540,#9541);
#7699=AXIS2_PLACEMENT_3D('',#11999,#9543,#9544);
#7700=AXIS2_PLACEMENT_3D('',#12001,#9546,#9547);
#7701=AXIS2_PLACEMENT_3D('',#12002,#9548,#9549);
#7702=AXIS2_PLACEMENT_3D('',#12003,#9550,#9551);
#7703=AXIS2_PLACEMENT_3D('',#12004,#9552,#9553);
#7704=AXIS2_PLACEMENT_3D('',#12005,#9554,#9555);
#7705=AXIS2_PLACEMENT_3D('',#12006,#9556,#9557);
#7706=AXIS2_PLACEMENT_3D('',#12009,#9560,#9561);
#7707=AXIS2_PLACEMENT_3D('',#12011,#9563,#9564);
#7708=AXIS2_PLACEMENT_3D('',#12013,#9566,#9567);
#7709=AXIS2_PLACEMENT_3D('',#12015,#9569,#9570);
#7710=AXIS2_PLACEMENT_3D('',#12017,#9572,#9573);
#7711=AXIS2_PLACEMENT_3D('',#12018,#9574,#9575);
#7712=AXIS2_PLACEMENT_3D('',#12021,#9578,#9579);
#7713=AXIS2_PLACEMENT_3D('',#12023,#9581,#9582);
#7714=AXIS2_PLACEMENT_3D('',#12025,#9584,#9585);
#7715=AXIS2_PLACEMENT_3D('',#12027,#9587,#9588);
#7716=AXIS2_PLACEMENT_3D('',#12029,#9590,#9591);
#7717=AXIS2_PLACEMENT_3D('',#12030,#9592,#9593);
#7718=AXIS2_PLACEMENT_3D('',#12031,#9594,#9595);
#7719=AXIS2_PLACEMENT_3D('',#12033,#9596,#9597);
#7720=AXIS2_PLACEMENT_3D('',#12035,#9598,#9599);
#7721=AXIS2_PLACEMENT_3D('',#12040,#9601,#9602);
#7722=AXIS2_PLACEMENT_3D('',#12041,#9603,#9604);
#7723=AXIS2_PLACEMENT_3D('',#12042,#9605,#9606);
#7724=AXIS2_PLACEMENT_3D('',#12045,#9609,#9610);
#7725=AXIS2_PLACEMENT_3D('',#12046,#9611,#9612);
#7726=AXIS2_PLACEMENT_3D('',#12047,#9613,#9614);
#7727=AXIS2_PLACEMENT_3D('',#12048,#9615,#9616);
#7728=AXIS2_PLACEMENT_3D('',#12049,#9617,#9618);
#7729=AXIS2_PLACEMENT_3D('',#12051,#9620,#9621);
#7730=AXIS2_PLACEMENT_3D('',#12054,#9624,#9625);
#7731=AXIS2_PLACEMENT_3D('',#12055,#9626,#9627);
#7732=AXIS2_PLACEMENT_3D('',#12056,#9628,#9629);
#7733=AXIS2_PLACEMENT_3D('',#12057,#9630,#9631);
#7734=AXIS2_PLACEMENT_3D('',#12058,#9632,#9633);
#7735=AXIS2_PLACEMENT_3D('',#12059,#9634,#9635);
#7736=AXIS2_PLACEMENT_3D('',#12060,#9636,#9637);
#7737=AXIS2_PLACEMENT_3D('',#12061,#9638,#9639);
#7738=AXIS2_PLACEMENT_3D('',#12062,#9640,#9641);
#7739=AXIS2_PLACEMENT_3D('',#12064,#9643,#9644);
#7740=AXIS2_PLACEMENT_3D('',#12066,#9646,#9647);
#7741=AXIS2_PLACEMENT_3D('',#12068,#9649,#9650);
#7742=AXIS2_PLACEMENT_3D('',#12070,#9652,#9653);
#7743=AXIS2_PLACEMENT_3D('',#12072,#9655,#9656);
#7744=AXIS2_PLACEMENT_3D('',#12074,#9658,#9659);
#7745=AXIS2_PLACEMENT_3D('',#12075,#9660,#9661);
#7746=AXIS2_PLACEMENT_3D('',#12077,#9663,#9664);
#7747=AXIS2_PLACEMENT_3D('',#12079,#9666,#9667);
#7748=AXIS2_PLACEMENT_3D('',#12081,#9669,#9670);
#7749=AXIS2_PLACEMENT_3D('',#12083,#9672,#9673);
#7750=AXIS2_PLACEMENT_3D('',#12085,#9675,#9676);
#7751=AXIS2_PLACEMENT_3D('',#12087,#9678,#9679);
#7752=AXIS2_PLACEMENT_3D('',#12088,#9680,#9681);
#7753=AXIS2_PLACEMENT_3D('',#12089,#9682,#9683);
#7754=AXIS2_PLACEMENT_3D('',#12090,#9684,#9685);
#7755=AXIS2_PLACEMENT_3D('',#12091,#9686,#9687);
#7756=AXIS2_PLACEMENT_3D('',#12092,#9688,#9689);
#7757=AXIS2_PLACEMENT_3D('',#12096,#9692,#9693);
#7758=AXIS2_PLACEMENT_3D('',#12098,#9695,#9696);
#7759=AXIS2_PLACEMENT_3D('',#12100,#9698,#9699);
#7760=AXIS2_PLACEMENT_3D('',#12102,#9701,#9702);
#7761=AXIS2_PLACEMENT_3D('',#12104,#9704,#9705);
#7762=AXIS2_PLACEMENT_3D('',#12106,#9707,#9708);
#7763=AXIS2_PLACEMENT_3D('',#12108,#9710,#9711);
#7764=AXIS2_PLACEMENT_3D('',#12109,#9712,#9713);
#7765=AXIS2_PLACEMENT_3D('',#12113,#9716,#9717);
#7766=AXIS2_PLACEMENT_3D('',#12115,#9719,#9720);
#7767=AXIS2_PLACEMENT_3D('',#12117,#9722,#9723);
#7768=AXIS2_PLACEMENT_3D('',#12119,#9725,#9726);
#7769=AXIS2_PLACEMENT_3D('',#12121,#9728,#9729);
#7770=AXIS2_PLACEMENT_3D('',#12123,#9731,#9732);
#7771=AXIS2_PLACEMENT_3D('',#12125,#9734,#9735);
#7772=AXIS2_PLACEMENT_3D('',#12126,#9736,#9737);
#7773=AXIS2_PLACEMENT_3D('',#12127,#9738,#9739);
#7774=DIRECTION('',(0.,0.,1.));
#7775=DIRECTION('',(1.,0.,0.));
#7776=DIRECTION('',(1.,0.,0.));
#7777=DIRECTION('',(0.,0.,-1.));
#7778=DIRECTION('',(0.,0.,-1.));
#7779=DIRECTION('',(0.,-1.,0.));
#7780=DIRECTION('',(0.,-0.707106781186548,-0.707106781186548));
#7781=DIRECTION('',(0.,1.,0.));
#7782=DIRECTION('',(1.,0.,0.));
#7783=DIRECTION('',(0.,0.,-1.));
#7784=DIRECTION('',(0.,-1.,0.));
#7785=DIRECTION('',(0.,0.,-1.));
#7786=DIRECTION('',(0.,-1.,0.));
#7787=DIRECTION('',(0.,-0.707106781186548,-0.707106781186548));
#7788=DIRECTION('',(0.,-0.707106781186548,0.707106781186548));
#7789=DIRECTION('',(0.,-0.707106781186548,-0.707106781186548));
#7790=DIRECTION('',(-1.,0.,0.));
#7791=DIRECTION('',(1.,0.,0.));
#7792=DIRECTION('',(0.,-1.,0.));
#7793=DIRECTION('',(0.,0.,-1.));
#7794=DIRECTION('',(-1.,0.,0.));
#7795=DIRECTION('',(1.,0.,0.));
#7796=DIRECTION('',(0.,0.,-1.));
#7797=DIRECTION('',(1.,0.,0.));
#7798=DIRECTION('',(0.,0.,-1.));
#7799=DIRECTION('',(1.,0.,0.));
#7800=DIRECTION('',(0.,0.,-1.));
#7801=DIRECTION('',(-1.,0.,0.));
#7802=DIRECTION('',(0.,0.,-1.));
#7803=DIRECTION('',(-1.,0.,0.));
#7804=DIRECTION('',(0.,0.,-1.));
#7805=DIRECTION('',(-1.,0.,0.));
#7806=DIRECTION('',(0.,0.,-1.));
#7807=DIRECTION('',(1.,0.,0.));
#7808=DIRECTION('',(1.,0.,0.));
#7809=DIRECTION('',(0.,0.,-1.));
#7810=DIRECTION('',(1.,0.,0.));
#7811=DIRECTION('',(0.,0.,-1.));
#7812=DIRECTION('',(0.,-1.,-9.22294648061002E-14));
#7813=DIRECTION('',(0.,0.,-1.));
#7814=DIRECTION('',(0.,1.,0.));
#7815=DIRECTION('',(1.,0.,0.));
#7816=DIRECTION('',(0.,0.,-1.));
#7817=DIRECTION('',(-1.,0.,0.));
#7818=DIRECTION('',(1.,0.,0.));
#7819=DIRECTION('',(1.,0.,0.));
#7820=DIRECTION('',(0.,0.,-1.));
#7821=DIRECTION('',(1.,0.,0.));
#7822=DIRECTION('',(0.,0.,-1.));
#7823=DIRECTION('',(0.,-1.,-9.22294648061002E-14));
#7824=DIRECTION('',(0.,-1.,0.));
#7825=DIRECTION('',(0.,0.,-1.));
#7826=DIRECTION('',(1.,0.,0.));
#7827=DIRECTION('',(0.,0.,-1.));
#7828=DIRECTION('',(0.,0.707106781186548,-0.707106781186547));
#7829=DIRECTION('',(0.,-1.,-4.33680868994202E-16));
#7830=DIRECTION('',(0.,0.,-1.));
#7831=DIRECTION('',(0.,1.,-2.32848788721719E-16));
#7832=DIRECTION('',(0.,1.,0.));
#7833=DIRECTION('',(0.,0.,1.));
#7834=DIRECTION('',(1.,0.,0.));
#7835=DIRECTION('',(0.,0.,-1.));
#7836=DIRECTION('',(1.,0.,0.));
#7837=DIRECTION('',(0.,0.,1.));
#7838=DIRECTION('',(1.,0.,0.));
#7839=DIRECTION('',(0.,0.,-1.));
#7840=DIRECTION('',(-1.,0.,0.));
#7841=DIRECTION('',(0.,0.,-1.));
#7842=DIRECTION('',(1.,0.,0.));
#7843=DIRECTION('',(0.,0.,-1.));
#7844=DIRECTION('',(1.,0.,0.));
#7845=DIRECTION('',(0.,0.,-1.));
#7846=DIRECTION('',(1.,0.,0.));
#7847=DIRECTION('',(0.,0.,-1.));
#7848=DIRECTION('',(-1.,8.67361737988391E-16,-2.01964130074162E-31));
#7849=DIRECTION('',(1.,0.,0.));
#7850=DIRECTION('',(0.,0.,-1.));
#7851=DIRECTION('',(0.,-1.,4.77048955893622E-15));
#7852=DIRECTION('',(0.,0.,-1.));
#7853=DIRECTION('',(0.,1.,-2.32848788721719E-16));
#7854=DIRECTION('',(1.,0.,0.));
#7855=DIRECTION('',(0.,0.,-1.));
#7856=DIRECTION('',(0.,1.,0.));
#7857=DIRECTION('',(0.,0.,1.));
#7858=DIRECTION('',(1.,0.,0.));
#7859=DIRECTION('',(0.,0.,-1.));
#7860=DIRECTION('',(1.,0.,0.));
#7861=DIRECTION('',(0.,0.,-1.));
#7862=DIRECTION('',(1.,0.,0.));
#7863=DIRECTION('',(0.,0.,-1.));
#7864=DIRECTION('',(-1.,0.,0.));
#7865=DIRECTION('',(0.,0.,-1.));
#7866=DIRECTION('',(1.,0.,0.));
#7867=DIRECTION('',(0.,0.,-1.));
#7868=DIRECTION('',(-1.,0.,0.));
#7869=DIRECTION('',(0.,0.,-1.));
#7870=DIRECTION('',(1.,0.,0.));
#7871=DIRECTION('',(0.,0.,1.));
#7872=DIRECTION('',(-1.,0.,0.));
#7873=DIRECTION('',(1.,0.,0.));
#7874=DIRECTION('',(0.,0.,-1.));
#7875=DIRECTION('',(1.,0.,0.));
#7876=DIRECTION('',(-1.,0.,0.));
#7877=DIRECTION('',(1.,0.,0.));
#7878=DIRECTION('',(0.,0.,-1.));
#7879=DIRECTION('',(0.,0.,1.));
#7880=DIRECTION('',(1.,0.,0.));
#7881=DIRECTION('',(0.,1.,0.));
#7882=DIRECTION('',(-0.481918749772156,0.876215908676647,0.));
#7883=DIRECTION('',(0.,0.,1.));
#7884=DIRECTION('',(1.,0.,0.));
#7885=DIRECTION('',(0.,0.,1.));
#7886=DIRECTION('',(1.,0.,0.));
#7887=DIRECTION('',(0.,0.,1.));
#7888=DIRECTION('',(1.,0.,0.));
#7889=DIRECTION('',(-0.624695047554424,0.78086880944303,0.));
#7890=DIRECTION('',(0.,0.,1.));
#7891=DIRECTION('',(1.,0.,0.));
#7892=DIRECTION('',(-1.,0.,0.));
#7893=DIRECTION('',(0.,1.,0.));
#7894=DIRECTION('',(-1.,0.,0.));
#7895=DIRECTION('',(1.,0.,0.));
#7896=DIRECTION('',(-1.3695185336659E-16,1.,0.));
#7897=DIRECTION('',(1.3695185336659E-16,-1.,0.));
#7898=DIRECTION('',(1.,0.,0.));
#7899=DIRECTION('',(0.,1.,0.));
#7900=DIRECTION('',(0.,0.,1.));
#7901=DIRECTION('',(1.,0.,0.));
#7902=DIRECTION('',(1.,0.,0.));
#7903=DIRECTION('',(0.,0.,1.));
#7904=DIRECTION('',(1.,0.,0.));
#7905=DIRECTION('',(4.33680868994202E-16,-1.,0.));
#7906=DIRECTION('',(0.,0.,1.));
#7907=DIRECTION('',(1.,0.,0.));
#7908=DIRECTION('',(1.,2.64843278775085E-16,0.));
#7909=DIRECTION('',(0.,0.,1.));
#7910=DIRECTION('',(1.,0.,0.));
#7911=DIRECTION('',(0.,1.,0.));
#7912=DIRECTION('',(0.,0.,1.));
#7913=DIRECTION('',(1.,0.,0.));
#7914=DIRECTION('',(-1.,0.,0.));
#7915=DIRECTION('',(1.3695185336659E-16,-1.,0.));
#7916=DIRECTION('',(1.,0.,0.));
#7917=DIRECTION('',(1.3695185336659E-16,-1.,0.));
#7918=DIRECTION('',(-1.3695185336659E-16,1.,0.));
#7919=DIRECTION('',(1.,0.,0.));
#7920=DIRECTION('',(-1.,0.,0.));
#7921=DIRECTION('',(0.,-1.,0.));
#7922=DIRECTION('',(-1.,0.,0.));
#7923=DIRECTION('',(0.,0.,1.));
#7924=DIRECTION('',(1.,0.,0.));
#7925=DIRECTION('',(-0.624695047554424,-0.78086880944303,0.));
#7926=DIRECTION('',(0.,0.,1.));
#7927=DIRECTION('',(1.,0.,0.));
#7928=DIRECTION('',(0.,0.,1.));
#7929=DIRECTION('',(1.,0.,0.));
#7930=DIRECTION('',(0.,0.,1.));
#7931=DIRECTION('',(1.,0.,0.));
#7932=DIRECTION('',(-0.481918749772156,-0.876215908676647,0.));
#7933=DIRECTION('',(0.,1.,0.));
#7934=DIRECTION('',(0.196116135138184,-0.98058067569092,0.));
#7935=DIRECTION('',(0.,0.,1.));
#7936=DIRECTION('',(1.,0.,0.));
#7937=DIRECTION('',(0.,1.,0.));
#7938=DIRECTION('',(0.,0.,1.));
#7939=DIRECTION('',(1.,0.,0.));
#7940=DIRECTION('',(-1.,0.,0.));
#7941=DIRECTION('',(0.,0.,1.));
#7942=DIRECTION('',(1.,0.,0.));
#7943=DIRECTION('',(0.,1.,0.));
#7944=DIRECTION('',(0.,1.,0.));
#7945=DIRECTION('',(0.,1.,0.));
#7946=DIRECTION('',(0.650323379301009,0.759657490145734,0.));
#7947=DIRECTION('',(0.,0.,1.));
#7948=DIRECTION('',(1.,0.,0.));
#7949=DIRECTION('',(-0.999999050721693,0.00137788087747471,0.));
#7950=DIRECTION('',(0.,0.,1.));
#7951=DIRECTION('',(1.,0.,0.));
#7952=DIRECTION('',(-0.649438785686876,0.76041387654721,0.));
#7953=DIRECTION('',(0.,0.,1.));
#7954=DIRECTION('',(1.,0.,0.));
#7955=DIRECTION('',(0.,0.,1.));
#7956=DIRECTION('',(1.,0.,0.));
#7957=DIRECTION('',(0.,0.,1.));
#7958=DIRECTION('',(1.,0.,0.));
#7959=DIRECTION('',(0.,0.,1.));
#7960=DIRECTION('',(1.,0.,0.));
#7961=DIRECTION('',(1.,0.,0.));
#7962=DIRECTION('',(0.,0.,1.));
#7963=DIRECTION('',(1.,0.,0.));
#7964=DIRECTION('',(0.,0.,1.));
#7965=DIRECTION('',(1.,0.,0.));
#7966=DIRECTION('',(0.,0.,1.));
#7967=DIRECTION('',(1.,0.,0.));
#7968=DIRECTION('',(0.,0.,1.));
#7969=DIRECTION('',(1.,0.,0.));
#7970=DIRECTION('',(0.651289908467204,0.758829002561698,0.));
#7971=DIRECTION('',(0.,0.,1.));
#7972=DIRECTION('',(1.,0.,0.));
#7973=DIRECTION('',(1.,0.,0.));
#7974=DIRECTION('',(0.,0.,1.));
#7975=DIRECTION('',(1.,0.,0.));
#7976=DIRECTION('',(-0.648474188515343,0.7612366431205,0.));
#7977=DIRECTION('',(0.999999050721693,-0.00137788087747491,0.));
#7978=DIRECTION('',(0.,1.,0.));
#7979=DIRECTION('',(-1.,0.,0.));
#7980=DIRECTION('',(0.,1.,0.));
#7981=DIRECTION('',(0.,1.,0.));
#7982=DIRECTION('',(0.,0.,1.));
#7983=DIRECTION('',(1.,0.,0.));
#7984=DIRECTION('',(-1.,0.,0.));
#7985=DIRECTION('',(0.,0.,1.));
#7986=DIRECTION('',(1.,0.,0.));
#7987=DIRECTION('',(0.,1.,0.));
#7988=DIRECTION('',(0.,0.,1.));
#7989=DIRECTION('',(1.,0.,0.));
#7990=DIRECTION('',(0.196116135138184,0.98058067569092,0.));
#7991=DIRECTION('',(0.,0.,1.));
#7992=DIRECTION('',(1.,0.,0.));
#7993=DIRECTION('',(0.,0.,1.));
#7994=DIRECTION('',(1.,0.,0.));
#7995=DIRECTION('',(-1.,0.,0.));
#7996=DIRECTION('',(0.,0.,1.));
#7997=DIRECTION('',(1.,0.,0.));
#7998=DIRECTION('',(0.,1.,0.));
#7999=DIRECTION('',(0.,0.,1.));
#8000=DIRECTION('',(1.,0.,0.));
#8001=DIRECTION('',(1.,0.,0.));
#8002=DIRECTION('',(0.,0.,1.));
#8003=DIRECTION('',(1.,0.,0.));
#8004=DIRECTION('',(0.,0.,1.));
#8005=DIRECTION('',(1.,0.,0.));
#8006=DIRECTION('',(0.,0.,1.));
#8007=DIRECTION('',(1.,0.,0.));
#8008=DIRECTION('',(0.,-1.,0.));
#8009=DIRECTION('',(1.,0.,0.));
#8010=DIRECTION('',(0.,0.,-1.));
#8011=DIRECTION('',(0.,0.,-1.));
#8012=DIRECTION('',(0.,1.,0.));
#8013=DIRECTION('',(1.,0.,0.));
#8014=DIRECTION('',(0.,0.,-1.));
#8015=DIRECTION('',(0.,1.83971884551675E-16,-1.));
#8016=DIRECTION('',(0.,-1.,0.));
#8017=DIRECTION('',(1.,0.,0.));
#8018=DIRECTION('',(0.,0.,-1.));
#8019=DIRECTION('',(0.,-0.707106781186548,-0.707106781186548));
#8020=DIRECTION('',(0.,1.,0.));
#8021=DIRECTION('',(0.,-1.,0.));
#8022=DIRECTION('',(0.,0.,-1.));
#8023=DIRECTION('',(1.,0.,0.));
#8024=DIRECTION('',(0.,0.,-1.));
#8025=DIRECTION('',(0.,-1.,0.));
#8026=DIRECTION('',(0.,0.707106781186548,0.707106781186548));
#8027=DIRECTION('',(0.,0.,-1.));
#8028=DIRECTION('',(0.,-1.,0.));
#8029=DIRECTION('',(1.,0.,0.));
#8030=DIRECTION('',(0.,0.,-1.));
#8031=DIRECTION('',(0.,-1.,0.));
#8032=DIRECTION('',(0.,1.,0.));
#8033=DIRECTION('',(0.,0.,1.));
#8034=DIRECTION('',(0.,0.707106781186548,0.707106781186548));
#8035=DIRECTION('',(0.,2.32848788721719E-16,1.));
#8036=DIRECTION('',(0.,-1.,2.32848788721719E-16));
#8037=DIRECTION('',(0.,-1.,2.32848788721719E-16));
#8038=DIRECTION('',(0.,1.,-2.32848788721719E-16));
#8039=DIRECTION('',(-1.,0.,0.));
#8040=DIRECTION('',(0.,-1.,2.32848788721719E-16));
#8041=DIRECTION('',(-1.,0.,0.));
#8042=DIRECTION('',(0.,-1.,2.32848788721719E-16));
#8043=DIRECTION('',(0.,-1.,2.32848788721719E-16));
#8044=DIRECTION('',(-1.,0.,0.));
#8045=DIRECTION('',(0.,-1.,2.32848788721719E-16));
#8046=DIRECTION('',(-1.,0.,0.));
#8047=DIRECTION('',(0.,-1.,2.32848788721719E-16));
#8048=DIRECTION('',(0.,-1.,2.32848788721719E-16));
#8049=DIRECTION('',(-1.,0.,0.));
#8050=DIRECTION('',(0.,-1.,2.32848788721719E-16));
#8051=DIRECTION('',(0.,1.,-2.32848788721719E-16));
#8052=DIRECTION('',(1.,0.,0.));
#8053=DIRECTION('',(0.,0.,-1.));
#8054=DIRECTION('',(0.,1.,-4.77048955893622E-15));
#8055=DIRECTION('',(1.,0.,0.));
#8056=DIRECTION('',(0.,0.,-1.));
#8057=DIRECTION('',(0.,1.,4.33680868994202E-16));
#8058=DIRECTION('',(0.,-0.707106781186548,0.707106781186547));
#8059=DIRECTION('',(1.,0.,0.));
#8060=DIRECTION('',(0.,0.,-1.));
#8061=DIRECTION('',(1.,0.,0.));
#8062=DIRECTION('',(0.,0.,-1.));
#8063=DIRECTION('',(0.,0.,-1.));
#8064=DIRECTION('',(0.,1.,0.));
#8065=DIRECTION('',(1.,0.,0.));
#8066=DIRECTION('',(0.,0.,-1.));
#8067=DIRECTION('',(0.,1.,0.));
#8068=DIRECTION('',(0.,0.,-1.));
#8069=DIRECTION('',(1.,0.,0.));
#8070=DIRECTION('',(0.,0.,-1.));
#8071=DIRECTION('',(1.,0.,0.));
#8072=DIRECTION('',(0.,0.,-1.));
#8073=DIRECTION('',(1.,0.,0.));
#8074=DIRECTION('',(0.,0.,-1.));
#8075=DIRECTION('',(0.,0.,1.));
#8076=DIRECTION('',(0.,-1.,0.));
#8077=DIRECTION('',(0.00137788087747673,0.999999050721693,0.));
#8078=DIRECTION('',(-0.999999050721693,0.00137788087747673,0.));
#8079=DIRECTION('',(-0.707106109945421,0.000974308912131065,0.707106781186547));
#8080=DIRECTION('',(0.,0.,1.));
#8081=DIRECTION('',(0.707106109945419,-0.000974308912131062,0.707106781186549));
#8082=DIRECTION('',(0.999999050721693,-0.00137788087747673,1.22149794161214E-15));
#8083=DIRECTION('',(0.707106109945421,-0.000974308912131065,-0.707106781186547));
#8084=DIRECTION('',(1.39599499717742E-15,-1.92351663761657E-18,-1.));
#8085=DIRECTION('',(-0.707106109945419,0.000974308912131063,-0.707106781186548));
#8086=DIRECTION('',(-0.999999050721693,0.00137788087747673,-1.39599764755674E-15));
#8087=DIRECTION('',(0.70710610994542,-0.000974308912131064,-0.707106781186548));
#8088=DIRECTION('',(0.,0.,-1.));
#8089=DIRECTION('',(-0.70710610994542,0.000974308912131064,-0.707106781186547));
#8090=DIRECTION('',(-0.999999050721693,0.00137788087747673,0.));
#8091=DIRECTION('',(-0.707106109945419,0.000974308912131063,0.707106781186548));
#8092=DIRECTION('',(0.,0.,1.));
#8093=DIRECTION('',(0.70710610994542,-0.000974308912131064,0.707106781186548));
#8094=DIRECTION('',(0.999999050721693,-0.00137788087747673,0.));
#8095=DIRECTION('',(0.00137788087747673,0.999999050721693,0.));
#8096=DIRECTION('',(-0.999999050721693,0.00137788087747673,0.));
#8097=DIRECTION('',(0.999999050721693,-0.00137788087747673,0.));
#8098=DIRECTION('',(0.,0.,1.));
#8099=DIRECTION('',(0.00137788087747673,0.999999050721693,0.));
#8100=DIRECTION('',(-0.999999050721693,0.00137788087747673,0.));
#8101=DIRECTION('',(-0.999999050721693,0.00137788087747673,0.));
#8102=DIRECTION('',(-2.01711649128795E-16,2.77934887936422E-19,-1.));
#8103=DIRECTION('',(-0.00137788087747673,-0.999999050721693,0.));
#8104=DIRECTION('',(0.999999050721693,-0.00137788087747673,0.));
#8105=DIRECTION('',(0.,0.,1.));
#8106=DIRECTION('',(-0.999999050721693,0.00137788087747673,0.));
#8107=DIRECTION('',(0.,0.,1.));
#8108=DIRECTION('',(-0.999999050721693,0.00137788087747673,0.));
#8109=DIRECTION('',(-0.00137788087747673,-0.999999050721693,0.));
#8110=DIRECTION('',(0.999999050721693,-0.00137788087747673,0.));
#8111=DIRECTION('',(0.,0.,-1.));
#8112=DIRECTION('',(0.999999050721693,-0.00137788087747673,0.));
#8113=DIRECTION('',(0.00137788087747673,0.999999050721693,0.));
#8114=DIRECTION('',(-0.999999050721693,0.00137788087747673,0.));
#8115=DIRECTION('',(-2.01711649128795E-16,2.77934887936422E-19,-1.));
#8116=DIRECTION('',(-0.999999050721693,0.00137788087747673,0.));
#8117=DIRECTION('',(0.00137788087747673,0.999999050721693,0.));
#8118=DIRECTION('',(-0.999999050721693,0.00137788087747673,0.));
#8119=DIRECTION('',(-0.00137788087747673,-0.999999050721693,0.));
#8120=DIRECTION('',(0.999999050721693,-0.00137788087747673,0.));
#8121=DIRECTION('',(-0.00137788087747673,-0.999999050721693,0.));
#8122=DIRECTION('',(0.999999050721693,-0.00137788087747673,0.));
#8123=DIRECTION('',(2.01711649128795E-16,-2.77934887936422E-19,1.));
#8124=DIRECTION('',(0.999999050721693,-0.00137788087747673,0.));
#8125=DIRECTION('',(-0.00137788087747673,-0.999999050721693,0.));
#8126=DIRECTION('',(0.999999050721693,-0.00137788087747673,0.));
#8127=DIRECTION('',(0.,0.,-1.));
#8128=DIRECTION('',(-0.999999050721693,0.00137788087747673,0.));
#8129=DIRECTION('',(-0.00137788087747673,-0.999999050721693,0.));
#8130=DIRECTION('',(0.999999050721693,-0.00137788087747673,0.));
#8131=DIRECTION('',(0.999999050721693,-0.00137788087747673,1.13529023296911E-16));
#8132=DIRECTION('',(-0.00137788087747673,-0.999999050721693,0.));
#8133=DIRECTION('',(0.999999050721693,-0.00137788087747673,0.));
#8134=DIRECTION('',(0.,0.,-1.));
#8135=DIRECTION('',(-0.00137788087747673,-0.999999050721693,0.));
#8136=DIRECTION('',(0.999999050721693,-0.00137788087747673,0.));
#8137=DIRECTION('',(-0.999999050721693,0.00137788087747673,0.));
#8138=DIRECTION('',(-0.00137788087747673,-0.999999050721693,0.));
#8139=DIRECTION('',(0.999999050721693,-0.00137788087747673,0.));
#8140=DIRECTION('',(0.,0.,1.));
#8141=DIRECTION('',(-0.00137788087747673,-0.999999050721693,0.));
#8142=DIRECTION('',(0.999999050721693,-0.00137788087747673,0.));
#8143=DIRECTION('',(-0.00137788087747673,-0.999999050721693,0.));
#8144=DIRECTION('',(0.999999050721693,-0.00137788087747673,0.));
#8145=DIRECTION('',(-0.00137788087747673,-0.999999050721693,0.));
#8146=DIRECTION('',(0.999999050721693,-0.00137788087747673,0.));
#8147=DIRECTION('',(-0.999999050721693,0.00137788087747673,0.));
#8148=DIRECTION('',(0.,0.,1.));
#8149=DIRECTION('',(-0.00137788087747673,-0.999999050721693,0.));
#8150=DIRECTION('',(0.999999050721693,-0.00137788087747673,0.));
#8151=DIRECTION('',(0.999999050721693,-0.00137788087747673,0.));
#8152=DIRECTION('',(2.01711649128795E-16,-2.77934887936422E-19,1.));
#8153=DIRECTION('',(0.,0.,1.));
#8154=DIRECTION('',(1.,0.,0.));
#8155=DIRECTION('',(0.,0.,1.));
#8156=DIRECTION('',(1.,0.,0.));
#8157=DIRECTION('',(0.,0.,1.));
#8158=DIRECTION('',(1.,0.,0.));
#8159=DIRECTION('',(-0.00137788087747673,-0.999999050721693,0.));
#8160=DIRECTION('',(0.,0.,1.));
#8161=DIRECTION('',(1.,0.,0.));
#8162=DIRECTION('',(0.196116135138184,0.98058067569092,0.));
#8163=DIRECTION('',(0.,1.,0.));
#8164=DIRECTION('',(0.,0.,1.));
#8165=DIRECTION('',(1.,0.,0.));
#8166=DIRECTION('',(-0.481918749772156,0.876215908676647,0.));
#8167=DIRECTION('',(-0.55470019622523,0.832050294337843,0.));
#8168=DIRECTION('',(-1.,0.,0.));
#8169=DIRECTION('',(0.624695047554424,-0.78086880944303,0.));
#8170=DIRECTION('',(0.,0.,1.));
#8171=DIRECTION('',(1.,0.,0.));
#8172=DIRECTION('',(0.,0.,1.));
#8173=DIRECTION('',(1.,0.,0.));
#8174=DIRECTION('',(0.,0.,1.));
#8175=DIRECTION('',(1.,0.,0.));
#8176=DIRECTION('',(-0.481918749772156,0.876215908676647,0.));
#8177=DIRECTION('',(0.,1.,0.));
#8178=DIRECTION('',(0.196116135138184,0.98058067569092,0.));
#8179=DIRECTION('',(0.,0.,1.));
#8180=DIRECTION('',(1.,0.,0.));
#8181=DIRECTION('',(0.,0.,1.));
#8182=DIRECTION('',(0.,0.,1.));
#8183=DIRECTION('',(0.,0.,1.));
#8184=DIRECTION('',(1.,0.,0.));
#8185=DIRECTION('',(0.,0.,1.));
#8186=DIRECTION('',(0.00137788087747491,0.999999050721693,0.));
#8187=DIRECTION('',(-0.999999050721693,0.00137788087747491,0.));
#8188=DIRECTION('',(-0.999999050721693,0.00137788087747491,0.));
#8189=DIRECTION('',(0.,0.,-1.));
#8190=DIRECTION('',(0.00137788087747491,0.999999050721693,0.));
#8191=DIRECTION('',(-0.999999050721693,0.00137788087747491,0.));
#8192=DIRECTION('',(0.,0.,-1.));
#8193=DIRECTION('',(0.,0.,1.));
#8194=DIRECTION('',(0.,0.,1.));
#8195=DIRECTION('',(1.,0.,0.));
#8196=DIRECTION('',(0.,0.,1.));
#8197=DIRECTION('',(0.,0.,1.));
#8198=DIRECTION('',(0.,0.,1.));
#8199=DIRECTION('',(0.,0.,1.));
#8200=DIRECTION('',(1.,0.,0.));
#8201=DIRECTION('',(-0.00137788087747673,-0.999999050721693,0.));
#8202=DIRECTION('',(0.648474188515343,-0.7612366431205,0.));
#8203=DIRECTION('',(0.,0.,1.));
#8204=DIRECTION('',(1.,0.,0.));
#8205=DIRECTION('',(-1.,0.,0.));
#8206=DIRECTION('',(0.,0.,1.));
#8207=DIRECTION('',(1.,0.,0.));
#8208=DIRECTION('',(-0.651289908467204,-0.758829002561698,0.));
#8209=DIRECTION('',(0.,0.,1.));
#8210=DIRECTION('',(1.,0.,0.));
#8211=DIRECTION('',(0.,0.,1.));
#8212=DIRECTION('',(1.,0.,0.));
#8213=DIRECTION('',(0.,0.,1.));
#8214=DIRECTION('',(1.,0.,0.));
#8215=DIRECTION('',(0.,0.,1.));
#8216=DIRECTION('',(1.,0.,0.));
#8217=DIRECTION('',(-1.,0.,0.));
#8218=DIRECTION('',(0.,0.,1.));
#8219=DIRECTION('',(1.,0.,0.));
#8220=DIRECTION('',(0.,0.,1.));
#8221=DIRECTION('',(1.,0.,0.));
#8222=DIRECTION('',(0.,0.,1.));
#8223=DIRECTION('',(1.,0.,0.));
#8224=DIRECTION('',(0.,0.,1.));
#8225=DIRECTION('',(1.,0.,0.));
#8226=DIRECTION('',(0.649438785686876,-0.76041387654721,0.));
#8227=DIRECTION('',(0.,0.,1.));
#8228=DIRECTION('',(1.,0.,0.));
#8229=DIRECTION('',(0.999999050721693,-0.00137788087747471,0.));
#8230=DIRECTION('',(0.,0.,1.));
#8231=DIRECTION('',(1.,0.,0.));
#8232=DIRECTION('',(-0.650323379301009,-0.759657490145734,0.));
#8233=DIRECTION('',(0.,0.,1.));
#8234=DIRECTION('',(1.,0.,0.));
#8235=DIRECTION('',(-0.00137788087747673,-0.999999050721693,0.));
#8236=DIRECTION('',(-0.999999050721693,0.00137788087747673,0.));
#8237=DIRECTION('',(0.650323379301008,0.759657490145735,0.));
#8238=DIRECTION('',(0.,0.,1.));
#8239=DIRECTION('',(1.,0.,0.));
#8240=DIRECTION('',(0.999999050721693,-0.00137788087747471,0.));
#8241=DIRECTION('',(0.,0.,1.));
#8242=DIRECTION('',(1.,0.,0.));
#8243=DIRECTION('',(-0.649438785686876,0.76041387654721,0.));
#8244=DIRECTION('',(-0.651289908467204,-0.758829002561698,0.));
#8245=DIRECTION('',(0.,0.,1.));
#8246=DIRECTION('',(1.,0.,0.));
#8247=DIRECTION('',(-1.,0.,0.));
#8248=DIRECTION('',(0.,0.,1.));
#8249=DIRECTION('',(1.,0.,0.));
#8250=DIRECTION('',(-0.648474188515345,0.761236643120499,0.));
#8251=DIRECTION('',(-0.999999050721693,0.00137788087747673,0.));
#8252=DIRECTION('',(0.,0.,1.));
#8253=DIRECTION('',(1.,0.,0.));
#8254=DIRECTION('',(0.,0.,1.));
#8255=DIRECTION('',(1.,0.,0.));
#8256=DIRECTION('',(0.00137788087747673,0.999999050721693,0.));
#8257=DIRECTION('',(-0.999999050721693,0.00137788087747673,0.));
#8258=DIRECTION('',(0.,0.,-1.));
#8259=DIRECTION('',(0.,0.,-1.));
#8260=DIRECTION('',(-0.999999050721693,0.00137788087747673,0.));
#8261=DIRECTION('',(0.,0.,1.));
#8262=DIRECTION('',(0.,0.,1.));
#8263=DIRECTION('',(1.,0.,0.));
#8264=DIRECTION('',(0.,0.,1.));
#8265=DIRECTION('',(0.,0.,1.));
#8266=DIRECTION('',(1.,0.,0.));
#8267=DIRECTION('',(0.,0.,1.));
#8268=DIRECTION('',(0.,0.,1.));
#8269=DIRECTION('',(1.,0.,0.));
#8270=DIRECTION('',(0.,0.,1.));
#8271=DIRECTION('',(0.,0.,1.));
#8272=DIRECTION('',(1.,0.,0.));
#8273=DIRECTION('',(0.,0.,1.));
#8274=DIRECTION('',(1.,0.,0.));
#8275=DIRECTION('',(0.,0.,1.));
#8276=DIRECTION('',(0.,0.,1.));
#8277=DIRECTION('',(0.,0.,1.));
#8278=DIRECTION('',(0.,0.,1.));
#8279=DIRECTION('',(1.,0.,0.));
#8280=DIRECTION('',(1.,0.,0.));
#8281=DIRECTION('',(0.,-1.,0.));
#8282=DIRECTION('',(0.,0.,1.));
#8283=DIRECTION('',(1.,0.,0.));
#8284=DIRECTION('',(1.,0.,0.));
#8285=DIRECTION('',(0.,0.,1.));
#8286=DIRECTION('',(1.,0.,0.));
#8287=DIRECTION('',(1.,1.70070929017334E-16,0.));
#8288=DIRECTION('',(0.,1.,0.));
#8289=DIRECTION('',(1.,0.,0.));
#8290=DIRECTION('',(0.,1.,0.));
#8291=DIRECTION('',(0.,0.,1.));
#8292=DIRECTION('',(1.,0.,0.));
#8293=DIRECTION('',(0.,1.,0.));
#8294=DIRECTION('',(1.,1.70070929017334E-16,0.));
#8295=DIRECTION('',(1.,0.,0.));
#8296=DIRECTION('',(0.,-1.,0.));
#8297=DIRECTION('',(0.,0.,-1.));
#8298=DIRECTION('',(-1.,-3.77113799125393E-16,-3.77113799125393E-16));
#8299=DIRECTION('',(0.,0.,-1.));
#8300=DIRECTION('',(0.,-1.,0.));
#8301=DIRECTION('',(0.,0.,-1.));
#8302=DIRECTION('',(-1.,-3.77113799125393E-16,-3.77113799125393E-16));
#8303=DIRECTION('',(0.,-0.707106781186548,0.707106781186548));
#8304=DIRECTION('',(0.,-0.707106781186548,-0.707106781186548));
#8305=DIRECTION('',(1.,0.,0.));
#8306=DIRECTION('',(0.,0.707106781186548,0.707106781186548));
#8307=DIRECTION('',(1.,0.,0.));
#8308=DIRECTION('',(0.,0.,-1.));
#8309=DIRECTION('',(1.,0.,0.));
#8310=DIRECTION('',(0.,0.,-1.));
#8311=DIRECTION('',(1.,0.,0.));
#8312=DIRECTION('',(1.,0.,0.));
#8313=DIRECTION('',(0.,0.,-1.));
#8314=DIRECTION('',(1.,0.,0.));
#8315=DIRECTION('',(0.,-1.,-1.83971884551675E-16));
#8316=DIRECTION('',(0.,1.83971884551675E-16,-1.));
#8317=DIRECTION('',(0.,-1.83971884551675E-16,1.));
#8318=DIRECTION('',(0.,-1.83971884551675E-16,1.));
#8319=DIRECTION('',(0.,0.,1.));
#8320=DIRECTION('',(1.,0.,0.));
#8321=DIRECTION('',(-1.,0.,0.));
#8322=DIRECTION('',(0.,-1.,0.));
#8323=DIRECTION('',(0.,0.,1.));
#8324=DIRECTION('',(1.,0.,0.));
#8325=DIRECTION('',(-1.,0.,0.));
#8326=DIRECTION('',(0.,0.,1.));
#8327=DIRECTION('',(1.,0.,0.));
#8328=DIRECTION('',(-1.,0.,0.));
#8329=DIRECTION('',(0.,-1.,0.));
#8330=DIRECTION('',(0.,1.,0.));
#8331=DIRECTION('',(0.,0.,1.));
#8332=DIRECTION('',(1.,0.,0.));
#8333=DIRECTION('',(0.,1.,0.));
#8334=DIRECTION('',(-1.,0.,0.));
#8335=DIRECTION('',(0.,1.,0.));
#8336=DIRECTION('',(0.,1.,0.));
#8337=DIRECTION('',(0.,0.,1.));
#8338=DIRECTION('',(-1.,0.,0.));
#8339=DIRECTION('',(0.,0.,1.));
#8340=DIRECTION('',(0.,0.,-1.));
#8341=DIRECTION('',(0.,1.,0.));
#8342=DIRECTION('',(0.,0.,1.));
#8343=DIRECTION('',(0.,0.,-1.));
#8344=DIRECTION('',(-1.,0.,0.));
#8345=DIRECTION('',(0.,0.,-1.));
#8346=DIRECTION('',(0.,1.,0.));
#8347=DIRECTION('',(0.,0.,1.));
#8348=DIRECTION('',(-1.,0.,0.));
#8349=DIRECTION('',(0.,0.,-1.));
#8350=DIRECTION('',(0.,1.,0.));
#8351=DIRECTION('',(0.,0.,1.));
#8352=DIRECTION('',(-1.,0.,0.));
#8353=DIRECTION('',(0.,0.,1.));
#8354=DIRECTION('',(1.,0.,0.));
#8355=DIRECTION('',(0.,-1.,0.));
#8356=DIRECTION('',(-1.,0.,0.));
#8357=DIRECTION('',(0.,-1.,0.));
#8358=DIRECTION('',(-1.,0.,0.));
#8359=DIRECTION('',(0.55470019622523,0.832050294337843,0.));
#8360=DIRECTION('',(-0.0854011413464361,-0.996346649041751,0.));
#8361=DIRECTION('',(-0.424147567370151,-0.905593088033463,0.));
#8362=DIRECTION('',(1.,0.,0.));
#8363=DIRECTION('',(0.722363623797373,-0.691513409135591,0.));
#8364=DIRECTION('',(-0.514495755427526,0.857492925712544,0.));
#8365=DIRECTION('',(-1.,0.,0.));
#8366=DIRECTION('',(-0.514495755427526,-0.857492925712544,0.));
#8367=DIRECTION('',(-0.722363623797373,-0.691513409135591,0.));
#8368=DIRECTION('',(1.,0.,0.));
#8369=DIRECTION('',(0.424147567370151,-0.905593088033463,0.));
#8370=DIRECTION('',(0.0854011413464361,-0.996346649041751,0.));
#8371=DIRECTION('',(0.55470019622523,-0.832050294337843,0.));
#8372=DIRECTION('',(0.,1.,0.));
#8373=DIRECTION('',(0.196116135138184,0.98058067569092,0.));
#8374=DIRECTION('',(0.,0.,-1.));
#8375=DIRECTION('',(-1.,0.,0.));
#8376=DIRECTION('',(0.,-1.,0.));
#8377=DIRECTION('',(0.,0.,-1.));
#8378=DIRECTION('',(-1.,0.,0.));
#8379=DIRECTION('',(1.,0.,0.));
#8380=DIRECTION('',(0.,0.,-1.));
#8381=DIRECTION('',(-1.,0.,0.));
#8382=DIRECTION('',(0.,-1.,0.));
#8383=DIRECTION('',(-0.999999050721693,0.00137788087747673,0.));
#8384=DIRECTION('',(0.648474188515344,-0.761236643120499,0.));
#8385=DIRECTION('',(0.,0.,1.));
#8386=DIRECTION('',(1.,0.,0.));
#8387=DIRECTION('',(-1.,0.,0.));
#8388=DIRECTION('',(0.,0.,1.));
#8389=DIRECTION('',(1.,0.,0.));
#8390=DIRECTION('',(0.651289908467203,0.758829002561699,0.));
#8391=DIRECTION('',(-0.999999050721693,0.00137788087747673,0.));
#8392=DIRECTION('',(0.649438785686876,-0.760413876547211,0.));
#8393=DIRECTION('',(0.,0.,1.));
#8394=DIRECTION('',(1.,0.,0.));
#8395=DIRECTION('',(-0.999999050721693,0.00137788087747513,0.));
#8396=DIRECTION('',(0.,0.,1.));
#8397=DIRECTION('',(1.,0.,0.));
#8398=DIRECTION('',(0.650323379301008,0.759657490145735,0.));
#8399=DIRECTION('',(-0.999999050721693,0.00137788087747673,0.));
#8400=DIRECTION('',(0.,-1.,0.));
#8401=DIRECTION('',(0.,0.,-1.));
#8402=DIRECTION('',(-1.,0.,0.));
#8403=DIRECTION('',(1.,0.,0.));
#8404=DIRECTION('',(0.,0.,-1.));
#8405=DIRECTION('',(-1.,0.,0.));
#8406=DIRECTION('',(0.,-1.,0.));
#8407=DIRECTION('',(0.,0.,-1.));
#8408=DIRECTION('',(-1.,0.,0.));
#8409=DIRECTION('',(0.196116135138184,-0.98058067569092,0.));
#8410=DIRECTION('',(0.,1.,0.));
#8411=DIRECTION('',(0.,-1.,0.));
#8412=DIRECTION('',(-1.,0.,0.));
#8413=DIRECTION('',(0.,-1.,0.));
#8414=DIRECTION('',(-1.,0.,0.));
#8415=DIRECTION('',(0.996346649041751,-0.085401141346436,0.));
#8416=DIRECTION('',(-0.0854011413464361,-0.996346649041751,0.));
#8417=DIRECTION('',(-0.0813595351468853,-0.94919457671366,0.303990594555258));
#8418=DIRECTION('',(0.0726080084803591,0.847093432270854,0.526460629209916));
#8419=DIRECTION('',(0.,0.,1.));
#8420=DIRECTION('',(0.857492925712544,-0.514495755427526,0.));
#8421=DIRECTION('',(-0.514495755427526,-0.857492925712544,0.));
#8422=DIRECTION('',(-0.49612748830637,-0.826879147177283,0.264817656719077));
#8423=DIRECTION('',(0.,0.,1.));
#8424=DIRECTION('',(0.,0.,1.));
#8425=DIRECTION('',(-0.498845565119087,0.521100365335093,0.692537010858374));
#8426=DIRECTION('',(-0.496127488306369,-0.826879147177283,0.264817656719077));
#8427=DIRECTION('',(0.811412698213531,0.,0.584473637709896));
#8428=DIRECTION('',(0.811412698213531,0.,0.584473637709896));
#8429=DIRECTION('',(0.49612748830637,0.826879147177283,-0.264817656719077));
#8430=DIRECTION('',(0.0943456877528358,0.826960169457399,-0.554288525348879));
#8431=DIRECTION('',(-0.561960274668243,-0.802800392383204,0.199279150149146));
#8432=DIRECTION('',(0.589090662246764,-0.382236810614982,0.711946073986335));
#8433=DIRECTION('',(0.819231920519041,-0.573462344363328,0.));
#8434=DIRECTION('',(0.573462344363328,0.819231920519041,0.));
#8435=DIRECTION('',(0.554688439670544,0.792412056672207,-0.253779170414715));
#8436=DIRECTION('',(0.,0.,1.));
#8437=DIRECTION('',(-0.473002097525826,0.551226036833326,0.687327339812111));
#8438=DIRECTION('',(0.554688439670544,0.792412056672207,-0.253779170414715));
#8439=DIRECTION('',(-0.823781909070809,0.,-0.566906840925079));
#8440=DIRECTION('',(0.,1.,0.));
#8441=DIRECTION('',(0.,0.,1.));
#8442=DIRECTION('',(0.,0.,1.));
#8443=DIRECTION('',(1.,0.,0.));
#8444=DIRECTION('',(0.,1.,0.));
#8445=DIRECTION('',(1.,0.,0.));
#8446=DIRECTION('',(0.,0.,-1.));
#8447=DIRECTION('',(1.,0.,0.));
#8448=DIRECTION('',(0.,0.,-1.));
#8449=DIRECTION('',(0.,0.,1.));
#8450=DIRECTION('',(0.,0.,-1.));
#8451=DIRECTION('',(0.,0.952351796433673,-0.305001730863213));
#8452=DIRECTION('',(1.,0.,0.));
#8453=DIRECTION('',(0.,0.,-1.));
#8454=DIRECTION('',(1.,0.,0.));
#8455=DIRECTION('',(0.,0.,-1.));
#8456=DIRECTION('',(0.,1.,0.));
#8457=DIRECTION('',(0.,0.,-1.));
#8458=DIRECTION('',(1.,0.,0.));
#8459=DIRECTION('',(0.,0.,-1.));
#8460=DIRECTION('',(1.,0.,0.));
#8461=DIRECTION('',(0.,0.,-1.));
#8462=DIRECTION('',(0.,0.,1.));
#8463=DIRECTION('',(0.,0.707106781186548,0.707106781186547));
#8464=DIRECTION('',(-1.,-1.3695185336659E-16,0.));
#8465=DIRECTION('',(1.3695185336659E-16,-1.,0.));
#8466=DIRECTION('',(1.3695185336659E-16,-1.,0.));
#8467=DIRECTION('',(-1.,-1.3695185336659E-16,0.));
#8468=DIRECTION('',(1.3695185336659E-16,-1.,0.));
#8469=DIRECTION('',(1.28232016229296E-16,-0.936329177569045,0.351123441588391));
#8470=DIRECTION('',(0.,0.,1.));
#8471=DIRECTION('',(0.,0.,1.));
#8472=DIRECTION('',(1.,0.,0.));
#8473=DIRECTION('',(1.3695185336659E-16,-1.,0.));
#8474=DIRECTION('',(0.,0.,1.));
#8475=DIRECTION('',(1.,0.,0.));
#8476=DIRECTION('',(-1.,0.,0.));
#8477=DIRECTION('',(0.,0.,1.));
#8478=DIRECTION('',(1.,0.,0.));
#8479=DIRECTION('',(1.3695185336659E-16,-1.,0.));
#8480=DIRECTION('',(1.3695185336659E-16,-1.,0.));
#8481=DIRECTION('',(1.,0.,0.));
#8482=DIRECTION('',(1.,0.,0.));
#8483=DIRECTION('',(0.,0.,-1.));
#8484=DIRECTION('',(-1.,-1.3695185336659E-16,0.));
#8485=DIRECTION('',(1.3695185336659E-16,-1.,0.));
#8486=DIRECTION('',(-1.,0.,0.));
#8487=DIRECTION('',(0.,-0.351123441588391,-0.936329177569045));
#8488=DIRECTION('',(1.,0.,0.));
#8489=DIRECTION('',(-1.28232016229296E-16,0.936329177569045,-0.351123441588391));
#8490=DIRECTION('',(-1.28232016229296E-16,0.936329177569045,-0.351123441588391));
#8491=DIRECTION('',(1.,0.,0.));
#8492=DIRECTION('',(1.28232016229296E-16,-0.936329177569045,0.351123441588391));
#8493=DIRECTION('',(-1.,-1.3695185336659E-16,0.));
#8494=DIRECTION('',(1.3695185336659E-16,-1.,0.));
#8495=DIRECTION('',(0.,0.,1.));
#8496=DIRECTION('',(-5.92327458161301E-16,1.,0.));
#8497=DIRECTION('',(-1.,-5.92327458161301E-16,0.));
#8498=DIRECTION('',(0.,0.,-1.));
#8499=DIRECTION('',(-5.92327458161301E-16,1.,0.));
#8500=DIRECTION('',(1.75940574579774E-16,1.04214433328277E-31,-1.));
#8501=DIRECTION('',(1.,5.92327458161301E-16,-1.53308283288807E-15));
#8502=DIRECTION('',(0.,0.,1.));
#8503=DIRECTION('',(-1.,-5.92327458161301E-16,0.));
#8504=DIRECTION('',(0.,0.,-1.));
#8505=DIRECTION('',(-1.,-5.92327458161301E-16,-4.33680868994202E-16));
#8506=DIRECTION('',(0.,0.,-1.));
#8507=DIRECTION('',(0.,1.,0.));
#8508=DIRECTION('',(0.,0.,1.));
#8509=DIRECTION('',(0.,0.,1.));
#8510=DIRECTION('',(0.,0.,1.));
#8511=DIRECTION('',(0.,0.,1.));
#8512=DIRECTION('',(-0.857492925712544,-0.514495755427526,0.));
#8513=DIRECTION('',(0.514495755427526,-0.857492925712544,0.));
#8514=DIRECTION('',(0.49612748830637,-0.826879147177283,0.264817656719077));
#8515=DIRECTION('',(0.,0.,1.));
#8516=DIRECTION('',(-1.,-1.3695185336659E-16,0.));
#8517=DIRECTION('',(1.3695185336659E-16,-1.,0.));
#8518=DIRECTION('',(0.498845565119087,0.521100365335093,0.692537010858374));
#8519=DIRECTION('',(0.496127488306369,-0.826879147177283,0.264817656719077));
#8520=DIRECTION('',(0.561960274668243,-0.802800392383204,0.199279150149146));
#8521=DIRECTION('',(0.0943456877528358,-0.826960169457399,0.554288525348879));
#8522=DIRECTION('',(-0.49612748830637,0.826879147177283,-0.264817656719077));
#8523=DIRECTION('',(-0.811412698213531,0.,0.584473637709896));
#8524=DIRECTION('',(-0.811412698213531,0.,0.584473637709896));
#8525=DIRECTION('',(-0.589090662246764,-0.382236810614981,0.711946073986335));
#8526=DIRECTION('',(-1.,-1.3695185336659E-16,0.));
#8527=DIRECTION('',(1.3695185336659E-16,-1.,0.));
#8528=DIRECTION('',(0.,0.,1.));
#8529=DIRECTION('',(1.,0.,0.));
#8530=DIRECTION('',(0.,0.,1.));
#8531=DIRECTION('',(1.,0.,0.));
#8532=DIRECTION('',(0.,0.,1.));
#8533=DIRECTION('',(1.,0.,0.));
#8534=DIRECTION('',(0.,0.,1.));
#8535=DIRECTION('',(1.,0.,0.));
#8536=DIRECTION('',(-0.832050294337843,0.55470019622523,0.));
#8537=DIRECTION('',(0.55470019622523,0.832050294337843,0.));
#8538=DIRECTION('',(-0.55470019622523,-0.832050294337843,0.));
#8539=DIRECTION('',(0.,0.,1.));
#8540=DIRECTION('',(0.55470019622523,0.832050294337843,0.));
#8541=DIRECTION('',(0.832050294337843,-0.55470019622523,0.));
#8542=DIRECTION('',(-0.55470019622523,-0.832050294337843,0.));
#8543=DIRECTION('',(0.,-1.,0.));
#8544=DIRECTION('',(1.,0.,0.));
#8545=DIRECTION('',(0.,-1.,0.));
#8546=DIRECTION('',(0.,0.,-1.));
#8547=DIRECTION('',(0.,-1.,0.));
#8548=DIRECTION('',(0.,0.,-1.));
#8549=DIRECTION('',(0.,-1.,0.));
#8550=DIRECTION('',(0.,0.,-1.));
#8551=DIRECTION('',(0.876215908676647,-0.481918749772156,0.));
#8552=DIRECTION('',(0.481918749772156,0.876215908676647,0.));
#8553=DIRECTION('',(-0.47906264861856,-0.871022997488291,-0.108710241215276));
#8554=DIRECTION('',(0.,0.,1.));
#8555=DIRECTION('',(0.481918749772156,0.876215908676647,0.));
#8556=DIRECTION('',(0.,0.,1.));
#8557=DIRECTION('',(1.,0.,0.));
#8558=DIRECTION('',(-0.00137788087747673,-0.999999050721693,0.));
#8559=DIRECTION('',(0.196116135138184,-0.98058067569092,0.));
#8560=DIRECTION('',(0.,1.,0.));
#8561=DIRECTION('',(0.481918749772156,0.876215908676647,0.));
#8562=DIRECTION('',(0.,0.,1.));
#8563=DIRECTION('',(1.,0.,0.));
#8564=DIRECTION('',(0.,0.,1.));
#8565=DIRECTION('',(1.,0.,0.));
#8566=DIRECTION('',(0.,0.,1.));
#8567=DIRECTION('',(1.,0.,0.));
#8568=DIRECTION('',(-0.624695047554424,-0.78086880944303,0.));
#8569=DIRECTION('',(-1.,0.,0.));
#8570=DIRECTION('',(0.,0.,1.));
#8571=DIRECTION('',(1.,0.,0.));
#8572=DIRECTION('',(0.,1.,0.));
#8573=DIRECTION('',(0.196116135138184,-0.98058067569092,0.));
#8574=DIRECTION('',(-1.,0.,0.));
#8575=DIRECTION('',(0.,0.,-1.));
#8576=DIRECTION('',(1.,0.,0.));
#8577=DIRECTION('',(0.,0.,-1.));
#8578=DIRECTION('',(0.,0.556772008250082,0.830665354296885));
#8579=DIRECTION('',(-1.,0.,0.));
#8580=DIRECTION('',(-0.266213572450179,0.800690022252581,-0.536680372389818));
#8581=DIRECTION('',(-1.,0.,0.));
#8582=DIRECTION('',(-0.614651986037217,0.287881111397445,0.73438913510555));
#8583=DIRECTION('',(-0.0813595351468854,-0.94919457671366,0.303990594555258));
#8584=DIRECTION('',(0.0813595351468854,0.94919457671366,-0.303990594555258));
#8585=DIRECTION('',(-0.656780744804202,0.437853829869469,-0.613940613514919));
#8586=DIRECTION('',(-0.55470019622523,-0.832050294337843,0.));
#8587=DIRECTION('',(0.,-0.8141567396209,-0.580645161290324));
#8588=DIRECTION('',(-0.656780744804202,0.437853829869469,-0.613940613514919));
#8589=DIRECTION('',(-0.510829468181045,0.340552978787364,0.789352217376327));
#8590=DIRECTION('',(1.,0.,0.));
#8591=DIRECTION('',(0.,0.,-1.));
#8592=DIRECTION('',(1.,0.,0.));
#8593=DIRECTION('',(-1.,0.,0.));
#8594=DIRECTION('',(1.,0.,0.));
#8595=DIRECTION('',(0.,0.,-1.));
#8596=DIRECTION('',(0.,-1.,0.));
#8597=DIRECTION('',(0.,0.,-1.));
#8598=DIRECTION('',(0.,-1.,0.));
#8599=DIRECTION('',(0.,0.,-1.));
#8600=DIRECTION('',(-1.,0.,0.));
#8601=DIRECTION('',(0.,1.,0.));
#8602=DIRECTION('',(-1.,0.,0.));
#8603=DIRECTION('',(0.,0.,1.));
#8604=DIRECTION('',(0.,-1.,0.));
#8605=DIRECTION('',(0.,0.,1.));
#8606=DIRECTION('',(1.,0.,0.));
#8607=DIRECTION('',(0.,0.,-1.));
#8608=DIRECTION('',(0.,0.,1.));
#8609=DIRECTION('',(1.,0.,0.));
#8610=DIRECTION('',(0.,0.,1.));
#8611=DIRECTION('',(0.,0.,1.));
#8612=DIRECTION('',(1.,0.,0.));
#8613=DIRECTION('',(0.,0.,1.));
#8614=DIRECTION('',(1.,0.,0.));
#8615=DIRECTION('',(0.,0.,1.));
#8616=DIRECTION('',(0.,0.,1.));
#8617=DIRECTION('',(1.,0.,0.));
#8618=DIRECTION('',(0.,0.,1.));
#8619=DIRECTION('',(1.,0.,0.));
#8620=DIRECTION('',(0.,0.,1.));
#8621=DIRECTION('',(-0.78086880944303,0.624695047554424,0.));
#8622=DIRECTION('',(-0.624695047554424,-0.78086880944303,0.));
#8623=DIRECTION('',(0.624695047554424,0.78086880944303,0.));
#8624=DIRECTION('',(0.,0.,1.));
#8625=DIRECTION('',(-0.78086880944303,0.624695047554424,0.));
#8626=DIRECTION('',(0.624695047554424,0.78086880944303,0.));
#8627=DIRECTION('',(0.,0.,1.));
#8628=DIRECTION('',(0.,0.,1.));
#8629=DIRECTION('',(1.,0.,0.));
#8630=DIRECTION('',(0.,0.,1.));
#8631=DIRECTION('',(1.,0.,0.));
#8632=DIRECTION('',(0.,0.,1.));
#8633=DIRECTION('',(0.,1.,0.));
#8634=DIRECTION('',(0.,0.,1.));
#8635=DIRECTION('',(1.,0.,0.));
#8636=DIRECTION('',(0.,0.305001730863213,0.952351796433673));
#8637=DIRECTION('',(0.,-0.952351796433673,0.305001730863213));
#8638=DIRECTION('',(1.,0.,0.));
#8639=DIRECTION('',(1.,0.,0.));
#8640=DIRECTION('',(1.,0.,0.));
#8641=DIRECTION('',(0.,0.,-1.));
#8642=DIRECTION('',(1.,0.,0.));
#8643=DIRECTION('',(0.,-1.,0.));
#8644=DIRECTION('',(1.,0.,0.));
#8645=DIRECTION('',(1.,0.,0.));
#8646=DIRECTION('',(1.,0.,0.));
#8647=DIRECTION('',(1.,0.,0.));
#8648=DIRECTION('',(0.,0.,-1.));
#8649=DIRECTION('',(1.,0.,0.));
#8650=DIRECTION('',(1.,0.,0.));
#8651=DIRECTION('',(0.,0.,-1.));
#8652=DIRECTION('',(1.,0.,0.));
#8653=DIRECTION('',(0.,0.,1.));
#8654=DIRECTION('',(1.,0.,0.));
#8655=DIRECTION('',(-1.,0.,0.));
#8656=DIRECTION('',(1.,0.,0.));
#8657=DIRECTION('',(0.,1.,0.));
#8658=DIRECTION('',(-1.,0.,0.));
#8659=DIRECTION('',(1.,0.,0.));
#8660=DIRECTION('',(0.,0.,-1.));
#8661=DIRECTION('',(-5.92327458161301E-16,1.,0.));
#8662=DIRECTION('',(-1.,-5.92327458161301E-16,0.));
#8663=DIRECTION('',(0.,0.,-1.));
#8664=DIRECTION('',(1.,5.92327458161301E-16,4.33680868994202E-16));
#8665=DIRECTION('',(0.,0.,1.));
#8666=DIRECTION('',(-1.,-5.92327458161301E-16,0.));
#8667=DIRECTION('',(0.,0.,1.));
#8668=DIRECTION('',(-1.,-5.92327458161301E-16,1.53308283288807E-15));
#8669=DIRECTION('',(-5.92327458161301E-16,1.,0.));
#8670=DIRECTION('',(2.2885379065323E-16,1.35556384108206E-31,-1.));
#8671=DIRECTION('',(0.,0.,-1.));
#8672=DIRECTION('',(1.,0.,0.));
#8673=DIRECTION('',(0.,0.,-1.));
#8674=DIRECTION('',(1.,0.,0.));
#8675=DIRECTION('',(1.,0.,0.));
#8676=DIRECTION('',(0.,0.,-1.));
#8677=DIRECTION('',(1.,0.,0.));
#8678=DIRECTION('',(1.,0.,0.));
#8679=DIRECTION('',(0.,0.,-1.));
#8680=DIRECTION('',(1.,0.,0.));
#8681=DIRECTION('',(1.,0.,0.));
#8682=DIRECTION('',(0.,-1.,0.));
#8683=DIRECTION('',(0.,0.,-1.));
#8684=DIRECTION('',(0.,-1.,0.));
#8685=DIRECTION('',(0.,0.,-1.));
#8686=DIRECTION('',(0.,-1.,0.));
#8687=DIRECTION('',(1.,0.,0.));
#8688=DIRECTION('',(0.,-1.,0.));
#8689=DIRECTION('',(0.,0.,-1.));
#8690=DIRECTION('',(1.,0.,0.));
#8691=DIRECTION('',(0.,0.,-1.));
#8692=DIRECTION('',(1.,0.,0.));
#8693=DIRECTION('',(0.,0.,-1.));
#8694=DIRECTION('',(0.,0.,1.));
#8695=DIRECTION('',(1.,0.,0.));
#8696=DIRECTION('',(0.,0.,1.));
#8697=DIRECTION('',(1.,0.,0.));
#8698=DIRECTION('',(0.,-1.,0.));
#8699=DIRECTION('',(0.,0.,-1.));
#8700=DIRECTION('',(0.,-1.,0.));
#8701=DIRECTION('',(0.,0.,-1.));
#8702=DIRECTION('',(0.,0.,1.));
#8703=DIRECTION('',(-1.,0.,0.));
#8704=DIRECTION('',(0.,0.,1.));
#8705=DIRECTION('',(0.,0.,1.));
#8706=DIRECTION('',(1.,0.,0.));
#8707=DIRECTION('',(0.,0.,1.));
#8708=DIRECTION('',(0.614651986037217,0.287881111397445,0.73438913510555));
#8709=DIRECTION('',(0.0813595351468854,-0.94919457671366,0.303990594555258));
#8710=DIRECTION('',(-0.266213572450179,-0.800690022252581,0.536680372389818));
#8711=DIRECTION('',(-0.0813595351468854,0.94919457671366,-0.303990594555258));
#8712=DIRECTION('',(0.0813595351468853,-0.94919457671366,0.303990594555258));
#8713=DIRECTION('',(0.,0.556772008250082,0.830665354296885));
#8714=DIRECTION('',(-1.,0.,0.));
#8715=DIRECTION('',(-1.,0.,0.));
#8716=DIRECTION('',(-0.996346649041751,-0.085401141346436,0.));
#8717=DIRECTION('',(0.0854011413464361,-0.996346649041751,0.));
#8718=DIRECTION('',(0.,0.,1.));
#8719=DIRECTION('',(0.0726080084803591,-0.847093432270854,-0.526460629209916));
#8720=DIRECTION('',(0.,1.,0.));
#8721=DIRECTION('',(0.,0.,1.));
#8722=DIRECTION('',(0.,0.,-1.));
#8723=DIRECTION('',(1.,0.,0.));
#8724=DIRECTION('',(0.,0.305001730863213,0.952351796433673));
#8725=DIRECTION('',(0.,-0.952351796433673,0.305001730863213));
#8726=DIRECTION('',(0.,0.952351796433673,-0.305001730863213));
#8727=DIRECTION('',(-1.,0.,0.));
#8728=DIRECTION('',(-1.,0.,0.));
#8729=DIRECTION('',(0.,0.,1.));
#8730=DIRECTION('',(1.,0.,0.));
#8731=DIRECTION('',(0.,0.,-1.));
#8732=DIRECTION('',(1.,0.,0.));
#8733=DIRECTION('',(0.,1.,0.));
#8734=DIRECTION('',(0.,-1.,0.));
#8735=DIRECTION('',(1.,0.,0.));
#8736=DIRECTION('',(0.,0.,-1.));
#8737=DIRECTION('',(0.,0.,1.));
#8738=DIRECTION('',(1.,0.,0.));
#8739=DIRECTION('',(0.,0.,1.));
#8740=DIRECTION('',(1.,0.,0.));
#8741=DIRECTION('',(0.,0.,1.));
#8742=DIRECTION('',(0.,0.,1.));
#8743=DIRECTION('',(1.,0.,0.));
#8744=DIRECTION('',(0.,0.,1.));
#8745=DIRECTION('',(0.78086880944303,0.624695047554424,0.));
#8746=DIRECTION('',(0.624695047554424,-0.78086880944303,0.));
#8747=DIRECTION('',(0.624695047554424,-0.78086880944303,0.));
#8748=DIRECTION('',(0.,0.,1.));
#8749=DIRECTION('',(-0.78086880944303,-0.624695047554424,0.));
#8750=DIRECTION('',(-0.624695047554424,0.78086880944303,0.));
#8751=DIRECTION('',(1.,0.,0.));
#8752=DIRECTION('',(0.,0.,-1.));
#8753=DIRECTION('',(-1.,0.,0.));
#8754=DIRECTION('',(0.832050294337843,0.55470019622523,0.));
#8755=DIRECTION('',(0.55470019622523,-0.832050294337843,0.));
#8756=DIRECTION('',(0.,1.,0.));
#8757=DIRECTION('',(-1.,0.,0.));
#8758=DIRECTION('',(-1.,0.,0.));
#8759=DIRECTION('',(0.,0.,-1.));
#8760=DIRECTION('',(1.,0.,0.));
#8761=DIRECTION('',(1.,0.,0.));
#8762=DIRECTION('',(0.,0.,-1.));
#8763=DIRECTION('',(1.,0.,0.));
#8764=DIRECTION('',(0.,0.,-1.));
#8765=DIRECTION('',(1.,0.,0.));
#8766=DIRECTION('',(1.,0.,0.));
#8767=DIRECTION('',(0.,0.,-1.));
#8768=DIRECTION('',(1.,0.,0.));
#8769=DIRECTION('',(1.,0.,0.));
#8770=DIRECTION('',(0.,0.,-1.));
#8771=DIRECTION('',(0.,-1.,0.));
#8772=DIRECTION('',(1.,0.,0.));
#8773=DIRECTION('',(0.,0.,1.));
#8774=DIRECTION('',(1.,0.,0.));
#8775=DIRECTION('',(0.832050294337843,0.55470019622523,0.));
#8776=DIRECTION('',(-0.55470019622523,0.832050294337843,0.));
#8777=DIRECTION('',(0.,0.,1.));
#8778=DIRECTION('',(-0.55470019622523,0.832050294337843,0.));
#8779=DIRECTION('',(0.,0.,1.));
#8780=DIRECTION('',(1.,0.,0.));
#8781=DIRECTION('',(0.,0.,1.));
#8782=DIRECTION('',(1.,0.,0.));
#8783=DIRECTION('',(0.,0.,1.));
#8784=DIRECTION('',(0.,0.,1.));
#8785=DIRECTION('',(1.,0.,0.));
#8786=DIRECTION('',(0.,1.,0.));
#8787=DIRECTION('',(0.,0.,1.));
#8788=DIRECTION('',(1.,0.,0.));
#8789=DIRECTION('',(0.,0.,1.));
#8790=DIRECTION('',(1.,0.,0.));
#8791=DIRECTION('',(0.,0.,1.));
#8792=DIRECTION('',(0.876215908676647,0.481918749772156,0.));
#8793=DIRECTION('',(-0.481918749772156,0.876215908676647,0.));
#8794=DIRECTION('',(0.,0.,1.));
#8795=DIRECTION('',(-0.47906264861856,0.871022997488291,0.108710241215275));
#8796=DIRECTION('',(0.656780744804202,0.437853829869469,-0.613940613514919));
#8797=DIRECTION('',(0.55470019622523,-0.832050294337843,0.));
#8798=DIRECTION('',(0.656780744804202,0.437853829869469,-0.613940613514919));
#8799=DIRECTION('',(0.510829468181045,0.340552978787364,0.789352217376327));
#8800=DIRECTION('',(0.,0.8141567396209,0.580645161290324));
#8801=DIRECTION('',(1.,0.,0.));
#8802=DIRECTION('',(0.,1.,0.));
#8803=DIRECTION('',(-1.,0.,0.));
#8804=DIRECTION('',(0.,0.,1.));
#8805=DIRECTION('',(-1.,0.,0.));
#8806=DIRECTION('',(0.,0.,1.));
#8807=DIRECTION('',(0.,-0.707106781186548,-0.707106781186547));
#8808=DIRECTION('',(-1.,-1.3695185336659E-16,0.));
#8809=DIRECTION('',(1.3695185336659E-16,-1.,0.));
#8810=DIRECTION('',(0.,-0.806854670758608,-0.590749981189181));
#8811=DIRECTION('',(0.,0.,1.));
#8812=DIRECTION('',(-1.,-1.3695185336659E-16,0.));
#8813=DIRECTION('',(1.3695185336659E-16,-1.,0.));
#8814=DIRECTION('',(0.,-0.806854670758608,-0.590749981189181));
#8815=DIRECTION('',(0.,0.,1.));
#8816=DIRECTION('',(0.,0.,1.));
#8817=DIRECTION('',(1.,0.,0.));
#8818=DIRECTION('',(1.,2.64843278775085E-16,0.));
#8819=DIRECTION('',(0.,-1.,0.));
#8820=DIRECTION('',(1.,0.,0.));
#8821=DIRECTION('',(0.,0.,1.));
#8822=DIRECTION('',(1.,0.,0.));
#8823=DIRECTION('',(0.,1.,0.));
#8824=DIRECTION('',(0.,0.,1.));
#8825=DIRECTION('',(0.,1.,0.));
#8826=DIRECTION('',(-1.,0.,0.));
#8827=DIRECTION('',(0.,1.,0.));
#8828=DIRECTION('',(0.,-1.,0.));
#8829=DIRECTION('',(-1.,0.,0.));
#8830=DIRECTION('',(0.,0.,1.));
#8831=DIRECTION('',(1.,0.,0.));
#8832=DIRECTION('',(-1.,0.,0.));
#8833=DIRECTION('',(0.,0.,1.));
#8834=DIRECTION('',(1.,0.,0.));
#8835=DIRECTION('',(1.,0.,0.));
#8836=DIRECTION('',(0.,-1.,0.));
#8837=DIRECTION('',(0.,1.,0.));
#8838=DIRECTION('',(1.,0.,0.));
#8839=DIRECTION('',(0.,0.,1.));
#8840=DIRECTION('',(-1.3695185336659E-16,1.,0.));
#8841=DIRECTION('',(1.3695185336659E-16,-1.,0.));
#8842=DIRECTION('',(-1.,0.,0.));
#8843=DIRECTION('',(0.,0.,1.));
#8844=DIRECTION('',(1.,0.,0.));
#8845=DIRECTION('',(0.,1.,0.));
#8846=DIRECTION('',(0.,0.,1.));
#8847=DIRECTION('',(1.,0.,0.));
#8848=DIRECTION('',(-1.,-1.3695185336659E-16,0.));
#8849=DIRECTION('',(1.3695185336659E-16,-1.,0.));
#8850=DIRECTION('',(4.93573492387193E-17,-0.360399279202163,0.932798134405597));
#8851=DIRECTION('',(0.,0.,1.));
#8852=DIRECTION('',(0.,0.932798134405597,0.360399279202163));
#8853=DIRECTION('',(0.,-0.360399279202163,0.932798134405597));
#8854=DIRECTION('',(0.,0.360399279202163,-0.932798134405597));
#8855=DIRECTION('',(0.,-0.360399279202163,0.932798134405597));
#8856=DIRECTION('',(1.,0.,0.));
#8857=DIRECTION('',(0.,1.,0.));
#8858=DIRECTION('',(0.,0.590749981189181,-0.806854670758608));
#8859=DIRECTION('',(0.,0.806854670758608,0.590749981189181));
#8860=DIRECTION('',(0.,0.590749981189181,-0.806854670758608));
#8861=DIRECTION('',(0.,-0.806854670758608,-0.590749981189181));
#8862=DIRECTION('',(-1.,0.,0.));
#8863=DIRECTION('',(0.,0.806854670758608,0.590749981189181));
#8864=DIRECTION('',(0.,-0.590749981189181,0.806854670758608));
#8865=DIRECTION('',(0.,-0.806854670758608,-0.590749981189181));
#8866=DIRECTION('',(0.,-0.806854670758608,-0.590749981189181));
#8867=DIRECTION('',(1.,0.,0.));
#8868=DIRECTION('',(0.,-0.590749981189181,0.806854670758608));
#8869=DIRECTION('',(0.,0.806854670758608,0.590749981189181));
#8870=DIRECTION('',(1.,0.,0.));
#8871=DIRECTION('',(0.,1.,0.));
#8872=DIRECTION('',(0.,0.360399279202163,-0.932798134405597));
#8873=DIRECTION('',(0.,-0.932798134405597,-0.360399279202163));
#8874=DIRECTION('',(0.,0.360399279202163,-0.932798134405597));
#8875=DIRECTION('',(4.93573492387193E-17,-0.360399279202163,0.932798134405597));
#8876=DIRECTION('',(-1.,0.,0.));
#8877=DIRECTION('',(0.,0.,1.));
#8878=DIRECTION('',(-1.,0.,0.));
#8879=DIRECTION('',(0.,0.,1.));
#8880=DIRECTION('',(0.,0.390270184920487,-0.92070037621483));
#8881=DIRECTION('',(-1.,0.,0.));
#8882=DIRECTION('',(0.,0.,1.));
#8883=DIRECTION('',(0.,-0.390270184920487,0.92070037621483));
#8884=DIRECTION('',(-1.,0.,0.));
#8885=DIRECTION('',(0.,0.,1.));
#8886=DIRECTION('',(-1.,0.,0.));
#8887=DIRECTION('',(0.,0.,1.));
#8888=DIRECTION('',(0.,-0.360399279202163,0.932798134405597));
#8889=DIRECTION('',(0.,0.,-1.));
#8890=DIRECTION('',(-4.93573492387193E-17,0.360399279202163,-0.932798134405597));
#8891=DIRECTION('',(0.,0.932798134405597,0.360399279202163));
#8892=DIRECTION('',(0.,0.360399279202163,-0.932798134405597));
#8893=DIRECTION('',(0.,0.932798134405597,0.360399279202163));
#8894=DIRECTION('',(0.,0.,-1.));
#8895=DIRECTION('',(-1.,0.,0.));
#8896=DIRECTION('',(0.,0.,-1.));
#8897=DIRECTION('',(0.,0.,1.));
#8898=DIRECTION('',(1.,0.,0.));
#8899=DIRECTION('',(0.,0.,1.));
#8900=DIRECTION('',(0.,0.,-1.));
#8901=DIRECTION('',(-1.,0.,0.));
#8902=DIRECTION('',(0.,0.,-1.));
#8903=DIRECTION('',(0.,0.,1.));
#8904=DIRECTION('',(1.,0.,0.));
#8905=DIRECTION('',(0.,0.,-1.));
#8906=DIRECTION('',(-1.,0.,0.));
#8907=DIRECTION('',(0.,0.,-1.));
#8908=DIRECTION('',(0.,0.,1.));
#8909=DIRECTION('',(1.,0.,0.));
#8910=DIRECTION('',(0.,0.,-1.));
#8911=DIRECTION('',(-1.,0.,0.));
#8912=DIRECTION('',(0.,0.,1.));
#8913=DIRECTION('',(0.,0.,1.));
#8914=DIRECTION('',(1.,0.,0.));
#8915=DIRECTION('',(0.,0.,-1.));
#8916=DIRECTION('',(0.,0.,-1.));
#8917=DIRECTION('',(-1.,0.,0.));
#8918=DIRECTION('',(0.,0.,1.));
#8919=DIRECTION('',(1.,0.,0.));
#8920=DIRECTION('',(0.,0.,-1.));
#8921=DIRECTION('',(1.,0.,0.));
#8922=DIRECTION('',(0.,0.,-1.));
#8923=DIRECTION('',(0.,-1.,0.));
#8924=DIRECTION('',(0.,0.,-1.));
#8925=DIRECTION('',(-1.,0.,0.));
#8926=DIRECTION('',(0.,0.,-1.));
#8927=DIRECTION('',(0.,0.,1.));
#8928=DIRECTION('',(1.,0.,0.));
#8929=DIRECTION('',(0.,0.,-1.));
#8930=DIRECTION('',(0.,-1.,0.));
#8931=DIRECTION('',(0.,0.,-1.));
#8932=DIRECTION('',(-1.,0.,0.));
#8933=DIRECTION('',(0.,0.,-1.));
#8934=DIRECTION('',(-1.,0.,0.));
#8935=DIRECTION('',(0.,0.,-1.));
#8936=DIRECTION('',(0.,0.,1.));
#8937=DIRECTION('',(1.,0.,0.));
#8938=DIRECTION('',(0.,0.,-1.));
#8939=DIRECTION('',(-1.,0.,0.));
#8940=DIRECTION('',(0.,0.,1.));
#8941=DIRECTION('',(0.,1.,0.));
#8942=DIRECTION('',(0.,1.,0.));
#8943=DIRECTION('',(0.,0.,1.));
#8944=DIRECTION('',(1.,0.,0.));
#8945=DIRECTION('',(0.,0.,1.));
#8946=DIRECTION('',(1.,0.,0.));
#8947=DIRECTION('',(-0.650323379301009,-0.759657490145734,0.));
#8948=DIRECTION('',(0.,-1.,0.));
#8949=DIRECTION('',(-0.999999050721693,0.00137788087747491,0.));
#8950=DIRECTION('',(0.,0.,-1.));
#8951=DIRECTION('',(-1.,0.,0.));
#8952=DIRECTION('',(0.,0.,-1.));
#8953=DIRECTION('',(0.,0.,-1.));
#8954=DIRECTION('',(0.,1.,0.));
#8955=DIRECTION('',(0.,0.,1.));
#8956=DIRECTION('',(0.,0.,-1.));
#8957=DIRECTION('',(0.,0.,-1.));
#8958=DIRECTION('',(-1.,0.,0.));
#8959=DIRECTION('',(0.,0.,-1.));
#8960=DIRECTION('',(0.,0.,-1.));
#8961=DIRECTION('',(-1.,0.,0.));
#8962=DIRECTION('',(0.,0.,-1.));
#8963=DIRECTION('',(0.,0.,-1.));
#8964=DIRECTION('',(0.,1.,0.));
#8965=DIRECTION('',(0.,0.,1.));
#8966=DIRECTION('',(0.,0.,-1.));
#8967=DIRECTION('',(0.,0.,-1.));
#8968=DIRECTION('',(-1.,0.,0.));
#8969=DIRECTION('',(0.,0.,-1.));
#8970=DIRECTION('',(0.,0.,-1.));
#8971=DIRECTION('',(-1.,0.,0.));
#8972=DIRECTION('',(0.,0.,1.));
#8973=DIRECTION('',(0.,0.,1.));
#8974=DIRECTION('',(0.761236643120499,0.648474188515345,0.));
#8975=DIRECTION('',(-0.648474188515345,0.761236643120499,0.));
#8976=DIRECTION('',(-0.761236643120499,-0.648474188515344,0.));
#8977=DIRECTION('',(-0.648474188515344,0.761236643120499,0.));
#8978=DIRECTION('',(0.,0.,1.));
#8979=DIRECTION('',(0.,0.,-1.));
#8980=DIRECTION('',(-1.,0.,0.));
#8981=DIRECTION('',(0.,0.,1.));
#8982=DIRECTION('',(0.,0.,1.));
#8983=DIRECTION('',(-0.758829002561698,0.651289908467204,0.));
#8984=DIRECTION('',(-0.651289908467204,-0.758829002561698,0.));
#8985=DIRECTION('',(0.758829002561699,-0.651289908467203,0.));
#8986=DIRECTION('',(-0.651289908467203,-0.758829002561699,0.));
#8987=DIRECTION('',(0.,1.,0.));
#8988=DIRECTION('',(0.,0.,1.));
#8989=DIRECTION('',(0.00137788087747491,0.999999050721693,0.));
#8990=DIRECTION('',(-0.999999050721693,0.00137788087747491,0.));
#8991=DIRECTION('',(0.,0.,1.));
#8992=DIRECTION('',(0.00137788087747491,0.999999050721693,0.));
#8993=DIRECTION('',(-0.999999050721693,0.00137788087747491,0.));
#8994=DIRECTION('',(0.,0.,1.));
#8995=DIRECTION('',(-0.759657490145734,0.650323379301009,0.));
#8996=DIRECTION('',(-0.650323379301009,-0.759657490145734,0.));
#8997=DIRECTION('',(-0.759657490145734,0.650323379301009,0.));
#8998=DIRECTION('',(0.650323379301009,0.759657490145734,0.));
#8999=DIRECTION('',(0.,0.,1.));
#9000=DIRECTION('',(0.,0.,1.));
#9001=DIRECTION('',(0.,0.,1.));
#9002=DIRECTION('',(0.,0.,-1.));
#9003=DIRECTION('',(-1.,0.,0.));
#9004=DIRECTION('',(0.,0.,-1.));
#9005=DIRECTION('',(1.,0.,0.));
#9006=DIRECTION('',(0.,0.,-1.));
#9007=DIRECTION('',(1.,0.,0.));
#9008=DIRECTION('',(0.,0.,-1.));
#9009=DIRECTION('',(0.,0.,1.));
#9010=DIRECTION('',(0.,0.,1.));
#9011=DIRECTION('',(0.98058067569092,-0.196116135138184,0.));
#9012=DIRECTION('',(0.196116135138184,0.98058067569092,0.));
#9013=DIRECTION('',(-0.98058067569092,-0.196116135138184,0.));
#9014=DIRECTION('',(0.196116135138184,-0.98058067569092,0.));
#9015=DIRECTION('',(0.,0.,1.));
#9016=DIRECTION('',(1.,0.,0.));
#9017=DIRECTION('',(0.,0.,-1.));
#9018=DIRECTION('',(1.,0.,0.));
#9019=DIRECTION('',(0.,0.,-1.));
#9020=DIRECTION('',(0.,0.,1.));
#9021=DIRECTION('',(1.,0.,0.));
#9022=DIRECTION('',(0.,0.,-1.));
#9023=DIRECTION('',(1.,0.,0.));
#9024=DIRECTION('',(0.,0.,-1.));
#9025=DIRECTION('',(1.,0.,0.));
#9026=DIRECTION('',(0.,0.,-1.));
#9027=DIRECTION('',(1.,0.,0.));
#9028=DIRECTION('',(0.,0.,-1.));
#9029=DIRECTION('',(1.,0.,0.));
#9030=DIRECTION('',(0.,0.,-1.));
#9031=DIRECTION('',(0.,-1.,0.));
#9032=DIRECTION('',(1.,0.,0.));
#9033=DIRECTION('',(0.,0.,-1.));
#9034=DIRECTION('',(0.,0.,-1.));
#9035=DIRECTION('',(1.,0.,0.));
#9036=DIRECTION('',(0.,1.,0.));
#9037=DIRECTION('',(0.,0.,-1.));
#9038=DIRECTION('',(1.,0.,0.));
#9039=DIRECTION('',(0.,1.,0.));
#9040=DIRECTION('',(0.,0.,-1.));
#9041=DIRECTION('',(-1.,0.,0.));
#9042=DIRECTION('',(0.,0.,-1.));
#9043=DIRECTION('',(1.,0.,0.));
#9044=DIRECTION('',(0.,0.,-1.));
#9045=DIRECTION('',(0.,0.,-1.));
#9046=DIRECTION('',(1.,0.,0.));
#9047=DIRECTION('',(0.,1.,0.));
#9048=DIRECTION('',(1.,0.,0.));
#9049=DIRECTION('',(0.,0.,-1.));
#9050=DIRECTION('',(1.,0.,0.));
#9051=DIRECTION('',(0.,1.,0.));
#9052=DIRECTION('',(0.,0.,-1.));
#9053=DIRECTION('',(0.,0.,-1.));
#9054=DIRECTION('',(-1.,0.,0.));
#9055=DIRECTION('',(0.,0.,-1.));
#9056=DIRECTION('',(-1.,0.,0.));
#9057=DIRECTION('',(1.,0.,0.));
#9058=DIRECTION('',(0.,0.,-1.));
#9059=DIRECTION('',(-1.,0.,0.));
#9060=DIRECTION('',(0.,0.,1.));
#9061=DIRECTION('',(-1.,0.,0.));
#9062=DIRECTION('',(0.,0.,1.));
#9063=DIRECTION('',(-1.,0.,0.));
#9064=DIRECTION('',(0.,0.,1.));
#9065=DIRECTION('',(1.,0.,0.));
#9066=DIRECTION('',(0.,0.,-1.));
#9067=DIRECTION('',(0.,1.,0.));
#9068=DIRECTION('',(1.,0.,0.));
#9069=DIRECTION('',(0.,0.,-1.));
#9070=DIRECTION('',(1.,0.,0.));
#9071=DIRECTION('',(0.,1.,0.));
#9072=DIRECTION('',(1.,0.,0.));
#9073=DIRECTION('',(0.,1.,0.));
#9074=DIRECTION('',(-0.999999050721693,0.00137788087747673,0.));
#9075=DIRECTION('',(-0.00137788087747673,-0.999999050721693,0.));
#9076=DIRECTION('',(-0.999999050721693,0.00137788087747673,0.));
#9077=DIRECTION('',(0.,0.,-1.));
#9078=DIRECTION('',(-1.,0.,0.));
#9079=DIRECTION('',(0.,0.,1.));
#9080=DIRECTION('',(0.,0.,1.));
#9081=DIRECTION('',(0.,0.,1.));
#9082=DIRECTION('',(1.,0.,0.));
#9083=DIRECTION('',(0.,0.,1.));
#9084=DIRECTION('',(0.,0.,1.));
#9085=DIRECTION('',(0.76041387654721,0.649438785686876,0.));
#9086=DIRECTION('',(-0.649438785686876,0.76041387654721,0.));
#9087=DIRECTION('',(-0.760413876547211,-0.649438785686876,0.));
#9088=DIRECTION('',(-0.649438785686876,0.760413876547211,0.));
#9089=DIRECTION('',(-0.00137788087747471,-0.999999050721693,0.));
#9090=DIRECTION('',(0.999999050721693,-0.00137788087747471,0.));
#9091=DIRECTION('',(0.759657490145735,-0.650323379301008,0.));
#9092=DIRECTION('',(0.650323379301008,0.759657490145735,0.));
#9093=DIRECTION('',(0.759657490145735,-0.650323379301008,0.));
#9094=DIRECTION('',(-0.650323379301008,-0.759657490145735,0.));
#9095=DIRECTION('',(-0.999999050721693,0.00137788087747673,0.));
#9096=DIRECTION('',(-0.00137788087747673,-0.999999050721693,0.));
#9097=DIRECTION('',(-0.999999050721693,0.00137788087747673,0.));
#9098=DIRECTION('',(-0.00137788087747673,-0.999999050721693,0.));
#9099=DIRECTION('',(0.999999050721693,-0.00137788087747491,0.));
#9100=DIRECTION('',(0.00137788087747491,0.999999050721693,0.));
#9101=DIRECTION('',(0.999999050721693,-0.00137788087747491,0.));
#9102=DIRECTION('',(0.00137788087747491,0.999999050721693,0.));
#9103=DIRECTION('',(0.999999050721693,-0.00137788087747491,0.));
#9104=DIRECTION('',(0.999999050721693,-0.00137788087747491,0.));
#9105=DIRECTION('',(0.00137788087747491,0.999999050721693,0.));
#9106=DIRECTION('',(0.,1.,0.));
#9107=DIRECTION('',(1.,0.,0.));
#9108=DIRECTION('',(0.999999050721693,-0.00137788087747491,0.));
#9109=DIRECTION('',(0.00137788087747491,0.999999050721693,0.));
#9110=DIRECTION('',(-0.999999050721693,0.00137788087747491,0.));
#9111=DIRECTION('',(-0.00137788087747491,-0.999999050721693,0.));
#9112=DIRECTION('',(0.,1.,0.));
#9113=DIRECTION('',(1.,0.,0.));
#9114=DIRECTION('',(-0.999999050721693,0.00137788087747491,0.));
#9115=DIRECTION('',(-0.00137788087747491,-0.999999050721693,0.));
#9116=DIRECTION('',(0.999999050721693,-0.00137788087747491,0.));
#9117=DIRECTION('',(0.,0.,1.));
#9118=DIRECTION('',(1.,0.,0.));
#9119=DIRECTION('',(0.,0.,1.));
#9120=DIRECTION('',(0.,0.,1.));
#9121=DIRECTION('',(-0.00137788087747673,-0.999999050721693,0.));
#9122=DIRECTION('',(0.999999050721693,-0.00137788087747673,0.));
#9123=DIRECTION('',(-0.00137788087747673,-0.999999050721693,0.));
#9124=DIRECTION('',(-0.00137788087747673,-0.999999050721693,0.));
#9125=DIRECTION('',(0.00137788087747491,0.999999050721693,0.));
#9126=DIRECTION('',(-0.999999050721693,0.00137788087747491,0.));
#9127=DIRECTION('',(1.13528915526272E-16,-1.56429470239424E-19,-1.));
#9128=DIRECTION('',(-1.,0.,-1.13528915526272E-16));
#9129=DIRECTION('',(-0.00137788087747673,-0.999999050721693,0.));
#9130=DIRECTION('',(-0.999999050721693,0.00137788087747491,-1.13529023296911E-16));
#9131=DIRECTION('',(-0.00137788087747673,-0.999999050721693,0.));
#9132=DIRECTION('',(0.999999050721693,-0.00137788087747673,0.));
#9133=DIRECTION('',(-0.00137788087747673,-0.999999050721693,0.));
#9134=DIRECTION('',(0.00137788087747491,0.999999050721693,0.));
#9135=DIRECTION('',(-0.999999050721693,0.00137788087747491,0.));
#9136=DIRECTION('',(-0.999999050721693,0.00137788087747673,0.));
#9137=DIRECTION('',(-0.00137788087747673,-0.999999050721693,0.));
#9138=DIRECTION('',(-0.00137788087747673,-0.999999050721693,0.));
#9139=DIRECTION('',(0.,0.,-1.));
#9140=DIRECTION('',(-0.00137788087747491,-0.999999050721693,0.));
#9141=DIRECTION('',(0.,0.,-1.));
#9142=DIRECTION('',(0.999999050721693,-0.00137788087747673,0.));
#9143=DIRECTION('',(0.00137788087747673,0.999999050721693,0.));
#9144=DIRECTION('',(-0.00137788087747673,-0.999999050721693,0.));
#9145=DIRECTION('',(0.,0.,1.));
#9146=DIRECTION('',(-0.00137788087747491,-0.999999050721693,0.));
#9147=DIRECTION('',(0.,0.,1.));
#9148=DIRECTION('',(0.00137788087747673,0.999999050721693,0.));
#9149=DIRECTION('',(-0.999999050721693,0.00137788087747673,0.));
#9150=DIRECTION('',(0.,0.,1.));
#9151=DIRECTION('',(0.876215908676647,0.481918749772156,0.));
#9152=DIRECTION('',(-0.481918749772156,0.876215908676647,0.));
#9153=DIRECTION('',(0.481918749772156,-0.876215908676647,0.));
#9154=DIRECTION('',(0.,0.,1.));
#9155=DIRECTION('',(0.876215908676647,-0.481918749772156,0.));
#9156=DIRECTION('',(0.481918749772156,0.876215908676647,0.));
#9157=DIRECTION('',(0.,0.,1.));
#9158=DIRECTION('',(0.481918749772156,0.876215908676647,0.));
#9159=DIRECTION('',(0.,1.,0.));
#9160=DIRECTION('',(0.,0.,1.));
#9161=DIRECTION('',(0.,0.,-1.));
#9162=DIRECTION('',(-0.98058067569092,-0.196116135138184,0.));
#9163=DIRECTION('',(0.196116135138184,-0.98058067569092,0.));
#9164=DIRECTION('',(0.,0.,1.));
#9165=DIRECTION('',(1.,4.33680868994202E-16,0.));
#9166=DIRECTION('',(-4.33680868994202E-16,1.,0.));
#9167=DIRECTION('',(4.33680868994202E-16,-1.,0.));
#9168=DIRECTION('',(0.,0.,-1.));
#9169=DIRECTION('',(0.,0.,-1.));
#9170=DIRECTION('',(0.,1.,0.));
#9171=DIRECTION('',(0.,0.,1.));
#9172=DIRECTION('',(0.,0.,1.));
#9173=DIRECTION('',(1.,0.,0.));
#9174=DIRECTION('',(0.,1.,0.));
#9175=DIRECTION('',(0.,0.,1.));
#9176=DIRECTION('',(0.,0.,-1.));
#9177=DIRECTION('',(0.,0.,-1.));
#9178=DIRECTION('',(0.,1.,0.));
#9179=DIRECTION('',(0.,0.,1.));
#9180=DIRECTION('',(1.,0.,0.));
#9181=DIRECTION('',(0.,0.,-1.));
#9182=DIRECTION('',(1.,0.,0.));
#9183=DIRECTION('',(0.,-0.92070037621483,-0.390270184920487));
#9184=DIRECTION('',(0.,0.390270184920487,-0.92070037621483));
#9185=DIRECTION('',(0.,-0.92070037621483,-0.390270184920487));
#9186=DIRECTION('',(0.,-0.390270184920487,0.92070037621483));
#9187=DIRECTION('',(0.,1.,0.));
#9188=DIRECTION('',(0.,0.,1.));
#9189=DIRECTION('',(0.,0.,1.));
#9190=DIRECTION('',(0.,0.,1.));
#9191=DIRECTION('',(1.,0.,0.));
#9192=DIRECTION('',(0.,0.,-1.));
#9193=DIRECTION('',(1.,0.,0.));
#9194=DIRECTION('',(0.,0.,-1.));
#9195=DIRECTION('',(0.,-0.900847645138055,-0.434135370880121));
#9196=DIRECTION('',(0.98058067569092,-0.196116135138184,0.));
#9197=DIRECTION('',(0.196116135138184,0.98058067569092,0.));
#9198=DIRECTION('',(0.,0.,1.));
#9199=DIRECTION('',(1.,0.,0.));
#9200=DIRECTION('',(0.,0.,-1.));
#9201=DIRECTION('',(-1.,0.,0.));
#9202=DIRECTION('',(0.,0.,1.));
#9203=DIRECTION('',(0.,-0.900847645138054,-0.434135370880123));
#9204=DIRECTION('',(0.,0.92070037621483,0.390270184920487));
#9205=DIRECTION('',(0.,-0.390270184920487,0.92070037621483));
#9206=DIRECTION('',(-1.,0.,0.));
#9207=DIRECTION('',(0.,0.92070037621483,0.390270184920487));
#9208=DIRECTION('',(0.,0.390270184920487,-0.92070037621483));
#9209=DIRECTION('',(-1.,0.,0.));
#9210=DIRECTION('',(0.,0.,1.));
#9211=DIRECTION('',(0.,0.,-1.));
#9212=DIRECTION('',(-1.,0.,0.));
#9213=DIRECTION('',(0.,0.,1.));
#9214=DIRECTION('',(1.,0.,0.));
#9215=DIRECTION('',(-1.,0.,0.));
#9216=DIRECTION('',(0.,0.,1.));
#9217=DIRECTION('',(0.,0.,-1.));
#9218=DIRECTION('',(0.,0.,-1.));
#9219=DIRECTION('',(-2.64843278775085E-16,1.,0.));
#9220=DIRECTION('',(-1.,-2.64843278775085E-16,0.));
#9221=DIRECTION('',(-1.,-2.64843278775085E-16,0.));
#9222=DIRECTION('',(0.,0.,-1.));
#9223=DIRECTION('',(-2.64843278775085E-16,1.,0.));
#9224=DIRECTION('',(-1.,-2.64843278775085E-16,0.));
#9225=DIRECTION('',(0.,0.,-1.));
#9226=DIRECTION('',(0.,0.,-1.));
#9227=DIRECTION('',(-2.64843278775085E-16,1.,0.));
#9228=DIRECTION('',(-1.,-2.64843278775085E-16,0.));
#9229=DIRECTION('',(0.,0.,-1.));
#9230=DIRECTION('',(-1.,0.,0.));
#9231=DIRECTION('',(0.,0.,-1.));
#9232=DIRECTION('',(-1.,0.,0.));
#9233=DIRECTION('',(0.,-1.,0.));
#9234=DIRECTION('',(-1.,-2.64843278775085E-16,0.));
#9235=DIRECTION('',(4.33680868994202E-16,-1.,0.));
#9236=DIRECTION('',(1.,0.,0.));
#9237=DIRECTION('',(1.,0.,0.));
#9238=DIRECTION('',(0.,0.,-1.));
#9239=DIRECTION('',(0.,-1.,0.));
#9240=DIRECTION('',(1.,0.,0.));
#9241=DIRECTION('',(0.,0.,-1.));
#9242=DIRECTION('',(1.,0.,0.));
#9243=DIRECTION('',(0.,0.,-1.));
#9244=DIRECTION('',(0.999999050721693,-0.00137788087747673,0.));
#9245=DIRECTION('',(0.00137788087747673,0.999999050721693,0.));
#9246=DIRECTION('',(-0.00137788087747673,-0.999999050721693,0.));
#9247=DIRECTION('',(-0.999999050721693,0.00137788087747673,0.));
#9248=DIRECTION('',(-0.00137788087747673,-0.999999050721693,0.));
#9249=DIRECTION('',(0.,0.,-1.));
#9250=DIRECTION('',(-0.00137788087747673,-0.999999050721693,0.));
#9251=DIRECTION('',(-0.999999050721693,0.00137788087747673,0.));
#9252=DIRECTION('',(-0.00137788087747673,-0.999999050721693,0.));
#9253=DIRECTION('',(-0.00137788087747673,-0.999999050721693,0.));
#9254=DIRECTION('',(0.999999050721693,-0.00137788087747673,0.));
#9255=DIRECTION('',(0.00137788087747673,0.999999050721693,0.));
#9256=DIRECTION('',(-0.00137788087747673,-0.999999050721693,0.));
#9257=DIRECTION('',(0.00137788087747673,0.999999050721693,0.));
#9258=DIRECTION('',(-0.999999050721693,0.00137788087747673,0.));
#9259=DIRECTION('',(0.00137788087747673,0.999999050721693,0.));
#9260=DIRECTION('',(-0.999999050721693,0.00137788087747673,0.));
#9261=DIRECTION('',(0.00137788087747673,0.999999050721693,0.));
#9262=DIRECTION('',(-0.999999050721693,0.00137788087747673,0.));
#9263=DIRECTION('',(0.00137788087747673,0.999999050721693,0.));
#9264=DIRECTION('',(-0.999999050721693,0.00137788087747673,0.));
#9265=DIRECTION('',(0.,0.,1.));
#9266=DIRECTION('',(1.,0.,0.));
#9267=DIRECTION('',(0.,0.,1.));
#9268=DIRECTION('',(1.,0.,0.));
#9269=DIRECTION('',(0.,0.,1.));
#9270=DIRECTION('',(1.,0.,0.));
#9271=DIRECTION('',(0.,0.,1.));
#9272=DIRECTION('',(1.,0.,0.));
#9273=DIRECTION('',(0.,0.,1.));
#9274=DIRECTION('',(1.,0.,0.));
#9275=DIRECTION('',(0.,0.,1.));
#9276=DIRECTION('',(0.,0.,1.));
#9277=DIRECTION('',(1.,0.,0.));
#9278=DIRECTION('',(0.,0.,1.));
#9279=DIRECTION('',(1.,0.,0.));
#9280=DIRECTION('',(0.,0.,1.));
#9281=DIRECTION('',(1.,0.,0.));
#9282=DIRECTION('',(0.,0.,1.));
#9283=DIRECTION('',(0.,0.,1.));
#9284=DIRECTION('',(0.,0.,1.));
#9285=DIRECTION('',(1.,0.,0.));
#9286=DIRECTION('',(0.,0.,1.));
#9287=DIRECTION('',(0.,0.,1.));
#9288=DIRECTION('',(1.,0.,0.));
#9289=DIRECTION('',(0.,0.,1.));
#9290=DIRECTION('',(0.,0.,1.));
#9291=DIRECTION('',(1.,0.,0.));
#9292=DIRECTION('',(0.,0.,1.));
#9293=DIRECTION('',(0.,0.,1.));
#9294=DIRECTION('',(1.,0.,0.));
#9295=DIRECTION('',(0.,0.,1.));
#9296=DIRECTION('',(1.,0.,0.));
#9297=DIRECTION('',(-0.758829002561698,0.651289908467204,0.));
#9298=DIRECTION('',(-0.651289908467204,-0.758829002561698,0.));
#9299=DIRECTION('',(0.,0.,1.));
#9300=DIRECTION('',(0.,0.,1.));
#9301=DIRECTION('',(0.,1.,0.));
#9302=DIRECTION('',(0.,0.,1.));
#9303=DIRECTION('',(0.,0.,1.));
#9304=DIRECTION('',(0.,0.,1.));
#9305=DIRECTION('',(-0.7612366431205,-0.648474188515343,0.));
#9306=DIRECTION('',(0.648474188515343,-0.7612366431205,0.));
#9307=DIRECTION('',(0.,0.,1.));
#9308=DIRECTION('',(-0.00137788087747471,-0.999999050721693,0.));
#9309=DIRECTION('',(0.999999050721693,-0.00137788087747471,0.));
#9310=DIRECTION('',(0.,0.,1.));
#9311=DIRECTION('',(0.,0.,1.));
#9312=DIRECTION('',(-0.76041387654721,-0.649438785686876,0.));
#9313=DIRECTION('',(0.649438785686876,-0.76041387654721,0.));
#9314=DIRECTION('',(0.,0.,-1.));
#9315=DIRECTION('',(0.,0.,1.));
#9316=DIRECTION('',(0.,0.,-1.));
#9317=DIRECTION('',(-1.,0.,0.));
#9318=DIRECTION('',(-0.00137788087747673,-0.999999050721693,0.));
#9319=DIRECTION('',(0.999999050721693,-0.00137788087747673,0.));
#9320=DIRECTION('',(-0.00137788087747673,-0.999999050721693,0.));
#9321=DIRECTION('',(0.,1.,0.));
#9322=DIRECTION('',(-1.,0.,0.));
#9323=DIRECTION('',(0.,0.,1.));
#9324=DIRECTION('',(1.,0.,0.));
#9325=DIRECTION('',(-0.00137788087747673,-0.999999050721693,0.));
#9326=DIRECTION('',(-1.,0.,0.));
#9327=DIRECTION('',(-0.00137788087747673,-0.999999050721693,0.));
#9328=DIRECTION('',(0.999999050721693,-0.00137788087747673,0.));
#9329=DIRECTION('',(0.,1.,0.));
#9330=DIRECTION('',(-1.,0.,0.));
#9331=DIRECTION('',(0.,0.,1.));
#9332=DIRECTION('',(1.,0.,0.));
#9333=DIRECTION('',(0.,0.,-1.));
#9334=DIRECTION('',(-1.,0.,0.));
#9335=DIRECTION('',(0.,0.,-1.));
#9336=DIRECTION('',(-1.,0.,0.));
#9337=DIRECTION('',(0.,0.,1.));
#9338=DIRECTION('',(1.,0.,0.));
#9339=DIRECTION('',(0.,0.,1.));
#9340=DIRECTION('',(1.,0.,0.));
#9341=DIRECTION('',(0.,0.,-1.));
#9342=DIRECTION('',(-1.,0.,0.));
#9343=DIRECTION('',(0.,1.,0.));
#9344=DIRECTION('',(0.,0.,1.));
#9345=DIRECTION('',(0.,0.,1.));
#9346=DIRECTION('',(0.,1.,0.));
#9347=DIRECTION('',(-1.,0.,0.));
#9348=DIRECTION('',(-1.,0.,2.26871044712589E-16));
#9349=DIRECTION('',(0.,1.,0.));
#9350=DIRECTION('',(-1.,0.,0.));
#9351=DIRECTION('',(0.,0.,-1.));
#9352=DIRECTION('',(-0.00137788087747491,-0.999999050721693,0.));
#9353=DIRECTION('',(0.999999050721693,-0.00137788087747491,0.));
#9354=DIRECTION('',(-0.00137788087747491,-0.999999050721693,0.));
#9355=DIRECTION('',(-0.00137788087747491,-0.999999050721693,0.));
#9356=DIRECTION('',(0.00137788087747491,0.999999050721693,0.));
#9357=DIRECTION('',(-0.999999050721693,0.00137788087747491,0.));
#9358=DIRECTION('',(2.26871044712589E-16,-3.12601570908121E-19,1.));
#9359=DIRECTION('',(1.,0.,-2.26871044712589E-16));
#9360=DIRECTION('',(-0.00137788087747491,-0.999999050721693,0.));
#9361=DIRECTION('',(-0.999999050721693,0.00137788087747491,2.26871260076554E-16));
#9362=DIRECTION('',(-0.00137788087747491,-0.999999050721693,0.));
#9363=DIRECTION('',(0.999999050721693,-0.00137788087747491,0.));
#9364=DIRECTION('',(-0.00137788087747491,-0.999999050721693,0.));
#9365=DIRECTION('',(0.00137788087747491,0.999999050721693,0.));
#9366=DIRECTION('',(-0.999999050721693,0.00137788087747491,0.));
#9367=DIRECTION('',(-0.999999050721693,0.00137788087747491,0.));
#9368=DIRECTION('',(-0.00137788087747491,-0.999999050721693,0.));
#9369=DIRECTION('',(0.,0.,-1.));
#9370=DIRECTION('',(-0.00137788087747491,-0.999999050721693,0.));
#9371=DIRECTION('',(0.999999050721693,-0.00137788087747491,0.));
#9372=DIRECTION('',(0.00137788087747491,0.999999050721693,0.));
#9373=DIRECTION('',(-0.00137788087747491,-0.999999050721693,0.));
#9374=DIRECTION('',(0.,0.,-1.));
#9375=DIRECTION('',(-0.00137788087747673,-0.999999050721693,0.));
#9376=DIRECTION('',(0.999999050721693,-0.00137788087747673,0.));
#9377=DIRECTION('',(0.,0.,-1.));
#9378=DIRECTION('',(-1.,0.,0.));
#9379=DIRECTION('',(0.999999050721693,-0.00137788087747491,0.));
#9380=DIRECTION('',(0.,0.,-1.));
#9381=DIRECTION('',(-1.,0.,0.));
#9382=DIRECTION('',(0.999999050721693,-0.00137788087747491,0.));
#9383=DIRECTION('',(0.00137788087747491,0.999999050721693,0.));
#9384=DIRECTION('',(-0.999999050721693,0.00137788087747491,0.));
#9385=DIRECTION('',(0.,0.,1.));
#9386=DIRECTION('',(1.,0.,0.));
#9387=DIRECTION('',(0.,0.,1.));
#9388=DIRECTION('',(1.,0.,0.));
#9389=DIRECTION('',(1.,0.,0.));
#9390=DIRECTION('',(0.,0.,-1.));
#9391=DIRECTION('',(1.,0.,0.));
#9392=DIRECTION('',(0.,0.,-1.));
#9393=DIRECTION('',(0.,0.707106781186547,-0.707106781186548));
#9394=DIRECTION('',(1.,0.,0.));
#9395=DIRECTION('',(0.,0.,-1.));
#9396=DIRECTION('',(0.,-0.707106781186548,0.707106781186547));
#9397=DIRECTION('',(0.,0.,1.));
#9398=DIRECTION('',(1.,0.,0.));
#9399=DIRECTION('',(-1.,0.,0.));
#9400=DIRECTION('',(0.,-1.,0.));
#9401=DIRECTION('',(1.,0.,0.));
#9402=DIRECTION('',(0.,1.,0.));
#9403=DIRECTION('',(0.,-1.,0.));
#9404=DIRECTION('',(1.,8.67361737988397E-16,0.));
#9405=DIRECTION('',(0.,-1.,0.));
#9406=DIRECTION('',(1.,0.,0.));
#9407=DIRECTION('',(-1.,0.,0.));
#9408=DIRECTION('',(0.,-0.707106781186548,0.707106781186548));
#9409=DIRECTION('',(0.,-0.707106781186548,-0.707106781186548));
#9410=DIRECTION('',(1.,0.,0.));
#9411=DIRECTION('',(0.,0.,-1.));
#9412=DIRECTION('',(1.,0.,0.));
#9413=DIRECTION('',(0.,0.,-1.));
#9414=DIRECTION('',(1.,0.,0.));
#9415=DIRECTION('',(0.,-1.,-1.83971884551675E-16));
#9416=DIRECTION('',(0.,1.83971884551675E-16,-1.));
#9417=DIRECTION('',(0.,-1.83971884551675E-16,1.));
#9418=DIRECTION('',(1.,0.,0.));
#9419=DIRECTION('',(0.,0.,-1.));
#9420=DIRECTION('',(0.,0.,1.));
#9421=DIRECTION('',(0.,1.,0.));
#9422=DIRECTION('',(0.,0.,1.));
#9423=DIRECTION('',(-1.,0.,0.));
#9424=DIRECTION('',(0.,0.,-1.));
#9425=DIRECTION('',(0.,0.,-1.));
#9426=DIRECTION('',(1.,0.,0.));
#9427=DIRECTION('',(0.,0.,-1.));
#9428=DIRECTION('',(1.,0.,0.));
#9429=DIRECTION('',(0.,0.,-1.));
#9430=DIRECTION('',(1.,0.,0.));
#9431=DIRECTION('',(0.,0.,-1.));
#9432=DIRECTION('',(1.,0.,0.));
#9433=DIRECTION('',(0.,0.,-1.));
#9434=DIRECTION('',(1.,0.,0.));
#9435=DIRECTION('',(0.,0.,-1.));
#9436=DIRECTION('',(0.,-1.,0.));
#9437=DIRECTION('',(1.,0.,0.));
#9438=DIRECTION('',(0.,0.,-1.));
#9439=DIRECTION('',(1.,0.,0.));
#9440=DIRECTION('',(0.,0.,-1.));
#9441=DIRECTION('',(0.473002097525826,0.551226036833326,0.687327339812111));
#9442=DIRECTION('',(-0.554688439670544,0.792412056672207,-0.253779170414715));
#9443=DIRECTION('',(-0.554688439670544,0.792412056672207,-0.253779170414715));
#9444=DIRECTION('',(0.823781909070809,0.,-0.566906840925079));
#9445=DIRECTION('',(-0.819231920519041,-0.573462344363328,0.));
#9446=DIRECTION('',(-0.573462344363328,0.819231920519041,0.));
#9447=DIRECTION('',(0.,0.,1.));
#9448=DIRECTION('',(0.,1.,0.));
#9449=DIRECTION('',(0.,0.,1.));
#9450=DIRECTION('',(4.33680868994202E-16,-1.,0.));
#9451=DIRECTION('',(1.,4.33680868994202E-16,0.));
#9452=DIRECTION('',(-2.64843278775085E-16,1.,0.));
#9453=DIRECTION('',(-1.,-2.64843278775085E-16,0.));
#9454=DIRECTION('',(0.,1.,0.));
#9455=DIRECTION('',(0.,0.,1.));
#9456=DIRECTION('',(0.,1.,0.));
#9457=DIRECTION('',(0.,0.,1.));
#9458=DIRECTION('',(0.,0.,1.));
#9459=DIRECTION('',(1.,0.,0.));
#9460=DIRECTION('',(0.,0.,1.));
#9461=DIRECTION('',(1.,0.,0.));
#9462=DIRECTION('',(-2.64843278775085E-16,1.,0.));
#9463=DIRECTION('',(-1.,-2.64843278775085E-16,0.));
#9464=DIRECTION('',(1.,2.21265749486837E-16,-7.83336510335549E-31));
#9465=DIRECTION('',(-2.21265749486837E-16,1.,0.));
#9466=DIRECTION('',(1.,2.64843278775085E-16,0.));
#9467=DIRECTION('',(-2.64843278775085E-16,1.,0.));
#9468=DIRECTION('',(0.,0.,-1.));
#9469=DIRECTION('',(-1.,0.,0.));
#9470=DIRECTION('',(0.,0.,1.));
#9471=DIRECTION('',(1.,0.,0.));
#9472=DIRECTION('',(0.,1.,0.));
#9473=DIRECTION('',(0.,0.,1.));
#9474=DIRECTION('',(1.,0.,0.));
#9475=DIRECTION('',(0.,0.,-1.));
#9476=DIRECTION('',(1.,0.,0.));
#9477=DIRECTION('',(0.,0.,-1.));
#9478=DIRECTION('',(1.,0.,0.));
#9479=DIRECTION('',(0.,0.,-1.));
#9480=DIRECTION('',(0.,0.,-1.));
#9481=DIRECTION('',(0.,-1.,0.));
#9482=DIRECTION('',(0.,0.,-1.));
#9483=DIRECTION('',(0.,-1.,0.));
#9484=DIRECTION('',(0.,0.,-1.));
#9485=DIRECTION('',(0.,0.,-1.));
#9486=DIRECTION('',(-1.,0.,0.));
#9487=DIRECTION('',(1.,0.,0.));
#9488=DIRECTION('',(0.,0.,-1.));
#9489=DIRECTION('',(0.,0.,-1.));
#9490=DIRECTION('',(0.,-1.,0.));
#9491=DIRECTION('',(0.,-1.,0.));
#9492=DIRECTION('',(0.,0.,-1.));
#9493=DIRECTION('',(-1.,0.,0.));
#9494=DIRECTION('',(0.,0.,-1.));
#9495=DIRECTION('',(1.,0.,0.));
#9496=DIRECTION('',(0.,-1.,0.));
#9497=DIRECTION('',(0.,0.,-1.));
#9498=DIRECTION('',(0.,0.,-1.));
#9499=DIRECTION('',(-1.,0.,0.));
#9500=DIRECTION('',(0.,0.,-1.));
#9501=DIRECTION('',(1.,0.,0.));
#9502=DIRECTION('',(0.,0.,-1.));
#9503=DIRECTION('',(0.,0.,-1.));
#9504=DIRECTION('',(0.,-1.,0.));
#9505=DIRECTION('',(0.,-1.,0.));
#9506=DIRECTION('',(0.,0.,-1.));
#9507=DIRECTION('',(0.,0.,-1.));
#9508=DIRECTION('',(-1.,0.,0.));
#9509=DIRECTION('',(1.,0.,0.));
#9510=DIRECTION('',(0.,0.,-1.));
#9511=DIRECTION('',(0.,-1.,0.));
#9512=DIRECTION('',(0.,0.,-1.));
#9513=DIRECTION('',(1.,0.,0.));
#9514=DIRECTION('',(-1.,0.,0.));
#9515=DIRECTION('',(0.,0.,1.));
#9516=DIRECTION('',(-1.,0.,0.));
#9517=DIRECTION('',(0.,0.,1.));
#9518=DIRECTION('',(-1.,0.,0.));
#9519=DIRECTION('',(0.,-1.,0.));
#9520=DIRECTION('',(-1.,0.,0.));
#9521=DIRECTION('',(0.,0.,1.));
#9522=DIRECTION('',(-1.,0.,0.));
#9523=DIRECTION('',(0.,0.,1.));
#9524=DIRECTION('',(-1.,0.,0.));
#9525=DIRECTION('',(0.,-1.,0.));
#9526=DIRECTION('',(1.,0.,0.));
#9527=DIRECTION('',(0.,0.,-1.));
#9528=DIRECTION('',(-1.,0.,0.));
#9529=DIRECTION('',(0.,0.,1.));
#9530=DIRECTION('',(-1.,0.,0.));
#9531=DIRECTION('',(0.,-1.,0.));
#9532=DIRECTION('',(1.,0.,0.));
#9533=DIRECTION('',(0.,0.,-1.));
#9534=DIRECTION('',(-1.,0.,0.));
#9535=DIRECTION('',(0.,0.,1.));
#9536=DIRECTION('',(-1.,0.,0.));
#9537=DIRECTION('',(0.,-1.,0.));
#9538=DIRECTION('',(-0.00137788087747673,-0.999999050721693,0.));
#9539=DIRECTION('',(0.999999050721693,-0.00137788087747673,0.));
#9540=DIRECTION('',(1.,0.,0.));
#9541=DIRECTION('',(0.,0.,-1.));
#9542=DIRECTION('',(0.,0.707106781186548,-0.707106781186547));
#9543=DIRECTION('',(1.,0.,0.));
#9544=DIRECTION('',(0.,0.,-1.));
#9545=DIRECTION('',(0.,-0.707106781186547,0.707106781186548));
#9546=DIRECTION('',(1.,0.,0.));
#9547=DIRECTION('',(0.,0.,-1.));
#9548=DIRECTION('',(1.,0.,0.));
#9549=DIRECTION('',(0.,0.,-1.));
#9550=DIRECTION('',(1.,0.,0.));
#9551=DIRECTION('',(0.,0.,-1.));
#9552=DIRECTION('',(1.,0.,0.));
#9553=DIRECTION('',(0.,0.,-1.));
#9554=DIRECTION('',(0.,0.,1.));
#9555=DIRECTION('',(1.,0.,0.));
#9556=DIRECTION('',(0.,0.,1.));
#9557=DIRECTION('',(1.,0.,0.));
#9558=DIRECTION('',(0.00137788087747673,0.999999050721693,0.));
#9559=DIRECTION('',(0.00137788087747673,0.999999050721693,0.));
#9560=DIRECTION('',(0.999999050721693,-0.00137788087747673,0.));
#9561=DIRECTION('',(0.00137788087747673,0.999999050721693,0.));
#9562=DIRECTION('',(0.00137788087747673,0.999999050721693,0.));
#9563=DIRECTION('',(0.00137788087747673,0.999999050721693,0.));
#9564=DIRECTION('',(-0.999999050721693,0.00137788087747673,0.));
#9565=DIRECTION('',(0.00137788087747673,0.999999050721693,0.));
#9566=DIRECTION('',(0.,0.,-1.));
#9567=DIRECTION('',(-1.,0.,0.));
#9568=DIRECTION('',(0.00137788087747673,0.999999050721693,0.));
#9569=DIRECTION('',(0.999999050721693,-0.00137788087747673,-2.0171184060947E-16));
#9570=DIRECTION('',(0.00137788087747673,0.999999050721693,0.));
#9571=DIRECTION('',(0.00137788087747673,0.999999050721693,0.));
#9572=DIRECTION('',(0.00137788087747673,0.999999050721693,0.));
#9573=DIRECTION('',(-0.999999050721693,0.00137788087747673,0.));
#9574=DIRECTION('',(0.00137788087747673,0.999999050721693,0.));
#9575=DIRECTION('',(-0.999999050721693,0.00137788087747673,0.));
#9576=DIRECTION('',(0.00137788087747673,0.999999050721693,0.));
#9577=DIRECTION('',(0.00137788087747673,0.999999050721693,0.));
#9578=DIRECTION('',(0.999999050721693,-0.00137788087747673,-2.0171184060947E-16));
#9579=DIRECTION('',(0.00137788087747673,0.999999050721693,0.));
#9580=DIRECTION('',(0.00137788087747673,0.999999050721693,0.));
#9581=DIRECTION('',(0.,0.,-1.));
#9582=DIRECTION('',(-1.,0.,0.));
#9583=DIRECTION('',(0.00137788087747673,0.999999050721693,0.));
#9584=DIRECTION('',(0.00137788087747673,0.999999050721693,0.));
#9585=DIRECTION('',(-0.999999050721693,0.00137788087747673,0.));
#9586=DIRECTION('',(0.00137788087747673,0.999999050721693,0.));
#9587=DIRECTION('',(-0.999999050721693,0.00137788087747673,0.));
#9588=DIRECTION('',(-0.00137788087747673,-0.999999050721693,0.));
#9589=DIRECTION('',(0.00137788087747673,0.999999050721693,0.));
#9590=DIRECTION('',(0.,0.,1.));
#9591=DIRECTION('',(1.,0.,0.));
#9592=DIRECTION('',(1.,0.,0.));
#9593=DIRECTION('',(0.,0.,-1.));
#9594=DIRECTION('',(1.,0.,0.));
#9595=DIRECTION('',(0.,0.,-1.));
#9596=DIRECTION('',(1.,0.,0.));
#9597=DIRECTION('',(0.,0.,-1.));
#9598=DIRECTION('',(1.,0.,0.));
#9599=DIRECTION('',(0.,0.,-1.));
#9600=DIRECTION('',(0.,1.,0.));
#9601=DIRECTION('',(1.,0.,0.));
#9602=DIRECTION('',(0.,0.,-1.));
#9603=DIRECTION('',(1.,0.,0.));
#9604=DIRECTION('',(0.,0.,-1.));
#9605=DIRECTION('',(0.,0.,1.));
#9606=DIRECTION('',(1.,0.,0.));
#9607=DIRECTION('',(1.,0.,0.));
#9608=DIRECTION('',(1.,0.,0.));
#9609=DIRECTION('',(-1.,0.,0.));
#9610=DIRECTION('',(0.,0.,1.));
#9611=DIRECTION('',(1.,0.,0.));
#9612=DIRECTION('',(0.,0.,-1.));
#9613=DIRECTION('',(0.,-0.707106781186548,-0.707106781186547));
#9614=DIRECTION('',(0.,0.707106781186547,-0.707106781186548));
#9615=DIRECTION('',(0.,-0.707106781186547,-0.707106781186548));
#9616=DIRECTION('',(0.,0.707106781186548,-0.707106781186547));
#9617=DIRECTION('',(0.,-0.707106781186547,-0.707106781186548));
#9618=DIRECTION('',(0.,0.707106781186548,-0.707106781186547));
#9619=DIRECTION('',(1.,0.,0.));
#9620=DIRECTION('',(0.,0.,1.));
#9621=DIRECTION('',(1.,0.,0.));
#9622=DIRECTION('',(1.,0.,0.));
#9623=DIRECTION('',(1.,0.,0.));
#9624=DIRECTION('',(-1.,0.,0.));
#9625=DIRECTION('',(0.,0.,1.));
#9626=DIRECTION('',(-1.,0.,0.));
#9627=DIRECTION('',(0.,0.,1.));
#9628=DIRECTION('',(-1.,0.,0.));
#9629=DIRECTION('',(0.,0.,1.));
#9630=DIRECTION('',(-1.,0.,0.));
#9631=DIRECTION('',(0.,0.,1.));
#9632=DIRECTION('',(-1.,0.,0.));
#9633=DIRECTION('',(0.,0.,1.));
#9634=DIRECTION('',(-1.,0.,0.));
#9635=DIRECTION('',(0.,0.,1.));
#9636=DIRECTION('',(-1.,0.,0.));
#9637=DIRECTION('',(0.,0.,1.));
#9638=DIRECTION('',(-1.,0.,0.));
#9639=DIRECTION('',(0.,0.,1.));
#9640=DIRECTION('',(0.,-0.707106781186547,0.707106781186548));
#9641=DIRECTION('',(-1.,0.,0.));
#9642=DIRECTION('',(0.,-0.707106781186548,-0.707106781186547));
#9643=DIRECTION('',(0.,0.,1.));
#9644=DIRECTION('',(1.,0.,0.));
#9645=DIRECTION('',(-0.552157630374232,-0.441726104299388,-0.707106781186547));
#9646=DIRECTION('',(0.552157630374233,0.441726104299387,-0.707106781186547));
#9647=DIRECTION('',(0.624695047554424,-0.78086880944303,0.));
#9648=DIRECTION('',(-0.552157630374233,-0.441726104299387,-0.707106781186547));
#9649=DIRECTION('',(0.,0.,1.));
#9650=DIRECTION('',(1.,0.,0.));
#9651=DIRECTION('',(-0.658168724139136,0.258483907748749,-0.707106781186547));
#9652=DIRECTION('',(0.,0.,-1.));
#9653=DIRECTION('',(-1.,0.,0.));
#9654=DIRECTION('',(-0.00578595372847165,-0.70708310879235,-0.707106781186546));
#9655=DIRECTION('',(0.,0.,1.));
#9656=DIRECTION('',(1.,0.,0.));
#9657=DIRECTION('',(-0.619578210808791,-0.340768015944835,-0.707106781186546));
#9658=DIRECTION('',(0.619578210808791,0.340768015944835,-0.707106781186547));
#9659=DIRECTION('',(-0.481918749772156,0.876215908676647,0.));
#9660=DIRECTION('',(0.,-0.707106781186547,0.707106781186548));
#9661=DIRECTION('',(-1.,0.,0.));
#9662=DIRECTION('',(0.,0.707106781186548,0.707106781186547));
#9663=DIRECTION('',(0.,0.,1.));
#9664=DIRECTION('',(1.,0.,0.));
#9665=DIRECTION('',(-0.552157630374233,0.441726104299385,0.707106781186548));
#9666=DIRECTION('',(-0.552157630374233,0.441726104299387,-0.707106781186547));
#9667=DIRECTION('',(-0.624695047554424,-0.78086880944303,0.));
#9668=DIRECTION('',(-0.552157630374233,0.441726104299385,0.707106781186548));
#9669=DIRECTION('',(0.,0.,1.));
#9670=DIRECTION('',(1.,0.,0.));
#9671=DIRECTION('',(-0.657748390283222,-0.259551642414046,0.707106781186549));
#9672=DIRECTION('',(0.,0.,-1.));
#9673=DIRECTION('',(-1.,0.,0.));
#9674=DIRECTION('',(-0.00490031758611777,0.707089801148026,0.707106781186548));
#9675=DIRECTION('',(0.,0.,1.));
#9676=DIRECTION('',(1.,0.,0.));
#9677=DIRECTION('',(-0.61957821080879,0.340768015944834,0.707106781186547));
#9678=DIRECTION('',(0.619578210808789,-0.340768015944834,0.707106781186548));
#9679=DIRECTION('',(-0.481918749772156,-0.876215908676647,0.));
#9680=DIRECTION('',(0.,-4.77048955893622E-15,-1.));
#9681=DIRECTION('',(0.,1.,-4.77048955893622E-15));
#9682=DIRECTION('',(0.,-4.33680868994202E-16,1.));
#9683=DIRECTION('',(0.,-1.,-4.33680868994202E-16));
#9684=DIRECTION('',(0.,9.22294648061002E-14,-1.));
#9685=DIRECTION('',(0.,1.,9.22294648061002E-14));
#9686=DIRECTION('',(0.,0.,-1.));
#9687=DIRECTION('',(-1.,0.,0.));
#9688=DIRECTION('',(-0.895042549000974,-0.445980756847019,0.));
#9689=DIRECTION('',(0.445980756847019,-0.895042549000974,0.));
#9690=DIRECTION('',(0.438520396289031,-0.880070288364673,0.182143211721527));
#9691=DIRECTION('',(0.438520396289031,-0.880070288364673,-0.182143211721527));
#9692=DIRECTION('',(-0.633071138718746,-0.44634172258635,0.632455532033676));
#9693=DIRECTION('',(0.706762730370115,0.,0.707450664682549));
#9694=DIRECTION('',(0.180931240502283,-0.879715360855744,-0.439732612032305));
#9695=DIRECTION('',(-0.000616207061387003,-0.447213170969793,0.894427190999916));
#9696=DIRECTION('',(0.,-0.89442736081195,-0.447213255875729));
#9697=DIRECTION('',(-0.183354837131572,-0.879213417558958,-0.439732612032305));
#9698=DIRECTION('',(0.631838724595973,-0.448084619353237,0.632455532033676));
#9699=DIRECTION('',(0.707451671054101,0.,-0.706761723017567));
#9700=DIRECTION('',(-0.440943992918319,-0.878858490050029,-0.182143211721527));
#9701=DIRECTION('',(0.8938101348782,-0.448445585092567,0.));
#9702=DIRECTION('',(0.448445585092567,0.8938101348782,0.));
#9703=DIRECTION('',(-0.440943992918319,-0.878858490050029,0.182143211721527));
#9704=DIRECTION('',(0.631838724595973,-0.448084619353237,-0.632455532033676));
#9705=DIRECTION('',(-0.707451671054101,0.,-0.706761723017567));
#9706=DIRECTION('',(-0.183354837131572,-0.879213417558957,0.439732612032305));
#9707=DIRECTION('',(-0.000616207061387004,-0.447213170969793,-0.894427190999916));
#9708=DIRECTION('',(0.,0.89442736081195,-0.447213255875729));
#9709=DIRECTION('',(0.180931240502283,-0.879715360855744,0.439732612032305));
#9710=DIRECTION('',(-0.633071138718746,-0.44634172258635,-0.632455532033676));
#9711=DIRECTION('',(-0.706762730370115,0.,0.707450664682549));
#9712=DIRECTION('',(0.8938101348782,-0.448445585092566,0.));
#9713=DIRECTION('',(0.448445585092566,0.8938101348782,0.));
#9714=DIRECTION('',(-0.440943992918319,-0.878858490050029,-0.182143211721528));
#9715=DIRECTION('',(-0.440943992918319,-0.878858490050029,0.182143211721527));
#9716=DIRECTION('',(0.631838724595974,-0.448084619353236,-0.632455532033675));
#9717=DIRECTION('',(-0.7074516710541,0.,-0.706761723017568));
#9718=DIRECTION('',(-0.183354837131572,-0.879213417558958,0.439732612032304));
#9719=DIRECTION('',(-0.00061620706138591,-0.447213170969793,-0.894427190999916));
#9720=DIRECTION('',(0.,0.89442736081195,-0.447213255875728));
#9721=DIRECTION('',(0.180931240502283,-0.879715360855744,0.439732612032304));
#9722=DIRECTION('',(-0.633071138718746,-0.44634172258635,-0.632455532033677));
#9723=DIRECTION('',(-0.706762730370116,0.,0.707450664682548));
#9724=DIRECTION('',(0.438520396289031,-0.880070288364673,0.182143211721527));
#9725=DIRECTION('',(-0.895042549000974,-0.445980756847018,-1.24861706926044E-15));
#9726=DIRECTION('',(0.445980756847018,-0.895042549000974,0.));
#9727=DIRECTION('',(0.438520396289031,-0.880070288364673,-0.182143211721528));
#9728=DIRECTION('',(-0.633071138718747,-0.446341722586349,0.632455532033675));
#9729=DIRECTION('',(0.706762730370114,0.,0.70745066468255));
#9730=DIRECTION('',(0.180931240502283,-0.879715360855744,-0.439732612032305));
#9731=DIRECTION('',(-0.000616207061388252,-0.447213170969793,0.894427190999916));
#9732=DIRECTION('',(0.,-0.89442736081195,-0.447213255875729));
#9733=DIRECTION('',(-0.183354837131571,-0.879213417558958,-0.439732612032305));
#9734=DIRECTION('',(0.631838724595972,-0.448084619353237,0.632455532033677));
#9735=DIRECTION('',(0.707451671054102,0.,-0.706761723017566));
#9736=DIRECTION('',(1.,0.,0.));
#9737=DIRECTION('',(0.,0.,-1.));
#9738=DIRECTION('',(-1.,0.,0.));
#9739=DIRECTION('',(0.,0.,1.));
#9740=CARTESIAN_POINT('',(0.,0.,0.));
#9741=CARTESIAN_POINT('',(0.0401,0.000934316971695538,0.0068));
#9742=CARTESIAN_POINT('',(0.0401,0.00788431697169554,0.0188));
#9743=CARTESIAN_POINT('',(0.0401,0.00788431697169554,-0.0007));
#9744=CARTESIAN_POINT('',(0.0401,0.00788431697169554,-0.0022));
#9745=CARTESIAN_POINT('',(0.0401,0.00667037517286915,-0.0007));
#9746=CARTESIAN_POINT('',(0.0401,0.00613431697169554,-0.0007));
#9747=CARTESIAN_POINT('',(0.0401,0.00728431697169554,0.00045));
#9748=CARTESIAN_POINT('',(0.0401,0.00463431697169554,-0.0022));
#9749=CARTESIAN_POINT('',(0.0401,0.00750931697169554,-0.0022));
#9750=CARTESIAN_POINT('',(0.0361,0.000934316971695538,0.0068));
#9751=CARTESIAN_POINT('',(0.0361,0.00667037517286915,-0.0007));
#9752=CARTESIAN_POINT('',(0.0361,0.00788431697169554,-0.0007));
#9753=CARTESIAN_POINT('',(0.0361,0.00613431697169554,-0.0007));
#9754=CARTESIAN_POINT('',(0.0361,0.00788431697169554,0.0188));
#9755=CARTESIAN_POINT('',(0.0361,0.00788431697169554,-0.0022));
#9756=CARTESIAN_POINT('',(0.0361,0.000559316971695537,-0.0022));
#9757=CARTESIAN_POINT('',(0.0361,0.00463431697169554,-0.0022));
#9758=CARTESIAN_POINT('',(0.0361,0.00728431697169554,0.00045));
#9759=CARTESIAN_POINT('',(0.0287,0.00588431697169554,-0.00095));
#9760=CARTESIAN_POINT('',(0.040102,0.00613431697169554,-0.0007));
#9761=CARTESIAN_POINT('',(0.0287,0.00463431697169554,-0.0022));
#9762=CARTESIAN_POINT('',(0.0375,0.00788431697169554,-0.0007));
#9763=CARTESIAN_POINT('',(0.040102,0.00788431697169554,-0.0007));
#9764=CARTESIAN_POINT('',(0.0406,0.00788431697169554,-0.0022));
#9765=CARTESIAN_POINT('',(0.0411,0.00788431697169554,-0.0022));
#9766=CARTESIAN_POINT('',(0.0411,0.00788431697169554,0.0188));
#9767=CARTESIAN_POINT('',(0.0411,0.00788431697169554,0.0058));
#9768=CARTESIAN_POINT('',(0.043,0.00788431697169554,0.0058));
#9769=CARTESIAN_POINT('',(0.043,0.00788431697169554,0.0058));
#9770=CARTESIAN_POINT('',(0.043,0.00788431697169554,-0.0007));
#9771=CARTESIAN_POINT('',(0.043,0.00788431697169554,-0.0062));
#9772=CARTESIAN_POINT('',(0.0375,0.00788431697169554,-0.0062));
#9773=CARTESIAN_POINT('',(0.02,0.00788431697169554,-0.0062));
#9774=CARTESIAN_POINT('',(0.02,0.00788431697169554,-0.0007));
#9775=CARTESIAN_POINT('',(0.02,0.00788431697169554,0.0008));
#9776=CARTESIAN_POINT('',(0.0375,0.00788431697169554,0.0008));
#9777=CARTESIAN_POINT('',(0.0318,0.00788431697169554,0.0008));
#9778=CARTESIAN_POINT('',(0.0318,0.00788431697169554,0.0188));
#9779=CARTESIAN_POINT('',(0.0318,0.00788431697169554,-0.0022));
#9780=CARTESIAN_POINT('',(0.0323,0.00788431697169554,-0.0022));
#9781=CARTESIAN_POINT('',(0.0328,0.00788431697169554,-0.0022));
#9782=CARTESIAN_POINT('',(0.0328,0.00788431697169554,0.0188));
#9783=CARTESIAN_POINT('',(0.0328,0.00788431697169554,0.0008));
#9784=CARTESIAN_POINT('',(0.0375,0.00788431697169554,0.0008));
#9785=CARTESIAN_POINT('',(0.0351,0.00788431697169554,0.0008));
#9786=CARTESIAN_POINT('',(0.0351,0.00788431697169554,0.0188));
#9787=CARTESIAN_POINT('',(0.0351,0.00788431697169554,-0.0022));
#9788=CARTESIAN_POINT('',(0.0356,0.00788431697169554,-0.0022));
#9789=CARTESIAN_POINT('',(0.0401,0.000934316971695538,0.0068));
#9790=CARTESIAN_POINT('',(0.0401,-0.00201568302830446,0.000300000000000137));
#9791=CARTESIAN_POINT('',(0.0401,-0.00430697087578248,-0.0007));
#9792=CARTESIAN_POINT('',(0.0401,-0.00201568302830446,-0.0022));
#9793=CARTESIAN_POINT('',(0.0401,-0.00526568302830446,-0.000699999999999932));
#9794=CARTESIAN_POINT('',(0.0401,-0.00601568302830446,-0.0007));
#9795=CARTESIAN_POINT('',(0.0401,-0.00601568302830446,0.0188));
#9796=CARTESIAN_POINT('',(0.0401,-0.00601568302830446,-0.0022));
#9797=CARTESIAN_POINT('',(0.0401,0.00750931697169554,-0.0022));
#9798=CARTESIAN_POINT('',(0.0287,-0.00201568302830446,0.000300000000000137));
#9799=CARTESIAN_POINT('',(0.040102,-0.00430697087578248,-0.0007));
#9800=CARTESIAN_POINT('',(0.0361,-0.00430697087578254,-0.000699999999999843));
#9801=CARTESIAN_POINT('',(0.0287,-0.00201568302830446,-0.0022));
#9802=CARTESIAN_POINT('',(0.0361,-0.00201568302830446,-0.0022));
#9803=CARTESIAN_POINT('',(0.0361,-0.00201568302830446,0.000300000000000137));
#9804=CARTESIAN_POINT('',(0.0361,0.000934316971695538,0.0068));
#9805=CARTESIAN_POINT('',(0.0361,-0.00526568302830446,-0.000699999999999932));
#9806=CARTESIAN_POINT('',(0.0361,-0.00601568302830446,-0.0007));
#9807=CARTESIAN_POINT('',(0.0361,0.000559316971695537,-0.0022));
#9808=CARTESIAN_POINT('',(0.0361,-0.00601568302830446,-0.0022));
#9809=CARTESIAN_POINT('',(0.0361,-0.00601568302830446,0.0188));
#9810=CARTESIAN_POINT('',(-0.0361,0.000610028045739637,0.0068));
#9811=CARTESIAN_POINT('',(-0.0361,-0.00436497195426036,-0.00095));
#9812=CARTESIAN_POINT('',(-0.0361,-0.00461497195426036,-0.0007));
#9813=CARTESIAN_POINT('',(-0.0361,-0.00311497195426036,-0.0022));
#9814=CARTESIAN_POINT('',(-0.0361,-0.00598997195426036,-0.0007));
#9815=CARTESIAN_POINT('',(-0.0361,-0.00636497195426036,-0.0007));
#9816=CARTESIAN_POINT('',(-0.0361,-0.00636497195426036,0.0188));
#9817=CARTESIAN_POINT('',(-0.0361,-0.00636497195426036,-0.0022));
#9818=CARTESIAN_POINT('',(-0.0361,0.00721002804573964,-0.0022));
#9819=CARTESIAN_POINT('',(-0.03795,-0.00636497195426036,-0.0007));
#9820=CARTESIAN_POINT('',(-0.040102,-0.00636497195426036,-0.0007));
#9821=CARTESIAN_POINT('',(-0.0401,-0.00636497195426036,-0.0007));
#9822=CARTESIAN_POINT('',(-0.0401,-0.00636497195426036,0.0188));
#9823=CARTESIAN_POINT('',(-0.0401,-0.00636497195426036,-0.0022));
#9824=CARTESIAN_POINT('',(-0.0406,-0.00636497195426036,-0.0022));
#9825=CARTESIAN_POINT('',(-0.0411,-0.00636497195426036,-0.0022));
#9826=CARTESIAN_POINT('',(-0.0411,-0.00636497195426036,-0.008002));
#9827=CARTESIAN_POINT('',(-0.0411,-0.00636497195426036,0.0058));
#9828=CARTESIAN_POINT('',(-0.043,-0.00636497195426036,0.0058));
#9829=CARTESIAN_POINT('',(-0.043,-0.00636497195426036,0.0058));
#9830=CARTESIAN_POINT('',(-0.043,-0.00636497195426036,-0.0007));
#9831=CARTESIAN_POINT('',(-0.043,-0.00636497195426036,-0.0062));
#9832=CARTESIAN_POINT('',(-0.03795,-0.00636497195426036,-0.0062));
#9833=CARTESIAN_POINT('',(-0.0209,-0.00636497195426036,-0.0062));
#9834=CARTESIAN_POINT('',(-0.0209,-0.00636497195426036,-0.0007));
#9835=CARTESIAN_POINT('',(-0.0209,-0.00636497195426036,0.0008));
#9836=CARTESIAN_POINT('',(-0.03795,-0.00636497195426036,0.0008));
#9837=CARTESIAN_POINT('',(-0.0319,-0.00636497195426036,0.0008));
#9838=CARTESIAN_POINT('',(-0.0319,-0.00636497195426036,0.0188));
#9839=CARTESIAN_POINT('',(-0.0319,-0.00636497195426036,-0.0022));
#9840=CARTESIAN_POINT('',(-0.0324,-0.00636497195426036,-0.0022));
#9841=CARTESIAN_POINT('',(-0.0329,-0.00636497195426036,-0.0022));
#9842=CARTESIAN_POINT('',(-0.0329,-0.00636497195426036,0.0188));
#9843=CARTESIAN_POINT('',(-0.0329,-0.00636497195426036,0.0008));
#9844=CARTESIAN_POINT('',(-0.03795,-0.00636497195426036,0.0008));
#9845=CARTESIAN_POINT('',(-0.0351,-0.00636497195426036,0.0008));
#9846=CARTESIAN_POINT('',(-0.0351,-0.00636497195426036,0.0188));
#9847=CARTESIAN_POINT('',(-0.0351,-0.00636497195426036,-0.0022));
#9848=CARTESIAN_POINT('',(-0.0356,-0.00636497195426036,-0.0022));
#9849=CARTESIAN_POINT('',(-0.0401,0.000610028045739637,0.0068));
#9850=CARTESIAN_POINT('',(-0.0401,0.00721002804573964,-0.0007));
#9851=CARTESIAN_POINT('',(-0.0401,0.00758502804573964,-0.0007));
#9852=CARTESIAN_POINT('',(-0.0401,0.00662631589321756,-0.0007));
#9853=CARTESIAN_POINT('',(-0.0401,0.00758502804573964,0.0188));
#9854=CARTESIAN_POINT('',(-0.0401,0.00758502804573964,-0.0022));
#9855=CARTESIAN_POINT('',(-0.0401,0.000235028045739638,-0.0022));
#9856=CARTESIAN_POINT('',(-0.0401,0.00433502804573964,-0.0022));
#9857=CARTESIAN_POINT('',(-0.0401,0.00433502804573964,0.0003));
#9858=CARTESIAN_POINT('',(-0.03795,0.00758502804573964,-0.0007));
#9859=CARTESIAN_POINT('',(-0.040102,0.00758502804573964,-0.0007));
#9860=CARTESIAN_POINT('',(-0.0361,0.00758502804573964,-0.0007));
#9861=CARTESIAN_POINT('',(-0.0361,0.00758502804573964,0.0188));
#9862=CARTESIAN_POINT('',(-0.0361,0.00758502804573964,-0.0022));
#9863=CARTESIAN_POINT('',(-0.0356,0.00758502804573964,-0.0022));
#9864=CARTESIAN_POINT('',(-0.0351,0.00758502804573964,-0.0022));
#9865=CARTESIAN_POINT('',(-0.0351,0.00758502804573964,0.0188));
#9866=CARTESIAN_POINT('',(-0.0351,0.00758502804573964,0.0008));
#9867=CARTESIAN_POINT('',(-0.03795,0.00758502804573964,0.0008));
#9868=CARTESIAN_POINT('',(-0.0329,0.00758502804573964,0.0008));
#9869=CARTESIAN_POINT('',(-0.0329,0.00758502804573964,0.0188));
#9870=CARTESIAN_POINT('',(-0.0329,0.00758502804573964,-0.0022));
#9871=CARTESIAN_POINT('',(-0.0324,0.00758502804573964,-0.0022));
#9872=CARTESIAN_POINT('',(-0.0319,0.00758502804573964,-0.0022));
#9873=CARTESIAN_POINT('',(-0.0319,0.00758502804573964,0.0188));
#9874=CARTESIAN_POINT('',(-0.0319,0.00758502804573964,0.0008));
#9875=CARTESIAN_POINT('',(-0.03795,0.00758502804573964,0.0008));
#9876=CARTESIAN_POINT('',(-0.0209,0.00758502804573964,0.0008));
#9877=CARTESIAN_POINT('',(-0.0209,0.00758502804573964,-0.0007));
#9878=CARTESIAN_POINT('',(-0.0209,0.00758502804573964,-0.0062));
#9879=CARTESIAN_POINT('',(-0.03795,0.00758502804573964,-0.0062));
#9880=CARTESIAN_POINT('',(-0.043,0.00758502804573964,-0.0062));
#9881=CARTESIAN_POINT('',(-0.043,0.00758502804573964,-0.0007));
#9882=CARTESIAN_POINT('',(-0.043,0.00758502804573964,0.0058));
#9883=CARTESIAN_POINT('',(-0.03795,0.00758502804573964,0.0058));
#9884=CARTESIAN_POINT('',(-0.0411,0.00758502804573964,0.0058));
#9885=CARTESIAN_POINT('',(-0.0411,0.00758502804573964,-0.008002));
#9886=CARTESIAN_POINT('',(-0.0411,0.00758502804573964,-0.0022));
#9887=CARTESIAN_POINT('',(-0.0406,0.00758502804573964,-0.0022));
#9888=CARTESIAN_POINT('',(-0.0459,0.00433502804573964,0.0003));
#9889=CARTESIAN_POINT('',(-0.040102,0.00662631589321756,-0.0007));
#9890=CARTESIAN_POINT('',(-0.0361,0.00662631589321756,-0.0007));
#9891=CARTESIAN_POINT('',(-0.018,0.00433502804573964,-0.0022));
#9892=CARTESIAN_POINT('',(-0.0361,0.00433502804573964,-0.0022));
#9893=CARTESIAN_POINT('',(-0.0361,0.00433502804573964,0.0003));
#9894=CARTESIAN_POINT('',(0.,0.0275,-0.0062));
#9895=CARTESIAN_POINT('',(0.0542,0.0275,-0.0062));
#9896=CARTESIAN_POINT('',(0.0542,-0.00482176487553298,-0.0062));
#9897=CARTESIAN_POINT('',(0.0542,0.0105160090373284,-0.0062));
#9898=CARTESIAN_POINT('',(0.0344405412441694,0.0464422976842932,-0.0062));
#9899=CARTESIAN_POINT('',(0.0492690534530375,0.0194813663954421,-0.0062));
#9900=CARTESIAN_POINT('',(0.0479547295900225,0.0187584882707838,-0.0062));
#9901=CARTESIAN_POINT('',(0.0479670034513736,0.0202584380540524,-0.0062));
#9902=CARTESIAN_POINT('',(0.0479976881047514,0.024008312512224,-0.0062));
#9903=CARTESIAN_POINT('',(0.0445072213447237,0.0253791304421995,-0.0062));
#9904=CARTESIAN_POINT('',(0.0431110346407127,0.0259274576141897,-0.0062));
#9905=CARTESIAN_POINT('',(0.0442823378548773,0.0268645001855214,-0.0062));
#9906=CARTESIAN_POINT('',(0.0266914256117648,0.0488531404894119,-0.0062));
#9907=CARTESIAN_POINT('',(0.0390647918701419,0.0333864326664405,-0.0062));
#9908=CARTESIAN_POINT('',(0.0363317510370914,0.0312,-0.0062));
#9909=CARTESIAN_POINT('',(0.0363317510370914,0.0347,-0.0062));
#9910=CARTESIAN_POINT('',(0.0165,0.0347,-0.0062));
#9911=CARTESIAN_POINT('',(0.0165,0.0347,-0.0062));
#9912=CARTESIAN_POINT('',(0.0165,0.0275,-0.0062));
#9913=CARTESIAN_POINT('',(0.0165,0.055,-0.0062));
#9914=CARTESIAN_POINT('',(0.,0.055,-0.0062));
#9915=CARTESIAN_POINT('',(0.011,0.055,-0.0062));
#9916=CARTESIAN_POINT('',(-0.0055,0.055,-0.0062));
#9917=CARTESIAN_POINT('',(0.0095,0.055,-0.0062));
#9918=CARTESIAN_POINT('',(0.0095,0.036,-0.0062));
#9919=CARTESIAN_POINT('',(0.0095,0.0528666666666667,-0.0062));
#9920=CARTESIAN_POINT('',(0.0095,0.0275,-0.0062));
#9921=CARTESIAN_POINT('',(0.0095,0.0202316282571331,-0.0062));
#9922=CARTESIAN_POINT('',(0.0165,0.0202316282571331,-0.0062));
#9923=CARTESIAN_POINT('',(0.0118,0.0202316282571331,-0.0062));
#9924=CARTESIAN_POINT('',(0.0118,0.0183522727272727,-0.0062));
#9925=CARTESIAN_POINT('',(0.0118,0.0134,-0.0062));
#9926=CARTESIAN_POINT('',(0.0098,0.0134,-0.0062));
#9927=CARTESIAN_POINT('',(0.0098,0.0114,-0.0062));
#9928=CARTESIAN_POINT('',(0.01155,0.0114,-0.0062));
#9929=CARTESIAN_POINT('',(-0.00181,0.0114,-0.0062));
#9930=CARTESIAN_POINT('',(-0.00181,0.01189,-0.0062));
#9931=CARTESIAN_POINT('',(-0.0023,0.01189,-0.0062));
#9932=CARTESIAN_POINT('',(-0.0023,0.0119,-0.0062));
#9933=CARTESIAN_POINT('',(-0.0023,0.01191,-0.0062));
#9934=CARTESIAN_POINT('',(-0.00181,0.01191,-0.0062));
#9935=CARTESIAN_POINT('',(-0.00181,0.0124,-0.0062));
#9936=CARTESIAN_POINT('',(0.00425,0.0124,-0.0062));
#9937=CARTESIAN_POINT('',(0.0098,0.0124,-0.0062));
#9938=CARTESIAN_POINT('',(0.0098,0.0134,-0.0062));
#9939=CARTESIAN_POINT('',(0.0108,0.0134,-0.0062));
#9940=CARTESIAN_POINT('',(0.0108,0.0138,-0.0062));
#9941=CARTESIAN_POINT('',(0.0108,0.0142,-0.0062));
#9942=CARTESIAN_POINT('',(0.0098,0.0142,-0.0062));
#9943=CARTESIAN_POINT('',(0.0098,0.0152,-0.0062));
#9944=CARTESIAN_POINT('',(0.,0.0152,-0.0062));
#9945=CARTESIAN_POINT('',(-0.0113,0.0152,-0.0062));
#9946=CARTESIAN_POINT('',(-0.0113,0.0275,-0.0062));
#9947=CARTESIAN_POINT('',(-0.0113,0.0202316282571331,-0.0062));
#9948=CARTESIAN_POINT('',(0.0165,0.0202316282571331,-0.0062));
#9949=CARTESIAN_POINT('',(-0.0095,0.0202316282571331,-0.0062));
#9950=CARTESIAN_POINT('',(-0.0095,0.0275,-0.0062));
#9951=CARTESIAN_POINT('',(-0.0095,0.0528666666666667,-0.0062));
#9952=CARTESIAN_POINT('',(-0.0095,0.036,-0.0062));
#9953=CARTESIAN_POINT('',(-0.0095,0.055,-0.0062));
#9954=CARTESIAN_POINT('',(-0.0055,0.055,-0.0062));
#9955=CARTESIAN_POINT('',(-0.011,0.055,-0.0062));
#9956=CARTESIAN_POINT('',(0.,0.055,-0.0062));
#9957=CARTESIAN_POINT('',(-0.0165,0.055,-0.0062));
#9958=CARTESIAN_POINT('',(-0.0165,0.03975,-0.0062));
#9959=CARTESIAN_POINT('',(-0.0165,0.0347,-0.0062));
#9960=CARTESIAN_POINT('',(-0.0363317510370914,0.0347,-0.0062));
#9961=CARTESIAN_POINT('',(-0.0363317510370914,0.0347,-0.0062));
#9962=CARTESIAN_POINT('',(-0.0363317510370914,0.0312,-0.0062));
#9963=CARTESIAN_POINT('',(-0.0390647918701419,0.0333864326664405,-0.0062));
#9964=CARTESIAN_POINT('',(-0.0266914256117648,0.0488531404894119,-0.0062));
#9965=CARTESIAN_POINT('',(-0.0442853227325757,0.0268607690883982,-0.0062));
#9966=CARTESIAN_POINT('',(-0.0431140195184112,0.0259237265170666,-0.0062));
#9967=CARTESIAN_POINT('',(-0.0445093145596627,0.0253731343378093,-0.0062));
#9968=CARTESIAN_POINT('',(-0.0479975521627911,0.0239966538896662,-0.0062));
#9969=CARTESIAN_POINT('',(-0.0479715643043278,0.0202467439399191,-0.0062));
#9970=CARTESIAN_POINT('',(-0.0479611691609425,0.0187467799600203,-0.0062));
#9971=CARTESIAN_POINT('',(-0.0492754930239574,0.0194696580846784,-0.0062));
#9972=CARTESIAN_POINT('',(-0.052885676136985,0.0129056887882647,-0.0062));
#9973=CARTESIAN_POINT('',(-0.0542,0.0105160090373284,-0.0062));
#9974=CARTESIAN_POINT('',(-0.0542,0.0275,-0.0062));
#9975=CARTESIAN_POINT('',(-0.0542,-0.00482176487553299,-0.0062));
#9976=CARTESIAN_POINT('',(-0.0583311086299102,0.015833778274018,-0.0062));
#9977=CARTESIAN_POINT('',(-0.0533922102889247,-0.00886071343090968,-0.0062));
#9978=CARTESIAN_POINT('',(-0.0490076755478589,-0.00798380648269653,-0.0062));
#9979=CARTESIAN_POINT('',(-0.051,-0.0119867746275657,-0.0062));
#9980=CARTESIAN_POINT('',(-0.051,0.0275,-0.0062));
#9981=CARTESIAN_POINT('',(-0.051,0.0146,-0.0062));
#9982=CARTESIAN_POINT('',(-0.049,0.0146,-0.0062));
#9983=CARTESIAN_POINT('',(-0.049,0.0166,-0.0062));
#9984=CARTESIAN_POINT('',(0.,0.0166,-0.0062));
#9985=CARTESIAN_POINT('',(-0.045,0.0166,-0.0062));
#9986=CARTESIAN_POINT('',(-0.045,0.0146,-0.0062));
#9987=CARTESIAN_POINT('',(-0.043,0.0146,-0.0062));
#9988=CARTESIAN_POINT('',(-0.043,0.0275,-0.0062));
#9989=CARTESIAN_POINT('',(-0.0209,0.000610028045739637,-0.0062));
#9990=CARTESIAN_POINT('',(-0.043,0.0275,-0.0062));
#9991=CARTESIAN_POINT('',(-0.043,-0.0124127184485535,-0.0062));
#9992=CARTESIAN_POINT('',(-0.0405952553205466,-0.00960368164351305,-0.0062));
#9993=CARTESIAN_POINT('',(-0.040153501917839,-0.00908765947385812,-0.0062));
#9994=CARTESIAN_POINT('',(-0.0392419129296642,-0.00986804752901933,-0.0062));
#9995=CARTESIAN_POINT('',(-0.0392402594726112,-0.0086680486681533,-0.0062));
#9996=CARTESIAN_POINT('',(-0.0292936410489341,-0.00868175393648494,-0.0062));
#9997=CARTESIAN_POINT('',(-0.0263458581681665,-0.00868581563400298,-0.0062));
#9998=CARTESIAN_POINT('',(-0.0263475116252195,-0.00988581449486901,-0.0062));
#9999=CARTESIAN_POINT('',(-0.0254350149733628,-0.00910648795204476,-0.0062));
#10000=CARTESIAN_POINT('',(-0.0249920201323734,-0.00962518106331451,-0.0062));
#10001=CARTESIAN_POINT('',(-0.0229244470815231,-0.0120460577853273,-0.0062));
#10002=CARTESIAN_POINT('',(-0.0221640332049759,-0.0113966189996404,-0.0062));
#10003=CARTESIAN_POINT('',(-0.0219545429211455,-0.0123744297282483,-0.0062));
#10004=CARTESIAN_POINT('',(-0.0225830137726367,-0.00944099754242464,-0.0062));
#10005=CARTESIAN_POINT('',(-0.0199531951429356,-0.0108846228313681,-0.0062));
#10006=CARTESIAN_POINT('',(-0.0181999827231348,-0.0118470396906637,-0.0062));
#10007=CARTESIAN_POINT('',(-0.0164441247714215,-0.0108894579169206,-0.0062));
#10008=CARTESIAN_POINT('',(-0.0138103378438515,-0.00945308525630581,-0.0062));
#10009=CARTESIAN_POINT('',(-0.0160117678109412,-0.0114911495585298,-0.0062));
#10010=CARTESIAN_POINT('',(2.06271936846816E-5,-0.0114911495585298,-0.0062));
#10011=CARTESIAN_POINT('',(0.0160530221983105,-0.0114911495585298,-0.0062));
#10012=CARTESIAN_POINT('',(0.013816951673633,-0.00949115240636473,-0.0062));
#10013=CARTESIAN_POINT('',(0.0164467703033341,-0.0109347776953082,-0.0062));
#10014=CARTESIAN_POINT('',(0.0181999827231348,-0.0118971945546038,-0.0062));
#10015=CARTESIAN_POINT('',(0.0199558406748481,-0.0109396127808606,-0.0062));
#10016=CARTESIAN_POINT('',(0.0225896276024181,-0.00950324012024589,-0.0062));
#10017=CARTESIAN_POINT('',(0.0219527992913052,-0.0124348693093087,-0.0062));
#10018=CARTESIAN_POINT('',(0.0221650753950095,-0.0114576595796211,-0.0062));
#10019=CARTESIAN_POINT('',(0.0229239043975712,-0.0121089494880883,-0.0062));
#10020=CARTESIAN_POINT('',(0.0233871165375834,-0.011569253107705,-0.0062));
#10021=CARTESIAN_POINT('',(0.0254328340073532,-0.00918575272342628,-0.0062));
#10022=CARTESIAN_POINT('',(0.0263434288104272,-0.00996730061358692,-0.0062));
#10023=CARTESIAN_POINT('',(0.0263434288104272,-0.00876730061358692,-0.0062));
#10024=CARTESIAN_POINT('',(0.0292919842709767,-0.00876730061358692,-0.0062));
#10025=CARTESIAN_POINT('',(0.0392378451900564,-0.00876730061358692,-0.0062));
#10026=CARTESIAN_POINT('',(0.0392378451900564,-0.00996730061358692,-0.0062));
#10027=CARTESIAN_POINT('',(0.040151329161801,-0.00918913158736851,-0.0062));
#10028=CARTESIAN_POINT('',(0.0405936068487744,-0.00970831644888091,-0.0062));
#10029=CARTESIAN_POINT('',(0.0429984745821676,-0.0125313639547629,-0.0062));
#10030=CARTESIAN_POINT('',(-0.0413403149055684,-0.0124151550391837,-0.0062));
#10031=CARTESIAN_POINT('',(0.043,-0.0125313660566089,-0.0062));
#10032=CARTESIAN_POINT('',(0.043,0.0275,-0.0062));
#10033=CARTESIAN_POINT('',(0.043,-0.00601568302830446,-0.0062));
#10034=CARTESIAN_POINT('',(0.0379,-0.00601568302830446,-0.0062));
#10035=CARTESIAN_POINT('',(0.02,-0.00601568302830446,-0.0062));
#10036=CARTESIAN_POINT('',(0.02,0.00750931697169554,-0.0062));
#10037=CARTESIAN_POINT('',(0.043,0.0275,-0.0062));
#10038=CARTESIAN_POINT('',(0.043,0.0146,-0.0062));
#10039=CARTESIAN_POINT('',(0.045,0.0146,-0.0062));
#10040=CARTESIAN_POINT('',(0.045,0.0166,-0.0062));
#10041=CARTESIAN_POINT('',(0.,0.0166,-0.0062));
#10042=CARTESIAN_POINT('',(0.049,0.0166,-0.0062));
#10043=CARTESIAN_POINT('',(0.049,0.0146,-0.0062));
#10044=CARTESIAN_POINT('',(0.051,0.0146,-0.0062));
#10045=CARTESIAN_POINT('',(0.051,0.0275,-0.0062));
#10046=CARTESIAN_POINT('',(0.051,-0.012092123660433,-0.0062));
#10047=CARTESIAN_POINT('',(0.0489008235501776,-0.00803776866507713,-0.0062));
#10048=CARTESIAN_POINT('',(0.0533777232539407,-0.00893314860582974,-0.0062));
#10049=CARTESIAN_POINT('',(0.0583311086299102,0.015833778274018,-0.0062));
#10050=CARTESIAN_POINT('',(-0.0213,0.0139142135623731,-0.0062));
#10051=CARTESIAN_POINT('',(-0.0223,0.0139142135623731,-0.0062));
#10052=CARTESIAN_POINT('',(-0.0216333333333334,0.012971404520791,-0.0062));
#10053=CARTESIAN_POINT('',(-0.0218,0.0125,-0.0062));
#10054=CARTESIAN_POINT('',(-0.0218,0.012,-0.0062));
#10055=CARTESIAN_POINT('',(-0.0223,0.012,-0.0062));
#10056=CARTESIAN_POINT('',(-0.0228,0.012,-0.0062));
#10057=CARTESIAN_POINT('',(-0.0228,0.0125,-0.0062));
#10058=CARTESIAN_POINT('',(-0.0233,0.0125,-0.0062));
#10059=CARTESIAN_POINT('',(-0.0233,0.01405,-0.0062));
#10060=CARTESIAN_POINT('',(-0.0233,0.0156,-0.0062));
#10061=CARTESIAN_POINT('',(-0.0228,0.0156,-0.0062));
#10062=CARTESIAN_POINT('',(-0.0228,0.0161,-0.0062));
#10063=CARTESIAN_POINT('',(-0.0223,0.0161,-0.0062));
#10064=CARTESIAN_POINT('',(-0.0218,0.0161,-0.0062));
#10065=CARTESIAN_POINT('',(-0.0218,0.0156,-0.0062));
#10066=CARTESIAN_POINT('',(-0.0213025062814467,0.01565,-0.0062));
#10067=CARTESIAN_POINT('',(-0.0218,0.0157,-0.0062));
#10068=CARTESIAN_POINT('',(-0.0216333333333334,0.0152285954792089,-0.0062));
#10069=CARTESIAN_POINT('',(-0.0213,0.0142857864376269,-0.0062));
#10070=CARTESIAN_POINT('',(-0.0223,0.0142857864376269,-0.0062));
#10071=CARTESIAN_POINT('',(-0.0223,0.0141,-0.0062));
#10072=CARTESIAN_POINT('',(0.0351,0.000934316971695538,0.0068));
#10073=CARTESIAN_POINT('',(0.0351,-0.00601568302830446,0.0188));
#10074=CARTESIAN_POINT('',(0.0351,-0.00601568302830446,0.0008));
#10075=CARTESIAN_POINT('',(0.0351,-0.00601568302830446,-0.0022));
#10076=CARTESIAN_POINT('',(0.0351,0.00750931697169554,-0.0022));
#10077=CARTESIAN_POINT('',(0.0351,-0.00201568302830446,-0.0022));
#10078=CARTESIAN_POINT('',(0.0351,-0.00201568302830446,0.000300000000000137));
#10079=CARTESIAN_POINT('',(0.0351,-0.00451568302830446,0.0003));
#10080=CARTESIAN_POINT('',(0.0351,-0.00451568302830446,0.0068));
#10081=CARTESIAN_POINT('',(0.0351,-0.00451568302830446,0.0008));
#10082=CARTESIAN_POINT('',(0.0351,0.000934316971695538,0.0008));
#10083=CARTESIAN_POINT('',(0.0351,0.000934316971695538,0.0068));
#10084=CARTESIAN_POINT('',(0.0351,0.00728431697169554,0.00045));
#10085=CARTESIAN_POINT('',(0.0351,0.00713431697169554,0.0003));
#10086=CARTESIAN_POINT('',(0.0351,0.00463431697169554,-0.0022));
#10087=CARTESIAN_POINT('',(0.0351,0.00750931697169554,-0.0022));
#10088=CARTESIAN_POINT('',(0.0351,0.0118343169716955,0.0008));
#10089=CARTESIAN_POINT('',(0.0351,0.00713431697169554,0.0008));
#10090=CARTESIAN_POINT('',(0.0351,0.00713431697169554,-0.0007));
#10091=CARTESIAN_POINT('',(0.0328,0.000934316971695538,0.0188));
#10092=CARTESIAN_POINT('',(0.0328,0.000934316971695538,-0.0022));
#10093=CARTESIAN_POINT('',(0.0328,0.00463431697169554,-0.0022));
#10094=CARTESIAN_POINT('',(0.0328,0.00588431697169554,-0.00095));
#10095=CARTESIAN_POINT('',(0.0328,0.00713431697169554,0.0003));
#10096=CARTESIAN_POINT('',(0.0328,0.00713431697169554,-0.0007));
#10097=CARTESIAN_POINT('',(0.0328,0.00713431697169554,0.0008));
#10098=CARTESIAN_POINT('',(0.0328,0.0118343169716955,0.0008));
#10099=CARTESIAN_POINT('',(0.0318,0.000934316971695538,0.0188));
#10100=CARTESIAN_POINT('',(0.0318,0.000934316971695538,-0.0022));
#10101=CARTESIAN_POINT('',(0.0318,0.00463431697169554,-0.0022));
#10102=CARTESIAN_POINT('',(0.0318,0.0118343169716955,0.0008));
#10103=CARTESIAN_POINT('',(0.0318,0.00713431697169554,0.0008));
#10104=CARTESIAN_POINT('',(0.0318,0.00713431697169554,-0.0007));
#10105=CARTESIAN_POINT('',(0.0318,0.00713431697169554,0.0003));
#10106=CARTESIAN_POINT('',(0.0318,0.00588431697169554,-0.00095));
#10107=CARTESIAN_POINT('',(-0.018,0.000610028045739637,-0.0022));
#10108=CARTESIAN_POINT('',(-0.0411,0.000610028045739639,-0.0022));
#10109=CARTESIAN_POINT('',(-0.0401,0.000235028045739638,-0.0022));
#10110=CARTESIAN_POINT('',(-0.0401,-0.00311497195426036,-0.0022));
#10111=CARTESIAN_POINT('',(-0.018,-0.00311497195426036,-0.0022));
#10112=CARTESIAN_POINT('',(-0.0351,0.000610028045739638,-0.0022));
#10113=CARTESIAN_POINT('',(-0.0351,-0.00311497195426036,-0.0022));
#10114=CARTESIAN_POINT('',(-0.018,-0.00311497195426036,-0.0022));
#10115=CARTESIAN_POINT('',(-0.0329,-0.00311497195426036,-0.0022));
#10116=CARTESIAN_POINT('',(-0.0329,0.000610028045739637,-0.0022));
#10117=CARTESIAN_POINT('',(-0.0319,0.000610028045739637,-0.0022));
#10118=CARTESIAN_POINT('',(-0.0319,-0.00311497195426036,-0.0022));
#10119=CARTESIAN_POINT('',(-0.018,-0.00311497195426036,-0.0022));
#10120=CARTESIAN_POINT('',(-0.0209,-0.00311497195426036,-0.0022));
#10121=CARTESIAN_POINT('',(-0.0209,0.000610028045739635,-0.0022));
#10122=CARTESIAN_POINT('',(-0.0209,0.00433502804573964,-0.0022));
#10123=CARTESIAN_POINT('',(-0.018,0.00433502804573964,-0.0022));
#10124=CARTESIAN_POINT('',(-0.0319,0.00433502804573964,-0.0022));
#10125=CARTESIAN_POINT('',(-0.0319,0.000610028045739637,-0.0022));
#10126=CARTESIAN_POINT('',(-0.0329,0.000610028045739637,-0.0022));
#10127=CARTESIAN_POINT('',(-0.0329,0.00433502804573964,-0.0022));
#10128=CARTESIAN_POINT('',(-0.018,0.00433502804573964,-0.0022));
#10129=CARTESIAN_POINT('',(-0.0351,0.00433502804573964,-0.0022));
#10130=CARTESIAN_POINT('',(-0.0351,0.000610028045739638,-0.0022));
#10131=CARTESIAN_POINT('',(-0.0361,0.00721002804573964,-0.0022));
#10132=CARTESIAN_POINT('',(-0.0361,0.000610028045739637,0.0068));
#10133=CARTESIAN_POINT('',(-0.0361,0.00721002804573964,-0.0007));
#10134=CARTESIAN_POINT('',(-0.0401,0.000610028045739637,0.0068));
#10135=CARTESIAN_POINT('',(-0.0401,-0.00598997195426036,-0.0007));
#10136=CARTESIAN_POINT('',(-0.0401,-0.00461497195426036,-0.0007));
#10137=CARTESIAN_POINT('',(-0.0401,-0.00436497195426036,-0.00095));
#10138=CARTESIAN_POINT('',(-0.0351,0.000610028045739637,0.0068));
#10139=CARTESIAN_POINT('',(-0.0351,0.00433502804573964,0.0003));
#10140=CARTESIAN_POINT('',(-0.0351,0.00683502804573964,0.0003));
#10141=CARTESIAN_POINT('',(-0.0351,0.00683502804573964,-0.0007));
#10142=CARTESIAN_POINT('',(-0.0351,0.00683502804573964,0.0008));
#10143=CARTESIAN_POINT('',(-0.0351,0.0118343169716955,0.0008));
#10144=CARTESIAN_POINT('',(-0.0329,0.000610028045739637,0.0188));
#10145=CARTESIAN_POINT('',(-0.0329,0.0118343169716955,0.0008));
#10146=CARTESIAN_POINT('',(-0.0329,0.00683502804573964,0.0008));
#10147=CARTESIAN_POINT('',(-0.0329,0.00683502804573964,-0.0007));
#10148=CARTESIAN_POINT('',(-0.0329,0.00683502804573964,0.0003));
#10149=CARTESIAN_POINT('',(-0.0329,0.00433502804573964,0.0003));
#10150=CARTESIAN_POINT('',(-0.0319,0.000610028045739637,0.0188));
#10151=CARTESIAN_POINT('',(-0.0319,0.00433502804573964,0.0003));
#10152=CARTESIAN_POINT('',(-0.0319,0.00683502804573964,0.0003));
#10153=CARTESIAN_POINT('',(-0.0319,0.00683502804573964,-0.0007));
#10154=CARTESIAN_POINT('',(-0.0319,0.00683502804573964,0.0008));
#10155=CARTESIAN_POINT('',(-0.0319,0.0118343169716955,0.0008));
#10156=CARTESIAN_POINT('',(-1.45145926297892E-5,-0.0139720971232352,-0.006202));
#10157=CARTESIAN_POINT('',(-0.00589792597066301,-0.0139639904755077,0.00612132034355964));
#10158=CARTESIAN_POINT('',(-0.00501924714833418,-0.0139652011914037,0.00524264068711929));
#10159=CARTESIAN_POINT('',(-0.00677660479299183,-0.0139627797596116,0.007));
#10160=CARTESIAN_POINT('',(-0.00501924714833419,-0.0139652011914037,0.00337867965644036));
#10161=CARTESIAN_POINT('',(-0.00501924714833419,-0.0139652011914037,0.00275735931288072));
#10162=CARTESIAN_POINT('',(-0.00589792597066301,-0.0139639904755077,0.00187867965644036));
#10163=CARTESIAN_POINT('',(-0.00677660479299182,-0.0139627797596116,0.001));
#10164=CARTESIAN_POINT('',(-0.00801924430049927,-0.0139610675487713,0.001));
#10165=CARTESIAN_POINT('',(-0.00926188380800671,-0.0139593553379309,0.001));
#10166=CARTESIAN_POINT('',(-0.0101405626303355,-0.0139581446220349,0.00187867965644036));
#10167=CARTESIAN_POINT('',(-0.0110192414526643,-0.0139569339061388,0.00275735931288071));
#10168=CARTESIAN_POINT('',(-0.0110192414526643,-0.0139569339061388,0.004));
#10169=CARTESIAN_POINT('',(-0.0110192414526643,-0.0139569339061388,0.00524264068711929));
#10170=CARTESIAN_POINT('',(-0.0101405626303355,-0.0139581446220349,0.00612132034355964));
#10171=CARTESIAN_POINT('',(-0.0092618838080067,-0.0139593553379309,0.007));
#10172=CARTESIAN_POINT('',(-0.00801924430049927,-0.0139610675487713,0.007));
#10173=CARTESIAN_POINT('',(0.00585942218121157,-0.0139801907160745,0.00187867965644036));
#10174=CARTESIAN_POINT('',(0.00498074335888275,-0.0139789800001785,0.00275735931288072));
#10175=CARTESIAN_POINT('',(0.00673810100354039,-0.0139814014319705,0.001));
#10176=CARTESIAN_POINT('',(0.00498074335888275,-0.0139789800001785,0.00462132034355964));
#10177=CARTESIAN_POINT('',(0.00498074335888275,-0.0139789800001785,0.00524264068711929));
#10178=CARTESIAN_POINT('',(0.00585942218121157,-0.0139801907160745,0.00612132034355964));
#10179=CARTESIAN_POINT('',(0.00673810100354039,-0.0139814014319705,0.007));
#10180=CARTESIAN_POINT('',(0.00798074051104783,-0.0139831136428109,0.007));
#10181=CARTESIAN_POINT('',(0.00922338001855526,-0.0139848258536512,0.007));
#10182=CARTESIAN_POINT('',(0.0101020588408841,-0.0139860365695473,0.00612132034355964));
#10183=CARTESIAN_POINT('',(0.0109807376632129,-0.0139872472854433,0.0052426406871193));
#10184=CARTESIAN_POINT('',(0.0109807376632129,-0.0139872472854433,0.004));
#10185=CARTESIAN_POINT('',(0.0109807376632129,-0.0139872472854433,0.00275735931288072));
#10186=CARTESIAN_POINT('',(0.0101020588408841,-0.0139860365695473,0.00187867965644036));
#10187=CARTESIAN_POINT('',(0.00922338001855528,-0.0139848258536512,0.001));
#10188=CARTESIAN_POINT('',(0.00798074051104783,-0.0139831136428109,0.001));
#10189=CARTESIAN_POINT('',(-0.00177069700703664,-0.013969677310772,0.0083));
#10190=CARTESIAN_POINT('',(-0.00177069700703664,-0.013969677310772,0.0093));
#10191=CARTESIAN_POINT('',(-0.00277069605775833,-0.0139682994298945,0.0083));
#10192=CARTESIAN_POINT('',(-1.45145926297892E-5,-0.0139720971232352,0.0093));
#10193=CARTESIAN_POINT('',(-0.00093250572566716,-0.0139708322396066,0.0093));
#10194=CARTESIAN_POINT('',(-0.00093250572566716,-0.0139708322396066,-0.006202));
#10195=CARTESIAN_POINT('',(-0.00093250572566716,-0.0139708322396066,0.00775292686274812));
#10196=CARTESIAN_POINT('',(-2.06986682736798E-5,-0.0139720886023076,0.005));
#10197=CARTESIAN_POINT('',(-0.00176830241986982,-0.013969680610231,0.00731427641585469));
#10198=CARTESIAN_POINT('',(-1.45145926297892E-5,-0.0139720971232352,0.00731427641585469));
#10199=CARTESIAN_POINT('',(-0.00277069605775834,-0.0139682994298945,0.00731427641585469));
#10200=CARTESIAN_POINT('',(-0.00277069605775834,-0.0139682994298945,-0.006202));
#10201=CARTESIAN_POINT('',(-1.92518947257174E-5,-0.0139720905957911,0.005));
#10202=CARTESIAN_POINT('',(0.00258074563715068,-0.0139756730860725,0.005));
#10203=CARTESIAN_POINT('',(-0.0232794827000775,-0.0139400407381344,-0.011));
#10204=CARTESIAN_POINT('',(-0.0232794827000775,-0.0139400407381344,-0.006));
#10205=CARTESIAN_POINT('',(-0.0232794827000775,-0.0139400407381344,0.014));
#10206=CARTESIAN_POINT('',(-1.45145926297892E-5,-0.0139720971232352,-0.006));
#10207=CARTESIAN_POINT('',(0.0232739854154077,-0.0140041859325226,-0.006));
#10208=CARTESIAN_POINT('',(0.0232739854154077,-0.0140041859325226,-0.011));
#10209=CARTESIAN_POINT('',(0.0232739854154077,-0.0140041859325226,0.014));
#10210=CARTESIAN_POINT('',(-1.45145926297892E-5,-0.0139720971232352,0.014));
#10211=CARTESIAN_POINT('',(-1.92518947257178E-5,-0.0139720905957911,0.0002));
#10212=CARTESIAN_POINT('',(0.000980747155995975,-0.0139734684766686,0.0002));
#10213=CARTESIAN_POINT('',(0.000881017105404008,-0.0139733310604085,-0.006202));
#10214=CARTESIAN_POINT('',(0.000881017105404008,-0.0139733310604085,0.0093));
#10215=CARTESIAN_POINT('',(0.000881017105404008,-0.0139733310604085,0.00775624874055277));
#10216=CARTESIAN_POINT('',(-1.45145926297892E-5,-0.0139720971232352,0.0093));
#10217=CARTESIAN_POINT('',(0.00172929967048929,-0.0139744998938432,0.0093));
#10218=CARTESIAN_POINT('',(0.00172929967048929,-0.0139744998938432,0.0083));
#10219=CARTESIAN_POINT('',(0.00272929872121098,-0.0139758777747206,0.0083));
#10220=CARTESIAN_POINT('',(0.00272929872121098,-0.0139758777747206,-0.006202));
#10221=CARTESIAN_POINT('',(0.00272929872121098,-0.0139758777747206,0.00731427641585469));
#10222=CARTESIAN_POINT('',(-1.45145926297892E-5,-0.0139720971232352,0.00731427641585469));
#10223=CARTESIAN_POINT('',(0.00172690508332247,-0.0139744965943842,0.00731427641585469));
#10224=CARTESIAN_POINT('',(-2.06986682736853E-5,-0.0139720886023076,0.005));
#10225=CARTESIAN_POINT('',(-1.64633763291333E-6,-0.0131721140947512,0.004));
#10226=CARTESIAN_POINT('',(-0.00176959470233466,-0.0131696780701946,0.0083));
#10227=CARTESIAN_POINT('',(-0.00276959375305635,-0.0131683001893172,0.0083));
#10228=CARTESIAN_POINT('',(-0.00176959470233466,-0.0131696780701946,0.0093));
#10229=CARTESIAN_POINT('',(-0.00276959375305635,-0.0131683001893172,0.004));
#10230=CARTESIAN_POINT('',(-0.00276959375305635,-0.0131683001893172,0.00731427641585469));
#10231=CARTESIAN_POINT('',(-1.64633763291333E-6,-0.0131721140947512,0.00731427641585469));
#10232=CARTESIAN_POINT('',(-0.00176720011516784,-0.0131696813696536,0.00731427641585469));
#10233=CARTESIAN_POINT('',(-1.95963635716985E-5,-0.0131720893617302,0.005));
#10234=CARTESIAN_POINT('',(-0.000931403420965178,-0.0131708329990292,0.00775292686274812));
#10235=CARTESIAN_POINT('',(-0.000931403420965178,-0.0131708329990293,0.004));
#10236=CARTESIAN_POINT('',(-0.000931403420965179,-0.0131708329990293,0.0093));
#10237=CARTESIAN_POINT('',(-1.64633763291333E-6,-0.0131721140947512,0.0093));
#10238=CARTESIAN_POINT('',(-1.8149590023736E-5,-0.0131720913552137,0.005));
#10239=CARTESIAN_POINT('',(0.00258184794185267,-0.0131756738454952,0.005));
#10240=CARTESIAN_POINT('',(-0.000973148683462954,-0.0131707754789757,-0.00146));
#10241=CARTESIAN_POINT('',(-0.00192814777690217,-0.0131694596027377,-0.00146));
#10242=CARTESIAN_POINT('',(0.0018918485968547,-0.0131747231076897,-0.00146));
#10243=CARTESIAN_POINT('',(-0.00192814777690217,-0.0131694596027377,-0.00046));
#10244=CARTESIAN_POINT('',(-0.00292814682762387,-0.0131680817218603,-0.00046));
#10245=CARTESIAN_POINT('',(-0.00292814682762387,-0.0131680817218603,0.00623));
#10246=CARTESIAN_POINT('',(-0.00292814682762387,-0.0131680817218603,0.00846));
#10247=CARTESIAN_POINT('',(-0.00192814777690217,-0.0131694596027377,0.00846));
#10248=CARTESIAN_POINT('',(-0.00192814777690217,-0.0131694596027377,0.00946));
#10249=CARTESIAN_POINT('',(0.00093684950341548,-0.0131734072314517,0.00946));
#10250=CARTESIAN_POINT('',(0.0018918485968547,-0.0131747231076897,0.00946));
#10251=CARTESIAN_POINT('',(0.0018918485968547,-0.0131747231076897,0.00846));
#10252=CARTESIAN_POINT('',(0.00289184764757639,-0.0131761009885672,0.00846));
#10253=CARTESIAN_POINT('',(0.00289184764757639,-0.0131761009885672,0.00177));
#10254=CARTESIAN_POINT('',(0.00289184764757639,-0.0131761009885672,-0.00046));
#10255=CARTESIAN_POINT('',(0.0018918485968547,-0.0131747231076897,-0.00046));
#10256=CARTESIAN_POINT('',(-1.81495900237364E-5,-0.0131720913552137,0.0002));
#10257=CARTESIAN_POINT('',(0.000981849460697956,-0.0131734692360912,0.0002));
#10258=CARTESIAN_POINT('',(0.00173040197519127,-0.0131745006532658,0.0083));
#10259=CARTESIAN_POINT('',(0.00173040197519127,-0.0131745006532658,0.0093));
#10260=CARTESIAN_POINT('',(0.00273040102591296,-0.0131758785341433,0.0083));
#10261=CARTESIAN_POINT('',(-1.64633763291333E-6,-0.0131721140947512,0.0093));
#10262=CARTESIAN_POINT('',(0.00088211941010599,-0.0131733318198311,0.0093));
#10263=CARTESIAN_POINT('',(0.00088211941010599,-0.0131733318198311,0.004));
#10264=CARTESIAN_POINT('',(0.00088211941010599,-0.0131733318198311,0.00775624874055277));
#10265=CARTESIAN_POINT('',(-1.9596363571704E-5,-0.0131720893617302,0.005));
#10266=CARTESIAN_POINT('',(0.00172800738802445,-0.0131744973538068,0.00731427641585469));
#10267=CARTESIAN_POINT('',(-1.64633763291333E-6,-0.0131721140947512,0.00731427641585469));
#10268=CARTESIAN_POINT('',(0.00273040102591296,-0.0131758785341433,0.00731427641585469));
#10269=CARTESIAN_POINT('',(0.00273040102591296,-0.0131758785341433,0.004));
#10270=CARTESIAN_POINT('',(0.,0.0275,0.014));
#10271=CARTESIAN_POINT('',(0.0479976881047514,0.024008312512224,0.014));
#10272=CARTESIAN_POINT('',(0.0493726881047514,0.024008312512224,0.014));
#10273=CARTESIAN_POINT('',(0.0489008235501776,-0.00803776866507713,0.014));
#10274=CARTESIAN_POINT('',(0.051105074711944,-0.0120359698870902,0.014));
#10275=CARTESIAN_POINT('',(0.0533777232539407,-0.00893314860582974,0.014));
#10276=CARTESIAN_POINT('',(0.0511367569303301,0.0109574461829493,0.014));
#10277=CARTESIAN_POINT('',(0.0511026733338835,-0.0137787735069472,0.014));
#10278=CARTESIAN_POINT('',(0.0493326252733045,-0.00812412900970255,0.014));
#10279=CARTESIAN_POINT('',(0.0551427684701843,-0.00928615764907846,0.014));
#10280=CARTESIAN_POINT('',(0.0545,-0.0125,0.014));
#10281=CARTESIAN_POINT('',(0.056,-0.005,0.014));
#10282=CARTESIAN_POINT('',(0.056,0.00454545454545457,0.014));
#10283=CARTESIAN_POINT('',(0.056,0.0133203387942655,0.014));
#10284=CARTESIAN_POINT('',(0.053,0.0133203387942655,0.014));
#10285=CARTESIAN_POINT('',(0.05562864772603,0.014766095043582,0.014));
#10286=CARTESIAN_POINT('',(0.053,0.0195454545454546,0.014));
#10287=CARTESIAN_POINT('',(0.05,0.025,0.014));
#10288=CARTESIAN_POINT('',(0.045,0.0325,0.014));
#10289=CARTESIAN_POINT('',(0.0453348847070663,0.0319976729394006,0.014));
#10290=CARTESIAN_POINT('',(0.0095,0.0319976729394006,0.014));
#10291=CARTESIAN_POINT('',(0.0420967369230038,0.0319976729394006,0.014));
#10292=CARTESIAN_POINT('',(0.0278627288259294,0.0497901830607435,0.014));
#10293=CARTESIAN_POINT('',(0.0454536410690418,0.027801542756853,0.014));
#10294=CARTESIAN_POINT('',(0.0431110346407127,0.0259274576141897,0.014));
#10295=CARTESIAN_POINT('',(0.0459034080487348,0.0248308032702093,0.014));
#10296=CARTESIAN_POINT('',(0.0479976881047514,0.024008312512224,0.014));
#10297=CARTESIAN_POINT('',(0.0479792773127247,0.021758387837321,0.014));
#10298=CARTESIAN_POINT('',(0.0479547295900225,0.0187584882707838,0.014));
#10299=CARTESIAN_POINT('',(0.0505833773160525,0.0202042445201003,0.014));
#10300=CARTESIAN_POINT('',(0.0357548651071843,0.0471651758089514,0.014));
#10301=CARTESIAN_POINT('',(0.0542,0.0136285669129229,0.014));
#10302=CARTESIAN_POINT('',(0.0542,0.0275,0.014));
#10303=CARTESIAN_POINT('',(0.0542,-0.00482176487553298,0.014));
#10304=CARTESIAN_POINT('',(0.0583311086299102,0.015833778274018,0.014));
#10305=CARTESIAN_POINT('',(0.0493326252733045,-0.00812412900970255,-0.006202));
#10306=CARTESIAN_POINT('',(0.0511026733338835,-0.0137787735069472,-0.006202));
#10307=CARTESIAN_POINT('',(0.0511026733338835,-0.0137787735069472,-0.00545));
#10308=CARTESIAN_POINT('',(0.0511026733338835,-0.0137787735069472,-0.00545));
#10309=CARTESIAN_POINT('',(0.0511026733338835,-0.0137787735069472,-0.00561206350911593));
#10310=CARTESIAN_POINT('',(0.0510499881203631,-0.0137958608282235,-0.00576892498017266));
#10311=CARTESIAN_POINT('',(0.0509547633614756,-0.0138229659568245,-0.0058971175472103));
#10312=CARTESIAN_POINT('',(0.0509547633614756,-0.0138229659568245,-0.0058971175472103));
#10313=CARTESIAN_POINT('',(0.0509547633614756,-0.0138229659568246,0.0015));
#10314=CARTESIAN_POINT('',(0.0509547633614756,-0.0138229659568246,-0.008));
#10315=CARTESIAN_POINT('',(0.0493326252733043,-0.00812412900970233,-0.008));
#10316=CARTESIAN_POINT('',(0.0551427684701843,-0.00928615764907846,-0.008));
#10317=CARTESIAN_POINT('',(0.0551427684701843,-0.00928615764907846,-0.011));
#10318=CARTESIAN_POINT('',(-0.0413403149055684,-0.0124151550391837,-0.006202));
#10319=CARTESIAN_POINT('',(-0.0413403149055684,-0.0124151550391837,0.014));
#10320=CARTESIAN_POINT('',(0.0431043843219739,-0.0125315098859066,0.014));
#10321=CARTESIAN_POINT('',(0.0429984745821676,-0.0125313639547629,0.014));
#10322=CARTESIAN_POINT('',(0.0431043843219738,-0.0125315098859066,-0.006202));
#10323=CARTESIAN_POINT('',(0.0431043843219738,-0.0125315098859066,-0.00545));
#10324=CARTESIAN_POINT('',(0.0423543850339326,-0.0125304764752485,-0.00545));
#10325=CARTESIAN_POINT('',(0.043,-0.0125313660566089,-0.00583168118139989));
#10326=CARTESIAN_POINT('',(0.043,-0.0125313660566089,-0.006202));
#10327=CARTESIAN_POINT('',(0.0429984745821676,-0.0125313639547629,-0.0075));
#10328=CARTESIAN_POINT('',(0.0489008235501776,-0.00803776866507713,-0.006202));
#10329=CARTESIAN_POINT('',(0.051105074711944,-0.0120359698870902,-0.006202));
#10330=CARTESIAN_POINT('',(0.051105074711944,-0.0120359698870902,-0.00545));
#10331=CARTESIAN_POINT('',(0.0533777232539407,-0.00893314860582973,-0.006202));
#10332=CARTESIAN_POINT('',(0.051,-0.0120921236604331,-0.00583271587148616));
#10333=CARTESIAN_POINT('',(0.051,-0.0120921236604331,-0.00583271587148616));
#10334=CARTESIAN_POINT('',(0.0510000000000001,-0.0120921236604329,-0.00583271587148629));
#10335=CARTESIAN_POINT('',(0.0510669422634122,-0.0120574637396777,-0.00571997662181589));
#10336=CARTESIAN_POINT('',(0.051105074711944,-0.0120359698870903,-0.00558689564699175));
#10337=CARTESIAN_POINT('',(0.051105074711944,-0.0120359698870903,-0.00545));
#10338=CARTESIAN_POINT('',(0.,0.0275,0.014));
#10339=CARTESIAN_POINT('',(0.0431367645245565,0.0109684692299691,0.014));
#10340=CARTESIAN_POINT('',(0.0431023175026196,-0.0140315070380732,0.014));
#10341=CARTESIAN_POINT('',(0.0405936068487744,-0.00970831644888091,0.014));
#10342=CARTESIAN_POINT('',(0.040151329161801,-0.00918913158736851,0.014));
#10343=CARTESIAN_POINT('',(0.0392378451900564,-0.00996730061358692,0.014));
#10344=CARTESIAN_POINT('',(0.0392378451900564,-0.00876730061358692,0.014));
#10345=CARTESIAN_POINT('',(0.0292919842709767,-0.00876730061358692,0.014));
#10346=CARTESIAN_POINT('',(0.0263434288104272,-0.00876730061358692,0.014));
#10347=CARTESIAN_POINT('',(0.0263434288104272,-0.00996730061358692,0.014));
#10348=CARTESIAN_POINT('',(0.0254328340073532,-0.00918575272342628,0.014));
#10349=CARTESIAN_POINT('',(0.0233871165375834,-0.011569253107705,0.014));
#10350=CARTESIAN_POINT('',(0.0229239043975712,-0.0121089494880883,0.014));
#10351=CARTESIAN_POINT('',(0.0221650753950095,-0.0114576595796211,0.014));
#10352=CARTESIAN_POINT('',(0.0219527992913052,-0.0124348693093087,0.014));
#10353=CARTESIAN_POINT('',(0.0225896276024181,-0.00950324012024589,0.014));
#10354=CARTESIAN_POINT('',(0.0199558406748481,-0.0109396127808606,0.014));
#10355=CARTESIAN_POINT('',(0.0181999827231348,-0.0118971945546038,0.014));
#10356=CARTESIAN_POINT('',(0.0164467703033341,-0.0109347776953082,0.014));
#10357=CARTESIAN_POINT('',(0.013816951673633,-0.00949115240636473,0.014));
#10358=CARTESIAN_POINT('',(0.0160530221983105,-0.0114911495585298,0.014));
#10359=CARTESIAN_POINT('',(2.06271936846816E-5,-0.0114911495585298,0.014));
#10360=CARTESIAN_POINT('',(-0.0160117678109412,-0.0114911495585298,0.014));
#10361=CARTESIAN_POINT('',(-0.0138103378438515,-0.00945308525630581,0.014));
#10362=CARTESIAN_POINT('',(-0.0164441247714215,-0.0108894579169206,0.014));
#10363=CARTESIAN_POINT('',(-0.0181999827231348,-0.0118470396906637,0.014));
#10364=CARTESIAN_POINT('',(-0.0199531951429356,-0.0108846228313681,0.014));
#10365=CARTESIAN_POINT('',(-0.0225830137726367,-0.00944099754242464,0.014));
#10366=CARTESIAN_POINT('',(-0.0219545429211455,-0.0123744297282483,0.014));
#10367=CARTESIAN_POINT('',(-0.0221640332049759,-0.0113966189996404,0.014));
#10368=CARTESIAN_POINT('',(-0.0229244470815231,-0.0120460577853273,0.014));
#10369=CARTESIAN_POINT('',(-0.0249920201323734,-0.00962518106331451,0.014));
#10370=CARTESIAN_POINT('',(-0.0254350149733628,-0.00910648795204476,0.014));
#10371=CARTESIAN_POINT('',(-0.0263475116252195,-0.00988581449486901,0.014));
#10372=CARTESIAN_POINT('',(-0.0263458581681665,-0.00868581563400298,0.014));
#10373=CARTESIAN_POINT('',(-0.0292936410489341,-0.00868175393648494,0.014));
#10374=CARTESIAN_POINT('',(-0.0392402594726112,-0.0086680486681533,0.014));
#10375=CARTESIAN_POINT('',(-0.0392419129296642,-0.00986804752901933,0.014));
#10376=CARTESIAN_POINT('',(-0.040153501917839,-0.00908765947385812,0.014));
#10377=CARTESIAN_POINT('',(-0.0405952553205466,-0.00960368164351305,0.014));
#10378=CARTESIAN_POINT('',(-0.0426402572013238,-0.0119924947256512,0.014));
#10379=CARTESIAN_POINT('',(-0.0435518461894987,-0.0112121066704899,0.014));
#10380=CARTESIAN_POINT('',(-0.0430646419718026,-0.0123087524885457,0.014));
#10381=CARTESIAN_POINT('',(-0.0430324051053896,0.011087200193739,0.014));
#10382=CARTESIAN_POINT('',(-0.0430668521273265,-0.0139127760743033,0.014));
#10383=CARTESIAN_POINT('',(-1.45145926297892E-5,-0.0139720971232352,0.014));
#10384=CARTESIAN_POINT('',(-0.042310479130297,-0.0139138182671815,0.014));
#10385=CARTESIAN_POINT('',(-0.0396806877492604,-0.0108418993054606,0.014));
#10386=CARTESIAN_POINT('',(-0.0397037669013698,-0.0108688585865262,0.014));
#10387=CARTESIAN_POINT('',(-0.0381844519210782,-0.0121695053451283,0.014));
#10388=CARTESIAN_POINT('',(-0.0381816961593233,-0.0101695072436849,0.014));
#10389=CARTESIAN_POINT('',(-0.0296398086913384,-0.0101812769582573,0.014));
#10390=CARTESIAN_POINT('',(-0.0274063359841471,-0.0101843544205122,0.014));
#10391=CARTESIAN_POINT('',(-0.0274090917459021,-0.0121843525219556,0.014));
#10392=CARTESIAN_POINT('',(-0.0258882639928077,-0.0108854749505819,0.014));
#10393=CARTESIAN_POINT('',(-0.0259084981821881,-0.010861783174352,0.014));
#10394=CARTESIAN_POINT('',(0.0249434357815471,-0.0120590807808932,0.014));
#10395=CARTESIAN_POINT('',(0.025882706172584,-0.0109647207966525,0.014));
#10396=CARTESIAN_POINT('',(0.0274003641777074,-0.0122673006135869,0.014));
#10397=CARTESIAN_POINT('',(0.0274003641777074,-0.0102673006135869,0.014));
#10398=CARTESIAN_POINT('',(0.0296366371081333,-0.0102673006135869,0.014));
#10399=CARTESIAN_POINT('',(0.0381757452849593,-0.0102673006135869,0.014));
#10400=CARTESIAN_POINT('',(0.0381757452849593,-0.0122673006135869,0.014));
#10401=CARTESIAN_POINT('',(0.0396982185712003,-0.0109703522365562,0.014));
#10402=CARTESIAN_POINT('',(0.0396763424408589,-0.0109446720902674,0.014));
#10403=CARTESIAN_POINT('',(0.0423049867318684,-0.0140304084102082,0.014));
#10404=CARTESIAN_POINT('',(-1.45145926297892E-5,-0.0139720971232352,0.014));
#10405=CARTESIAN_POINT('',(-0.0181999827231348,-0.0118470396906637,0.014));
#10406=CARTESIAN_POINT('',(-0.0168249827231348,-0.0118470396906637,0.014));
#10407=CARTESIAN_POINT('',(0.0181999827231348,-0.0118971945546038,0.014));
#10408=CARTESIAN_POINT('',(0.0195749827231348,-0.0118971945546038,0.014));
#10409=CARTESIAN_POINT('',(-1.45145926297892E-5,-0.0139720971232352,-0.006202));
#10410=CARTESIAN_POINT('',(-0.0430668521273265,-0.0139127760743033,0.0008));
#10411=CARTESIAN_POINT('',(-0.0430668521273265,-0.0139127760743033,-0.00545));
#10412=CARTESIAN_POINT('',(-0.0430668521273265,-0.0139127760743033,0.017));
#10413=CARTESIAN_POINT('',(-0.0430668521273265,-0.0139127760743033,-0.006));
#10414=CARTESIAN_POINT('',(-1.45145926297892E-5,-0.0139720971232352,-0.006));
#10415=CARTESIAN_POINT('',(-0.042310479130297,-0.0139138182671815,-0.006));
#10416=CARTESIAN_POINT('',(-0.042310479130297,-0.0139138182671815,-0.011));
#10417=CARTESIAN_POINT('',(-0.049429672947901,-0.008068205962705,-0.006202));
#10418=CARTESIAN_POINT('',(-0.0510665323352222,-0.013675174963374,-0.006202));
#10419=CARTESIAN_POINT('',(-0.0510665323352222,-0.013675174963374,-0.00545));
#10420=CARTESIAN_POINT('',(-0.0510665323352222,-0.013675174963374,0.014));
#10421=CARTESIAN_POINT('',(-0.049429672947901,-0.008068205962705,0.014));
#10422=CARTESIAN_POINT('',(-0.0551572555051683,-0.00921372247415838,0.014));
#10423=CARTESIAN_POINT('',(-0.0551572555051683,-0.00921372247415838,-0.011));
#10424=CARTESIAN_POINT('',(-0.0551572555051683,-0.00921372247415838,-0.008));
#10425=CARTESIAN_POINT('',(-0.049429672947901,-0.008068205962705,-0.008));
#10426=CARTESIAN_POINT('',(-0.050977302594629,-0.0137004570672717,-0.008));
#10427=CARTESIAN_POINT('',(-0.050977302594629,-0.0137004570672717,0.0015));
#10428=CARTESIAN_POINT('',(-0.050977302594629,-0.0137004570672717,-0.00580486418244297));
#10429=CARTESIAN_POINT('',(-0.050977302594629,-0.0137004570672717,-0.00580486418244297));
#10430=CARTESIAN_POINT('',(-0.0510356756123397,-0.0136844173326965,-0.0056961361291731));
#10431=CARTESIAN_POINT('',(-0.0510665323352222,-0.013675174963374,-0.00557448366191709));
#10432=CARTESIAN_POINT('',(-0.0510665323352222,-0.013675174963374,-0.00545));
#10433=CARTESIAN_POINT('',(-0.0490076755478589,-0.00798380648269653,-0.006202));
#10434=CARTESIAN_POINT('',(-0.0490076755478589,-0.00798380648269653,0.014));
#10435=CARTESIAN_POINT('',(-0.0533922102889247,-0.00886071343090968,0.014));
#10436=CARTESIAN_POINT('',(-0.0510641610264074,-0.0119541941423535,0.014));
#10437=CARTESIAN_POINT('',(-0.0510641610264074,-0.0119541941423535,-0.006202));
#10438=CARTESIAN_POINT('',(-0.0510641610264074,-0.0119541941423535,-0.00545));
#10439=CARTESIAN_POINT('',(-0.0510641610264074,-0.0119541941423535,-0.00545));
#10440=CARTESIAN_POINT('',(-0.0510641610264074,-0.0119541941423535,-0.0055559464643456));
#10441=CARTESIAN_POINT('',(-0.051041501687462,-0.0119661187482923,-0.00565981767585187));
#10442=CARTESIAN_POINT('',(-0.051,-0.0119867746275658,-0.00575362212394915));
#10443=CARTESIAN_POINT('',(-0.051,-0.0119867746275657,-0.00575362212394918));
#10444=CARTESIAN_POINT('',(-0.051,-0.0119867746275657,-0.0062));
#10445=CARTESIAN_POINT('',(-0.0533922102889247,-0.00886071343090968,-0.006202));
#10446=CARTESIAN_POINT('',(6.93889390390723E-18,0.0118343169716955,0.0008));
#10447=CARTESIAN_POINT('',(0.0375,0.00713431697169554,0.0008));
#10448=CARTESIAN_POINT('',(0.02,0.00713431697169554,0.0008));
#10449=CARTESIAN_POINT('',(0.02,0.00750931697169554,0.0008));
#10450=CARTESIAN_POINT('',(6.93889390390723E-18,0.0118343169716955,0.0008));
#10451=CARTESIAN_POINT('',(0.0375,0.00713431697169554,0.0008));
#10452=CARTESIAN_POINT('',(6.93889390390723E-18,0.0118343169716955,0.0008));
#10453=CARTESIAN_POINT('',(0.0379,-0.00601568302830446,0.0008));
#10454=CARTESIAN_POINT('',(0.02,-0.00601568302830446,0.0008));
#10455=CARTESIAN_POINT('',(0.0318,-0.00601568302830446,0.0008));
#10456=CARTESIAN_POINT('',(0.0318,0.0118343169716955,0.0008));
#10457=CARTESIAN_POINT('',(0.0318,-0.00451568302830446,0.0008));
#10458=CARTESIAN_POINT('',(0.0287,-0.00451568302830446,0.0008));
#10459=CARTESIAN_POINT('',(0.02,-0.00451568302830446,0.0008));
#10460=CARTESIAN_POINT('',(0.02,0.000934316971695538,0.0008));
#10461=CARTESIAN_POINT('',(6.93889390390723E-18,0.0118343169716955,0.0008));
#10462=CARTESIAN_POINT('',(0.0328,0.0118343169716955,0.0008));
#10463=CARTESIAN_POINT('',(0.0328,-0.00601568302830446,0.0008));
#10464=CARTESIAN_POINT('',(0.0328,-0.00451568302830446,0.0008));
#10465=CARTESIAN_POINT('',(0.0379,-0.00601568302830446,0.0008));
#10466=CARTESIAN_POINT('',(0.0287,-0.00451568302830446,0.0008));
#10467=CARTESIAN_POINT('',(0.03235,0.00713431697169554,-0.0007));
#10468=CARTESIAN_POINT('',(0.03395,0.00713431697169554,0.0003));
#10469=CARTESIAN_POINT('',(0.02,0.00713431697169554,0.0003));
#10470=CARTESIAN_POINT('',(0.02,0.00713431697169554,-0.0007));
#10471=CARTESIAN_POINT('',(0.03235,0.00713431697169554,-0.0007));
#10472=CARTESIAN_POINT('',(0.03395,0.00713431697169554,0.0003));
#10473=CARTESIAN_POINT('',(0.0287,0.00588431697169554,-0.00095));
#10474=CARTESIAN_POINT('',(0.0287,0.00463431697169554,-0.0022));
#10475=CARTESIAN_POINT('',(0.02,0.00463431697169554,-0.0022));
#10476=CARTESIAN_POINT('',(0.02,0.00728431697169554,0.00045));
#10477=CARTESIAN_POINT('',(0.0287,-0.00201568302830446,0.000300000000000137));
#10478=CARTESIAN_POINT('',(0.0318,-0.00201568302830446,0.000300000000000137));
#10479=CARTESIAN_POINT('',(0.0318,-0.00201568302830446,-0.0022));
#10480=CARTESIAN_POINT('',(0.0318,-0.00451568302830446,0.0003));
#10481=CARTESIAN_POINT('',(0.0287,-0.00201568302830446,-0.0022));
#10482=CARTESIAN_POINT('',(0.02,-0.00201568302830446,-0.0022));
#10483=CARTESIAN_POINT('',(0.02,-0.00201568302830446,0.000300000000000137));
#10484=CARTESIAN_POINT('',(0.02,-0.00451568302830446,0.0003));
#10485=CARTESIAN_POINT('',(0.0287,-0.00451568302830446,0.0003));
#10486=CARTESIAN_POINT('',(0.0287,-0.00451568302830446,0.00444267855356786));
#10487=CARTESIAN_POINT('',(0.0318,-0.00451568302830446,0.00444267855356786));
#10488=CARTESIAN_POINT('',(0.02,-0.00451568302830446,0.0068));
#10489=CARTESIAN_POINT('',(6.93889390390723E-18,0.0118343169716955,0.0008));
#10490=CARTESIAN_POINT('',(-0.03795,0.00683502804573964,0.0008));
#10491=CARTESIAN_POINT('',(-0.0209,0.00683502804573964,0.0008));
#10492=CARTESIAN_POINT('',(-0.0209,0.00721002804573964,0.0008));
#10493=CARTESIAN_POINT('',(6.93889390390723E-18,0.0118343169716955,0.0008));
#10494=CARTESIAN_POINT('',(-0.03795,0.00683502804573964,0.0008));
#10495=CARTESIAN_POINT('',(6.93889390390723E-18,0.0118343169716955,0.0008));
#10496=CARTESIAN_POINT('',(-0.03795,-0.00561497195426036,0.0008));
#10497=CARTESIAN_POINT('',(-0.0209,-0.00561497195426036,0.0008));
#10498=CARTESIAN_POINT('',(-0.0319,-0.00561497195426036,0.0008));
#10499=CARTESIAN_POINT('',(-0.0319,0.0118343169716955,0.0008));
#10500=CARTESIAN_POINT('',(-0.0209,-0.00598997195426036,0.0008));
#10501=CARTESIAN_POINT('',(6.93889390390723E-18,0.0118343169716955,0.0008));
#10502=CARTESIAN_POINT('',(-0.0329,0.0118343169716955,0.0008));
#10503=CARTESIAN_POINT('',(-0.0329,-0.00561497195426036,0.0008));
#10504=CARTESIAN_POINT('',(-0.03795,-0.00561497195426036,0.0008));
#10505=CARTESIAN_POINT('',(-0.0351,-0.00561497195426036,0.0008));
#10506=CARTESIAN_POINT('',(-0.0351,0.0118343169716955,0.0008));
#10507=CARTESIAN_POINT('',(-0.034,-0.00561497195426036,-0.0007));
#10508=CARTESIAN_POINT('',(-0.018,-0.00561497195426036,0.0003));
#10509=CARTESIAN_POINT('',(-0.0209,-0.00561497195426036,0.0003));
#10510=CARTESIAN_POINT('',(-0.0319,-0.00561497195426036,0.0003));
#10511=CARTESIAN_POINT('',(-0.0319,-0.00561497195426036,-0.0007));
#10512=CARTESIAN_POINT('',(-0.0209,-0.00561497195426036,0.000802));
#10513=CARTESIAN_POINT('',(-0.034,-0.00561497195426036,-0.0007));
#10514=CARTESIAN_POINT('',(-0.0329,-0.00561497195426036,-0.0007));
#10515=CARTESIAN_POINT('',(-0.0329,-0.00561497195426036,0.0003));
#10516=CARTESIAN_POINT('',(-0.018,-0.00561497195426036,0.0003));
#10517=CARTESIAN_POINT('',(-0.0351,-0.00561497195426036,0.0003));
#10518=CARTESIAN_POINT('',(-0.0351,-0.00561497195426036,-0.0007));
#10519=CARTESIAN_POINT('',(-0.04205,0.00683502804573964,-0.0007));
#10520=CARTESIAN_POINT('',(-0.018,0.00683502804573964,0.000300000000000004));
#10521=CARTESIAN_POINT('',(-0.0209,0.00683502804573964,0.0003));
#10522=CARTESIAN_POINT('',(-0.0209,0.00683502804573964,0.000802));
#10523=CARTESIAN_POINT('',(-0.04205,0.00683502804573964,-0.0007));
#10524=CARTESIAN_POINT('',(-0.018,0.00683502804573964,0.000300000000000004));
#10525=CARTESIAN_POINT('',(0.,0.0275,-0.008));
#10526=CARTESIAN_POINT('',(-0.0285662033440284,0.0626463463378882,-0.008));
#10527=CARTESIAN_POINT('',(-0.0285662033440284,0.0636463463378882,-0.008));
#10528=CARTESIAN_POINT('',(-0.0285662033440284,0.0596463463378882,-0.008));
#10529=CARTESIAN_POINT('',(-0.0265662033440284,0.0596463463378882,-0.008));
#10530=CARTESIAN_POINT('',(-0.0245662033440284,0.0596463463378882,-0.008));
#10531=CARTESIAN_POINT('',(-0.0245662033440284,0.0626463463378882,-0.008));
#10532=CARTESIAN_POINT('',(-0.0245662033440284,0.0636463463378882,-0.008));
#10533=CARTESIAN_POINT('',(-0.0265662033440284,0.0636463463378882,-0.008));
#10534=CARTESIAN_POINT('',(-0.0370878239698175,0.0380585493132117,-0.008));
#10535=CARTESIAN_POINT('',(-0.056,0.00969028526793807,-0.008));
#10536=CARTESIAN_POINT('',(-0.0406206276785634,0.0327593437500928,-0.008));
#10537=CARTESIAN_POINT('',(-0.0385,0.0575,-0.008));
#10538=CARTESIAN_POINT('',(-0.0375884573348517,0.0681346644267301,-0.008));
#10539=CARTESIAN_POINT('',(-0.0353280119742974,0.0729609179570463,-0.008));
#10540=CARTESIAN_POINT('',(-0.0343729785275812,0.075,-0.008));
#10541=CARTESIAN_POINT('',(-0.029,0.075,-0.008));
#10542=CARTESIAN_POINT('',(-0.0259821533828104,0.075,-0.008));
#10543=CARTESIAN_POINT('',(-0.0427570533800954,0.0910584889699333,-0.008));
#10544=CARTESIAN_POINT('',(-0.0189756156054658,0.0682926926757764,-0.008));
#10545=CARTESIAN_POINT('',(-0.017,0.065,-0.008));
#10546=CARTESIAN_POINT('',(-0.011,0.055,-0.008));
#10547=CARTESIAN_POINT('',(-0.0055,0.055,-0.008));
#10548=CARTESIAN_POINT('',(0.011,0.055,-0.008));
#10549=CARTESIAN_POINT('',(0.017,0.065,-0.008));
#10550=CARTESIAN_POINT('',(0.0189756156054658,0.0682926926757763,-0.008));
#10551=CARTESIAN_POINT('',(0.0427570533800954,0.0910584889699333,-0.008));
#10552=CARTESIAN_POINT('',(0.0259821533828104,0.075,-0.008));
#10553=CARTESIAN_POINT('',(0.031,0.075,-0.008));
#10554=CARTESIAN_POINT('',(0.0343729785275812,0.075,-0.008));
#10555=CARTESIAN_POINT('',(0.0353280119742974,0.0729609179570463,-0.008));
#10556=CARTESIAN_POINT('',(0.0375884573348517,0.0681346644267302,-0.008));
#10557=CARTESIAN_POINT('',(0.0385,0.0575,-0.008));
#10558=CARTESIAN_POINT('',(0.0406206276785634,0.0327593437500928,-0.008));
#10559=CARTESIAN_POINT('',(0.0470878239698176,0.0230585493132118,-0.008));
#10560=CARTESIAN_POINT('',(0.056,0.00969028526793805,-0.008));
#10561=CARTESIAN_POINT('',(0.056,0.00454545454545457,-0.008));
#10562=CARTESIAN_POINT('',(0.056,-0.005,-0.008));
#10563=CARTESIAN_POINT('',(0.0545,-0.0125,-0.008));
#10564=CARTESIAN_POINT('',(0.049,-0.0134,-0.008));
#10565=CARTESIAN_POINT('',(0.051,-0.0134,-0.008));
#10566=CARTESIAN_POINT('',(0.051,0.0006,-0.008));
#10567=CARTESIAN_POINT('',(0.051,0.0146,-0.008));
#10568=CARTESIAN_POINT('',(0.049,0.0146,-0.008));
#10569=CARTESIAN_POINT('',(0.049,0.0166,-0.008));
#10570=CARTESIAN_POINT('',(0.046,0.0166,-0.008));
#10571=CARTESIAN_POINT('',(0.045,0.0166,-0.008));
#10572=CARTESIAN_POINT('',(0.045,0.0146,-0.008));
#10573=CARTESIAN_POINT('',(0.043,0.0146,-0.008));
#10574=CARTESIAN_POINT('',(0.043,0.0073,-0.008));
#10575=CARTESIAN_POINT('',(0.043,-0.0120313641580507,-0.008));
#10576=CARTESIAN_POINT('',(-5.43878211315837E-5,-0.0119720402840656,-0.008));
#10577=CARTESIAN_POINT('',(0.0405992441920602,-0.0120280561993912,-0.008));
#10578=CARTESIAN_POINT('',(0.00401377868613827,0.0309192151677093,-0.008));
#10579=CARTESIAN_POINT('',(0.0396982185712004,-0.0109703522365562,-0.008));
#10580=CARTESIAN_POINT('',(0.0381757452849593,-0.0122673006135869,-0.008));
#10581=CARTESIAN_POINT('',(0.0381757452849593,-0.0102673006135869,-0.008));
#10582=CARTESIAN_POINT('',(0.,-0.0102673006135869,-0.008));
#10583=CARTESIAN_POINT('',(0.0274003641777074,-0.0102673006135869,-0.008));
#10584=CARTESIAN_POINT('',(0.0274003641777074,-0.0122673006135869,-0.008));
#10585=CARTESIAN_POINT('',(0.025882706172584,-0.0109647207966525,-0.008));
#10586=CARTESIAN_POINT('',(0.0339137622826288,-0.00160760007625807,-0.008));
#10587=CARTESIAN_POINT('',(0.0249885250809333,-0.0120065464676256,-0.008));
#10588=CARTESIAN_POINT('',(-5.43878211315837E-5,-0.0119720402840656,-0.008));
#10589=CARTESIAN_POINT('',(-0.0249896160334108,-0.0119376824773213,-0.008));
#10590=CARTESIAN_POINT('',(-0.0339257217031288,-0.00147458895210331,-0.008));
#10591=CARTESIAN_POINT('',(-0.0258882639928077,-0.0108854749505819,-0.008));
#10592=CARTESIAN_POINT('',(-0.0274090917459021,-0.0121843525219556,-0.008));
#10593=CARTESIAN_POINT('',(-0.0274063359841471,-0.0101843544205122,-0.008));
#10594=CARTESIAN_POINT('',(-5.19765345009109E-5,-0.0102220455050928,-0.008));
#10595=CARTESIAN_POINT('',(-0.0381816961593233,-0.0101695072436849,-0.008));
#10596=CARTESIAN_POINT('',(-0.0381844519210782,-0.0121695053451283,-0.008));
#10597=CARTESIAN_POINT('',(-0.0397037669013698,-0.0108688585865262,-0.008));
#10598=CARTESIAN_POINT('',(-0.00395713041721832,0.0308875983040285,-0.008));
#10599=CARTESIAN_POINT('',(-0.0406003457969636,-0.0119161727308779,-0.008));
#10600=CARTESIAN_POINT('',(-5.43878211315837E-5,-0.0119720402840656,-0.008));
#10601=CARTESIAN_POINT('',(-0.043,-0.0119128662901002,-0.008));
#10602=CARTESIAN_POINT('',(-0.043,-0.0067,-0.008));
#10603=CARTESIAN_POINT('',(-0.043,0.0146,-0.008));
#10604=CARTESIAN_POINT('',(-0.045,0.0146,-0.008));
#10605=CARTESIAN_POINT('',(-0.045,0.0166,-0.008));
#10606=CARTESIAN_POINT('',(-0.046,0.0166,-0.008));
#10607=CARTESIAN_POINT('',(-0.049,0.0166,-0.008));
#10608=CARTESIAN_POINT('',(-0.049,0.0146,-0.008));
#10609=CARTESIAN_POINT('',(-0.051,0.0146,-0.008));
#10610=CARTESIAN_POINT('',(-0.051,-0.0067,-0.008));
#10611=CARTESIAN_POINT('',(-0.051,-0.0134,-0.008));
#10612=CARTESIAN_POINT('',(-0.049,-0.0134,-0.008));
#10613=CARTESIAN_POINT('',(-0.0545,-0.0125,-0.008));
#10614=CARTESIAN_POINT('',(-0.056,-0.005,-0.008));
#10615=CARTESIAN_POINT('',(-0.056,0.00454545454545455,-0.008));
#10616=CARTESIAN_POINT('',(0.0245662033440284,0.0606463463378882,-0.008));
#10617=CARTESIAN_POINT('',(0.0245662033440284,0.0636463463378882,-0.008));
#10618=CARTESIAN_POINT('',(0.0245662033440284,0.0596463463378882,-0.008));
#10619=CARTESIAN_POINT('',(0.0265662033440284,0.0596463463378882,-0.008));
#10620=CARTESIAN_POINT('',(0.0285662033440284,0.0596463463378882,-0.008));
#10621=CARTESIAN_POINT('',(0.0285662033440284,0.0606463463378882,-0.008));
#10622=CARTESIAN_POINT('',(0.0285662033440284,0.0636463463378882,-0.008));
#10623=CARTESIAN_POINT('',(0.0265662033440284,0.0636463463378882,-0.008));
#10624=CARTESIAN_POINT('',(-0.0385,0.0575,-0.008));
#10625=CARTESIAN_POINT('',(-0.0394609874320773,0.0462884799590986,-0.0010035055319511));
#10626=CARTESIAN_POINT('',(-0.0394277804751684,0.0466758944563694,-0.00112757952716124));
#10627=CARTESIAN_POINT('',(-0.0390877548513982,0.0506428600670202,0.0031144377869347));
#10628=CARTESIAN_POINT('',(-0.04,0.04,-0.0035));
#10629=CARTESIAN_POINT('',(-0.04,0.04,-0.008));
#10630=CARTESIAN_POINT('',(-0.0399999867607505,0.0400000356282809,0.0021926340011667));
#10631=CARTESIAN_POINT('',(-0.0394277804751683,0.0466758944563694,-0.00112757952716124));
#10632=CARTESIAN_POINT('',(-0.03963228878943,0.0442899641233163,-0.000365671877005292));
#10633=CARTESIAN_POINT('',(-0.0398230270464104,0.0420646844585448,0.000741060644118894));
#10634=CARTESIAN_POINT('',(-0.0399999952461096,0.040000055462055,0.00219261803621132));
#10635=CARTESIAN_POINT('',(0.017,0.065,-0.008));
#10636=CARTESIAN_POINT('',(0.0104550097586231,0.0540916829310385,-0.0034519615877555));
#10637=CARTESIAN_POINT('',(0.011,0.055,-0.00374286068538236));
#10638=CARTESIAN_POINT('',(0.011,0.055,-0.008));
#10639=CARTESIAN_POINT('',(0.011,0.055,-0.008));
#10640=CARTESIAN_POINT('',(0.0400748952412356,0.0938603051707302,-0.0120402319218828));
#10641=CARTESIAN_POINT('',(0.0262076139968106,0.055,0.00721142865858938));
#10642=CARTESIAN_POINT('',(0.0113954452391479,0.055,-0.00345801510932876));
#10643=CARTESIAN_POINT('',(0.0165,0.055,0.000218877915063462));
#10644=CARTESIAN_POINT('',(0.0262076139968106,0.055,0.00721142865858938));
#10645=CARTESIAN_POINT('',(0.0167587121387975,0.055,0.000405232436277654));
#10646=CARTESIAN_POINT('',(0.0273412484245515,0.0726375604762565,-0.00524340128668869));
#10647=CARTESIAN_POINT('',(0.0253302456716363,0.069285889221398,-0.00416998961482072));
#10648=CARTESIAN_POINT('',(0.0277903606420065,0.0908493240877764,-0.018623363495432));
#10649=CARTESIAN_POINT('',(0.0181987588576961,0.0652839412252801,-0.00629564352779452));
#10650=CARTESIAN_POINT('',(0.0111235123034432,0.0551764461477761,-0.00378665991456747));
#10651=CARTESIAN_POINT('',(0.0204546988277333,0.0491218212744261,0.00749055433674104));
#10652=CARTESIAN_POINT('',(0.018,0.065,-0.008));
#10653=CARTESIAN_POINT('',(0.0244178688079336,0.0741683840113337,-0.0098690487361389));
#10654=CARTESIAN_POINT('',(0.011,0.055,-0.00373015098511788));
#10655=CARTESIAN_POINT('',(0.011,0.055,-0.008));
#10656=CARTESIAN_POINT('',(-0.0159632045517855,0.00789657132382168,0.015490652897105));
#10657=CARTESIAN_POINT('',(0.00167858237797611,0.055,-0.0101449257681736));
#10658=CARTESIAN_POINT('',(-0.0055,0.055,-0.008));
#10659=CARTESIAN_POINT('',(0.0165,0.055,0.02565));
#10660=CARTESIAN_POINT('',(-0.0165,0.03975,0.02565));
#10661=CARTESIAN_POINT('',(-0.0165,0.0471,-0.00089476756372235));
#10662=CARTESIAN_POINT('',(-0.0165,0.0471,-0.00229476756372235));
#10663=CARTESIAN_POINT('',(-0.0165,0.0409,0.000405232436277655));
#10664=CARTESIAN_POINT('',(-0.0165,0.0409,-0.000994767563722345));
#10665=CARTESIAN_POINT('',(-0.0165,0.055,0.02565));
#10666=CARTESIAN_POINT('',(-0.0165,0.055,0.000218877915063455));
#10667=CARTESIAN_POINT('',(-0.0165,0.055,-0.008));
#10668=CARTESIAN_POINT('',(-0.0165,0.055,0.000405232436277655));
#10669=CARTESIAN_POINT('',(-0.0165,0.06125,-0.00159640270005912));
#10670=CARTESIAN_POINT('',(-0.0165,0.0504684475069498,0.00185651478703664));
#10671=CARTESIAN_POINT('',(-0.0165,0.0519934561612659,0.00661827376920501));
#10672=CARTESIAN_POINT('',(-0.0165,0.0495231888069885,0.00227111616930236));
#10673=CARTESIAN_POINT('',(-0.0165,0.0537704262635402,0.022386269445085));
#10674=CARTESIAN_POINT('',(-0.0165,0.035,0.014));
#10675=CARTESIAN_POINT('',(-0.0165,0.0275,0.014));
#10676=CARTESIAN_POINT('',(-0.0165,0.0319976729394006,0.014));
#10677=CARTESIAN_POINT('',(-0.0165,0.0319976729394006,0.014));
#10678=CARTESIAN_POINT('',(-0.0165,0.0319976729394006,0.0122));
#10679=CARTESIAN_POINT('',(-0.0165,0.0319976729394006,0.009));
#10680=CARTESIAN_POINT('',(-0.0165,0.0347236693799313,0.0106759902762886));
#10681=CARTESIAN_POINT('',(-0.0165,0.0537704262635402,0.022386269445085));
#10682=CARTESIAN_POINT('',(-0.0165,0.0362,0.00855913283217961));
#10683=CARTESIAN_POINT('',(-0.0165,0.0362,0.));
#10684=CARTESIAN_POINT('',(-0.0165,0.0362,-0.0047));
#10685=CARTESIAN_POINT('',(-0.0165,0.0362,-0.0047));
#10686=CARTESIAN_POINT('',(-0.0095,0.036,-0.004));
#10687=CARTESIAN_POINT('',(-0.0095,0.036,-0.004));
#10688=CARTESIAN_POINT('',(-0.0095,0.0460933270911375,-0.004));
#10689=CARTESIAN_POINT('',(-0.0095,0.0202316282571331,-0.004));
#10690=CARTESIAN_POINT('',(-0.0095,0.0460933270911375,-0.009));
#10691=CARTESIAN_POINT('',(-0.0095,0.0478489442990794,-0.00431835411215477));
#10692=CARTESIAN_POINT('',(-0.0095,0.0373561643835617,-0.000383561643835617));
#10693=CARTESIAN_POINT('',(-0.0095,0.0202316282571331,0.0154));
#10694=CARTESIAN_POINT('',(6.93889390390723E-18,0.025,-0.004));
#10695=CARTESIAN_POINT('',(-0.0095,0.036,-0.004));
#10696=CARTESIAN_POINT('',(-0.0095,0.02,-0.004));
#10697=CARTESIAN_POINT('',(-0.0065,0.02,-0.004));
#10698=CARTESIAN_POINT('',(-0.0065,0.017,-0.004));
#10699=CARTESIAN_POINT('',(-0.00475,0.017,-0.004));
#10700=CARTESIAN_POINT('',(0.0065,0.017,-0.004));
#10701=CARTESIAN_POINT('',(0.0065,0.02,-0.004));
#10702=CARTESIAN_POINT('',(0.0095,0.02,-0.004));
#10703=CARTESIAN_POINT('',(0.0095,0.036,-0.004));
#10704=CARTESIAN_POINT('',(0.0095,0.0202316282571331,-0.004));
#10705=CARTESIAN_POINT('',(0.0095,0.036,-0.004));
#10706=CARTESIAN_POINT('',(0.0095,0.0460933270911375,-0.004));
#10707=CARTESIAN_POINT('',(6.93889390390723E-18,0.0460933270911375,-0.004));
#10708=CARTESIAN_POINT('',(6.93889390390723E-18,0.0460933270911375,-0.009));
#10709=CARTESIAN_POINT('',(0.0095,0.0460933270911375,-0.009));
#10710=CARTESIAN_POINT('',(0.0095,0.0478489442990794,-0.00431835411215478));
#10711=CARTESIAN_POINT('',(-0.0055,0.0478489442990794,-0.00431835411215478));
#10712=CARTESIAN_POINT('',(-0.0055,0.055,-0.007));
#10713=CARTESIAN_POINT('',(0.0095,0.055,-0.007));
#10714=CARTESIAN_POINT('',(0.0095,0.055,-0.007));
#10715=CARTESIAN_POINT('',(0.0095,0.055,-0.007));
#10716=CARTESIAN_POINT('',(-0.0055,0.055,-0.007));
#10717=CARTESIAN_POINT('',(-0.0095,0.055,-0.007));
#10718=CARTESIAN_POINT('',(-0.0095,0.0373561643835617,-0.000383561643835617));
#10719=CARTESIAN_POINT('',(0.0095,0.036,-0.004));
#10720=CARTESIAN_POINT('',(0.0095,0.0202316282571331,0.0154));
#10721=CARTESIAN_POINT('',(-0.0165,0.0202316282571331,0.0154));
#10722=CARTESIAN_POINT('',(-0.0113,0.0202316282571331,-0.004));
#10723=CARTESIAN_POINT('',(-0.0113,0.0202316282571331,0.00138050266856339));
#10724=CARTESIAN_POINT('',(-0.0133,0.0202316282571331,0.0013805026685634));
#10725=CARTESIAN_POINT('',(-0.0133,0.0202316282571331,0.00692990333447904));
#10726=CARTESIAN_POINT('',(-0.0165,0.0202316282571331,0.00692990333447905));
#10727=CARTESIAN_POINT('',(-0.0165,0.0202316282571331,0.00692990333447905));
#10728=CARTESIAN_POINT('',(-0.0165,0.0202316282571331,0.02565));
#10729=CARTESIAN_POINT('',(-0.0165,0.0202316282571331,0.014));
#10730=CARTESIAN_POINT('',(4.30525615942377E-18,0.0202316282571331,0.014));
#10731=CARTESIAN_POINT('',(-0.0153,0.0202316282571331,0.014));
#10732=CARTESIAN_POINT('',(-0.0153,0.0202316282571331,0.015));
#10733=CARTESIAN_POINT('',(-0.0153,0.0202316282571331,0.016));
#10734=CARTESIAN_POINT('',(-0.0165,0.0202316282571331,0.016));
#10735=CARTESIAN_POINT('',(-0.0095,0.0202316282571331,0.016));
#10736=CARTESIAN_POINT('',(-0.0095,0.0202316282571331,-0.004));
#10737=CARTESIAN_POINT('',(-0.0055,0.055,-0.008));
#10738=CARTESIAN_POINT('',(-0.011,0.055,-0.008));
#10739=CARTESIAN_POINT('',(-0.0095,0.055,-0.008));
#10740=CARTESIAN_POINT('',(0.0095,0.055,-0.008));
#10741=CARTESIAN_POINT('',(-0.017,0.065,-0.008));
#10742=CARTESIAN_POINT('',(-0.0104550097586231,0.0540916829310385,-0.0034519615877555));
#10743=CARTESIAN_POINT('',(-0.011,0.055,-0.00374286068538235));
#10744=CARTESIAN_POINT('',(-0.011,0.055,-0.008));
#10745=CARTESIAN_POINT('',(0.0095,0.036,-0.004));
#10746=CARTESIAN_POINT('',(-0.0400748952412356,0.0938603051707302,-0.0120402319218828));
#10747=CARTESIAN_POINT('',(-0.0386425434940803,0.0944893478486863,-0.0135453019321648));
#10748=CARTESIAN_POINT('',(-0.0111235123034445,0.0551764461477778,-0.00378665991456797));
#10749=CARTESIAN_POINT('',(-0.0277903606420065,0.0908493240877764,-0.018623363495432));
#10750=CARTESIAN_POINT('',(-0.0253302456716363,0.069285889221398,-0.00416998961482072));
#10751=CARTESIAN_POINT('',(-0.0273412484245515,0.0726375604762565,-0.00524340128668869));
#10752=CARTESIAN_POINT('',(-0.0167587121387975,0.055,0.000405232436277653));
#10753=CARTESIAN_POINT('',(-0.0262076139968106,0.055,0.00721142865858938));
#10754=CARTESIAN_POINT('',(-0.0262076139968106,0.055,0.00721142865858938));
#10755=CARTESIAN_POINT('',(-0.0113954452391486,0.055,-0.0034580151093283));
#10756=CARTESIAN_POINT('',(-0.00899836553948762,0.056555366869496,-0.00635500803516574));
#10757=CARTESIAN_POINT('',(-0.0095,0.036,-0.004));
#10758=CARTESIAN_POINT('',(0.,0.0275,0.0018));
#10759=CARTESIAN_POINT('',(-0.0479975521627911,0.0239966538896662,0.0018));
#10760=CARTESIAN_POINT('',(-0.0466225521627911,0.0239966538896662,0.0018));
#10761=CARTESIAN_POINT('',(-0.0479975521627911,0.0239966538896662,-0.006202));
#10762=CARTESIAN_POINT('',(-0.0479975521627911,0.0239966538896662,0.014));
#10763=CARTESIAN_POINT('',(-0.0466225521627911,0.0239966538896662,0.014));
#10764=CARTESIAN_POINT('',(-0.045,0.0325,-0.008));
#10765=CARTESIAN_POINT('',(-0.05,0.025,-0.0035));
#10766=CARTESIAN_POINT('',(-0.05,0.025,-0.0035));
#10767=CARTESIAN_POINT('',(-0.05,0.025,-0.008));
#10768=CARTESIAN_POINT('',(-0.05,0.025,0.014));
#10769=CARTESIAN_POINT('',(-0.045,0.0325,0.014));
#10770=CARTESIAN_POINT('',(-0.0453348847070663,0.0319976729394006,0.014));
#10771=CARTESIAN_POINT('',(-0.0453348847070663,0.0319976729394006,0.009));
#10772=CARTESIAN_POINT('',(-0.0443606619821559,0.0334590070267662,0.013781684504243));
#10773=CARTESIAN_POINT('',(-0.0400011172731932,0.0399983240902102,0.00411119638701202));
#10774=CARTESIAN_POINT('',(-0.0409711389762752,0.0385432915355872,0.00543368555041677));
#10775=CARTESIAN_POINT('',(-0.042258809600349,0.0366117855994765,0.00766714652945547));
#10776=CARTESIAN_POINT('',(-0.043608464918796,0.034587302621806,0.0110747723363139));
#10777=CARTESIAN_POINT('',(-0.0441334143586401,0.0337998784620399,0.0128621906396279));
#10778=CARTESIAN_POINT('',(-0.0443606678556258,0.0334589982165612,0.013781679784043));
#10779=CARTESIAN_POINT('',(-0.0400011172475477,0.0399983241286784,0.00411119644814602));
#10780=CARTESIAN_POINT('',(-0.0382133834672135,0.0426799247991797,0.00195539261960123));
#10781=CARTESIAN_POINT('',(-0.0383483320867918,0.0424775018698123,0.00210934977196577));
#10782=CARTESIAN_POINT('',(-0.038588875020978,0.042116687468533,0.00238394552157266));
#10783=CARTESIAN_POINT('',(-0.0388604078711047,0.041709388193343,0.00269444300379613));
#10784=CARTESIAN_POINT('',(-0.0390153305441866,0.0414770041837201,0.00287229531254389));
#10785=CARTESIAN_POINT('',(-0.0390804505098699,0.0413793242351952,0.00294738944758975));
#10786=CARTESIAN_POINT('',(-0.0391138135423859,0.0413292796864212,0.00298626872504972));
#10787=CARTESIAN_POINT('',(-0.0391129958923131,0.0413305061615303,0.00298514299712161));
#10788=CARTESIAN_POINT('',(-0.0391842863919122,0.0412235704121316,0.00306951062729297));
#10789=CARTESIAN_POINT('',(-0.0392538780960823,0.0411191828558765,0.00315284025451938));
#10790=CARTESIAN_POINT('',(-0.0393867441754268,0.0409198837368598,0.00331384483190784));
#10791=CARTESIAN_POINT('',(-0.0396415012807438,0.0405377480788843,0.00363147033774419));
#10792=CARTESIAN_POINT('',(-0.039858285702864,0.0402125714457039,0.0039164951605347));
#10793=CARTESIAN_POINT('',(-0.0400001918942514,0.0399997121586229,0.00410993485804996));
#10794=CARTESIAN_POINT('',(-0.0382133834909118,0.0426799247615035,0.00195539254929221));
#10795=CARTESIAN_POINT('',(-0.0382133833225792,0.0426799250161312,0.00195539245459405));
#10796=CARTESIAN_POINT('',(-0.0388108713911969,0.0417836929132047,0.00198653810896377));
#10797=CARTESIAN_POINT('',(-0.0394064122122309,0.0408903816816538,0.00206533864412478));
#10798=CARTESIAN_POINT('',(-0.0399999707795994,0.040000043830601,0.00219265076194856));
#10799=CARTESIAN_POINT('',(0.00214082157202639,0.0372,0.00117956641608981));
#10800=CARTESIAN_POINT('',(-0.0300501078930385,0.0372,0.00645913283217961));
#10801=CARTESIAN_POINT('',(-0.0300501078930385,0.0372,0.00445913283217961));
#10802=CARTESIAN_POINT('',(-0.0300501078930385,0.0372,0.00645913283217961));
#10803=CARTESIAN_POINT('',(-0.0300501078930385,0.0372,0.00485913283217961));
#10804=CARTESIAN_POINT('',(-0.0401077924684321,0.034479554686034,0.0153015303915857));
#10805=CARTESIAN_POINT('',(-0.0390377642997041,0.0358143957676905,0.0116604240058726));
#10806=CARTESIAN_POINT('',(-0.0371214257191536,0.0382049940140181,0.00841389687274643));
#10807=CARTESIAN_POINT('',(-0.0346463978707603,0.0412925471708727,0.00606559130723047));
#10808=CARTESIAN_POINT('',(-0.0344107462169717,0.0415865184116591,0.00584200509971604));
#10809=CARTESIAN_POINT('',(-0.0341750945631831,0.0418804896524455,0.00561841889220162));
#10810=CARTESIAN_POINT('',(-0.0339394429093944,0.0421744608932318,0.00539483268468719));
#10811=CARTESIAN_POINT('',(-0.0401333486538089,0.0344732632920777,0.0152929550961968));
#10812=CARTESIAN_POINT('',(-0.0390633204850809,0.0358097200516704,0.0116474415527092));
#10813=CARTESIAN_POINT('',(-0.0371469819045304,0.0382032118535636,0.00839698485648341));
#10814=CARTESIAN_POINT('',(-0.0346719540561371,0.0412945021530495,0.00604583692602844));
#10815=CARTESIAN_POINT('',(-0.0344363024023484,0.0415888292136066,0.0058219800920647));
#10816=CARTESIAN_POINT('',(-0.0342006507485599,0.0418831562741637,0.00559812325810096));
#10817=CARTESIAN_POINT('',(-0.0339649990947712,0.0421774833347208,0.00537426642413723));
#10818=CARTESIAN_POINT('',(-0.0443817328816169,0.0334274006775747,0.0138674235021017));
#10819=CARTESIAN_POINT('',(-0.0433117047128889,0.0350324429306666,0.00948927716140031));
#10820=CARTESIAN_POINT('',(-0.0413953661323383,0.0379069508014925,0.00558558158588626));
#10821=CARTESIAN_POINT('',(-0.0389203382839451,0.0416194925740824,0.00276192736395696));
#10822=CARTESIAN_POINT('',(-0.0386846866301564,0.0419729700547654,0.00249308239416933));
#10823=CARTESIAN_POINT('',(-0.0384490349763678,0.0423264475354483,0.0022242374243817));
#10824=CARTESIAN_POINT('',(-0.0382133833225792,0.0426799250161312,0.00195539245459406));
#10825=CARTESIAN_POINT('',(-0.0387036995183792,0.0362570396390419,0.0116187392611752));
#10826=CARTESIAN_POINT('',(-0.0377638411770916,0.0374285169858703,0.00971333148925127));
#10827=CARTESIAN_POINT('',(-0.036537590241932,0.0389663844754005,0.00791608777464704));
#10828=CARTESIAN_POINT('',(-0.0350249467129003,0.0408541161257339,0.00639166567554549));
#10829=CARTESIAN_POINT('',(-0.0387041547051538,0.0362573931987391,0.0116187321110465));
#10830=CARTESIAN_POINT('',(-0.0350248110787406,0.0408539437643857,0.00639158682216347));
#10831=CARTESIAN_POINT('',(-0.0382133833225792,0.0426799250161312,0.00195539245459406));
#10832=CARTESIAN_POINT('',(-0.0378916336956552,0.0425398110389347,0.00233702596312415));
#10833=CARTESIAN_POINT('',(-0.0374388323018405,0.042330392284472,0.00289158904444142));
#10834=CARTESIAN_POINT('',(-0.0368832126675983,0.0420466772359206,0.00361097310925395));
#10835=CARTESIAN_POINT('',(-0.0365136167919364,0.0418456179015712,0.00410750425110038));
#10836=CARTESIAN_POINT('',(-0.0360988954812364,0.0416011140347345,0.00469244447900444));
#10837=CARTESIAN_POINT('',(-0.0355975233979927,0.0412766307951481,0.00544124966984075));
#10838=CARTESIAN_POINT('',(-0.0352461139990342,0.0410228164257504,0.00601165371929805));
#10839=CARTESIAN_POINT('',(-0.0350252705740901,0.0408531271682462,0.00639148917181087));
#10840=CARTESIAN_POINT('',(-0.038706043381607,0.036257555387577,0.0116179002134761));
#10841=CARTESIAN_POINT('',(-0.0389297539536477,0.0359770537530476,0.0120743362470061));
#10842=CARTESIAN_POINT('',(-0.0397697175225394,0.0354299644746623,0.0126798365275706));
#10843=CARTESIAN_POINT('',(-0.0412273030408552,0.0347188531717859,0.0132202293292467));
#10844=CARTESIAN_POINT('',(-0.0427741572774032,0.0340659141222851,0.0135693767341113));
#10845=CARTESIAN_POINT('',(-0.0438290708066786,0.033658247191307,0.0137207935966932));
#10846=CARTESIAN_POINT('',(-0.044360653924326,0.033459019113511,0.0137816803907635));
#10847=CARTESIAN_POINT('',(-0.0394277804751684,0.0466758944563694,-0.00112757952716124));
#10848=CARTESIAN_POINT('',(-0.0396775623506894,0.04376177257529,-0.000197002584522666));
#10849=CARTESIAN_POINT('',(-0.0399120072225573,0.0410265824034981,0.00128550532551368));
#10850=CARTESIAN_POINT('',(-0.0401156330428369,0.0386509478335697,0.00321188494576029));
#10851=CARTESIAN_POINT('',(-0.0343405118112147,0.0475,0.00280719459988177));
#10852=CARTESIAN_POINT('',(-0.0345902936867358,0.0450735231401273,0.00358205011718334));
#10853=CARTESIAN_POINT('',(-0.0348247385586036,0.0427960358111669,0.00481647725684335));
#10854=CARTESIAN_POINT('',(-0.0350283643788832,0.0408179365597692,0.00642049924446436));
#10855=CARTESIAN_POINT('',(-0.0350246696693579,0.040854041529534,0.00639172591537788));
#10856=CARTESIAN_POINT('',(-0.0348446776410801,0.0426022170867626,0.00497998771617191));
#10857=CARTESIAN_POINT('',(-0.034616625021699,0.0448184535219439,0.00366599102391329));
#10858=CARTESIAN_POINT('',(-0.0343405118112147,0.0475,0.00280719459988175));
#10859=CARTESIAN_POINT('',(-0.0343405118112148,0.0475,0.00280719459988177));
#10860=CARTESIAN_POINT('',(-0.0343405118112147,0.0475,0.00280719459988176));
#10861=CARTESIAN_POINT('',(-0.0360362680325326,0.0472252981521231,0.00149560322420076));
#10862=CARTESIAN_POINT('',(-0.0377320242538505,0.0469505963042462,0.000184011848519757));
#10863=CARTESIAN_POINT('',(-0.0394277804751683,0.0466758944563694,-0.00112757952716124));
#10864=CARTESIAN_POINT('',(-0.0300501078930385,0.0612,0.00645913283217961));
#10865=CARTESIAN_POINT('',(-0.0304657474436823,0.0429624502746881,0.00489749609231112));
#10866=CARTESIAN_POINT('',(-0.0300500385091846,0.0430566669920032,0.00483998152398684));
#10867=CARTESIAN_POINT('',(-0.0296347458778104,0.0429626367917116,0.00489737480481918));
#10868=CARTESIAN_POINT('',(-0.0291886855686804,0.042672641339043,0.0050783598026164));
#10869=CARTESIAN_POINT('',(-0.0288097999979574,0.0421802736868533,0.00540035286863662));
#10870=CARTESIAN_POINT('',(-0.0285390620425679,0.04153848661705,0.00585590947379075));
#10871=CARTESIAN_POINT('',(-0.0284262217167825,0.0408932682688188,0.0063529841550786));
#10872=CARTESIAN_POINT('',(-0.028475429140994,0.0402547305985175,0.00688755248689273));
#10873=CARTESIAN_POINT('',(-0.0287235843851361,0.0396649688493044,0.00742331291016299));
#10874=CARTESIAN_POINT('',(-0.0292272031778097,0.0391771226941019,0.00790228693909466));
#10875=CARTESIAN_POINT('',(-0.0300476260183599,0.0389511268328119,0.00813719411502034));
#10876=CARTESIAN_POINT('',(-0.0308715121251311,0.0391757056480504,0.00790372679188001));
#10877=CARTESIAN_POINT('',(-0.0313767552574636,0.0396647034560424,0.00742349769477178));
#10878=CARTESIAN_POINT('',(-0.0316243775684591,0.040255188667231,0.00688727479861319));
#10879=CARTESIAN_POINT('',(-0.0316744997469927,0.0408875501805811,0.00635752822598396));
#10880=CARTESIAN_POINT('',(-0.0315605170914085,0.0415412053734744,0.00585383749090794));
#10881=CARTESIAN_POINT('',(-0.0312915658469385,0.0421781120293328,0.00540187935573965));
#10882=CARTESIAN_POINT('',(-0.0309106203785157,0.0426734981238832,0.00507779652072018));
#10883=CARTESIAN_POINT('',(-0.0304657474436823,0.0429624502746881,0.00489749609231112));
#10884=CARTESIAN_POINT('',(-0.0300500385091846,0.0430566669920032,0.00483998152398684));
#10885=CARTESIAN_POINT('',(-0.0296347458778104,0.0429626367917116,0.00489737480481918));
#10886=CARTESIAN_POINT('',(-0.0300501078930385,0.0430252925057354,0.00485913283217961));
#10887=CARTESIAN_POINT('',(-0.053,0.0195454545454545,-0.008));
#10888=CARTESIAN_POINT('',(-0.0362289129212076,0.050038340143259,-0.000375026257110518));
#10889=CARTESIAN_POINT('',(-0.0556286477260299,0.0147660950435819,-0.00477726854468199));
#10890=CARTESIAN_POINT('',(-0.0556286477260299,0.0147660950435819,-0.008));
#10891=CARTESIAN_POINT('',(-0.0556286477260299,0.0147660950435819,0.014));
#10892=CARTESIAN_POINT('',(-0.053,0.0195454545454545,0.014));
#10893=CARTESIAN_POINT('',(0.,0.0275,0.014));
#10894=CARTESIAN_POINT('',(-0.0510323975111632,0.0110982232407588,0.014));
#10895=CARTESIAN_POINT('',(-0.0583311086299102,0.015833778274018,0.014));
#10896=CARTESIAN_POINT('',(-0.0542,-0.00482176487553299,0.014));
#10897=CARTESIAN_POINT('',(-0.0542,0.0275,0.014));
#10898=CARTESIAN_POINT('',(-0.0542,0.0136285669129229,0.014));
#10899=CARTESIAN_POINT('',(-0.0357548651071843,0.0471651758089514,0.014));
#10900=CARTESIAN_POINT('',(-0.0505898168869724,0.0201925362093367,0.014));
#10901=CARTESIAN_POINT('',(-0.0479611691609425,0.0187467799600203,0.014));
#10902=CARTESIAN_POINT('',(-0.0479819594477131,0.0217467079198179,0.014));
#10903=CARTESIAN_POINT('',(-0.0479975521627911,0.0239966538896662,0.014));
#10904=CARTESIAN_POINT('',(-0.045904609600914,0.0248225421585521,0.014));
#10905=CARTESIAN_POINT('',(-0.0431140195184112,0.0259237265170666,0.014));
#10906=CARTESIAN_POINT('',(-0.0454566259467403,0.0277978116597298,0.014));
#10907=CARTESIAN_POINT('',(-0.0278627288259294,0.0497901830607435,0.014));
#10908=CARTESIAN_POINT('',(-0.0420967369230038,0.0319976729394006,0.014));
#10909=CARTESIAN_POINT('',(-0.0384793951640547,0.0319976729394006,0.014));
#10910=CARTESIAN_POINT('',(-0.053,0.0133203387942655,0.014));
#10911=CARTESIAN_POINT('',(-0.056,0.0133203387942655,0.014));
#10912=CARTESIAN_POINT('',(-0.056,0.00454545454545455,0.014));
#10913=CARTESIAN_POINT('',(-0.056,-0.005,0.014));
#10914=CARTESIAN_POINT('',(-0.0545,-0.0125,0.014));
#10915=CARTESIAN_POINT('',(-0.0225,0.0519934561612659,0.00661827376920501));
#10916=CARTESIAN_POINT('',(-0.0205,0.0495231888069885,0.00227111616930236));
#10917=CARTESIAN_POINT('',(-0.020645548911033,0.0488200003891958,0.00241959170643177));
#10918=CARTESIAN_POINT('',(-0.0208540880599957,0.0481496144946439,0.00259914800827331));
#10919=CARTESIAN_POINT('',(-0.0210946558445239,0.0475,0.00280719459988176));
#10920=CARTESIAN_POINT('',(-0.0205,0.0495231888069885,0.00227111616930236));
#10921=CARTESIAN_POINT('',(-0.0210946558445239,0.0475,0.00280719459988177));
#10922=CARTESIAN_POINT('',(-0.0205,0.0519934561612659,0.00661827376920501));
#10923=CARTESIAN_POINT('',(-0.0205,0.0504684475069498,0.00185651478703664));
#10924=CARTESIAN_POINT('',(-0.0205,0.0504684475069498,0.00185651478703664));
#10925=CARTESIAN_POINT('',(-0.0205,0.0494475206629247,0.00218347847385746));
#10926=CARTESIAN_POINT('',(-0.0207394578403074,0.0484591549112038,0.00250001409244889));
#10927=CARTESIAN_POINT('',(-0.0210946558445239,0.0475,0.00280719459988177));
#10928=CARTESIAN_POINT('',(-0.029,0.075,-0.008));
#10929=CARTESIAN_POINT('',(-0.0330414446453041,0.0709951482412487,-0.00531565865251327));
#10930=CARTESIAN_POINT('',(-0.032473149877952,0.069285889221398,-0.00416998961482072));
#10931=CARTESIAN_POINT('',(-0.0299833689540719,0.069285889221398,-0.00416998961482072));
#10932=CARTESIAN_POINT('',(-0.0322804917021022,0.0715335679396453,-0.00488983484644316));
#10933=CARTESIAN_POINT('',(-0.0320165759109808,0.0746125855027293,-0.00587592600478986));
#10934=CARTESIAN_POINT('',(-0.030549362431356,0.047866241620904,-0.008));
#10935=CARTESIAN_POINT('',(-0.056,0.0349952636205283,0.0100471554455591));
#10936=CARTESIAN_POINT('',(-0.056,0.0133203387942655,-0.00541109676710613));
#10937=CARTESIAN_POINT('',(-0.053,0.0133203387942655,-0.00862043361669496));
#10938=CARTESIAN_POINT('',(-0.1,0.0319976729394006,0.009));
#10939=CARTESIAN_POINT('',(-0.1,0.0362570423777298,0.0116187348067009));
#10940=CARTESIAN_POINT('',(-0.0225,0.0362570423777298,0.0116187348067009));
#10941=CARTESIAN_POINT('',(-0.0384793951640547,0.0319976729394006,0.014));
#10942=CARTESIAN_POINT('',(-0.0225,0.0319976729394006,0.014));
#10943=CARTESIAN_POINT('',(-0.0225,0.0319976729394006,0.009));
#10944=CARTESIAN_POINT('',(-0.035542929038395,0.036222856577996,0.00855423866105035));
#10945=CARTESIAN_POINT('',(-0.0366466792001046,0.0350335206458533,0.0100538361718034));
#10946=CARTESIAN_POINT('',(-0.0375740826756068,0.0340347170706638,0.0117091249393181));
#10947=CARTESIAN_POINT('',(-0.0382900723434219,0.033263714585854,0.0134733581281828));
#10948=CARTESIAN_POINT('',(-0.0366047030487767,0.0362214859524728,0.00785235035932635));
#10949=CARTESIAN_POINT('',(-0.0377097432831814,0.0349701427160357,0.00942769474199838));
#10950=CARTESIAN_POINT('',(-0.0386383539129648,0.0339192360435943,0.0111670143214869));
#10951=CARTESIAN_POINT('',(-0.0393553195279835,0.0331080938692144,0.0130208172363254));
#10952=CARTESIAN_POINT('',(-0.0376664770591584,0.0362201153269496,0.00715046205760234));
#10953=CARTESIAN_POINT('',(-0.0387728073662582,0.0349067647862182,0.00880155331219336));
#10954=CARTESIAN_POINT('',(-0.0397026251503229,0.0338037550165249,0.0106249037036558));
#10955=CARTESIAN_POINT('',(-0.040420566712545,0.0329524731525748,0.012568276344468));
#10956=CARTESIAN_POINT('',(-0.0387282510695402,0.0362187447014265,0.00644857375587834));
#10957=CARTESIAN_POINT('',(-0.039835871449335,0.0348433868564007,0.00817541188238834));
#10958=CARTESIAN_POINT('',(-0.0407668963876809,0.0336882739894554,0.0100827930858247));
#10959=CARTESIAN_POINT('',(-0.0414858138971065,0.0327968524359353,0.0121157354526106));
#10960=CARTESIAN_POINT('',(-0.041440952458541,0.0328174035199791,0.0120932251413799));
#10961=CARTESIAN_POINT('',(-0.0410820471451296,0.0332660351617433,0.0110713935521302));
#10962=CARTESIAN_POINT('',(-0.0406785501094091,0.0337704064563939,0.010104626539442));
#10963=CARTESIAN_POINT('',(-0.0402360950843023,0.0343234752377774,0.00918596722652741));
#10964=CARTESIAN_POINT('',(-0.041440952458541,0.0328174035199791,0.0120932251413799));
#10965=CARTESIAN_POINT('',(-0.0402360950843023,0.0343234752377774,0.00918596722652742));
#10966=CARTESIAN_POINT('',(-0.0402360950843065,0.0343234752377721,0.00918596722652222));
#10967=CARTESIAN_POINT('',(-0.0400705151670865,0.0345304501342971,0.00884217740754777));
#10968=CARTESIAN_POINT('',(-0.0396757290898777,0.034960502511126,0.00820113199491922));
#10969=CARTESIAN_POINT('',(-0.0387590137426545,0.0356336874697342,0.00750316094036733));
#10970=CARTESIAN_POINT('',(-0.037495985329722,0.036121966010466,0.00744362308063333));
#10971=CARTESIAN_POINT('',(-0.0366950781922302,0.0362,0.00783178995359049));
#10972=CARTESIAN_POINT('',(-0.0363317510370914,0.0362,0.00807312730787927));
#10973=CARTESIAN_POINT('',(-0.0363317510370914,0.0362,0.00807312730787927));
#10974=CARTESIAN_POINT('',(-0.0363317510370913,0.0362,0.00807312730787924));
#10975=CARTESIAN_POINT('',(-0.0360878923273067,0.0362,0.00823510863794858));
#10976=CARTESIAN_POINT('',(-0.0358440470012685,0.0362,0.00839711011454768));
#10977=CARTESIAN_POINT('',(-0.0356002157860771,0.0362,0.00855913283217961));
#10978=CARTESIAN_POINT('',(-0.0356002157860771,0.0362,0.00855913283217961));
#10979=CARTESIAN_POINT('',(-0.0356002157860772,0.0362,0.00855913283217958));
#10980=CARTESIAN_POINT('',(-0.0360805485113324,0.0356766339065863,0.00922418486794095));
#10981=CARTESIAN_POINT('',(-0.0365326874880183,0.0351833864559941,0.00992826093040378));
#10982=CARTESIAN_POINT('',(-0.0369531123934911,0.0347236693799313,0.0106759902762886));
#10983=CARTESIAN_POINT('',(-0.0369531123934911,0.0347236693799313,0.0106759902762885));
#10984=CARTESIAN_POINT('',(-0.041440952458541,0.0328174035199791,0.0120932251413799));
#10985=CARTESIAN_POINT('',(-0.0410292522502816,0.0329481761409482,0.0120585693010801));
#10986=CARTESIAN_POINT('',(-0.0402101638059363,0.0332171885277374,0.0119699246637212));
#10987=CARTESIAN_POINT('',(-0.039004496379306,0.0336519376589822,0.0117555644546223));
#10988=CARTESIAN_POINT('',(-0.0380350470544484,0.0340541868815704,0.0114710724519626));
#10989=CARTESIAN_POINT('',(-0.0373417481259766,0.0344142655081053,0.0111120887054353));
#10990=CARTESIAN_POINT('',(-0.0370488736640124,0.0346189584298637,0.0108463025276227));
#10991=CARTESIAN_POINT('',(-0.036953112393491,0.0347236693799313,0.0106759902762886));
#10992=CARTESIAN_POINT('',(-0.0300501078930385,0.0372,0.00645913283217961));
#10993=CARTESIAN_POINT('',(-0.0300501078930385,0.0362,0.00645913283217961));
#10994=CARTESIAN_POINT('',(-0.0300501078930385,0.0362,0.00445913283217961));
#10995=CARTESIAN_POINT('',(-0.0225,0.0360748059227256,0.015891320198198));
#10996=CARTESIAN_POINT('',(-0.0225,0.0537704262635402,0.022386269445085));
#10997=CARTESIAN_POINT('',(-0.0225,0.035,0.014));
#10998=CARTESIAN_POINT('',(-0.0225,0.0335988364697003,0.014));
#10999=CARTESIAN_POINT('',(-0.0479611691609425,0.0187467799600203,-0.006202));
#11000=CARTESIAN_POINT('',(-0.0505898168869724,0.0201925362093367,0.014));
#11001=CARTESIAN_POINT('',(-0.0505898168869724,0.0201925362093367,-0.0047));
#11002=CARTESIAN_POINT('',(-0.0479611691609425,0.0187467799600203,-0.0047));
#11003=CARTESIAN_POINT('',(-0.0479819594477131,0.0217467079198179,-0.0047));
#11004=CARTESIAN_POINT('',(-0.0479819594477131,0.0217467079198179,-0.006202));
#11005=CARTESIAN_POINT('',(-0.0479975521627911,0.0239966538896662,-0.006202));
#11006=CARTESIAN_POINT('',(-0.0479975521627911,0.0239966538896662,-0.0047));
#11007=CARTESIAN_POINT('',(-0.045904609600914,0.0248225421585521,-0.0047));
#11008=CARTESIAN_POINT('',(-0.045904609600914,0.0248225421585521,-0.006202));
#11009=CARTESIAN_POINT('',(-0.0431140195184112,0.0259237265170666,-0.006202));
#11010=CARTESIAN_POINT('',(-0.0431140195184112,0.0259237265170666,-0.0047));
#11011=CARTESIAN_POINT('',(-0.0454566259467403,0.0277978116597298,-0.0047));
#11012=CARTESIAN_POINT('',(-0.0454566259467403,0.0277978116597298,-0.008));
#11013=CARTESIAN_POINT('',(-0.0425944361430026,0.0313755489144021,-0.008));
#11014=CARTESIAN_POINT('',(-0.0425944361430026,0.0313755489144021,-0.0047));
#11015=CARTESIAN_POINT('',(-0.0402360950843065,0.0343234752377721,-0.0047));
#11016=CARTESIAN_POINT('',(-0.0402360950843065,0.0343234752377721,-0.008));
#11017=CARTESIAN_POINT('',(-0.0420967369230038,0.0319976729394006,0.009));
#11018=CARTESIAN_POINT('',(-0.0420967369230038,0.0319976729394006,0.0122));
#11019=CARTESIAN_POINT('',(-0.0420967369230038,0.0319976729394006,0.014));
#11020=CARTESIAN_POINT('',(-0.0363317510370914,0.0312,-0.008));
#11021=CARTESIAN_POINT('',(-0.0363317510370914,0.0312,-0.0047));
#11022=CARTESIAN_POINT('',(-0.0363317510370914,0.0362,-0.0047));
#11023=CARTESIAN_POINT('',(-0.0363317510370914,0.0362,0.));
#11024=CARTESIAN_POINT('',(-0.0055,0.055,-0.008));
#11025=CARTESIAN_POINT('',(-0.0055,0.055,0.000405232436277653));
#11026=CARTESIAN_POINT('',(-0.1,0.06125,-0.00159640270005912));
#11027=CARTESIAN_POINT('',(-0.1,0.0504684475069498,0.00185651478703664));
#11028=CARTESIAN_POINT('',(-0.1,0.0475,0.00280719459988177));
#11029=CARTESIAN_POINT('',(-0.1,0.0519934561612659,0.00661827376920501));
#11030=CARTESIAN_POINT('',(-2.77555756156289E-17,0.0495231888069885,0.00227111616930237));
#11031=CARTESIAN_POINT('',(0.,0.0362,0.));
#11032=CARTESIAN_POINT('',(-0.0165,0.0362,-0.0047));
#11033=CARTESIAN_POINT('',(-0.0113,0.0362,0.00855913283217961));
#11034=CARTESIAN_POINT('',(-0.1,0.0537704262635402,0.022386269445085));
#11035=CARTESIAN_POINT('',(-0.1,0.0347236693799313,0.0106759902762885));
#11036=CARTESIAN_POINT('',(-0.1,0.0319976729394006,0.009));
#11037=CARTESIAN_POINT('',(-0.0269509308242398,0.0319976729394006,0.0122));
#11038=CARTESIAN_POINT('',(0.,0.0275,0.014));
#11039=CARTESIAN_POINT('',(-0.0384793951640547,0.0319976729394006,0.014));
#11040=CARTESIAN_POINT('',(-0.1,0.035,0.014));
#11041=CARTESIAN_POINT('',(-0.0384793951640547,0.0319976729394006,0.014));
#11042=CARTESIAN_POINT('',(-0.1,0.0537704262635402,0.022386269445085));
#11043=CARTESIAN_POINT('',(-0.0165,0.0202316282571331,0.0154));
#11044=CARTESIAN_POINT('',(0.0095,0.0202316282571331,-0.004));
#11045=CARTESIAN_POINT('',(0.0095,0.0202316282571331,0.016));
#11046=CARTESIAN_POINT('',(0.0165,0.0202316282571331,0.016));
#11047=CARTESIAN_POINT('',(0.0153,0.0202316282571331,0.016));
#11048=CARTESIAN_POINT('',(0.0153,0.0202316282571331,0.0154));
#11049=CARTESIAN_POINT('',(0.0153,0.0202316282571331,0.014));
#11050=CARTESIAN_POINT('',(4.30525615942377E-18,0.0202316282571331,0.014));
#11051=CARTESIAN_POINT('',(0.0165,0.0202316282571331,0.014));
#11052=CARTESIAN_POINT('',(0.0165,0.0202316282571331,0.02565));
#11053=CARTESIAN_POINT('',(0.0165,0.0202316282571331,0.00692990333447899));
#11054=CARTESIAN_POINT('',(0.0165,0.0202316282571331,0.006929903334479));
#11055=CARTESIAN_POINT('',(0.0138,0.0202316282571331,0.00692990333447901));
#11056=CARTESIAN_POINT('',(0.0138,0.0202316282571331,0.00138050266856336));
#11057=CARTESIAN_POINT('',(0.0118,0.0202316282571331,0.00138050266856336));
#11058=CARTESIAN_POINT('',(0.0118,0.0202316282571331,0.014002));
#11059=CARTESIAN_POINT('',(-0.1,0.0537704262635402,0.022386269445085));
#11060=CARTESIAN_POINT('',(0.0296344683423948,0.042962450274688,0.00489749609231114));
#11061=CARTESIAN_POINT('',(0.0300501772768924,0.0430566669920032,0.00483998152398685));
#11062=CARTESIAN_POINT('',(0.0304654699082667,0.0429626367917116,0.00489737480481919));
#11063=CARTESIAN_POINT('',(0.0309115302173967,0.042672641339043,0.0050783598026164));
#11064=CARTESIAN_POINT('',(0.0312904157881197,0.0421802736868533,0.00540035286863662));
#11065=CARTESIAN_POINT('',(0.0315611537435092,0.04153848661705,0.00585590947379075));
#11066=CARTESIAN_POINT('',(0.0316739940692946,0.0408932682688188,0.00635298415507861));
#11067=CARTESIAN_POINT('',(0.0316247866450831,0.0402547305985175,0.00688755248689274));
#11068=CARTESIAN_POINT('',(0.031376631400941,0.0396649688493044,0.007423312910163));
#11069=CARTESIAN_POINT('',(0.0308730126082674,0.0391771226941019,0.00790228693909466));
#11070=CARTESIAN_POINT('',(0.0300525897677172,0.0389511268328118,0.00813719411502035));
#11071=CARTESIAN_POINT('',(0.029228703660946,0.0391757056480504,0.00790372679188002));
#11072=CARTESIAN_POINT('',(0.0287234605286135,0.0396647034560424,0.00742349769477176));
#11073=CARTESIAN_POINT('',(0.028475838217618,0.040255188667231,0.0068872747986132));
#11074=CARTESIAN_POINT('',(0.0284257160390844,0.040887550180581,0.00635752822598398));
#11075=CARTESIAN_POINT('',(0.0285396986946686,0.0415412053734744,0.00585383749090795));
#11076=CARTESIAN_POINT('',(0.0288086499391386,0.0421781120293328,0.00540187935573967));
#11077=CARTESIAN_POINT('',(0.0291895954075615,0.0426734981238832,0.0050777965207202));
#11078=CARTESIAN_POINT('',(0.0296344683423948,0.042962450274688,0.00489749609231114));
#11079=CARTESIAN_POINT('',(0.0300501772768924,0.0430566669920032,0.00483998152398685));
#11080=CARTESIAN_POINT('',(0.0304654699082667,0.0429626367917116,0.00489737480481919));
#11081=CARTESIAN_POINT('',(0.0300501078930385,0.0430252925057354,0.00485913283217962));
#11082=CARTESIAN_POINT('',(-2.77555756156289E-17,0.0495231888069885,0.00227111616930237));
#11083=CARTESIAN_POINT('',(0.0165,0.0495231888069885,0.00227111616930236));
#11084=CARTESIAN_POINT('',(0.0205,0.0495231888069885,0.00227111616930236));
#11085=CARTESIAN_POINT('',(0.0165,0.0537704262635402,0.022386269445085));
#11086=CARTESIAN_POINT('',(0.0165,0.035,0.014));
#11087=CARTESIAN_POINT('',(-0.1,0.035,0.014));
#11088=CARTESIAN_POINT('',(0.0225,0.035,0.014));
#11089=CARTESIAN_POINT('',(0.0225,0.0537704262635402,0.022386269445085));
#11090=CARTESIAN_POINT('',(0.0225,0.0362570423777299,0.0116187348067008));
#11091=CARTESIAN_POINT('',(-0.1,0.0362570423777298,0.0116187348067009));
#11092=CARTESIAN_POINT('',(0.0387041547051538,0.0362573931987391,0.0116187321110465));
#11093=CARTESIAN_POINT('',(0.0387036995183791,0.0362570396390418,0.0116187392611753));
#11094=CARTESIAN_POINT('',(0.0377638411770916,0.0374285169858702,0.00971333148925131));
#11095=CARTESIAN_POINT('',(0.036537590241932,0.0389663844754005,0.00791608777464707));
#11096=CARTESIAN_POINT('',(0.0350249467129003,0.0408541161257339,0.00639166567554552));
#11097=CARTESIAN_POINT('',(0.0350248110787406,0.0408539437643857,0.00639158682216347));
#11098=CARTESIAN_POINT('',(0.035024669669358,0.0408540415295339,0.0063917259153779));
#11099=CARTESIAN_POINT('',(0.03484467764108,0.0426022170867625,0.00497998771617192));
#11100=CARTESIAN_POINT('',(0.0346166250216989,0.0448184535219439,0.0036659910239133));
#11101=CARTESIAN_POINT('',(0.0343405118112146,0.0475,0.00280719459988175));
#11102=CARTESIAN_POINT('',(0.0343405118112148,0.0475,0.00280719459988177));
#11103=CARTESIAN_POINT('',(-0.1,0.0475,0.00280719459988177));
#11104=CARTESIAN_POINT('',(0.0210946558445239,0.0475,0.00280719459988179));
#11105=CARTESIAN_POINT('',(0.0210946558445239,0.0475,0.00280719459988176));
#11106=CARTESIAN_POINT('',(0.020854725931988,0.0481478920242279,0.00259969964944226));
#11107=CARTESIAN_POINT('',(0.0206459958744429,0.048817840981126,0.00242004765716268));
#11108=CARTESIAN_POINT('',(0.0205,0.0495231888069885,0.00227111616930236));
#11109=CARTESIAN_POINT('',(0.0300501078930385,0.0612,0.00645913283217962));
#11110=CARTESIAN_POINT('',(0.0300501078930385,0.0372,0.00645913283217962));
#11111=CARTESIAN_POINT('',(0.0300501078930385,0.0372,0.00485913283217962));
#11112=CARTESIAN_POINT('',(0.00214082157202639,0.0372,0.00117956641608981));
#11113=CARTESIAN_POINT('',(0.0300501078930385,0.0372,0.00645913283217962));
#11114=CARTESIAN_POINT('',(0.0300501078930385,0.0372,0.00445913283217962));
#11115=CARTESIAN_POINT('',(0.0225,0.0519934561612659,0.00661827376920501));
#11116=CARTESIAN_POINT('',(0.0205,0.0504684475069498,0.00185651478703664));
#11117=CARTESIAN_POINT('',(0.0205,0.0494475206629247,0.00218347847385746));
#11118=CARTESIAN_POINT('',(0.0207394578403074,0.0484591549112038,0.00250001409244889));
#11119=CARTESIAN_POINT('',(0.0210946558445239,0.0475,0.00280719459988177));
#11120=CARTESIAN_POINT('',(0.0205,0.0504684475069498,0.00185651478703664));
#11121=CARTESIAN_POINT('',(0.0205,0.0519934561612659,0.00661827376920501));
#11122=CARTESIAN_POINT('',(0.,0.0275,0.0018));
#11123=CARTESIAN_POINT('',(0.0479976881047514,0.024008312512224,0.0018));
#11124=CARTESIAN_POINT('',(0.0493726881047514,0.024008312512224,0.0018));
#11125=CARTESIAN_POINT('',(0.035542929038395,0.036222856577996,0.00855423866105035));
#11126=CARTESIAN_POINT('',(0.0366466792001046,0.0350335206458533,0.0100538361718034));
#11127=CARTESIAN_POINT('',(0.0375740826756068,0.0340347170706638,0.0117091249393181));
#11128=CARTESIAN_POINT('',(0.0382900723434219,0.033263714585854,0.0134733581281828));
#11129=CARTESIAN_POINT('',(0.0366047030487767,0.0362214859524728,0.00785235035932635));
#11130=CARTESIAN_POINT('',(0.0377097432831814,0.0349701427160357,0.00942769474199838));
#11131=CARTESIAN_POINT('',(0.0386383539129648,0.0339192360435943,0.0111670143214869));
#11132=CARTESIAN_POINT('',(0.0393553195279835,0.0331080938692144,0.0130208172363254));
#11133=CARTESIAN_POINT('',(0.0376664770591584,0.0362201153269496,0.00715046205760234));
#11134=CARTESIAN_POINT('',(0.0387728073662582,0.0349067647862182,0.00880155331219336));
#11135=CARTESIAN_POINT('',(0.0397026251503229,0.0338037550165249,0.0106249037036558));
#11136=CARTESIAN_POINT('',(0.040420566712545,0.0329524731525748,0.012568276344468));
#11137=CARTESIAN_POINT('',(0.0387282510695402,0.0362187447014265,0.00644857375587834));
#11138=CARTESIAN_POINT('',(0.039835871449335,0.0348433868564007,0.00817541188238834));
#11139=CARTESIAN_POINT('',(0.0407668963876809,0.0336882739894554,0.0100827930858247));
#11140=CARTESIAN_POINT('',(0.0414858138971065,0.0327968524359353,0.0121157354526106));
#11141=CARTESIAN_POINT('',(0.041440952458541,0.0328174035199791,0.0120932251413799));
#11142=CARTESIAN_POINT('',(0.0410820471451296,0.0332660351617433,0.0110713935521302));
#11143=CARTESIAN_POINT('',(0.0406785501094091,0.0337704064563939,0.010104626539442));
#11144=CARTESIAN_POINT('',(0.0402360950843023,0.0343234752377774,0.00918596722652741));
#11145=CARTESIAN_POINT('',(0.041440952458541,0.0328174035199791,0.0120932251413799));
#11146=CARTESIAN_POINT('',(0.0402360950843023,0.0343234752377774,0.00918596722652742));
#11147=CARTESIAN_POINT('',(0.041440952458541,0.0328174035199791,0.0120932251413799));
#11148=CARTESIAN_POINT('',(0.0410292522502816,0.0329481761409482,0.0120585693010801));
#11149=CARTESIAN_POINT('',(0.0402101638059363,0.0332171885277374,0.0119699246637212));
#11150=CARTESIAN_POINT('',(0.039004496379306,0.0336519376589822,0.0117555644546223));
#11151=CARTESIAN_POINT('',(0.0380350470544484,0.0340541868815704,0.0114710724519626));
#11152=CARTESIAN_POINT('',(0.0373417481259766,0.0344142655081053,0.0111120887054353));
#11153=CARTESIAN_POINT('',(0.0370488736640124,0.0346189584298637,0.0108463025276227));
#11154=CARTESIAN_POINT('',(0.036953112393491,0.0347236693799313,0.0106759902762886));
#11155=CARTESIAN_POINT('',(0.0369531123934911,0.0347236693799313,0.0106759902762885));
#11156=CARTESIAN_POINT('',(0.0356002157860772,0.0362,0.00855913283217958));
#11157=CARTESIAN_POINT('',(0.0360805485113324,0.0356766339065863,0.00922418486794095));
#11158=CARTESIAN_POINT('',(0.0365326874880183,0.0351833864559941,0.00992826093040378));
#11159=CARTESIAN_POINT('',(0.0369531123934911,0.0347236693799313,0.0106759902762886));
#11160=CARTESIAN_POINT('',(0.0356002157860771,0.0362,0.00855913283217962));
#11161=CARTESIAN_POINT('',(0.0363317510370913,0.0362,0.00807312730787924));
#11162=CARTESIAN_POINT('',(0.0360878923273067,0.0362,0.00823510863794858));
#11163=CARTESIAN_POINT('',(0.0358440470012685,0.0362,0.00839711011454768));
#11164=CARTESIAN_POINT('',(0.0356002157860771,0.0362,0.00855913283217961));
#11165=CARTESIAN_POINT('',(0.0363317510370914,0.0362,0.00807312730787927));
#11166=CARTESIAN_POINT('',(0.0402360950843065,0.0343234752377721,0.00918596722652222));
#11167=CARTESIAN_POINT('',(0.0400705151670865,0.0345304501342971,0.00884217740754777));
#11168=CARTESIAN_POINT('',(0.0396757290898777,0.034960502511126,0.00820113199491922));
#11169=CARTESIAN_POINT('',(0.0387590137426545,0.0356336874697342,0.00750316094036733));
#11170=CARTESIAN_POINT('',(0.037495985329722,0.036121966010466,0.00744362308063333));
#11171=CARTESIAN_POINT('',(0.0366950781922302,0.0362,0.00783178995359049));
#11172=CARTESIAN_POINT('',(0.0363317510370914,0.0362,0.00807312730787927));
#11173=CARTESIAN_POINT('',(0.0300501078930385,0.0372,0.00645913283217962));
#11174=CARTESIAN_POINT('',(0.0300501078930385,0.0362,0.00645913283217962));
#11175=CARTESIAN_POINT('',(0.0300501078930385,0.0362,0.00445913283217962));
#11176=CARTESIAN_POINT('',(0.0401077924684322,0.034479554686034,0.0153015303915857));
#11177=CARTESIAN_POINT('',(0.0390377642997041,0.0358143957676905,0.0116604240058726));
#11178=CARTESIAN_POINT('',(0.0371214257191536,0.0382049940140181,0.00841389687274643));
#11179=CARTESIAN_POINT('',(0.0346463978707603,0.0412925471708727,0.00606559130723047));
#11180=CARTESIAN_POINT('',(0.0344107462169717,0.0415865184116591,0.00584200509971604));
#11181=CARTESIAN_POINT('',(0.0341750945631831,0.0418804896524455,0.00561841889220162));
#11182=CARTESIAN_POINT('',(0.0339394429093944,0.0421744608932318,0.00539483268468719));
#11183=CARTESIAN_POINT('',(0.0401333486538089,0.0344732632920777,0.0152929550961968));
#11184=CARTESIAN_POINT('',(0.0390633204850809,0.0358097200516704,0.0116474415527092));
#11185=CARTESIAN_POINT('',(0.0371469819045304,0.0382032118535636,0.00839698485648341));
#11186=CARTESIAN_POINT('',(0.0346719540561371,0.0412945021530495,0.00604583692602844));
#11187=CARTESIAN_POINT('',(0.0344363024023484,0.0415888292136066,0.0058219800920647));
#11188=CARTESIAN_POINT('',(0.0342006507485599,0.0418831562741637,0.00559812325810096));
#11189=CARTESIAN_POINT('',(0.0339649990947712,0.0421774833347208,0.00537426642413723));
#11190=CARTESIAN_POINT('',(0.0443817328816169,0.0334274006775747,0.0138674235021017));
#11191=CARTESIAN_POINT('',(0.0433117047128889,0.0350324429306666,0.00948927716140031));
#11192=CARTESIAN_POINT('',(0.0413953661323383,0.0379069508014925,0.00558558158588626));
#11193=CARTESIAN_POINT('',(0.0389203382839451,0.0416194925740824,0.00276192736395696));
#11194=CARTESIAN_POINT('',(0.0386846866301564,0.0419729700547654,0.00249308239416933));
#11195=CARTESIAN_POINT('',(0.0384490349763678,0.0423264475354483,0.0022242374243817));
#11196=CARTESIAN_POINT('',(0.0382133833225792,0.0426799250161312,0.00195539245459406));
#11197=CARTESIAN_POINT('',(0.038706043381607,0.036257555387577,0.0116179002134761));
#11198=CARTESIAN_POINT('',(0.0389297539536477,0.0359770537530476,0.0120743362470061));
#11199=CARTESIAN_POINT('',(0.0397697175225394,0.0354299644746623,0.0126798365275706));
#11200=CARTESIAN_POINT('',(0.0412273030408552,0.0347188531717859,0.0132202293292467));
#11201=CARTESIAN_POINT('',(0.0427741572774032,0.0340659141222851,0.0135693767341113));
#11202=CARTESIAN_POINT('',(0.0438290708066786,0.033658247191307,0.0137207935966932));
#11203=CARTESIAN_POINT('',(0.044360653924326,0.033459019113511,0.0137816803907635));
#11204=CARTESIAN_POINT('',(0.0443606619821559,0.0334590070267662,0.013781684504243));
#11205=CARTESIAN_POINT('',(0.0400005275117689,0.0399992087323467,0.00411039236855564));
#11206=CARTESIAN_POINT('',(0.040970694198023,0.0385439587029655,0.00543295119529398));
#11207=CARTESIAN_POINT('',(0.042258543713951,0.0366121844290735,0.00766655722246143));
#11208=CARTESIAN_POINT('',(0.0436083817832799,0.0345874273250801,0.0110745037431525));
#11209=CARTESIAN_POINT('',(0.0441333913312995,0.0337999130030508,0.0128620974688298));
#11210=CARTESIAN_POINT('',(0.0443606678556258,0.0334589982165612,0.0137816797840431));
#11211=CARTESIAN_POINT('',(0.0400002637558856,0.0399996043661715,0.00411039236855898));
#11212=CARTESIAN_POINT('',(0.0445597263677952,0.0331604104483071,0.0146357426914546));
#11213=CARTESIAN_POINT('',(0.0435326453898154,0.0347010319152769,0.00994684410564918));
#11214=CARTESIAN_POINT('',(0.0415392625050902,0.0376911062423647,0.00574974685000844));
#11215=CARTESIAN_POINT('',(0.0389203382839451,0.0416194925740824,0.00276192736395696));
#11216=CARTESIAN_POINT('',(0.0386846866301564,0.0419729700547654,0.00249308239416933));
#11217=CARTESIAN_POINT('',(0.0384490349763678,0.0423264475354483,0.0022242374243817));
#11218=CARTESIAN_POINT('',(0.0382133833225792,0.0426799250161312,0.00195539245459406));
#11219=CARTESIAN_POINT('',(0.0382133833225792,0.0426799250161312,0.00195539245459407));
#11220=CARTESIAN_POINT('',(0.0382133833225792,0.0426799250161312,0.00195539245459406));
#11221=CARTESIAN_POINT('',(0.0378916336956552,0.0425398110389347,0.00233702596312415));
#11222=CARTESIAN_POINT('',(0.0374388323018405,0.042330392284472,0.00289158904444142));
#11223=CARTESIAN_POINT('',(0.0368832126675983,0.0420466772359206,0.00361097310925395));
#11224=CARTESIAN_POINT('',(0.0365136167919364,0.0418456179015712,0.00410750425110038));
#11225=CARTESIAN_POINT('',(0.0360988954812364,0.0416011140347345,0.00469244447900444));
#11226=CARTESIAN_POINT('',(0.0355975233979927,0.0412766307951481,0.00544124966984075));
#11227=CARTESIAN_POINT('',(0.0352461139990342,0.0410228164257504,0.00601165371929805));
#11228=CARTESIAN_POINT('',(0.0350252705740901,0.0408531271682462,0.00639148917181087));
#11229=CARTESIAN_POINT('',(0.0394277804751684,0.0466758944563694,-0.00112757952716124));
#11230=CARTESIAN_POINT('',(0.0396775623506894,0.04376177257529,-0.000197002584522666));
#11231=CARTESIAN_POINT('',(0.0399120072225573,0.0410265824034981,0.00128550532551368));
#11232=CARTESIAN_POINT('',(0.0401156330428369,0.0386509478335697,0.00321188494576029));
#11233=CARTESIAN_POINT('',(0.0343405118112147,0.0475,0.00280719459988177));
#11234=CARTESIAN_POINT('',(0.0345902936867358,0.0450735231401273,0.00358205011718334));
#11235=CARTESIAN_POINT('',(0.0348247385586036,0.0427960358111669,0.00481647725684335));
#11236=CARTESIAN_POINT('',(0.0350283643788832,0.0408179365597692,0.00642049924446436));
#11237=CARTESIAN_POINT('',(0.0399999707795994,0.040000043830601,0.00219265076194856));
#11238=CARTESIAN_POINT('',(0.0394064122122309,0.0408903816816538,0.00206533864412478));
#11239=CARTESIAN_POINT('',(0.0388108713911969,0.0417836929132047,0.00198653810896377));
#11240=CARTESIAN_POINT('',(0.0382133833225792,0.0426799250161312,0.00195539245459405));
#11241=CARTESIAN_POINT('',(0.0399999853897997,0.0400000219153005,0.00219263439907994));
#11242=CARTESIAN_POINT('',(0.0394277804751683,0.0466758944563694,-0.00112757952716124));
#11243=CARTESIAN_POINT('',(0.03963228878943,0.0442899641233163,-0.000365671877005292));
#11244=CARTESIAN_POINT('',(0.0398230270464104,0.0420646844585448,0.000741060644118894));
#11245=CARTESIAN_POINT('',(0.0399999952461096,0.040000055462055,0.00219261803621132));
#11246=CARTESIAN_POINT('',(0.0394277804751684,0.0466758944563694,-0.00112757952716124));
#11247=CARTESIAN_POINT('',(0.0343405118112147,0.0475,0.00280719459988176));
#11248=CARTESIAN_POINT('',(0.0360362680325326,0.0472252981521231,0.00149560322420076));
#11249=CARTESIAN_POINT('',(0.0377320242538505,0.0469505963042462,0.000184011848519757));
#11250=CARTESIAN_POINT('',(0.0394277804751683,0.0466758944563694,-0.00112757952716124));
#11251=CARTESIAN_POINT('',(0.0363317510370914,0.0312,-0.008));
#11252=CARTESIAN_POINT('',(0.0363317510370914,0.0362,0.));
#11253=CARTESIAN_POINT('',(0.0363317510370914,0.0362,-0.0047));
#11254=CARTESIAN_POINT('',(0.0363317510370914,0.0312,-0.0047));
#11255=CARTESIAN_POINT('',(0.0402360950843065,0.0343234752377721,-0.0047));
#11256=CARTESIAN_POINT('',(0.0402360950843065,0.0343234752377721,-0.008));
#11257=CARTESIAN_POINT('',(0.0322804917021022,0.0715335679396453,-0.00488983484644316));
#11258=CARTESIAN_POINT('',(0.0330414446453041,0.0709951482412487,-0.00531565865251327));
#11259=CARTESIAN_POINT('',(0.032473149877952,0.069285889221398,-0.00416998961482072));
#11260=CARTESIAN_POINT('',(0.0320165759109808,0.0746125855027293,-0.00587592600478986));
#11261=CARTESIAN_POINT('',(0.0394609874320773,0.0462884799590986,-0.0010035055319511));
#11262=CARTESIAN_POINT('',(0.031,0.075,-0.008));
#11263=CARTESIAN_POINT('',(0.0310091955215393,0.069285889221398,-0.00416998961482072));
#11264=CARTESIAN_POINT('',(0.0385,0.0575,-0.008));
#11265=CARTESIAN_POINT('',(0.04,0.04,-0.008));
#11266=CARTESIAN_POINT('',(0.04,0.04,-0.0035));
#11267=CARTESIAN_POINT('',(0.0390877548513982,0.0506428600670202,0.0031144377869347));
#11268=CARTESIAN_POINT('',(-0.0055,0.055,-0.008));
#11269=CARTESIAN_POINT('',(0.0165,0.055,-0.008));
#11270=CARTESIAN_POINT('',(0.0165,0.055,0.000405232436277655));
#11271=CARTESIAN_POINT('',(-0.0055,0.055,0.000405232436277653));
#11272=CARTESIAN_POINT('',(-0.1,0.06125,-0.00159640270005912));
#11273=CARTESIAN_POINT('',(0.0165,0.06125,-0.00159640270005912));
#11274=CARTESIAN_POINT('',(0.0165,0.0504684475069498,0.00185651478703664));
#11275=CARTESIAN_POINT('',(-0.1,0.0504684475069498,0.00185651478703664));
#11276=CARTESIAN_POINT('',(-0.1,0.0519934561612659,0.00661827376920501));
#11277=CARTESIAN_POINT('',(0.0165,0.0519934561612659,0.00661827376920501));
#11278=CARTESIAN_POINT('',(0.0225,0.0360748059227256,0.015891320198198));
#11279=CARTESIAN_POINT('',(0.0225,0.0335988364697003,0.014));
#11280=CARTESIAN_POINT('',(0.0225,0.0319976729394006,0.014));
#11281=CARTESIAN_POINT('',(0.0225,0.0319976729394006,0.009));
#11282=CARTESIAN_POINT('',(0.0479976881047514,0.024008312512224,-0.006202));
#11283=CARTESIAN_POINT('',(0.0431110346407127,0.0259274576141897,-0.006202));
#11284=CARTESIAN_POINT('',(0.0454536410690418,0.027801542756853,-0.008));
#11285=CARTESIAN_POINT('',(0.0454536410690418,0.027801542756853,-0.0047));
#11286=CARTESIAN_POINT('',(0.0431110346407127,0.0259274576141897,-0.0047));
#11287=CARTESIAN_POINT('',(0.0459034080487348,0.0248308032702093,-0.0047));
#11288=CARTESIAN_POINT('',(0.0459034080487348,0.0248308032702093,-0.006202));
#11289=CARTESIAN_POINT('',(0.0425944361430026,0.0313755489144021,-0.008));
#11290=CARTESIAN_POINT('',(0.0425944361430026,0.0313755489144021,-0.0047));
#11291=CARTESIAN_POINT('',(0.0420967369230038,0.0319976729394006,0.014));
#11292=CARTESIAN_POINT('',(0.0420967369230038,0.0319976729394006,0.0122));
#11293=CARTESIAN_POINT('',(0.0420967369230038,0.0319976729394006,0.009));
#11294=CARTESIAN_POINT('',(-0.1,0.0319976729394006,0.009));
#11295=CARTESIAN_POINT('',(0.0095,0.0319976729394006,0.014));
#11296=CARTESIAN_POINT('',(0.0453348847070663,0.0319976729394006,0.009));
#11297=CARTESIAN_POINT('',(0.0095,0.0319976729394006,0.014));
#11298=CARTESIAN_POINT('',(0.0225,0.0319976729394006,0.014));
#11299=CARTESIAN_POINT('',(0.0165,0.0319976729394006,0.014));
#11300=CARTESIAN_POINT('',(0.0165,0.0319976729394006,0.014));
#11301=CARTESIAN_POINT('',(0.0165,0.0319976729394006,0.0122));
#11302=CARTESIAN_POINT('',(0.0274174423535332,0.0319976729394006,0.0122));
#11303=CARTESIAN_POINT('',(-0.1,0.0319976729394006,0.009));
#11304=CARTESIAN_POINT('',(0.0165,0.0319976729394006,0.009));
#11305=CARTESIAN_POINT('',(0.0165,0.0347236693799313,0.0106759902762886));
#11306=CARTESIAN_POINT('',(-0.1,0.0347236693799313,0.0106759902762885));
#11307=CARTESIAN_POINT('',(-0.1,0.0537704262635402,0.022386269445085));
#11308=CARTESIAN_POINT('',(0.0372216314690384,0.0362,0.00855913283217962));
#11309=CARTESIAN_POINT('',(0.0165,0.0362,0.00855913283217961));
#11310=CARTESIAN_POINT('',(0.0165,0.0537704262635402,0.022386269445085));
#11311=CARTESIAN_POINT('',(0.,0.0362,0.));
#11312=CARTESIAN_POINT('',(0.0165,0.0362,0.));
#11313=CARTESIAN_POINT('',(0.0165,0.0362,-0.0047));
#11314=CARTESIAN_POINT('',(0.0363317510370914,0.0362,-0.0047));
#11315=CARTESIAN_POINT('',(0.045,0.0325,-0.008));
#11316=CARTESIAN_POINT('',(0.05,0.025,-0.008));
#11317=CARTESIAN_POINT('',(0.05,0.025,-0.0035));
#11318=CARTESIAN_POINT('',(0.04,0.04,-0.0035));
#11319=CARTESIAN_POINT('',(0.0479976881047514,0.024008312512224,-0.006202));
#11320=CARTESIAN_POINT('',(0.0479976881047514,0.024008312512224,-0.0047));
#11321=CARTESIAN_POINT('',(0.0479792773127247,0.021758387837321,-0.0047));
#11322=CARTESIAN_POINT('',(0.0479792773127247,0.021758387837321,-0.006202));
#11323=CARTESIAN_POINT('',(0.,0.0275,0.014));
#11324=CARTESIAN_POINT('',(0.0165,0.0275,0.014));
#11325=CARTESIAN_POINT('',(0.0479547295900225,0.0187584882707838,-0.006202));
#11326=CARTESIAN_POINT('',(0.0479547295900225,0.0187584882707838,-0.0047));
#11327=CARTESIAN_POINT('',(0.0505833773160525,0.0202042445201003,-0.0047));
#11328=CARTESIAN_POINT('',(0.0505833773160525,0.0202042445201003,-0.008));
#11329=CARTESIAN_POINT('',(0.053,0.0195454545454546,-0.008));
#11330=CARTESIAN_POINT('',(0.05562864772603,0.014766095043582,-0.008));
#11331=CARTESIAN_POINT('',(0.05562864772603,0.014766095043582,-0.00477726854468197));
#11332=CARTESIAN_POINT('',(0.0531989018227632,0.0191838148677032,-0.00422590378268763));
#11333=CARTESIAN_POINT('',(0.045,0.0325,-0.0035));
#11334=CARTESIAN_POINT('',(0.053,0.0133203387942655,-0.00862043361669494));
#11335=CARTESIAN_POINT('',(0.056,0.0133203387942655,-0.00541109676710611));
#11336=CARTESIAN_POINT('',(0.056,0.00628002806687461,-0.0104321475782108));
#11337=CARTESIAN_POINT('',(0.0165,0.03975,0.02565));
#11338=CARTESIAN_POINT('',(0.0165,0.0471,-0.00089476756372235));
#11339=CARTESIAN_POINT('',(0.0165,0.0471,0.00050523243627765));
#11340=CARTESIAN_POINT('',(0.0165,0.0409,0.000405232436277655));
#11341=CARTESIAN_POINT('',(0.0165,0.0409,0.00180523243627765));
#11342=CARTESIAN_POINT('',(0.0165,0.05315,0.01225));
#11343=CARTESIAN_POINT('',(-0.0095,0.036,-0.004));
#11344=CARTESIAN_POINT('',(-0.0095,0.02914446604939,0.022525659389401));
#11345=CARTESIAN_POINT('',(-0.0095,0.02,0.0158304101178275));
#11346=CARTESIAN_POINT('',(-0.0095,0.02,-0.004));
#11347=CARTESIAN_POINT('',(0.0095,0.036,-0.004));
#11348=CARTESIAN_POINT('',(0.0095,0.02914446604939,0.022525659389401));
#11349=CARTESIAN_POINT('',(0.0095,0.02,0.0158304101178275));
#11350=CARTESIAN_POINT('',(0.0095,0.02,0.014));
#11351=CARTESIAN_POINT('',(0.,0.0275,0.014));
#11352=CARTESIAN_POINT('',(0.00425,0.0124,0.014));
#11353=CARTESIAN_POINT('',(0.0067,0.0124,0.014));
#11354=CARTESIAN_POINT('',(0.0098,0.0124,0.014));
#11355=CARTESIAN_POINT('',(0.0067,0.0114,0.014));
#11356=CARTESIAN_POINT('',(0.0067,0.0114,0.014));
#11357=CARTESIAN_POINT('',(0.01155,0.0114,0.014));
#11358=CARTESIAN_POINT('',(0.0098,0.0114,0.014));
#11359=CARTESIAN_POINT('',(0.0098,0.0134,0.014));
#11360=CARTESIAN_POINT('',(0.0118,0.0134,0.014));
#11361=CARTESIAN_POINT('',(0.0118,0.0183522727272727,0.014));
#11362=CARTESIAN_POINT('',(0.0118,0.0153559133790781,0.014));
#11363=CARTESIAN_POINT('',(0.0138,0.0153559133790781,0.014));
#11364=CARTESIAN_POINT('',(0.0138,0.0175,0.014));
#11365=CARTESIAN_POINT('',(0.0165,0.0175,0.014));
#11366=CARTESIAN_POINT('',(0.0165,0.0175,0.014));
#11367=CARTESIAN_POINT('',(0.0165,0.0181329889849161,0.014));
#11368=CARTESIAN_POINT('',(0.0153,0.0352,0.014));
#11369=CARTESIAN_POINT('',(0.0153,0.0187659779698322,0.014));
#11370=CARTESIAN_POINT('',(0.0165,0.0187659779698322,0.014));
#11371=CARTESIAN_POINT('',(0.00923444503127429,0.0187659779698322,0.014));
#11372=CARTESIAN_POINT('',(0.0065,0.02,0.014));
#11373=CARTESIAN_POINT('',(0.0065,0.017,0.014));
#11374=CARTESIAN_POINT('',(0.,0.017,0.014));
#11375=CARTESIAN_POINT('',(-0.0065,0.017,0.014));
#11376=CARTESIAN_POINT('',(-0.0065,0.02,0.014));
#11377=CARTESIAN_POINT('',(-0.00923444503127427,0.0187659779698322,0.014));
#11378=CARTESIAN_POINT('',(-0.0165,0.0187659779698322,0.014));
#11379=CARTESIAN_POINT('',(-0.0153,0.0187659779698322,0.014));
#11380=CARTESIAN_POINT('',(-0.0153,0.0352,0.014));
#11381=CARTESIAN_POINT('',(-0.0165,0.0181329889849161,0.014));
#11382=CARTESIAN_POINT('',(-0.0165,0.0175,0.014));
#11383=CARTESIAN_POINT('',(-0.0165,0.0175,0.014));
#11384=CARTESIAN_POINT('',(-0.0133,0.0175,0.014));
#11385=CARTESIAN_POINT('',(-0.0133,0.0153559133790781,0.014));
#11386=CARTESIAN_POINT('',(-0.0113,0.0153559133790781,0.014));
#11387=CARTESIAN_POINT('',(-0.0113,0.0275,0.014));
#11388=CARTESIAN_POINT('',(-0.0113,0.0152,0.014));
#11389=CARTESIAN_POINT('',(0.,0.0152,0.014));
#11390=CARTESIAN_POINT('',(0.0098,0.0152,0.014));
#11391=CARTESIAN_POINT('',(0.0098,0.0142,0.014));
#11392=CARTESIAN_POINT('',(0.0108,0.0142,0.014));
#11393=CARTESIAN_POINT('',(0.0108,0.0138,0.014));
#11394=CARTESIAN_POINT('',(0.0108,0.0134,0.014));
#11395=CARTESIAN_POINT('',(0.0098,0.0134,0.014));
#11396=CARTESIAN_POINT('',(-0.0113,0.036,-0.004));
#11397=CARTESIAN_POINT('',(-0.0113,0.0234389491857342,-0.00692079855840433));
#11398=CARTESIAN_POINT('',(-0.0113,0.0152,-0.004));
#11399=CARTESIAN_POINT('',(0.0165,0.0216219827888822,0.00333133866406947));
#11400=CARTESIAN_POINT('',(0.0165,0.0216219827888822,0.00333133866406947));
#11401=CARTESIAN_POINT('',(0.0138,0.0253045454545455,-0.0062));
#11402=CARTESIAN_POINT('',(0.0165,0.03975,0.02565));
#11403=CARTESIAN_POINT('',(0.0165,0.02914446604939,0.022525659389401));
#11404=CARTESIAN_POINT('',(0.0065,0.02,0.0158304101178275));
#11405=CARTESIAN_POINT('',(0.00907354330696359,0.018458288337366,0.0147016242674043));
#11406=CARTESIAN_POINT('',(0.0165,0.018458288337366,0.0147016242674043));
#11407=CARTESIAN_POINT('',(0.0153,0.0184582883388613,0.0147016242674043));
#11408=CARTESIAN_POINT('',(0.0153,0.02914446604939,0.022525659389401));
#11409=CARTESIAN_POINT('',(-0.0165,0.02914446604939,0.022525659389401));
#11410=CARTESIAN_POINT('',(-0.0153,0.02914446604939,0.022525659389401));
#11411=CARTESIAN_POINT('',(-0.0153,0.018458288337366,0.0147016242674043));
#11412=CARTESIAN_POINT('',(-0.0165,0.018458288337366,0.0147016242674043));
#11413=CARTESIAN_POINT('',(-0.00907354330696357,0.018458288337366,0.0147016242674043));
#11414=CARTESIAN_POINT('',(-0.0065,0.02,0.0158304101178275));
#11415=CARTESIAN_POINT('',(-0.0165,0.03975,0.02565));
#11416=CARTESIAN_POINT('',(-0.0165,0.0216219827888822,0.00333133866406947));
#11417=CARTESIAN_POINT('',(-0.0165,0.0216219827888822,0.00333133866406947));
#11418=CARTESIAN_POINT('',(-0.0133,0.0175,0.014));
#11419=CARTESIAN_POINT('',(-0.0153,0.0352,0.015));
#11420=CARTESIAN_POINT('',(-0.0153,0.0470000000000295,0.0268000000000128));
#11421=CARTESIAN_POINT('',(-0.0153,0.0184585163856909,0.0147010862739581));
#11422=CARTESIAN_POINT('',(-0.0153,0.0184584023625039,0.0147013552701438));
#11423=CARTESIAN_POINT('',(0.0153,0.0352,0.015));
#11424=CARTESIAN_POINT('',(0.0153,0.0184584023625039,0.0147013552701438));
#11425=CARTESIAN_POINT('',(0.0153,0.018458516390177,0.0147010862739581));
#11426=CARTESIAN_POINT('',(0.0153,0.0470000000000295,0.0268000000000128));
#11427=CARTESIAN_POINT('',(0.0118,0.0183522727272727,0.014002));
#11428=CARTESIAN_POINT('',(0.0118,0.0156344037311888,0.0132792014415957));
#11429=CARTESIAN_POINT('',(0.0118,0.0134,0.014002));
#11430=CARTESIAN_POINT('',(-0.0133,0.019756386520071,0.00261054010566515));
#11431=CARTESIAN_POINT('',(0.0138,0.0157444310652031,0.0129944248123822));
#11432=CARTESIAN_POINT('',(-0.0213,0.0142857864376269,-0.0032));
#11433=CARTESIAN_POINT('',(-0.0216333333333334,0.0152285954792089,-0.0032));
#11434=CARTESIAN_POINT('',(-0.0216333333333334,0.0152285954792089,0.0068));
#11435=CARTESIAN_POINT('',(-0.0213,0.0142857864376269,0.0068));
#11436=CARTESIAN_POINT('',(-0.0223,0.0142857864376269,0.0068));
#11437=CARTESIAN_POINT('',(-0.0223,0.0142857864376269,-0.0032));
#11438=CARTESIAN_POINT('',(-0.0218,0.0157,-0.0032));
#11439=CARTESIAN_POINT('',(-0.0213025062814467,0.01565,-0.0047));
#11440=CARTESIAN_POINT('',(-0.0213025062814467,0.01565,0.0068));
#11441=CARTESIAN_POINT('',(-0.0218,0.0157,0.0068));
#11442=CARTESIAN_POINT('',(-0.0218,0.0156,-0.0032));
#11443=CARTESIAN_POINT('',(-0.0218,0.0161,-0.0032));
#11444=CARTESIAN_POINT('',(-0.0218,0.0161,0.0068));
#11445=CARTESIAN_POINT('',(-0.0218,0.0156,0.0068));
#11446=CARTESIAN_POINT('',(-0.0213,0.0139142135623731,-0.0032));
#11447=CARTESIAN_POINT('',(-0.0223,0.0139142135623731,-0.0062));
#11448=CARTESIAN_POINT('',(-0.0223,0.0139142135623731,0.0068));
#11449=CARTESIAN_POINT('',(-0.0213,0.0139142135623731,0.0068));
#11450=CARTESIAN_POINT('',(-0.0216333333333334,0.012971404520791,0.0068));
#11451=CARTESIAN_POINT('',(-0.0216333333333334,0.012971404520791,-0.0032));
#11452=CARTESIAN_POINT('',(-0.0218,0.0125,-0.0032));
#11453=CARTESIAN_POINT('',(-0.0218,0.0125,0.0068));
#11454=CARTESIAN_POINT('',(-0.0218,0.012,0.0068));
#11455=CARTESIAN_POINT('',(-0.0218,0.012,-0.0032));
#11456=CARTESIAN_POINT('',(-0.0223,0.0141,-0.0032));
#11457=CARTESIAN_POINT('',(-0.0223,0.0141,0.0068));
#11458=CARTESIAN_POINT('',(-0.0228,0.0125,-0.0032));
#11459=CARTESIAN_POINT('',(-0.0228,0.012,-0.0032));
#11460=CARTESIAN_POINT('',(-0.0228,0.012,0.0068));
#11461=CARTESIAN_POINT('',(-0.0228,0.0125,0.0068));
#11462=CARTESIAN_POINT('',(-0.0233,0.0125,0.0068));
#11463=CARTESIAN_POINT('',(-0.0233,0.0125,-0.0032));
#11464=CARTESIAN_POINT('',(-0.0223,0.012,-0.0032));
#11465=CARTESIAN_POINT('',(-0.0223,0.012,0.0068));
#11466=CARTESIAN_POINT('',(-0.0228,0.0156,-0.0032));
#11467=CARTESIAN_POINT('',(-0.0233,0.0156,-0.0032));
#11468=CARTESIAN_POINT('',(-0.0233,0.0156,0.0068));
#11469=CARTESIAN_POINT('',(-0.0228,0.0156,0.0068));
#11470=CARTESIAN_POINT('',(-0.0228,0.0161,0.0068));
#11471=CARTESIAN_POINT('',(-0.0228,0.0161,-0.0032));
#11472=CARTESIAN_POINT('',(-0.0233,0.01405,-0.0032));
#11473=CARTESIAN_POINT('',(-0.0233,0.01405,0.0068));
#11474=CARTESIAN_POINT('',(-0.0223,0.0161,-0.0032));
#11475=CARTESIAN_POINT('',(-0.0223,0.0161,0.0068));
#11476=CARTESIAN_POINT('',(6.93889390390723E-18,0.00897856824782432,-0.0075));
#11477=CARTESIAN_POINT('',(-0.0421985037986162,-0.0114764725559962,-0.0075));
#11478=CARTESIAN_POINT('',(-0.043,-0.0124127184485535,-0.0075));
#11479=CARTESIAN_POINT('',(-0.043000128037651,-0.0124128680122378,-0.0075));
#11480=CARTESIAN_POINT('',(-0.043,-0.0067,-0.0075));
#11481=CARTESIAN_POINT('',(-0.043,-0.0124128681886586,-0.0075));
#11482=CARTESIAN_POINT('',(-0.0413403149055684,-0.0124151550391837,-0.0075));
#11483=CARTESIAN_POINT('',(-0.045,0.0146,0.017));
#11484=CARTESIAN_POINT('',(-0.045,0.0166,0.017));
#11485=CARTESIAN_POINT('',(-0.043,0.0146,0.017));
#11486=CARTESIAN_POINT('',(-0.046,0.0166,0.017));
#11487=CARTESIAN_POINT('',(-0.049,0.0166,0.017));
#11488=CARTESIAN_POINT('',(-0.049,0.0146,0.017));
#11489=CARTESIAN_POINT('',(-0.051,0.0146,0.017));
#11490=CARTESIAN_POINT('',(0.049,0.0146,0.017));
#11491=CARTESIAN_POINT('',(0.049,0.0166,0.017));
#11492=CARTESIAN_POINT('',(0.051,0.0146,0.017));
#11493=CARTESIAN_POINT('',(0.046,0.0166,0.017));
#11494=CARTESIAN_POINT('',(0.045,0.0166,0.017));
#11495=CARTESIAN_POINT('',(0.045,0.0146,0.017));
#11496=CARTESIAN_POINT('',(0.043,0.0146,0.017));
#11497=CARTESIAN_POINT('',(0.0381757452849593,-0.0122673006135869,-0.006202));
#11498=CARTESIAN_POINT('',(0.0396982185712003,-0.0109703522365562,-0.008));
#11499=CARTESIAN_POINT('',(0.0381757452849593,-0.0102673006135869,0.014));
#11500=CARTESIAN_POINT('',(0.0396763424408589,-0.0109446720902674,-0.006202));
#11501=CARTESIAN_POINT('',(0.0405992441920602,-0.0120280561993912,-0.006));
#11502=CARTESIAN_POINT('',(0.0423049867318684,-0.0140304084102082,-0.006));
#11503=CARTESIAN_POINT('',(0.0423049867318684,-0.0140304084102082,-0.011));
#11504=CARTESIAN_POINT('',(0.0274003641777074,-0.0122673006135869,-0.006202));
#11505=CARTESIAN_POINT('',(0.0274003641777074,-0.0102673006135869,-0.008));
#11506=CARTESIAN_POINT('',(0.025882706172584,-0.0109647207966525,0.014));
#11507=CARTESIAN_POINT('',(0.0249434357815471,-0.0120590807808932,-0.006202));
#11508=CARTESIAN_POINT('',(0.0249885250809333,-0.0120065464676256,-0.006));
#11509=CARTESIAN_POINT('',(0.0296366371081333,-0.0102673006135869,-0.006202));
#11510=CARTESIAN_POINT('',(-0.0413403149055684,-0.0124151550391837,-0.0075));
#11511=CARTESIAN_POINT('',(-0.043,-0.0124128681886586,0.017));
#11512=CARTESIAN_POINT('',(-0.0429999999999938,-0.0124128681886586,-0.00575492771293927));
#11513=CARTESIAN_POINT('',(-0.042314786019931,-0.012413812332795,-0.00545));
#11514=CARTESIAN_POINT('',(-0.043000128037651,-0.0124128680122378,-0.00575463983161464));
#11515=CARTESIAN_POINT('',(-0.043000128037651,-0.0124128680122378,-0.0075));
#11516=CARTESIAN_POINT('',(-0.0405952553205466,-0.00960368164351305,-0.006202));
#11517=CARTESIAN_POINT('',(-0.0423136798560965,-0.0116110123211888,-0.00545));
#11518=CARTESIAN_POINT('',(-0.0426402572013238,-0.0119924947256512,-0.00612541874857353));
#11519=CARTESIAN_POINT('',(-0.0426402572013238,-0.0119924947256512,0.014));
#11520=CARTESIAN_POINT('',(-0.040153501917839,-0.00908765947385812,-0.0062));
#11521=CARTESIAN_POINT('',(-0.043,-0.0124127184485535,0.017));
#11522=CARTESIAN_POINT('',(-0.045,-0.0134,0.017));
#11523=CARTESIAN_POINT('',(-0.043,-0.0134,-0.00733732476521681));
#11524=CARTESIAN_POINT('',(-0.043,-0.0137300195245376,-0.00697033670005059));
#11525=CARTESIAN_POINT('',(-0.0430668521273261,-0.0139127760743033,-0.00649328313271339));
#11526=CARTESIAN_POINT('',(-0.0430668521273261,-0.0139127760743033,-0.006));
#11527=CARTESIAN_POINT('',(-0.043,-0.0134,-0.00733732476521681));
#11528=CARTESIAN_POINT('',(-0.0430668521273265,-0.0139127760743033,-0.00545));
#11529=CARTESIAN_POINT('',(-0.0430668521273265,-0.0139127760743033,-0.00556208583724523));
#11530=CARTESIAN_POINT('',(-0.0430179203856803,-0.0137271217275581,-0.00572845533921149));
#11531=CARTESIAN_POINT('',(-0.043,-0.0135106895718835,-0.0057583046596337));
#11532=CARTESIAN_POINT('',(-0.043,-0.0134,-0.00575796598761023));
#11533=CARTESIAN_POINT('',(-0.043,-0.0134,-0.00575796598761023));
#11534=CARTESIAN_POINT('',(-0.043,-0.0134,0.017));
#11535=CARTESIAN_POINT('',(0.056,0.00454545454545457,-0.008));
#11536=CARTESIAN_POINT('',(0.056,0.0006,0.003));
#11537=CARTESIAN_POINT('',(0.056,0.0006,0.0006));
#11538=CARTESIAN_POINT('',(0.056,0.0133203387942655,-0.008));
#11539=CARTESIAN_POINT('',(0.056,-0.005,-0.008));
#11540=CARTESIAN_POINT('',(0.0545,-0.0125,-0.008));
#11541=CARTESIAN_POINT('',(-0.0545,-0.0125,-0.008));
#11542=CARTESIAN_POINT('',(-0.056,-0.005,-0.008));
#11543=CARTESIAN_POINT('',(-0.056,0.00454545454545455,-0.008));
#11544=CARTESIAN_POINT('',(-0.056,0.0006,0.003));
#11545=CARTESIAN_POINT('',(-0.056,0.0006,0.0006));
#11546=CARTESIAN_POINT('',(-0.056,0.0133203387942655,-0.008));
#11547=CARTESIAN_POINT('',(0.043,0.0073,0.017));
#11548=CARTESIAN_POINT('',(0.043,0.00511002804573964,0.003));
#11549=CARTESIAN_POINT('',(0.043,0.00511002804573964,0.0023));
#11550=CARTESIAN_POINT('',(0.043,-0.00388997195426037,0.003));
#11551=CARTESIAN_POINT('',(0.043,-0.00388997195426037,0.0023));
#11552=CARTESIAN_POINT('',(0.043,0.000610028045739637,0.003));
#11553=CARTESIAN_POINT('',(0.043,0.000610028045739637,0.0009));
#11554=CARTESIAN_POINT('',(0.043,0.00588431697169554,0.0058));
#11555=CARTESIAN_POINT('',(0.043,0.00588431697169554,0.0078));
#11556=CARTESIAN_POINT('',(0.043,0.00093431697169554,0.0078));
#11557=CARTESIAN_POINT('',(0.043,-0.00401568302830446,0.0078));
#11558=CARTESIAN_POINT('',(0.043,-0.00401568302830446,0.0058));
#11559=CARTESIAN_POINT('',(0.043,-0.00601568302830446,0.0058));
#11560=CARTESIAN_POINT('',(0.043,-0.00601568302830446,-0.0007));
#11561=CARTESIAN_POINT('',(0.043,0.456025524085173,-0.00545));
#11562=CARTESIAN_POINT('',(0.043,-0.0134,-0.00582964937850498));
#11563=CARTESIAN_POINT('',(0.043,-0.0134,0.017));
#11564=CARTESIAN_POINT('',(0.043,-0.0134,-0.00745836877655755));
#11565=CARTESIAN_POINT('',(0.043,-0.0120313641580507,-0.006));
#11566=CARTESIAN_POINT('',(0.045,-0.0134,0.017));
#11567=CARTESIAN_POINT('',(0.043,-0.0134,-0.00582964937850498));
#11568=CARTESIAN_POINT('',(0.043,-0.0135369973665793,-0.00582932777588992));
#11569=CARTESIAN_POINT('',(0.0430276553463564,-0.0138058750781412,-0.00579385608938695));
#11570=CARTESIAN_POINT('',(0.0431023175026196,-0.0140315070380732,-0.00558864963904758));
#11571=CARTESIAN_POINT('',(0.0431023175026196,-0.0140315070380732,-0.00545));
#11572=CARTESIAN_POINT('',(0.0431023175026196,-0.0140315070380732,-0.00545));
#11573=CARTESIAN_POINT('',(0.0431023175026196,-0.0140315070380732,0.017));
#11574=CARTESIAN_POINT('',(0.0431023175026196,-0.0140315070380732,-0.006));
#11575=CARTESIAN_POINT('',(0.0431023175026196,-0.0140315070380732,-0.006));
#11576=CARTESIAN_POINT('',(0.0431023175026196,-0.0140315070380732,-0.00655074015777997));
#11577=CARTESIAN_POINT('',(0.043,-0.0138015701103139,-0.00708150785398894));
#11578=CARTESIAN_POINT('',(0.043,-0.0134,-0.00745836877655755));
#11579=CARTESIAN_POINT('',(0.051,0.0006,0.017));
#11580=CARTESIAN_POINT('',(0.051,-0.0134,0.017));
#11581=CARTESIAN_POINT('',(0.051,-0.0134,-0.00582966231656832));
#11582=CARTESIAN_POINT('',(0.051,0.456020012559045,-0.00545));
#11583=CARTESIAN_POINT('',(-0.051,-0.0067,0.017));
#11584=CARTESIAN_POINT('',(-0.051,-0.509703343368722,-0.00545));
#11585=CARTESIAN_POINT('',(-0.051,-0.0134,-0.00575798285042941));
#11586=CARTESIAN_POINT('',(-0.051,-0.0134,0.017));
#11587=CARTESIAN_POINT('',(0.049,-0.0134,0.017));
#11588=CARTESIAN_POINT('',(0.0509547633614756,-0.0138229659568245,-0.0058971175472103));
#11589=CARTESIAN_POINT('',(0.0509841873578578,-0.0136869811354743,-0.00585774345347864));
#11590=CARTESIAN_POINT('',(0.051,-0.0135447850974074,-0.00582932244775157));
#11591=CARTESIAN_POINT('',(0.051,-0.0134000000000005,-0.00582966231656546));
#11592=CARTESIAN_POINT('',(-0.049,-0.0134,0.017));
#11593=CARTESIAN_POINT('',(-0.051,-0.0134,-0.00575798285042941));
#11594=CARTESIAN_POINT('',(-0.051,-0.013502319000368,-0.00575829589076549));
#11595=CARTESIAN_POINT('',(-0.0509920817331724,-0.0136031958204214,-0.00577709682544346));
#11596=CARTESIAN_POINT('',(-0.0509773025946283,-0.0137004570672759,-0.00580486418241703));
#11597=CARTESIAN_POINT('',(-0.043,-0.0067,0.017));
#11598=CARTESIAN_POINT('',(-0.043,0.00511002804573964,0.003));
#11599=CARTESIAN_POINT('',(-0.043,0.00511002804573964,0.0037));
#11600=CARTESIAN_POINT('',(-0.043,-0.00388997195426037,0.003));
#11601=CARTESIAN_POINT('',(-0.043,-0.00388997195426037,0.0037));
#11602=CARTESIAN_POINT('',(-0.043,0.000610028045739637,0.003));
#11603=CARTESIAN_POINT('',(-0.043,0.000610028045739637,0.0051));
#11604=CARTESIAN_POINT('',(-0.043,-0.00436497195426036,0.0058));
#11605=CARTESIAN_POINT('',(-0.043,-0.00436497195426036,0.0078));
#11606=CARTESIAN_POINT('',(-0.043,0.000610028045739637,0.0078));
#11607=CARTESIAN_POINT('',(-0.043,0.00558502804573964,0.0078));
#11608=CARTESIAN_POINT('',(-0.043,0.00558502804573964,0.0058));
#11609=CARTESIAN_POINT('',(-0.043,-0.0119128662901002,-0.006));
#11610=CARTESIAN_POINT('',(-0.043,-0.509708854894834,-0.00545));
#11611=CARTESIAN_POINT('',(-5.43878211315837E-5,-0.0119720402840656,-0.006));
#11612=CARTESIAN_POINT('',(-1.45145926297892E-5,-0.0139720971232352,-0.006));
#11613=CARTESIAN_POINT('',(-0.0381844519210782,-0.0121695053451283,-0.006202));
#11614=CARTESIAN_POINT('',(-0.0381816961593233,-0.0101695072436849,-0.008));
#11615=CARTESIAN_POINT('',(-0.0397037669013698,-0.0108688585865262,0.014));
#11616=CARTESIAN_POINT('',(-0.0274090917459021,-0.0121843525219556,-0.006202));
#11617=CARTESIAN_POINT('',(-0.0258882639928077,-0.0108854749505819,-0.006202));
#11618=CARTESIAN_POINT('',(-0.0274063359841471,-0.0101843544205122,-0.006202));
#11619=CARTESIAN_POINT('',(-0.0259084981821881,-0.010861783174352,-0.006202));
#11620=CARTESIAN_POINT('',(-0.0249896160334108,-0.0119376824773212,-0.006));
#11621=CARTESIAN_POINT('',(-0.0296398086913384,-0.0101812769582573,-0.006202));
#11622=CARTESIAN_POINT('',(-0.0396806877492604,-0.0108418993054606,-0.006202));
#11623=CARTESIAN_POINT('',(-0.0406003457969636,-0.0119161727308779,-0.006));
#11624=CARTESIAN_POINT('',(-5.43878211315837E-5,-0.0119720402840656,-0.006));
#11625=CARTESIAN_POINT('',(-5.43878211315837E-5,-0.0119720402840656,-0.006));
#11626=CARTESIAN_POINT('',(0.00329446523957032,-0.011276655368463,0.00297));
#11627=CARTESIAN_POINT('',(-0.00292552885591864,-0.0112680849494051,0.00297));
#11628=CARTESIAN_POINT('',(-0.00292566664400639,-0.0113680848544772,0.00177417392568986));
#11629=CARTESIAN_POINT('',(-0.00292583621266976,-0.0114911495585298,0.0017909147250144));
#11630=CARTESIAN_POINT('',(0.00344432730909081,-0.0113768619556668,0.00177417392568986));
#11631=CARTESIAN_POINT('',(-0.00402566559980022,-0.011366569185512,0.00177417392568986));
#11632=CARTESIAN_POINT('',(-0.00402552781171247,-0.0112665692804399,0.00297));
#11633=CARTESIAN_POINT('',(-0.00402583725687684,-0.0114911495585298,0.00179120247585231));
#11634=CARTESIAN_POINT('',(0.158963935626033,-0.0114911495585298,0.00297));
#11635=CARTESIAN_POINT('',(0.00329446523957032,-0.011276655368463,0.00297));
#11636=CARTESIAN_POINT('',(0.0028944656192816,-0.011276104216112,0.00297));
#11637=CARTESIAN_POINT('',(0.00289416931213524,-0.0114911495585298,0.0017894258121971));
#11638=CARTESIAN_POINT('',(0.00289432783119386,-0.0113761041211842,0.00177417392568986));
#11639=CARTESIAN_POINT('',(0.158963935626033,-0.0114911495585298,0.00297));
#11640=CARTESIAN_POINT('',(0.00399417035634241,-0.0114911495585298,0.00178915073273912));
#11641=CARTESIAN_POINT('',(0.00399446457507551,-0.0112776198850772,0.00297));
#11642=CARTESIAN_POINT('',(0.00399432678698776,-0.0113776197901494,0.00177417392568986));
#11643=CARTESIAN_POINT('',(0.00344432730909081,-0.0113768619556668,0.00177417392568986));
#11644=CARTESIAN_POINT('',(-0.0138103378438515,-0.00945308525630581,-0.006202));
#11645=CARTESIAN_POINT('',(-0.0160117678109412,-0.0114911495585298,-0.006202));
#11646=CARTESIAN_POINT('',(-0.0164441247714215,-0.0108894579169206,-0.006202));
#11647=CARTESIAN_POINT('',(0.0018976356965401,-0.00897472709465859,-0.00046));
#11648=CARTESIAN_POINT('',(0.0018976356965401,-0.00897472709465859,-0.00146));
#11649=CARTESIAN_POINT('',(0.00189515550899865,-0.0107747268098737,-0.00146));
#11650=CARTESIAN_POINT('',(0.0028976347472618,-0.00897610497553607,-0.00046));
#11651=CARTESIAN_POINT('',(0.00289515455972035,-0.0107761046907511,-0.00046));
#11652=CARTESIAN_POINT('',(0.00189515550899865,-0.0107747268098737,-0.00046));
#11653=CARTESIAN_POINT('',(-0.000967361583777551,-0.00897077946594462,-0.00146));
#11654=CARTESIAN_POINT('',(-0.00192236067721677,-0.00896946358970663,-0.00146));
#11655=CARTESIAN_POINT('',(-0.00192484086475822,-0.0107694633049217,-0.00146));
#11656=CARTESIAN_POINT('',(-1.48426778797388E-5,-0.0107720950573977,-0.00146));
#11657=CARTESIAN_POINT('',(-0.00192236067721677,-0.00896946358970663,-0.00046));
#11658=CARTESIAN_POINT('',(-0.00292235972793846,-0.00896808570882915,-0.00046));
#11659=CARTESIAN_POINT('',(-0.00292483991547992,-0.0107680854240442,-0.00046));
#11660=CARTESIAN_POINT('',(-0.00192484086475822,-0.0107694633049217,-0.00046));
#11661=CARTESIAN_POINT('',(-0.00292235972793846,-0.00896808570882915,0.00623));
#11662=CARTESIAN_POINT('',(-0.00292235972793846,-0.00896808570882915,0.00846));
#11663=CARTESIAN_POINT('',(-0.00292583621266977,-0.0114911495585298,0.00846));
#11664=CARTESIAN_POINT('',(-0.00292483991547991,-0.0107680854240442,-0.000395));
#11665=CARTESIAN_POINT('',(-0.00292483991547991,-0.0107680854240442,0.00177417392568986));
#11666=CARTESIAN_POINT('',(-0.00292483991547991,-0.0107680854240442,0.00177417392568986));
#11667=CARTESIAN_POINT('',(-0.00292583621266976,-0.0114911495585298,-0.006202));
#11668=CARTESIAN_POINT('',(0.0028976347472618,-0.00897610497553607,0.00177));
#11669=CARTESIAN_POINT('',(0.0028976347472618,-0.00897610497553607,0.00846));
#11670=CARTESIAN_POINT('',(0.00289416931213522,-0.0114911495585298,0.00846));
#11671=CARTESIAN_POINT('',(0.00289416931213522,-0.0114911495585298,-0.006202));
#11672=CARTESIAN_POINT('',(0.00289515455972035,-0.0107761046907511,0.00177417392568986));
#11673=CARTESIAN_POINT('',(0.00289515455972035,-0.0107761046907511,0.00177417392568986));
#11674=CARTESIAN_POINT('',(0.00289515455972035,-0.0107761046907511,-0.000395));
#11675=CARTESIAN_POINT('',(-1.45145926297892E-5,-0.0139720971232352,-0.006202));
#11676=CARTESIAN_POINT('',(0.0431023175026196,-0.0140315070380732,0.0008));
#11677=CARTESIAN_POINT('',(0.051422811364382,0.0186780007958647,-0.008));
#11678=CARTESIAN_POINT('',(0.051422811364382,0.0186780007958647,-0.0047));
#11679=CARTESIAN_POINT('',(0.0542,0.0136285669129229,-0.0047));
#11680=CARTESIAN_POINT('',(0.0542,0.0136285669129229,-0.008));
#11681=CARTESIAN_POINT('',(-0.051422811364382,0.0186780007958646,-0.008));
#11682=CARTESIAN_POINT('',(-0.0542,0.0136285669129229,-0.008));
#11683=CARTESIAN_POINT('',(-0.0542,0.0136285669129229,-0.0047));
#11684=CARTESIAN_POINT('',(-0.0505898168869724,0.0201925362093367,-0.0047));
#11685=CARTESIAN_POINT('',(-0.00475,0.0152,-0.004));
#11686=CARTESIAN_POINT('',(0.0098,0.0152,-0.004));
#11687=CARTESIAN_POINT('',(-0.0527349547837563,-0.0121469909567513,-0.008));
#11688=CARTESIAN_POINT('',(-0.0542,-0.00482176487553299,-0.008));
#11689=CARTESIAN_POINT('',(-0.0023,0.0119,0.014002));
#11690=CARTESIAN_POINT('',(-0.0023,0.0119,0.0078));
#11691=CARTESIAN_POINT('',(-0.0023,0.01189,0.0078));
#11692=CARTESIAN_POINT('',(-0.0023,0.01191,0.0078));
#11693=CARTESIAN_POINT('',(-0.0023,0.01191,-0.0062));
#11694=CARTESIAN_POINT('',(-0.0023,0.01189,0.014002));
#11695=CARTESIAN_POINT('',(0.01155,0.0114,0.014002));
#11696=CARTESIAN_POINT('',(0.0047,0.0114,0.0119));
#11697=CARTESIAN_POINT('',(0.0047,0.0114,0.00931));
#11698=CARTESIAN_POINT('',(0.0047,0.0114,0.012));
#11699=CARTESIAN_POINT('',(0.01155,0.0114,0.00931));
#11700=CARTESIAN_POINT('',(-0.000299999999999989,0.0114,0.00931));
#11701=CARTESIAN_POINT('',(-0.000299999999999989,0.0114,0.0078));
#11702=CARTESIAN_POINT('',(-0.00181,0.0114,0.0078));
#11703=CARTESIAN_POINT('',(-0.00181,0.0114,0.014002));
#11704=CARTESIAN_POINT('',(0.0098,0.0114,0.014002));
#11705=CARTESIAN_POINT('',(0.0067,0.0114,0.012));
#11706=CARTESIAN_POINT('',(-0.0165,0.0470000000000295,0.0268000000000128));
#11707=CARTESIAN_POINT('',(-0.0165,0.018458516390177,0.0147010862739581));
#11708=CARTESIAN_POINT('',(-0.00907367991029326,0.018458516390177,0.0147010862739581));
#11709=CARTESIAN_POINT('',(-0.00923444503127427,0.0187659779698322,0.014));
#11710=CARTESIAN_POINT('',(-0.00918666421346855,0.0186601013998481,0.0142335407351103));
#11711=CARTESIAN_POINT('',(-0.00913305142147805,0.0185576437922502,0.0144672435352117));
#11712=CARTESIAN_POINT('',(-0.00907367991029326,0.018458516390177,0.0147010862739581));
#11713=CARTESIAN_POINT('',(-0.0165,0.0184584023625039,0.0147013552701438));
#11714=CARTESIAN_POINT('',(-0.0065,0.02,0.0110645170497102));
#11715=CARTESIAN_POINT('',(-0.00475,0.017,-0.004));
#11716=CARTESIAN_POINT('',(0.0065,0.017,-0.004));
#11717=CARTESIAN_POINT('',(-0.0065,0.017,-0.004));
#11718=CARTESIAN_POINT('',(-0.0542,0.00454545454545455,-0.008));
#11719=CARTESIAN_POINT('',(-0.0542,0.0006,0.003));
#11720=CARTESIAN_POINT('',(-0.0542,0.0006,0.0006));
#11721=CARTESIAN_POINT('',(-0.0542,0.00496678428062652,-0.00887427545695445));
#11722=CARTESIAN_POINT('',(0.0527349547837564,-0.0121469909567512,-0.008));
#11723=CARTESIAN_POINT('',(0.0542,-0.00482176487553298,-0.008));
#11724=CARTESIAN_POINT('',(0.0542,0.00454545454545457,-0.008));
#11725=CARTESIAN_POINT('',(0.0542,0.0006,0.003));
#11726=CARTESIAN_POINT('',(0.0542,0.0006,0.0054));
#11727=CARTESIAN_POINT('',(0.0542,0.03967114359351,0.00785040599475408));
#11728=CARTESIAN_POINT('',(0.0165,0.0184584023625039,0.0147013552701438));
#11729=CARTESIAN_POINT('',(0.0165,0.018458516390177,0.0147010862739581));
#11730=CARTESIAN_POINT('',(0.00907367990801559,0.018458516390177,0.0147010862739581));
#11731=CARTESIAN_POINT('',(0.0065,0.02,0.0110645170497102));
#11732=CARTESIAN_POINT('',(0.0165,0.0470000000000295,0.0268000000000128));
#11733=CARTESIAN_POINT('',(0.00907367990801559,0.0184585163863742,0.0147010862723461));
#11734=CARTESIAN_POINT('',(0.00913305141942556,0.018557643788491,0.0144672435334966));
#11735=CARTESIAN_POINT('',(0.00918666421343996,0.0186601013997847,0.0142335407352502));
#11736=CARTESIAN_POINT('',(0.00923444503127429,0.0187659779698322,0.014));
#11737=CARTESIAN_POINT('',(0.0065,0.02,-0.004));
#11738=CARTESIAN_POINT('',(-0.0065,0.02,-0.004));
#11739=CARTESIAN_POINT('',(0.0108,0.0138,0.014002));
#11740=CARTESIAN_POINT('',(0.0108,0.0134,0.014));
#11741=CARTESIAN_POINT('',(0.0108,0.0142,0.014002));
#11742=CARTESIAN_POINT('',(0.00425,0.0124,0.014002));
#11743=CARTESIAN_POINT('',(0.0047,0.0124,0.00931));
#11744=CARTESIAN_POINT('',(-0.000299999999999989,0.0124,0.00931));
#11745=CARTESIAN_POINT('',(0.0047,0.0124,0.00931));
#11746=CARTESIAN_POINT('',(0.0047,0.0124,0.014002));
#11747=CARTESIAN_POINT('',(0.0047,0.0124,0.012));
#11748=CARTESIAN_POINT('',(0.0067,0.0124,0.012));
#11749=CARTESIAN_POINT('',(0.0098,0.0124,-0.0062));
#11750=CARTESIAN_POINT('',(-0.00181,0.0124,0.0078));
#11751=CARTESIAN_POINT('',(-0.00181,0.0124,0.0078));
#11752=CARTESIAN_POINT('',(-0.000299999999999989,0.0124,0.0078));
#11753=CARTESIAN_POINT('',(0.0098,0.0134,0.014002));
#11754=CARTESIAN_POINT('',(0.0012,0.0134,0.0098));
#11755=CARTESIAN_POINT('',(0.0047,0.0134,0.0098));
#11756=CARTESIAN_POINT('',(0.0047,0.01191,0.0098));
#11757=CARTESIAN_POINT('',(0.0047,0.01189,0.0098));
#11758=CARTESIAN_POINT('',(-0.000299999999999989,0.01191,0.0098));
#11759=CARTESIAN_POINT('',(-0.000299999999999989,0.01191,0.0098));
#11760=CARTESIAN_POINT('',(-0.00029999999999999,0.0134,0.0098));
#11761=CARTESIAN_POINT('',(-0.000299999999999989,0.01189,0.0098));
#11762=CARTESIAN_POINT('',(0.0012,0.01189,0.0098));
#11763=CARTESIAN_POINT('',(0.0047,0.0134,0.0119));
#11764=CARTESIAN_POINT('',(0.0047,0.0124,0.012));
#11765=CARTESIAN_POINT('',(0.0047,0.01191,0.00931));
#11766=CARTESIAN_POINT('',(0.0047,0.01189,0.00931));
#11767=CARTESIAN_POINT('',(-0.0510323975111632,0.0110982232407588,0.0008));
#11768=CARTESIAN_POINT('',(-0.0510641610264074,-0.0119541941423535,-0.00545));
#11769=CARTESIAN_POINT('',(-0.0430324051053896,0.011087200193739,0.0008));
#11770=CARTESIAN_POINT('',(-0.0430646419718026,-0.0123087524885457,0.0078));
#11771=CARTESIAN_POINT('',(-0.0430646419718026,-0.0123087524885457,-0.00545));
#11772=CARTESIAN_POINT('',(-0.0430668521273265,-0.0139127760743033,-0.00545));
#11773=CARTESIAN_POINT('',(0.05113675693033,0.0109574461829493,0.0008));
#11774=CARTESIAN_POINT('',(0.0511026733338835,-0.0137787735069472,-0.00545));
#11775=CARTESIAN_POINT('',(0.0431367645245565,0.0109684692299691,0.0008));
#11776=CARTESIAN_POINT('',(0.0431043843219738,-0.0125315098859066,-0.00545));
#11777=CARTESIAN_POINT('',(0.0424094617974648,0.0274415647580939,-0.00545));
#11778=CARTESIAN_POINT('',(-0.0502597016621722,0.0275692519475674,-0.00545));
#11779=CARTESIAN_POINT('',(-0.0422824058173484,0.0110861667830809,-0.00545));
#11780=CARTESIAN_POINT('',(-0.0430646419718026,-0.0123087524885457,-0.00545));
#11781=CARTESIAN_POINT('',(-0.0430646419718026,-0.0123087524885457,-0.00560561466900827));
#11782=CARTESIAN_POINT('',(-0.0429607469576123,-0.0122707451490624,-0.00591294353890054));
#11783=CARTESIAN_POINT('',(-0.0427366636765004,-0.0121051093160187,-0.00607895447289833));
#11784=CARTESIAN_POINT('',(-0.0426402572013238,-0.0119924947256512,-0.00612541874857353));
#11785=CARTESIAN_POINT('',(0.0503867576422888,0.0109584795936074,-0.00545));
#11786=CARTESIAN_POINT('',(-0.053,0.0133203387942655,-0.008));
#11787=CARTESIAN_POINT('',(0.053,0.0133203387942655,-0.008));
#11788=CARTESIAN_POINT('',(-0.0181999827231348,-0.0118470396906637,-0.006202));
#11789=CARTESIAN_POINT('',(-0.0181999827231348,-0.0118470396906637,0.0018));
#11790=CARTESIAN_POINT('',(-0.0168249827231348,-0.0118470396906637,0.0018));
#11791=CARTESIAN_POINT('',(-0.0181999827231348,-0.0118470396906637,-0.006202));
#11792=CARTESIAN_POINT('',(-0.0199531951429356,-0.0108846228313681,-0.006202));
#11793=CARTESIAN_POINT('',(0.0181999827231348,-0.0118971945546038,-0.006202));
#11794=CARTESIAN_POINT('',(0.0181999827231348,-0.0118971945546038,0.0018));
#11795=CARTESIAN_POINT('',(0.0195749827231348,-0.0118971945546038,0.0018));
#11796=CARTESIAN_POINT('',(0.0181999827231348,-0.0118971945546038,-0.006202));
#11797=CARTESIAN_POINT('',(0.0199558406748481,-0.0109396127808606,-0.006202));
#11798=CARTESIAN_POINT('',(0.0164467703033341,-0.0109347776953082,-0.006202));
#11799=CARTESIAN_POINT('',(0.0225896276024181,-0.00950324012024589,-0.006202));
#11800=CARTESIAN_POINT('',(0.0219527992913052,-0.0124348693093087,-0.006202));
#11801=CARTESIAN_POINT('',(0.013816951673633,-0.00949115240636473,-0.006202));
#11802=CARTESIAN_POINT('',(0.0160530221983105,-0.0114911495585298,-0.006202));
#11803=CARTESIAN_POINT('',(-0.0225830137726367,-0.00944099754242464,-0.006202));
#11804=CARTESIAN_POINT('',(-0.0219545429211455,-0.0123744297282483,-0.006202));
#11805=CARTESIAN_POINT('',(0.,0.0275,0.0018));
#11806=CARTESIAN_POINT('',(0.,0.0275,0.0018));
#11807=CARTESIAN_POINT('',(0.0233871165375834,-0.011569253107705,-0.006202));
#11808=CARTESIAN_POINT('',(0.0229239043975712,-0.0121089494880883,-0.006202));
#11809=CARTESIAN_POINT('',(0.0254328340073532,-0.00918575272342628,-0.006202));
#11810=CARTESIAN_POINT('',(0.0292919842709767,-0.00876730061358692,-0.006202));
#11811=CARTESIAN_POINT('',(0.0263434288104272,-0.00876730061358692,-0.006202));
#11812=CARTESIAN_POINT('',(0.0392378451900564,-0.00876730061358692,-0.0062));
#11813=CARTESIAN_POINT('',(0.0405936068487744,-0.00970831644888091,-0.006202));
#11814=CARTESIAN_POINT('',(0.040151329161801,-0.00918913158736851,0.014));
#11815=CARTESIAN_POINT('',(-0.0292936410489341,-0.00868175393648494,-0.006202));
#11816=CARTESIAN_POINT('',(-0.0392402594726112,-0.0086680486681533,0.014));
#11817=CARTESIAN_POINT('',(-0.0263458581681665,-0.00868581563400298,-0.006202));
#11818=CARTESIAN_POINT('',(-0.0249920201323734,-0.00962518106331451,-0.006202));
#11819=CARTESIAN_POINT('',(-0.0229244470815231,-0.0120460577853273,-0.0062));
#11820=CARTESIAN_POINT('',(-0.0254350149733628,-0.00910648795204476,-0.006202));
#11821=CARTESIAN_POINT('',(-0.0435518461894987,-0.0112121066704899,-0.006202));
#11822=CARTESIAN_POINT('',(-0.00192236067721676,-0.00896946358970663,0.00846));
#11823=CARTESIAN_POINT('',(-0.00192236067721677,-0.00896946358970663,0.00946));
#11824=CARTESIAN_POINT('',(-0.00192583526339056,-0.0114911495585298,0.00946));
#11825=CARTESIAN_POINT('',(-0.00192583526339056,-0.0114911495585298,0.00846));
#11826=CARTESIAN_POINT('',(0.000942636603100883,-0.0089734112184206,0.00946));
#11827=CARTESIAN_POINT('',(0.0018976356965401,-0.00897472709465859,0.00946));
#11828=CARTESIAN_POINT('',(0.00189416836285601,-0.0114911495585298,0.00946));
#11829=CARTESIAN_POINT('',(2.06271936846816E-5,-0.0114911495585298,0.00946));
#11830=CARTESIAN_POINT('',(0.0018976356965401,-0.00897472709465859,0.00846));
#11831=CARTESIAN_POINT('',(0.00189416836285601,-0.0114911495585298,0.00846));
#11832=CARTESIAN_POINT('',(0.0263434288104272,-0.00996730061358692,-0.006202));
#11833=CARTESIAN_POINT('',(0.0392378451900564,-0.00996730061358692,-0.006202));
#11834=CARTESIAN_POINT('',(-0.0392419129296642,-0.00986804752901933,-0.006202));
#11835=CARTESIAN_POINT('',(-0.0263475116252195,-0.00988581449486901,-0.006202));
#11836=CARTESIAN_POINT('',(0.0098,0.0134,0.014002));
#11837=CARTESIAN_POINT('',(0.0098,0.0142,0.014002));
#11838=CARTESIAN_POINT('',(2.06271936846816E-5,-0.0114911495585298,-0.006202));
#11839=CARTESIAN_POINT('',(-0.00402583725687685,-0.0114911495585298,-0.006202));
#11840=CARTESIAN_POINT('',(-0.00402583725687685,-0.0114911495585298,-0.00046));
#11841=CARTESIAN_POINT('',(-0.00192583526339052,-0.0114911495585298,-0.00046));
#11842=CARTESIAN_POINT('',(-0.00192583526339052,-0.0114911495585298,-0.00256));
#11843=CARTESIAN_POINT('',(-1.56694064062264E-5,-0.0114911495585298,-0.00256));
#11844=CARTESIAN_POINT('',(0.00189416836285605,-0.0114911495585298,-0.00256));
#11845=CARTESIAN_POINT('',(0.00189416836285605,-0.0114911495585298,-0.00046));
#11846=CARTESIAN_POINT('',(0.00399417035634239,-0.0114911495585298,-0.00046));
#11847=CARTESIAN_POINT('',(0.00399417035634239,-0.0114911495585298,0.000655));
#11848=CARTESIAN_POINT('',(-0.00192566759328466,-0.0113694627353547,-0.00046));
#11849=CARTESIAN_POINT('',(-0.00192566759328466,-0.0113694627353547,-0.00256));
#11850=CARTESIAN_POINT('',(-0.00192484086475817,-0.0107694633049217,-0.00256));
#11851=CARTESIAN_POINT('',(-0.00402566559980022,-0.011366569185512,-0.00046));
#11852=CARTESIAN_POINT('',(-0.00402483887127373,-0.010766569755079,-0.00046));
#11853=CARTESIAN_POINT('',(-0.00192484086475817,-0.0107694633049217,-0.00046));
#11854=CARTESIAN_POINT('',(-1.56694064062264E-5,-0.0113720944878307,-0.00256));
#11855=CARTESIAN_POINT('',(0.00189432878047221,-0.0113747262403067,-0.00256));
#11856=CARTESIAN_POINT('',(0.0018951555089987,-0.0107747268098737,-0.00256));
#11857=CARTESIAN_POINT('',(-1.48426778797415E-5,-0.0107720950573977,-0.00256));
#11858=CARTESIAN_POINT('',(0.00189432878047221,-0.0113747262403067,-0.00046));
#11859=CARTESIAN_POINT('',(0.00399432678698776,-0.0113776197901494,-0.00046));
#11860=CARTESIAN_POINT('',(0.00399515351551425,-0.0107776203597164,-0.00046));
#11861=CARTESIAN_POINT('',(0.0018951555089987,-0.0107747268098737,-0.00046));
#11862=CARTESIAN_POINT('',(0.00399432678698776,-0.0113776197901494,0.000655));
#11863=CARTESIAN_POINT('',(0.00399515351551425,-0.0107776203597164,0.000655));
#11864=CARTESIAN_POINT('',(0.00399515351551425,-0.0107776203597164,0.00177417392568986));
#11865=CARTESIAN_POINT('',(0.00399515351551425,-0.0107776203597164,0.00177417392568986));
#11866=CARTESIAN_POINT('',(-0.00402566559980022,-0.011366569185512,-0.006202));
#11867=CARTESIAN_POINT('',(-0.00402483887127373,-0.010766569755079,0.00177417392568986));
#11868=CARTESIAN_POINT('',(-0.00402483887127373,-0.010766569755079,0.00177417392568986));
#11869=CARTESIAN_POINT('',(-0.00402483887127373,-0.010766569755079,-0.006202));
#11870=CARTESIAN_POINT('',(-1.81495900237364E-5,-0.0131720913552137,0.0002));
#11871=CARTESIAN_POINT('',(0.00344515403761729,-0.0107768625252337,0.00177417392568986));
#11872=CARTESIAN_POINT('',(0.00344515403761729,-0.0107768625252337,0.00177417392568986));
#11873=CARTESIAN_POINT('',(0.00344515403761729,-0.0107768625252337,0.00177417392568986));
#11874=CARTESIAN_POINT('',(0.00344515403761729,-0.0107768625252337,0.00177417392568986));
#11875=CARTESIAN_POINT('',(-1.4842677879739E-5,-0.0107720950573977,-0.000395));
#11876=CARTESIAN_POINT('',(0.0221650753950095,-0.0114576595796211,-0.006202));
#11877=CARTESIAN_POINT('',(-0.0221640332049759,-0.0113966189996404,-0.006202));
#11878=CARTESIAN_POINT('',(-0.0209,0.000610028045739637,0.0068));
#11879=CARTESIAN_POINT('',(-0.0209,0.00433502804573964,0.0003));
#11880=CARTESIAN_POINT('',(-0.0209,-0.00436497195426036,-0.00095));
#11881=CARTESIAN_POINT('',(-0.0351,0.000610028045739637,0.0068));
#11882=CARTESIAN_POINT('',(-0.0351,-0.00436497195426036,-0.00095));
#11883=CARTESIAN_POINT('',(0.0287,0.00193431697169553,-0.0022));
#11884=CARTESIAN_POINT('',(0.0406,-0.00601568302830446,-0.0022));
#11885=CARTESIAN_POINT('',(0.0411,-0.00601568302830446,-0.0022));
#11886=CARTESIAN_POINT('',(0.0411,0.000934316971695538,-0.0022));
#11887=CARTESIAN_POINT('',(0.0287,0.00463431697169554,-0.0022));
#11888=CARTESIAN_POINT('',(0.02,0.000934316971695538,-0.0022));
#11889=CARTESIAN_POINT('',(0.0318,0.000934316971695538,-0.0022));
#11890=CARTESIAN_POINT('',(0.0318,-0.00601568302830446,-0.0022));
#11891=CARTESIAN_POINT('',(0.0323,-0.00601568302830446,-0.0022));
#11892=CARTESIAN_POINT('',(0.0328,-0.00601568302830446,-0.0022));
#11893=CARTESIAN_POINT('',(0.0328,0.000934316971695538,-0.0022));
#11894=CARTESIAN_POINT('',(0.0328,-0.00201568302830446,-0.0022));
#11895=CARTESIAN_POINT('',(0.0287,-0.00201568302830446,-0.0022));
#11896=CARTESIAN_POINT('',(0.0356,-0.00601568302830446,-0.0022));
#11897=CARTESIAN_POINT('',(0.0287,0.00588431697169554,-0.00095));
#11898=CARTESIAN_POINT('',(0.0287,-0.00201568302830446,0.000300000000000137));
#11899=CARTESIAN_POINT('',(0.0328,-0.00201568302830446,0.000300000000000137));
#11900=CARTESIAN_POINT('',(0.0328,-0.00451568302830446,0.0003));
#11901=CARTESIAN_POINT('',(0.0287,-0.00451568302830446,0.0003));
#11902=CARTESIAN_POINT('',(0.0287,-0.00451568302830446,0.00444267855356786));
#11903=CARTESIAN_POINT('',(0.0328,-0.00451568302830446,0.00444267855356786));
#11904=CARTESIAN_POINT('',(0.02,0.00750931697169554,-0.0007));
#11905=CARTESIAN_POINT('',(0.02,-0.00601568302830446,-0.0007));
#11906=CARTESIAN_POINT('',(0.0379,-0.00601568302830446,-0.0007));
#11907=CARTESIAN_POINT('',(0.040102,-0.00601568302830446,-0.0007));
#11908=CARTESIAN_POINT('',(0.0328,-0.00601568302830446,0.0188));
#11909=CARTESIAN_POINT('',(0.0318,-0.00601568302830446,0.0188));
#11910=CARTESIAN_POINT('',(0.0411,-0.00601568302830446,0.0058));
#11911=CARTESIAN_POINT('',(0.0411,-0.00601568302830446,0.0058));
#11912=CARTESIAN_POINT('',(0.0411,-0.00601568302830446,0.0188));
#11913=CARTESIAN_POINT('',(0.0411,0.000934316971695538,0.0068));
#11914=CARTESIAN_POINT('',(0.0411,0.00511002804573964,0.003));
#11915=CARTESIAN_POINT('',(0.0411,0.00511002804573964,0.0023));
#11916=CARTESIAN_POINT('',(0.0411,-0.00388997195426037,0.003));
#11917=CARTESIAN_POINT('',(0.0411,-0.00388997195426037,0.0023));
#11918=CARTESIAN_POINT('',(0.0411,0.000610028045739637,0.003));
#11919=CARTESIAN_POINT('',(0.0411,0.000610028045739637,0.0009));
#11920=CARTESIAN_POINT('',(0.0411,0.000934316971695538,0.0078));
#11921=CARTESIAN_POINT('',(0.0411,0.00588431697169554,0.0078));
#11922=CARTESIAN_POINT('',(0.0411,-0.00401568302830446,0.0078));
#11923=CARTESIAN_POINT('',(0.0411,0.00588431697169554,0.0058));
#11924=CARTESIAN_POINT('',(0.0411,-0.00401568302830446,0.0058));
#11925=CARTESIAN_POINT('',(0.0159632045517855,0.00789657132382168,0.015490652897105));
#11926=CARTESIAN_POINT('',(-0.0244178688079336,0.0741683840113337,-0.0098690487361389));
#11927=CARTESIAN_POINT('',(-0.011,0.055,-0.00373015098511788));
#11928=CARTESIAN_POINT('',(-0.00167858237797611,0.055,-0.0101449257681736));
#11929=CARTESIAN_POINT('',(-0.018,0.065,-0.008));
#11930=CARTESIAN_POINT('',(-0.011,0.055,-0.008));
#11931=CARTESIAN_POINT('',(-0.0055,0.055,-0.008));
#11932=CARTESIAN_POINT('',(-0.00029999999999999,0.0134,0.0078));
#11933=CARTESIAN_POINT('',(-0.000299999999999989,0.01191,0.0078));
#11934=CARTESIAN_POINT('',(-0.000299999999999989,0.01189,0.0078));
#11935=CARTESIAN_POINT('',(0.0067,0.0275,0.012));
#11936=CARTESIAN_POINT('',(-0.00181,0.01191,0.014002));
#11937=CARTESIAN_POINT('',(-0.00181,0.01191,0.0078));
#11938=CARTESIAN_POINT('',(-0.000299999999999989,0.01191,0.0078));
#11939=CARTESIAN_POINT('',(-0.000299999999999989,0.01191,0.00931));
#11940=CARTESIAN_POINT('',(0.0012,0.01191,0.00931));
#11941=CARTESIAN_POINT('',(-0.00181,0.01189,0.014002));
#11942=CARTESIAN_POINT('',(-0.00181,0.01189,0.0078));
#11943=CARTESIAN_POINT('',(-0.000299999999999989,0.01189,0.0078));
#11944=CARTESIAN_POINT('',(-0.000299999999999989,0.01189,0.00931));
#11945=CARTESIAN_POINT('',(0.0012,0.01189,0.00931));
#11946=CARTESIAN_POINT('',(0.0245662033440284,0.0606463463378882,-0.0065));
#11947=CARTESIAN_POINT('',(0.0245662033440284,0.0636463463378882,-0.0065));
#11948=CARTESIAN_POINT('',(0.0245662033440284,0.0636463463378882,-0.0065));
#11949=CARTESIAN_POINT('',(0.0245662033440284,0.0606463463378882,-0.0065));
#11950=CARTESIAN_POINT('',(0.0245662033440284,0.0596463463378882,-0.0065));
#11951=CARTESIAN_POINT('',(0.0245662033440284,0.0596463463378882,-0.0065));
#11952=CARTESIAN_POINT('',(0.0265662033440284,0.0636463463378882,-0.0065));
#11953=CARTESIAN_POINT('',(0.0285662033440284,0.0636463463378882,-0.0065));
#11954=CARTESIAN_POINT('',(0.0285662033440284,0.0636463463378882,-0.0065));
#11955=CARTESIAN_POINT('',(0.0265662033440284,0.0636463463378882,-0.0065));
#11956=CARTESIAN_POINT('',(0.0285662033440284,0.0606463463378882,-0.0065));
#11957=CARTESIAN_POINT('',(0.0285662033440284,0.0596463463378882,-0.0065));
#11958=CARTESIAN_POINT('',(0.0285662033440284,0.0596463463378882,-0.0065));
#11959=CARTESIAN_POINT('',(0.0285662033440284,0.0606463463378882,-0.0065));
#11960=CARTESIAN_POINT('',(0.0265662033440284,0.0596463463378882,-0.0065));
#11961=CARTESIAN_POINT('',(0.0265662033440284,0.0596463463378882,-0.0065));
#11962=CARTESIAN_POINT('',(6.93889390390723E-18,0.0305885170215877,-0.0065));
#11963=CARTESIAN_POINT('',(-0.0265662033440284,0.0596463463378882,-0.0065));
#11964=CARTESIAN_POINT('',(-0.0285662033440284,0.0596463463378882,-0.0065));
#11965=CARTESIAN_POINT('',(-0.0285662033440284,0.0596463463378882,-0.0065));
#11966=CARTESIAN_POINT('',(-0.0265662033440284,0.0596463463378882,-0.0065));
#11967=CARTESIAN_POINT('',(-0.0245662033440284,0.0596463463378882,-0.0065));
#11968=CARTESIAN_POINT('',(-0.0245662033440284,0.0596463463378882,-0.0065));
#11969=CARTESIAN_POINT('',(-0.0285662033440284,0.0626463463378882,-0.0065));
#11970=CARTESIAN_POINT('',(-0.0285662033440284,0.0636463463378882,-0.0065));
#11971=CARTESIAN_POINT('',(-0.0285662033440284,0.0636463463378882,-0.0065));
#11972=CARTESIAN_POINT('',(-0.0285662033440284,0.0626463463378882,-0.0065));
#11973=CARTESIAN_POINT('',(-0.0265662033440284,0.0636463463378882,-0.0065));
#11974=CARTESIAN_POINT('',(-0.0245662033440284,0.0636463463378882,-0.0065));
#11975=CARTESIAN_POINT('',(-0.0245662033440284,0.0636463463378882,-0.0065));
#11976=CARTESIAN_POINT('',(-0.0265662033440284,0.0636463463378882,-0.0065));
#11977=CARTESIAN_POINT('',(-0.0245662033440284,0.0626463463378882,-0.0065));
#11978=CARTESIAN_POINT('',(-0.0245662033440284,0.0626463463378882,-0.0065));
#11979=CARTESIAN_POINT('',(6.93889390390723E-18,0.0305885170215877,-0.0065));
#11980=CARTESIAN_POINT('',(0.0255,0.0409,0.000405232436277655));
#11981=CARTESIAN_POINT('',(0.0255,0.0409,0.000405232436277655));
#11982=CARTESIAN_POINT('',(0.0255,0.0409,0.00180523243627765));
#11983=CARTESIAN_POINT('',(0.0255,0.0434988364697002,0.0039));
#11984=CARTESIAN_POINT('',(0.0255,0.0471,-0.00089476756372235));
#11985=CARTESIAN_POINT('',(0.0255,0.0471,-0.00089476756372235));
#11986=CARTESIAN_POINT('',(0.0255,0.0471,0.00050523243627765));
#11987=CARTESIAN_POINT('',(0.0255,0.0434988364697002,0.0039));
#11988=CARTESIAN_POINT('',(-0.0215,0.0409,0.000405232436277655));
#11989=CARTESIAN_POINT('',(-0.0215,0.0409,0.000405232436277655));
#11990=CARTESIAN_POINT('',(-0.0215,0.0409,0.00180523243627765));
#11991=CARTESIAN_POINT('',(-0.0215,0.0434988364697002,0.0039));
#11992=CARTESIAN_POINT('',(-0.0215,0.0471,-0.00089476756372235));
#11993=CARTESIAN_POINT('',(-0.0215,0.0471,-0.00089476756372235));
#11994=CARTESIAN_POINT('',(-0.0215,0.0471,0.00050523243627765));
#11995=CARTESIAN_POINT('',(-0.0215,0.0434988364697002,0.0039));
#11996=CARTESIAN_POINT('',(1.51951272112008E-5,0.0110278856722513,0.005));
#11997=CARTESIAN_POINT('',(-0.0329,0.000610028045739637,0.0188));
#11998=CARTESIAN_POINT('',(-0.0329,-0.00436497195426036,-0.00095));
#11999=CARTESIAN_POINT('',(-0.0319,0.000610028045739637,0.0188));
#12000=CARTESIAN_POINT('',(-0.0319,-0.00436497195426036,-0.00095));
#12001=CARTESIAN_POINT('',(0.0328,0.000934316971695538,0.0188));
#12002=CARTESIAN_POINT('',(0.0318,0.000934316971695538,0.0188));
#12003=CARTESIAN_POINT('',(-0.0459,0.00433502804573964,0.0003));
#12004=CARTESIAN_POINT('',(-0.0459,0.00433502804573964,0.0003));
#12005=CARTESIAN_POINT('',(6.93889390390723E-18,0.0118343169716955,0.0068));
#12006=CARTESIAN_POINT('',(0.000821300252718847,-0.0379232725096012,0.0093));
#12007=CARTESIAN_POINT('',(0.000848016857015049,-0.0379233093219343,0.0093));
#12008=CARTESIAN_POINT('',(0.00169629942210033,-0.037924478155369,0.0093));
#12009=CARTESIAN_POINT('',(0.000848016857015049,-0.0379233093219343,0.00852812437027638));
#12010=CARTESIAN_POINT('',(0.000848016857015049,-0.0379233093219343,0.00775624874055277));
#12011=CARTESIAN_POINT('',(-5.3698916662645E-5,-0.0379220668638334,0.005));
#12012=CARTESIAN_POINT('',(0.00169390483493351,-0.03792447485591,0.00731427641585469));
#12013=CARTESIAN_POINT('',(0.00219510165387776,-0.0379251654460783,0.00731427641585469));
#12014=CARTESIAN_POINT('',(0.00269629847282202,-0.0379258560362465,0.00731427641585469));
#12015=CARTESIAN_POINT('',(0.00269629847282202,-0.0379258560362465,0.004));
#12016=CARTESIAN_POINT('',(0.00269629847282202,-0.0379258560362465,0.0083));
#12017=CARTESIAN_POINT('',(0.00169629942210033,-0.037924478155369,0.0083));
#12018=CARTESIAN_POINT('',(-0.0018036972554256,-0.0379196555722979,0.0083));
#12019=CARTESIAN_POINT('',(-0.00280369630614729,-0.0379182776914204,0.0083));
#12020=CARTESIAN_POINT('',(-0.0018036972554256,-0.0379196555722979,0.0093));
#12021=CARTESIAN_POINT('',(-0.0028036963061473,-0.0379182776914204,0.004));
#12022=CARTESIAN_POINT('',(-0.00280369630614729,-0.0379182776914204,0.00731427641585469));
#12023=CARTESIAN_POINT('',(-0.00230249948720304,-0.0379189682815886,0.00731427641585469));
#12024=CARTESIAN_POINT('',(-0.00180130266825878,-0.0379196588717568,0.00731427641585469));
#12025=CARTESIAN_POINT('',(-5.36989166626395E-5,-0.0379220668638334,0.005));
#12026=CARTESIAN_POINT('',(-0.000965505974056119,-0.0379208105011324,0.00775292686274812));
#12027=CARTESIAN_POINT('',(-0.000965505974056119,-0.0379208105011324,0.00852646343137406));
#12028=CARTESIAN_POINT('',(-0.00096550597405612,-0.0379208105011324,0.0093));
#12029=CARTESIAN_POINT('',(0.000821300252718847,-0.0379232725096012,0.0093));
#12030=CARTESIAN_POINT('',(-0.0411,0.000610028045739637,-0.008002));
#12031=CARTESIAN_POINT('',(-0.0411,0.00511002804573964,0.003));
#12032=CARTESIAN_POINT('',(-0.0411,0.00511002804573964,0.0023));
#12033=CARTESIAN_POINT('',(-0.0411,-0.00388997195426037,0.003));
#12034=CARTESIAN_POINT('',(-0.0411,-0.00388997195426037,0.0023));
#12035=CARTESIAN_POINT('',(-0.0411,0.000610028045739637,0.003));
#12036=CARTESIAN_POINT('',(-0.0411,0.000610028045739637,0.0009));
#12037=CARTESIAN_POINT('',(-0.0411,0.000610028045739637,0.0078));
#12038=CARTESIAN_POINT('',(-0.0411,-0.00436497195426036,0.0078));
#12039=CARTESIAN_POINT('',(-0.0411,0.00558502804573964,0.0078));
#12040=CARTESIAN_POINT('',(-0.0411,-0.00436497195426036,0.0058));
#12041=CARTESIAN_POINT('',(-0.0411,0.00558502804573964,0.0058));
#12042=CARTESIAN_POINT('',(-0.04205,0.000610028045739638,0.0078));
#12043=CARTESIAN_POINT('',(-0.0411,-0.00436497195426036,0.0078));
#12044=CARTESIAN_POINT('',(-0.04205,0.00558502804573964,0.0078));
#12045=CARTESIAN_POINT('',(-0.04205,-0.00436497195426036,0.0058));
#12046=CARTESIAN_POINT('',(-0.03795,0.00558502804573964,0.0058));
#12047=CARTESIAN_POINT('',(-0.031902,-0.00436497195426036,-0.00095));
#12048=CARTESIAN_POINT('',(-0.035102,-0.00436497195426036,-0.00095));
#12049=CARTESIAN_POINT('',(-0.040102,-0.00436497195426036,-0.00095));
#12050=CARTESIAN_POINT('',(-0.040102,-0.00461497195426036,-0.0007));
#12051=CARTESIAN_POINT('',(0.0315,0.000934316971695538,0.0078));
#12052=CARTESIAN_POINT('',(0.0411,0.00588431697169554,0.0078));
#12053=CARTESIAN_POINT('',(0.043,-0.00401568302830446,0.0078));
#12054=CARTESIAN_POINT('',(0.0375,0.00588431697169554,0.0058));
#12055=CARTESIAN_POINT('',(0.0315,-0.00401568302830446,0.0058));
#12056=CARTESIAN_POINT('',(0.0449,0.000610028045739637,0.003));
#12057=CARTESIAN_POINT('',(0.0449,0.000610028045739637,0.003));
#12058=CARTESIAN_POINT('',(0.0452,-0.00388997195426037,0.003));
#12059=CARTESIAN_POINT('',(0.0452,0.00511002804573964,0.003));
#12060=CARTESIAN_POINT('',(0.0452,-0.00388997195426037,0.003));
#12061=CARTESIAN_POINT('',(0.0452,0.00511002804573964,0.003));
#12062=CARTESIAN_POINT('',(0.,0.0362,-0.0047));
#12063=CARTESIAN_POINT('',(0.0363317510370914,0.0362,-0.0047));
#12064=CARTESIAN_POINT('',(0.0363317510370914,0.0312,-0.0047));
#12065=CARTESIAN_POINT('',(0.0402360950843065,0.0343234752377721,-0.0047));
#12066=CARTESIAN_POINT('',(0.0425944361430026,0.0313755489144021,-0.0047));
#12067=CARTESIAN_POINT('',(0.0454536410690418,0.027801542756853,-0.0047));
#12068=CARTESIAN_POINT('',(0.0431110346407127,0.0259274576141897,-0.0062));
#12069=CARTESIAN_POINT('',(0.0459034080487348,0.0248308032702093,-0.0047));
#12070=CARTESIAN_POINT('',(0.0479976881047514,0.024008312512224,-0.0062));
#12071=CARTESIAN_POINT('',(0.0479792773127247,0.021758387837321,-0.0047));
#12072=CARTESIAN_POINT('',(0.0479547295900225,0.0187584882707838,-0.0062));
#12073=CARTESIAN_POINT('',(0.0505833773160525,0.0202042445201003,-0.0047));
#12074=CARTESIAN_POINT('',(0.0344405412441694,0.0464422976842932,-0.0062));
#12075=CARTESIAN_POINT('',(0.,0.0362,-0.0047));
#12076=CARTESIAN_POINT('',(-0.0363317510370914,0.0347,-0.0062));
#12077=CARTESIAN_POINT('',(-0.0363317510370914,0.0312,-0.0062));
#12078=CARTESIAN_POINT('',(-0.0390647918701419,0.0333864326664405,-0.0062));
#12079=CARTESIAN_POINT('',(-0.0266914256117648,0.0488531404894119,-0.0062));
#12080=CARTESIAN_POINT('',(-0.0442853227325757,0.0268607690883982,-0.0062));
#12081=CARTESIAN_POINT('',(-0.0431140195184112,0.0259237265170666,-0.0062));
#12082=CARTESIAN_POINT('',(-0.0445093145596627,0.0253731343378093,-0.0062));
#12083=CARTESIAN_POINT('',(-0.0479975521627911,0.0239966538896662,-0.0062));
#12084=CARTESIAN_POINT('',(-0.0479715643043278,0.0202467439399191,-0.0062));
#12085=CARTESIAN_POINT('',(-0.0479611691609425,0.0187467799600203,-0.0062));
#12086=CARTESIAN_POINT('',(-0.0492754930239574,0.0194696580846784,-0.0062));
#12087=CARTESIAN_POINT('',(-0.051422811364382,0.0186780007958646,-0.0047));
#12088=CARTESIAN_POINT('',(-0.040102,0.00721002804573964,-0.0007));
#12089=CARTESIAN_POINT('',(-0.040102,-0.00598997195426036,-0.0007));
#12090=CARTESIAN_POINT('',(0.040102,-0.00526568302830446,-0.000699999999999932));
#12091=CARTESIAN_POINT('',(0.040102,0.00667037517286915,-0.0007));
#12092=CARTESIAN_POINT('',(-0.00158993465261985,-0.000792230783334446,0.));
#12093=CARTESIAN_POINT('',(0.00498074335888275,-0.0139789800001785,0.00275735931288072));
#12094=CARTESIAN_POINT('',(0.00797247322578297,-0.0199831079471411,0.004));
#12095=CARTESIAN_POINT('',(0.00498074335888275,-0.0139789800001785,0.00524264068711929));
#12096=CARTESIAN_POINT('',(-0.00405290512750767,-0.00285746821400193,0.00404896402936268));
#12097=CARTESIAN_POINT('',(0.00673810100354039,-0.0139814014319705,0.007));
#12098=CARTESIAN_POINT('',(-7.70844540207862E-6,-0.00559441546117895,0.0111888415436825));
#12099=CARTESIAN_POINT('',(0.00922338001855526,-0.0139848258536512,0.007));
#12100=CARTESIAN_POINT('',(0.0104387735916115,-0.00740292373548776,0.0104489640293627));
#12101=CARTESIAN_POINT('',(0.0109807376632129,-0.0139872472854433,0.00524264068711928));
#12102=CARTESIAN_POINT('',(0.0143789148298613,-0.00721424005194574,0.));
#12103=CARTESIAN_POINT('',(0.0109807376632129,-0.0139872472854433,0.00275735931288072));
#12104=CARTESIAN_POINT('',(0.00724189441782086,-0.00513577496485449,-0.00724896402936268));
#12105=CARTESIAN_POINT('',(0.00922338001855526,-0.0139848258536512,0.001));
#12106=CARTESIAN_POINT('',(-3.29922659415309E-6,-0.00239441849886953,-0.00478884154368247));
#12107=CARTESIAN_POINT('',(0.00673810100354039,-0.0139814014319705,0.001));
#12108=CARTESIAN_POINT('',(-0.000849790376679429,-0.000599137880984508,
-0.000848964029362679));
#12109=CARTESIAN_POINT('',(0.00158774541823946,-0.0007966092520952,0.));
#12110=CARTESIAN_POINT('',(-0.00501924714833419,-0.0139652011914037,0.00524264068711929));
#12111=CARTESIAN_POINT('',(-0.00802751158576413,-0.0199610618531014,0.004));
#12112=CARTESIAN_POINT('',(-0.00501924714833419,-0.0139652011914037,0.00275735931288072));
#12113=CARTESIAN_POINT('',(0.000848136070239646,-0.000601477423587949,-0.000848964029362667));
#12114=CARTESIAN_POINT('',(-0.00677660479299183,-0.0139627797596116,0.001));
#12115=CARTESIAN_POINT('',(-3.29922659414723E-6,-0.00239441849886952,-0.00478884154368245));
#12116=CARTESIAN_POINT('',(-0.00926188380800671,-0.0139593553379309,0.001));
#12117=CARTESIAN_POINT('',(-0.00725601987833589,-0.00511579854701933,-0.00724896402936268));
#12118=CARTESIAN_POINT('',(-0.0110192414526643,-0.0139569339061388,0.00275735931288072));
#12119=CARTESIAN_POINT('',(-0.0143987409394734,-0.00717458783272157,-2.00867698780943E-17));
#12120=CARTESIAN_POINT('',(-0.0110192414526643,-0.0139569339061388,0.00524264068711929));
#12121=CARTESIAN_POINT('',(-0.0104591346291642,-0.00737412888003675,0.0104489640293627));
#12122=CARTESIAN_POINT('',(-0.0092618838080067,-0.0139593553379309,0.007));
#12123=CARTESIAN_POINT('',(-7.70844540209424E-6,-0.00559441546117895,0.0111888415436825));
#12124=CARTESIAN_POINT('',(-0.00677660479299183,-0.0139627797596116,0.007));
#12125=CARTESIAN_POINT('',(0.00404501524403025,-0.00286862619422123,0.00404896402936269));
#12126=CARTESIAN_POINT('',(-0.056002,0.0006,0.003));
#12127=CARTESIAN_POINT('',(0.0792,0.0006,0.003));
#12128=MECHANICAL_DESIGN_GEOMETRIC_PRESENTATION_REPRESENTATION('',(#7143),
#12129);
#12129=(
GEOMETRIC_REPRESENTATION_CONTEXT(3)
GLOBAL_UNCERTAINTY_ASSIGNED_CONTEXT((#12130))
GLOBAL_UNIT_ASSIGNED_CONTEXT((#12133,#12132,#12131))
REPRESENTATION_CONTEXT('Chassis','TOP_LEVEL_ASSEMBLY_PART')
);
#12130=UNCERTAINTY_MEASURE_WITH_UNIT(LENGTH_MEASURE(2.E-5),#12133,
'DISTANCE_ACCURACY_VALUE','Maximum Tolerance applied to model');
#12131=(
NAMED_UNIT(*)
SI_UNIT($,.STERADIAN.)
SOLID_ANGLE_UNIT()
);
#12132=(
NAMED_UNIT(*)
PLANE_ANGLE_UNIT()
SI_UNIT($,.RADIAN.)
);
#12133=(
LENGTH_UNIT()
NAMED_UNIT(*)
SI_UNIT($,.METRE.)
);
#12134=PRODUCT_DEFINITION_SHAPE('','',#12135);
#12135=PRODUCT_DEFINITION('','',#12137,#12136);
#12136=PRODUCT_DEFINITION_CONTEXT('',#12143,'design');
#12137=PRODUCT_DEFINITION_FORMATION_WITH_SPECIFIED_SOURCE('','',#12139,
 .NOT_KNOWN.);
#12138=PRODUCT_RELATED_PRODUCT_CATEGORY('','',(#12139));
#12139=PRODUCT('Chassis','Chassis','Chassis',(#12141));
#12140=PRODUCT_CATEGORY('','');
#12141=PRODUCT_CONTEXT('',#12143,'mechanical');
#12142=APPLICATION_PROTOCOL_DEFINITION('international standard',
'ap242_managed_model_based_3d_engineering',2020,#12143);
#12143=APPLICATION_CONTEXT('managed model based 3d engineering');
ENDSEC;
END-ISO-10303-21;
