ISO-10303-21;
HEADER;
/* Generated by software containing ST-Developer
 * from STEP Tools, Inc. (www.steptools.com) 
 */
/* OPTION: using custom renumber hook */

FILE_DESCRIPTION(
/* description */ ('STEP AP242 Edition 2',
'CAx-IF Rec.Pracs.---Representation and Presentation of Product Manufa
cturing Information (PMI)---4.0---2014-10-13',
'CAx-IF Rec.Pracs.---3D Tessellated Geometry---0.4---2014-09-14','2;1',
'CAx-IF Rec.Pracs.---User Defined Attributes---1.5---2016-08-15'),
/* implementation_level */ '2;1');

FILE_NAME(
/* name */ 
'(Cat-Aclysm) Antweight MK3 (Seperate Weapoon Struts) motor mounts V2 
- Chassis Cover',
/* time_stamp */ '2026-09-09T10:19:04Z',
/* author */ (''),
/* organization */ (''),
/* preprocessor_version */ 'ST-DEVELOPER v20',
/* originating_system */ 'ONSHAPE BY PTC INC, 1.220',
/* authorisation */ '  ');

FILE_SCHEMA (('AP242_MANAGED_MODEL_BASED_3D_ENGINEERING_MIM_LF { 1 0 10303 442 3 1 4 }'));
ENDSEC;

DATA;
#10=SHAPE_REPRESENTATION_RELATIONSHIP('','',#3800,#11);
#11=ADVANCED_BREP_SHAPE_REPRESENTATION('',(#3798),#6310);
#12=CONICAL_SURFACE('',#3978,0.003,0.785398163397449);
#13=CONICAL_SURFACE('',#3981,0.003,0.785398163397449);
#14=CONICAL_SURFACE('',#3982,0.003,0.785398163397448);
#15=CONICAL_SURFACE('',#3985,0.003,0.785398163397449);
#16=CONICAL_SURFACE('',#3986,0.003,0.785398163397448);
#17=CONICAL_SURFACE('',#3989,0.003,0.785398163397448);
#18=CONICAL_SURFACE('',#3990,0.003,0.785398163397448);
#19=CONICAL_SURFACE('',#3993,0.003,0.785398163397448);
#20=CONICAL_SURFACE('',#4132,0.002075,0.610725964389208);
#21=CONICAL_SURFACE('',#4133,0.002075,0.610725964389208);
#22=CONICAL_SURFACE('',#4134,0.002075,0.610725964389207);
#23=CONICAL_SURFACE('',#4135,0.002075,0.610725964389207);
#24=CYLINDRICAL_SURFACE('',#3908,0.00584101104504388);
#25=CYLINDRICAL_SURFACE('',#3910,0.00592520670753166);
#26=CYLINDRICAL_SURFACE('',#3919,0.003);
#27=CYLINDRICAL_SURFACE('',#3921,0.003);
#28=CYLINDRICAL_SURFACE('',#3930,0.003);
#29=CYLINDRICAL_SURFACE('',#3931,0.003);
#30=CYLINDRICAL_SURFACE('',#3932,0.003);
#31=CYLINDRICAL_SURFACE('',#3933,0.003);
#32=CYLINDRICAL_SURFACE('',#3934,0.003);
#33=CYLINDRICAL_SURFACE('',#3935,0.003);
#34=CYLINDRICAL_SURFACE('',#3936,0.001375);
#35=CYLINDRICAL_SURFACE('',#3938,0.001375);
#36=CYLINDRICAL_SURFACE('',#3940,0.001375);
#37=CYLINDRICAL_SURFACE('',#3942,0.001375);
#38=CYLINDRICAL_SURFACE('',#3950,0.002);
#39=CYLINDRICAL_SURFACE('',#3951,0.002);
#40=CYLINDRICAL_SURFACE('',#3952,0.002);
#41=CYLINDRICAL_SURFACE('',#3953,0.002);
#42=CYLINDRICAL_SURFACE('',#3954,0.002);
#43=CYLINDRICAL_SURFACE('',#3955,0.002);
#44=CYLINDRICAL_SURFACE('',#3956,0.002);
#45=CYLINDRICAL_SURFACE('',#3957,0.002);
#46=CYLINDRICAL_SURFACE('',#3958,0.002);
#47=CYLINDRICAL_SURFACE('',#3961,0.002);
#48=CYLINDRICAL_SURFACE('',#3963,0.002);
#49=CYLINDRICAL_SURFACE('',#3966,0.002);
#50=CYLINDRICAL_SURFACE('',#3968,0.002);
#51=CYLINDRICAL_SURFACE('',#3971,0.002);
#52=CYLINDRICAL_SURFACE('',#3973,0.002);
#53=CYLINDRICAL_SURFACE('',#3976,0.002);
#54=CYLINDRICAL_SURFACE('',#3997,0.001);
#55=CYLINDRICAL_SURFACE('',#3998,0.001);
#56=CYLINDRICAL_SURFACE('',#3999,0.001);
#57=CYLINDRICAL_SURFACE('',#4000,0.001);
#58=CYLINDRICAL_SURFACE('',#4001,0.001);
#59=CYLINDRICAL_SURFACE('',#4005,0.00201876933217321);
#60=CYLINDRICAL_SURFACE('',#4007,0.00191678499305983);
#61=CYLINDRICAL_SURFACE('',#4012,0.00427588051929415);
#62=CYLINDRICAL_SURFACE('',#4014,0.00439724084355715);
#63=CYLINDRICAL_SURFACE('',#4028,0.001861990890694);
#64=CYLINDRICAL_SURFACE('',#4030,0.00190484046461886);
#65=CYLINDRICAL_SURFACE('',#4045,0.00186199089069399);
#66=CYLINDRICAL_SURFACE('',#4047,0.00190484046461886);
#67=CYLINDRICAL_SURFACE('',#4055,0.00201876933217322);
#68=CYLINDRICAL_SURFACE('',#4057,0.00191678499305983);
#69=CYLINDRICAL_SURFACE('',#4062,0.00427588051929416);
#70=CYLINDRICAL_SURFACE('',#4064,0.00439724084355715);
#71=CYLINDRICAL_SURFACE('',#4069,0.00144478673702011);
#72=CYLINDRICAL_SURFACE('',#4071,0.00147718180857828);
#73=CYLINDRICAL_SURFACE('',#4075,0.00148989490352289);
#74=CYLINDRICAL_SURFACE('',#4077,0.00141991386076777);
#75=CYLINDRICAL_SURFACE('',#4083,0.00144783256764057);
#76=CYLINDRICAL_SURFACE('',#4085,0.00146651750317138);
#77=CYLINDRICAL_SURFACE('',#4092,0.00255968478673587);
#78=CYLINDRICAL_SURFACE('',#4094,0.00245860801054218);
#79=CYLINDRICAL_SURFACE('',#4097,0.000581437674596982);
#80=CYLINDRICAL_SURFACE('',#4099,0.000580612296234538);
#81=CYLINDRICAL_SURFACE('',#4104,0.00266478854853556);
#82=CYLINDRICAL_SURFACE('',#4106,0.00255693122290182);
#83=CYLINDRICAL_SURFACE('',#4109,0.000576270036092314);
#84=CYLINDRICAL_SURFACE('',#4111,0.000558808643759639);
#85=CIRCLE('',#3804,0.002075);
#86=CIRCLE('',#3805,0.002075);
#87=CIRCLE('',#3806,0.002075);
#88=CIRCLE('',#3807,0.002075);
#89=CIRCLE('',#3808,0.000558808643759639);
#90=CIRCLE('',#3809,0.000576270036092314);
#91=CIRCLE('',#3810,0.00255693122290182);
#92=CIRCLE('',#3811,0.00266478854853556);
#93=CIRCLE('',#3812,0.000580612296234538);
#94=CIRCLE('',#3813,0.000581437674596982);
#95=CIRCLE('',#3814,0.00245860801054218);
#96=CIRCLE('',#3815,0.00255968478673587);
#97=CIRCLE('',#3816,0.00146651750317138);
#98=CIRCLE('',#3817,0.00144783256764057);
#99=CIRCLE('',#3818,0.00141991386076777);
#100=CIRCLE('',#3819,0.00148989490352289);
#101=CIRCLE('',#3820,0.00147718180857828);
#102=CIRCLE('',#3821,0.00144478673702011);
#103=CIRCLE('',#3822,0.00439724084355715);
#104=CIRCLE('',#3823,0.00427588051929416);
#105=CIRCLE('',#3824,0.00191678499305983);
#106=CIRCLE('',#3825,0.00201876933217322);
#107=CIRCLE('',#3826,0.00190484046461886);
#108=CIRCLE('',#3827,0.00186199089069399);
#109=CIRCLE('',#3828,0.00190484046461886);
#110=CIRCLE('',#3829,0.001861990890694);
#111=CIRCLE('',#3830,0.00439724084355715);
#112=CIRCLE('',#3831,0.00427588051929415);
#113=CIRCLE('',#3832,0.00191678499305983);
#114=CIRCLE('',#3833,0.00201876933217321);
#115=CIRCLE('',#3834,0.001);
#116=CIRCLE('',#3835,0.001);
#117=CIRCLE('',#3836,0.003);
#118=CIRCLE('',#3837,0.003);
#119=CIRCLE('',#3838,0.003);
#120=CIRCLE('',#3839,0.003);
#121=CIRCLE('',#3840,0.003);
#122=CIRCLE('',#3841,0.00584101104504388);
#123=CIRCLE('',#3842,0.002);
#124=CIRCLE('',#3843,0.002);
#125=CIRCLE('',#3844,0.002);
#126=CIRCLE('',#3845,0.002);
#127=CIRCLE('',#3846,0.002);
#128=CIRCLE('',#3847,0.002);
#129=CIRCLE('',#3848,0.002);
#130=CIRCLE('',#3849,0.002);
#131=CIRCLE('',#3850,0.00592520670753166);
#132=CIRCLE('',#3851,0.003);
#133=CIRCLE('',#3852,0.003);
#134=CIRCLE('',#3853,0.003);
#135=CIRCLE('',#3854,0.001);
#136=CIRCLE('',#3855,0.001);
#137=CIRCLE('',#3856,0.001);
#138=CIRCLE('',#3857,0.002);
#139=CIRCLE('',#3858,0.002);
#140=CIRCLE('',#3859,0.002);
#141=CIRCLE('',#3860,0.002);
#142=CIRCLE('',#3861,0.002);
#143=CIRCLE('',#3862,0.002);
#144=CIRCLE('',#3863,0.002);
#145=CIRCLE('',#3864,0.002);
#146=CIRCLE('',#3866,0.001);
#147=CIRCLE('',#3867,0.001);
#148=CIRCLE('',#3868,0.001);
#149=CIRCLE('',#3869,0.001);
#150=CIRCLE('',#3870,0.001);
#151=CIRCLE('',#3871,0.003);
#152=CIRCLE('',#3872,0.003);
#153=CIRCLE('',#3873,0.003);
#154=CIRCLE('',#3874,0.00592520670753166);
#155=CIRCLE('',#3875,0.002);
#156=CIRCLE('',#3876,0.002);
#157=CIRCLE('',#3877,0.002);
#158=CIRCLE('',#3878,0.002);
#159=CIRCLE('',#3879,0.002);
#160=CIRCLE('',#3880,0.002);
#161=CIRCLE('',#3881,0.002);
#162=CIRCLE('',#3882,0.002);
#163=CIRCLE('',#3883,0.00584101104504388);
#164=CIRCLE('',#3884,0.003);
#165=CIRCLE('',#3885,0.003);
#166=CIRCLE('',#3886,0.003);
#167=CIRCLE('',#3887,0.003);
#168=CIRCLE('',#3888,0.003);
#169=CIRCLE('',#3889,0.003);
#170=CIRCLE('',#3890,0.003);
#171=CIRCLE('',#3891,0.003);
#172=CIRCLE('',#3892,0.003);
#173=CIRCLE('',#3893,0.003);
#174=CIRCLE('',#3894,0.003);
#175=CIRCLE('',#3895,0.003);
#176=CIRCLE('',#3896,0.003);
#177=CIRCLE('',#3897,0.001375);
#178=CIRCLE('',#3898,0.001375);
#179=CIRCLE('',#3899,0.001375);
#180=CIRCLE('',#3900,0.001375);
#181=CIRCLE('',#3937,0.001375);
#182=CIRCLE('',#3939,0.001375);
#183=CIRCLE('',#3941,0.001375);
#184=CIRCLE('',#3943,0.001375);
#185=CIRCLE('',#3959,0.002);
#186=CIRCLE('',#3962,0.002);
#187=CIRCLE('',#3964,0.002);
#188=CIRCLE('',#3967,0.002);
#189=CIRCLE('',#3969,0.002);
#190=CIRCLE('',#3972,0.002);
#191=CIRCLE('',#3974,0.002);
#192=CIRCLE('',#3977,0.002);
#193=CIRCLE('',#4006,0.00201876933217321);
#194=CIRCLE('',#4008,0.00191678499305983);
#195=CIRCLE('',#4013,0.00427588051929415);
#196=CIRCLE('',#4015,0.00439724084355715);
#197=CIRCLE('',#4029,0.001861990890694);
#198=CIRCLE('',#4031,0.00190484046461886);
#199=CIRCLE('',#4046,0.00186199089069399);
#200=CIRCLE('',#4048,0.00190484046461886);
#201=CIRCLE('',#4056,0.00201876933217322);
#202=CIRCLE('',#4058,0.00191678499305983);
#203=CIRCLE('',#4063,0.00427588051929416);
#204=CIRCLE('',#4065,0.00439724084355715);
#205=CIRCLE('',#4070,0.00144478673702011);
#206=CIRCLE('',#4072,0.00147718180857828);
#207=CIRCLE('',#4076,0.00148989490352289);
#208=CIRCLE('',#4078,0.00141991386076777);
#209=CIRCLE('',#4084,0.00144783256764057);
#210=CIRCLE('',#4086,0.00146651750317138);
#211=CIRCLE('',#4093,0.00255968478673587);
#212=CIRCLE('',#4095,0.00245860801054218);
#213=CIRCLE('',#4098,0.000581437674596982);
#214=CIRCLE('',#4100,0.000580612296234538);
#215=CIRCLE('',#4105,0.00266478854853556);
#216=CIRCLE('',#4107,0.00255693122290182);
#217=CIRCLE('',#4110,0.000576270036092314);
#218=CIRCLE('',#4112,0.000558808643759639);
#219=ORIENTED_EDGE('',*,*,#1297,.F.);
#220=ORIENTED_EDGE('',*,*,#1298,.T.);
#221=ORIENTED_EDGE('',*,*,#1299,.T.);
#222=ORIENTED_EDGE('',*,*,#1300,.T.);
#223=ORIENTED_EDGE('',*,*,#1301,.T.);
#224=ORIENTED_EDGE('',*,*,#1302,.T.);
#225=ORIENTED_EDGE('',*,*,#1303,.T.);
#226=ORIENTED_EDGE('',*,*,#1304,.T.);
#227=ORIENTED_EDGE('',*,*,#1305,.F.);
#228=ORIENTED_EDGE('',*,*,#1306,.F.);
#229=ORIENTED_EDGE('',*,*,#1307,.F.);
#230=ORIENTED_EDGE('',*,*,#1308,.F.);
#231=ORIENTED_EDGE('',*,*,#1309,.F.);
#232=ORIENTED_EDGE('',*,*,#1310,.F.);
#233=ORIENTED_EDGE('',*,*,#1311,.F.);
#234=ORIENTED_EDGE('',*,*,#1312,.F.);
#235=ORIENTED_EDGE('',*,*,#1313,.F.);
#236=ORIENTED_EDGE('',*,*,#1314,.F.);
#237=ORIENTED_EDGE('',*,*,#1315,.F.);
#238=ORIENTED_EDGE('',*,*,#1316,.F.);
#239=ORIENTED_EDGE('',*,*,#1317,.F.);
#240=ORIENTED_EDGE('',*,*,#1318,.F.);
#241=ORIENTED_EDGE('',*,*,#1319,.F.);
#242=ORIENTED_EDGE('',*,*,#1320,.F.);
#243=ORIENTED_EDGE('',*,*,#1321,.F.);
#244=ORIENTED_EDGE('',*,*,#1322,.F.);
#245=ORIENTED_EDGE('',*,*,#1323,.F.);
#246=ORIENTED_EDGE('',*,*,#1324,.F.);
#247=ORIENTED_EDGE('',*,*,#1325,.F.);
#248=ORIENTED_EDGE('',*,*,#1326,.F.);
#249=ORIENTED_EDGE('',*,*,#1327,.F.);
#250=ORIENTED_EDGE('',*,*,#1328,.F.);
#251=ORIENTED_EDGE('',*,*,#1329,.F.);
#252=ORIENTED_EDGE('',*,*,#1330,.F.);
#253=ORIENTED_EDGE('',*,*,#1331,.F.);
#254=ORIENTED_EDGE('',*,*,#1332,.F.);
#255=ORIENTED_EDGE('',*,*,#1333,.F.);
#256=ORIENTED_EDGE('',*,*,#1334,.F.);
#257=ORIENTED_EDGE('',*,*,#1335,.F.);
#258=ORIENTED_EDGE('',*,*,#1336,.F.);
#259=ORIENTED_EDGE('',*,*,#1337,.F.);
#260=ORIENTED_EDGE('',*,*,#1338,.F.);
#261=ORIENTED_EDGE('',*,*,#1339,.F.);
#262=ORIENTED_EDGE('',*,*,#1340,.F.);
#263=ORIENTED_EDGE('',*,*,#1341,.F.);
#264=ORIENTED_EDGE('',*,*,#1342,.F.);
#265=ORIENTED_EDGE('',*,*,#1343,.F.);
#266=ORIENTED_EDGE('',*,*,#1344,.F.);
#267=ORIENTED_EDGE('',*,*,#1345,.F.);
#268=ORIENTED_EDGE('',*,*,#1346,.F.);
#269=ORIENTED_EDGE('',*,*,#1347,.F.);
#270=ORIENTED_EDGE('',*,*,#1348,.F.);
#271=ORIENTED_EDGE('',*,*,#1349,.F.);
#272=ORIENTED_EDGE('',*,*,#1350,.F.);
#273=ORIENTED_EDGE('',*,*,#1351,.F.);
#274=ORIENTED_EDGE('',*,*,#1352,.F.);
#275=ORIENTED_EDGE('',*,*,#1353,.F.);
#276=ORIENTED_EDGE('',*,*,#1354,.F.);
#277=ORIENTED_EDGE('',*,*,#1355,.F.);
#278=ORIENTED_EDGE('',*,*,#1356,.F.);
#279=ORIENTED_EDGE('',*,*,#1357,.F.);
#280=ORIENTED_EDGE('',*,*,#1358,.F.);
#281=ORIENTED_EDGE('',*,*,#1359,.F.);
#282=ORIENTED_EDGE('',*,*,#1360,.F.);
#283=ORIENTED_EDGE('',*,*,#1361,.F.);
#284=ORIENTED_EDGE('',*,*,#1362,.F.);
#285=ORIENTED_EDGE('',*,*,#1363,.F.);
#286=ORIENTED_EDGE('',*,*,#1364,.F.);
#287=ORIENTED_EDGE('',*,*,#1365,.F.);
#288=ORIENTED_EDGE('',*,*,#1366,.F.);
#289=ORIENTED_EDGE('',*,*,#1367,.F.);
#290=ORIENTED_EDGE('',*,*,#1368,.F.);
#291=ORIENTED_EDGE('',*,*,#1369,.F.);
#292=ORIENTED_EDGE('',*,*,#1370,.F.);
#293=ORIENTED_EDGE('',*,*,#1371,.F.);
#294=ORIENTED_EDGE('',*,*,#1372,.F.);
#295=ORIENTED_EDGE('',*,*,#1373,.F.);
#296=ORIENTED_EDGE('',*,*,#1374,.F.);
#297=ORIENTED_EDGE('',*,*,#1375,.F.);
#298=ORIENTED_EDGE('',*,*,#1376,.F.);
#299=ORIENTED_EDGE('',*,*,#1377,.F.);
#300=ORIENTED_EDGE('',*,*,#1378,.F.);
#301=ORIENTED_EDGE('',*,*,#1379,.F.);
#302=ORIENTED_EDGE('',*,*,#1380,.F.);
#303=ORIENTED_EDGE('',*,*,#1381,.F.);
#304=ORIENTED_EDGE('',*,*,#1382,.F.);
#305=ORIENTED_EDGE('',*,*,#1383,.F.);
#306=ORIENTED_EDGE('',*,*,#1384,.F.);
#307=ORIENTED_EDGE('',*,*,#1385,.F.);
#308=ORIENTED_EDGE('',*,*,#1386,.F.);
#309=ORIENTED_EDGE('',*,*,#1387,.F.);
#310=ORIENTED_EDGE('',*,*,#1388,.F.);
#311=ORIENTED_EDGE('',*,*,#1389,.F.);
#312=ORIENTED_EDGE('',*,*,#1390,.F.);
#313=ORIENTED_EDGE('',*,*,#1391,.F.);
#314=ORIENTED_EDGE('',*,*,#1392,.F.);
#315=ORIENTED_EDGE('',*,*,#1393,.F.);
#316=ORIENTED_EDGE('',*,*,#1394,.F.);
#317=ORIENTED_EDGE('',*,*,#1395,.F.);
#318=ORIENTED_EDGE('',*,*,#1396,.F.);
#319=ORIENTED_EDGE('',*,*,#1397,.F.);
#320=ORIENTED_EDGE('',*,*,#1398,.F.);
#321=ORIENTED_EDGE('',*,*,#1399,.F.);
#322=ORIENTED_EDGE('',*,*,#1400,.F.);
#323=ORIENTED_EDGE('',*,*,#1401,.T.);
#324=ORIENTED_EDGE('',*,*,#1402,.T.);
#325=ORIENTED_EDGE('',*,*,#1403,.F.);
#326=ORIENTED_EDGE('',*,*,#1404,.F.);
#327=ORIENTED_EDGE('',*,*,#1405,.F.);
#328=ORIENTED_EDGE('',*,*,#1406,.F.);
#329=ORIENTED_EDGE('',*,*,#1407,.F.);
#330=ORIENTED_EDGE('',*,*,#1408,.F.);
#331=ORIENTED_EDGE('',*,*,#1409,.F.);
#332=ORIENTED_EDGE('',*,*,#1410,.T.);
#333=ORIENTED_EDGE('',*,*,#1411,.T.);
#334=ORIENTED_EDGE('',*,*,#1412,.T.);
#335=ORIENTED_EDGE('',*,*,#1413,.T.);
#336=ORIENTED_EDGE('',*,*,#1414,.F.);
#337=ORIENTED_EDGE('',*,*,#1415,.F.);
#338=ORIENTED_EDGE('',*,*,#1416,.T.);
#339=ORIENTED_EDGE('',*,*,#1417,.F.);
#340=ORIENTED_EDGE('',*,*,#1418,.T.);
#341=ORIENTED_EDGE('',*,*,#1419,.T.);
#342=ORIENTED_EDGE('',*,*,#1420,.F.);
#343=ORIENTED_EDGE('',*,*,#1421,.T.);
#344=ORIENTED_EDGE('',*,*,#1422,.T.);
#345=ORIENTED_EDGE('',*,*,#1423,.T.);
#346=ORIENTED_EDGE('',*,*,#1424,.F.);
#347=ORIENTED_EDGE('',*,*,#1425,.T.);
#348=ORIENTED_EDGE('',*,*,#1426,.F.);
#349=ORIENTED_EDGE('',*,*,#1427,.T.);
#350=ORIENTED_EDGE('',*,*,#1428,.F.);
#351=ORIENTED_EDGE('',*,*,#1429,.T.);
#352=ORIENTED_EDGE('',*,*,#1430,.F.);
#353=ORIENTED_EDGE('',*,*,#1431,.T.);
#354=ORIENTED_EDGE('',*,*,#1432,.T.);
#355=ORIENTED_EDGE('',*,*,#1433,.T.);
#356=ORIENTED_EDGE('',*,*,#1434,.F.);
#357=ORIENTED_EDGE('',*,*,#1435,.T.);
#358=ORIENTED_EDGE('',*,*,#1436,.F.);
#359=ORIENTED_EDGE('',*,*,#1437,.T.);
#360=ORIENTED_EDGE('',*,*,#1438,.T.);
#361=ORIENTED_EDGE('',*,*,#1439,.T.);
#362=ORIENTED_EDGE('',*,*,#1440,.T.);
#363=ORIENTED_EDGE('',*,*,#1441,.T.);
#364=ORIENTED_EDGE('',*,*,#1442,.T.);
#365=ORIENTED_EDGE('',*,*,#1443,.T.);
#366=ORIENTED_EDGE('',*,*,#1444,.F.);
#367=ORIENTED_EDGE('',*,*,#1445,.T.);
#368=ORIENTED_EDGE('',*,*,#1446,.F.);
#369=ORIENTED_EDGE('',*,*,#1447,.F.);
#370=ORIENTED_EDGE('',*,*,#1299,.F.);
#371=ORIENTED_EDGE('',*,*,#1448,.T.);
#372=ORIENTED_EDGE('',*,*,#1449,.F.);
#373=ORIENTED_EDGE('',*,*,#1450,.T.);
#374=ORIENTED_EDGE('',*,*,#1451,.F.);
#375=ORIENTED_EDGE('',*,*,#1452,.T.);
#376=ORIENTED_EDGE('',*,*,#1453,.F.);
#377=ORIENTED_EDGE('',*,*,#1454,.F.);
#378=ORIENTED_EDGE('',*,*,#1455,.F.);
#379=ORIENTED_EDGE('',*,*,#1456,.T.);
#380=ORIENTED_EDGE('',*,*,#1457,.F.);
#381=ORIENTED_EDGE('',*,*,#1458,.F.);
#382=ORIENTED_EDGE('',*,*,#1459,.F.);
#383=ORIENTED_EDGE('',*,*,#1460,.F.);
#384=ORIENTED_EDGE('',*,*,#1461,.F.);
#385=ORIENTED_EDGE('',*,*,#1462,.F.);
#386=ORIENTED_EDGE('',*,*,#1463,.F.);
#387=ORIENTED_EDGE('',*,*,#1464,.T.);
#388=ORIENTED_EDGE('',*,*,#1465,.F.);
#389=ORIENTED_EDGE('',*,*,#1466,.F.);
#390=ORIENTED_EDGE('',*,*,#1467,.F.);
#391=ORIENTED_EDGE('',*,*,#1468,.T.);
#392=ORIENTED_EDGE('',*,*,#1469,.T.);
#393=ORIENTED_EDGE('',*,*,#1470,.T.);
#394=ORIENTED_EDGE('',*,*,#1471,.T.);
#395=ORIENTED_EDGE('',*,*,#1472,.T.);
#396=ORIENTED_EDGE('',*,*,#1473,.T.);
#397=ORIENTED_EDGE('',*,*,#1474,.T.);
#398=ORIENTED_EDGE('',*,*,#1475,.T.);
#399=ORIENTED_EDGE('',*,*,#1476,.T.);
#400=ORIENTED_EDGE('',*,*,#1477,.T.);
#401=ORIENTED_EDGE('',*,*,#1297,.T.);
#402=ORIENTED_EDGE('',*,*,#1478,.T.);
#403=ORIENTED_EDGE('',*,*,#1479,.T.);
#404=ORIENTED_EDGE('',*,*,#1480,.T.);
#405=ORIENTED_EDGE('',*,*,#1481,.T.);
#406=ORIENTED_EDGE('',*,*,#1482,.T.);
#407=ORIENTED_EDGE('',*,*,#1483,.F.);
#408=ORIENTED_EDGE('',*,*,#1484,.F.);
#409=ORIENTED_EDGE('',*,*,#1485,.T.);
#410=ORIENTED_EDGE('',*,*,#1486,.F.);
#411=ORIENTED_EDGE('',*,*,#1487,.F.);
#412=ORIENTED_EDGE('',*,*,#1488,.F.);
#413=ORIENTED_EDGE('',*,*,#1489,.T.);
#414=ORIENTED_EDGE('',*,*,#1490,.T.);
#415=ORIENTED_EDGE('',*,*,#1491,.F.);
#416=ORIENTED_EDGE('',*,*,#1492,.T.);
#417=ORIENTED_EDGE('',*,*,#1493,.T.);
#418=ORIENTED_EDGE('',*,*,#1494,.T.);
#419=ORIENTED_EDGE('',*,*,#1495,.F.);
#420=ORIENTED_EDGE('',*,*,#1496,.T.);
#421=ORIENTED_EDGE('',*,*,#1497,.T.);
#422=ORIENTED_EDGE('',*,*,#1498,.T.);
#423=ORIENTED_EDGE('',*,*,#1499,.F.);
#424=ORIENTED_EDGE('',*,*,#1500,.T.);
#425=ORIENTED_EDGE('',*,*,#1501,.F.);
#426=ORIENTED_EDGE('',*,*,#1502,.T.);
#427=ORIENTED_EDGE('',*,*,#1503,.T.);
#428=ORIENTED_EDGE('',*,*,#1504,.T.);
#429=ORIENTED_EDGE('',*,*,#1505,.T.);
#430=ORIENTED_EDGE('',*,*,#1506,.F.);
#431=ORIENTED_EDGE('',*,*,#1507,.F.);
#432=ORIENTED_EDGE('',*,*,#1508,.T.);
#433=ORIENTED_EDGE('',*,*,#1509,.T.);
#434=ORIENTED_EDGE('',*,*,#1510,.T.);
#435=ORIENTED_EDGE('',*,*,#1511,.T.);
#436=ORIENTED_EDGE('',*,*,#1512,.T.);
#437=ORIENTED_EDGE('',*,*,#1513,.F.);
#438=ORIENTED_EDGE('',*,*,#1514,.T.);
#439=ORIENTED_EDGE('',*,*,#1515,.F.);
#440=ORIENTED_EDGE('',*,*,#1516,.T.);
#441=ORIENTED_EDGE('',*,*,#1517,.T.);
#442=ORIENTED_EDGE('',*,*,#1518,.T.);
#443=ORIENTED_EDGE('',*,*,#1519,.T.);
#444=ORIENTED_EDGE('',*,*,#1520,.T.);
#445=ORIENTED_EDGE('',*,*,#1521,.T.);
#446=ORIENTED_EDGE('',*,*,#1522,.T.);
#447=ORIENTED_EDGE('',*,*,#1523,.T.);
#448=ORIENTED_EDGE('',*,*,#1524,.T.);
#449=ORIENTED_EDGE('',*,*,#1525,.T.);
#450=ORIENTED_EDGE('',*,*,#1526,.T.);
#451=ORIENTED_EDGE('',*,*,#1527,.T.);
#452=ORIENTED_EDGE('',*,*,#1528,.T.);
#453=ORIENTED_EDGE('',*,*,#1529,.T.);
#454=ORIENTED_EDGE('',*,*,#1530,.T.);
#455=ORIENTED_EDGE('',*,*,#1531,.T.);
#456=ORIENTED_EDGE('',*,*,#1532,.T.);
#457=ORIENTED_EDGE('',*,*,#1533,.T.);
#458=ORIENTED_EDGE('',*,*,#1534,.T.);
#459=ORIENTED_EDGE('',*,*,#1535,.T.);
#460=ORIENTED_EDGE('',*,*,#1536,.T.);
#461=ORIENTED_EDGE('',*,*,#1537,.T.);
#462=ORIENTED_EDGE('',*,*,#1538,.T.);
#463=ORIENTED_EDGE('',*,*,#1539,.T.);
#464=ORIENTED_EDGE('',*,*,#1540,.T.);
#465=ORIENTED_EDGE('',*,*,#1541,.T.);
#466=ORIENTED_EDGE('',*,*,#1497,.F.);
#467=ORIENTED_EDGE('',*,*,#1542,.T.);
#468=ORIENTED_EDGE('',*,*,#1428,.T.);
#469=ORIENTED_EDGE('',*,*,#1543,.T.);
#470=ORIENTED_EDGE('',*,*,#1436,.T.);
#471=ORIENTED_EDGE('',*,*,#1544,.T.);
#472=ORIENTED_EDGE('',*,*,#1489,.F.);
#473=ORIENTED_EDGE('',*,*,#1545,.F.);
#474=ORIENTED_EDGE('',*,*,#1412,.F.);
#475=ORIENTED_EDGE('',*,*,#1546,.T.);
#476=ORIENTED_EDGE('',*,*,#1513,.T.);
#477=ORIENTED_EDGE('',*,*,#1547,.T.);
#478=ORIENTED_EDGE('',*,*,#1414,.T.);
#479=ORIENTED_EDGE('',*,*,#1548,.T.);
#480=ORIENTED_EDGE('',*,*,#1511,.F.);
#481=ORIENTED_EDGE('',*,*,#1549,.F.);
#482=ORIENTED_EDGE('',*,*,#1510,.F.);
#483=ORIENTED_EDGE('',*,*,#1550,.T.);
#484=ORIENTED_EDGE('',*,*,#1415,.T.);
#485=ORIENTED_EDGE('',*,*,#1549,.T.);
#486=ORIENTED_EDGE('',*,*,#1417,.T.);
#487=ORIENTED_EDGE('',*,*,#1551,.T.);
#488=ORIENTED_EDGE('',*,*,#1508,.F.);
#489=ORIENTED_EDGE('',*,*,#1552,.F.);
#490=ORIENTED_EDGE('',*,*,#1507,.T.);
#491=ORIENTED_EDGE('',*,*,#1553,.F.);
#492=ORIENTED_EDGE('',*,*,#1418,.F.);
#493=ORIENTED_EDGE('',*,*,#1552,.T.);
#494=ORIENTED_EDGE('',*,*,#1506,.T.);
#495=ORIENTED_EDGE('',*,*,#1554,.F.);
#496=ORIENTED_EDGE('',*,*,#1419,.F.);
#497=ORIENTED_EDGE('',*,*,#1553,.T.);
#498=ORIENTED_EDGE('',*,*,#1505,.F.);
#499=ORIENTED_EDGE('',*,*,#1555,.T.);
#500=ORIENTED_EDGE('',*,*,#1420,.T.);
#501=ORIENTED_EDGE('',*,*,#1554,.T.);
#502=ORIENTED_EDGE('',*,*,#1488,.T.);
#503=ORIENTED_EDGE('',*,*,#1556,.F.);
#504=ORIENTED_EDGE('',*,*,#1437,.F.);
#505=ORIENTED_EDGE('',*,*,#1545,.T.);
#506=ORIENTED_EDGE('',*,*,#1487,.T.);
#507=ORIENTED_EDGE('',*,*,#1557,.F.);
#508=ORIENTED_EDGE('',*,*,#1438,.F.);
#509=ORIENTED_EDGE('',*,*,#1556,.T.);
#510=ORIENTED_EDGE('',*,*,#1486,.T.);
#511=ORIENTED_EDGE('',*,*,#1558,.T.);
#512=ORIENTED_EDGE('',*,*,#1439,.F.);
#513=ORIENTED_EDGE('',*,*,#1557,.T.);
#514=ORIENTED_EDGE('',*,*,#1441,.F.);
#515=ORIENTED_EDGE('',*,*,#1559,.T.);
#516=ORIENTED_EDGE('',*,*,#1484,.T.);
#517=ORIENTED_EDGE('',*,*,#1560,.F.);
#518=ORIENTED_EDGE('',*,*,#1483,.T.);
#519=ORIENTED_EDGE('',*,*,#1561,.T.);
#520=ORIENTED_EDGE('',*,*,#1442,.F.);
#521=ORIENTED_EDGE('',*,*,#1560,.T.);
#522=ORIENTED_EDGE('',*,*,#1481,.F.);
#523=ORIENTED_EDGE('',*,*,#1562,.T.);
#524=ORIENTED_EDGE('',*,*,#1444,.T.);
#525=ORIENTED_EDGE('',*,*,#1563,.T.);
#526=ORIENTED_EDGE('',*,*,#1446,.T.);
#527=ORIENTED_EDGE('',*,*,#1564,.T.);
#528=ORIENTED_EDGE('',*,*,#1479,.F.);
#529=ORIENTED_EDGE('',*,*,#1565,.F.);
#530=ORIENTED_EDGE('',*,*,#1478,.F.);
#531=ORIENTED_EDGE('',*,*,#1300,.F.);
#532=ORIENTED_EDGE('',*,*,#1447,.T.);
#533=ORIENTED_EDGE('',*,*,#1565,.T.);
#534=ORIENTED_EDGE('',*,*,#1403,.T.);
#535=ORIENTED_EDGE('',*,*,#1566,.T.);
#536=ORIENTED_EDGE('',*,*,#1469,.F.);
#537=ORIENTED_EDGE('',*,*,#1567,.F.);
#538=ORIENTED_EDGE('',*,*,#1521,.F.);
#539=ORIENTED_EDGE('',*,*,#1568,.F.);
#540=ORIENTED_EDGE('',*,*,#1404,.T.);
#541=ORIENTED_EDGE('',*,*,#1567,.T.);
#542=ORIENTED_EDGE('',*,*,#1520,.F.);
#543=ORIENTED_EDGE('',*,*,#1569,.F.);
#544=ORIENTED_EDGE('',*,*,#1405,.T.);
#545=ORIENTED_EDGE('',*,*,#1568,.T.);
#546=ORIENTED_EDGE('',*,*,#1519,.F.);
#547=ORIENTED_EDGE('',*,*,#1570,.F.);
#548=ORIENTED_EDGE('',*,*,#1406,.T.);
#549=ORIENTED_EDGE('',*,*,#1569,.T.);
#550=ORIENTED_EDGE('',*,*,#1518,.F.);
#551=ORIENTED_EDGE('',*,*,#1571,.F.);
#552=ORIENTED_EDGE('',*,*,#1407,.T.);
#553=ORIENTED_EDGE('',*,*,#1570,.T.);
#554=ORIENTED_EDGE('',*,*,#1517,.F.);
#555=ORIENTED_EDGE('',*,*,#1572,.F.);
#556=ORIENTED_EDGE('',*,*,#1408,.T.);
#557=ORIENTED_EDGE('',*,*,#1571,.T.);
#558=ORIENTED_EDGE('',*,*,#1516,.F.);
#559=ORIENTED_EDGE('',*,*,#1573,.F.);
#560=ORIENTED_EDGE('',*,*,#1409,.T.);
#561=ORIENTED_EDGE('',*,*,#1572,.T.);
#562=ORIENTED_EDGE('',*,*,#1515,.T.);
#563=ORIENTED_EDGE('',*,*,#1574,.T.);
#564=ORIENTED_EDGE('',*,*,#1410,.F.);
#565=ORIENTED_EDGE('',*,*,#1573,.T.);
#566=ORIENTED_EDGE('',*,*,#1575,.F.);
#567=ORIENTED_EDGE('',*,*,#1576,.T.);
#568=ORIENTED_EDGE('',*,*,#1577,.T.);
#569=ORIENTED_EDGE('',*,*,#1462,.T.);
#570=ORIENTED_EDGE('',*,*,#1578,.F.);
#571=ORIENTED_EDGE('',*,*,#1579,.T.);
#572=ORIENTED_EDGE('',*,*,#1580,.T.);
#573=ORIENTED_EDGE('',*,*,#1466,.T.);
#574=ORIENTED_EDGE('',*,*,#1581,.F.);
#575=ORIENTED_EDGE('',*,*,#1582,.T.);
#576=ORIENTED_EDGE('',*,*,#1583,.T.);
#577=ORIENTED_EDGE('',*,*,#1454,.T.);
#578=ORIENTED_EDGE('',*,*,#1584,.F.);
#579=ORIENTED_EDGE('',*,*,#1585,.T.);
#580=ORIENTED_EDGE('',*,*,#1586,.T.);
#581=ORIENTED_EDGE('',*,*,#1458,.T.);
#582=ORIENTED_EDGE('',*,*,#1445,.F.);
#583=ORIENTED_EDGE('',*,*,#1562,.F.);
#584=ORIENTED_EDGE('',*,*,#1480,.F.);
#585=ORIENTED_EDGE('',*,*,#1564,.F.);
#586=ORIENTED_EDGE('',*,*,#1411,.F.);
#587=ORIENTED_EDGE('',*,*,#1574,.F.);
#588=ORIENTED_EDGE('',*,*,#1514,.F.);
#589=ORIENTED_EDGE('',*,*,#1546,.F.);
#590=ORIENTED_EDGE('',*,*,#1416,.F.);
#591=ORIENTED_EDGE('',*,*,#1550,.F.);
#592=ORIENTED_EDGE('',*,*,#1509,.F.);
#593=ORIENTED_EDGE('',*,*,#1551,.F.);
#594=ORIENTED_EDGE('',*,*,#1440,.F.);
#595=ORIENTED_EDGE('',*,*,#1558,.F.);
#596=ORIENTED_EDGE('',*,*,#1485,.F.);
#597=ORIENTED_EDGE('',*,*,#1559,.F.);
#598=ORIENTED_EDGE('',*,*,#1443,.F.);
#599=ORIENTED_EDGE('',*,*,#1561,.F.);
#600=ORIENTED_EDGE('',*,*,#1482,.F.);
#601=ORIENTED_EDGE('',*,*,#1563,.F.);
#602=ORIENTED_EDGE('',*,*,#1413,.F.);
#603=ORIENTED_EDGE('',*,*,#1547,.F.);
#604=ORIENTED_EDGE('',*,*,#1512,.F.);
#605=ORIENTED_EDGE('',*,*,#1548,.F.);
#606=ORIENTED_EDGE('',*,*,#1587,.T.);
#607=ORIENTED_EDGE('',*,*,#1538,.F.);
#608=ORIENTED_EDGE('',*,*,#1588,.T.);
#609=ORIENTED_EDGE('',*,*,#1539,.F.);
#610=ORIENTED_EDGE('',*,*,#1589,.T.);
#611=ORIENTED_EDGE('',*,*,#1540,.F.);
#612=ORIENTED_EDGE('',*,*,#1590,.T.);
#613=ORIENTED_EDGE('',*,*,#1541,.F.);
#614=ORIENTED_EDGE('',*,*,#1495,.T.);
#615=ORIENTED_EDGE('',*,*,#1591,.T.);
#616=ORIENTED_EDGE('',*,*,#1430,.T.);
#617=ORIENTED_EDGE('',*,*,#1592,.T.);
#618=ORIENTED_EDGE('',*,*,#1434,.T.);
#619=ORIENTED_EDGE('',*,*,#1593,.T.);
#620=ORIENTED_EDGE('',*,*,#1491,.T.);
#621=ORIENTED_EDGE('',*,*,#1594,.T.);
#622=ORIENTED_EDGE('',*,*,#1493,.F.);
#623=ORIENTED_EDGE('',*,*,#1595,.T.);
#624=ORIENTED_EDGE('',*,*,#1432,.F.);
#625=ORIENTED_EDGE('',*,*,#1596,.T.);
#626=ORIENTED_EDGE('',*,*,#1501,.T.);
#627=ORIENTED_EDGE('',*,*,#1597,.T.);
#628=ORIENTED_EDGE('',*,*,#1424,.T.);
#629=ORIENTED_EDGE('',*,*,#1598,.T.);
#630=ORIENTED_EDGE('',*,*,#1503,.F.);
#631=ORIENTED_EDGE('',*,*,#1599,.T.);
#632=ORIENTED_EDGE('',*,*,#1422,.F.);
#633=ORIENTED_EDGE('',*,*,#1600,.T.);
#634=ORIENTED_EDGE('',*,*,#1426,.T.);
#635=ORIENTED_EDGE('',*,*,#1601,.T.);
#636=ORIENTED_EDGE('',*,*,#1499,.T.);
#637=ORIENTED_EDGE('',*,*,#1602,.T.);
#638=ORIENTED_EDGE('',*,*,#1429,.F.);
#639=ORIENTED_EDGE('',*,*,#1542,.F.);
#640=ORIENTED_EDGE('',*,*,#1496,.F.);
#641=ORIENTED_EDGE('',*,*,#1592,.F.);
#642=ORIENTED_EDGE('',*,*,#1435,.F.);
#643=ORIENTED_EDGE('',*,*,#1594,.F.);
#644=ORIENTED_EDGE('',*,*,#1490,.F.);
#645=ORIENTED_EDGE('',*,*,#1544,.F.);
#646=ORIENTED_EDGE('',*,*,#1427,.F.);
#647=ORIENTED_EDGE('',*,*,#1602,.F.);
#648=ORIENTED_EDGE('',*,*,#1498,.F.);
#649=ORIENTED_EDGE('',*,*,#1543,.F.);
#650=ORIENTED_EDGE('',*,*,#1421,.F.);
#651=ORIENTED_EDGE('',*,*,#1555,.F.);
#652=ORIENTED_EDGE('',*,*,#1504,.F.);
#653=ORIENTED_EDGE('',*,*,#1600,.F.);
#654=ORIENTED_EDGE('',*,*,#1433,.F.);
#655=ORIENTED_EDGE('',*,*,#1595,.F.);
#656=ORIENTED_EDGE('',*,*,#1492,.F.);
#657=ORIENTED_EDGE('',*,*,#1593,.F.);
#658=ORIENTED_EDGE('',*,*,#1431,.F.);
#659=ORIENTED_EDGE('',*,*,#1591,.F.);
#660=ORIENTED_EDGE('',*,*,#1494,.F.);
#661=ORIENTED_EDGE('',*,*,#1596,.F.);
#662=ORIENTED_EDGE('',*,*,#1425,.F.);
#663=ORIENTED_EDGE('',*,*,#1597,.F.);
#664=ORIENTED_EDGE('',*,*,#1500,.F.);
#665=ORIENTED_EDGE('',*,*,#1601,.F.);
#666=ORIENTED_EDGE('',*,*,#1423,.F.);
#667=ORIENTED_EDGE('',*,*,#1599,.F.);
#668=ORIENTED_EDGE('',*,*,#1502,.F.);
#669=ORIENTED_EDGE('',*,*,#1598,.F.);
#670=ORIENTED_EDGE('',*,*,#1603,.F.);
#671=ORIENTED_EDGE('',*,*,#1604,.T.);
#672=ORIENTED_EDGE('',*,*,#1578,.T.);
#673=ORIENTED_EDGE('',*,*,#1465,.T.);
#674=ORIENTED_EDGE('',*,*,#1605,.F.);
#675=ORIENTED_EDGE('',*,*,#1606,.T.);
#676=ORIENTED_EDGE('',*,*,#1603,.T.);
#677=ORIENTED_EDGE('',*,*,#1464,.F.);
#678=ORIENTED_EDGE('',*,*,#1577,.F.);
#679=ORIENTED_EDGE('',*,*,#1607,.T.);
#680=ORIENTED_EDGE('',*,*,#1605,.T.);
#681=ORIENTED_EDGE('',*,*,#1463,.T.);
#682=ORIENTED_EDGE('',*,*,#1608,.F.);
#683=ORIENTED_EDGE('',*,*,#1609,.T.);
#684=ORIENTED_EDGE('',*,*,#1584,.T.);
#685=ORIENTED_EDGE('',*,*,#1457,.T.);
#686=ORIENTED_EDGE('',*,*,#1610,.F.);
#687=ORIENTED_EDGE('',*,*,#1611,.T.);
#688=ORIENTED_EDGE('',*,*,#1608,.T.);
#689=ORIENTED_EDGE('',*,*,#1456,.F.);
#690=ORIENTED_EDGE('',*,*,#1583,.F.);
#691=ORIENTED_EDGE('',*,*,#1612,.T.);
#692=ORIENTED_EDGE('',*,*,#1610,.T.);
#693=ORIENTED_EDGE('',*,*,#1455,.T.);
#694=ORIENTED_EDGE('',*,*,#1613,.F.);
#695=ORIENTED_EDGE('',*,*,#1614,.T.);
#696=ORIENTED_EDGE('',*,*,#1581,.T.);
#697=ORIENTED_EDGE('',*,*,#1453,.T.);
#698=ORIENTED_EDGE('',*,*,#1615,.F.);
#699=ORIENTED_EDGE('',*,*,#1616,.T.);
#700=ORIENTED_EDGE('',*,*,#1613,.T.);
#701=ORIENTED_EDGE('',*,*,#1460,.T.);
#702=ORIENTED_EDGE('',*,*,#1586,.F.);
#703=ORIENTED_EDGE('',*,*,#1617,.T.);
#704=ORIENTED_EDGE('',*,*,#1615,.T.);
#705=ORIENTED_EDGE('',*,*,#1459,.T.);
#706=ORIENTED_EDGE('',*,*,#1618,.F.);
#707=ORIENTED_EDGE('',*,*,#1619,.T.);
#708=ORIENTED_EDGE('',*,*,#1575,.T.);
#709=ORIENTED_EDGE('',*,*,#1461,.T.);
#710=ORIENTED_EDGE('',*,*,#1620,.F.);
#711=ORIENTED_EDGE('',*,*,#1621,.T.);
#712=ORIENTED_EDGE('',*,*,#1618,.T.);
#713=ORIENTED_EDGE('',*,*,#1468,.F.);
#714=ORIENTED_EDGE('',*,*,#1580,.F.);
#715=ORIENTED_EDGE('',*,*,#1622,.T.);
#716=ORIENTED_EDGE('',*,*,#1620,.T.);
#717=ORIENTED_EDGE('',*,*,#1467,.T.);
#718=ORIENTED_EDGE('',*,*,#1623,.F.);
#719=ORIENTED_EDGE('',*,*,#1604,.F.);
#720=ORIENTED_EDGE('',*,*,#1624,.F.);
#721=ORIENTED_EDGE('',*,*,#1527,.F.);
#722=ORIENTED_EDGE('',*,*,#1624,.T.);
#723=ORIENTED_EDGE('',*,*,#1606,.F.);
#724=ORIENTED_EDGE('',*,*,#1625,.F.);
#725=ORIENTED_EDGE('',*,*,#1528,.F.);
#726=ORIENTED_EDGE('',*,*,#1623,.T.);
#727=ORIENTED_EDGE('',*,*,#1526,.F.);
#728=ORIENTED_EDGE('',*,*,#1626,.F.);
#729=ORIENTED_EDGE('',*,*,#1579,.F.);
#730=ORIENTED_EDGE('',*,*,#1625,.T.);
#731=ORIENTED_EDGE('',*,*,#1607,.F.);
#732=ORIENTED_EDGE('',*,*,#1627,.F.);
#733=ORIENTED_EDGE('',*,*,#1529,.F.);
#734=ORIENTED_EDGE('',*,*,#1626,.T.);
#735=ORIENTED_EDGE('',*,*,#1525,.F.);
#736=ORIENTED_EDGE('',*,*,#1628,.F.);
#737=ORIENTED_EDGE('',*,*,#1622,.F.);
#738=ORIENTED_EDGE('',*,*,#1627,.T.);
#739=ORIENTED_EDGE('',*,*,#1576,.F.);
#740=ORIENTED_EDGE('',*,*,#1629,.F.);
#741=ORIENTED_EDGE('',*,*,#1522,.F.);
#742=ORIENTED_EDGE('',*,*,#1628,.T.);
#743=ORIENTED_EDGE('',*,*,#1524,.F.);
#744=ORIENTED_EDGE('',*,*,#1630,.F.);
#745=ORIENTED_EDGE('',*,*,#1621,.F.);
#746=ORIENTED_EDGE('',*,*,#1629,.T.);
#747=ORIENTED_EDGE('',*,*,#1619,.F.);
#748=ORIENTED_EDGE('',*,*,#1630,.T.);
#749=ORIENTED_EDGE('',*,*,#1523,.F.);
#750=ORIENTED_EDGE('',*,*,#1631,.F.);
#751=ORIENTED_EDGE('',*,*,#1609,.F.);
#752=ORIENTED_EDGE('',*,*,#1632,.F.);
#753=ORIENTED_EDGE('',*,*,#1535,.F.);
#754=ORIENTED_EDGE('',*,*,#1632,.T.);
#755=ORIENTED_EDGE('',*,*,#1611,.F.);
#756=ORIENTED_EDGE('',*,*,#1633,.F.);
#757=ORIENTED_EDGE('',*,*,#1536,.F.);
#758=ORIENTED_EDGE('',*,*,#1631,.T.);
#759=ORIENTED_EDGE('',*,*,#1534,.F.);
#760=ORIENTED_EDGE('',*,*,#1634,.F.);
#761=ORIENTED_EDGE('',*,*,#1585,.F.);
#762=ORIENTED_EDGE('',*,*,#1633,.T.);
#763=ORIENTED_EDGE('',*,*,#1612,.F.);
#764=ORIENTED_EDGE('',*,*,#1635,.F.);
#765=ORIENTED_EDGE('',*,*,#1537,.F.);
#766=ORIENTED_EDGE('',*,*,#1634,.T.);
#767=ORIENTED_EDGE('',*,*,#1533,.F.);
#768=ORIENTED_EDGE('',*,*,#1636,.F.);
#769=ORIENTED_EDGE('',*,*,#1617,.F.);
#770=ORIENTED_EDGE('',*,*,#1635,.T.);
#771=ORIENTED_EDGE('',*,*,#1582,.F.);
#772=ORIENTED_EDGE('',*,*,#1637,.F.);
#773=ORIENTED_EDGE('',*,*,#1530,.F.);
#774=ORIENTED_EDGE('',*,*,#1636,.T.);
#775=ORIENTED_EDGE('',*,*,#1532,.F.);
#776=ORIENTED_EDGE('',*,*,#1638,.F.);
#777=ORIENTED_EDGE('',*,*,#1616,.F.);
#778=ORIENTED_EDGE('',*,*,#1637,.T.);
#779=ORIENTED_EDGE('',*,*,#1614,.F.);
#780=ORIENTED_EDGE('',*,*,#1638,.T.);
#781=ORIENTED_EDGE('',*,*,#1531,.F.);
#782=ORIENTED_EDGE('',*,*,#1449,.T.);
#783=ORIENTED_EDGE('',*,*,#1639,.T.);
#784=ORIENTED_EDGE('',*,*,#1476,.F.);
#785=ORIENTED_EDGE('',*,*,#1640,.T.);
#786=ORIENTED_EDGE('',*,*,#1472,.F.);
#787=ORIENTED_EDGE('',*,*,#1641,.T.);
#788=ORIENTED_EDGE('',*,*,#1400,.T.);
#789=ORIENTED_EDGE('',*,*,#1642,.T.);
#790=ORIENTED_EDGE('',*,*,#1474,.F.);
#791=ORIENTED_EDGE('',*,*,#1643,.T.);
#792=ORIENTED_EDGE('',*,*,#1451,.T.);
#793=ORIENTED_EDGE('',*,*,#1644,.T.);
#794=ORIENTED_EDGE('',*,*,#1645,.F.);
#795=ORIENTED_EDGE('',*,*,#1401,.F.);
#796=ORIENTED_EDGE('',*,*,#1641,.F.);
#797=ORIENTED_EDGE('',*,*,#1471,.F.);
#798=ORIENTED_EDGE('',*,*,#1402,.F.);
#799=ORIENTED_EDGE('',*,*,#1645,.T.);
#800=ORIENTED_EDGE('',*,*,#1470,.F.);
#801=ORIENTED_EDGE('',*,*,#1566,.F.);
#802=ORIENTED_EDGE('',*,*,#1477,.F.);
#803=ORIENTED_EDGE('',*,*,#1639,.F.);
#804=ORIENTED_EDGE('',*,*,#1448,.F.);
#805=ORIENTED_EDGE('',*,*,#1298,.F.);
#806=ORIENTED_EDGE('',*,*,#1473,.F.);
#807=ORIENTED_EDGE('',*,*,#1642,.F.);
#808=ORIENTED_EDGE('',*,*,#1452,.F.);
#809=ORIENTED_EDGE('',*,*,#1643,.F.);
#810=ORIENTED_EDGE('',*,*,#1475,.F.);
#811=ORIENTED_EDGE('',*,*,#1644,.F.);
#812=ORIENTED_EDGE('',*,*,#1450,.F.);
#813=ORIENTED_EDGE('',*,*,#1640,.F.);
#814=ORIENTED_EDGE('',*,*,#1390,.T.);
#815=ORIENTED_EDGE('',*,*,#1646,.F.);
#816=ORIENTED_EDGE('',*,*,#1647,.F.);
#817=ORIENTED_EDGE('',*,*,#1648,.T.);
#818=ORIENTED_EDGE('',*,*,#1399,.T.);
#819=ORIENTED_EDGE('',*,*,#1649,.F.);
#820=ORIENTED_EDGE('',*,*,#1650,.F.);
#821=ORIENTED_EDGE('',*,*,#1646,.T.);
#822=ORIENTED_EDGE('',*,*,#1398,.T.);
#823=ORIENTED_EDGE('',*,*,#1651,.F.);
#824=ORIENTED_EDGE('',*,*,#1652,.F.);
#825=ORIENTED_EDGE('',*,*,#1649,.T.);
#826=ORIENTED_EDGE('',*,*,#1397,.T.);
#827=ORIENTED_EDGE('',*,*,#1653,.F.);
#828=ORIENTED_EDGE('',*,*,#1654,.F.);
#829=ORIENTED_EDGE('',*,*,#1651,.T.);
#830=ORIENTED_EDGE('',*,*,#1396,.T.);
#831=ORIENTED_EDGE('',*,*,#1655,.F.);
#832=ORIENTED_EDGE('',*,*,#1656,.F.);
#833=ORIENTED_EDGE('',*,*,#1653,.T.);
#834=ORIENTED_EDGE('',*,*,#1395,.T.);
#835=ORIENTED_EDGE('',*,*,#1657,.F.);
#836=ORIENTED_EDGE('',*,*,#1658,.F.);
#837=ORIENTED_EDGE('',*,*,#1655,.T.);
#838=ORIENTED_EDGE('',*,*,#1394,.T.);
#839=ORIENTED_EDGE('',*,*,#1659,.F.);
#840=ORIENTED_EDGE('',*,*,#1660,.F.);
#841=ORIENTED_EDGE('',*,*,#1657,.T.);
#842=ORIENTED_EDGE('',*,*,#1393,.T.);
#843=ORIENTED_EDGE('',*,*,#1661,.F.);
#844=ORIENTED_EDGE('',*,*,#1662,.F.);
#845=ORIENTED_EDGE('',*,*,#1659,.T.);
#846=ORIENTED_EDGE('',*,*,#1392,.T.);
#847=ORIENTED_EDGE('',*,*,#1663,.F.);
#848=ORIENTED_EDGE('',*,*,#1664,.F.);
#849=ORIENTED_EDGE('',*,*,#1661,.T.);
#850=ORIENTED_EDGE('',*,*,#1391,.T.);
#851=ORIENTED_EDGE('',*,*,#1648,.F.);
#852=ORIENTED_EDGE('',*,*,#1665,.F.);
#853=ORIENTED_EDGE('',*,*,#1663,.T.);
#854=ORIENTED_EDGE('',*,*,#1647,.T.);
#855=ORIENTED_EDGE('',*,*,#1650,.T.);
#856=ORIENTED_EDGE('',*,*,#1652,.T.);
#857=ORIENTED_EDGE('',*,*,#1654,.T.);
#858=ORIENTED_EDGE('',*,*,#1656,.T.);
#859=ORIENTED_EDGE('',*,*,#1658,.T.);
#860=ORIENTED_EDGE('',*,*,#1660,.T.);
#861=ORIENTED_EDGE('',*,*,#1662,.T.);
#862=ORIENTED_EDGE('',*,*,#1664,.T.);
#863=ORIENTED_EDGE('',*,*,#1665,.T.);
#864=ORIENTED_EDGE('',*,*,#1382,.T.);
#865=ORIENTED_EDGE('',*,*,#1666,.F.);
#866=ORIENTED_EDGE('',*,*,#1667,.F.);
#867=ORIENTED_EDGE('',*,*,#1668,.T.);
#868=ORIENTED_EDGE('',*,*,#1389,.T.);
#869=ORIENTED_EDGE('',*,*,#1669,.F.);
#870=ORIENTED_EDGE('',*,*,#1670,.F.);
#871=ORIENTED_EDGE('',*,*,#1666,.T.);
#872=ORIENTED_EDGE('',*,*,#1388,.T.);
#873=ORIENTED_EDGE('',*,*,#1671,.F.);
#874=ORIENTED_EDGE('',*,*,#1672,.F.);
#875=ORIENTED_EDGE('',*,*,#1669,.T.);
#876=ORIENTED_EDGE('',*,*,#1387,.T.);
#877=ORIENTED_EDGE('',*,*,#1673,.F.);
#878=ORIENTED_EDGE('',*,*,#1674,.F.);
#879=ORIENTED_EDGE('',*,*,#1671,.T.);
#880=ORIENTED_EDGE('',*,*,#1386,.T.);
#881=ORIENTED_EDGE('',*,*,#1675,.F.);
#882=ORIENTED_EDGE('',*,*,#1676,.F.);
#883=ORIENTED_EDGE('',*,*,#1673,.T.);
#884=ORIENTED_EDGE('',*,*,#1385,.T.);
#885=ORIENTED_EDGE('',*,*,#1677,.F.);
#886=ORIENTED_EDGE('',*,*,#1678,.F.);
#887=ORIENTED_EDGE('',*,*,#1675,.T.);
#888=ORIENTED_EDGE('',*,*,#1384,.T.);
#889=ORIENTED_EDGE('',*,*,#1679,.F.);
#890=ORIENTED_EDGE('',*,*,#1680,.F.);
#891=ORIENTED_EDGE('',*,*,#1677,.T.);
#892=ORIENTED_EDGE('',*,*,#1383,.T.);
#893=ORIENTED_EDGE('',*,*,#1668,.F.);
#894=ORIENTED_EDGE('',*,*,#1681,.F.);
#895=ORIENTED_EDGE('',*,*,#1679,.T.);
#896=ORIENTED_EDGE('',*,*,#1667,.T.);
#897=ORIENTED_EDGE('',*,*,#1670,.T.);
#898=ORIENTED_EDGE('',*,*,#1672,.T.);
#899=ORIENTED_EDGE('',*,*,#1674,.T.);
#900=ORIENTED_EDGE('',*,*,#1676,.T.);
#901=ORIENTED_EDGE('',*,*,#1678,.T.);
#902=ORIENTED_EDGE('',*,*,#1680,.T.);
#903=ORIENTED_EDGE('',*,*,#1681,.T.);
#904=ORIENTED_EDGE('',*,*,#1372,.T.);
#905=ORIENTED_EDGE('',*,*,#1682,.F.);
#906=ORIENTED_EDGE('',*,*,#1683,.F.);
#907=ORIENTED_EDGE('',*,*,#1684,.T.);
#908=ORIENTED_EDGE('',*,*,#1381,.T.);
#909=ORIENTED_EDGE('',*,*,#1685,.F.);
#910=ORIENTED_EDGE('',*,*,#1686,.F.);
#911=ORIENTED_EDGE('',*,*,#1682,.T.);
#912=ORIENTED_EDGE('',*,*,#1380,.T.);
#913=ORIENTED_EDGE('',*,*,#1687,.F.);
#914=ORIENTED_EDGE('',*,*,#1688,.F.);
#915=ORIENTED_EDGE('',*,*,#1685,.T.);
#916=ORIENTED_EDGE('',*,*,#1379,.T.);
#917=ORIENTED_EDGE('',*,*,#1689,.F.);
#918=ORIENTED_EDGE('',*,*,#1690,.F.);
#919=ORIENTED_EDGE('',*,*,#1687,.T.);
#920=ORIENTED_EDGE('',*,*,#1378,.T.);
#921=ORIENTED_EDGE('',*,*,#1691,.F.);
#922=ORIENTED_EDGE('',*,*,#1692,.F.);
#923=ORIENTED_EDGE('',*,*,#1689,.T.);
#924=ORIENTED_EDGE('',*,*,#1377,.T.);
#925=ORIENTED_EDGE('',*,*,#1693,.F.);
#926=ORIENTED_EDGE('',*,*,#1694,.F.);
#927=ORIENTED_EDGE('',*,*,#1691,.T.);
#928=ORIENTED_EDGE('',*,*,#1376,.T.);
#929=ORIENTED_EDGE('',*,*,#1695,.F.);
#930=ORIENTED_EDGE('',*,*,#1696,.F.);
#931=ORIENTED_EDGE('',*,*,#1693,.T.);
#932=ORIENTED_EDGE('',*,*,#1375,.T.);
#933=ORIENTED_EDGE('',*,*,#1697,.F.);
#934=ORIENTED_EDGE('',*,*,#1698,.F.);
#935=ORIENTED_EDGE('',*,*,#1695,.T.);
#936=ORIENTED_EDGE('',*,*,#1374,.T.);
#937=ORIENTED_EDGE('',*,*,#1699,.F.);
#938=ORIENTED_EDGE('',*,*,#1700,.F.);
#939=ORIENTED_EDGE('',*,*,#1697,.T.);
#940=ORIENTED_EDGE('',*,*,#1373,.T.);
#941=ORIENTED_EDGE('',*,*,#1684,.F.);
#942=ORIENTED_EDGE('',*,*,#1701,.F.);
#943=ORIENTED_EDGE('',*,*,#1699,.T.);
#944=ORIENTED_EDGE('',*,*,#1683,.T.);
#945=ORIENTED_EDGE('',*,*,#1686,.T.);
#946=ORIENTED_EDGE('',*,*,#1688,.T.);
#947=ORIENTED_EDGE('',*,*,#1690,.T.);
#948=ORIENTED_EDGE('',*,*,#1692,.T.);
#949=ORIENTED_EDGE('',*,*,#1694,.T.);
#950=ORIENTED_EDGE('',*,*,#1696,.T.);
#951=ORIENTED_EDGE('',*,*,#1698,.T.);
#952=ORIENTED_EDGE('',*,*,#1700,.T.);
#953=ORIENTED_EDGE('',*,*,#1701,.T.);
#954=ORIENTED_EDGE('',*,*,#1362,.T.);
#955=ORIENTED_EDGE('',*,*,#1702,.F.);
#956=ORIENTED_EDGE('',*,*,#1703,.F.);
#957=ORIENTED_EDGE('',*,*,#1704,.T.);
#958=ORIENTED_EDGE('',*,*,#1371,.T.);
#959=ORIENTED_EDGE('',*,*,#1705,.F.);
#960=ORIENTED_EDGE('',*,*,#1706,.F.);
#961=ORIENTED_EDGE('',*,*,#1702,.T.);
#962=ORIENTED_EDGE('',*,*,#1370,.T.);
#963=ORIENTED_EDGE('',*,*,#1707,.F.);
#964=ORIENTED_EDGE('',*,*,#1708,.F.);
#965=ORIENTED_EDGE('',*,*,#1705,.T.);
#966=ORIENTED_EDGE('',*,*,#1369,.T.);
#967=ORIENTED_EDGE('',*,*,#1709,.F.);
#968=ORIENTED_EDGE('',*,*,#1710,.F.);
#969=ORIENTED_EDGE('',*,*,#1707,.T.);
#970=ORIENTED_EDGE('',*,*,#1368,.T.);
#971=ORIENTED_EDGE('',*,*,#1711,.F.);
#972=ORIENTED_EDGE('',*,*,#1712,.F.);
#973=ORIENTED_EDGE('',*,*,#1709,.T.);
#974=ORIENTED_EDGE('',*,*,#1367,.T.);
#975=ORIENTED_EDGE('',*,*,#1713,.F.);
#976=ORIENTED_EDGE('',*,*,#1714,.F.);
#977=ORIENTED_EDGE('',*,*,#1711,.T.);
#978=ORIENTED_EDGE('',*,*,#1366,.T.);
#979=ORIENTED_EDGE('',*,*,#1715,.F.);
#980=ORIENTED_EDGE('',*,*,#1716,.F.);
#981=ORIENTED_EDGE('',*,*,#1713,.T.);
#982=ORIENTED_EDGE('',*,*,#1365,.T.);
#983=ORIENTED_EDGE('',*,*,#1717,.F.);
#984=ORIENTED_EDGE('',*,*,#1718,.F.);
#985=ORIENTED_EDGE('',*,*,#1715,.T.);
#986=ORIENTED_EDGE('',*,*,#1364,.T.);
#987=ORIENTED_EDGE('',*,*,#1719,.F.);
#988=ORIENTED_EDGE('',*,*,#1720,.F.);
#989=ORIENTED_EDGE('',*,*,#1717,.T.);
#990=ORIENTED_EDGE('',*,*,#1363,.T.);
#991=ORIENTED_EDGE('',*,*,#1704,.F.);
#992=ORIENTED_EDGE('',*,*,#1721,.F.);
#993=ORIENTED_EDGE('',*,*,#1719,.T.);
#994=ORIENTED_EDGE('',*,*,#1703,.T.);
#995=ORIENTED_EDGE('',*,*,#1706,.T.);
#996=ORIENTED_EDGE('',*,*,#1708,.T.);
#997=ORIENTED_EDGE('',*,*,#1710,.T.);
#998=ORIENTED_EDGE('',*,*,#1712,.T.);
#999=ORIENTED_EDGE('',*,*,#1714,.T.);
#1000=ORIENTED_EDGE('',*,*,#1716,.T.);
#1001=ORIENTED_EDGE('',*,*,#1718,.T.);
#1002=ORIENTED_EDGE('',*,*,#1720,.T.);
#1003=ORIENTED_EDGE('',*,*,#1721,.T.);
#1004=ORIENTED_EDGE('',*,*,#1352,.T.);
#1005=ORIENTED_EDGE('',*,*,#1722,.F.);
#1006=ORIENTED_EDGE('',*,*,#1723,.F.);
#1007=ORIENTED_EDGE('',*,*,#1724,.T.);
#1008=ORIENTED_EDGE('',*,*,#1361,.T.);
#1009=ORIENTED_EDGE('',*,*,#1725,.F.);
#1010=ORIENTED_EDGE('',*,*,#1726,.F.);
#1011=ORIENTED_EDGE('',*,*,#1722,.T.);
#1012=ORIENTED_EDGE('',*,*,#1360,.T.);
#1013=ORIENTED_EDGE('',*,*,#1727,.F.);
#1014=ORIENTED_EDGE('',*,*,#1728,.F.);
#1015=ORIENTED_EDGE('',*,*,#1725,.T.);
#1016=ORIENTED_EDGE('',*,*,#1359,.T.);
#1017=ORIENTED_EDGE('',*,*,#1729,.F.);
#1018=ORIENTED_EDGE('',*,*,#1730,.F.);
#1019=ORIENTED_EDGE('',*,*,#1727,.T.);
#1020=ORIENTED_EDGE('',*,*,#1358,.T.);
#1021=ORIENTED_EDGE('',*,*,#1731,.F.);
#1022=ORIENTED_EDGE('',*,*,#1732,.F.);
#1023=ORIENTED_EDGE('',*,*,#1729,.T.);
#1024=ORIENTED_EDGE('',*,*,#1357,.T.);
#1025=ORIENTED_EDGE('',*,*,#1733,.F.);
#1026=ORIENTED_EDGE('',*,*,#1734,.F.);
#1027=ORIENTED_EDGE('',*,*,#1731,.T.);
#1028=ORIENTED_EDGE('',*,*,#1356,.T.);
#1029=ORIENTED_EDGE('',*,*,#1735,.F.);
#1030=ORIENTED_EDGE('',*,*,#1736,.F.);
#1031=ORIENTED_EDGE('',*,*,#1733,.T.);
#1032=ORIENTED_EDGE('',*,*,#1355,.T.);
#1033=ORIENTED_EDGE('',*,*,#1737,.F.);
#1034=ORIENTED_EDGE('',*,*,#1738,.F.);
#1035=ORIENTED_EDGE('',*,*,#1735,.T.);
#1036=ORIENTED_EDGE('',*,*,#1354,.T.);
#1037=ORIENTED_EDGE('',*,*,#1739,.F.);
#1038=ORIENTED_EDGE('',*,*,#1740,.F.);
#1039=ORIENTED_EDGE('',*,*,#1737,.T.);
#1040=ORIENTED_EDGE('',*,*,#1353,.T.);
#1041=ORIENTED_EDGE('',*,*,#1724,.F.);
#1042=ORIENTED_EDGE('',*,*,#1741,.F.);
#1043=ORIENTED_EDGE('',*,*,#1739,.T.);
#1044=ORIENTED_EDGE('',*,*,#1723,.T.);
#1045=ORIENTED_EDGE('',*,*,#1726,.T.);
#1046=ORIENTED_EDGE('',*,*,#1728,.T.);
#1047=ORIENTED_EDGE('',*,*,#1730,.T.);
#1048=ORIENTED_EDGE('',*,*,#1732,.T.);
#1049=ORIENTED_EDGE('',*,*,#1734,.T.);
#1050=ORIENTED_EDGE('',*,*,#1736,.T.);
#1051=ORIENTED_EDGE('',*,*,#1738,.T.);
#1052=ORIENTED_EDGE('',*,*,#1740,.T.);
#1053=ORIENTED_EDGE('',*,*,#1741,.T.);
#1054=ORIENTED_EDGE('',*,*,#1336,.T.);
#1055=ORIENTED_EDGE('',*,*,#1742,.F.);
#1056=ORIENTED_EDGE('',*,*,#1743,.F.);
#1057=ORIENTED_EDGE('',*,*,#1744,.T.);
#1058=ORIENTED_EDGE('',*,*,#1351,.T.);
#1059=ORIENTED_EDGE('',*,*,#1745,.F.);
#1060=ORIENTED_EDGE('',*,*,#1746,.F.);
#1061=ORIENTED_EDGE('',*,*,#1742,.T.);
#1062=ORIENTED_EDGE('',*,*,#1350,.T.);
#1063=ORIENTED_EDGE('',*,*,#1747,.F.);
#1064=ORIENTED_EDGE('',*,*,#1748,.F.);
#1065=ORIENTED_EDGE('',*,*,#1745,.T.);
#1066=ORIENTED_EDGE('',*,*,#1349,.T.);
#1067=ORIENTED_EDGE('',*,*,#1749,.F.);
#1068=ORIENTED_EDGE('',*,*,#1750,.F.);
#1069=ORIENTED_EDGE('',*,*,#1747,.T.);
#1070=ORIENTED_EDGE('',*,*,#1348,.T.);
#1071=ORIENTED_EDGE('',*,*,#1751,.F.);
#1072=ORIENTED_EDGE('',*,*,#1752,.F.);
#1073=ORIENTED_EDGE('',*,*,#1749,.T.);
#1074=ORIENTED_EDGE('',*,*,#1347,.T.);
#1075=ORIENTED_EDGE('',*,*,#1753,.F.);
#1076=ORIENTED_EDGE('',*,*,#1754,.F.);
#1077=ORIENTED_EDGE('',*,*,#1751,.T.);
#1078=ORIENTED_EDGE('',*,*,#1346,.T.);
#1079=ORIENTED_EDGE('',*,*,#1755,.F.);
#1080=ORIENTED_EDGE('',*,*,#1756,.F.);
#1081=ORIENTED_EDGE('',*,*,#1753,.T.);
#1082=ORIENTED_EDGE('',*,*,#1345,.T.);
#1083=ORIENTED_EDGE('',*,*,#1757,.F.);
#1084=ORIENTED_EDGE('',*,*,#1758,.F.);
#1085=ORIENTED_EDGE('',*,*,#1755,.T.);
#1086=ORIENTED_EDGE('',*,*,#1344,.T.);
#1087=ORIENTED_EDGE('',*,*,#1759,.F.);
#1088=ORIENTED_EDGE('',*,*,#1760,.F.);
#1089=ORIENTED_EDGE('',*,*,#1757,.T.);
#1090=ORIENTED_EDGE('',*,*,#1343,.T.);
#1091=ORIENTED_EDGE('',*,*,#1761,.F.);
#1092=ORIENTED_EDGE('',*,*,#1762,.F.);
#1093=ORIENTED_EDGE('',*,*,#1759,.T.);
#1094=ORIENTED_EDGE('',*,*,#1342,.T.);
#1095=ORIENTED_EDGE('',*,*,#1763,.F.);
#1096=ORIENTED_EDGE('',*,*,#1764,.F.);
#1097=ORIENTED_EDGE('',*,*,#1761,.T.);
#1098=ORIENTED_EDGE('',*,*,#1341,.T.);
#1099=ORIENTED_EDGE('',*,*,#1765,.F.);
#1100=ORIENTED_EDGE('',*,*,#1766,.F.);
#1101=ORIENTED_EDGE('',*,*,#1763,.T.);
#1102=ORIENTED_EDGE('',*,*,#1340,.T.);
#1103=ORIENTED_EDGE('',*,*,#1767,.F.);
#1104=ORIENTED_EDGE('',*,*,#1768,.F.);
#1105=ORIENTED_EDGE('',*,*,#1765,.T.);
#1106=ORIENTED_EDGE('',*,*,#1339,.T.);
#1107=ORIENTED_EDGE('',*,*,#1769,.F.);
#1108=ORIENTED_EDGE('',*,*,#1770,.F.);
#1109=ORIENTED_EDGE('',*,*,#1767,.T.);
#1110=ORIENTED_EDGE('',*,*,#1338,.T.);
#1111=ORIENTED_EDGE('',*,*,#1771,.F.);
#1112=ORIENTED_EDGE('',*,*,#1772,.F.);
#1113=ORIENTED_EDGE('',*,*,#1769,.T.);
#1114=ORIENTED_EDGE('',*,*,#1337,.T.);
#1115=ORIENTED_EDGE('',*,*,#1744,.F.);
#1116=ORIENTED_EDGE('',*,*,#1773,.F.);
#1117=ORIENTED_EDGE('',*,*,#1771,.T.);
#1118=ORIENTED_EDGE('',*,*,#1743,.T.);
#1119=ORIENTED_EDGE('',*,*,#1746,.T.);
#1120=ORIENTED_EDGE('',*,*,#1748,.T.);
#1121=ORIENTED_EDGE('',*,*,#1750,.T.);
#1122=ORIENTED_EDGE('',*,*,#1752,.T.);
#1123=ORIENTED_EDGE('',*,*,#1754,.T.);
#1124=ORIENTED_EDGE('',*,*,#1756,.T.);
#1125=ORIENTED_EDGE('',*,*,#1758,.T.);
#1126=ORIENTED_EDGE('',*,*,#1760,.T.);
#1127=ORIENTED_EDGE('',*,*,#1762,.T.);
#1128=ORIENTED_EDGE('',*,*,#1764,.T.);
#1129=ORIENTED_EDGE('',*,*,#1766,.T.);
#1130=ORIENTED_EDGE('',*,*,#1768,.T.);
#1131=ORIENTED_EDGE('',*,*,#1770,.T.);
#1132=ORIENTED_EDGE('',*,*,#1772,.T.);
#1133=ORIENTED_EDGE('',*,*,#1773,.T.);
#1134=ORIENTED_EDGE('',*,*,#1320,.T.);
#1135=ORIENTED_EDGE('',*,*,#1774,.F.);
#1136=ORIENTED_EDGE('',*,*,#1775,.F.);
#1137=ORIENTED_EDGE('',*,*,#1776,.T.);
#1138=ORIENTED_EDGE('',*,*,#1335,.T.);
#1139=ORIENTED_EDGE('',*,*,#1777,.F.);
#1140=ORIENTED_EDGE('',*,*,#1778,.F.);
#1141=ORIENTED_EDGE('',*,*,#1774,.T.);
#1142=ORIENTED_EDGE('',*,*,#1334,.T.);
#1143=ORIENTED_EDGE('',*,*,#1779,.F.);
#1144=ORIENTED_EDGE('',*,*,#1780,.F.);
#1145=ORIENTED_EDGE('',*,*,#1777,.T.);
#1146=ORIENTED_EDGE('',*,*,#1333,.T.);
#1147=ORIENTED_EDGE('',*,*,#1781,.F.);
#1148=ORIENTED_EDGE('',*,*,#1782,.F.);
#1149=ORIENTED_EDGE('',*,*,#1779,.T.);
#1150=ORIENTED_EDGE('',*,*,#1332,.T.);
#1151=ORIENTED_EDGE('',*,*,#1783,.F.);
#1152=ORIENTED_EDGE('',*,*,#1784,.F.);
#1153=ORIENTED_EDGE('',*,*,#1781,.T.);
#1154=ORIENTED_EDGE('',*,*,#1331,.T.);
#1155=ORIENTED_EDGE('',*,*,#1785,.F.);
#1156=ORIENTED_EDGE('',*,*,#1786,.F.);
#1157=ORIENTED_EDGE('',*,*,#1783,.T.);
#1158=ORIENTED_EDGE('',*,*,#1330,.T.);
#1159=ORIENTED_EDGE('',*,*,#1787,.F.);
#1160=ORIENTED_EDGE('',*,*,#1788,.F.);
#1161=ORIENTED_EDGE('',*,*,#1785,.T.);
#1162=ORIENTED_EDGE('',*,*,#1329,.T.);
#1163=ORIENTED_EDGE('',*,*,#1789,.F.);
#1164=ORIENTED_EDGE('',*,*,#1790,.F.);
#1165=ORIENTED_EDGE('',*,*,#1787,.T.);
#1166=ORIENTED_EDGE('',*,*,#1328,.T.);
#1167=ORIENTED_EDGE('',*,*,#1791,.F.);
#1168=ORIENTED_EDGE('',*,*,#1792,.F.);
#1169=ORIENTED_EDGE('',*,*,#1789,.T.);
#1170=ORIENTED_EDGE('',*,*,#1327,.T.);
#1171=ORIENTED_EDGE('',*,*,#1793,.F.);
#1172=ORIENTED_EDGE('',*,*,#1794,.F.);
#1173=ORIENTED_EDGE('',*,*,#1791,.T.);
#1174=ORIENTED_EDGE('',*,*,#1326,.T.);
#1175=ORIENTED_EDGE('',*,*,#1795,.F.);
#1176=ORIENTED_EDGE('',*,*,#1796,.F.);
#1177=ORIENTED_EDGE('',*,*,#1793,.T.);
#1178=ORIENTED_EDGE('',*,*,#1325,.T.);
#1179=ORIENTED_EDGE('',*,*,#1797,.F.);
#1180=ORIENTED_EDGE('',*,*,#1798,.F.);
#1181=ORIENTED_EDGE('',*,*,#1795,.T.);
#1182=ORIENTED_EDGE('',*,*,#1324,.T.);
#1183=ORIENTED_EDGE('',*,*,#1799,.F.);
#1184=ORIENTED_EDGE('',*,*,#1800,.F.);
#1185=ORIENTED_EDGE('',*,*,#1797,.T.);
#1186=ORIENTED_EDGE('',*,*,#1323,.T.);
#1187=ORIENTED_EDGE('',*,*,#1801,.F.);
#1188=ORIENTED_EDGE('',*,*,#1802,.F.);
#1189=ORIENTED_EDGE('',*,*,#1799,.T.);
#1190=ORIENTED_EDGE('',*,*,#1322,.T.);
#1191=ORIENTED_EDGE('',*,*,#1803,.F.);
#1192=ORIENTED_EDGE('',*,*,#1804,.F.);
#1193=ORIENTED_EDGE('',*,*,#1801,.T.);
#1194=ORIENTED_EDGE('',*,*,#1321,.T.);
#1195=ORIENTED_EDGE('',*,*,#1776,.F.);
#1196=ORIENTED_EDGE('',*,*,#1805,.F.);
#1197=ORIENTED_EDGE('',*,*,#1803,.T.);
#1198=ORIENTED_EDGE('',*,*,#1775,.T.);
#1199=ORIENTED_EDGE('',*,*,#1778,.T.);
#1200=ORIENTED_EDGE('',*,*,#1780,.T.);
#1201=ORIENTED_EDGE('',*,*,#1782,.T.);
#1202=ORIENTED_EDGE('',*,*,#1784,.T.);
#1203=ORIENTED_EDGE('',*,*,#1786,.T.);
#1204=ORIENTED_EDGE('',*,*,#1788,.T.);
#1205=ORIENTED_EDGE('',*,*,#1790,.T.);
#1206=ORIENTED_EDGE('',*,*,#1792,.T.);
#1207=ORIENTED_EDGE('',*,*,#1794,.T.);
#1208=ORIENTED_EDGE('',*,*,#1796,.T.);
#1209=ORIENTED_EDGE('',*,*,#1798,.T.);
#1210=ORIENTED_EDGE('',*,*,#1800,.T.);
#1211=ORIENTED_EDGE('',*,*,#1802,.T.);
#1212=ORIENTED_EDGE('',*,*,#1804,.T.);
#1213=ORIENTED_EDGE('',*,*,#1805,.T.);
#1214=ORIENTED_EDGE('',*,*,#1314,.T.);
#1215=ORIENTED_EDGE('',*,*,#1806,.F.);
#1216=ORIENTED_EDGE('',*,*,#1807,.F.);
#1217=ORIENTED_EDGE('',*,*,#1808,.T.);
#1218=ORIENTED_EDGE('',*,*,#1319,.T.);
#1219=ORIENTED_EDGE('',*,*,#1809,.F.);
#1220=ORIENTED_EDGE('',*,*,#1810,.F.);
#1221=ORIENTED_EDGE('',*,*,#1806,.T.);
#1222=ORIENTED_EDGE('',*,*,#1318,.T.);
#1223=ORIENTED_EDGE('',*,*,#1811,.F.);
#1224=ORIENTED_EDGE('',*,*,#1812,.F.);
#1225=ORIENTED_EDGE('',*,*,#1809,.T.);
#1226=ORIENTED_EDGE('',*,*,#1317,.T.);
#1227=ORIENTED_EDGE('',*,*,#1813,.F.);
#1228=ORIENTED_EDGE('',*,*,#1814,.F.);
#1229=ORIENTED_EDGE('',*,*,#1811,.T.);
#1230=ORIENTED_EDGE('',*,*,#1316,.T.);
#1231=ORIENTED_EDGE('',*,*,#1815,.F.);
#1232=ORIENTED_EDGE('',*,*,#1816,.F.);
#1233=ORIENTED_EDGE('',*,*,#1813,.T.);
#1234=ORIENTED_EDGE('',*,*,#1315,.T.);
#1235=ORIENTED_EDGE('',*,*,#1808,.F.);
#1236=ORIENTED_EDGE('',*,*,#1817,.F.);
#1237=ORIENTED_EDGE('',*,*,#1815,.T.);
#1238=ORIENTED_EDGE('',*,*,#1807,.T.);
#1239=ORIENTED_EDGE('',*,*,#1810,.T.);
#1240=ORIENTED_EDGE('',*,*,#1812,.T.);
#1241=ORIENTED_EDGE('',*,*,#1814,.T.);
#1242=ORIENTED_EDGE('',*,*,#1816,.T.);
#1243=ORIENTED_EDGE('',*,*,#1817,.T.);
#1244=ORIENTED_EDGE('',*,*,#1305,.T.);
#1245=ORIENTED_EDGE('',*,*,#1818,.F.);
#1246=ORIENTED_EDGE('',*,*,#1819,.F.);
#1247=ORIENTED_EDGE('',*,*,#1820,.T.);
#1248=ORIENTED_EDGE('',*,*,#1313,.T.);
#1249=ORIENTED_EDGE('',*,*,#1821,.F.);
#1250=ORIENTED_EDGE('',*,*,#1822,.F.);
#1251=ORIENTED_EDGE('',*,*,#1818,.T.);
#1252=ORIENTED_EDGE('',*,*,#1312,.T.);
#1253=ORIENTED_EDGE('',*,*,#1823,.F.);
#1254=ORIENTED_EDGE('',*,*,#1824,.F.);
#1255=ORIENTED_EDGE('',*,*,#1821,.T.);
#1256=ORIENTED_EDGE('',*,*,#1311,.T.);
#1257=ORIENTED_EDGE('',*,*,#1825,.F.);
#1258=ORIENTED_EDGE('',*,*,#1826,.F.);
#1259=ORIENTED_EDGE('',*,*,#1823,.T.);
#1260=ORIENTED_EDGE('',*,*,#1310,.T.);
#1261=ORIENTED_EDGE('',*,*,#1827,.F.);
#1262=ORIENTED_EDGE('',*,*,#1828,.F.);
#1263=ORIENTED_EDGE('',*,*,#1825,.T.);
#1264=ORIENTED_EDGE('',*,*,#1309,.T.);
#1265=ORIENTED_EDGE('',*,*,#1829,.F.);
#1266=ORIENTED_EDGE('',*,*,#1830,.F.);
#1267=ORIENTED_EDGE('',*,*,#1827,.T.);
#1268=ORIENTED_EDGE('',*,*,#1308,.T.);
#1269=ORIENTED_EDGE('',*,*,#1831,.F.);
#1270=ORIENTED_EDGE('',*,*,#1832,.F.);
#1271=ORIENTED_EDGE('',*,*,#1829,.T.);
#1272=ORIENTED_EDGE('',*,*,#1307,.T.);
#1273=ORIENTED_EDGE('',*,*,#1833,.F.);
#1274=ORIENTED_EDGE('',*,*,#1834,.F.);
#1275=ORIENTED_EDGE('',*,*,#1831,.T.);
#1276=ORIENTED_EDGE('',*,*,#1306,.T.);
#1277=ORIENTED_EDGE('',*,*,#1820,.F.);
#1278=ORIENTED_EDGE('',*,*,#1835,.F.);
#1279=ORIENTED_EDGE('',*,*,#1833,.T.);
#1280=ORIENTED_EDGE('',*,*,#1819,.T.);
#1281=ORIENTED_EDGE('',*,*,#1822,.T.);
#1282=ORIENTED_EDGE('',*,*,#1824,.T.);
#1283=ORIENTED_EDGE('',*,*,#1826,.T.);
#1284=ORIENTED_EDGE('',*,*,#1828,.T.);
#1285=ORIENTED_EDGE('',*,*,#1830,.T.);
#1286=ORIENTED_EDGE('',*,*,#1832,.T.);
#1287=ORIENTED_EDGE('',*,*,#1834,.T.);
#1288=ORIENTED_EDGE('',*,*,#1835,.T.);
#1289=ORIENTED_EDGE('',*,*,#1589,.F.);
#1290=ORIENTED_EDGE('',*,*,#1301,.F.);
#1291=ORIENTED_EDGE('',*,*,#1590,.F.);
#1292=ORIENTED_EDGE('',*,*,#1302,.F.);
#1293=ORIENTED_EDGE('',*,*,#1588,.F.);
#1294=ORIENTED_EDGE('',*,*,#1303,.F.);
#1295=ORIENTED_EDGE('',*,*,#1587,.F.);
#1296=ORIENTED_EDGE('',*,*,#1304,.F.);
#1297=EDGE_CURVE('',#1836,#1837,#2194,.T.);
#1298=EDGE_CURVE('',#1836,#1838,#2195,.T.);
#1299=EDGE_CURVE('',#1838,#1839,#2196,.T.);
#1300=EDGE_CURVE('',#1839,#1837,#2197,.T.);
#1301=EDGE_CURVE('',#1840,#1840,#85,.F.);
#1302=EDGE_CURVE('',#1841,#1841,#86,.F.);
#1303=EDGE_CURVE('',#1842,#1842,#87,.F.);
#1304=EDGE_CURVE('',#1843,#1843,#88,.F.);
#1305=EDGE_CURVE('',#1844,#1845,#2198,.T.);
#1306=EDGE_CURVE('',#1846,#1844,#2199,.T.);
#1307=EDGE_CURVE('',#1847,#1846,#2200,.T.);
#1308=EDGE_CURVE('',#1848,#1847,#2201,.T.);
#1309=EDGE_CURVE('',#1849,#1848,#2202,.T.);
#1310=EDGE_CURVE('',#1850,#1849,#2203,.T.);
#1311=EDGE_CURVE('',#1851,#1850,#2204,.T.);
#1312=EDGE_CURVE('',#1852,#1851,#2205,.T.);
#1313=EDGE_CURVE('',#1845,#1852,#2206,.T.);
#1314=EDGE_CURVE('',#1853,#1854,#2207,.T.);
#1315=EDGE_CURVE('',#1855,#1853,#2208,.T.);
#1316=EDGE_CURVE('',#1856,#1855,#2209,.T.);
#1317=EDGE_CURVE('',#1857,#1856,#2210,.T.);
#1318=EDGE_CURVE('',#1858,#1857,#2211,.T.);
#1319=EDGE_CURVE('',#1854,#1858,#2212,.T.);
#1320=EDGE_CURVE('',#1859,#1860,#2213,.T.);
#1321=EDGE_CURVE('',#1861,#1859,#2214,.T.);
#1322=EDGE_CURVE('',#1862,#1861,#89,.F.);
#1323=EDGE_CURVE('',#1863,#1862,#90,.F.);
#1324=EDGE_CURVE('',#1864,#1863,#2215,.T.);
#1325=EDGE_CURVE('',#1865,#1864,#91,.T.);
#1326=EDGE_CURVE('',#1866,#1865,#92,.T.);
#1327=EDGE_CURVE('',#1867,#1866,#2216,.T.);
#1328=EDGE_CURVE('',#1868,#1867,#2217,.T.);
#1329=EDGE_CURVE('',#1869,#1868,#2218,.T.);
#1330=EDGE_CURVE('',#1870,#1869,#93,.F.);
#1331=EDGE_CURVE('',#1871,#1870,#94,.F.);
#1332=EDGE_CURVE('',#1872,#1871,#2219,.T.);
#1333=EDGE_CURVE('',#1873,#1872,#95,.T.);
#1334=EDGE_CURVE('',#1874,#1873,#96,.T.);
#1335=EDGE_CURVE('',#1860,#1874,#2220,.T.);
#1336=EDGE_CURVE('',#1875,#1876,#2221,.T.);
#1337=EDGE_CURVE('',#1877,#1875,#2222,.T.);
#1338=EDGE_CURVE('',#1878,#1877,#2223,.T.);
#1339=EDGE_CURVE('',#1879,#1878,#97,.T.);
#1340=EDGE_CURVE('',#1880,#1879,#98,.T.);
#1341=EDGE_CURVE('',#1881,#1880,#2224,.T.);
#1342=EDGE_CURVE('',#1882,#1881,#2225,.T.);
#1343=EDGE_CURVE('',#1883,#1882,#2226,.T.);
#1344=EDGE_CURVE('',#1884,#1883,#2227,.T.);
#1345=EDGE_CURVE('',#1885,#1884,#99,.T.);
#1346=EDGE_CURVE('',#1886,#1885,#100,.T.);
#1347=EDGE_CURVE('',#1887,#1886,#2228,.T.);
#1348=EDGE_CURVE('',#1888,#1887,#2229,.T.);
#1349=EDGE_CURVE('',#1889,#1888,#101,.T.);
#1350=EDGE_CURVE('',#1890,#1889,#102,.T.);
#1351=EDGE_CURVE('',#1876,#1890,#2230,.T.);
#1352=EDGE_CURVE('',#1891,#1892,#2231,.T.);
#1353=EDGE_CURVE('',#1893,#1891,#103,.T.);
#1354=EDGE_CURVE('',#1894,#1893,#104,.T.);
#1355=EDGE_CURVE('',#1895,#1894,#2232,.T.);
#1356=EDGE_CURVE('',#1896,#1895,#2233,.T.);
#1357=EDGE_CURVE('',#1897,#1896,#2234,.T.);
#1358=EDGE_CURVE('',#1898,#1897,#105,.F.);
#1359=EDGE_CURVE('',#1899,#1898,#106,.F.);
#1360=EDGE_CURVE('',#1900,#1899,#2235,.T.);
#1361=EDGE_CURVE('',#1892,#1900,#2236,.T.);
#1362=EDGE_CURVE('',#1901,#1902,#2237,.T.);
#1363=EDGE_CURVE('',#1903,#1901,#2238,.T.);
#1364=EDGE_CURVE('',#1904,#1903,#2239,.T.);
#1365=EDGE_CURVE('',#1905,#1904,#107,.T.);
#1366=EDGE_CURVE('',#1906,#1905,#108,.T.);
#1367=EDGE_CURVE('',#1907,#1906,#2240,.T.);
#1368=EDGE_CURVE('',#1908,#1907,#2241,.T.);
#1369=EDGE_CURVE('',#1909,#1908,#2242,.T.);
#1370=EDGE_CURVE('',#1910,#1909,#2243,.T.);
#1371=EDGE_CURVE('',#1902,#1910,#2244,.T.);
#1372=EDGE_CURVE('',#1911,#1912,#2245,.T.);
#1373=EDGE_CURVE('',#1913,#1911,#2246,.T.);
#1374=EDGE_CURVE('',#1914,#1913,#2247,.T.);
#1375=EDGE_CURVE('',#1915,#1914,#2248,.T.);
#1376=EDGE_CURVE('',#1916,#1915,#2249,.T.);
#1377=EDGE_CURVE('',#1917,#1916,#2250,.T.);
#1378=EDGE_CURVE('',#1918,#1917,#2251,.T.);
#1379=EDGE_CURVE('',#1919,#1918,#109,.T.);
#1380=EDGE_CURVE('',#1920,#1919,#110,.T.);
#1381=EDGE_CURVE('',#1912,#1920,#2252,.T.);
#1382=EDGE_CURVE('',#1921,#1922,#2253,.T.);
#1383=EDGE_CURVE('',#1923,#1921,#2254,.T.);
#1384=EDGE_CURVE('',#1924,#1923,#2255,.T.);
#1385=EDGE_CURVE('',#1925,#1924,#2256,.T.);
#1386=EDGE_CURVE('',#1926,#1925,#2257,.T.);
#1387=EDGE_CURVE('',#1927,#1926,#2258,.T.);
#1388=EDGE_CURVE('',#1928,#1927,#2259,.T.);
#1389=EDGE_CURVE('',#1922,#1928,#2260,.T.);
#1390=EDGE_CURVE('',#1929,#1930,#2261,.T.);
#1391=EDGE_CURVE('',#1931,#1929,#111,.T.);
#1392=EDGE_CURVE('',#1932,#1931,#112,.T.);
#1393=EDGE_CURVE('',#1933,#1932,#2262,.T.);
#1394=EDGE_CURVE('',#1934,#1933,#2263,.T.);
#1395=EDGE_CURVE('',#1935,#1934,#2264,.T.);
#1396=EDGE_CURVE('',#1936,#1935,#113,.F.);
#1397=EDGE_CURVE('',#1937,#1936,#114,.F.);
#1398=EDGE_CURVE('',#1938,#1937,#2265,.T.);
#1399=EDGE_CURVE('',#1930,#1938,#2266,.T.);
#1400=EDGE_CURVE('',#1939,#1940,#2267,.T.);
#1401=EDGE_CURVE('',#1939,#1941,#115,.F.);
#1402=EDGE_CURVE('',#1941,#1942,#116,.T.);
#1403=EDGE_CURVE('',#1943,#1942,#2268,.T.);
#1404=EDGE_CURVE('',#1944,#1943,#117,.T.);
#1405=EDGE_CURVE('',#1945,#1944,#2269,.T.);
#1406=EDGE_CURVE('',#1946,#1945,#118,.T.);
#1407=EDGE_CURVE('',#1947,#1946,#2270,.T.);
#1408=EDGE_CURVE('',#1948,#1947,#2271,.T.);
#1409=EDGE_CURVE('',#1949,#1948,#2272,.T.);
#1410=EDGE_CURVE('',#1949,#1950,#2273,.T.);
#1411=EDGE_CURVE('',#1950,#1951,#119,.F.);
#1412=EDGE_CURVE('',#1951,#1952,#2274,.T.);
#1413=EDGE_CURVE('',#1952,#1953,#120,.T.);
#1414=EDGE_CURVE('',#1954,#1953,#2275,.T.);
#1415=EDGE_CURVE('',#1955,#1954,#2276,.T.);
#1416=EDGE_CURVE('',#1955,#1956,#121,.T.);
#1417=EDGE_CURVE('',#1957,#1956,#2277,.T.);
#1418=EDGE_CURVE('',#1957,#1958,#2278,.T.);
#1419=EDGE_CURVE('',#1958,#1959,#122,.T.);
#1420=EDGE_CURVE('',#1960,#1959,#2279,.T.);
#1421=EDGE_CURVE('',#1960,#1961,#123,.T.);
#1422=EDGE_CURVE('',#1961,#1962,#2280,.T.);
#1423=EDGE_CURVE('',#1962,#1963,#124,.F.);
#1424=EDGE_CURVE('',#1964,#1963,#2281,.T.);
#1425=EDGE_CURVE('',#1964,#1965,#125,.F.);
#1426=EDGE_CURVE('',#1966,#1965,#2282,.T.);
#1427=EDGE_CURVE('',#1966,#1967,#126,.T.);
#1428=EDGE_CURVE('',#1968,#1967,#2283,.T.);
#1429=EDGE_CURVE('',#1968,#1969,#127,.T.);
#1430=EDGE_CURVE('',#1970,#1969,#2284,.T.);
#1431=EDGE_CURVE('',#1970,#1971,#128,.F.);
#1432=EDGE_CURVE('',#1971,#1972,#2285,.T.);
#1433=EDGE_CURVE('',#1972,#1973,#129,.F.);
#1434=EDGE_CURVE('',#1974,#1973,#2286,.T.);
#1435=EDGE_CURVE('',#1974,#1975,#130,.T.);
#1436=EDGE_CURVE('',#1976,#1975,#2287,.T.);
#1437=EDGE_CURVE('',#1976,#1977,#131,.T.);
#1438=EDGE_CURVE('',#1977,#1978,#2288,.T.);
#1439=EDGE_CURVE('',#1978,#1979,#2289,.T.);
#1440=EDGE_CURVE('',#1979,#1980,#132,.T.);
#1441=EDGE_CURVE('',#1980,#1981,#2290,.T.);
#1442=EDGE_CURVE('',#1981,#1982,#2291,.T.);
#1443=EDGE_CURVE('',#1982,#1983,#133,.T.);
#1444=EDGE_CURVE('',#1984,#1983,#2292,.T.);
#1445=EDGE_CURVE('',#1984,#1985,#134,.F.);
#1446=EDGE_CURVE('',#1986,#1985,#2293,.T.);
#1447=EDGE_CURVE('',#1839,#1986,#2294,.T.);
#1448=EDGE_CURVE('',#1838,#1987,#135,.T.);
#1449=EDGE_CURVE('',#1988,#1987,#2295,.T.);
#1450=EDGE_CURVE('',#1988,#1989,#136,.F.);
#1451=EDGE_CURVE('',#1990,#1989,#2296,.T.);
#1452=EDGE_CURVE('',#1990,#1940,#137,.F.);
#1453=EDGE_CURVE('',#1991,#1992,#138,.T.);
#1454=EDGE_CURVE('',#1993,#1991,#2297,.T.);
#1455=EDGE_CURVE('',#1994,#1993,#139,.T.);
#1456=EDGE_CURVE('',#1994,#1995,#2298,.T.);
#1457=EDGE_CURVE('',#1996,#1995,#140,.T.);
#1458=EDGE_CURVE('',#1997,#1996,#2299,.T.);
#1459=EDGE_CURVE('',#1998,#1997,#141,.T.);
#1460=EDGE_CURVE('',#1992,#1998,#2300,.T.);
#1461=EDGE_CURVE('',#1999,#2000,#142,.T.);
#1462=EDGE_CURVE('',#2001,#1999,#2301,.T.);
#1463=EDGE_CURVE('',#2002,#2001,#143,.T.);
#1464=EDGE_CURVE('',#2002,#2003,#2302,.T.);
#1465=EDGE_CURVE('',#2004,#2003,#144,.T.);
#1466=EDGE_CURVE('',#2005,#2004,#2303,.T.);
#1467=EDGE_CURVE('',#2006,#2005,#145,.T.);
#1468=EDGE_CURVE('',#2006,#2000,#2304,.T.);
#1469=EDGE_CURVE('',#2007,#2008,#2305,.T.);
#1470=EDGE_CURVE('',#2008,#2009,#146,.F.);
#1471=EDGE_CURVE('',#2009,#2010,#147,.T.);
#1472=EDGE_CURVE('',#2010,#2011,#2306,.T.);
#1473=EDGE_CURVE('',#2011,#2012,#148,.T.);
#1474=EDGE_CURVE('',#2012,#2013,#2307,.T.);
#1475=EDGE_CURVE('',#2013,#2014,#149,.T.);
#1476=EDGE_CURVE('',#2014,#2015,#2308,.T.);
#1477=EDGE_CURVE('',#2015,#1836,#150,.F.);
#1478=EDGE_CURVE('',#1837,#2016,#2309,.T.);
#1479=EDGE_CURVE('',#2016,#2017,#2310,.T.);
#1480=EDGE_CURVE('',#2017,#2018,#151,.T.);
#1481=EDGE_CURVE('',#2018,#2019,#2311,.T.);
#1482=EDGE_CURVE('',#2019,#2020,#152,.F.);
#1483=EDGE_CURVE('',#2021,#2020,#2312,.T.);
#1484=EDGE_CURVE('',#2022,#2021,#2313,.T.);
#1485=EDGE_CURVE('',#2022,#2023,#153,.F.);
#1486=EDGE_CURVE('',#2024,#2023,#2314,.T.);
#1487=EDGE_CURVE('',#2025,#2024,#2315,.T.);
#1488=EDGE_CURVE('',#2026,#2025,#154,.T.);
#1489=EDGE_CURVE('',#2026,#2027,#2316,.T.);
#1490=EDGE_CURVE('',#2027,#2028,#155,.F.);
#1491=EDGE_CURVE('',#2029,#2028,#2317,.T.);
#1492=EDGE_CURVE('',#2029,#2030,#156,.T.);
#1493=EDGE_CURVE('',#2030,#2031,#2318,.T.);
#1494=EDGE_CURVE('',#2031,#2032,#157,.T.);
#1495=EDGE_CURVE('',#2033,#2032,#2319,.T.);
#1496=EDGE_CURVE('',#2033,#2034,#158,.F.);
#1497=EDGE_CURVE('',#2034,#2035,#2320,.T.);
#1498=EDGE_CURVE('',#2035,#2036,#159,.F.);
#1499=EDGE_CURVE('',#2037,#2036,#2321,.T.);
#1500=EDGE_CURVE('',#2037,#2038,#160,.T.);
#1501=EDGE_CURVE('',#2039,#2038,#2322,.T.);
#1502=EDGE_CURVE('',#2039,#2040,#161,.T.);
#1503=EDGE_CURVE('',#2040,#2041,#2323,.T.);
#1504=EDGE_CURVE('',#2041,#2042,#162,.F.);
#1505=EDGE_CURVE('',#2042,#2043,#2324,.T.);
#1506=EDGE_CURVE('',#2044,#2043,#163,.T.);
#1507=EDGE_CURVE('',#2045,#2044,#2325,.T.);
#1508=EDGE_CURVE('',#2045,#2046,#2326,.T.);
#1509=EDGE_CURVE('',#2046,#2047,#164,.F.);
#1510=EDGE_CURVE('',#2047,#2048,#2327,.T.);
#1511=EDGE_CURVE('',#2048,#2049,#2328,.T.);
#1512=EDGE_CURVE('',#2049,#2050,#165,.F.);
#1513=EDGE_CURVE('',#2051,#2050,#2329,.T.);
#1514=EDGE_CURVE('',#2051,#2052,#166,.T.);
#1515=EDGE_CURVE('',#2053,#2052,#2330,.T.);
#1516=EDGE_CURVE('',#2053,#2054,#2331,.T.);
#1517=EDGE_CURVE('',#2054,#2055,#2332,.T.);
#1518=EDGE_CURVE('',#2055,#2056,#2333,.T.);
#1519=EDGE_CURVE('',#2056,#2057,#167,.T.);
#1520=EDGE_CURVE('',#2057,#2058,#2334,.T.);
#1521=EDGE_CURVE('',#2058,#2007,#168,.T.);
#1522=EDGE_CURVE('',#2059,#2060,#2335,.T.);
#1523=EDGE_CURVE('',#2060,#2061,#169,.T.);
#1524=EDGE_CURVE('',#2061,#2062,#2336,.T.);
#1525=EDGE_CURVE('',#2062,#2063,#170,.T.);
#1526=EDGE_CURVE('',#2063,#2064,#2337,.T.);
#1527=EDGE_CURVE('',#2064,#2065,#171,.T.);
#1528=EDGE_CURVE('',#2065,#2066,#2338,.T.);
#1529=EDGE_CURVE('',#2066,#2059,#172,.T.);
#1530=EDGE_CURVE('',#2067,#2068,#2339,.T.);
#1531=EDGE_CURVE('',#2068,#2069,#173,.T.);
#1532=EDGE_CURVE('',#2069,#2070,#2340,.T.);
#1533=EDGE_CURVE('',#2070,#2071,#174,.T.);
#1534=EDGE_CURVE('',#2071,#2072,#2341,.T.);
#1535=EDGE_CURVE('',#2072,#2073,#175,.T.);
#1536=EDGE_CURVE('',#2073,#2074,#2342,.T.);
#1537=EDGE_CURVE('',#2074,#2067,#176,.T.);
#1538=EDGE_CURVE('',#2075,#2075,#177,.T.);
#1539=EDGE_CURVE('',#2076,#2076,#178,.T.);
#1540=EDGE_CURVE('',#2077,#2077,#179,.T.);
#1541=EDGE_CURVE('',#2078,#2078,#180,.T.);
#1542=EDGE_CURVE('',#2034,#1968,#2343,.F.);
#1543=EDGE_CURVE('',#1967,#2035,#2344,.T.);
#1544=EDGE_CURVE('',#1975,#2027,#2345,.T.);
#1545=EDGE_CURVE('',#1976,#2026,#2346,.T.);
#1546=EDGE_CURVE('',#1951,#2051,#2347,.T.);
#1547=EDGE_CURVE('',#2050,#1952,#2348,.F.);
#1548=EDGE_CURVE('',#1953,#2049,#2349,.T.);
#1549=EDGE_CURVE('',#1954,#2048,#2350,.T.);
#1550=EDGE_CURVE('',#2047,#1955,#2351,.F.);
#1551=EDGE_CURVE('',#1956,#2046,#2352,.T.);
#1552=EDGE_CURVE('',#1957,#2045,#2353,.T.);
#1553=EDGE_CURVE('',#1958,#2044,#2354,.T.);
#1554=EDGE_CURVE('',#1959,#2043,#2355,.T.);
#1555=EDGE_CURVE('',#2042,#1960,#2356,.F.);
#1556=EDGE_CURVE('',#1977,#2025,#2357,.T.);
#1557=EDGE_CURVE('',#1978,#2024,#2358,.T.);
#1558=EDGE_CURVE('',#2023,#1979,#2359,.F.);
#1559=EDGE_CURVE('',#1980,#2022,#2360,.T.);
#1560=EDGE_CURVE('',#1981,#2021,#2361,.T.);
#1561=EDGE_CURVE('',#2020,#1982,#2362,.F.);
#1562=EDGE_CURVE('',#2018,#1984,#2363,.F.);
#1563=EDGE_CURVE('',#1983,#2019,#2364,.T.);
#1564=EDGE_CURVE('',#1985,#2017,#2365,.T.);
#1565=EDGE_CURVE('',#1986,#2016,#2366,.T.);
#1566=EDGE_CURVE('',#1942,#2008,#2367,.T.);
#1567=EDGE_CURVE('',#1943,#2007,#2368,.T.);
#1568=EDGE_CURVE('',#1944,#2058,#2369,.T.);
#1569=EDGE_CURVE('',#1945,#2057,#2370,.T.);
#1570=EDGE_CURVE('',#1946,#2056,#2371,.T.);
#1571=EDGE_CURVE('',#1947,#2055,#2372,.T.);
#1572=EDGE_CURVE('',#1948,#2054,#2373,.T.);
#1573=EDGE_CURVE('',#1949,#2053,#2374,.T.);
#1574=EDGE_CURVE('',#2052,#1950,#2375,.F.);
#1575=EDGE_CURVE('',#2079,#1999,#2376,.T.);
#1576=EDGE_CURVE('',#2079,#2080,#2377,.T.);
#1577=EDGE_CURVE('',#2080,#2001,#2378,.T.);
#1578=EDGE_CURVE('',#2081,#2004,#2379,.T.);
#1579=EDGE_CURVE('',#2081,#2082,#2380,.T.);
#1580=EDGE_CURVE('',#2082,#2005,#2381,.T.);
#1581=EDGE_CURVE('',#2083,#1991,#2382,.T.);
#1582=EDGE_CURVE('',#2083,#2084,#2383,.T.);
#1583=EDGE_CURVE('',#2084,#1993,#2384,.T.);
#1584=EDGE_CURVE('',#2085,#1996,#2385,.T.);
#1585=EDGE_CURVE('',#2085,#2086,#2386,.T.);
#1586=EDGE_CURVE('',#2086,#1997,#2387,.T.);
#1587=EDGE_CURVE('',#2087,#2087,#181,.T.);
#1588=EDGE_CURVE('',#2088,#2088,#182,.T.);
#1589=EDGE_CURVE('',#2089,#2089,#183,.T.);
#1590=EDGE_CURVE('',#2090,#2090,#184,.T.);
#1591=EDGE_CURVE('',#2032,#1970,#2388,.F.);
#1592=EDGE_CURVE('',#1969,#2033,#2389,.T.);
#1593=EDGE_CURVE('',#1973,#2029,#2390,.T.);
#1594=EDGE_CURVE('',#2028,#1974,#2391,.F.);
#1595=EDGE_CURVE('',#2030,#1972,#2392,.F.);
#1596=EDGE_CURVE('',#1971,#2031,#2393,.T.);
#1597=EDGE_CURVE('',#2038,#1964,#2394,.F.);
#1598=EDGE_CURVE('',#1963,#2039,#2395,.T.);
#1599=EDGE_CURVE('',#2040,#1962,#2396,.F.);
#1600=EDGE_CURVE('',#1961,#2041,#2397,.T.);
#1601=EDGE_CURVE('',#1965,#2037,#2398,.T.);
#1602=EDGE_CURVE('',#2036,#1966,#2399,.F.);
#1603=EDGE_CURVE('',#2091,#2003,#2400,.T.);
#1604=EDGE_CURVE('',#2091,#2081,#185,.F.);
#1605=EDGE_CURVE('',#2092,#2002,#2401,.T.);
#1606=EDGE_CURVE('',#2092,#2091,#2402,.T.);
#1607=EDGE_CURVE('',#2080,#2092,#186,.F.);
#1608=EDGE_CURVE('',#2093,#1995,#2403,.T.);
#1609=EDGE_CURVE('',#2093,#2085,#187,.F.);
#1610=EDGE_CURVE('',#2094,#1994,#2404,.T.);
#1611=EDGE_CURVE('',#2094,#2093,#2405,.T.);
#1612=EDGE_CURVE('',#2084,#2094,#188,.F.);
#1613=EDGE_CURVE('',#2095,#1992,#2406,.T.);
#1614=EDGE_CURVE('',#2095,#2083,#189,.F.);
#1615=EDGE_CURVE('',#2096,#1998,#2407,.T.);
#1616=EDGE_CURVE('',#2096,#2095,#2408,.T.);
#1617=EDGE_CURVE('',#2086,#2096,#190,.F.);
#1618=EDGE_CURVE('',#2097,#2000,#2409,.T.);
#1619=EDGE_CURVE('',#2097,#2079,#191,.F.);
#1620=EDGE_CURVE('',#2098,#2006,#2410,.T.);
#1621=EDGE_CURVE('',#2098,#2097,#2411,.T.);
#1622=EDGE_CURVE('',#2082,#2098,#192,.F.);
#1623=EDGE_CURVE('',#2081,#2064,#2412,.T.);
#1624=EDGE_CURVE('',#2065,#2091,#2413,.T.);
#1625=EDGE_CURVE('',#2066,#2092,#2414,.T.);
#1626=EDGE_CURVE('',#2082,#2063,#2415,.T.);
#1627=EDGE_CURVE('',#2059,#2080,#2416,.T.);
#1628=EDGE_CURVE('',#2098,#2062,#2417,.T.);
#1629=EDGE_CURVE('',#2060,#2079,#2418,.T.);
#1630=EDGE_CURVE('',#2097,#2061,#2419,.T.);
#1631=EDGE_CURVE('',#2085,#2072,#2420,.T.);
#1632=EDGE_CURVE('',#2073,#2093,#2421,.T.);
#1633=EDGE_CURVE('',#2074,#2094,#2422,.T.);
#1634=EDGE_CURVE('',#2086,#2071,#2423,.T.);
#1635=EDGE_CURVE('',#2067,#2084,#2424,.T.);
#1636=EDGE_CURVE('',#2096,#2070,#2425,.T.);
#1637=EDGE_CURVE('',#2068,#2083,#2426,.T.);
#1638=EDGE_CURVE('',#2095,#2069,#2427,.T.);
#1639=EDGE_CURVE('',#1987,#2015,#2428,.F.);
#1640=EDGE_CURVE('',#2014,#1988,#2429,.T.);
#1641=EDGE_CURVE('',#2010,#1939,#2430,.T.);
#1642=EDGE_CURVE('',#1940,#2011,#2431,.F.);
#1643=EDGE_CURVE('',#2012,#1990,#2432,.T.);
#1644=EDGE_CURVE('',#1989,#2013,#2433,.F.);
#1645=EDGE_CURVE('',#1941,#2009,#2434,.F.);
#1646=EDGE_CURVE('',#2099,#1930,#2435,.T.);
#1647=EDGE_CURVE('',#2100,#2099,#2436,.T.);
#1648=EDGE_CURVE('',#2100,#1929,#2437,.T.);
#1649=EDGE_CURVE('',#2101,#1938,#2438,.T.);
#1650=EDGE_CURVE('',#2099,#2101,#2439,.T.);
#1651=EDGE_CURVE('',#2102,#1937,#2440,.T.);
#1652=EDGE_CURVE('',#2101,#2102,#2441,.T.);
#1653=EDGE_CURVE('',#2103,#1936,#2442,.T.);
#1654=EDGE_CURVE('',#2102,#2103,#193,.T.);
#1655=EDGE_CURVE('',#2104,#1935,#2443,.T.);
#1656=EDGE_CURVE('',#2103,#2104,#194,.T.);
#1657=EDGE_CURVE('',#2105,#1934,#2444,.T.);
#1658=EDGE_CURVE('',#2104,#2105,#2445,.T.);
#1659=EDGE_CURVE('',#2106,#1933,#2446,.T.);
#1660=EDGE_CURVE('',#2105,#2106,#2447,.T.);
#1661=EDGE_CURVE('',#2107,#1932,#2448,.T.);
#1662=EDGE_CURVE('',#2106,#2107,#2449,.T.);
#1663=EDGE_CURVE('',#2108,#1931,#2450,.T.);
#1664=EDGE_CURVE('',#2107,#2108,#195,.T.);
#1665=EDGE_CURVE('',#2108,#2100,#196,.T.);
#1666=EDGE_CURVE('',#2109,#1922,#2451,.T.);
#1667=EDGE_CURVE('',#2110,#2109,#2452,.T.);
#1668=EDGE_CURVE('',#2110,#1921,#2453,.T.);
#1669=EDGE_CURVE('',#2111,#1928,#2454,.T.);
#1670=EDGE_CURVE('',#2109,#2111,#2455,.T.);
#1671=EDGE_CURVE('',#2112,#1927,#2456,.T.);
#1672=EDGE_CURVE('',#2111,#2112,#2457,.T.);
#1673=EDGE_CURVE('',#2113,#1926,#2458,.T.);
#1674=EDGE_CURVE('',#2112,#2113,#2459,.T.);
#1675=EDGE_CURVE('',#2114,#1925,#2460,.T.);
#1676=EDGE_CURVE('',#2113,#2114,#2461,.T.);
#1677=EDGE_CURVE('',#2115,#1924,#2462,.T.);
#1678=EDGE_CURVE('',#2114,#2115,#2463,.T.);
#1679=EDGE_CURVE('',#2116,#1923,#2464,.T.);
#1680=EDGE_CURVE('',#2115,#2116,#2465,.T.);
#1681=EDGE_CURVE('',#2116,#2110,#2466,.T.);
#1682=EDGE_CURVE('',#2117,#1912,#2467,.T.);
#1683=EDGE_CURVE('',#2118,#2117,#2468,.T.);
#1684=EDGE_CURVE('',#2118,#1911,#2469,.T.);
#1685=EDGE_CURVE('',#2119,#1920,#2470,.T.);
#1686=EDGE_CURVE('',#2117,#2119,#2471,.T.);
#1687=EDGE_CURVE('',#2120,#1919,#2472,.T.);
#1688=EDGE_CURVE('',#2119,#2120,#197,.T.);
#1689=EDGE_CURVE('',#2121,#1918,#2473,.T.);
#1690=EDGE_CURVE('',#2120,#2121,#198,.T.);
#1691=EDGE_CURVE('',#2122,#1917,#2474,.T.);
#1692=EDGE_CURVE('',#2121,#2122,#2475,.T.);
#1693=EDGE_CURVE('',#2123,#1916,#2476,.T.);
#1694=EDGE_CURVE('',#2122,#2123,#2477,.T.);
#1695=EDGE_CURVE('',#2124,#1915,#2478,.T.);
#1696=EDGE_CURVE('',#2123,#2124,#2479,.T.);
#1697=EDGE_CURVE('',#2125,#1914,#2480,.T.);
#1698=EDGE_CURVE('',#2124,#2125,#2481,.T.);
#1699=EDGE_CURVE('',#2126,#1913,#2482,.T.);
#1700=EDGE_CURVE('',#2125,#2126,#2483,.T.);
#1701=EDGE_CURVE('',#2126,#2118,#2484,.T.);
#1702=EDGE_CURVE('',#2127,#1902,#2485,.T.);
#1703=EDGE_CURVE('',#2128,#2127,#2486,.T.);
#1704=EDGE_CURVE('',#2128,#1901,#2487,.T.);
#1705=EDGE_CURVE('',#2129,#1910,#2488,.T.);
#1706=EDGE_CURVE('',#2127,#2129,#2489,.T.);
#1707=EDGE_CURVE('',#2130,#1909,#2490,.T.);
#1708=EDGE_CURVE('',#2129,#2130,#2491,.T.);
#1709=EDGE_CURVE('',#2131,#1908,#2492,.T.);
#1710=EDGE_CURVE('',#2130,#2131,#2493,.T.);
#1711=EDGE_CURVE('',#2132,#1907,#2494,.T.);
#1712=EDGE_CURVE('',#2131,#2132,#2495,.T.);
#1713=EDGE_CURVE('',#2133,#1906,#2496,.T.);
#1714=EDGE_CURVE('',#2132,#2133,#2497,.T.);
#1715=EDGE_CURVE('',#2134,#1905,#2498,.T.);
#1716=EDGE_CURVE('',#2133,#2134,#199,.T.);
#1717=EDGE_CURVE('',#2135,#1904,#2499,.T.);
#1718=EDGE_CURVE('',#2134,#2135,#200,.T.);
#1719=EDGE_CURVE('',#2136,#1903,#2500,.T.);
#1720=EDGE_CURVE('',#2135,#2136,#2501,.T.);
#1721=EDGE_CURVE('',#2136,#2128,#2502,.T.);
#1722=EDGE_CURVE('',#2137,#1892,#2503,.T.);
#1723=EDGE_CURVE('',#2138,#2137,#2504,.T.);
#1724=EDGE_CURVE('',#2138,#1891,#2505,.T.);
#1725=EDGE_CURVE('',#2139,#1900,#2506,.T.);
#1726=EDGE_CURVE('',#2137,#2139,#2507,.T.);
#1727=EDGE_CURVE('',#2140,#1899,#2508,.T.);
#1728=EDGE_CURVE('',#2139,#2140,#2509,.T.);
#1729=EDGE_CURVE('',#2141,#1898,#2510,.T.);
#1730=EDGE_CURVE('',#2140,#2141,#201,.T.);
#1731=EDGE_CURVE('',#2142,#1897,#2511,.T.);
#1732=EDGE_CURVE('',#2141,#2142,#202,.T.);
#1733=EDGE_CURVE('',#2143,#1896,#2512,.T.);
#1734=EDGE_CURVE('',#2142,#2143,#2513,.T.);
#1735=EDGE_CURVE('',#2144,#1895,#2514,.T.);
#1736=EDGE_CURVE('',#2143,#2144,#2515,.T.);
#1737=EDGE_CURVE('',#2145,#1894,#2516,.T.);
#1738=EDGE_CURVE('',#2144,#2145,#2517,.T.);
#1739=EDGE_CURVE('',#2146,#1893,#2518,.T.);
#1740=EDGE_CURVE('',#2145,#2146,#203,.T.);
#1741=EDGE_CURVE('',#2146,#2138,#204,.T.);
#1742=EDGE_CURVE('',#2147,#1876,#2519,.T.);
#1743=EDGE_CURVE('',#2148,#2147,#2520,.T.);
#1744=EDGE_CURVE('',#2148,#1875,#2521,.T.);
#1745=EDGE_CURVE('',#2149,#1890,#2522,.T.);
#1746=EDGE_CURVE('',#2147,#2149,#2523,.T.);
#1747=EDGE_CURVE('',#2150,#1889,#2524,.T.);
#1748=EDGE_CURVE('',#2149,#2150,#205,.T.);
#1749=EDGE_CURVE('',#2151,#1888,#2525,.T.);
#1750=EDGE_CURVE('',#2150,#2151,#206,.T.);
#1751=EDGE_CURVE('',#2152,#1887,#2526,.T.);
#1752=EDGE_CURVE('',#2151,#2152,#2527,.T.);
#1753=EDGE_CURVE('',#2153,#1886,#2528,.T.);
#1754=EDGE_CURVE('',#2152,#2153,#2529,.T.);
#1755=EDGE_CURVE('',#2154,#1885,#2530,.T.);
#1756=EDGE_CURVE('',#2153,#2154,#207,.T.);
#1757=EDGE_CURVE('',#2155,#1884,#2531,.T.);
#1758=EDGE_CURVE('',#2154,#2155,#208,.T.);
#1759=EDGE_CURVE('',#2156,#1883,#2532,.T.);
#1760=EDGE_CURVE('',#2155,#2156,#2533,.T.);
#1761=EDGE_CURVE('',#2157,#1882,#2534,.T.);
#1762=EDGE_CURVE('',#2156,#2157,#2535,.T.);
#1763=EDGE_CURVE('',#2158,#1881,#2536,.T.);
#1764=EDGE_CURVE('',#2157,#2158,#2537,.T.);
#1765=EDGE_CURVE('',#2159,#1880,#2538,.T.);
#1766=EDGE_CURVE('',#2158,#2159,#2539,.T.);
#1767=EDGE_CURVE('',#2160,#1879,#2540,.T.);
#1768=EDGE_CURVE('',#2159,#2160,#209,.T.);
#1769=EDGE_CURVE('',#2161,#1878,#2541,.T.);
#1770=EDGE_CURVE('',#2160,#2161,#210,.T.);
#1771=EDGE_CURVE('',#2162,#1877,#2542,.T.);
#1772=EDGE_CURVE('',#2161,#2162,#2543,.T.);
#1773=EDGE_CURVE('',#2162,#2148,#2544,.T.);
#1774=EDGE_CURVE('',#2163,#1860,#2545,.T.);
#1775=EDGE_CURVE('',#2164,#2163,#2546,.T.);
#1776=EDGE_CURVE('',#2164,#1859,#2547,.T.);
#1777=EDGE_CURVE('',#2165,#1874,#2548,.T.);
#1778=EDGE_CURVE('',#2163,#2165,#2549,.T.);
#1779=EDGE_CURVE('',#2166,#1873,#2550,.T.);
#1780=EDGE_CURVE('',#2165,#2166,#211,.T.);
#1781=EDGE_CURVE('',#2167,#1872,#2551,.T.);
#1782=EDGE_CURVE('',#2166,#2167,#212,.T.);
#1783=EDGE_CURVE('',#2168,#1871,#2552,.T.);
#1784=EDGE_CURVE('',#2167,#2168,#2553,.T.);
#1785=EDGE_CURVE('',#2169,#1870,#2554,.T.);
#1786=EDGE_CURVE('',#2168,#2169,#213,.T.);
#1787=EDGE_CURVE('',#2170,#1869,#2555,.T.);
#1788=EDGE_CURVE('',#2169,#2170,#214,.T.);
#1789=EDGE_CURVE('',#2171,#1868,#2556,.T.);
#1790=EDGE_CURVE('',#2170,#2171,#2557,.T.);
#1791=EDGE_CURVE('',#2172,#1867,#2558,.T.);
#1792=EDGE_CURVE('',#2171,#2172,#2559,.T.);
#1793=EDGE_CURVE('',#2173,#1866,#2560,.T.);
#1794=EDGE_CURVE('',#2172,#2173,#2561,.T.);
#1795=EDGE_CURVE('',#2174,#1865,#2562,.T.);
#1796=EDGE_CURVE('',#2173,#2174,#215,.T.);
#1797=EDGE_CURVE('',#2175,#1864,#2563,.T.);
#1798=EDGE_CURVE('',#2174,#2175,#216,.T.);
#1799=EDGE_CURVE('',#2176,#1863,#2564,.T.);
#1800=EDGE_CURVE('',#2175,#2176,#2565,.T.);
#1801=EDGE_CURVE('',#2177,#1862,#2566,.T.);
#1802=EDGE_CURVE('',#2176,#2177,#217,.T.);
#1803=EDGE_CURVE('',#2178,#1861,#2567,.T.);
#1804=EDGE_CURVE('',#2177,#2178,#218,.T.);
#1805=EDGE_CURVE('',#2178,#2164,#2568,.T.);
#1806=EDGE_CURVE('',#2179,#1854,#2569,.T.);
#1807=EDGE_CURVE('',#2180,#2179,#2570,.T.);
#1808=EDGE_CURVE('',#2180,#1853,#2571,.T.);
#1809=EDGE_CURVE('',#2181,#1858,#2572,.T.);
#1810=EDGE_CURVE('',#2179,#2181,#2573,.T.);
#1811=EDGE_CURVE('',#2182,#1857,#2574,.T.);
#1812=EDGE_CURVE('',#2181,#2182,#2575,.T.);
#1813=EDGE_CURVE('',#2183,#1856,#2576,.T.);
#1814=EDGE_CURVE('',#2182,#2183,#2577,.T.);
#1815=EDGE_CURVE('',#2184,#1855,#2578,.T.);
#1816=EDGE_CURVE('',#2183,#2184,#2579,.T.);
#1817=EDGE_CURVE('',#2184,#2180,#2580,.T.);
#1818=EDGE_CURVE('',#2185,#1845,#2581,.T.);
#1819=EDGE_CURVE('',#2186,#2185,#2582,.T.);
#1820=EDGE_CURVE('',#2186,#1844,#2583,.T.);
#1821=EDGE_CURVE('',#2187,#1852,#2584,.T.);
#1822=EDGE_CURVE('',#2185,#2187,#2585,.T.);
#1823=EDGE_CURVE('',#2188,#1851,#2586,.T.);
#1824=EDGE_CURVE('',#2187,#2188,#2587,.T.);
#1825=EDGE_CURVE('',#2189,#1850,#2588,.T.);
#1826=EDGE_CURVE('',#2188,#2189,#2589,.T.);
#1827=EDGE_CURVE('',#2190,#1849,#2590,.T.);
#1828=EDGE_CURVE('',#2189,#2190,#2591,.T.);
#1829=EDGE_CURVE('',#2191,#1848,#2592,.T.);
#1830=EDGE_CURVE('',#2190,#2191,#2593,.T.);
#1831=EDGE_CURVE('',#2192,#1847,#2594,.T.);
#1832=EDGE_CURVE('',#2191,#2192,#2595,.T.);
#1833=EDGE_CURVE('',#2193,#1846,#2596,.T.);
#1834=EDGE_CURVE('',#2192,#2193,#2597,.T.);
#1835=EDGE_CURVE('',#2193,#2186,#2598,.T.);
#1836=VERTEX_POINT('',#5214);
#1837=VERTEX_POINT('',#5215);
#1838=VERTEX_POINT('',#5217);
#1839=VERTEX_POINT('',#5219);
#1840=VERTEX_POINT('',#5223);
#1841=VERTEX_POINT('',#5225);
#1842=VERTEX_POINT('',#5227);
#1843=VERTEX_POINT('',#5229);
#1844=VERTEX_POINT('',#5231);
#1845=VERTEX_POINT('',#5232);
#1846=VERTEX_POINT('',#5234);
#1847=VERTEX_POINT('',#5236);
#1848=VERTEX_POINT('',#5238);
#1849=VERTEX_POINT('',#5240);
#1850=VERTEX_POINT('',#5242);
#1851=VERTEX_POINT('',#5244);
#1852=VERTEX_POINT('',#5246);
#1853=VERTEX_POINT('',#5249);
#1854=VERTEX_POINT('',#5250);
#1855=VERTEX_POINT('',#5252);
#1856=VERTEX_POINT('',#5254);
#1857=VERTEX_POINT('',#5256);
#1858=VERTEX_POINT('',#5258);
#1859=VERTEX_POINT('',#5261);
#1860=VERTEX_POINT('',#5262);
#1861=VERTEX_POINT('',#5264);
#1862=VERTEX_POINT('',#5266);
#1863=VERTEX_POINT('',#5268);
#1864=VERTEX_POINT('',#5270);
#1865=VERTEX_POINT('',#5272);
#1866=VERTEX_POINT('',#5274);
#1867=VERTEX_POINT('',#5276);
#1868=VERTEX_POINT('',#5278);
#1869=VERTEX_POINT('',#5280);
#1870=VERTEX_POINT('',#5282);
#1871=VERTEX_POINT('',#5284);
#1872=VERTEX_POINT('',#5286);
#1873=VERTEX_POINT('',#5288);
#1874=VERTEX_POINT('',#5290);
#1875=VERTEX_POINT('',#5293);
#1876=VERTEX_POINT('',#5294);
#1877=VERTEX_POINT('',#5296);
#1878=VERTEX_POINT('',#5298);
#1879=VERTEX_POINT('',#5300);
#1880=VERTEX_POINT('',#5302);
#1881=VERTEX_POINT('',#5304);
#1882=VERTEX_POINT('',#5306);
#1883=VERTEX_POINT('',#5308);
#1884=VERTEX_POINT('',#5310);
#1885=VERTEX_POINT('',#5312);
#1886=VERTEX_POINT('',#5314);
#1887=VERTEX_POINT('',#5316);
#1888=VERTEX_POINT('',#5318);
#1889=VERTEX_POINT('',#5320);
#1890=VERTEX_POINT('',#5322);
#1891=VERTEX_POINT('',#5325);
#1892=VERTEX_POINT('',#5326);
#1893=VERTEX_POINT('',#5328);
#1894=VERTEX_POINT('',#5330);
#1895=VERTEX_POINT('',#5332);
#1896=VERTEX_POINT('',#5334);
#1897=VERTEX_POINT('',#5336);
#1898=VERTEX_POINT('',#5338);
#1899=VERTEX_POINT('',#5340);
#1900=VERTEX_POINT('',#5342);
#1901=VERTEX_POINT('',#5345);
#1902=VERTEX_POINT('',#5346);
#1903=VERTEX_POINT('',#5348);
#1904=VERTEX_POINT('',#5350);
#1905=VERTEX_POINT('',#5352);
#1906=VERTEX_POINT('',#5354);
#1907=VERTEX_POINT('',#5356);
#1908=VERTEX_POINT('',#5358);
#1909=VERTEX_POINT('',#5360);
#1910=VERTEX_POINT('',#5362);
#1911=VERTEX_POINT('',#5365);
#1912=VERTEX_POINT('',#5366);
#1913=VERTEX_POINT('',#5368);
#1914=VERTEX_POINT('',#5370);
#1915=VERTEX_POINT('',#5372);
#1916=VERTEX_POINT('',#5374);
#1917=VERTEX_POINT('',#5376);
#1918=VERTEX_POINT('',#5378);
#1919=VERTEX_POINT('',#5380);
#1920=VERTEX_POINT('',#5382);
#1921=VERTEX_POINT('',#5385);
#1922=VERTEX_POINT('',#5386);
#1923=VERTEX_POINT('',#5388);
#1924=VERTEX_POINT('',#5390);
#1925=VERTEX_POINT('',#5392);
#1926=VERTEX_POINT('',#5394);
#1927=VERTEX_POINT('',#5396);
#1928=VERTEX_POINT('',#5398);
#1929=VERTEX_POINT('',#5401);
#1930=VERTEX_POINT('',#5402);
#1931=VERTEX_POINT('',#5404);
#1932=VERTEX_POINT('',#5406);
#1933=VERTEX_POINT('',#5408);
#1934=VERTEX_POINT('',#5410);
#1935=VERTEX_POINT('',#5412);
#1936=VERTEX_POINT('',#5414);
#1937=VERTEX_POINT('',#5416);
#1938=VERTEX_POINT('',#5418);
#1939=VERTEX_POINT('',#5421);
#1940=VERTEX_POINT('',#5422);
#1941=VERTEX_POINT('',#5424);
#1942=VERTEX_POINT('',#5426);
#1943=VERTEX_POINT('',#5428);
#1944=VERTEX_POINT('',#5430);
#1945=VERTEX_POINT('',#5432);
#1946=VERTEX_POINT('',#5434);
#1947=VERTEX_POINT('',#5436);
#1948=VERTEX_POINT('',#5438);
#1949=VERTEX_POINT('',#5440);
#1950=VERTEX_POINT('',#5442);
#1951=VERTEX_POINT('',#5444);
#1952=VERTEX_POINT('',#5446);
#1953=VERTEX_POINT('',#5448);
#1954=VERTEX_POINT('',#5450);
#1955=VERTEX_POINT('',#5452);
#1956=VERTEX_POINT('',#5454);
#1957=VERTEX_POINT('',#5456);
#1958=VERTEX_POINT('',#5458);
#1959=VERTEX_POINT('',#5460);
#1960=VERTEX_POINT('',#5462);
#1961=VERTEX_POINT('',#5464);
#1962=VERTEX_POINT('',#5466);
#1963=VERTEX_POINT('',#5468);
#1964=VERTEX_POINT('',#5470);
#1965=VERTEX_POINT('',#5472);
#1966=VERTEX_POINT('',#5474);
#1967=VERTEX_POINT('',#5476);
#1968=VERTEX_POINT('',#5478);
#1969=VERTEX_POINT('',#5480);
#1970=VERTEX_POINT('',#5482);
#1971=VERTEX_POINT('',#5484);
#1972=VERTEX_POINT('',#5486);
#1973=VERTEX_POINT('',#5488);
#1974=VERTEX_POINT('',#5490);
#1975=VERTEX_POINT('',#5492);
#1976=VERTEX_POINT('',#5494);
#1977=VERTEX_POINT('',#5496);
#1978=VERTEX_POINT('',#5498);
#1979=VERTEX_POINT('',#5500);
#1980=VERTEX_POINT('',#5502);
#1981=VERTEX_POINT('',#5504);
#1982=VERTEX_POINT('',#5506);
#1983=VERTEX_POINT('',#5508);
#1984=VERTEX_POINT('',#5510);
#1985=VERTEX_POINT('',#5512);
#1986=VERTEX_POINT('',#5514);
#1987=VERTEX_POINT('',#5517);
#1988=VERTEX_POINT('',#5519);
#1989=VERTEX_POINT('',#5521);
#1990=VERTEX_POINT('',#5523);
#1991=VERTEX_POINT('',#5526);
#1992=VERTEX_POINT('',#5527);
#1993=VERTEX_POINT('',#5529);
#1994=VERTEX_POINT('',#5531);
#1995=VERTEX_POINT('',#5533);
#1996=VERTEX_POINT('',#5535);
#1997=VERTEX_POINT('',#5537);
#1998=VERTEX_POINT('',#5539);
#1999=VERTEX_POINT('',#5542);
#2000=VERTEX_POINT('',#5543);
#2001=VERTEX_POINT('',#5545);
#2002=VERTEX_POINT('',#5547);
#2003=VERTEX_POINT('',#5549);
#2004=VERTEX_POINT('',#5551);
#2005=VERTEX_POINT('',#5553);
#2006=VERTEX_POINT('',#5555);
#2007=VERTEX_POINT('',#5559);
#2008=VERTEX_POINT('',#5560);
#2009=VERTEX_POINT('',#5562);
#2010=VERTEX_POINT('',#5564);
#2011=VERTEX_POINT('',#5566);
#2012=VERTEX_POINT('',#5568);
#2013=VERTEX_POINT('',#5570);
#2014=VERTEX_POINT('',#5572);
#2015=VERTEX_POINT('',#5574);
#2016=VERTEX_POINT('',#5577);
#2017=VERTEX_POINT('',#5579);
#2018=VERTEX_POINT('',#5581);
#2019=VERTEX_POINT('',#5583);
#2020=VERTEX_POINT('',#5585);
#2021=VERTEX_POINT('',#5587);
#2022=VERTEX_POINT('',#5589);
#2023=VERTEX_POINT('',#5591);
#2024=VERTEX_POINT('',#5593);
#2025=VERTEX_POINT('',#5595);
#2026=VERTEX_POINT('',#5597);
#2027=VERTEX_POINT('',#5599);
#2028=VERTEX_POINT('',#5601);
#2029=VERTEX_POINT('',#5603);
#2030=VERTEX_POINT('',#5605);
#2031=VERTEX_POINT('',#5607);
#2032=VERTEX_POINT('',#5609);
#2033=VERTEX_POINT('',#5611);
#2034=VERTEX_POINT('',#5613);
#2035=VERTEX_POINT('',#5615);
#2036=VERTEX_POINT('',#5617);
#2037=VERTEX_POINT('',#5619);
#2038=VERTEX_POINT('',#5621);
#2039=VERTEX_POINT('',#5623);
#2040=VERTEX_POINT('',#5625);
#2041=VERTEX_POINT('',#5627);
#2042=VERTEX_POINT('',#5629);
#2043=VERTEX_POINT('',#5631);
#2044=VERTEX_POINT('',#5633);
#2045=VERTEX_POINT('',#5635);
#2046=VERTEX_POINT('',#5637);
#2047=VERTEX_POINT('',#5639);
#2048=VERTEX_POINT('',#5641);
#2049=VERTEX_POINT('',#5643);
#2050=VERTEX_POINT('',#5645);
#2051=VERTEX_POINT('',#5647);
#2052=VERTEX_POINT('',#5649);
#2053=VERTEX_POINT('',#5651);
#2054=VERTEX_POINT('',#5653);
#2055=VERTEX_POINT('',#5655);
#2056=VERTEX_POINT('',#5657);
#2057=VERTEX_POINT('',#5659);
#2058=VERTEX_POINT('',#5661);
#2059=VERTEX_POINT('',#5664);
#2060=VERTEX_POINT('',#5665);
#2061=VERTEX_POINT('',#5667);
#2062=VERTEX_POINT('',#5669);
#2063=VERTEX_POINT('',#5671);
#2064=VERTEX_POINT('',#5673);
#2065=VERTEX_POINT('',#5675);
#2066=VERTEX_POINT('',#5677);
#2067=VERTEX_POINT('',#5680);
#2068=VERTEX_POINT('',#5681);
#2069=VERTEX_POINT('',#5683);
#2070=VERTEX_POINT('',#5685);
#2071=VERTEX_POINT('',#5687);
#2072=VERTEX_POINT('',#5689);
#2073=VERTEX_POINT('',#5691);
#2074=VERTEX_POINT('',#5693);
#2075=VERTEX_POINT('',#5696);
#2076=VERTEX_POINT('',#5698);
#2077=VERTEX_POINT('',#5700);
#2078=VERTEX_POINT('',#5702);
#2079=VERTEX_POINT('',#5763);
#2080=VERTEX_POINT('',#5765);
#2081=VERTEX_POINT('',#5769);
#2082=VERTEX_POINT('',#5771);
#2083=VERTEX_POINT('',#5775);
#2084=VERTEX_POINT('',#5777);
#2085=VERTEX_POINT('',#5781);
#2086=VERTEX_POINT('',#5783);
#2087=VERTEX_POINT('',#5793);
#2088=VERTEX_POINT('',#5796);
#2089=VERTEX_POINT('',#5799);
#2090=VERTEX_POINT('',#5802);
#2091=VERTEX_POINT('',#5831);
#2092=VERTEX_POINT('',#5835);
#2093=VERTEX_POINT('',#5841);
#2094=VERTEX_POINT('',#5845);
#2095=VERTEX_POINT('',#5851);
#2096=VERTEX_POINT('',#5855);
#2097=VERTEX_POINT('',#5861);
#2098=VERTEX_POINT('',#5865);
#2099=VERTEX_POINT('',#5918);
#2100=VERTEX_POINT('',#5920);
#2101=VERTEX_POINT('',#5924);
#2102=VERTEX_POINT('',#5928);
#2103=VERTEX_POINT('',#5932);
#2104=VERTEX_POINT('',#5936);
#2105=VERTEX_POINT('',#5940);
#2106=VERTEX_POINT('',#5944);
#2107=VERTEX_POINT('',#5948);
#2108=VERTEX_POINT('',#5952);
#2109=VERTEX_POINT('',#5959);
#2110=VERTEX_POINT('',#5961);
#2111=VERTEX_POINT('',#5965);
#2112=VERTEX_POINT('',#5969);
#2113=VERTEX_POINT('',#5973);
#2114=VERTEX_POINT('',#5977);
#2115=VERTEX_POINT('',#5981);
#2116=VERTEX_POINT('',#5985);
#2117=VERTEX_POINT('',#5992);
#2118=VERTEX_POINT('',#5994);
#2119=VERTEX_POINT('',#5998);
#2120=VERTEX_POINT('',#6002);
#2121=VERTEX_POINT('',#6006);
#2122=VERTEX_POINT('',#6010);
#2123=VERTEX_POINT('',#6014);
#2124=VERTEX_POINT('',#6018);
#2125=VERTEX_POINT('',#6022);
#2126=VERTEX_POINT('',#6026);
#2127=VERTEX_POINT('',#6033);
#2128=VERTEX_POINT('',#6035);
#2129=VERTEX_POINT('',#6039);
#2130=VERTEX_POINT('',#6043);
#2131=VERTEX_POINT('',#6047);
#2132=VERTEX_POINT('',#6051);
#2133=VERTEX_POINT('',#6055);
#2134=VERTEX_POINT('',#6059);
#2135=VERTEX_POINT('',#6063);
#2136=VERTEX_POINT('',#6067);
#2137=VERTEX_POINT('',#6074);
#2138=VERTEX_POINT('',#6076);
#2139=VERTEX_POINT('',#6080);
#2140=VERTEX_POINT('',#6084);
#2141=VERTEX_POINT('',#6088);
#2142=VERTEX_POINT('',#6092);
#2143=VERTEX_POINT('',#6096);
#2144=VERTEX_POINT('',#6100);
#2145=VERTEX_POINT('',#6104);
#2146=VERTEX_POINT('',#6108);
#2147=VERTEX_POINT('',#6115);
#2148=VERTEX_POINT('',#6117);
#2149=VERTEX_POINT('',#6121);
#2150=VERTEX_POINT('',#6125);
#2151=VERTEX_POINT('',#6129);
#2152=VERTEX_POINT('',#6133);
#2153=VERTEX_POINT('',#6137);
#2154=VERTEX_POINT('',#6141);
#2155=VERTEX_POINT('',#6145);
#2156=VERTEX_POINT('',#6149);
#2157=VERTEX_POINT('',#6153);
#2158=VERTEX_POINT('',#6157);
#2159=VERTEX_POINT('',#6161);
#2160=VERTEX_POINT('',#6165);
#2161=VERTEX_POINT('',#6169);
#2162=VERTEX_POINT('',#6173);
#2163=VERTEX_POINT('',#6180);
#2164=VERTEX_POINT('',#6182);
#2165=VERTEX_POINT('',#6186);
#2166=VERTEX_POINT('',#6190);
#2167=VERTEX_POINT('',#6194);
#2168=VERTEX_POINT('',#6198);
#2169=VERTEX_POINT('',#6202);
#2170=VERTEX_POINT('',#6206);
#2171=VERTEX_POINT('',#6210);
#2172=VERTEX_POINT('',#6214);
#2173=VERTEX_POINT('',#6218);
#2174=VERTEX_POINT('',#6222);
#2175=VERTEX_POINT('',#6226);
#2176=VERTEX_POINT('',#6230);
#2177=VERTEX_POINT('',#6234);
#2178=VERTEX_POINT('',#6238);
#2179=VERTEX_POINT('',#6245);
#2180=VERTEX_POINT('',#6247);
#2181=VERTEX_POINT('',#6251);
#2182=VERTEX_POINT('',#6255);
#2183=VERTEX_POINT('',#6259);
#2184=VERTEX_POINT('',#6263);
#2185=VERTEX_POINT('',#6270);
#2186=VERTEX_POINT('',#6272);
#2187=VERTEX_POINT('',#6276);
#2188=VERTEX_POINT('',#6280);
#2189=VERTEX_POINT('',#6284);
#2190=VERTEX_POINT('',#6288);
#2191=VERTEX_POINT('',#6292);
#2192=VERTEX_POINT('',#6296);
#2193=VERTEX_POINT('',#6300);
#2194=LINE('',#5213,#2599);
#2195=LINE('',#5216,#2600);
#2196=LINE('',#5218,#2601);
#2197=LINE('',#5220,#2602);
#2198=LINE('',#5230,#2603);
#2199=LINE('',#5233,#2604);
#2200=LINE('',#5235,#2605);
#2201=LINE('',#5237,#2606);
#2202=LINE('',#5239,#2607);
#2203=LINE('',#5241,#2608);
#2204=LINE('',#5243,#2609);
#2205=LINE('',#5245,#2610);
#2206=LINE('',#5247,#2611);
#2207=LINE('',#5248,#2612);
#2208=LINE('',#5251,#2613);
#2209=LINE('',#5253,#2614);
#2210=LINE('',#5255,#2615);
#2211=LINE('',#5257,#2616);
#2212=LINE('',#5259,#2617);
#2213=LINE('',#5260,#2618);
#2214=LINE('',#5263,#2619);
#2215=LINE('',#5269,#2620);
#2216=LINE('',#5275,#2621);
#2217=LINE('',#5277,#2622);
#2218=LINE('',#5279,#2623);
#2219=LINE('',#5285,#2624);
#2220=LINE('',#5291,#2625);
#2221=LINE('',#5292,#2626);
#2222=LINE('',#5295,#2627);
#2223=LINE('',#5297,#2628);
#2224=LINE('',#5303,#2629);
#2225=LINE('',#5305,#2630);
#2226=LINE('',#5307,#2631);
#2227=LINE('',#5309,#2632);
#2228=LINE('',#5315,#2633);
#2229=LINE('',#5317,#2634);
#2230=LINE('',#5323,#2635);
#2231=LINE('',#5324,#2636);
#2232=LINE('',#5331,#2637);
#2233=LINE('',#5333,#2638);
#2234=LINE('',#5335,#2639);
#2235=LINE('',#5341,#2640);
#2236=LINE('',#5343,#2641);
#2237=LINE('',#5344,#2642);
#2238=LINE('',#5347,#2643);
#2239=LINE('',#5349,#2644);
#2240=LINE('',#5355,#2645);
#2241=LINE('',#5357,#2646);
#2242=LINE('',#5359,#2647);
#2243=LINE('',#5361,#2648);
#2244=LINE('',#5363,#2649);
#2245=LINE('',#5364,#2650);
#2246=LINE('',#5367,#2651);
#2247=LINE('',#5369,#2652);
#2248=LINE('',#5371,#2653);
#2249=LINE('',#5373,#2654);
#2250=LINE('',#5375,#2655);
#2251=LINE('',#5377,#2656);
#2252=LINE('',#5383,#2657);
#2253=LINE('',#5384,#2658);
#2254=LINE('',#5387,#2659);
#2255=LINE('',#5389,#2660);
#2256=LINE('',#5391,#2661);
#2257=LINE('',#5393,#2662);
#2258=LINE('',#5395,#2663);
#2259=LINE('',#5397,#2664);
#2260=LINE('',#5399,#2665);
#2261=LINE('',#5400,#2666);
#2262=LINE('',#5407,#2667);
#2263=LINE('',#5409,#2668);
#2264=LINE('',#5411,#2669);
#2265=LINE('',#5417,#2670);
#2266=LINE('',#5419,#2671);
#2267=LINE('',#5420,#2672);
#2268=LINE('',#5427,#2673);
#2269=LINE('',#5431,#2674);
#2270=LINE('',#5435,#2675);
#2271=LINE('',#5437,#2676);
#2272=LINE('',#5439,#2677);
#2273=LINE('',#5441,#2678);
#2274=LINE('',#5445,#2679);
#2275=LINE('',#5449,#2680);
#2276=LINE('',#5451,#2681);
#2277=LINE('',#5455,#2682);
#2278=LINE('',#5457,#2683);
#2279=LINE('',#5461,#2684);
#2280=LINE('',#5465,#2685);
#2281=LINE('',#5469,#2686);
#2282=LINE('',#5473,#2687);
#2283=LINE('',#5477,#2688);
#2284=LINE('',#5481,#2689);
#2285=LINE('',#5485,#2690);
#2286=LINE('',#5489,#2691);
#2287=LINE('',#5493,#2692);
#2288=LINE('',#5497,#2693);
#2289=LINE('',#5499,#2694);
#2290=LINE('',#5503,#2695);
#2291=LINE('',#5505,#2696);
#2292=LINE('',#5509,#2697);
#2293=LINE('',#5513,#2698);
#2294=LINE('',#5515,#2699);
#2295=LINE('',#5518,#2700);
#2296=LINE('',#5522,#2701);
#2297=LINE('',#5528,#2702);
#2298=LINE('',#5532,#2703);
#2299=LINE('',#5536,#2704);
#2300=LINE('',#5540,#2705);
#2301=LINE('',#5544,#2706);
#2302=LINE('',#5548,#2707);
#2303=LINE('',#5552,#2708);
#2304=LINE('',#5556,#2709);
#2305=LINE('',#5558,#2710);
#2306=LINE('',#5565,#2711);
#2307=LINE('',#5569,#2712);
#2308=LINE('',#5573,#2713);
#2309=LINE('',#5576,#2714);
#2310=LINE('',#5578,#2715);
#2311=LINE('',#5582,#2716);
#2312=LINE('',#5586,#2717);
#2313=LINE('',#5588,#2718);
#2314=LINE('',#5592,#2719);
#2315=LINE('',#5594,#2720);
#2316=LINE('',#5598,#2721);
#2317=LINE('',#5602,#2722);
#2318=LINE('',#5606,#2723);
#2319=LINE('',#5610,#2724);
#2320=LINE('',#5614,#2725);
#2321=LINE('',#5618,#2726);
#2322=LINE('',#5622,#2727);
#2323=LINE('',#5626,#2728);
#2324=LINE('',#5630,#2729);
#2325=LINE('',#5634,#2730);
#2326=LINE('',#5636,#2731);
#2327=LINE('',#5640,#2732);
#2328=LINE('',#5642,#2733);
#2329=LINE('',#5646,#2734);
#2330=LINE('',#5650,#2735);
#2331=LINE('',#5652,#2736);
#2332=LINE('',#5654,#2737);
#2333=LINE('',#5656,#2738);
#2334=LINE('',#5660,#2739);
#2335=LINE('',#5663,#2740);
#2336=LINE('',#5668,#2741);
#2337=LINE('',#5672,#2742);
#2338=LINE('',#5676,#2743);
#2339=LINE('',#5679,#2744);
#2340=LINE('',#5684,#2745);
#2341=LINE('',#5688,#2746);
#2342=LINE('',#5692,#2747);
#2343=LINE('',#5704,#2748);
#2344=LINE('',#5705,#2749);
#2345=LINE('',#5707,#2750);
#2346=LINE('',#5708,#2751);
#2347=LINE('',#5710,#2752);
#2348=LINE('',#5711,#2753);
#2349=LINE('',#5713,#2754);
#2350=LINE('',#5714,#2755);
#2351=LINE('',#5716,#2756);
#2352=LINE('',#5718,#2757);
#2353=LINE('',#5719,#2758);
#2354=LINE('',#5721,#2759);
#2355=LINE('',#5723,#2760);
#2356=LINE('',#5725,#2761);
#2357=LINE('',#5727,#2762);
#2358=LINE('',#5729,#2763);
#2359=LINE('',#5731,#2764);
#2360=LINE('',#5733,#2765);
#2361=LINE('',#5734,#2766);
#2362=LINE('',#5736,#2767);
#2363=LINE('',#5738,#2768);
#2364=LINE('',#5739,#2769);
#2365=LINE('',#5741,#2770);
#2366=LINE('',#5742,#2771);
#2367=LINE('',#5745,#2772);
#2368=LINE('',#5746,#2773);
#2369=LINE('',#5748,#2774);
#2370=LINE('',#5750,#2775);
#2371=LINE('',#5752,#2776);
#2372=LINE('',#5754,#2777);
#2373=LINE('',#5756,#2778);
#2374=LINE('',#5758,#2779);
#2375=LINE('',#5760,#2780);
#2376=LINE('',#5762,#2781);
#2377=LINE('',#5764,#2782);
#2378=LINE('',#5766,#2783);
#2379=LINE('',#5768,#2784);
#2380=LINE('',#5770,#2785);
#2381=LINE('',#5772,#2786);
#2382=LINE('',#5774,#2787);
#2383=LINE('',#5776,#2788);
#2384=LINE('',#5778,#2789);
#2385=LINE('',#5780,#2790);
#2386=LINE('',#5782,#2791);
#2387=LINE('',#5784,#2792);
#2388=LINE('',#5804,#2793);
#2389=LINE('',#5805,#2794);
#2390=LINE('',#5807,#2795);
#2391=LINE('',#5808,#2796);
#2392=LINE('',#5810,#2797);
#2393=LINE('',#5811,#2798);
#2394=LINE('',#5813,#2799);
#2395=LINE('',#5814,#2800);
#2396=LINE('',#5816,#2801);
#2397=LINE('',#5817,#2802);
#2398=LINE('',#5819,#2803);
#2399=LINE('',#5820,#2804);
#2400=LINE('',#5830,#2805);
#2401=LINE('',#5834,#2806);
#2402=LINE('',#5836,#2807);
#2403=LINE('',#5840,#2808);
#2404=LINE('',#5844,#2809);
#2405=LINE('',#5846,#2810);
#2406=LINE('',#5850,#2811);
#2407=LINE('',#5854,#2812);
#2408=LINE('',#5856,#2813);
#2409=LINE('',#5860,#2814);
#2410=LINE('',#5864,#2815);
#2411=LINE('',#5866,#2816);
#2412=LINE('',#5870,#2817);
#2413=LINE('',#5871,#2818);
#2414=LINE('',#5873,#2819);
#2415=LINE('',#5875,#2820);
#2416=LINE('',#5877,#2821);
#2417=LINE('',#5879,#2822);
#2418=LINE('',#5881,#2823);
#2419=LINE('',#5883,#2824);
#2420=LINE('',#5886,#2825);
#2421=LINE('',#5887,#2826);
#2422=LINE('',#5889,#2827);
#2423=LINE('',#5891,#2828);
#2424=LINE('',#5893,#2829);
#2425=LINE('',#5895,#2830);
#2426=LINE('',#5897,#2831);
#2427=LINE('',#5899,#2832);
#2428=LINE('',#5902,#2833);
#2429=LINE('',#5903,#2834);
#2430=LINE('',#5905,#2835);
#2431=LINE('',#5906,#2836);
#2432=LINE('',#5908,#2837);
#2433=LINE('',#5909,#2838);
#2434=LINE('',#5911,#2839);
#2435=LINE('',#5917,#2840);
#2436=LINE('',#5919,#2841);
#2437=LINE('',#5921,#2842);
#2438=LINE('',#5923,#2843);
#2439=LINE('',#5925,#2844);
#2440=LINE('',#5927,#2845);
#2441=LINE('',#5929,#2846);
#2442=LINE('',#5931,#2847);
#2443=LINE('',#5935,#2848);
#2444=LINE('',#5939,#2849);
#2445=LINE('',#5941,#2850);
#2446=LINE('',#5943,#2851);
#2447=LINE('',#5945,#2852);
#2448=LINE('',#5947,#2853);
#2449=LINE('',#5949,#2854);
#2450=LINE('',#5951,#2855);
#2451=LINE('',#5958,#2856);
#2452=LINE('',#5960,#2857);
#2453=LINE('',#5962,#2858);
#2454=LINE('',#5964,#2859);
#2455=LINE('',#5966,#2860);
#2456=LINE('',#5968,#2861);
#2457=LINE('',#5970,#2862);
#2458=LINE('',#5972,#2863);
#2459=LINE('',#5974,#2864);
#2460=LINE('',#5976,#2865);
#2461=LINE('',#5978,#2866);
#2462=LINE('',#5980,#2867);
#2463=LINE('',#5982,#2868);
#2464=LINE('',#5984,#2869);
#2465=LINE('',#5986,#2870);
#2466=LINE('',#5988,#2871);
#2467=LINE('',#5991,#2872);
#2468=LINE('',#5993,#2873);
#2469=LINE('',#5995,#2874);
#2470=LINE('',#5997,#2875);
#2471=LINE('',#5999,#2876);
#2472=LINE('',#6001,#2877);
#2473=LINE('',#6005,#2878);
#2474=LINE('',#6009,#2879);
#2475=LINE('',#6011,#2880);
#2476=LINE('',#6013,#2881);
#2477=LINE('',#6015,#2882);
#2478=LINE('',#6017,#2883);
#2479=LINE('',#6019,#2884);
#2480=LINE('',#6021,#2885);
#2481=LINE('',#6023,#2886);
#2482=LINE('',#6025,#2887);
#2483=LINE('',#6027,#2888);
#2484=LINE('',#6029,#2889);
#2485=LINE('',#6032,#2890);
#2486=LINE('',#6034,#2891);
#2487=LINE('',#6036,#2892);
#2488=LINE('',#6038,#2893);
#2489=LINE('',#6040,#2894);
#2490=LINE('',#6042,#2895);
#2491=LINE('',#6044,#2896);
#2492=LINE('',#6046,#2897);
#2493=LINE('',#6048,#2898);
#2494=LINE('',#6050,#2899);
#2495=LINE('',#6052,#2900);
#2496=LINE('',#6054,#2901);
#2497=LINE('',#6056,#2902);
#2498=LINE('',#6058,#2903);
#2499=LINE('',#6062,#2904);
#2500=LINE('',#6066,#2905);
#2501=LINE('',#6068,#2906);
#2502=LINE('',#6070,#2907);
#2503=LINE('',#6073,#2908);
#2504=LINE('',#6075,#2909);
#2505=LINE('',#6077,#2910);
#2506=LINE('',#6079,#2911);
#2507=LINE('',#6081,#2912);
#2508=LINE('',#6083,#2913);
#2509=LINE('',#6085,#2914);
#2510=LINE('',#6087,#2915);
#2511=LINE('',#6091,#2916);
#2512=LINE('',#6095,#2917);
#2513=LINE('',#6097,#2918);
#2514=LINE('',#6099,#2919);
#2515=LINE('',#6101,#2920);
#2516=LINE('',#6103,#2921);
#2517=LINE('',#6105,#2922);
#2518=LINE('',#6107,#2923);
#2519=LINE('',#6114,#2924);
#2520=LINE('',#6116,#2925);
#2521=LINE('',#6118,#2926);
#2522=LINE('',#6120,#2927);
#2523=LINE('',#6122,#2928);
#2524=LINE('',#6124,#2929);
#2525=LINE('',#6128,#2930);
#2526=LINE('',#6132,#2931);
#2527=LINE('',#6134,#2932);
#2528=LINE('',#6136,#2933);
#2529=LINE('',#6138,#2934);
#2530=LINE('',#6140,#2935);
#2531=LINE('',#6144,#2936);
#2532=LINE('',#6148,#2937);
#2533=LINE('',#6150,#2938);
#2534=LINE('',#6152,#2939);
#2535=LINE('',#6154,#2940);
#2536=LINE('',#6156,#2941);
#2537=LINE('',#6158,#2942);
#2538=LINE('',#6160,#2943);
#2539=LINE('',#6162,#2944);
#2540=LINE('',#6164,#2945);
#2541=LINE('',#6168,#2946);
#2542=LINE('',#6172,#2947);
#2543=LINE('',#6174,#2948);
#2544=LINE('',#6176,#2949);
#2545=LINE('',#6179,#2950);
#2546=LINE('',#6181,#2951);
#2547=LINE('',#6183,#2952);
#2548=LINE('',#6185,#2953);
#2549=LINE('',#6187,#2954);
#2550=LINE('',#6189,#2955);
#2551=LINE('',#6193,#2956);
#2552=LINE('',#6197,#2957);
#2553=LINE('',#6199,#2958);
#2554=LINE('',#6201,#2959);
#2555=LINE('',#6205,#2960);
#2556=LINE('',#6209,#2961);
#2557=LINE('',#6211,#2962);
#2558=LINE('',#6213,#2963);
#2559=LINE('',#6215,#2964);
#2560=LINE('',#6217,#2965);
#2561=LINE('',#6219,#2966);
#2562=LINE('',#6221,#2967);
#2563=LINE('',#6225,#2968);
#2564=LINE('',#6229,#2969);
#2565=LINE('',#6231,#2970);
#2566=LINE('',#6233,#2971);
#2567=LINE('',#6237,#2972);
#2568=LINE('',#6241,#2973);
#2569=LINE('',#6244,#2974);
#2570=LINE('',#6246,#2975);
#2571=LINE('',#6248,#2976);
#2572=LINE('',#6250,#2977);
#2573=LINE('',#6252,#2978);
#2574=LINE('',#6254,#2979);
#2575=LINE('',#6256,#2980);
#2576=LINE('',#6258,#2981);
#2577=LINE('',#6260,#2982);
#2578=LINE('',#6262,#2983);
#2579=LINE('',#6264,#2984);
#2580=LINE('',#6266,#2985);
#2581=LINE('',#6269,#2986);
#2582=LINE('',#6271,#2987);
#2583=LINE('',#6273,#2988);
#2584=LINE('',#6275,#2989);
#2585=LINE('',#6277,#2990);
#2586=LINE('',#6279,#2991);
#2587=LINE('',#6281,#2992);
#2588=LINE('',#6283,#2993);
#2589=LINE('',#6285,#2994);
#2590=LINE('',#6287,#2995);
#2591=LINE('',#6289,#2996);
#2592=LINE('',#6291,#2997);
#2593=LINE('',#6293,#2998);
#2594=LINE('',#6295,#2999);
#2595=LINE('',#6297,#3000);
#2596=LINE('',#6299,#3001);
#2597=LINE('',#6301,#3002);
#2598=LINE('',#6303,#3003);
#2599=VECTOR('',#4140,1.);
#2600=VECTOR('',#4141,1.);
#2601=VECTOR('',#4142,1.);
#2602=VECTOR('',#4143,1.);
#2603=VECTOR('',#4154,1.);
#2604=VECTOR('',#4155,1.);
#2605=VECTOR('',#4156,1.);
#2606=VECTOR('',#4157,1.);
#2607=VECTOR('',#4158,1.);
#2608=VECTOR('',#4159,1.);
#2609=VECTOR('',#4160,1.);
#2610=VECTOR('',#4161,1.);
#2611=VECTOR('',#4162,1.);
#2612=VECTOR('',#4163,1.);
#2613=VECTOR('',#4164,1.);
#2614=VECTOR('',#4165,1.);
#2615=VECTOR('',#4166,1.);
#2616=VECTOR('',#4167,1.);
#2617=VECTOR('',#4168,1.);
#2618=VECTOR('',#4169,1.);
#2619=VECTOR('',#4170,1.);
#2620=VECTOR('',#4175,1.);
#2621=VECTOR('',#4180,1.);
#2622=VECTOR('',#4181,1.);
#2623=VECTOR('',#4182,1.);
#2624=VECTOR('',#4187,1.);
#2625=VECTOR('',#4192,1.);
#2626=VECTOR('',#4193,1.);
#2627=VECTOR('',#4194,1.);
#2628=VECTOR('',#4195,1.);
#2629=VECTOR('',#4200,1.);
#2630=VECTOR('',#4201,1.);
#2631=VECTOR('',#4202,1.);
#2632=VECTOR('',#4203,1.);
#2633=VECTOR('',#4208,1.);
#2634=VECTOR('',#4209,1.);
#2635=VECTOR('',#4214,1.);
#2636=VECTOR('',#4215,1.);
#2637=VECTOR('',#4220,1.);
#2638=VECTOR('',#4221,1.);
#2639=VECTOR('',#4222,1.);
#2640=VECTOR('',#4227,1.);
#2641=VECTOR('',#4228,1.);
#2642=VECTOR('',#4229,1.);
#2643=VECTOR('',#4230,1.);
#2644=VECTOR('',#4231,1.);
#2645=VECTOR('',#4236,1.);
#2646=VECTOR('',#4237,1.);
#2647=VECTOR('',#4238,1.);
#2648=VECTOR('',#4239,1.);
#2649=VECTOR('',#4240,1.);
#2650=VECTOR('',#4241,1.);
#2651=VECTOR('',#4242,1.);
#2652=VECTOR('',#4243,1.);
#2653=VECTOR('',#4244,1.);
#2654=VECTOR('',#4245,1.);
#2655=VECTOR('',#4246,1.);
#2656=VECTOR('',#4247,1.);
#2657=VECTOR('',#4252,1.);
#2658=VECTOR('',#4253,1.);
#2659=VECTOR('',#4254,1.);
#2660=VECTOR('',#4255,1.);
#2661=VECTOR('',#4256,1.);
#2662=VECTOR('',#4257,1.);
#2663=VECTOR('',#4258,1.);
#2664=VECTOR('',#4259,1.);
#2665=VECTOR('',#4260,1.);
#2666=VECTOR('',#4261,1.);
#2667=VECTOR('',#4266,1.);
#2668=VECTOR('',#4267,1.);
#2669=VECTOR('',#4268,1.);
#2670=VECTOR('',#4273,1.);
#2671=VECTOR('',#4274,1.);
#2672=VECTOR('',#4275,1.);
#2673=VECTOR('',#4280,1.);
#2674=VECTOR('',#4283,1.);
#2675=VECTOR('',#4286,1.);
#2676=VECTOR('',#4287,1.);
#2677=VECTOR('',#4288,1.);
#2678=VECTOR('',#4289,1.);
#2679=VECTOR('',#4292,1.);
#2680=VECTOR('',#4295,1.);
#2681=VECTOR('',#4296,1.);
#2682=VECTOR('',#4299,1.);
#2683=VECTOR('',#4300,1.);
#2684=VECTOR('',#4303,1.);
#2685=VECTOR('',#4306,1.);
#2686=VECTOR('',#4309,1.);
#2687=VECTOR('',#4312,1.);
#2688=VECTOR('',#4315,1.);
#2689=VECTOR('',#4318,1.);
#2690=VECTOR('',#4321,1.);
#2691=VECTOR('',#4324,1.);
#2692=VECTOR('',#4327,1.);
#2693=VECTOR('',#4330,1.);
#2694=VECTOR('',#4331,1.);
#2695=VECTOR('',#4334,1.);
#2696=VECTOR('',#4335,1.);
#2697=VECTOR('',#4338,1.);
#2698=VECTOR('',#4341,1.);
#2699=VECTOR('',#4342,1.);
#2700=VECTOR('',#4345,1.);
#2701=VECTOR('',#4348,1.);
#2702=VECTOR('',#4353,1.);
#2703=VECTOR('',#4356,1.);
#2704=VECTOR('',#4359,1.);
#2705=VECTOR('',#4362,1.);
#2706=VECTOR('',#4365,1.);
#2707=VECTOR('',#4368,1.);
#2708=VECTOR('',#4371,1.);
#2709=VECTOR('',#4374,1.);
#2710=VECTOR('',#4377,1.);
#2711=VECTOR('',#4382,1.);
#2712=VECTOR('',#4385,1.);
#2713=VECTOR('',#4388,1.);
#2714=VECTOR('',#4391,1.);
#2715=VECTOR('',#4392,1.);
#2716=VECTOR('',#4395,1.);
#2717=VECTOR('',#4398,1.);
#2718=VECTOR('',#4399,1.);
#2719=VECTOR('',#4402,1.);
#2720=VECTOR('',#4403,1.);
#2721=VECTOR('',#4406,1.);
#2722=VECTOR('',#4409,1.);
#2723=VECTOR('',#4412,1.);
#2724=VECTOR('',#4415,1.);
#2725=VECTOR('',#4418,1.);
#2726=VECTOR('',#4421,1.);
#2727=VECTOR('',#4424,1.);
#2728=VECTOR('',#4427,1.);
#2729=VECTOR('',#4430,1.);
#2730=VECTOR('',#4433,1.);
#2731=VECTOR('',#4434,1.);
#2732=VECTOR('',#4437,1.);
#2733=VECTOR('',#4438,1.);
#2734=VECTOR('',#4441,1.);
#2735=VECTOR('',#4444,1.);
#2736=VECTOR('',#4445,1.);
#2737=VECTOR('',#4446,1.);
#2738=VECTOR('',#4447,1.);
#2739=VECTOR('',#4450,1.);
#2740=VECTOR('',#4453,1.);
#2741=VECTOR('',#4456,1.);
#2742=VECTOR('',#4459,1.);
#2743=VECTOR('',#4462,1.);
#2744=VECTOR('',#4465,1.);
#2745=VECTOR('',#4468,1.);
#2746=VECTOR('',#4471,1.);
#2747=VECTOR('',#4474,1.);
#2748=VECTOR('',#4487,1.);
#2749=VECTOR('',#4488,1.);
#2750=VECTOR('',#4491,1.);
#2751=VECTOR('',#4492,1.);
#2752=VECTOR('',#4495,1.);
#2753=VECTOR('',#4496,1.);
#2754=VECTOR('',#4499,1.);
#2755=VECTOR('',#4500,1.);
#2756=VECTOR('',#4503,1.);
#2757=VECTOR('',#4506,1.);
#2758=VECTOR('',#4507,1.);
#2759=VECTOR('',#4510,1.);
#2760=VECTOR('',#4513,1.);
#2761=VECTOR('',#4516,1.);
#2762=VECTOR('',#4519,1.);
#2763=VECTOR('',#4522,1.);
#2764=VECTOR('',#4525,1.);
#2765=VECTOR('',#4528,1.);
#2766=VECTOR('',#4529,1.);
#2767=VECTOR('',#4532,1.);
#2768=VECTOR('',#4535,1.);
#2769=VECTOR('',#4536,1.);
#2770=VECTOR('',#4539,1.);
#2771=VECTOR('',#4540,1.);
#2772=VECTOR('',#4545,1.);
#2773=VECTOR('',#4546,1.);
#2774=VECTOR('',#4549,1.);
#2775=VECTOR('',#4552,1.);
#2776=VECTOR('',#4555,1.);
#2777=VECTOR('',#4558,1.);
#2778=VECTOR('',#4561,1.);
#2779=VECTOR('',#4564,1.);
#2780=VECTOR('',#4567,1.);
#2781=VECTOR('',#4570,1.);
#2782=VECTOR('',#4571,1.);
#2783=VECTOR('',#4572,1.);
#2784=VECTOR('',#4575,1.);
#2785=VECTOR('',#4576,1.);
#2786=VECTOR('',#4577,1.);
#2787=VECTOR('',#4580,1.);
#2788=VECTOR('',#4581,1.);
#2789=VECTOR('',#4582,1.);
#2790=VECTOR('',#4585,1.);
#2791=VECTOR('',#4586,1.);
#2792=VECTOR('',#4587,1.);
#2793=VECTOR('',#4618,1.);
#2794=VECTOR('',#4619,1.);
#2795=VECTOR('',#4622,1.);
#2796=VECTOR('',#4623,1.);
#2797=VECTOR('',#4626,1.);
#2798=VECTOR('',#4627,1.);
#2799=VECTOR('',#4630,1.);
#2800=VECTOR('',#4631,1.);
#2801=VECTOR('',#4634,1.);
#2802=VECTOR('',#4635,1.);
#2803=VECTOR('',#4638,1.);
#2804=VECTOR('',#4639,1.);
#2805=VECTOR('',#4658,1.);
#2806=VECTOR('',#4663,1.);
#2807=VECTOR('',#4664,1.);
#2808=VECTOR('',#4671,1.);
#2809=VECTOR('',#4676,1.);
#2810=VECTOR('',#4677,1.);
#2811=VECTOR('',#4684,1.);
#2812=VECTOR('',#4689,1.);
#2813=VECTOR('',#4690,1.);
#2814=VECTOR('',#4697,1.);
#2815=VECTOR('',#4702,1.);
#2816=VECTOR('',#4703,1.);
#2817=VECTOR('',#4710,1.);
#2818=VECTOR('',#4711,1.);
#2819=VECTOR('',#4714,1.);
#2820=VECTOR('',#4717,1.);
#2821=VECTOR('',#4720,1.);
#2822=VECTOR('',#4723,1.);
#2823=VECTOR('',#4726,1.);
#2824=VECTOR('',#4729,1.);
#2825=VECTOR('',#4734,1.);
#2826=VECTOR('',#4735,1.);
#2827=VECTOR('',#4738,1.);
#2828=VECTOR('',#4741,1.);
#2829=VECTOR('',#4744,1.);
#2830=VECTOR('',#4747,1.);
#2831=VECTOR('',#4750,1.);
#2832=VECTOR('',#4753,1.);
#2833=VECTOR('',#4758,1.);
#2834=VECTOR('',#4759,1.);
#2835=VECTOR('',#4762,1.);
#2836=VECTOR('',#4763,1.);
#2837=VECTOR('',#4766,1.);
#2838=VECTOR('',#4767,1.);
#2839=VECTOR('',#4770,1.);
#2840=VECTOR('',#4781,1.);
#2841=VECTOR('',#4782,1.);
#2842=VECTOR('',#4783,1.);
#2843=VECTOR('',#4786,1.);
#2844=VECTOR('',#4787,1.);
#2845=VECTOR('',#4790,1.);
#2846=VECTOR('',#4791,1.);
#2847=VECTOR('',#4794,1.);
#2848=VECTOR('',#4799,1.);
#2849=VECTOR('',#4804,1.);
#2850=VECTOR('',#4805,1.);
#2851=VECTOR('',#4808,1.);
#2852=VECTOR('',#4809,1.);
#2853=VECTOR('',#4812,1.);
#2854=VECTOR('',#4813,1.);
#2855=VECTOR('',#4816,1.);
#2856=VECTOR('',#4827,1.);
#2857=VECTOR('',#4828,1.);
#2858=VECTOR('',#4829,1.);
#2859=VECTOR('',#4832,1.);
#2860=VECTOR('',#4833,1.);
#2861=VECTOR('',#4836,1.);
#2862=VECTOR('',#4837,1.);
#2863=VECTOR('',#4840,1.);
#2864=VECTOR('',#4841,1.);
#2865=VECTOR('',#4844,1.);
#2866=VECTOR('',#4845,1.);
#2867=VECTOR('',#4848,1.);
#2868=VECTOR('',#4849,1.);
#2869=VECTOR('',#4852,1.);
#2870=VECTOR('',#4853,1.);
#2871=VECTOR('',#4856,1.);
#2872=VECTOR('',#4861,1.);
#2873=VECTOR('',#4862,1.);
#2874=VECTOR('',#4863,1.);
#2875=VECTOR('',#4866,1.);
#2876=VECTOR('',#4867,1.);
#2877=VECTOR('',#4870,1.);
#2878=VECTOR('',#4875,1.);
#2879=VECTOR('',#4880,1.);
#2880=VECTOR('',#4881,1.);
#2881=VECTOR('',#4884,1.);
#2882=VECTOR('',#4885,1.);
#2883=VECTOR('',#4888,1.);
#2884=VECTOR('',#4889,1.);
#2885=VECTOR('',#4892,1.);
#2886=VECTOR('',#4893,1.);
#2887=VECTOR('',#4896,1.);
#2888=VECTOR('',#4897,1.);
#2889=VECTOR('',#4900,1.);
#2890=VECTOR('',#4905,1.);
#2891=VECTOR('',#4906,1.);
#2892=VECTOR('',#4907,1.);
#2893=VECTOR('',#4910,1.);
#2894=VECTOR('',#4911,1.);
#2895=VECTOR('',#4914,1.);
#2896=VECTOR('',#4915,1.);
#2897=VECTOR('',#4918,1.);
#2898=VECTOR('',#4919,1.);
#2899=VECTOR('',#4922,1.);
#2900=VECTOR('',#4923,1.);
#2901=VECTOR('',#4926,1.);
#2902=VECTOR('',#4927,1.);
#2903=VECTOR('',#4930,1.);
#2904=VECTOR('',#4935,1.);
#2905=VECTOR('',#4940,1.);
#2906=VECTOR('',#4941,1.);
#2907=VECTOR('',#4944,1.);
#2908=VECTOR('',#4949,1.);
#2909=VECTOR('',#4950,1.);
#2910=VECTOR('',#4951,1.);
#2911=VECTOR('',#4954,1.);
#2912=VECTOR('',#4955,1.);
#2913=VECTOR('',#4958,1.);
#2914=VECTOR('',#4959,1.);
#2915=VECTOR('',#4962,1.);
#2916=VECTOR('',#4967,1.);
#2917=VECTOR('',#4972,1.);
#2918=VECTOR('',#4973,1.);
#2919=VECTOR('',#4976,1.);
#2920=VECTOR('',#4977,1.);
#2921=VECTOR('',#4980,1.);
#2922=VECTOR('',#4981,1.);
#2923=VECTOR('',#4984,1.);
#2924=VECTOR('',#4995,1.);
#2925=VECTOR('',#4996,1.);
#2926=VECTOR('',#4997,1.);
#2927=VECTOR('',#5000,1.);
#2928=VECTOR('',#5001,1.);
#2929=VECTOR('',#5004,1.);
#2930=VECTOR('',#5009,1.);
#2931=VECTOR('',#5014,1.);
#2932=VECTOR('',#5015,1.);
#2933=VECTOR('',#5018,1.);
#2934=VECTOR('',#5019,1.);
#2935=VECTOR('',#5022,1.);
#2936=VECTOR('',#5027,1.);
#2937=VECTOR('',#5032,1.);
#2938=VECTOR('',#5033,1.);
#2939=VECTOR('',#5036,1.);
#2940=VECTOR('',#5037,1.);
#2941=VECTOR('',#5040,1.);
#2942=VECTOR('',#5041,1.);
#2943=VECTOR('',#5044,1.);
#2944=VECTOR('',#5045,1.);
#2945=VECTOR('',#5048,1.);
#2946=VECTOR('',#5053,1.);
#2947=VECTOR('',#5058,1.);
#2948=VECTOR('',#5059,1.);
#2949=VECTOR('',#5062,1.);
#2950=VECTOR('',#5067,1.);
#2951=VECTOR('',#5068,1.);
#2952=VECTOR('',#5069,1.);
#2953=VECTOR('',#5072,1.);
#2954=VECTOR('',#5073,1.);
#2955=VECTOR('',#5076,1.);
#2956=VECTOR('',#5081,1.);
#2957=VECTOR('',#5086,1.);
#2958=VECTOR('',#5087,1.);
#2959=VECTOR('',#5090,1.);
#2960=VECTOR('',#5095,1.);
#2961=VECTOR('',#5100,1.);
#2962=VECTOR('',#5101,1.);
#2963=VECTOR('',#5104,1.);
#2964=VECTOR('',#5105,1.);
#2965=VECTOR('',#5108,1.);
#2966=VECTOR('',#5109,1.);
#2967=VECTOR('',#5112,1.);
#2968=VECTOR('',#5117,1.);
#2969=VECTOR('',#5122,1.);
#2970=VECTOR('',#5123,1.);
#2971=VECTOR('',#5126,1.);
#2972=VECTOR('',#5131,1.);
#2973=VECTOR('',#5136,1.);
#2974=VECTOR('',#5141,1.);
#2975=VECTOR('',#5142,1.);
#2976=VECTOR('',#5143,1.);
#2977=VECTOR('',#5146,1.);
#2978=VECTOR('',#5147,1.);
#2979=VECTOR('',#5150,1.);
#2980=VECTOR('',#5151,1.);
#2981=VECTOR('',#5154,1.);
#2982=VECTOR('',#5155,1.);
#2983=VECTOR('',#5158,1.);
#2984=VECTOR('',#5159,1.);
#2985=VECTOR('',#5162,1.);
#2986=VECTOR('',#5167,1.);
#2987=VECTOR('',#5168,1.);
#2988=VECTOR('',#5169,1.);
#2989=VECTOR('',#5172,1.);
#2990=VECTOR('',#5173,1.);
#2991=VECTOR('',#5176,1.);
#2992=VECTOR('',#5177,1.);
#2993=VECTOR('',#5180,1.);
#2994=VECTOR('',#5181,1.);
#2995=VECTOR('',#5184,1.);
#2996=VECTOR('',#5185,1.);
#2997=VECTOR('',#5188,1.);
#2998=VECTOR('',#5189,1.);
#2999=VECTOR('',#5192,1.);
#3000=VECTOR('',#5193,1.);
#3001=VECTOR('',#5196,1.);
#3002=VECTOR('',#5197,1.);
#3003=VECTOR('',#5200,1.);
#3004=EDGE_LOOP('',(#219,#220,#221,#222));
#3005=EDGE_LOOP('',(#223));
#3006=EDGE_LOOP('',(#224));
#3007=EDGE_LOOP('',(#225));
#3008=EDGE_LOOP('',(#226));
#3009=EDGE_LOOP('',(#227,#228,#229,#230,#231,#232,#233,#234,#235));
#3010=EDGE_LOOP('',(#236,#237,#238,#239,#240,#241));
#3011=EDGE_LOOP('',(#242,#243,#244,#245,#246,#247,#248,#249,#250,#251,#252,
#253,#254,#255,#256,#257));
#3012=EDGE_LOOP('',(#258,#259,#260,#261,#262,#263,#264,#265,#266,#267,#268,
#269,#270,#271,#272,#273));
#3013=EDGE_LOOP('',(#274,#275,#276,#277,#278,#279,#280,#281,#282,#283));
#3014=EDGE_LOOP('',(#284,#285,#286,#287,#288,#289,#290,#291,#292,#293));
#3015=EDGE_LOOP('',(#294,#295,#296,#297,#298,#299,#300,#301,#302,#303));
#3016=EDGE_LOOP('',(#304,#305,#306,#307,#308,#309,#310,#311));
#3017=EDGE_LOOP('',(#312,#313,#314,#315,#316,#317,#318,#319,#320,#321));
#3018=EDGE_LOOP('',(#322,#323,#324,#325,#326,#327,#328,#329,#330,#331,#332,
#333,#334,#335,#336,#337,#338,#339,#340,#341,#342,#343,#344,#345,#346,#347,
#348,#349,#350,#351,#352,#353,#354,#355,#356,#357,#358,#359,#360,#361,#362,
#363,#364,#365,#366,#367,#368,#369,#370,#371,#372,#373,#374,#375));
#3019=EDGE_LOOP('',(#376,#377,#378,#379,#380,#381,#382,#383));
#3020=EDGE_LOOP('',(#384,#385,#386,#387,#388,#389,#390,#391));
#3021=EDGE_LOOP('',(#392,#393,#394,#395,#396,#397,#398,#399,#400,#401,#402,
#403,#404,#405,#406,#407,#408,#409,#410,#411,#412,#413,#414,#415,#416,#417,
#418,#419,#420,#421,#422,#423,#424,#425,#426,#427,#428,#429,#430,#431,#432,
#433,#434,#435,#436,#437,#438,#439,#440,#441,#442,#443,#444,#445));
#3022=EDGE_LOOP('',(#446,#447,#448,#449,#450,#451,#452,#453));
#3023=EDGE_LOOP('',(#454,#455,#456,#457,#458,#459,#460,#461));
#3024=EDGE_LOOP('',(#462));
#3025=EDGE_LOOP('',(#463));
#3026=EDGE_LOOP('',(#464));
#3027=EDGE_LOOP('',(#465));
#3028=EDGE_LOOP('',(#466,#467,#468,#469));
#3029=EDGE_LOOP('',(#470,#471,#472,#473));
#3030=EDGE_LOOP('',(#474,#475,#476,#477));
#3031=EDGE_LOOP('',(#478,#479,#480,#481));
#3032=EDGE_LOOP('',(#482,#483,#484,#485));
#3033=EDGE_LOOP('',(#486,#487,#488,#489));
#3034=EDGE_LOOP('',(#490,#491,#492,#493));
#3035=EDGE_LOOP('',(#494,#495,#496,#497));
#3036=EDGE_LOOP('',(#498,#499,#500,#501));
#3037=EDGE_LOOP('',(#502,#503,#504,#505));
#3038=EDGE_LOOP('',(#506,#507,#508,#509));
#3039=EDGE_LOOP('',(#510,#511,#512,#513));
#3040=EDGE_LOOP('',(#514,#515,#516,#517));
#3041=EDGE_LOOP('',(#518,#519,#520,#521));
#3042=EDGE_LOOP('',(#522,#523,#524,#525));
#3043=EDGE_LOOP('',(#526,#527,#528,#529));
#3044=EDGE_LOOP('',(#530,#531,#532,#533));
#3045=EDGE_LOOP('',(#534,#535,#536,#537));
#3046=EDGE_LOOP('',(#538,#539,#540,#541));
#3047=EDGE_LOOP('',(#542,#543,#544,#545));
#3048=EDGE_LOOP('',(#546,#547,#548,#549));
#3049=EDGE_LOOP('',(#550,#551,#552,#553));
#3050=EDGE_LOOP('',(#554,#555,#556,#557));
#3051=EDGE_LOOP('',(#558,#559,#560,#561));
#3052=EDGE_LOOP('',(#562,#563,#564,#565));
#3053=EDGE_LOOP('',(#566,#567,#568,#569));
#3054=EDGE_LOOP('',(#570,#571,#572,#573));
#3055=EDGE_LOOP('',(#574,#575,#576,#577));
#3056=EDGE_LOOP('',(#578,#579,#580,#581));
#3057=EDGE_LOOP('',(#582,#583,#584,#585));
#3058=EDGE_LOOP('',(#586,#587,#588,#589));
#3059=EDGE_LOOP('',(#590,#591,#592,#593));
#3060=EDGE_LOOP('',(#594,#595,#596,#597));
#3061=EDGE_LOOP('',(#598,#599,#600,#601));
#3062=EDGE_LOOP('',(#602,#603,#604,#605));
#3063=EDGE_LOOP('',(#606));
#3064=EDGE_LOOP('',(#607));
#3065=EDGE_LOOP('',(#608));
#3066=EDGE_LOOP('',(#609));
#3067=EDGE_LOOP('',(#610));
#3068=EDGE_LOOP('',(#611));
#3069=EDGE_LOOP('',(#612));
#3070=EDGE_LOOP('',(#613));
#3071=EDGE_LOOP('',(#614,#615,#616,#617));
#3072=EDGE_LOOP('',(#618,#619,#620,#621));
#3073=EDGE_LOOP('',(#622,#623,#624,#625));
#3074=EDGE_LOOP('',(#626,#627,#628,#629));
#3075=EDGE_LOOP('',(#630,#631,#632,#633));
#3076=EDGE_LOOP('',(#634,#635,#636,#637));
#3077=EDGE_LOOP('',(#638,#639,#640,#641));
#3078=EDGE_LOOP('',(#642,#643,#644,#645));
#3079=EDGE_LOOP('',(#646,#647,#648,#649));
#3080=EDGE_LOOP('',(#650,#651,#652,#653));
#3081=EDGE_LOOP('',(#654,#655,#656,#657));
#3082=EDGE_LOOP('',(#658,#659,#660,#661));
#3083=EDGE_LOOP('',(#662,#663,#664,#665));
#3084=EDGE_LOOP('',(#666,#667,#668,#669));
#3085=EDGE_LOOP('',(#670,#671,#672,#673));
#3086=EDGE_LOOP('',(#674,#675,#676,#677));
#3087=EDGE_LOOP('',(#678,#679,#680,#681));
#3088=EDGE_LOOP('',(#682,#683,#684,#685));
#3089=EDGE_LOOP('',(#686,#687,#688,#689));
#3090=EDGE_LOOP('',(#690,#691,#692,#693));
#3091=EDGE_LOOP('',(#694,#695,#696,#697));
#3092=EDGE_LOOP('',(#698,#699,#700,#701));
#3093=EDGE_LOOP('',(#702,#703,#704,#705));
#3094=EDGE_LOOP('',(#706,#707,#708,#709));
#3095=EDGE_LOOP('',(#710,#711,#712,#713));
#3096=EDGE_LOOP('',(#714,#715,#716,#717));
#3097=EDGE_LOOP('',(#718,#719,#720,#721));
#3098=EDGE_LOOP('',(#722,#723,#724,#725));
#3099=EDGE_LOOP('',(#726,#727,#728,#729));
#3100=EDGE_LOOP('',(#730,#731,#732,#733));
#3101=EDGE_LOOP('',(#734,#735,#736,#737));
#3102=EDGE_LOOP('',(#738,#739,#740,#741));
#3103=EDGE_LOOP('',(#742,#743,#744,#745));
#3104=EDGE_LOOP('',(#746,#747,#748,#749));
#3105=EDGE_LOOP('',(#750,#751,#752,#753));
#3106=EDGE_LOOP('',(#754,#755,#756,#757));
#3107=EDGE_LOOP('',(#758,#759,#760,#761));
#3108=EDGE_LOOP('',(#762,#763,#764,#765));
#3109=EDGE_LOOP('',(#766,#767,#768,#769));
#3110=EDGE_LOOP('',(#770,#771,#772,#773));
#3111=EDGE_LOOP('',(#774,#775,#776,#777));
#3112=EDGE_LOOP('',(#778,#779,#780,#781));
#3113=EDGE_LOOP('',(#782,#783,#784,#785));
#3114=EDGE_LOOP('',(#786,#787,#788,#789));
#3115=EDGE_LOOP('',(#790,#791,#792,#793));
#3116=EDGE_LOOP('',(#794,#795,#796,#797));
#3117=EDGE_LOOP('',(#798,#799,#800,#801));
#3118=EDGE_LOOP('',(#802,#803,#804,#805));
#3119=EDGE_LOOP('',(#806,#807,#808,#809));
#3120=EDGE_LOOP('',(#810,#811,#812,#813));
#3121=EDGE_LOOP('',(#814,#815,#816,#817));
#3122=EDGE_LOOP('',(#818,#819,#820,#821));
#3123=EDGE_LOOP('',(#822,#823,#824,#825));
#3124=EDGE_LOOP('',(#826,#827,#828,#829));
#3125=EDGE_LOOP('',(#830,#831,#832,#833));
#3126=EDGE_LOOP('',(#834,#835,#836,#837));
#3127=EDGE_LOOP('',(#838,#839,#840,#841));
#3128=EDGE_LOOP('',(#842,#843,#844,#845));
#3129=EDGE_LOOP('',(#846,#847,#848,#849));
#3130=EDGE_LOOP('',(#850,#851,#852,#853));
#3131=EDGE_LOOP('',(#854,#855,#856,#857,#858,#859,#860,#861,#862,#863));
#3132=EDGE_LOOP('',(#864,#865,#866,#867));
#3133=EDGE_LOOP('',(#868,#869,#870,#871));
#3134=EDGE_LOOP('',(#872,#873,#874,#875));
#3135=EDGE_LOOP('',(#876,#877,#878,#879));
#3136=EDGE_LOOP('',(#880,#881,#882,#883));
#3137=EDGE_LOOP('',(#884,#885,#886,#887));
#3138=EDGE_LOOP('',(#888,#889,#890,#891));
#3139=EDGE_LOOP('',(#892,#893,#894,#895));
#3140=EDGE_LOOP('',(#896,#897,#898,#899,#900,#901,#902,#903));
#3141=EDGE_LOOP('',(#904,#905,#906,#907));
#3142=EDGE_LOOP('',(#908,#909,#910,#911));
#3143=EDGE_LOOP('',(#912,#913,#914,#915));
#3144=EDGE_LOOP('',(#916,#917,#918,#919));
#3145=EDGE_LOOP('',(#920,#921,#922,#923));
#3146=EDGE_LOOP('',(#924,#925,#926,#927));
#3147=EDGE_LOOP('',(#928,#929,#930,#931));
#3148=EDGE_LOOP('',(#932,#933,#934,#935));
#3149=EDGE_LOOP('',(#936,#937,#938,#939));
#3150=EDGE_LOOP('',(#940,#941,#942,#943));
#3151=EDGE_LOOP('',(#944,#945,#946,#947,#948,#949,#950,#951,#952,#953));
#3152=EDGE_LOOP('',(#954,#955,#956,#957));
#3153=EDGE_LOOP('',(#958,#959,#960,#961));
#3154=EDGE_LOOP('',(#962,#963,#964,#965));
#3155=EDGE_LOOP('',(#966,#967,#968,#969));
#3156=EDGE_LOOP('',(#970,#971,#972,#973));
#3157=EDGE_LOOP('',(#974,#975,#976,#977));
#3158=EDGE_LOOP('',(#978,#979,#980,#981));
#3159=EDGE_LOOP('',(#982,#983,#984,#985));
#3160=EDGE_LOOP('',(#986,#987,#988,#989));
#3161=EDGE_LOOP('',(#990,#991,#992,#993));
#3162=EDGE_LOOP('',(#994,#995,#996,#997,#998,#999,#1000,#1001,#1002,#1003));
#3163=EDGE_LOOP('',(#1004,#1005,#1006,#1007));
#3164=EDGE_LOOP('',(#1008,#1009,#1010,#1011));
#3165=EDGE_LOOP('',(#1012,#1013,#1014,#1015));
#3166=EDGE_LOOP('',(#1016,#1017,#1018,#1019));
#3167=EDGE_LOOP('',(#1020,#1021,#1022,#1023));
#3168=EDGE_LOOP('',(#1024,#1025,#1026,#1027));
#3169=EDGE_LOOP('',(#1028,#1029,#1030,#1031));
#3170=EDGE_LOOP('',(#1032,#1033,#1034,#1035));
#3171=EDGE_LOOP('',(#1036,#1037,#1038,#1039));
#3172=EDGE_LOOP('',(#1040,#1041,#1042,#1043));
#3173=EDGE_LOOP('',(#1044,#1045,#1046,#1047,#1048,#1049,#1050,#1051,#1052,
#1053));
#3174=EDGE_LOOP('',(#1054,#1055,#1056,#1057));
#3175=EDGE_LOOP('',(#1058,#1059,#1060,#1061));
#3176=EDGE_LOOP('',(#1062,#1063,#1064,#1065));
#3177=EDGE_LOOP('',(#1066,#1067,#1068,#1069));
#3178=EDGE_LOOP('',(#1070,#1071,#1072,#1073));
#3179=EDGE_LOOP('',(#1074,#1075,#1076,#1077));
#3180=EDGE_LOOP('',(#1078,#1079,#1080,#1081));
#3181=EDGE_LOOP('',(#1082,#1083,#1084,#1085));
#3182=EDGE_LOOP('',(#1086,#1087,#1088,#1089));
#3183=EDGE_LOOP('',(#1090,#1091,#1092,#1093));
#3184=EDGE_LOOP('',(#1094,#1095,#1096,#1097));
#3185=EDGE_LOOP('',(#1098,#1099,#1100,#1101));
#3186=EDGE_LOOP('',(#1102,#1103,#1104,#1105));
#3187=EDGE_LOOP('',(#1106,#1107,#1108,#1109));
#3188=EDGE_LOOP('',(#1110,#1111,#1112,#1113));
#3189=EDGE_LOOP('',(#1114,#1115,#1116,#1117));
#3190=EDGE_LOOP('',(#1118,#1119,#1120,#1121,#1122,#1123,#1124,#1125,#1126,
#1127,#1128,#1129,#1130,#1131,#1132,#1133));
#3191=EDGE_LOOP('',(#1134,#1135,#1136,#1137));
#3192=EDGE_LOOP('',(#1138,#1139,#1140,#1141));
#3193=EDGE_LOOP('',(#1142,#1143,#1144,#1145));
#3194=EDGE_LOOP('',(#1146,#1147,#1148,#1149));
#3195=EDGE_LOOP('',(#1150,#1151,#1152,#1153));
#3196=EDGE_LOOP('',(#1154,#1155,#1156,#1157));
#3197=EDGE_LOOP('',(#1158,#1159,#1160,#1161));
#3198=EDGE_LOOP('',(#1162,#1163,#1164,#1165));
#3199=EDGE_LOOP('',(#1166,#1167,#1168,#1169));
#3200=EDGE_LOOP('',(#1170,#1171,#1172,#1173));
#3201=EDGE_LOOP('',(#1174,#1175,#1176,#1177));
#3202=EDGE_LOOP('',(#1178,#1179,#1180,#1181));
#3203=EDGE_LOOP('',(#1182,#1183,#1184,#1185));
#3204=EDGE_LOOP('',(#1186,#1187,#1188,#1189));
#3205=EDGE_LOOP('',(#1190,#1191,#1192,#1193));
#3206=EDGE_LOOP('',(#1194,#1195,#1196,#1197));
#3207=EDGE_LOOP('',(#1198,#1199,#1200,#1201,#1202,#1203,#1204,#1205,#1206,
#1207,#1208,#1209,#1210,#1211,#1212,#1213));
#3208=EDGE_LOOP('',(#1214,#1215,#1216,#1217));
#3209=EDGE_LOOP('',(#1218,#1219,#1220,#1221));
#3210=EDGE_LOOP('',(#1222,#1223,#1224,#1225));
#3211=EDGE_LOOP('',(#1226,#1227,#1228,#1229));
#3212=EDGE_LOOP('',(#1230,#1231,#1232,#1233));
#3213=EDGE_LOOP('',(#1234,#1235,#1236,#1237));
#3214=EDGE_LOOP('',(#1238,#1239,#1240,#1241,#1242,#1243));
#3215=EDGE_LOOP('',(#1244,#1245,#1246,#1247));
#3216=EDGE_LOOP('',(#1248,#1249,#1250,#1251));
#3217=EDGE_LOOP('',(#1252,#1253,#1254,#1255));
#3218=EDGE_LOOP('',(#1256,#1257,#1258,#1259));
#3219=EDGE_LOOP('',(#1260,#1261,#1262,#1263));
#3220=EDGE_LOOP('',(#1264,#1265,#1266,#1267));
#3221=EDGE_LOOP('',(#1268,#1269,#1270,#1271));
#3222=EDGE_LOOP('',(#1272,#1273,#1274,#1275));
#3223=EDGE_LOOP('',(#1276,#1277,#1278,#1279));
#3224=EDGE_LOOP('',(#1280,#1281,#1282,#1283,#1284,#1285,#1286,#1287,#1288));
#3225=EDGE_LOOP('',(#1289));
#3226=EDGE_LOOP('',(#1290));
#3227=EDGE_LOOP('',(#1291));
#3228=EDGE_LOOP('',(#1292));
#3229=EDGE_LOOP('',(#1293));
#3230=EDGE_LOOP('',(#1294));
#3231=EDGE_LOOP('',(#1295));
#3232=EDGE_LOOP('',(#1296));
#3233=FACE_BOUND('',#3004,.T.);
#3234=FACE_BOUND('',#3005,.T.);
#3235=FACE_BOUND('',#3006,.T.);
#3236=FACE_BOUND('',#3007,.T.);
#3237=FACE_BOUND('',#3008,.T.);
#3238=FACE_BOUND('',#3009,.T.);
#3239=FACE_BOUND('',#3010,.T.);
#3240=FACE_BOUND('',#3011,.T.);
#3241=FACE_BOUND('',#3012,.T.);
#3242=FACE_BOUND('',#3013,.T.);
#3243=FACE_BOUND('',#3014,.T.);
#3244=FACE_BOUND('',#3015,.T.);
#3245=FACE_BOUND('',#3016,.T.);
#3246=FACE_BOUND('',#3017,.T.);
#3247=FACE_BOUND('',#3018,.T.);
#3248=FACE_BOUND('',#3019,.T.);
#3249=FACE_BOUND('',#3020,.T.);
#3250=FACE_BOUND('',#3021,.T.);
#3251=FACE_BOUND('',#3022,.T.);
#3252=FACE_BOUND('',#3023,.T.);
#3253=FACE_BOUND('',#3024,.T.);
#3254=FACE_BOUND('',#3025,.T.);
#3255=FACE_BOUND('',#3026,.T.);
#3256=FACE_BOUND('',#3027,.T.);
#3257=FACE_BOUND('',#3028,.T.);
#3258=FACE_BOUND('',#3029,.T.);
#3259=FACE_BOUND('',#3030,.T.);
#3260=FACE_BOUND('',#3031,.T.);
#3261=FACE_BOUND('',#3032,.T.);
#3262=FACE_BOUND('',#3033,.T.);
#3263=FACE_BOUND('',#3034,.T.);
#3264=FACE_BOUND('',#3035,.T.);
#3265=FACE_BOUND('',#3036,.T.);
#3266=FACE_BOUND('',#3037,.T.);
#3267=FACE_BOUND('',#3038,.T.);
#3268=FACE_BOUND('',#3039,.T.);
#3269=FACE_BOUND('',#3040,.T.);
#3270=FACE_BOUND('',#3041,.T.);
#3271=FACE_BOUND('',#3042,.T.);
#3272=FACE_BOUND('',#3043,.T.);
#3273=FACE_BOUND('',#3044,.T.);
#3274=FACE_BOUND('',#3045,.T.);
#3275=FACE_BOUND('',#3046,.T.);
#3276=FACE_BOUND('',#3047,.T.);
#3277=FACE_BOUND('',#3048,.T.);
#3278=FACE_BOUND('',#3049,.T.);
#3279=FACE_BOUND('',#3050,.T.);
#3280=FACE_BOUND('',#3051,.T.);
#3281=FACE_BOUND('',#3052,.T.);
#3282=FACE_BOUND('',#3053,.T.);
#3283=FACE_BOUND('',#3054,.T.);
#3284=FACE_BOUND('',#3055,.T.);
#3285=FACE_BOUND('',#3056,.T.);
#3286=FACE_BOUND('',#3057,.T.);
#3287=FACE_BOUND('',#3058,.T.);
#3288=FACE_BOUND('',#3059,.T.);
#3289=FACE_BOUND('',#3060,.T.);
#3290=FACE_BOUND('',#3061,.T.);
#3291=FACE_BOUND('',#3062,.T.);
#3292=FACE_BOUND('',#3063,.T.);
#3293=FACE_BOUND('',#3064,.T.);
#3294=FACE_BOUND('',#3065,.T.);
#3295=FACE_BOUND('',#3066,.T.);
#3296=FACE_BOUND('',#3067,.T.);
#3297=FACE_BOUND('',#3068,.T.);
#3298=FACE_BOUND('',#3069,.T.);
#3299=FACE_BOUND('',#3070,.T.);
#3300=FACE_BOUND('',#3071,.T.);
#3301=FACE_BOUND('',#3072,.T.);
#3302=FACE_BOUND('',#3073,.T.);
#3303=FACE_BOUND('',#3074,.T.);
#3304=FACE_BOUND('',#3075,.T.);
#3305=FACE_BOUND('',#3076,.T.);
#3306=FACE_BOUND('',#3077,.T.);
#3307=FACE_BOUND('',#3078,.T.);
#3308=FACE_BOUND('',#3079,.T.);
#3309=FACE_BOUND('',#3080,.T.);
#3310=FACE_BOUND('',#3081,.T.);
#3311=FACE_BOUND('',#3082,.T.);
#3312=FACE_BOUND('',#3083,.T.);
#3313=FACE_BOUND('',#3084,.T.);
#3314=FACE_BOUND('',#3085,.T.);
#3315=FACE_BOUND('',#3086,.T.);
#3316=FACE_BOUND('',#3087,.T.);
#3317=FACE_BOUND('',#3088,.T.);
#3318=FACE_BOUND('',#3089,.T.);
#3319=FACE_BOUND('',#3090,.T.);
#3320=FACE_BOUND('',#3091,.T.);
#3321=FACE_BOUND('',#3092,.T.);
#3322=FACE_BOUND('',#3093,.T.);
#3323=FACE_BOUND('',#3094,.T.);
#3324=FACE_BOUND('',#3095,.T.);
#3325=FACE_BOUND('',#3096,.T.);
#3326=FACE_BOUND('',#3097,.T.);
#3327=FACE_BOUND('',#3098,.T.);
#3328=FACE_BOUND('',#3099,.T.);
#3329=FACE_BOUND('',#3100,.T.);
#3330=FACE_BOUND('',#3101,.T.);
#3331=FACE_BOUND('',#3102,.T.);
#3332=FACE_BOUND('',#3103,.T.);
#3333=FACE_BOUND('',#3104,.T.);
#3334=FACE_BOUND('',#3105,.T.);
#3335=FACE_BOUND('',#3106,.T.);
#3336=FACE_BOUND('',#3107,.T.);
#3337=FACE_BOUND('',#3108,.T.);
#3338=FACE_BOUND('',#3109,.T.);
#3339=FACE_BOUND('',#3110,.T.);
#3340=FACE_BOUND('',#3111,.T.);
#3341=FACE_BOUND('',#3112,.T.);
#3342=FACE_BOUND('',#3113,.T.);
#3343=FACE_BOUND('',#3114,.T.);
#3344=FACE_BOUND('',#3115,.T.);
#3345=FACE_BOUND('',#3116,.T.);
#3346=FACE_BOUND('',#3117,.T.);
#3347=FACE_BOUND('',#3118,.T.);
#3348=FACE_BOUND('',#3119,.T.);
#3349=FACE_BOUND('',#3120,.T.);
#3350=FACE_BOUND('',#3121,.T.);
#3351=FACE_BOUND('',#3122,.T.);
#3352=FACE_BOUND('',#3123,.T.);
#3353=FACE_BOUND('',#3124,.T.);
#3354=FACE_BOUND('',#3125,.T.);
#3355=FACE_BOUND('',#3126,.T.);
#3356=FACE_BOUND('',#3127,.T.);
#3357=FACE_BOUND('',#3128,.T.);
#3358=FACE_BOUND('',#3129,.T.);
#3359=FACE_BOUND('',#3130,.T.);
#3360=FACE_BOUND('',#3131,.T.);
#3361=FACE_BOUND('',#3132,.T.);
#3362=FACE_BOUND('',#3133,.T.);
#3363=FACE_BOUND('',#3134,.T.);
#3364=FACE_BOUND('',#3135,.T.);
#3365=FACE_BOUND('',#3136,.T.);
#3366=FACE_BOUND('',#3137,.T.);
#3367=FACE_BOUND('',#3138,.T.);
#3368=FACE_BOUND('',#3139,.T.);
#3369=FACE_BOUND('',#3140,.T.);
#3370=FACE_BOUND('',#3141,.T.);
#3371=FACE_BOUND('',#3142,.T.);
#3372=FACE_BOUND('',#3143,.T.);
#3373=FACE_BOUND('',#3144,.T.);
#3374=FACE_BOUND('',#3145,.T.);
#3375=FACE_BOUND('',#3146,.T.);
#3376=FACE_BOUND('',#3147,.T.);
#3377=FACE_BOUND('',#3148,.T.);
#3378=FACE_BOUND('',#3149,.T.);
#3379=FACE_BOUND('',#3150,.T.);
#3380=FACE_BOUND('',#3151,.T.);
#3381=FACE_BOUND('',#3152,.T.);
#3382=FACE_BOUND('',#3153,.T.);
#3383=FACE_BOUND('',#3154,.T.);
#3384=FACE_BOUND('',#3155,.T.);
#3385=FACE_BOUND('',#3156,.T.);
#3386=FACE_BOUND('',#3157,.T.);
#3387=FACE_BOUND('',#3158,.T.);
#3388=FACE_BOUND('',#3159,.T.);
#3389=FACE_BOUND('',#3160,.T.);
#3390=FACE_BOUND('',#3161,.T.);
#3391=FACE_BOUND('',#3162,.T.);
#3392=FACE_BOUND('',#3163,.T.);
#3393=FACE_BOUND('',#3164,.T.);
#3394=FACE_BOUND('',#3165,.T.);
#3395=FACE_BOUND('',#3166,.T.);
#3396=FACE_BOUND('',#3167,.T.);
#3397=FACE_BOUND('',#3168,.T.);
#3398=FACE_BOUND('',#3169,.T.);
#3399=FACE_BOUND('',#3170,.T.);
#3400=FACE_BOUND('',#3171,.T.);
#3401=FACE_BOUND('',#3172,.T.);
#3402=FACE_BOUND('',#3173,.T.);
#3403=FACE_BOUND('',#3174,.T.);
#3404=FACE_BOUND('',#3175,.T.);
#3405=FACE_BOUND('',#3176,.T.);
#3406=FACE_BOUND('',#3177,.T.);
#3407=FACE_BOUND('',#3178,.T.);
#3408=FACE_BOUND('',#3179,.T.);
#3409=FACE_BOUND('',#3180,.T.);
#3410=FACE_BOUND('',#3181,.T.);
#3411=FACE_BOUND('',#3182,.T.);
#3412=FACE_BOUND('',#3183,.T.);
#3413=FACE_BOUND('',#3184,.T.);
#3414=FACE_BOUND('',#3185,.T.);
#3415=FACE_BOUND('',#3186,.T.);
#3416=FACE_BOUND('',#3187,.T.);
#3417=FACE_BOUND('',#3188,.T.);
#3418=FACE_BOUND('',#3189,.T.);
#3419=FACE_BOUND('',#3190,.T.);
#3420=FACE_BOUND('',#3191,.T.);
#3421=FACE_BOUND('',#3192,.T.);
#3422=FACE_BOUND('',#3193,.T.);
#3423=FACE_BOUND('',#3194,.T.);
#3424=FACE_BOUND('',#3195,.T.);
#3425=FACE_BOUND('',#3196,.T.);
#3426=FACE_BOUND('',#3197,.T.);
#3427=FACE_BOUND('',#3198,.T.);
#3428=FACE_BOUND('',#3199,.T.);
#3429=FACE_BOUND('',#3200,.T.);
#3430=FACE_BOUND('',#3201,.T.);
#3431=FACE_BOUND('',#3202,.T.);
#3432=FACE_BOUND('',#3203,.T.);
#3433=FACE_BOUND('',#3204,.T.);
#3434=FACE_BOUND('',#3205,.T.);
#3435=FACE_BOUND('',#3206,.T.);
#3436=FACE_BOUND('',#3207,.T.);
#3437=FACE_BOUND('',#3208,.T.);
#3438=FACE_BOUND('',#3209,.T.);
#3439=FACE_BOUND('',#3210,.T.);
#3440=FACE_BOUND('',#3211,.T.);
#3441=FACE_BOUND('',#3212,.T.);
#3442=FACE_BOUND('',#3213,.T.);
#3443=FACE_BOUND('',#3214,.T.);
#3444=FACE_BOUND('',#3215,.T.);
#3445=FACE_BOUND('',#3216,.T.);
#3446=FACE_BOUND('',#3217,.T.);
#3447=FACE_BOUND('',#3218,.T.);
#3448=FACE_BOUND('',#3219,.T.);
#3449=FACE_BOUND('',#3220,.T.);
#3450=FACE_BOUND('',#3221,.T.);
#3451=FACE_BOUND('',#3222,.T.);
#3452=FACE_BOUND('',#3223,.T.);
#3453=FACE_BOUND('',#3224,.T.);
#3454=FACE_BOUND('',#3225,.T.);
#3455=FACE_BOUND('',#3226,.T.);
#3456=FACE_BOUND('',#3227,.T.);
#3457=FACE_BOUND('',#3228,.T.);
#3458=FACE_BOUND('',#3229,.T.);
#3459=FACE_BOUND('',#3230,.T.);
#3460=FACE_BOUND('',#3231,.T.);
#3461=FACE_BOUND('',#3232,.T.);
#3462=PLANE('',#3802);
#3463=PLANE('',#3803);
#3464=PLANE('',#3865);
#3465=PLANE('',#3901);
#3466=PLANE('',#3902);
#3467=PLANE('',#3903);
#3468=PLANE('',#3904);
#3469=PLANE('',#3905);
#3470=PLANE('',#3906);
#3471=PLANE('',#3907);
#3472=PLANE('',#3909);
#3473=PLANE('',#3911);
#3474=PLANE('',#3912);
#3475=PLANE('',#3913);
#3476=PLANE('',#3914);
#3477=PLANE('',#3915);
#3478=PLANE('',#3916);
#3479=PLANE('',#3917);
#3480=PLANE('',#3918);
#3481=PLANE('',#3920);
#3482=PLANE('',#3922);
#3483=PLANE('',#3923);
#3484=PLANE('',#3924);
#3485=PLANE('',#3925);
#3486=PLANE('',#3926);
#3487=PLANE('',#3927);
#3488=PLANE('',#3928);
#3489=PLANE('',#3929);
#3490=PLANE('',#3944);
#3491=PLANE('',#3945);
#3492=PLANE('',#3946);
#3493=PLANE('',#3947);
#3494=PLANE('',#3948);
#3495=PLANE('',#3949);
#3496=PLANE('',#3960);
#3497=PLANE('',#3965);
#3498=PLANE('',#3970);
#3499=PLANE('',#3975);
#3500=PLANE('',#3979);
#3501=PLANE('',#3980);
#3502=PLANE('',#3983);
#3503=PLANE('',#3984);
#3504=PLANE('',#3987);
#3505=PLANE('',#3988);
#3506=PLANE('',#3991);
#3507=PLANE('',#3992);
#3508=PLANE('',#3994);
#3509=PLANE('',#3995);
#3510=PLANE('',#3996);
#3511=PLANE('',#4002);
#3512=PLANE('',#4003);
#3513=PLANE('',#4004);
#3514=PLANE('',#4009);
#3515=PLANE('',#4010);
#3516=PLANE('',#4011);
#3517=PLANE('',#4016);
#3518=PLANE('',#4017);
#3519=PLANE('',#4018);
#3520=PLANE('',#4019);
#3521=PLANE('',#4020);
#3522=PLANE('',#4021);
#3523=PLANE('',#4022);
#3524=PLANE('',#4023);
#3525=PLANE('',#4024);
#3526=PLANE('',#4025);
#3527=PLANE('',#4026);
#3528=PLANE('',#4027);
#3529=PLANE('',#4032);
#3530=PLANE('',#4033);
#3531=PLANE('',#4034);
#3532=PLANE('',#4035);
#3533=PLANE('',#4036);
#3534=PLANE('',#4037);
#3535=PLANE('',#4038);
#3536=PLANE('',#4039);
#3537=PLANE('',#4040);
#3538=PLANE('',#4041);
#3539=PLANE('',#4042);
#3540=PLANE('',#4043);
#3541=PLANE('',#4044);
#3542=PLANE('',#4049);
#3543=PLANE('',#4050);
#3544=PLANE('',#4051);
#3545=PLANE('',#4052);
#3546=PLANE('',#4053);
#3547=PLANE('',#4054);
#3548=PLANE('',#4059);
#3549=PLANE('',#4060);
#3550=PLANE('',#4061);
#3551=PLANE('',#4066);
#3552=PLANE('',#4067);
#3553=PLANE('',#4068);
#3554=PLANE('',#4073);
#3555=PLANE('',#4074);
#3556=PLANE('',#4079);
#3557=PLANE('',#4080);
#3558=PLANE('',#4081);
#3559=PLANE('',#4082);
#3560=PLANE('',#4087);
#3561=PLANE('',#4088);
#3562=PLANE('',#4089);
#3563=PLANE('',#4090);
#3564=PLANE('',#4091);
#3565=PLANE('',#4096);
#3566=PLANE('',#4101);
#3567=PLANE('',#4102);
#3568=PLANE('',#4103);
#3569=PLANE('',#4108);
#3570=PLANE('',#4113);
#3571=PLANE('',#4114);
#3572=PLANE('',#4115);
#3573=PLANE('',#4116);
#3574=PLANE('',#4117);
#3575=PLANE('',#4118);
#3576=PLANE('',#4119);
#3577=PLANE('',#4120);
#3578=PLANE('',#4121);
#3579=PLANE('',#4122);
#3580=PLANE('',#4123);
#3581=PLANE('',#4124);
#3582=PLANE('',#4125);
#3583=PLANE('',#4126);
#3584=PLANE('',#4127);
#3585=PLANE('',#4128);
#3586=PLANE('',#4129);
#3587=PLANE('',#4130);
#3588=PLANE('',#4131);
#3589=ADVANCED_FACE('',(#3233),#3462,.T.);
#3590=ADVANCED_FACE('',(#3234,#3235,#3236,#3237,#3238,#3239,#3240,#3241,
#3242,#3243,#3244,#3245,#3246,#3247,#3248,#3249),#3463,.T.);
#3591=ADVANCED_FACE('',(#3250,#3251,#3252,#3253,#3254,#3255,#3256),#3464,
 .F.);
#3592=ADVANCED_FACE('',(#3257),#3465,.T.);
#3593=ADVANCED_FACE('',(#3258),#3466,.T.);
#3594=ADVANCED_FACE('',(#3259),#3467,.F.);
#3595=ADVANCED_FACE('',(#3260),#3468,.T.);
#3596=ADVANCED_FACE('',(#3261),#3469,.T.);
#3597=ADVANCED_FACE('',(#3262),#3470,.T.);
#3598=ADVANCED_FACE('',(#3263),#3471,.F.);
#3599=ADVANCED_FACE('',(#3264),#24,.T.);
#3600=ADVANCED_FACE('',(#3265),#3472,.T.);
#3601=ADVANCED_FACE('',(#3266),#25,.T.);
#3602=ADVANCED_FACE('',(#3267),#3473,.F.);
#3603=ADVANCED_FACE('',(#3268),#3474,.F.);
#3604=ADVANCED_FACE('',(#3269),#3475,.F.);
#3605=ADVANCED_FACE('',(#3270),#3476,.F.);
#3606=ADVANCED_FACE('',(#3271),#3477,.T.);
#3607=ADVANCED_FACE('',(#3272),#3478,.T.);
#3608=ADVANCED_FACE('',(#3273),#3479,.T.);
#3609=ADVANCED_FACE('',(#3274),#3480,.T.);
#3610=ADVANCED_FACE('',(#3275),#26,.F.);
#3611=ADVANCED_FACE('',(#3276),#3481,.T.);
#3612=ADVANCED_FACE('',(#3277),#27,.F.);
#3613=ADVANCED_FACE('',(#3278),#3482,.T.);
#3614=ADVANCED_FACE('',(#3279),#3483,.T.);
#3615=ADVANCED_FACE('',(#3280),#3484,.T.);
#3616=ADVANCED_FACE('',(#3281),#3485,.F.);
#3617=ADVANCED_FACE('',(#3282),#3486,.F.);
#3618=ADVANCED_FACE('',(#3283),#3487,.F.);
#3619=ADVANCED_FACE('',(#3284),#3488,.F.);
#3620=ADVANCED_FACE('',(#3285),#3489,.F.);
#3621=ADVANCED_FACE('',(#3286),#28,.F.);
#3622=ADVANCED_FACE('',(#3287),#29,.F.);
#3623=ADVANCED_FACE('',(#3288),#30,.T.);
#3624=ADVANCED_FACE('',(#3289),#31,.T.);
#3625=ADVANCED_FACE('',(#3290),#32,.T.);
#3626=ADVANCED_FACE('',(#3291),#33,.T.);
#3627=ADVANCED_FACE('',(#3292,#3293),#34,.F.);
#3628=ADVANCED_FACE('',(#3294,#3295),#35,.F.);
#3629=ADVANCED_FACE('',(#3296,#3297),#36,.F.);
#3630=ADVANCED_FACE('',(#3298,#3299),#37,.F.);
#3631=ADVANCED_FACE('',(#3300),#3490,.F.);
#3632=ADVANCED_FACE('',(#3301),#3491,.F.);
#3633=ADVANCED_FACE('',(#3302),#3492,.T.);
#3634=ADVANCED_FACE('',(#3303),#3493,.F.);
#3635=ADVANCED_FACE('',(#3304),#3494,.T.);
#3636=ADVANCED_FACE('',(#3305),#3495,.F.);
#3637=ADVANCED_FACE('',(#3306),#38,.T.);
#3638=ADVANCED_FACE('',(#3307),#39,.T.);
#3639=ADVANCED_FACE('',(#3308),#40,.T.);
#3640=ADVANCED_FACE('',(#3309),#41,.T.);
#3641=ADVANCED_FACE('',(#3310),#42,.F.);
#3642=ADVANCED_FACE('',(#3311),#43,.F.);
#3643=ADVANCED_FACE('',(#3312),#44,.F.);
#3644=ADVANCED_FACE('',(#3313),#45,.F.);
#3645=ADVANCED_FACE('',(#3314),#46,.F.);
#3646=ADVANCED_FACE('',(#3315),#3496,.T.);
#3647=ADVANCED_FACE('',(#3316),#47,.F.);
#3648=ADVANCED_FACE('',(#3317),#48,.F.);
#3649=ADVANCED_FACE('',(#3318),#3497,.T.);
#3650=ADVANCED_FACE('',(#3319),#49,.F.);
#3651=ADVANCED_FACE('',(#3320),#50,.F.);
#3652=ADVANCED_FACE('',(#3321),#3498,.F.);
#3653=ADVANCED_FACE('',(#3322),#51,.F.);
#3654=ADVANCED_FACE('',(#3323),#52,.F.);
#3655=ADVANCED_FACE('',(#3324),#3499,.T.);
#3656=ADVANCED_FACE('',(#3325),#53,.F.);
#3657=ADVANCED_FACE('',(#3326),#12,.F.);
#3658=ADVANCED_FACE('',(#3327),#3500,.T.);
#3659=ADVANCED_FACE('',(#3328),#3501,.F.);
#3660=ADVANCED_FACE('',(#3329),#13,.F.);
#3661=ADVANCED_FACE('',(#3330),#14,.F.);
#3662=ADVANCED_FACE('',(#3331),#3502,.F.);
#3663=ADVANCED_FACE('',(#3332),#3503,.T.);
#3664=ADVANCED_FACE('',(#3333),#15,.F.);
#3665=ADVANCED_FACE('',(#3334),#16,.F.);
#3666=ADVANCED_FACE('',(#3335),#3504,.T.);
#3667=ADVANCED_FACE('',(#3336),#3505,.F.);
#3668=ADVANCED_FACE('',(#3337),#17,.F.);
#3669=ADVANCED_FACE('',(#3338),#18,.F.);
#3670=ADVANCED_FACE('',(#3339),#3506,.F.);
#3671=ADVANCED_FACE('',(#3340),#3507,.F.);
#3672=ADVANCED_FACE('',(#3341),#19,.F.);
#3673=ADVANCED_FACE('',(#3342),#3508,.F.);
#3674=ADVANCED_FACE('',(#3343),#3509,.F.);
#3675=ADVANCED_FACE('',(#3344),#3510,.F.);
#3676=ADVANCED_FACE('',(#3345),#54,.F.);
#3677=ADVANCED_FACE('',(#3346),#55,.T.);
#3678=ADVANCED_FACE('',(#3347),#56,.T.);
#3679=ADVANCED_FACE('',(#3348),#57,.F.);
#3680=ADVANCED_FACE('',(#3349),#58,.F.);
#3681=ADVANCED_FACE('',(#3350),#3511,.F.);
#3682=ADVANCED_FACE('',(#3351),#3512,.F.);
#3683=ADVANCED_FACE('',(#3352),#3513,.F.);
#3684=ADVANCED_FACE('',(#3353),#59,.T.);
#3685=ADVANCED_FACE('',(#3354),#60,.T.);
#3686=ADVANCED_FACE('',(#3355),#3514,.F.);
#3687=ADVANCED_FACE('',(#3356),#3515,.F.);
#3688=ADVANCED_FACE('',(#3357),#3516,.F.);
#3689=ADVANCED_FACE('',(#3358),#61,.F.);
#3690=ADVANCED_FACE('',(#3359),#62,.F.);
#3691=ADVANCED_FACE('',(#3360),#3517,.T.);
#3692=ADVANCED_FACE('',(#3361),#3518,.F.);
#3693=ADVANCED_FACE('',(#3362),#3519,.F.);
#3694=ADVANCED_FACE('',(#3363),#3520,.F.);
#3695=ADVANCED_FACE('',(#3364),#3521,.F.);
#3696=ADVANCED_FACE('',(#3365),#3522,.F.);
#3697=ADVANCED_FACE('',(#3366),#3523,.F.);
#3698=ADVANCED_FACE('',(#3367),#3524,.F.);
#3699=ADVANCED_FACE('',(#3368),#3525,.F.);
#3700=ADVANCED_FACE('',(#3369),#3526,.T.);
#3701=ADVANCED_FACE('',(#3370),#3527,.F.);
#3702=ADVANCED_FACE('',(#3371),#3528,.F.);
#3703=ADVANCED_FACE('',(#3372),#63,.F.);
#3704=ADVANCED_FACE('',(#3373),#64,.F.);
#3705=ADVANCED_FACE('',(#3374),#3529,.F.);
#3706=ADVANCED_FACE('',(#3375),#3530,.F.);
#3707=ADVANCED_FACE('',(#3376),#3531,.F.);
#3708=ADVANCED_FACE('',(#3377),#3532,.F.);
#3709=ADVANCED_FACE('',(#3378),#3533,.F.);
#3710=ADVANCED_FACE('',(#3379),#3534,.F.);
#3711=ADVANCED_FACE('',(#3380),#3535,.T.);
#3712=ADVANCED_FACE('',(#3381),#3536,.F.);
#3713=ADVANCED_FACE('',(#3382),#3537,.F.);
#3714=ADVANCED_FACE('',(#3383),#3538,.F.);
#3715=ADVANCED_FACE('',(#3384),#3539,.F.);
#3716=ADVANCED_FACE('',(#3385),#3540,.F.);
#3717=ADVANCED_FACE('',(#3386),#3541,.F.);
#3718=ADVANCED_FACE('',(#3387),#65,.F.);
#3719=ADVANCED_FACE('',(#3388),#66,.F.);
#3720=ADVANCED_FACE('',(#3389),#3542,.F.);
#3721=ADVANCED_FACE('',(#3390),#3543,.F.);
#3722=ADVANCED_FACE('',(#3391),#3544,.T.);
#3723=ADVANCED_FACE('',(#3392),#3545,.F.);
#3724=ADVANCED_FACE('',(#3393),#3546,.F.);
#3725=ADVANCED_FACE('',(#3394),#3547,.F.);
#3726=ADVANCED_FACE('',(#3395),#67,.T.);
#3727=ADVANCED_FACE('',(#3396),#68,.T.);
#3728=ADVANCED_FACE('',(#3397),#3548,.F.);
#3729=ADVANCED_FACE('',(#3398),#3549,.F.);
#3730=ADVANCED_FACE('',(#3399),#3550,.F.);
#3731=ADVANCED_FACE('',(#3400),#69,.F.);
#3732=ADVANCED_FACE('',(#3401),#70,.F.);
#3733=ADVANCED_FACE('',(#3402),#3551,.T.);
#3734=ADVANCED_FACE('',(#3403),#3552,.F.);
#3735=ADVANCED_FACE('',(#3404),#3553,.F.);
#3736=ADVANCED_FACE('',(#3405),#71,.F.);
#3737=ADVANCED_FACE('',(#3406),#72,.F.);
#3738=ADVANCED_FACE('',(#3407),#3554,.F.);
#3739=ADVANCED_FACE('',(#3408),#3555,.F.);
#3740=ADVANCED_FACE('',(#3409),#73,.F.);
#3741=ADVANCED_FACE('',(#3410),#74,.F.);
#3742=ADVANCED_FACE('',(#3411),#3556,.F.);
#3743=ADVANCED_FACE('',(#3412),#3557,.F.);
#3744=ADVANCED_FACE('',(#3413),#3558,.F.);
#3745=ADVANCED_FACE('',(#3414),#3559,.F.);
#3746=ADVANCED_FACE('',(#3415),#75,.F.);
#3747=ADVANCED_FACE('',(#3416),#76,.F.);
#3748=ADVANCED_FACE('',(#3417),#3560,.F.);
#3749=ADVANCED_FACE('',(#3418),#3561,.F.);
#3750=ADVANCED_FACE('',(#3419),#3562,.T.);
#3751=ADVANCED_FACE('',(#3420),#3563,.F.);
#3752=ADVANCED_FACE('',(#3421),#3564,.F.);
#3753=ADVANCED_FACE('',(#3422),#77,.F.);
#3754=ADVANCED_FACE('',(#3423),#78,.F.);
#3755=ADVANCED_FACE('',(#3424),#3565,.F.);
#3756=ADVANCED_FACE('',(#3425),#79,.T.);
#3757=ADVANCED_FACE('',(#3426),#80,.T.);
#3758=ADVANCED_FACE('',(#3427),#3566,.F.);
#3759=ADVANCED_FACE('',(#3428),#3567,.F.);
#3760=ADVANCED_FACE('',(#3429),#3568,.F.);
#3761=ADVANCED_FACE('',(#3430),#81,.F.);
#3762=ADVANCED_FACE('',(#3431),#82,.F.);
#3763=ADVANCED_FACE('',(#3432),#3569,.F.);
#3764=ADVANCED_FACE('',(#3433),#83,.T.);
#3765=ADVANCED_FACE('',(#3434),#84,.T.);
#3766=ADVANCED_FACE('',(#3435),#3570,.F.);
#3767=ADVANCED_FACE('',(#3436),#3571,.T.);
#3768=ADVANCED_FACE('',(#3437),#3572,.F.);
#3769=ADVANCED_FACE('',(#3438),#3573,.F.);
#3770=ADVANCED_FACE('',(#3439),#3574,.F.);
#3771=ADVANCED_FACE('',(#3440),#3575,.F.);
#3772=ADVANCED_FACE('',(#3441),#3576,.F.);
#3773=ADVANCED_FACE('',(#3442),#3577,.F.);
#3774=ADVANCED_FACE('',(#3443),#3578,.T.);
#3775=ADVANCED_FACE('',(#3444),#3579,.F.);
#3776=ADVANCED_FACE('',(#3445),#3580,.F.);
#3777=ADVANCED_FACE('',(#3446),#3581,.F.);
#3778=ADVANCED_FACE('',(#3447),#3582,.F.);
#3779=ADVANCED_FACE('',(#3448),#3583,.F.);
#3780=ADVANCED_FACE('',(#3449),#3584,.F.);
#3781=ADVANCED_FACE('',(#3450),#3585,.F.);
#3782=ADVANCED_FACE('',(#3451),#3586,.F.);
#3783=ADVANCED_FACE('',(#3452),#3587,.F.);
#3784=ADVANCED_FACE('',(#3453),#3588,.T.);
#3785=ADVANCED_FACE('',(#3454,#3455),#20,.F.);
#3786=ADVANCED_FACE('',(#3456,#3457),#21,.F.);
#3787=ADVANCED_FACE('',(#3458,#3459),#22,.F.);
#3788=ADVANCED_FACE('',(#3460,#3461),#23,.F.);
#3789=CLOSED_SHELL('',(#3589,#3590,#3591,#3592,#3593,#3594,#3595,#3596,
#3597,#3598,#3599,#3600,#3601,#3602,#3603,#3604,#3605,#3606,#3607,#3608,
#3609,#3610,#3611,#3612,#3613,#3614,#3615,#3616,#3617,#3618,#3619,#3620,
#3621,#3622,#3623,#3624,#3625,#3626,#3627,#3628,#3629,#3630,#3631,#3632,
#3633,#3634,#3635,#3636,#3637,#3638,#3639,#3640,#3641,#3642,#3643,#3644,
#3645,#3646,#3647,#3648,#3649,#3650,#3651,#3652,#3653,#3654,#3655,#3656,
#3657,#3658,#3659,#3660,#3661,#3662,#3663,#3664,#3665,#3666,#3667,#3668,
#3669,#3670,#3671,#3672,#3673,#3674,#3675,#3676,#3677,#3678,#3679,#3680,
#3681,#3682,#3683,#3684,#3685,#3686,#3687,#3688,#3689,#3690,#3691,#3692,
#3693,#3694,#3695,#3696,#3697,#3698,#3699,#3700,#3701,#3702,#3703,#3704,
#3705,#3706,#3707,#3708,#3709,#3710,#3711,#3712,#3713,#3714,#3715,#3716,
#3717,#3718,#3719,#3720,#3721,#3722,#3723,#3724,#3725,#3726,#3727,#3728,
#3729,#3730,#3731,#3732,#3733,#3734,#3735,#3736,#3737,#3738,#3739,#3740,
#3741,#3742,#3743,#3744,#3745,#3746,#3747,#3748,#3749,#3750,#3751,#3752,
#3753,#3754,#3755,#3756,#3757,#3758,#3759,#3760,#3761,#3762,#3763,#3764,
#3765,#3766,#3767,#3768,#3769,#3770,#3771,#3772,#3773,#3774,#3775,#3776,
#3777,#3778,#3779,#3780,#3781,#3782,#3783,#3784,#3785,#3786,#3787,#3788));
#3790=STYLED_ITEM('',(#3791),#3798);
#3791=PRESENTATION_STYLE_ASSIGNMENT((#3792));
#3792=SURFACE_STYLE_USAGE(.BOTH.,#3793);
#3793=SURFACE_SIDE_STYLE('',(#3794));
#3794=SURFACE_STYLE_FILL_AREA(#3795);
#3795=FILL_AREA_STYLE('',(#3796));
#3796=FILL_AREA_STYLE_COLOUR('',#3797);
#3797=COLOUR_RGB('',0.6,0.6,0.6);
#3798=MANIFOLD_SOLID_BREP('Chassis Cover',#3789);
#3799=SHAPE_DEFINITION_REPRESENTATION(#6315,#3800);
#3800=SHAPE_REPRESENTATION('Chassis Cover',(#3801),#6310);
#3801=AXIS2_PLACEMENT_3D('',#5211,#4136,#4137);
#3802=AXIS2_PLACEMENT_3D('',#5212,#4138,#4139);
#3803=AXIS2_PLACEMENT_3D('',#5221,#4144,#4145);
#3804=AXIS2_PLACEMENT_3D('',#5222,#4146,#4147);
#3805=AXIS2_PLACEMENT_3D('',#5224,#4148,#4149);
#3806=AXIS2_PLACEMENT_3D('',#5226,#4150,#4151);
#3807=AXIS2_PLACEMENT_3D('',#5228,#4152,#4153);
#3808=AXIS2_PLACEMENT_3D('',#5265,#4171,#4172);
#3809=AXIS2_PLACEMENT_3D('',#5267,#4173,#4174);
#3810=AXIS2_PLACEMENT_3D('',#5271,#4176,#4177);
#3811=AXIS2_PLACEMENT_3D('',#5273,#4178,#4179);
#3812=AXIS2_PLACEMENT_3D('',#5281,#4183,#4184);
#3813=AXIS2_PLACEMENT_3D('',#5283,#4185,#4186);
#3814=AXIS2_PLACEMENT_3D('',#5287,#4188,#4189);
#3815=AXIS2_PLACEMENT_3D('',#5289,#4190,#4191);
#3816=AXIS2_PLACEMENT_3D('',#5299,#4196,#4197);
#3817=AXIS2_PLACEMENT_3D('',#5301,#4198,#4199);
#3818=AXIS2_PLACEMENT_3D('',#5311,#4204,#4205);
#3819=AXIS2_PLACEMENT_3D('',#5313,#4206,#4207);
#3820=AXIS2_PLACEMENT_3D('',#5319,#4210,#4211);
#3821=AXIS2_PLACEMENT_3D('',#5321,#4212,#4213);
#3822=AXIS2_PLACEMENT_3D('',#5327,#4216,#4217);
#3823=AXIS2_PLACEMENT_3D('',#5329,#4218,#4219);
#3824=AXIS2_PLACEMENT_3D('',#5337,#4223,#4224);
#3825=AXIS2_PLACEMENT_3D('',#5339,#4225,#4226);
#3826=AXIS2_PLACEMENT_3D('',#5351,#4232,#4233);
#3827=AXIS2_PLACEMENT_3D('',#5353,#4234,#4235);
#3828=AXIS2_PLACEMENT_3D('',#5379,#4248,#4249);
#3829=AXIS2_PLACEMENT_3D('',#5381,#4250,#4251);
#3830=AXIS2_PLACEMENT_3D('',#5403,#4262,#4263);
#3831=AXIS2_PLACEMENT_3D('',#5405,#4264,#4265);
#3832=AXIS2_PLACEMENT_3D('',#5413,#4269,#4270);
#3833=AXIS2_PLACEMENT_3D('',#5415,#4271,#4272);
#3834=AXIS2_PLACEMENT_3D('',#5423,#4276,#4277);
#3835=AXIS2_PLACEMENT_3D('',#5425,#4278,#4279);
#3836=AXIS2_PLACEMENT_3D('',#5429,#4281,#4282);
#3837=AXIS2_PLACEMENT_3D('',#5433,#4284,#4285);
#3838=AXIS2_PLACEMENT_3D('',#5443,#4290,#4291);
#3839=AXIS2_PLACEMENT_3D('',#5447,#4293,#4294);
#3840=AXIS2_PLACEMENT_3D('',#5453,#4297,#4298);
#3841=AXIS2_PLACEMENT_3D('',#5459,#4301,#4302);
#3842=AXIS2_PLACEMENT_3D('',#5463,#4304,#4305);
#3843=AXIS2_PLACEMENT_3D('',#5467,#4307,#4308);
#3844=AXIS2_PLACEMENT_3D('',#5471,#4310,#4311);
#3845=AXIS2_PLACEMENT_3D('',#5475,#4313,#4314);
#3846=AXIS2_PLACEMENT_3D('',#5479,#4316,#4317);
#3847=AXIS2_PLACEMENT_3D('',#5483,#4319,#4320);
#3848=AXIS2_PLACEMENT_3D('',#5487,#4322,#4323);
#3849=AXIS2_PLACEMENT_3D('',#5491,#4325,#4326);
#3850=AXIS2_PLACEMENT_3D('',#5495,#4328,#4329);
#3851=AXIS2_PLACEMENT_3D('',#5501,#4332,#4333);
#3852=AXIS2_PLACEMENT_3D('',#5507,#4336,#4337);
#3853=AXIS2_PLACEMENT_3D('',#5511,#4339,#4340);
#3854=AXIS2_PLACEMENT_3D('',#5516,#4343,#4344);
#3855=AXIS2_PLACEMENT_3D('',#5520,#4346,#4347);
#3856=AXIS2_PLACEMENT_3D('',#5524,#4349,#4350);
#3857=AXIS2_PLACEMENT_3D('',#5525,#4351,#4352);
#3858=AXIS2_PLACEMENT_3D('',#5530,#4354,#4355);
#3859=AXIS2_PLACEMENT_3D('',#5534,#4357,#4358);
#3860=AXIS2_PLACEMENT_3D('',#5538,#4360,#4361);
#3861=AXIS2_PLACEMENT_3D('',#5541,#4363,#4364);
#3862=AXIS2_PLACEMENT_3D('',#5546,#4366,#4367);
#3863=AXIS2_PLACEMENT_3D('',#5550,#4369,#4370);
#3864=AXIS2_PLACEMENT_3D('',#5554,#4372,#4373);
#3865=AXIS2_PLACEMENT_3D('',#5557,#4375,#4376);
#3866=AXIS2_PLACEMENT_3D('',#5561,#4378,#4379);
#3867=AXIS2_PLACEMENT_3D('',#5563,#4380,#4381);
#3868=AXIS2_PLACEMENT_3D('',#5567,#4383,#4384);
#3869=AXIS2_PLACEMENT_3D('',#5571,#4386,#4387);
#3870=AXIS2_PLACEMENT_3D('',#5575,#4389,#4390);
#3871=AXIS2_PLACEMENT_3D('',#5580,#4393,#4394);
#3872=AXIS2_PLACEMENT_3D('',#5584,#4396,#4397);
#3873=AXIS2_PLACEMENT_3D('',#5590,#4400,#4401);
#3874=AXIS2_PLACEMENT_3D('',#5596,#4404,#4405);
#3875=AXIS2_PLACEMENT_3D('',#5600,#4407,#4408);
#3876=AXIS2_PLACEMENT_3D('',#5604,#4410,#4411);
#3877=AXIS2_PLACEMENT_3D('',#5608,#4413,#4414);
#3878=AXIS2_PLACEMENT_3D('',#5612,#4416,#4417);
#3879=AXIS2_PLACEMENT_3D('',#5616,#4419,#4420);
#3880=AXIS2_PLACEMENT_3D('',#5620,#4422,#4423);
#3881=AXIS2_PLACEMENT_3D('',#5624,#4425,#4426);
#3882=AXIS2_PLACEMENT_3D('',#5628,#4428,#4429);
#3883=AXIS2_PLACEMENT_3D('',#5632,#4431,#4432);
#3884=AXIS2_PLACEMENT_3D('',#5638,#4435,#4436);
#3885=AXIS2_PLACEMENT_3D('',#5644,#4439,#4440);
#3886=AXIS2_PLACEMENT_3D('',#5648,#4442,#4443);
#3887=AXIS2_PLACEMENT_3D('',#5658,#4448,#4449);
#3888=AXIS2_PLACEMENT_3D('',#5662,#4451,#4452);
#3889=AXIS2_PLACEMENT_3D('',#5666,#4454,#4455);
#3890=AXIS2_PLACEMENT_3D('',#5670,#4457,#4458);
#3891=AXIS2_PLACEMENT_3D('',#5674,#4460,#4461);
#3892=AXIS2_PLACEMENT_3D('',#5678,#4463,#4464);
#3893=AXIS2_PLACEMENT_3D('',#5682,#4466,#4467);
#3894=AXIS2_PLACEMENT_3D('',#5686,#4469,#4470);
#3895=AXIS2_PLACEMENT_3D('',#5690,#4472,#4473);
#3896=AXIS2_PLACEMENT_3D('',#5694,#4475,#4476);
#3897=AXIS2_PLACEMENT_3D('',#5695,#4477,#4478);
#3898=AXIS2_PLACEMENT_3D('',#5697,#4479,#4480);
#3899=AXIS2_PLACEMENT_3D('',#5699,#4481,#4482);
#3900=AXIS2_PLACEMENT_3D('',#5701,#4483,#4484);
#3901=AXIS2_PLACEMENT_3D('',#5703,#4485,#4486);
#3902=AXIS2_PLACEMENT_3D('',#5706,#4489,#4490);
#3903=AXIS2_PLACEMENT_3D('',#5709,#4493,#4494);
#3904=AXIS2_PLACEMENT_3D('',#5712,#4497,#4498);
#3905=AXIS2_PLACEMENT_3D('',#5715,#4501,#4502);
#3906=AXIS2_PLACEMENT_3D('',#5717,#4504,#4505);
#3907=AXIS2_PLACEMENT_3D('',#5720,#4508,#4509);
#3908=AXIS2_PLACEMENT_3D('',#5722,#4511,#4512);
#3909=AXIS2_PLACEMENT_3D('',#5724,#4514,#4515);
#3910=AXIS2_PLACEMENT_3D('',#5726,#4517,#4518);
#3911=AXIS2_PLACEMENT_3D('',#5728,#4520,#4521);
#3912=AXIS2_PLACEMENT_3D('',#5730,#4523,#4524);
#3913=AXIS2_PLACEMENT_3D('',#5732,#4526,#4527);
#3914=AXIS2_PLACEMENT_3D('',#5735,#4530,#4531);
#3915=AXIS2_PLACEMENT_3D('',#5737,#4533,#4534);
#3916=AXIS2_PLACEMENT_3D('',#5740,#4537,#4538);
#3917=AXIS2_PLACEMENT_3D('',#5743,#4541,#4542);
#3918=AXIS2_PLACEMENT_3D('',#5744,#4543,#4544);
#3919=AXIS2_PLACEMENT_3D('',#5747,#4547,#4548);
#3920=AXIS2_PLACEMENT_3D('',#5749,#4550,#4551);
#3921=AXIS2_PLACEMENT_3D('',#5751,#4553,#4554);
#3922=AXIS2_PLACEMENT_3D('',#5753,#4556,#4557);
#3923=AXIS2_PLACEMENT_3D('',#5755,#4559,#4560);
#3924=AXIS2_PLACEMENT_3D('',#5757,#4562,#4563);
#3925=AXIS2_PLACEMENT_3D('',#5759,#4565,#4566);
#3926=AXIS2_PLACEMENT_3D('',#5761,#4568,#4569);
#3927=AXIS2_PLACEMENT_3D('',#5767,#4573,#4574);
#3928=AXIS2_PLACEMENT_3D('',#5773,#4578,#4579);
#3929=AXIS2_PLACEMENT_3D('',#5779,#4583,#4584);
#3930=AXIS2_PLACEMENT_3D('',#5785,#4588,#4589);
#3931=AXIS2_PLACEMENT_3D('',#5786,#4590,#4591);
#3932=AXIS2_PLACEMENT_3D('',#5787,#4592,#4593);
#3933=AXIS2_PLACEMENT_3D('',#5788,#4594,#4595);
#3934=AXIS2_PLACEMENT_3D('',#5789,#4596,#4597);
#3935=AXIS2_PLACEMENT_3D('',#5790,#4598,#4599);
#3936=AXIS2_PLACEMENT_3D('',#5791,#4600,#4601);
#3937=AXIS2_PLACEMENT_3D('',#5792,#4602,#4603);
#3938=AXIS2_PLACEMENT_3D('',#5794,#4604,#4605);
#3939=AXIS2_PLACEMENT_3D('',#5795,#4606,#4607);
#3940=AXIS2_PLACEMENT_3D('',#5797,#4608,#4609);
#3941=AXIS2_PLACEMENT_3D('',#5798,#4610,#4611);
#3942=AXIS2_PLACEMENT_3D('',#5800,#4612,#4613);
#3943=AXIS2_PLACEMENT_3D('',#5801,#4614,#4615);
#3944=AXIS2_PLACEMENT_3D('',#5803,#4616,#4617);
#3945=AXIS2_PLACEMENT_3D('',#5806,#4620,#4621);
#3946=AXIS2_PLACEMENT_3D('',#5809,#4624,#4625);
#3947=AXIS2_PLACEMENT_3D('',#5812,#4628,#4629);
#3948=AXIS2_PLACEMENT_3D('',#5815,#4632,#4633);
#3949=AXIS2_PLACEMENT_3D('',#5818,#4636,#4637);
#3950=AXIS2_PLACEMENT_3D('',#5821,#4640,#4641);
#3951=AXIS2_PLACEMENT_3D('',#5822,#4642,#4643);
#3952=AXIS2_PLACEMENT_3D('',#5823,#4644,#4645);
#3953=AXIS2_PLACEMENT_3D('',#5824,#4646,#4647);
#3954=AXIS2_PLACEMENT_3D('',#5825,#4648,#4649);
#3955=AXIS2_PLACEMENT_3D('',#5826,#4650,#4651);
#3956=AXIS2_PLACEMENT_3D('',#5827,#4652,#4653);
#3957=AXIS2_PLACEMENT_3D('',#5828,#4654,#4655);
#3958=AXIS2_PLACEMENT_3D('',#5829,#4656,#4657);
#3959=AXIS2_PLACEMENT_3D('',#5832,#4659,#4660);
#3960=AXIS2_PLACEMENT_3D('',#5833,#4661,#4662);
#3961=AXIS2_PLACEMENT_3D('',#5837,#4665,#4666);
#3962=AXIS2_PLACEMENT_3D('',#5838,#4667,#4668);
#3963=AXIS2_PLACEMENT_3D('',#5839,#4669,#4670);
#3964=AXIS2_PLACEMENT_3D('',#5842,#4672,#4673);
#3965=AXIS2_PLACEMENT_3D('',#5843,#4674,#4675);
#3966=AXIS2_PLACEMENT_3D('',#5847,#4678,#4679);
#3967=AXIS2_PLACEMENT_3D('',#5848,#4680,#4681);
#3968=AXIS2_PLACEMENT_3D('',#5849,#4682,#4683);
#3969=AXIS2_PLACEMENT_3D('',#5852,#4685,#4686);
#3970=AXIS2_PLACEMENT_3D('',#5853,#4687,#4688);
#3971=AXIS2_PLACEMENT_3D('',#5857,#4691,#4692);
#3972=AXIS2_PLACEMENT_3D('',#5858,#4693,#4694);
#3973=AXIS2_PLACEMENT_3D('',#5859,#4695,#4696);
#3974=AXIS2_PLACEMENT_3D('',#5862,#4698,#4699);
#3975=AXIS2_PLACEMENT_3D('',#5863,#4700,#4701);
#3976=AXIS2_PLACEMENT_3D('',#5867,#4704,#4705);
#3977=AXIS2_PLACEMENT_3D('',#5868,#4706,#4707);
#3978=AXIS2_PLACEMENT_3D('',#5869,#4708,#4709);
#3979=AXIS2_PLACEMENT_3D('',#5872,#4712,#4713);
#3980=AXIS2_PLACEMENT_3D('',#5874,#4715,#4716);
#3981=AXIS2_PLACEMENT_3D('',#5876,#4718,#4719);
#3982=AXIS2_PLACEMENT_3D('',#5878,#4721,#4722);
#3983=AXIS2_PLACEMENT_3D('',#5880,#4724,#4725);
#3984=AXIS2_PLACEMENT_3D('',#5882,#4727,#4728);
#3985=AXIS2_PLACEMENT_3D('',#5884,#4730,#4731);
#3986=AXIS2_PLACEMENT_3D('',#5885,#4732,#4733);
#3987=AXIS2_PLACEMENT_3D('',#5888,#4736,#4737);
#3988=AXIS2_PLACEMENT_3D('',#5890,#4739,#4740);
#3989=AXIS2_PLACEMENT_3D('',#5892,#4742,#4743);
#3990=AXIS2_PLACEMENT_3D('',#5894,#4745,#4746);
#3991=AXIS2_PLACEMENT_3D('',#5896,#4748,#4749);
#3992=AXIS2_PLACEMENT_3D('',#5898,#4751,#4752);
#3993=AXIS2_PLACEMENT_3D('',#5900,#4754,#4755);
#3994=AXIS2_PLACEMENT_3D('',#5901,#4756,#4757);
#3995=AXIS2_PLACEMENT_3D('',#5904,#4760,#4761);
#3996=AXIS2_PLACEMENT_3D('',#5907,#4764,#4765);
#3997=AXIS2_PLACEMENT_3D('',#5910,#4768,#4769);
#3998=AXIS2_PLACEMENT_3D('',#5912,#4771,#4772);
#3999=AXIS2_PLACEMENT_3D('',#5913,#4773,#4774);
#4000=AXIS2_PLACEMENT_3D('',#5914,#4775,#4776);
#4001=AXIS2_PLACEMENT_3D('',#5915,#4777,#4778);
#4002=AXIS2_PLACEMENT_3D('',#5916,#4779,#4780);
#4003=AXIS2_PLACEMENT_3D('',#5922,#4784,#4785);
#4004=AXIS2_PLACEMENT_3D('',#5926,#4788,#4789);
#4005=AXIS2_PLACEMENT_3D('',#5930,#4792,#4793);
#4006=AXIS2_PLACEMENT_3D('',#5933,#4795,#4796);
#4007=AXIS2_PLACEMENT_3D('',#5934,#4797,#4798);
#4008=AXIS2_PLACEMENT_3D('',#5937,#4800,#4801);
#4009=AXIS2_PLACEMENT_3D('',#5938,#4802,#4803);
#4010=AXIS2_PLACEMENT_3D('',#5942,#4806,#4807);
#4011=AXIS2_PLACEMENT_3D('',#5946,#4810,#4811);
#4012=AXIS2_PLACEMENT_3D('',#5950,#4814,#4815);
#4013=AXIS2_PLACEMENT_3D('',#5953,#4817,#4818);
#4014=AXIS2_PLACEMENT_3D('',#5954,#4819,#4820);
#4015=AXIS2_PLACEMENT_3D('',#5955,#4821,#4822);
#4016=AXIS2_PLACEMENT_3D('',#5956,#4823,#4824);
#4017=AXIS2_PLACEMENT_3D('',#5957,#4825,#4826);
#4018=AXIS2_PLACEMENT_3D('',#5963,#4830,#4831);
#4019=AXIS2_PLACEMENT_3D('',#5967,#4834,#4835);
#4020=AXIS2_PLACEMENT_3D('',#5971,#4838,#4839);
#4021=AXIS2_PLACEMENT_3D('',#5975,#4842,#4843);
#4022=AXIS2_PLACEMENT_3D('',#5979,#4846,#4847);
#4023=AXIS2_PLACEMENT_3D('',#5983,#4850,#4851);
#4024=AXIS2_PLACEMENT_3D('',#5987,#4854,#4855);
#4025=AXIS2_PLACEMENT_3D('',#5989,#4857,#4858);
#4026=AXIS2_PLACEMENT_3D('',#5990,#4859,#4860);
#4027=AXIS2_PLACEMENT_3D('',#5996,#4864,#4865);
#4028=AXIS2_PLACEMENT_3D('',#6000,#4868,#4869);
#4029=AXIS2_PLACEMENT_3D('',#6003,#4871,#4872);
#4030=AXIS2_PLACEMENT_3D('',#6004,#4873,#4874);
#4031=AXIS2_PLACEMENT_3D('',#6007,#4876,#4877);
#4032=AXIS2_PLACEMENT_3D('',#6008,#4878,#4879);
#4033=AXIS2_PLACEMENT_3D('',#6012,#4882,#4883);
#4034=AXIS2_PLACEMENT_3D('',#6016,#4886,#4887);
#4035=AXIS2_PLACEMENT_3D('',#6020,#4890,#4891);
#4036=AXIS2_PLACEMENT_3D('',#6024,#4894,#4895);
#4037=AXIS2_PLACEMENT_3D('',#6028,#4898,#4899);
#4038=AXIS2_PLACEMENT_3D('',#6030,#4901,#4902);
#4039=AXIS2_PLACEMENT_3D('',#6031,#4903,#4904);
#4040=AXIS2_PLACEMENT_3D('',#6037,#4908,#4909);
#4041=AXIS2_PLACEMENT_3D('',#6041,#4912,#4913);
#4042=AXIS2_PLACEMENT_3D('',#6045,#4916,#4917);
#4043=AXIS2_PLACEMENT_3D('',#6049,#4920,#4921);
#4044=AXIS2_PLACEMENT_3D('',#6053,#4924,#4925);
#4045=AXIS2_PLACEMENT_3D('',#6057,#4928,#4929);
#4046=AXIS2_PLACEMENT_3D('',#6060,#4931,#4932);
#4047=AXIS2_PLACEMENT_3D('',#6061,#4933,#4934);
#4048=AXIS2_PLACEMENT_3D('',#6064,#4936,#4937);
#4049=AXIS2_PLACEMENT_3D('',#6065,#4938,#4939);
#4050=AXIS2_PLACEMENT_3D('',#6069,#4942,#4943);
#4051=AXIS2_PLACEMENT_3D('',#6071,#4945,#4946);
#4052=AXIS2_PLACEMENT_3D('',#6072,#4947,#4948);
#4053=AXIS2_PLACEMENT_3D('',#6078,#4952,#4953);
#4054=AXIS2_PLACEMENT_3D('',#6082,#4956,#4957);
#4055=AXIS2_PLACEMENT_3D('',#6086,#4960,#4961);
#4056=AXIS2_PLACEMENT_3D('',#6089,#4963,#4964);
#4057=AXIS2_PLACEMENT_3D('',#6090,#4965,#4966);
#4058=AXIS2_PLACEMENT_3D('',#6093,#4968,#4969);
#4059=AXIS2_PLACEMENT_3D('',#6094,#4970,#4971);
#4060=AXIS2_PLACEMENT_3D('',#6098,#4974,#4975);
#4061=AXIS2_PLACEMENT_3D('',#6102,#4978,#4979);
#4062=AXIS2_PLACEMENT_3D('',#6106,#4982,#4983);
#4063=AXIS2_PLACEMENT_3D('',#6109,#4985,#4986);
#4064=AXIS2_PLACEMENT_3D('',#6110,#4987,#4988);
#4065=AXIS2_PLACEMENT_3D('',#6111,#4989,#4990);
#4066=AXIS2_PLACEMENT_3D('',#6112,#4991,#4992);
#4067=AXIS2_PLACEMENT_3D('',#6113,#4993,#4994);
#4068=AXIS2_PLACEMENT_3D('',#6119,#4998,#4999);
#4069=AXIS2_PLACEMENT_3D('',#6123,#5002,#5003);
#4070=AXIS2_PLACEMENT_3D('',#6126,#5005,#5006);
#4071=AXIS2_PLACEMENT_3D('',#6127,#5007,#5008);
#4072=AXIS2_PLACEMENT_3D('',#6130,#5010,#5011);
#4073=AXIS2_PLACEMENT_3D('',#6131,#5012,#5013);
#4074=AXIS2_PLACEMENT_3D('',#6135,#5016,#5017);
#4075=AXIS2_PLACEMENT_3D('',#6139,#5020,#5021);
#4076=AXIS2_PLACEMENT_3D('',#6142,#5023,#5024);
#4077=AXIS2_PLACEMENT_3D('',#6143,#5025,#5026);
#4078=AXIS2_PLACEMENT_3D('',#6146,#5028,#5029);
#4079=AXIS2_PLACEMENT_3D('',#6147,#5030,#5031);
#4080=AXIS2_PLACEMENT_3D('',#6151,#5034,#5035);
#4081=AXIS2_PLACEMENT_3D('',#6155,#5038,#5039);
#4082=AXIS2_PLACEMENT_3D('',#6159,#5042,#5043);
#4083=AXIS2_PLACEMENT_3D('',#6163,#5046,#5047);
#4084=AXIS2_PLACEMENT_3D('',#6166,#5049,#5050);
#4085=AXIS2_PLACEMENT_3D('',#6167,#5051,#5052);
#4086=AXIS2_PLACEMENT_3D('',#6170,#5054,#5055);
#4087=AXIS2_PLACEMENT_3D('',#6171,#5056,#5057);
#4088=AXIS2_PLACEMENT_3D('',#6175,#5060,#5061);
#4089=AXIS2_PLACEMENT_3D('',#6177,#5063,#5064);
#4090=AXIS2_PLACEMENT_3D('',#6178,#5065,#5066);
#4091=AXIS2_PLACEMENT_3D('',#6184,#5070,#5071);
#4092=AXIS2_PLACEMENT_3D('',#6188,#5074,#5075);
#4093=AXIS2_PLACEMENT_3D('',#6191,#5077,#5078);
#4094=AXIS2_PLACEMENT_3D('',#6192,#5079,#5080);
#4095=AXIS2_PLACEMENT_3D('',#6195,#5082,#5083);
#4096=AXIS2_PLACEMENT_3D('',#6196,#5084,#5085);
#4097=AXIS2_PLACEMENT_3D('',#6200,#5088,#5089);
#4098=AXIS2_PLACEMENT_3D('',#6203,#5091,#5092);
#4099=AXIS2_PLACEMENT_3D('',#6204,#5093,#5094);
#4100=AXIS2_PLACEMENT_3D('',#6207,#5096,#5097);
#4101=AXIS2_PLACEMENT_3D('',#6208,#5098,#5099);
#4102=AXIS2_PLACEMENT_3D('',#6212,#5102,#5103);
#4103=AXIS2_PLACEMENT_3D('',#6216,#5106,#5107);
#4104=AXIS2_PLACEMENT_3D('',#6220,#5110,#5111);
#4105=AXIS2_PLACEMENT_3D('',#6223,#5113,#5114);
#4106=AXIS2_PLACEMENT_3D('',#6224,#5115,#5116);
#4107=AXIS2_PLACEMENT_3D('',#6227,#5118,#5119);
#4108=AXIS2_PLACEMENT_3D('',#6228,#5120,#5121);
#4109=AXIS2_PLACEMENT_3D('',#6232,#5124,#5125);
#4110=AXIS2_PLACEMENT_3D('',#6235,#5127,#5128);
#4111=AXIS2_PLACEMENT_3D('',#6236,#5129,#5130);
#4112=AXIS2_PLACEMENT_3D('',#6239,#5132,#5133);
#4113=AXIS2_PLACEMENT_3D('',#6240,#5134,#5135);
#4114=AXIS2_PLACEMENT_3D('',#6242,#5137,#5138);
#4115=AXIS2_PLACEMENT_3D('',#6243,#5139,#5140);
#4116=AXIS2_PLACEMENT_3D('',#6249,#5144,#5145);
#4117=AXIS2_PLACEMENT_3D('',#6253,#5148,#5149);
#4118=AXIS2_PLACEMENT_3D('',#6257,#5152,#5153);
#4119=AXIS2_PLACEMENT_3D('',#6261,#5156,#5157);
#4120=AXIS2_PLACEMENT_3D('',#6265,#5160,#5161);
#4121=AXIS2_PLACEMENT_3D('',#6267,#5163,#5164);
#4122=AXIS2_PLACEMENT_3D('',#6268,#5165,#5166);
#4123=AXIS2_PLACEMENT_3D('',#6274,#5170,#5171);
#4124=AXIS2_PLACEMENT_3D('',#6278,#5174,#5175);
#4125=AXIS2_PLACEMENT_3D('',#6282,#5178,#5179);
#4126=AXIS2_PLACEMENT_3D('',#6286,#5182,#5183);
#4127=AXIS2_PLACEMENT_3D('',#6290,#5186,#5187);
#4128=AXIS2_PLACEMENT_3D('',#6294,#5190,#5191);
#4129=AXIS2_PLACEMENT_3D('',#6298,#5194,#5195);
#4130=AXIS2_PLACEMENT_3D('',#6302,#5198,#5199);
#4131=AXIS2_PLACEMENT_3D('',#6304,#5201,#5202);
#4132=AXIS2_PLACEMENT_3D('',#6305,#5203,#5204);
#4133=AXIS2_PLACEMENT_3D('',#6306,#5205,#5206);
#4134=AXIS2_PLACEMENT_3D('',#6307,#5207,#5208);
#4135=AXIS2_PLACEMENT_3D('',#6308,#5209,#5210);
#4136=DIRECTION('',(0.,0.,1.));
#4137=DIRECTION('',(1.,0.,0.));
#4138=DIRECTION('',(-1.,-1.04817128457813E-16,0.));
#4139=DIRECTION('',(1.04817128457813E-16,-1.,0.));
#4140=DIRECTION('',(-1.04817128457813E-16,1.,0.));
#4141=DIRECTION('',(0.,0.,1.));
#4142=DIRECTION('',(-1.04817128457813E-16,1.,0.));
#4143=DIRECTION('',(0.,0.,-1.));
#4144=DIRECTION('',(0.,0.,1.));
#4145=DIRECTION('',(1.,0.,0.));
#4146=DIRECTION('',(0.,0.,1.));
#4147=DIRECTION('',(1.,0.,0.));
#4148=DIRECTION('',(0.,0.,1.));
#4149=DIRECTION('',(1.,0.,0.));
#4150=DIRECTION('',(0.,0.,1.));
#4151=DIRECTION('',(1.,0.,0.));
#4152=DIRECTION('',(0.,0.,1.));
#4153=DIRECTION('',(1.,0.,0.));
#4154=DIRECTION('',(1.,0.,0.));
#4155=DIRECTION('',(0.,-1.,0.));
#4156=DIRECTION('',(0.674151818399367,-0.738592801040483,0.));
#4157=DIRECTION('',(-1.,0.,0.));
#4158=DIRECTION('',(-0.672672793996312,0.739940073395944,0.));
#4159=DIRECTION('',(-0.663688248899771,-0.748009296915724,0.));
#4160=DIRECTION('',(-1.,0.,0.));
#4161=DIRECTION('',(0.664052317362163,0.747686110480823,0.));
#4162=DIRECTION('',(0.,1.,0.));
#4163=DIRECTION('',(1.,0.,0.));
#4164=DIRECTION('',(0.,-1.,0.));
#4165=DIRECTION('',(-1.,0.,0.));
#4166=DIRECTION('',(0.,1.,0.));
#4167=DIRECTION('',(-1.,0.,0.));
#4168=DIRECTION('',(0.607280612666491,0.794487418074957,0.));
#4169=DIRECTION('',(-0.607280612666491,-0.794487418074957,0.));
#4170=DIRECTION('',(-1.,0.,0.));
#4171=DIRECTION('',(0.,0.,1.));
#4172=DIRECTION('',(1.,0.,0.));
#4173=DIRECTION('',(0.,0.,1.));
#4174=DIRECTION('',(1.,0.,0.));
#4175=DIRECTION('',(1.,0.,0.));
#4176=DIRECTION('',(0.,0.,1.));
#4177=DIRECTION('',(1.,0.,0.));
#4178=DIRECTION('',(0.,0.,1.));
#4179=DIRECTION('',(1.,0.,0.));
#4180=DIRECTION('',(-1.,0.,0.));
#4181=DIRECTION('',(0.60728061266649,0.794487418074958,0.));
#4182=DIRECTION('',(1.,0.,0.));
#4183=DIRECTION('',(0.,0.,1.));
#4184=DIRECTION('',(1.,0.,0.));
#4185=DIRECTION('',(0.,0.,1.));
#4186=DIRECTION('',(1.,0.,0.));
#4187=DIRECTION('',(-1.,0.,0.));
#4188=DIRECTION('',(0.,0.,1.));
#4189=DIRECTION('',(1.,0.,0.));
#4190=DIRECTION('',(0.,0.,1.));
#4191=DIRECTION('',(1.,0.,0.));
#4192=DIRECTION('',(1.,0.,0.));
#4193=DIRECTION('',(1.,0.,0.));
#4194=DIRECTION('',(0.263538123784019,-0.964648981398104,0.));
#4195=DIRECTION('',(0.473126637956813,0.880994429298893,0.));
#4196=DIRECTION('',(0.,0.,1.));
#4197=DIRECTION('',(1.,0.,0.));
#4198=DIRECTION('',(0.,0.,1.));
#4199=DIRECTION('',(1.,0.,0.));
#4200=DIRECTION('',(0.464619633020615,-0.885510359403993,0.));
#4201=DIRECTION('',(0.270458142025074,0.962731734914948,0.));
#4202=DIRECTION('',(1.,0.,0.));
#4203=DIRECTION('',(-0.284199550807175,-0.958765151286278,0.));
#4204=DIRECTION('',(0.,0.,1.));
#4205=DIRECTION('',(1.,0.,0.));
#4206=DIRECTION('',(0.,0.,1.));
#4207=DIRECTION('',(1.,0.,0.));
#4208=DIRECTION('',(-0.47277567020388,0.881182821929293,0.));
#4209=DIRECTION('',(-0.474496443044918,-0.880257420041275,0.));
#4210=DIRECTION('',(0.,0.,1.));
#4211=DIRECTION('',(1.,0.,0.));
#4212=DIRECTION('',(0.,0.,1.));
#4213=DIRECTION('',(1.,0.,0.));
#4214=DIRECTION('',(-0.278177270825253,0.960529752790726,0.));
#4215=DIRECTION('',(1.,0.,0.));
#4216=DIRECTION('',(0.,0.,1.));
#4217=DIRECTION('',(1.,0.,0.));
#4218=DIRECTION('',(0.,0.,1.));
#4219=DIRECTION('',(1.,0.,0.));
#4220=DIRECTION('',(-1.,0.,0.));
#4221=DIRECTION('',(0.604386481374232,0.796691270902396,0.));
#4222=DIRECTION('',(1.,0.,0.));
#4223=DIRECTION('',(0.,0.,1.));
#4224=DIRECTION('',(1.,0.,0.));
#4225=DIRECTION('',(0.,0.,1.));
#4226=DIRECTION('',(1.,0.,0.));
#4227=DIRECTION('',(-1.,0.,0.));
#4228=DIRECTION('',(0.604386481374231,0.796691270902397,0.));
#4229=DIRECTION('',(0.578472932186934,0.815701579456024,0.));
#4230=DIRECTION('',(1.,0.,0.));
#4231=DIRECTION('',(-0.578428777307933,-0.81573289107529,0.));
#4232=DIRECTION('',(0.,0.,1.));
#4233=DIRECTION('',(1.,0.,0.));
#4234=DIRECTION('',(0.,0.,1.));
#4235=DIRECTION('',(1.,0.,0.));
#4236=DIRECTION('',(-0.569351289119323,0.822094343477782,0.));
#4237=DIRECTION('',(1.,0.,0.));
#4238=DIRECTION('',(-0.580352394781955,-0.814365457194035,0.));
#4239=DIRECTION('',(-1.,0.,0.));
#4240=DIRECTION('',(0.569209978830309,-0.822192191643778,0.));
#4241=DIRECTION('',(1.,0.,0.));
#4242=DIRECTION('',(-0.580352394781956,-0.814365457194035,0.));
#4243=DIRECTION('',(-1.,0.,0.));
#4244=DIRECTION('',(0.569209978830308,-0.822192191643779,0.));
#4245=DIRECTION('',(0.578472932186934,0.815701579456023,0.));
#4246=DIRECTION('',(1.,0.,0.));
#4247=DIRECTION('',(-0.578428777307932,-0.81573289107529,0.));
#4248=DIRECTION('',(0.,0.,1.));
#4249=DIRECTION('',(1.,0.,0.));
#4250=DIRECTION('',(0.,0.,1.));
#4251=DIRECTION('',(1.,0.,0.));
#4252=DIRECTION('',(-0.569351289119323,0.822094343477782,0.));
#4253=DIRECTION('',(1.,0.,0.));
#4254=DIRECTION('',(0.,-1.,0.));
#4255=DIRECTION('',(1.,0.,0.));
#4256=DIRECTION('',(-0.615819768043937,-0.78788705617386,0.));
#4257=DIRECTION('',(-1.,0.,0.));
#4258=DIRECTION('',(0.615819768043937,0.78788705617386,0.));
#4259=DIRECTION('',(1.,0.,0.));
#4260=DIRECTION('',(0.,1.,0.));
#4261=DIRECTION('',(1.,0.,0.));
#4262=DIRECTION('',(0.,0.,1.));
#4263=DIRECTION('',(1.,0.,0.));
#4264=DIRECTION('',(0.,0.,1.));
#4265=DIRECTION('',(1.,0.,0.));
#4266=DIRECTION('',(-1.,0.,0.));
#4267=DIRECTION('',(0.604386481374231,0.796691270902397,0.));
#4268=DIRECTION('',(1.,0.,0.));
#4269=DIRECTION('',(0.,0.,1.));
#4270=DIRECTION('',(1.,0.,0.));
#4271=DIRECTION('',(0.,0.,1.));
#4272=DIRECTION('',(1.,0.,0.));
#4273=DIRECTION('',(-1.,0.,0.));
#4274=DIRECTION('',(0.604386481374231,0.796691270902397,0.));
#4275=DIRECTION('',(1.,0.,0.));
#4276=DIRECTION('',(0.,0.,1.));
#4277=DIRECTION('',(1.,0.,0.));
#4278=DIRECTION('',(0.,0.,1.));
#4279=DIRECTION('',(1.,0.,0.));
#4280=DIRECTION('',(1.,0.,0.));
#4281=DIRECTION('',(0.,0.,1.));
#4282=DIRECTION('',(1.,0.,0.));
#4283=DIRECTION('',(1.,0.,0.));
#4284=DIRECTION('',(0.,0.,1.));
#4285=DIRECTION('',(1.,0.,0.));
#4286=DIRECTION('',(1.,0.,0.));
#4287=DIRECTION('',(0.,-1.,0.));
#4288=DIRECTION('',(1.,0.,0.));
#4289=DIRECTION('',(0.,-1.,0.));
#4290=DIRECTION('',(0.,0.,1.));
#4291=DIRECTION('',(1.,0.,0.));
#4292=DIRECTION('',(-1.,0.,0.));
#4293=DIRECTION('',(0.,0.,1.));
#4294=DIRECTION('',(1.,0.,0.));
#4295=DIRECTION('',(0.55470019622523,0.832050294337843,0.));
#4296=DIRECTION('',(0.481918749772156,0.876215908676647,0.));
#4297=DIRECTION('',(0.,0.,1.));
#4298=DIRECTION('',(1.,0.,0.));
#4299=DIRECTION('',(0.,1.,0.));
#4300=DIRECTION('',(0.196116135138184,-0.98058067569092,0.));
#4301=DIRECTION('',(0.,0.,1.));
#4302=DIRECTION('',(1.,0.,0.));
#4303=DIRECTION('',(-0.999999050721693,0.00137788087747673,0.));
#4304=DIRECTION('',(0.,0.,1.));
#4305=DIRECTION('',(1.,0.,0.));
#4306=DIRECTION('',(0.650323379301009,0.759657490145734,0.));
#4307=DIRECTION('',(0.,0.,1.));
#4308=DIRECTION('',(1.,0.,0.));
#4309=DIRECTION('',(-0.999999050721693,0.00137788087747471,0.));
#4310=DIRECTION('',(0.,0.,1.));
#4311=DIRECTION('',(1.,0.,0.));
#4312=DIRECTION('',(-0.649438785686876,0.76041387654721,0.));
#4313=DIRECTION('',(0.,0.,1.));
#4314=DIRECTION('',(1.,0.,0.));
#4315=DIRECTION('',(-0.999999050721693,0.00137788087747673,0.));
#4316=DIRECTION('',(0.,0.,1.));
#4317=DIRECTION('',(1.,0.,0.));
#4318=DIRECTION('',(-0.651289908467203,-0.758829002561699,0.));
#4319=DIRECTION('',(0.,0.,1.));
#4320=DIRECTION('',(1.,0.,0.));
#4321=DIRECTION('',(1.,0.,0.));
#4322=DIRECTION('',(0.,0.,1.));
#4323=DIRECTION('',(1.,0.,0.));
#4324=DIRECTION('',(-0.648474188515344,0.761236643120499,0.));
#4325=DIRECTION('',(0.,0.,1.));
#4326=DIRECTION('',(1.,0.,0.));
#4327=DIRECTION('',(-0.999999050721693,0.00137788087747673,0.));
#4328=DIRECTION('',(0.,0.,1.));
#4329=DIRECTION('',(1.,0.,0.));
#4330=DIRECTION('',(0.196116135138184,0.98058067569092,0.));
#4331=DIRECTION('',(0.,1.,0.));
#4332=DIRECTION('',(0.,0.,1.));
#4333=DIRECTION('',(1.,0.,0.));
#4334=DIRECTION('',(-0.481918749772156,0.876215908676647,0.));
#4335=DIRECTION('',(-0.55470019622523,0.832050294337843,0.));
#4336=DIRECTION('',(0.,0.,1.));
#4337=DIRECTION('',(1.,0.,0.));
#4338=DIRECTION('',(1.,0.,0.));
#4339=DIRECTION('',(0.,0.,1.));
#4340=DIRECTION('',(1.,0.,0.));
#4341=DIRECTION('',(0.,-1.,0.));
#4342=DIRECTION('',(1.,0.,0.));
#4343=DIRECTION('',(0.,0.,1.));
#4344=DIRECTION('',(1.,0.,0.));
#4345=DIRECTION('',(-1.,0.,0.));
#4346=DIRECTION('',(0.,0.,1.));
#4347=DIRECTION('',(1.,0.,0.));
#4348=DIRECTION('',(0.,1.,0.));
#4349=DIRECTION('',(0.,0.,1.));
#4350=DIRECTION('',(1.,0.,0.));
#4351=DIRECTION('',(0.,0.,1.));
#4352=DIRECTION('',(1.,0.,0.));
#4353=DIRECTION('',(0.,1.,0.));
#4354=DIRECTION('',(0.,0.,1.));
#4355=DIRECTION('',(1.,0.,0.));
#4356=DIRECTION('',(-1.,0.,0.));
#4357=DIRECTION('',(0.,0.,1.));
#4358=DIRECTION('',(1.,0.,0.));
#4359=DIRECTION('',(0.,-1.,0.));
#4360=DIRECTION('',(0.,0.,1.));
#4361=DIRECTION('',(1.,0.,0.));
#4362=DIRECTION('',(-1.,0.,0.));
#4363=DIRECTION('',(0.,0.,1.));
#4364=DIRECTION('',(1.,0.,0.));
#4365=DIRECTION('',(0.,-1.,0.));
#4366=DIRECTION('',(0.,0.,1.));
#4367=DIRECTION('',(1.,0.,0.));
#4368=DIRECTION('',(1.,0.,0.));
#4369=DIRECTION('',(0.,0.,1.));
#4370=DIRECTION('',(1.,0.,0.));
#4371=DIRECTION('',(0.,1.,0.));
#4372=DIRECTION('',(0.,0.,1.));
#4373=DIRECTION('',(1.,0.,0.));
#4374=DIRECTION('',(-1.,0.,0.));
#4375=DIRECTION('',(0.,0.,1.));
#4376=DIRECTION('',(1.,0.,0.));
#4377=DIRECTION('',(1.,0.,0.));
#4378=DIRECTION('',(0.,0.,1.));
#4379=DIRECTION('',(1.,0.,0.));
#4380=DIRECTION('',(0.,0.,1.));
#4381=DIRECTION('',(1.,0.,0.));
#4382=DIRECTION('',(1.,0.,0.));
#4383=DIRECTION('',(0.,0.,1.));
#4384=DIRECTION('',(1.,0.,0.));
#4385=DIRECTION('',(0.,1.,0.));
#4386=DIRECTION('',(0.,0.,1.));
#4387=DIRECTION('',(1.,0.,0.));
#4388=DIRECTION('',(-1.,0.,0.));
#4389=DIRECTION('',(0.,0.,1.));
#4390=DIRECTION('',(1.,0.,0.));
#4391=DIRECTION('',(1.,0.,0.));
#4392=DIRECTION('',(0.,-1.,0.));
#4393=DIRECTION('',(0.,0.,1.));
#4394=DIRECTION('',(1.,0.,0.));
#4395=DIRECTION('',(1.,0.,0.));
#4396=DIRECTION('',(0.,0.,1.));
#4397=DIRECTION('',(1.,0.,0.));
#4398=DIRECTION('',(-0.55470019622523,0.832050294337843,0.));
#4399=DIRECTION('',(-0.481918749772156,0.876215908676647,0.));
#4400=DIRECTION('',(0.,0.,1.));
#4401=DIRECTION('',(1.,0.,0.));
#4402=DIRECTION('',(0.,1.,0.));
#4403=DIRECTION('',(0.196116135138184,0.98058067569092,0.));
#4404=DIRECTION('',(0.,0.,1.));
#4405=DIRECTION('',(1.,0.,0.));
#4406=DIRECTION('',(-0.999999050721693,0.00137788087747673,0.));
#4407=DIRECTION('',(0.,0.,1.));
#4408=DIRECTION('',(1.,0.,0.));
#4409=DIRECTION('',(0.648474188515344,-0.761236643120499,0.));
#4410=DIRECTION('',(0.,0.,1.));
#4411=DIRECTION('',(1.,0.,0.));
#4412=DIRECTION('',(-1.,0.,0.));
#4413=DIRECTION('',(0.,0.,1.));
#4414=DIRECTION('',(1.,0.,0.));
#4415=DIRECTION('',(0.651289908467203,0.758829002561699,0.));
#4416=DIRECTION('',(0.,0.,1.));
#4417=DIRECTION('',(1.,0.,0.));
#4418=DIRECTION('',(-0.999999050721693,0.00137788087747673,0.));
#4419=DIRECTION('',(0.,0.,1.));
#4420=DIRECTION('',(1.,0.,0.));
#4421=DIRECTION('',(0.649438785686876,-0.76041387654721,0.));
#4422=DIRECTION('',(0.,0.,1.));
#4423=DIRECTION('',(1.,0.,0.));
#4424=DIRECTION('',(0.999999050721693,-0.00137788087747471,0.));
#4425=DIRECTION('',(0.,0.,1.));
#4426=DIRECTION('',(1.,0.,0.));
#4427=DIRECTION('',(-0.650323379301009,-0.759657490145734,0.));
#4428=DIRECTION('',(0.,0.,1.));
#4429=DIRECTION('',(1.,0.,0.));
#4430=DIRECTION('',(-0.999999050721693,0.00137788087747673,0.));
#4431=DIRECTION('',(0.,0.,1.));
#4432=DIRECTION('',(1.,0.,0.));
#4433=DIRECTION('',(0.196116135138184,-0.98058067569092,0.));
#4434=DIRECTION('',(0.,1.,0.));
#4435=DIRECTION('',(0.,0.,1.));
#4436=DIRECTION('',(1.,0.,0.));
#4437=DIRECTION('',(0.481918749772156,0.876215908676647,0.));
#4438=DIRECTION('',(0.55470019622523,0.832050294337843,0.));
#4439=DIRECTION('',(0.,0.,1.));
#4440=DIRECTION('',(1.,0.,0.));
#4441=DIRECTION('',(-1.,0.,0.));
#4442=DIRECTION('',(0.,0.,1.));
#4443=DIRECTION('',(1.,0.,0.));
#4444=DIRECTION('',(0.,-1.,0.));
#4445=DIRECTION('',(1.,0.,0.));
#4446=DIRECTION('',(0.,-1.,0.));
#4447=DIRECTION('',(1.,0.,0.));
#4448=DIRECTION('',(0.,0.,1.));
#4449=DIRECTION('',(1.,0.,0.));
#4450=DIRECTION('',(1.,0.,0.));
#4451=DIRECTION('',(0.,0.,1.));
#4452=DIRECTION('',(1.,0.,0.));
#4453=DIRECTION('',(0.,-1.,0.));
#4454=DIRECTION('',(0.,0.,1.));
#4455=DIRECTION('',(1.,0.,0.));
#4456=DIRECTION('',(1.,0.,0.));
#4457=DIRECTION('',(0.,0.,1.));
#4458=DIRECTION('',(1.,0.,0.));
#4459=DIRECTION('',(0.,1.,0.));
#4460=DIRECTION('',(0.,0.,1.));
#4461=DIRECTION('',(1.,0.,0.));
#4462=DIRECTION('',(-1.,0.,0.));
#4463=DIRECTION('',(0.,0.,1.));
#4464=DIRECTION('',(1.,0.,0.));
#4465=DIRECTION('',(0.,1.,0.));
#4466=DIRECTION('',(0.,0.,1.));
#4467=DIRECTION('',(1.,0.,0.));
#4468=DIRECTION('',(-1.,0.,0.));
#4469=DIRECTION('',(0.,0.,1.));
#4470=DIRECTION('',(1.,0.,0.));
#4471=DIRECTION('',(0.,-1.,0.));
#4472=DIRECTION('',(0.,0.,1.));
#4473=DIRECTION('',(1.,0.,0.));
#4474=DIRECTION('',(1.,0.,0.));
#4475=DIRECTION('',(0.,0.,1.));
#4476=DIRECTION('',(1.,0.,0.));
#4477=DIRECTION('',(0.,0.,1.));
#4478=DIRECTION('',(1.,0.,0.));
#4479=DIRECTION('',(0.,0.,1.));
#4480=DIRECTION('',(1.,0.,0.));
#4481=DIRECTION('',(0.,0.,1.));
#4482=DIRECTION('',(1.,0.,0.));
#4483=DIRECTION('',(0.,0.,1.));
#4484=DIRECTION('',(1.,0.,0.));
#4485=DIRECTION('',(-0.00137788087747673,-0.999999050721693,0.));
#4486=DIRECTION('',(0.999999050721693,-0.00137788087747673,0.));
#4487=DIRECTION('',(0.,0.,-1.));
#4488=DIRECTION('',(0.,0.,-1.));
#4489=DIRECTION('',(-0.00137788087747673,-0.999999050721693,0.));
#4490=DIRECTION('',(0.999999050721693,-0.00137788087747673,0.));
#4491=DIRECTION('',(0.,0.,-1.));
#4492=DIRECTION('',(0.,0.,-1.));
#4493=DIRECTION('',(0.,-1.,0.));
#4494=DIRECTION('',(0.,0.,-1.));
#4495=DIRECTION('',(0.,0.,-1.));
#4496=DIRECTION('',(0.,0.,-1.));
#4497=DIRECTION('',(-0.832050294337843,0.55470019622523,0.));
#4498=DIRECTION('',(-0.55470019622523,-0.832050294337843,0.));
#4499=DIRECTION('',(0.,0.,-1.));
#4500=DIRECTION('',(0.,0.,-1.));
#4501=DIRECTION('',(-0.876215908676647,0.481918749772156,0.));
#4502=DIRECTION('',(-0.481918749772156,-0.876215908676647,0.));
#4503=DIRECTION('',(0.,0.,-1.));
#4504=DIRECTION('',(-1.,0.,0.));
#4505=DIRECTION('',(0.,0.,1.));
#4506=DIRECTION('',(0.,0.,-1.));
#4507=DIRECTION('',(0.,0.,-1.));
#4508=DIRECTION('',(0.98058067569092,0.196116135138184,0.));
#4509=DIRECTION('',(-0.196116135138184,0.98058067569092,0.));
#4510=DIRECTION('',(0.,0.,-1.));
#4511=DIRECTION('',(0.,0.,-1.));
#4512=DIRECTION('',(-1.,0.,0.));
#4513=DIRECTION('',(0.,0.,-1.));
#4514=DIRECTION('',(-0.00137788087747673,-0.999999050721693,0.));
#4515=DIRECTION('',(0.999999050721693,-0.00137788087747673,0.));
#4516=DIRECTION('',(0.,0.,-1.));
#4517=DIRECTION('',(0.,0.,-1.));
#4518=DIRECTION('',(-1.,0.,0.));
#4519=DIRECTION('',(0.,0.,-1.));
#4520=DIRECTION('',(-0.98058067569092,0.196116135138184,0.));
#4521=DIRECTION('',(-0.196116135138184,-0.98058067569092,0.));
#4522=DIRECTION('',(0.,0.,-1.));
#4523=DIRECTION('',(-1.,0.,0.));
#4524=DIRECTION('',(0.,0.,1.));
#4525=DIRECTION('',(0.,0.,-1.));
#4526=DIRECTION('',(-0.876215908676647,-0.481918749772156,0.));
#4527=DIRECTION('',(0.481918749772156,-0.876215908676647,0.));
#4528=DIRECTION('',(0.,0.,-1.));
#4529=DIRECTION('',(0.,0.,-1.));
#4530=DIRECTION('',(-0.832050294337843,-0.55470019622523,0.));
#4531=DIRECTION('',(0.55470019622523,-0.832050294337843,0.));
#4532=DIRECTION('',(0.,0.,-1.));
#4533=DIRECTION('',(0.,1.,0.));
#4534=DIRECTION('',(0.,0.,1.));
#4535=DIRECTION('',(0.,0.,-1.));
#4536=DIRECTION('',(0.,0.,-1.));
#4537=DIRECTION('',(1.,0.,0.));
#4538=DIRECTION('',(0.,0.,-1.));
#4539=DIRECTION('',(0.,0.,-1.));
#4540=DIRECTION('',(0.,0.,-1.));
#4541=DIRECTION('',(0.,1.,0.));
#4542=DIRECTION('',(0.,0.,1.));
#4543=DIRECTION('',(0.,1.,0.));
#4544=DIRECTION('',(0.,0.,1.));
#4545=DIRECTION('',(0.,0.,-1.));
#4546=DIRECTION('',(0.,0.,-1.));
#4547=DIRECTION('',(0.,0.,-1.));
#4548=DIRECTION('',(-1.,0.,0.));
#4549=DIRECTION('',(0.,0.,-1.));
#4550=DIRECTION('',(0.,1.,0.));
#4551=DIRECTION('',(0.,0.,1.));
#4552=DIRECTION('',(0.,0.,-1.));
#4553=DIRECTION('',(0.,0.,-1.));
#4554=DIRECTION('',(-1.,0.,0.));
#4555=DIRECTION('',(0.,0.,-1.));
#4556=DIRECTION('',(0.,1.,0.));
#4557=DIRECTION('',(0.,0.,1.));
#4558=DIRECTION('',(0.,0.,-1.));
#4559=DIRECTION('',(1.,0.,0.));
#4560=DIRECTION('',(0.,0.,-1.));
#4561=DIRECTION('',(0.,0.,-1.));
#4562=DIRECTION('',(0.,1.,0.));
#4563=DIRECTION('',(0.,0.,1.));
#4564=DIRECTION('',(0.,0.,-1.));
#4565=DIRECTION('',(1.,0.,0.));
#4566=DIRECTION('',(0.,0.,-1.));
#4567=DIRECTION('',(0.,0.,-1.));
#4568=DIRECTION('',(-1.,0.,0.));
#4569=DIRECTION('',(0.,0.,1.));
#4570=DIRECTION('',(0.,0.,1.));
#4571=DIRECTION('',(0.,1.,0.));
#4572=DIRECTION('',(0.,0.,1.));
#4573=DIRECTION('',(1.,0.,0.));
#4574=DIRECTION('',(0.,0.,-1.));
#4575=DIRECTION('',(0.,0.,1.));
#4576=DIRECTION('',(0.,-1.,0.));
#4577=DIRECTION('',(0.,0.,1.));
#4578=DIRECTION('',(1.,0.,0.));
#4579=DIRECTION('',(0.,0.,-1.));
#4580=DIRECTION('',(0.,0.,1.));
#4581=DIRECTION('',(0.,-1.,0.));
#4582=DIRECTION('',(0.,0.,1.));
#4583=DIRECTION('',(-1.,0.,0.));
#4584=DIRECTION('',(0.,0.,1.));
#4585=DIRECTION('',(0.,0.,1.));
#4586=DIRECTION('',(0.,1.,0.));
#4587=DIRECTION('',(0.,0.,1.));
#4588=DIRECTION('',(0.,0.,1.));
#4589=DIRECTION('',(1.,0.,0.));
#4590=DIRECTION('',(0.,0.,1.));
#4591=DIRECTION('',(1.,0.,0.));
#4592=DIRECTION('',(0.,0.,-1.));
#4593=DIRECTION('',(-1.,0.,0.));
#4594=DIRECTION('',(0.,0.,-1.));
#4595=DIRECTION('',(-1.,0.,0.));
#4596=DIRECTION('',(0.,0.,1.));
#4597=DIRECTION('',(1.,0.,0.));
#4598=DIRECTION('',(0.,0.,1.));
#4599=DIRECTION('',(1.,0.,0.));
#4600=DIRECTION('',(0.,0.,-1.));
#4601=DIRECTION('',(-1.,0.,0.));
#4602=DIRECTION('',(0.,0.,1.));
#4603=DIRECTION('',(1.,0.,0.));
#4604=DIRECTION('',(0.,0.,-1.));
#4605=DIRECTION('',(-1.,0.,0.));
#4606=DIRECTION('',(0.,0.,1.));
#4607=DIRECTION('',(1.,0.,0.));
#4608=DIRECTION('',(0.,0.,-1.));
#4609=DIRECTION('',(-1.,0.,0.));
#4610=DIRECTION('',(0.,0.,1.));
#4611=DIRECTION('',(1.,0.,0.));
#4612=DIRECTION('',(0.,0.,-1.));
#4613=DIRECTION('',(-1.,0.,0.));
#4614=DIRECTION('',(0.,0.,1.));
#4615=DIRECTION('',(1.,0.,0.));
#4616=DIRECTION('',(-0.758829002561699,0.651289908467203,0.));
#4617=DIRECTION('',(-0.651289908467203,-0.758829002561699,0.));
#4618=DIRECTION('',(0.,0.,-1.));
#4619=DIRECTION('',(0.,0.,-1.));
#4620=DIRECTION('',(0.761236643120499,0.648474188515344,0.));
#4621=DIRECTION('',(-0.648474188515344,0.761236643120499,0.));
#4622=DIRECTION('',(0.,0.,-1.));
#4623=DIRECTION('',(0.,0.,-1.));
#4624=DIRECTION('',(0.,-1.,0.));
#4625=DIRECTION('',(0.,0.,-1.));
#4626=DIRECTION('',(0.,0.,-1.));
#4627=DIRECTION('',(0.,0.,-1.));
#4628=DIRECTION('',(0.00137788087747471,0.999999050721693,0.));
#4629=DIRECTION('',(-0.999999050721693,0.00137788087747471,0.));
#4630=DIRECTION('',(0.,0.,-1.));
#4631=DIRECTION('',(0.,0.,-1.));
#4632=DIRECTION('',(0.759657490145734,-0.650323379301009,0.));
#4633=DIRECTION('',(0.650323379301009,0.759657490145734,0.));
#4634=DIRECTION('',(0.,0.,-1.));
#4635=DIRECTION('',(0.,0.,-1.));
#4636=DIRECTION('',(0.76041387654721,0.649438785686876,0.));
#4637=DIRECTION('',(-0.649438785686876,0.76041387654721,0.));
#4638=DIRECTION('',(0.,0.,-1.));
#4639=DIRECTION('',(0.,0.,-1.));
#4640=DIRECTION('',(0.,0.,1.));
#4641=DIRECTION('',(1.,0.,0.));
#4642=DIRECTION('',(0.,0.,1.));
#4643=DIRECTION('',(1.,0.,0.));
#4644=DIRECTION('',(0.,0.,1.));
#4645=DIRECTION('',(1.,0.,0.));
#4646=DIRECTION('',(0.,0.,-1.));
#4647=DIRECTION('',(-1.,0.,0.));
#4648=DIRECTION('',(0.,0.,-1.));
#4649=DIRECTION('',(-1.,0.,0.));
#4650=DIRECTION('',(0.,0.,-1.));
#4651=DIRECTION('',(-1.,0.,0.));
#4652=DIRECTION('',(0.,0.,1.));
#4653=DIRECTION('',(1.,0.,0.));
#4654=DIRECTION('',(0.,0.,-1.));
#4655=DIRECTION('',(-1.,0.,0.));
#4656=DIRECTION('',(0.,0.,1.));
#4657=DIRECTION('',(1.,0.,0.));
#4658=DIRECTION('',(0.,0.,1.));
#4659=DIRECTION('',(0.,0.,1.));
#4660=DIRECTION('',(1.,0.,0.));
#4661=DIRECTION('',(0.,-1.,0.));
#4662=DIRECTION('',(0.,0.,-1.));
#4663=DIRECTION('',(0.,0.,1.));
#4664=DIRECTION('',(1.,0.,0.));
#4665=DIRECTION('',(0.,0.,1.));
#4666=DIRECTION('',(1.,0.,0.));
#4667=DIRECTION('',(0.,0.,1.));
#4668=DIRECTION('',(1.,0.,0.));
#4669=DIRECTION('',(0.,0.,1.));
#4670=DIRECTION('',(1.,0.,0.));
#4671=DIRECTION('',(0.,0.,1.));
#4672=DIRECTION('',(0.,0.,1.));
#4673=DIRECTION('',(1.,0.,0.));
#4674=DIRECTION('',(0.,1.,0.));
#4675=DIRECTION('',(0.,0.,1.));
#4676=DIRECTION('',(0.,0.,1.));
#4677=DIRECTION('',(-1.,0.,0.));
#4678=DIRECTION('',(0.,0.,1.));
#4679=DIRECTION('',(1.,0.,0.));
#4680=DIRECTION('',(0.,0.,1.));
#4681=DIRECTION('',(1.,0.,0.));
#4682=DIRECTION('',(0.,0.,1.));
#4683=DIRECTION('',(1.,0.,0.));
#4684=DIRECTION('',(0.,0.,1.));
#4685=DIRECTION('',(0.,0.,1.));
#4686=DIRECTION('',(1.,0.,0.));
#4687=DIRECTION('',(0.,1.,0.));
#4688=DIRECTION('',(0.,0.,1.));
#4689=DIRECTION('',(0.,0.,1.));
#4690=DIRECTION('',(1.,0.,0.));
#4691=DIRECTION('',(0.,0.,1.));
#4692=DIRECTION('',(1.,0.,0.));
#4693=DIRECTION('',(0.,0.,1.));
#4694=DIRECTION('',(1.,0.,0.));
#4695=DIRECTION('',(0.,0.,1.));
#4696=DIRECTION('',(1.,0.,0.));
#4697=DIRECTION('',(0.,0.,1.));
#4698=DIRECTION('',(0.,0.,1.));
#4699=DIRECTION('',(1.,0.,0.));
#4700=DIRECTION('',(0.,1.,0.));
#4701=DIRECTION('',(0.,0.,1.));
#4702=DIRECTION('',(0.,0.,1.));
#4703=DIRECTION('',(-1.,0.,0.));
#4704=DIRECTION('',(0.,0.,1.));
#4705=DIRECTION('',(1.,0.,0.));
#4706=DIRECTION('',(0.,0.,1.));
#4707=DIRECTION('',(1.,0.,0.));
#4708=DIRECTION('',(0.,0.,-1.));
#4709=DIRECTION('',(-1.,0.,0.));
#4710=DIRECTION('',(0.707106781186548,-6.13317366673349E-15,-0.707106781186548));
#4711=DIRECTION('',(0.,-0.707106781186548,0.707106781186547));
#4712=DIRECTION('',(0.,-0.707106781186548,-0.707106781186548));
#4713=DIRECTION('',(-1.,0.,0.));
#4714=DIRECTION('',(0.,-0.707106781186548,0.707106781186548));
#4715=DIRECTION('',(0.707106781186548,0.,0.707106781186548));
#4716=DIRECTION('',(0.,1.,0.));
#4717=DIRECTION('',(0.707106781186548,0.,-0.707106781186548));
#4718=DIRECTION('',(0.,0.,-1.));
#4719=DIRECTION('',(-1.,0.,0.));
#4720=DIRECTION('',(0.707106781186548,0.,0.707106781186548));
#4721=DIRECTION('',(0.,0.,-1.));
#4722=DIRECTION('',(-1.,0.,0.));
#4723=DIRECTION('',(0.,-0.707106781186548,-0.707106781186548));
#4724=DIRECTION('',(-0.707106781186548,0.,0.707106781186548));
#4725=DIRECTION('',(0.,-1.,0.));
#4726=DIRECTION('',(0.707106781186548,4.90653893338679E-15,0.707106781186548));
#4727=DIRECTION('',(0.,0.707106781186548,-0.707106781186548));
#4728=DIRECTION('',(1.,0.,0.));
#4729=DIRECTION('',(0.,-0.707106781186548,-0.707106781186548));
#4730=DIRECTION('',(0.,0.,-1.));
#4731=DIRECTION('',(-1.,0.,0.));
#4732=DIRECTION('',(0.,0.,-1.));
#4733=DIRECTION('',(-1.,0.,0.));
#4734=DIRECTION('',(-0.707106781186548,0.,-0.707106781186548));
#4735=DIRECTION('',(0.,0.707106781186548,0.707106781186548));
#4736=DIRECTION('',(0.,0.707106781186548,-0.707106781186548));
#4737=DIRECTION('',(1.,0.,0.));
#4738=DIRECTION('',(0.,0.707106781186548,0.707106781186548));
#4739=DIRECTION('',(-0.707106781186548,0.,0.707106781186548));
#4740=DIRECTION('',(0.,-1.,0.));
#4741=DIRECTION('',(-0.707106781186548,0.,-0.707106781186548));
#4742=DIRECTION('',(0.,0.,-1.));
#4743=DIRECTION('',(-1.,0.,0.));
#4744=DIRECTION('',(-0.707106781186548,0.,0.707106781186548));
#4745=DIRECTION('',(0.,0.,-1.));
#4746=DIRECTION('',(-1.,0.,0.));
#4747=DIRECTION('',(0.,0.707106781186548,-0.707106781186548));
#4748=DIRECTION('',(0.707106781186548,0.,0.707106781186548));
#4749=DIRECTION('',(0.,1.,0.));
#4750=DIRECTION('',(-0.707106781186548,0.,0.707106781186548));
#4751=DIRECTION('',(0.,0.707106781186548,0.707106781186548));
#4752=DIRECTION('',(-1.,0.,0.));
#4753=DIRECTION('',(0.,0.707106781186548,-0.707106781186548));
#4754=DIRECTION('',(0.,0.,-1.));
#4755=DIRECTION('',(-1.,0.,0.));
#4756=DIRECTION('',(0.,1.,0.));
#4757=DIRECTION('',(0.,0.,1.));
#4758=DIRECTION('',(0.,0.,1.));
#4759=DIRECTION('',(0.,0.,1.));
#4760=DIRECTION('',(0.,-1.,0.));
#4761=DIRECTION('',(0.,0.,-1.));
#4762=DIRECTION('',(0.,0.,1.));
#4763=DIRECTION('',(0.,0.,1.));
#4764=DIRECTION('',(1.,0.,0.));
#4765=DIRECTION('',(0.,0.,-1.));
#4766=DIRECTION('',(0.,0.,1.));
#4767=DIRECTION('',(0.,0.,1.));
#4768=DIRECTION('',(0.,0.,1.));
#4769=DIRECTION('',(1.,0.,0.));
#4770=DIRECTION('',(0.,0.,1.));
#4771=DIRECTION('',(0.,0.,-1.));
#4772=DIRECTION('',(-1.,0.,0.));
#4773=DIRECTION('',(0.,0.,-1.));
#4774=DIRECTION('',(-1.,0.,0.));
#4775=DIRECTION('',(0.,0.,-1.));
#4776=DIRECTION('',(-1.,0.,0.));
#4777=DIRECTION('',(0.,0.,-1.));
#4778=DIRECTION('',(-1.,0.,0.));
#4779=DIRECTION('',(0.,-1.,0.));
#4780=DIRECTION('',(0.,0.,-1.));
#4781=DIRECTION('',(0.,0.,1.));
#4782=DIRECTION('',(1.,0.,0.));
#4783=DIRECTION('',(0.,0.,1.));
#4784=DIRECTION('',(0.796691270902397,-0.604386481374231,0.));
#4785=DIRECTION('',(0.604386481374231,0.796691270902397,0.));
#4786=DIRECTION('',(0.,0.,1.));
#4787=DIRECTION('',(0.604386481374231,0.796691270902397,0.));
#4788=DIRECTION('',(0.,1.,0.));
#4789=DIRECTION('',(0.,0.,1.));
#4790=DIRECTION('',(0.,0.,1.));
#4791=DIRECTION('',(-1.,0.,0.));
#4792=DIRECTION('',(0.,0.,1.));
#4793=DIRECTION('',(1.,0.,0.));
#4794=DIRECTION('',(0.,0.,1.));
#4795=DIRECTION('',(0.,0.,-1.));
#4796=DIRECTION('',(1.,0.,0.));
#4797=DIRECTION('',(0.,0.,1.));
#4798=DIRECTION('',(1.,0.,0.));
#4799=DIRECTION('',(0.,0.,1.));
#4800=DIRECTION('',(0.,0.,-1.));
#4801=DIRECTION('',(1.,0.,0.));
#4802=DIRECTION('',(0.,-1.,0.));
#4803=DIRECTION('',(0.,0.,-1.));
#4804=DIRECTION('',(0.,0.,1.));
#4805=DIRECTION('',(1.,0.,0.));
#4806=DIRECTION('',(0.796691270902397,-0.604386481374231,0.));
#4807=DIRECTION('',(0.604386481374231,0.796691270902397,0.));
#4808=DIRECTION('',(0.,0.,1.));
#4809=DIRECTION('',(0.604386481374231,0.796691270902397,0.));
#4810=DIRECTION('',(0.,1.,0.));
#4811=DIRECTION('',(0.,0.,1.));
#4812=DIRECTION('',(0.,0.,1.));
#4813=DIRECTION('',(-1.,0.,0.));
#4814=DIRECTION('',(0.,0.,1.));
#4815=DIRECTION('',(1.,0.,0.));
#4816=DIRECTION('',(0.,0.,1.));
#4817=DIRECTION('',(0.,0.,1.));
#4818=DIRECTION('',(1.,0.,0.));
#4819=DIRECTION('',(0.,0.,1.));
#4820=DIRECTION('',(1.,0.,0.));
#4821=DIRECTION('',(0.,0.,1.));
#4822=DIRECTION('',(1.,0.,0.));
#4823=DIRECTION('',(0.,0.,1.));
#4824=DIRECTION('',(1.,0.,0.));
#4825=DIRECTION('',(0.,-1.,0.));
#4826=DIRECTION('',(0.,0.,-1.));
#4827=DIRECTION('',(0.,0.,1.));
#4828=DIRECTION('',(1.,0.,0.));
#4829=DIRECTION('',(0.,0.,1.));
#4830=DIRECTION('',(1.,0.,0.));
#4831=DIRECTION('',(0.,0.,-1.));
#4832=DIRECTION('',(0.,0.,1.));
#4833=DIRECTION('',(0.,1.,0.));
#4834=DIRECTION('',(0.,-1.,0.));
#4835=DIRECTION('',(0.,0.,-1.));
#4836=DIRECTION('',(0.,0.,1.));
#4837=DIRECTION('',(1.,0.,0.));
#4838=DIRECTION('',(0.78788705617386,-0.615819768043937,0.));
#4839=DIRECTION('',(0.615819768043937,0.78788705617386,0.));
#4840=DIRECTION('',(0.,0.,1.));
#4841=DIRECTION('',(0.615819768043937,0.78788705617386,0.));
#4842=DIRECTION('',(0.,1.,0.));
#4843=DIRECTION('',(0.,0.,1.));
#4844=DIRECTION('',(0.,0.,1.));
#4845=DIRECTION('',(-1.,0.,0.));
#4846=DIRECTION('',(-0.78788705617386,0.615819768043937,0.));
#4847=DIRECTION('',(-0.615819768043937,-0.78788705617386,0.));
#4848=DIRECTION('',(0.,0.,1.));
#4849=DIRECTION('',(-0.615819768043937,-0.78788705617386,0.));
#4850=DIRECTION('',(0.,-1.,0.));
#4851=DIRECTION('',(0.,0.,-1.));
#4852=DIRECTION('',(0.,0.,1.));
#4853=DIRECTION('',(1.,0.,0.));
#4854=DIRECTION('',(-1.,0.,0.));
#4855=DIRECTION('',(0.,0.,1.));
#4856=DIRECTION('',(0.,-1.,0.));
#4857=DIRECTION('',(0.,0.,1.));
#4858=DIRECTION('',(1.,0.,0.));
#4859=DIRECTION('',(0.,-1.,0.));
#4860=DIRECTION('',(0.,0.,-1.));
#4861=DIRECTION('',(0.,0.,1.));
#4862=DIRECTION('',(1.,0.,0.));
#4863=DIRECTION('',(0.,0.,1.));
#4864=DIRECTION('',(0.822094343477782,0.569351289119323,0.));
#4865=DIRECTION('',(-0.569351289119323,0.822094343477782,0.));
#4866=DIRECTION('',(0.,0.,1.));
#4867=DIRECTION('',(-0.569351289119323,0.822094343477782,0.));
#4868=DIRECTION('',(0.,0.,1.));
#4869=DIRECTION('',(1.,0.,0.));
#4870=DIRECTION('',(0.,0.,1.));
#4871=DIRECTION('',(0.,0.,1.));
#4872=DIRECTION('',(1.,0.,0.));
#4873=DIRECTION('',(0.,0.,1.));
#4874=DIRECTION('',(1.,0.,0.));
#4875=DIRECTION('',(0.,0.,1.));
#4876=DIRECTION('',(0.,0.,1.));
#4877=DIRECTION('',(1.,0.,0.));
#4878=DIRECTION('',(-0.81573289107529,0.578428777307932,0.));
#4879=DIRECTION('',(-0.578428777307932,-0.81573289107529,0.));
#4880=DIRECTION('',(0.,0.,1.));
#4881=DIRECTION('',(-0.578428777307932,-0.81573289107529,0.));
#4882=DIRECTION('',(0.,-1.,0.));
#4883=DIRECTION('',(0.,0.,-1.));
#4884=DIRECTION('',(0.,0.,1.));
#4885=DIRECTION('',(1.,0.,0.));
#4886=DIRECTION('',(0.815701579456023,-0.578472932186934,0.));
#4887=DIRECTION('',(0.578472932186934,0.815701579456023,0.));
#4888=DIRECTION('',(0.,0.,1.));
#4889=DIRECTION('',(0.578472932186934,0.815701579456023,0.));
#4890=DIRECTION('',(-0.822192191643779,-0.569209978830308,0.));
#4891=DIRECTION('',(0.569209978830308,-0.822192191643779,0.));
#4892=DIRECTION('',(0.,0.,1.));
#4893=DIRECTION('',(0.569209978830308,-0.822192191643779,0.));
#4894=DIRECTION('',(0.,1.,0.));
#4895=DIRECTION('',(0.,0.,1.));
#4896=DIRECTION('',(0.,0.,1.));
#4897=DIRECTION('',(-1.,0.,0.));
#4898=DIRECTION('',(-0.814365457194035,0.580352394781956,0.));
#4899=DIRECTION('',(-0.580352394781956,-0.814365457194035,0.));
#4900=DIRECTION('',(-0.580352394781956,-0.814365457194035,0.));
#4901=DIRECTION('',(0.,0.,1.));
#4902=DIRECTION('',(1.,0.,0.));
#4903=DIRECTION('',(0.815701579456024,-0.578472932186934,0.));
#4904=DIRECTION('',(0.578472932186934,0.815701579456024,0.));
#4905=DIRECTION('',(0.,0.,1.));
#4906=DIRECTION('',(0.578472932186934,0.815701579456024,0.));
#4907=DIRECTION('',(0.,0.,1.));
#4908=DIRECTION('',(-0.822192191643778,-0.569209978830309,0.));
#4909=DIRECTION('',(0.569209978830309,-0.822192191643778,0.));
#4910=DIRECTION('',(0.,0.,1.));
#4911=DIRECTION('',(0.569209978830309,-0.822192191643778,0.));
#4912=DIRECTION('',(0.,1.,0.));
#4913=DIRECTION('',(0.,0.,1.));
#4914=DIRECTION('',(0.,0.,1.));
#4915=DIRECTION('',(-1.,0.,0.));
#4916=DIRECTION('',(-0.814365457194035,0.580352394781955,0.));
#4917=DIRECTION('',(-0.580352394781955,-0.814365457194035,0.));
#4918=DIRECTION('',(0.,0.,1.));
#4919=DIRECTION('',(-0.580352394781955,-0.814365457194035,0.));
#4920=DIRECTION('',(0.,-1.,0.));
#4921=DIRECTION('',(0.,0.,-1.));
#4922=DIRECTION('',(0.,0.,1.));
#4923=DIRECTION('',(1.,0.,0.));
#4924=DIRECTION('',(0.822094343477782,0.569351289119323,0.));
#4925=DIRECTION('',(-0.569351289119323,0.822094343477782,0.));
#4926=DIRECTION('',(0.,0.,1.));
#4927=DIRECTION('',(-0.569351289119323,0.822094343477782,0.));
#4928=DIRECTION('',(0.,0.,1.));
#4929=DIRECTION('',(1.,0.,0.));
#4930=DIRECTION('',(0.,0.,1.));
#4931=DIRECTION('',(0.,0.,1.));
#4932=DIRECTION('',(1.,0.,0.));
#4933=DIRECTION('',(0.,0.,1.));
#4934=DIRECTION('',(1.,0.,0.));
#4935=DIRECTION('',(0.,0.,1.));
#4936=DIRECTION('',(0.,0.,1.));
#4937=DIRECTION('',(1.,0.,0.));
#4938=DIRECTION('',(-0.81573289107529,0.578428777307933,0.));
#4939=DIRECTION('',(-0.578428777307933,-0.81573289107529,0.));
#4940=DIRECTION('',(0.,0.,1.));
#4941=DIRECTION('',(-0.578428777307933,-0.81573289107529,0.));
#4942=DIRECTION('',(0.,-1.,0.));
#4943=DIRECTION('',(0.,0.,-1.));
#4944=DIRECTION('',(1.,0.,0.));
#4945=DIRECTION('',(0.,0.,1.));
#4946=DIRECTION('',(1.,0.,0.));
#4947=DIRECTION('',(0.,-1.,0.));
#4948=DIRECTION('',(0.,0.,-1.));
#4949=DIRECTION('',(0.,0.,1.));
#4950=DIRECTION('',(1.,0.,0.));
#4951=DIRECTION('',(0.,0.,1.));
#4952=DIRECTION('',(0.796691270902397,-0.604386481374231,0.));
#4953=DIRECTION('',(0.604386481374231,0.796691270902397,0.));
#4954=DIRECTION('',(0.,0.,1.));
#4955=DIRECTION('',(0.604386481374231,0.796691270902397,0.));
#4956=DIRECTION('',(0.,1.,0.));
#4957=DIRECTION('',(0.,0.,1.));
#4958=DIRECTION('',(0.,0.,1.));
#4959=DIRECTION('',(-1.,0.,0.));
#4960=DIRECTION('',(0.,0.,1.));
#4961=DIRECTION('',(1.,0.,0.));
#4962=DIRECTION('',(0.,0.,1.));
#4963=DIRECTION('',(0.,0.,-1.));
#4964=DIRECTION('',(1.,0.,0.));
#4965=DIRECTION('',(0.,0.,1.));
#4966=DIRECTION('',(1.,0.,0.));
#4967=DIRECTION('',(0.,0.,1.));
#4968=DIRECTION('',(0.,0.,-1.));
#4969=DIRECTION('',(1.,0.,0.));
#4970=DIRECTION('',(0.,-1.,0.));
#4971=DIRECTION('',(0.,0.,-1.));
#4972=DIRECTION('',(0.,0.,1.));
#4973=DIRECTION('',(1.,0.,0.));
#4974=DIRECTION('',(0.796691270902396,-0.604386481374232,0.));
#4975=DIRECTION('',(0.604386481374232,0.796691270902396,0.));
#4976=DIRECTION('',(0.,0.,1.));
#4977=DIRECTION('',(0.604386481374232,0.796691270902396,0.));
#4978=DIRECTION('',(0.,1.,0.));
#4979=DIRECTION('',(0.,0.,1.));
#4980=DIRECTION('',(0.,0.,1.));
#4981=DIRECTION('',(-1.,0.,0.));
#4982=DIRECTION('',(0.,0.,1.));
#4983=DIRECTION('',(1.,0.,0.));
#4984=DIRECTION('',(0.,0.,1.));
#4985=DIRECTION('',(0.,0.,1.));
#4986=DIRECTION('',(1.,0.,0.));
#4987=DIRECTION('',(0.,0.,1.));
#4988=DIRECTION('',(1.,0.,0.));
#4989=DIRECTION('',(0.,0.,1.));
#4990=DIRECTION('',(1.,0.,0.));
#4991=DIRECTION('',(0.,0.,1.));
#4992=DIRECTION('',(1.,0.,0.));
#4993=DIRECTION('',(0.,-1.,0.));
#4994=DIRECTION('',(0.,0.,-1.));
#4995=DIRECTION('',(0.,0.,1.));
#4996=DIRECTION('',(1.,0.,0.));
#4997=DIRECTION('',(0.,0.,1.));
#4998=DIRECTION('',(0.960529752790726,0.278177270825253,0.));
#4999=DIRECTION('',(-0.278177270825253,0.960529752790726,0.));
#5000=DIRECTION('',(0.,0.,1.));
#5001=DIRECTION('',(-0.278177270825253,0.960529752790726,0.));
#5002=DIRECTION('',(0.,0.,1.));
#5003=DIRECTION('',(1.,0.,0.));
#5004=DIRECTION('',(0.,0.,1.));
#5005=DIRECTION('',(0.,0.,1.));
#5006=DIRECTION('',(1.,0.,0.));
#5007=DIRECTION('',(0.,0.,1.));
#5008=DIRECTION('',(1.,0.,0.));
#5009=DIRECTION('',(0.,0.,1.));
#5010=DIRECTION('',(0.,0.,1.));
#5011=DIRECTION('',(1.,0.,0.));
#5012=DIRECTION('',(-0.880257420041275,0.474496443044918,0.));
#5013=DIRECTION('',(-0.474496443044918,-0.880257420041275,0.));
#5014=DIRECTION('',(0.,0.,1.));
#5015=DIRECTION('',(-0.474496443044918,-0.880257420041275,0.));
#5016=DIRECTION('',(0.881182821929293,0.47277567020388,0.));
#5017=DIRECTION('',(-0.47277567020388,0.881182821929293,0.));
#5018=DIRECTION('',(0.,0.,1.));
#5019=DIRECTION('',(-0.47277567020388,0.881182821929293,0.));
#5020=DIRECTION('',(0.,0.,1.));
#5021=DIRECTION('',(1.,0.,0.));
#5022=DIRECTION('',(0.,0.,1.));
#5023=DIRECTION('',(0.,0.,1.));
#5024=DIRECTION('',(1.,0.,0.));
#5025=DIRECTION('',(0.,0.,1.));
#5026=DIRECTION('',(1.,0.,0.));
#5027=DIRECTION('',(0.,0.,1.));
#5028=DIRECTION('',(0.,0.,1.));
#5029=DIRECTION('',(1.,0.,0.));
#5030=DIRECTION('',(-0.958765151286278,0.284199550807175,0.));
#5031=DIRECTION('',(-0.284199550807175,-0.958765151286278,0.));
#5032=DIRECTION('',(0.,0.,1.));
#5033=DIRECTION('',(-0.284199550807175,-0.958765151286278,0.));
#5034=DIRECTION('',(0.,-1.,0.));
#5035=DIRECTION('',(0.,0.,-1.));
#5036=DIRECTION('',(0.,0.,1.));
#5037=DIRECTION('',(1.,0.,0.));
#5038=DIRECTION('',(0.962731734914948,-0.270458142025074,0.));
#5039=DIRECTION('',(0.270458142025074,0.962731734914948,0.));
#5040=DIRECTION('',(0.,0.,1.));
#5041=DIRECTION('',(0.270458142025074,0.962731734914948,0.));
#5042=DIRECTION('',(-0.885510359403993,-0.464619633020615,0.));
#5043=DIRECTION('',(0.464619633020615,-0.885510359403993,0.));
#5044=DIRECTION('',(0.,0.,1.));
#5045=DIRECTION('',(0.464619633020615,-0.885510359403993,0.));
#5046=DIRECTION('',(0.,0.,1.));
#5047=DIRECTION('',(1.,0.,0.));
#5048=DIRECTION('',(0.,0.,1.));
#5049=DIRECTION('',(0.,0.,1.));
#5050=DIRECTION('',(1.,0.,0.));
#5051=DIRECTION('',(0.,0.,1.));
#5052=DIRECTION('',(1.,0.,0.));
#5053=DIRECTION('',(0.,0.,1.));
#5054=DIRECTION('',(0.,0.,1.));
#5055=DIRECTION('',(1.,0.,0.));
#5056=DIRECTION('',(0.880994429298893,-0.473126637956813,0.));
#5057=DIRECTION('',(0.473126637956813,0.880994429298893,0.));
#5058=DIRECTION('',(0.,0.,1.));
#5059=DIRECTION('',(0.473126637956813,0.880994429298893,0.));
#5060=DIRECTION('',(-0.964648981398104,-0.263538123784019,0.));
#5061=DIRECTION('',(0.263538123784019,-0.964648981398104,0.));
#5062=DIRECTION('',(0.263538123784019,-0.964648981398104,0.));
#5063=DIRECTION('',(0.,0.,1.));
#5064=DIRECTION('',(1.,0.,0.));
#5065=DIRECTION('',(-0.794487418074957,0.607280612666491,0.));
#5066=DIRECTION('',(-0.607280612666491,-0.794487418074957,0.));
#5067=DIRECTION('',(0.,0.,1.));
#5068=DIRECTION('',(-0.607280612666491,-0.794487418074957,0.));
#5069=DIRECTION('',(0.,0.,1.));
#5070=DIRECTION('',(0.,-1.,0.));
#5071=DIRECTION('',(0.,0.,-1.));
#5072=DIRECTION('',(0.,0.,1.));
#5073=DIRECTION('',(1.,0.,0.));
#5074=DIRECTION('',(0.,0.,1.));
#5075=DIRECTION('',(1.,0.,0.));
#5076=DIRECTION('',(0.,0.,1.));
#5077=DIRECTION('',(0.,0.,1.));
#5078=DIRECTION('',(1.,0.,0.));
#5079=DIRECTION('',(0.,0.,1.));
#5080=DIRECTION('',(1.,0.,0.));
#5081=DIRECTION('',(0.,0.,1.));
#5082=DIRECTION('',(0.,0.,1.));
#5083=DIRECTION('',(1.,0.,0.));
#5084=DIRECTION('',(0.,1.,0.));
#5085=DIRECTION('',(0.,0.,1.));
#5086=DIRECTION('',(0.,0.,1.));
#5087=DIRECTION('',(-1.,0.,0.));
#5088=DIRECTION('',(0.,0.,1.));
#5089=DIRECTION('',(1.,0.,0.));
#5090=DIRECTION('',(0.,0.,1.));
#5091=DIRECTION('',(0.,0.,-1.));
#5092=DIRECTION('',(1.,0.,0.));
#5093=DIRECTION('',(0.,0.,1.));
#5094=DIRECTION('',(1.,0.,0.));
#5095=DIRECTION('',(0.,0.,1.));
#5096=DIRECTION('',(0.,0.,-1.));
#5097=DIRECTION('',(1.,0.,0.));
#5098=DIRECTION('',(0.,-1.,0.));
#5099=DIRECTION('',(0.,0.,-1.));
#5100=DIRECTION('',(0.,0.,1.));
#5101=DIRECTION('',(1.,0.,0.));
#5102=DIRECTION('',(0.794487418074958,-0.60728061266649,0.));
#5103=DIRECTION('',(0.60728061266649,0.794487418074958,0.));
#5104=DIRECTION('',(0.,0.,1.));
#5105=DIRECTION('',(0.60728061266649,0.794487418074958,0.));
#5106=DIRECTION('',(0.,1.,0.));
#5107=DIRECTION('',(0.,0.,1.));
#5108=DIRECTION('',(0.,0.,1.));
#5109=DIRECTION('',(-1.,0.,0.));
#5110=DIRECTION('',(0.,0.,1.));
#5111=DIRECTION('',(1.,0.,0.));
#5112=DIRECTION('',(0.,0.,1.));
#5113=DIRECTION('',(0.,0.,1.));
#5114=DIRECTION('',(1.,0.,0.));
#5115=DIRECTION('',(0.,0.,1.));
#5116=DIRECTION('',(1.,0.,0.));
#5117=DIRECTION('',(0.,0.,1.));
#5118=DIRECTION('',(0.,0.,1.));
#5119=DIRECTION('',(1.,0.,0.));
#5120=DIRECTION('',(0.,-1.,0.));
#5121=DIRECTION('',(0.,0.,-1.));
#5122=DIRECTION('',(0.,0.,1.));
#5123=DIRECTION('',(1.,0.,0.));
#5124=DIRECTION('',(0.,0.,1.));
#5125=DIRECTION('',(1.,0.,0.));
#5126=DIRECTION('',(0.,0.,1.));
#5127=DIRECTION('',(0.,0.,-1.));
#5128=DIRECTION('',(1.,0.,0.));
#5129=DIRECTION('',(0.,0.,1.));
#5130=DIRECTION('',(1.,0.,0.));
#5131=DIRECTION('',(0.,0.,1.));
#5132=DIRECTION('',(0.,0.,-1.));
#5133=DIRECTION('',(1.,0.,0.));
#5134=DIRECTION('',(0.,1.,0.));
#5135=DIRECTION('',(0.,0.,1.));
#5136=DIRECTION('',(-1.,0.,0.));
#5137=DIRECTION('',(0.,0.,1.));
#5138=DIRECTION('',(1.,0.,0.));
#5139=DIRECTION('',(0.,-1.,0.));
#5140=DIRECTION('',(0.,0.,-1.));
#5141=DIRECTION('',(0.,0.,1.));
#5142=DIRECTION('',(1.,0.,0.));
#5143=DIRECTION('',(0.,0.,1.));
#5144=DIRECTION('',(0.794487418074957,-0.607280612666491,0.));
#5145=DIRECTION('',(0.607280612666491,0.794487418074957,0.));
#5146=DIRECTION('',(0.,0.,1.));
#5147=DIRECTION('',(0.607280612666491,0.794487418074957,0.));
#5148=DIRECTION('',(0.,1.,0.));
#5149=DIRECTION('',(0.,0.,1.));
#5150=DIRECTION('',(0.,0.,1.));
#5151=DIRECTION('',(-1.,0.,0.));
#5152=DIRECTION('',(1.,0.,0.));
#5153=DIRECTION('',(0.,0.,-1.));
#5154=DIRECTION('',(0.,0.,1.));
#5155=DIRECTION('',(0.,1.,0.));
#5156=DIRECTION('',(0.,1.,0.));
#5157=DIRECTION('',(0.,0.,1.));
#5158=DIRECTION('',(0.,0.,1.));
#5159=DIRECTION('',(-1.,0.,0.));
#5160=DIRECTION('',(-1.,0.,0.));
#5161=DIRECTION('',(0.,0.,1.));
#5162=DIRECTION('',(0.,-1.,0.));
#5163=DIRECTION('',(0.,0.,1.));
#5164=DIRECTION('',(1.,0.,0.));
#5165=DIRECTION('',(0.,-1.,0.));
#5166=DIRECTION('',(0.,0.,-1.));
#5167=DIRECTION('',(0.,0.,1.));
#5168=DIRECTION('',(1.,0.,0.));
#5169=DIRECTION('',(0.,0.,1.));
#5170=DIRECTION('',(1.,0.,0.));
#5171=DIRECTION('',(0.,0.,-1.));
#5172=DIRECTION('',(0.,0.,1.));
#5173=DIRECTION('',(0.,1.,0.));
#5174=DIRECTION('',(0.747686110480823,-0.664052317362163,0.));
#5175=DIRECTION('',(0.664052317362163,0.747686110480823,0.));
#5176=DIRECTION('',(0.,0.,1.));
#5177=DIRECTION('',(0.664052317362163,0.747686110480823,0.));
#5178=DIRECTION('',(0.,1.,0.));
#5179=DIRECTION('',(0.,0.,1.));
#5180=DIRECTION('',(0.,0.,1.));
#5181=DIRECTION('',(-1.,0.,0.));
#5182=DIRECTION('',(-0.748009296915724,0.663688248899771,0.));
#5183=DIRECTION('',(-0.663688248899771,-0.748009296915724,0.));
#5184=DIRECTION('',(0.,0.,1.));
#5185=DIRECTION('',(-0.663688248899771,-0.748009296915724,0.));
#5186=DIRECTION('',(0.739940073395944,0.672672793996312,0.));
#5187=DIRECTION('',(-0.672672793996312,0.739940073395944,0.));
#5188=DIRECTION('',(0.,0.,1.));
#5189=DIRECTION('',(-0.672672793996312,0.739940073395944,0.));
#5190=DIRECTION('',(0.,1.,0.));
#5191=DIRECTION('',(0.,0.,1.));
#5192=DIRECTION('',(0.,0.,1.));
#5193=DIRECTION('',(-1.,0.,0.));
#5194=DIRECTION('',(-0.738592801040483,-0.674151818399367,0.));
#5195=DIRECTION('',(0.674151818399367,-0.738592801040483,0.));
#5196=DIRECTION('',(0.,0.,1.));
#5197=DIRECTION('',(0.674151818399367,-0.738592801040483,0.));
#5198=DIRECTION('',(-1.,0.,0.));
#5199=DIRECTION('',(0.,0.,1.));
#5200=DIRECTION('',(0.,-1.,0.));
#5201=DIRECTION('',(0.,0.,1.));
#5202=DIRECTION('',(1.,0.,0.));
#5203=DIRECTION('',(0.,0.,1.));
#5204=DIRECTION('',(1.,0.,0.));
#5205=DIRECTION('',(0.,0.,1.));
#5206=DIRECTION('',(1.,0.,0.));
#5207=DIRECTION('',(0.,0.,1.));
#5208=DIRECTION('',(1.,0.,0.));
#5209=DIRECTION('',(0.,0.,1.));
#5210=DIRECTION('',(1.,0.,0.));
#5211=CARTESIAN_POINT('',(0.,0.,0.));
#5212=CARTESIAN_POINT('',(0.0155,0.026725,0.0152));
#5213=CARTESIAN_POINT('',(0.0155,0.026725,0.014));
#5214=CARTESIAN_POINT('',(0.0155,0.0212316282571331,0.014));
#5215=CARTESIAN_POINT('',(0.0155,0.035,0.014));
#5216=CARTESIAN_POINT('',(0.0155,0.0212316282571331,0.0152));
#5217=CARTESIAN_POINT('',(0.0155,0.0212316282571331,0.0152));
#5218=CARTESIAN_POINT('',(0.0155,0.026725,0.0152));
#5219=CARTESIAN_POINT('',(0.0155,0.035,0.0152));
#5220=CARTESIAN_POINT('',(0.0155,0.035,0.0152));
#5221=CARTESIAN_POINT('',(6.93889390390723E-18,0.010579731778124,0.0152));
#5222=CARTESIAN_POINT('',(0.0479976881047514,0.024008312512224,0.0152));
#5223=CARTESIAN_POINT('',(0.0500726881047514,0.024008312512224,0.0152));
#5224=CARTESIAN_POINT('',(-0.0479975521627911,0.0239966538896662,0.0152));
#5225=CARTESIAN_POINT('',(-0.0459225521627911,0.0239966538896662,0.0152));
#5226=CARTESIAN_POINT('',(0.0181999827231348,-0.0118971945546038,0.0152));
#5227=CARTESIAN_POINT('',(0.0202749827231348,-0.0118971945546038,0.0152));
#5228=CARTESIAN_POINT('',(-0.0181999827231348,-0.0118470396906637,0.0152));
#5229=CARTESIAN_POINT('',(-0.0161249827231348,-0.0118470396906637,0.0152));
#5230=CARTESIAN_POINT('',(6.93889390390723E-18,-0.00801036712228262,0.0152));
#5231=CARTESIAN_POINT('',(0.005124,-0.00801036712228262,0.0152));
#5232=CARTESIAN_POINT('',(0.007608,-0.00801036712228262,0.0152));
#5233=CARTESIAN_POINT('',(0.005124,0.010579731778124,0.0152));
#5234=CARTESIAN_POINT('',(0.005124,-0.00534636712228262,0.0152));
#5235=CARTESIAN_POINT('',(-0.00513474074545644,0.00589298854737186,0.0152));
#5236=CARTESIAN_POINT('',(0.000228,1.7632877717381E-5,0.0152));
#5237=CARTESIAN_POINT('',(6.93889390390723E-18,1.76328777173815E-5,0.0152));
#5238=CARTESIAN_POINT('',(0.003408,1.7632877717381E-5,0.0152));
#5239=CARTESIAN_POINT('',(-0.00339123474680874,0.007496791099207,0.0152));
#5240=CARTESIAN_POINT('',(0.006408,-0.00328236712228262,0.0152));
#5241=CARTESIAN_POINT('',(0.0104671601735507,0.00129250602413723,0.0152));
#5242=CARTESIAN_POINT('',(0.009336,1.7632877717381E-5,0.0152));
#5243=CARTESIAN_POINT('',(6.93889390390723E-18,1.76328777173815E-5,0.0152));
#5244=CARTESIAN_POINT('',(0.012372,1.7632877717381E-5,0.0152));
#5245=CARTESIAN_POINT('',(0.0121604856408107,-0.000220520569531068,0.0152));
#5246=CARTESIAN_POINT('',(0.007608,-0.00534636712228262,0.0152));
#5247=CARTESIAN_POINT('',(0.007608,0.010579731778124,0.0152));
#5248=CARTESIAN_POINT('',(6.93889390390723E-18,-0.00801036712228262,0.0152));
#5249=CARTESIAN_POINT('',(-0.005184,-0.00801036712228262,0.0152));
#5250=CARTESIAN_POINT('',(0.00192,-0.00801036712228262,0.0152));
#5251=CARTESIAN_POINT('',(-0.005184,0.010579731778124,0.0152));
#5252=CARTESIAN_POINT('',(-0.005184,1.76328777173815E-5,0.0152));
#5253=CARTESIAN_POINT('',(6.93889390390723E-18,1.76328777173815E-5,0.0152));
#5254=CARTESIAN_POINT('',(-0.0027,1.7632877717381E-5,0.0152));
#5255=CARTESIAN_POINT('',(-0.0027,0.010579731778124,0.0152));
#5256=CARTESIAN_POINT('',(-0.0027,-0.00592236712228262,0.0152));
#5257=CARTESIAN_POINT('',(6.93889390390723E-18,-0.00592236712228262,0.0152));
#5258=CARTESIAN_POINT('',(0.003516,-0.00592236712228262,0.0152));
#5259=CARTESIAN_POINT('',(0.0101812152351342,0.00279753852368239,0.0152));
#5260=CARTESIAN_POINT('',(0.0165589636767061,-0.00207740712418585,0.0152));
#5261=CARTESIAN_POINT('',(0.01362,-0.00592236712228262,0.0152));
#5262=CARTESIAN_POINT('',(0.012024,-0.00801036712228262,0.0152));
#5263=CARTESIAN_POINT('',(6.93889390390723E-18,-0.00592236712228262,0.0152));
#5264=CARTESIAN_POINT('',(0.019764,-0.00592236712228262,0.0152));
#5265=CARTESIAN_POINT('',(0.0199373987996995,-0.0053911421637168,0.0152));
#5266=CARTESIAN_POINT('',(0.020496,-0.00540636712228262,0.0152));
#5267=CARTESIAN_POINT('',(0.0199200572140636,-0.00542578520214619,0.0152));
#5268=CARTESIAN_POINT('',(0.01974,-0.00487836712228262,0.0152));
#5269=CARTESIAN_POINT('',(6.93889390390723E-18,-0.00487836712228262,0.0152));
#5270=CARTESIAN_POINT('',(0.015396,-0.00487836712228262,0.0152));
#5271=CARTESIAN_POINT('',(0.0148673578286167,-0.00237668074439964,0.0152));
#5272=CARTESIAN_POINT('',(0.012312,-0.00246636712228262,0.0152));
#5273=CARTESIAN_POINT('',(0.0149755404907701,-0.00254791503724472,0.0152));
#5274=CARTESIAN_POINT('',(0.015696,1.7632877717381E-5,0.0152));
#5275=CARTESIAN_POINT('',(6.93889390390723E-18,1.76328777173815E-5,0.0152));
#5276=CARTESIAN_POINT('',(0.022716,1.76328777173815E-5,0.0152));
#5277=CARTESIAN_POINT('',(0.0194345399510729,-0.00427540508102934,0.0152));
#5278=CARTESIAN_POINT('',(0.02112,-0.00207036712228262,0.0152));
#5279=CARTESIAN_POINT('',(6.93889390390723E-18,-0.00207036712228262,0.0152));
#5280=CARTESIAN_POINT('',(0.015504,-0.00207036712228262,0.0152));
#5281=CARTESIAN_POINT('',(0.0153274250616448,-0.00262347825911101,0.0152));
#5282=CARTESIAN_POINT('',(0.014748,-0.00258636712228262,0.0152));
#5283=CARTESIAN_POINT('',(0.0153288368634264,-0.00255994161328575,0.0152));
#5284=CARTESIAN_POINT('',(0.015504,-0.00311436712228262,0.0152));
#5285=CARTESIAN_POINT('',(6.93889390390723E-18,-0.00311436712228262,0.0152));
#5286=CARTESIAN_POINT('',(0.019884,-0.00311436712228262,0.0152));
#5287=CARTESIAN_POINT('',(0.020474093858862,-0.00550111021428802,0.0152));
#5288=CARTESIAN_POINT('',(0.022932,-0.00544236712228262,0.0152));
#5289=CARTESIAN_POINT('',(0.0203743057691251,-0.00554329496183297,0.0152));
#5290=CARTESIAN_POINT('',(0.019692,-0.00801036712228262,0.0152));
#5291=CARTESIAN_POINT('',(6.93889390390723E-18,-0.00801036712228262,0.0152));
#5292=CARTESIAN_POINT('',(6.93889390390723E-18,-0.00801036712228262,0.0152));
#5293=CARTESIAN_POINT('',(0.035448,-0.00801036712228262,0.0152));
#5294=CARTESIAN_POINT('',(0.038016,-0.00801036712228262,0.0152));
#5295=CARTESIAN_POINT('',(0.0282600452739774,0.0183002596107056,0.0152));
#5296=CARTESIAN_POINT('',(0.034176,-0.00335436712228262,0.0152));
#5297=CARTESIAN_POINT('',(0.0323337809097782,-0.00678470611786797,0.0152));
#5298=CARTESIAN_POINT('',(0.032088,-0.00724236712228262,0.0152));
#5299=CARTESIAN_POINT('',(0.0307328160248286,-0.00668187628333266,0.0152));
#5300=CARTESIAN_POINT('',(0.0306,-0.00814236712228262,0.0152));
#5301=CARTESIAN_POINT('',(0.0304551331525439,-0.00670180031007682,0.0152));
#5302=CARTESIAN_POINT('',(0.029112,-0.00724236712228262,0.0152));
#5303=CARTESIAN_POINT('',(0.0154950857850966,0.0187098693814155,0.0152));
#5304=CARTESIAN_POINT('',(0.027072,-0.00335436712228262,0.0152));
#5305=CARTESIAN_POINT('',(0.028719889664128,0.00251151535186132,0.0152));
#5306=CARTESIAN_POINT('',(0.025764,-0.00801036712228262,0.0152));
#5307=CARTESIAN_POINT('',(6.93889390390723E-18,-0.00801036712228262,0.0152));
#5308=CARTESIAN_POINT('',(0.023244,-0.00801036712228262,0.0152));
#5309=CARTESIAN_POINT('',(0.0264320381957602,0.00274468127375904,0.0152));
#5310=CARTESIAN_POINT('',(0.025332,-0.000966367122282619,0.0152));
#5311=CARTESIAN_POINT('',(0.0267190727349861,-0.00126998629140484,0.0152));
#5312=CARTESIAN_POINT('',(0.026748,0.000149632877717381,0.0152));
#5313=CARTESIAN_POINT('',(0.0267513179944167,-0.00134025833121586,0.0152));
#5314=CARTESIAN_POINT('',(0.028092,-0.000690367122282618,0.0152));
#5315=CARTESIAN_POINT('',(0.0171178216106312,0.0197638526926441,0.0152));
#5316=CARTESIAN_POINT('',(0.030648,-0.00545436712228262,0.0152));
#5317=CARTESIAN_POINT('',(0.0304448052229825,-0.00583132191889924,0.0152));
#5318=CARTESIAN_POINT('',(0.033216,-0.000690367122282619,0.0152));
#5319=CARTESIAN_POINT('',(0.0345487116727385,-0.00132750579866417,0.0152));
#5320=CARTESIAN_POINT('',(0.03456,0.000149632877717381,0.0152));
#5321=CARTESIAN_POINT('',(0.0345691144676141,-0.00129512510961106,0.0152));
#5322=CARTESIAN_POINT('',(0.035976,-0.000966367122282615,0.0152));
#5323=CARTESIAN_POINT('',(0.0301069945155513,0.0192989635799021,0.0152));
#5324=CARTESIAN_POINT('',(6.93889390390723E-18,-0.00801036712228262,0.0152));
#5325=CARTESIAN_POINT('',(-0.011676,-0.00801036712228262,0.0152));
#5326=CARTESIAN_POINT('',(-0.007644,-0.00801036712228262,0.0152));
#5327=CARTESIAN_POINT('',(-0.0121238351798461,-0.00363599051664617,0.0152));
#5328=CARTESIAN_POINT('',(-0.016512,-0.00391836712228262,0.0152));
#5329=CARTESIAN_POINT('',(-0.0122467704627747,-0.00421998146222712,0.0152));
#5330=CARTESIAN_POINT('',(-0.011676,1.7632877717381E-5,0.0152));
#5331=CARTESIAN_POINT('',(6.93889390390723E-18,1.76328777173815E-5,0.0152));
#5332=CARTESIAN_POINT('',(-0.00606,1.7632877717381E-5,0.0152));
#5333=CARTESIAN_POINT('',(0.00123936535732789,0.00963952357601324,0.0152));
#5334=CARTESIAN_POINT('',(-0.007644,-0.00207036712228262,0.0152));
#5335=CARTESIAN_POINT('',(6.93889390390723E-18,-0.00207036712228262,0.0152));
#5336=CARTESIAN_POINT('',(-0.011676,-0.00207036712228262,0.0152));
#5337=CARTESIAN_POINT('',(-0.0121232806909655,-0.00393423532929425,0.0152));
#5338=CARTESIAN_POINT('',(-0.01404,-0.00391836712228262,0.0152));
#5339=CARTESIAN_POINT('',(-0.0120212862350339,-0.00393334549534661,0.0152));
#5340=CARTESIAN_POINT('',(-0.011676,-0.00592236712228262,0.0152));
#5341=CARTESIAN_POINT('',(6.93889390390723E-18,-0.00592236712228262,0.0152));
#5342=CARTESIAN_POINT('',(-0.00606,-0.00592236712228262,0.0152));
#5343=CARTESIAN_POINT('',(0.00409953139506374,0.00746974244393777,0.0152));
#5344=CARTESIAN_POINT('',(-0.00872193555705092,0.0167650865243996,0.0152));
#5345=CARTESIAN_POINT('',(-0.026292,-0.00801036712228262,0.0152));
#5346=CARTESIAN_POINT('',(-0.022488,-0.00264636712228262,0.0152));
#5347=CARTESIAN_POINT('',(6.93889390390723E-18,-0.00801036712228262,0.0152));
#5348=CARTESIAN_POINT('',(-0.029196,-0.00801036712228262,0.0152));
#5349=CARTESIAN_POINT('',(-0.0106559916099049,0.0181357985560566,0.0152));
#5350=CARTESIAN_POINT('',(-0.024048,-0.000750367122282618,0.0152));
#5351=CARTESIAN_POINT('',(-0.0224296750182748,-0.00175507675654197,0.0152));
#5352=CARTESIAN_POINT('',(-0.022452,0.00014963287771738,0.0152));
#5353=CARTESIAN_POINT('',(-0.0224622515168861,-0.00171232979200212,0.0152));
#5354=CARTESIAN_POINT('',(-0.020868,-0.000750367122282619,0.0152));
#5355=CARTESIAN_POINT('',(-0.0194065820031511,-0.00286052914637232,0.0152));
#5356=CARTESIAN_POINT('',(-0.01584,-0.00801036712228262,0.0152));
#5357=CARTESIAN_POINT('',(6.93889390390723E-18,-0.00801036712228262,0.0152));
#5358=CARTESIAN_POINT('',(-0.025164,-0.00801036712228262,0.0152));
#5359=CARTESIAN_POINT('',(-0.00790250788847862,0.0162114040664652,0.0152));
#5360=CARTESIAN_POINT('',(-0.023676,-0.00592236712228262,0.0152));
#5361=CARTESIAN_POINT('',(6.93889390390723E-18,-0.00592236712228262,0.0152));
#5362=CARTESIAN_POINT('',(-0.02022,-0.00592236712228262,0.0152));
#5363=CARTESIAN_POINT('',(-0.0213917022853903,-0.00422990826560772,0.0152));
#5364=CARTESIAN_POINT('',(6.93889390390723E-18,0.00638963287771738,0.0152));
#5365=CARTESIAN_POINT('',(-0.02412,0.00638963287771738,0.0152));
#5366=CARTESIAN_POINT('',(-0.014796,0.00638963287771738,0.0152));
#5367=CARTESIAN_POINT('',(-0.0140158491659692,0.020568038080309,0.0152));
#5368=CARTESIAN_POINT('',(-0.022632,0.00847763287771738,0.0152));
#5369=CARTESIAN_POINT('',(6.93889390390723E-18,0.00847763287771738,0.0152));
#5370=CARTESIAN_POINT('',(-0.019176,0.00847763287771738,0.0152));
#5371=CARTESIAN_POINT('',(-0.0139467582853903,0.000924283734392288,0.0152));
#5372=CARTESIAN_POINT('',(-0.021444,0.0117536328777174,0.0152));
#5373=CARTESIAN_POINT('',(-0.014822092747575,0.0210911487825565,0.0152));
#5374=CARTESIAN_POINT('',(-0.025248,0.00638963287771738,0.0152));
#5375=CARTESIAN_POINT('',(6.93889390390723E-18,0.00638963287771738,0.0152));
#5376=CARTESIAN_POINT('',(-0.028152,0.00638963287771738,0.0152));
#5377=CARTESIAN_POINT('',(-0.0167558376283827,0.0224611439146136,0.0152));
#5378=CARTESIAN_POINT('',(-0.023004,0.0136496328777174,0.0152));
#5379=CARTESIAN_POINT('',(-0.0213856750182748,0.012644923243458,0.0152));
#5380=CARTESIAN_POINT('',(-0.021408,0.0145496328777174,0.0152));
#5381=CARTESIAN_POINT('',(-0.0214182515168861,0.0126876702079979,0.0152));
#5382=CARTESIAN_POINT('',(-0.019824,0.0136496328777174,0.0152));
#5383=CARTESIAN_POINT('',(-0.0119609351437419,0.0022960428108053,0.0152));
#5384=CARTESIAN_POINT('',(6.93889390390723E-18,0.00638963287771738,0.0152));
#5385=CARTESIAN_POINT('',(-0.013548,0.00638963287771738,0.0152));
#5386=CARTESIAN_POINT('',(-0.011076,0.00638963287771738,0.0152));
#5387=CARTESIAN_POINT('',(-0.013548,0.010579731778124,0.0152));
#5388=CARTESIAN_POINT('',(-0.013548,0.0123296328777174,0.0152));
#5389=CARTESIAN_POINT('',(6.93889390390723E-18,0.0123296328777174,0.0152));
#5390=CARTESIAN_POINT('',(-0.01752,0.0123296328777174,0.0152));
#5391=CARTESIAN_POINT('',(-0.0117248663089637,0.0197439951000727,0.0152));
#5392=CARTESIAN_POINT('',(-0.015888,0.0144176328777174,0.0152));
#5393=CARTESIAN_POINT('',(6.93889390390723E-18,0.0144176328777174,0.0152));
#5394=CARTESIAN_POINT('',(-0.006912,0.0144176328777174,0.0152));
#5395=CARTESIAN_POINT('',(-0.00615287057370574,0.0153888719966527,0.0152));
#5396=CARTESIAN_POINT('',(-0.008544,0.0123296328777174,0.0152));
#5397=CARTESIAN_POINT('',(6.93889390390723E-18,0.0123296328777174,0.0152));
#5398=CARTESIAN_POINT('',(-0.011076,0.0123296328777174,0.0152));
#5399=CARTESIAN_POINT('',(-0.011076,0.010579731778124,0.0152));
#5400=CARTESIAN_POINT('',(6.93889390390723E-18,0.00638963287771738,0.0152));
#5401=CARTESIAN_POINT('',(-0.03318,0.00638963287771738,0.0152));
#5402=CARTESIAN_POINT('',(-0.029148,0.00638963287771738,0.0152));
#5403=CARTESIAN_POINT('',(-0.0336278351798461,0.0107640094833538,0.0152));
#5404=CARTESIAN_POINT('',(-0.038016,0.0104816328777174,0.0152));
#5405=CARTESIAN_POINT('',(-0.0337507704627747,0.0101800185377729,0.0152));
#5406=CARTESIAN_POINT('',(-0.03318,0.0144176328777174,0.0152));
#5407=CARTESIAN_POINT('',(6.93889390390723E-18,0.0144176328777174,0.0152));
#5408=CARTESIAN_POINT('',(-0.027564,0.0144176328777174,0.0152));
#5409=CARTESIAN_POINT('',(-0.0193433244539929,0.0252539779156359,0.0152));
#5410=CARTESIAN_POINT('',(-0.029148,0.0123296328777174,0.0152));
#5411=CARTESIAN_POINT('',(6.93889390390723E-18,0.0123296328777174,0.0152));
#5412=CARTESIAN_POINT('',(-0.03318,0.0123296328777174,0.0152));
#5413=CARTESIAN_POINT('',(-0.0336272806909655,0.0104657646707057,0.0152));
#5414=CARTESIAN_POINT('',(-0.035544,0.0104816328777174,0.0152));
#5415=CARTESIAN_POINT('',(-0.0335252862350339,0.0104666545046534,0.0152));
#5416=CARTESIAN_POINT('',(-0.03318,0.00847763287771738,0.0152));
#5417=CARTESIAN_POINT('',(6.93889390390723E-18,0.00847763287771738,0.0152));
#5418=CARTESIAN_POINT('',(-0.027564,0.00847763287771738,0.0152));
#5419=CARTESIAN_POINT('',(-0.0164831584162571,0.0230841967835604,0.0152));
#5420=CARTESIAN_POINT('',(0.0186,0.01645,0.0152));
#5421=CARTESIAN_POINT('',(0.0165,0.01645,0.0152));
#5422=CARTESIAN_POINT('',(0.0195,0.01645,0.0152));
#5423=CARTESIAN_POINT('',(0.0165,0.01745,0.0152));
#5424=CARTESIAN_POINT('',(0.0155,0.01745,0.0152));
#5425=CARTESIAN_POINT('',(0.0145,0.01745,0.0152));
#5426=CARTESIAN_POINT('',(0.0145,0.01845,0.0152));
#5427=CARTESIAN_POINT('',(0.0154,0.01845,0.0152));
#5428=CARTESIAN_POINT('',(0.00906855990780828,0.01845,0.0152));
#5429=CARTESIAN_POINT('',(0.0065,0.02,0.0152));
#5430=CARTESIAN_POINT('',(0.0065,0.017,0.0152));
#5431=CARTESIAN_POINT('',(7.80625564189563E-18,0.017,0.0152));
#5432=CARTESIAN_POINT('',(-0.0065,0.017,0.0152));
#5433=CARTESIAN_POINT('',(-0.0065,0.02,0.0152));
#5434=CARTESIAN_POINT('',(-0.00906855990780825,0.01845,0.0152));
#5435=CARTESIAN_POINT('',(-0.0122842799539041,0.01845,0.0152));
#5436=CARTESIAN_POINT('',(-0.0155,0.01845,0.0152));
#5437=CARTESIAN_POINT('',(-0.0155,0.01855,0.0152));
#5438=CARTESIAN_POINT('',(-0.0155,0.035,0.0152));
#5439=CARTESIAN_POINT('',(-0.019,0.035,0.0152));
#5440=CARTESIAN_POINT('',(-0.0225,0.035,0.0152));
#5441=CARTESIAN_POINT('',(-0.0225,0.0334988364697003,0.0152));
#5442=CARTESIAN_POINT('',(-0.0225,0.0349976729394006,0.0152));
#5443=CARTESIAN_POINT('',(-0.0255,0.0349976729394006,0.0152));
#5444=CARTESIAN_POINT('',(-0.0255,0.0319976729394005,0.0152));
#5445=CARTESIAN_POINT('',(-0.0339174423535332,0.0319976729394005,0.0152));
#5446=CARTESIAN_POINT('',(-0.0437293334316024,0.0319976729394005,0.0152));
#5447=CARTESIAN_POINT('',(-0.0437293334316024,0.0289976729394005,0.0152));
#5448=CARTESIAN_POINT('',(-0.0462254843146159,0.0306617735280762,0.0152));
#5449=CARTESIAN_POINT('',(-0.045,0.0325,0.0152));
#5450=CARTESIAN_POINT('',(-0.05,0.025,0.0152));
#5451=CARTESIAN_POINT('',(-0.053,0.0195454545454545,0.0152));
#5452=CARTESIAN_POINT('',(-0.0556286477260299,0.0147660950435819,0.0152));
#5453=CARTESIAN_POINT('',(-0.053,0.0133203387942655,0.0152));
#5454=CARTESIAN_POINT('',(-0.056,0.0133203387942655,0.0152));
#5455=CARTESIAN_POINT('',(-0.056,0.00454545454545455,0.0152));
#5456=CARTESIAN_POINT('',(-0.056,-0.005,0.0152));
#5457=CARTESIAN_POINT('',(-0.0545,-0.0125,0.0152));
#5458=CARTESIAN_POINT('',(-0.0551572555051683,-0.00921372247415838,0.0152));
#5459=CARTESIAN_POINT('',(-0.049429672947901,-0.008068205962705,0.0152));
#5460=CARTESIAN_POINT('',(-0.0496844509909243,-0.0139036578027186,0.0152));
#5461=CARTESIAN_POINT('',(-1.45145926297892E-5,-0.0139720971232352,0.0152));
#5462=CARTESIAN_POINT('',(-0.0432327651451315,-0.0139125474657117,0.0152));
#5463=CARTESIAN_POINT('',(-0.0432300093833765,-0.0119125493642684,0.0152));
#5464=CARTESIAN_POINT('',(-0.0417106944030851,-0.0132131961228704,0.0152));
#5465=CARTESIAN_POINT('',(-0.0123161325266621,0.0211232583391817,0.0152));
#5466=CARTESIAN_POINT('',(-0.0397037669013698,-0.0108688585865262,0.0152));
#5467=CARTESIAN_POINT('',(-0.0381844519210782,-0.0121695053451283,0.0152));
#5468=CARTESIAN_POINT('',(-0.0381816961593233,-0.0101695072436849,0.0152));
#5469=CARTESIAN_POINT('',(-2.86624426078047E-5,-0.0102220776291647,0.0152));
#5470=CARTESIAN_POINT('',(-0.0274063359841471,-0.0101843544205122,0.0152));
#5471=CARTESIAN_POINT('',(-0.0274090917459021,-0.0121843525219556,0.0152));
#5472=CARTESIAN_POINT('',(-0.0258882639928077,-0.0108854749505819,0.0152));
#5473=CARTESIAN_POINT('',(-0.0255697781267259,-0.011258383186724,0.0152));
#5474=CARTESIAN_POINT('',(-0.0238771983634864,-0.0132401883506533,0.0152));
#5475=CARTESIAN_POINT('',(-0.022356370610392,-0.0119413107792796,0.0152));
#5476=CARTESIAN_POINT('',(-0.022359126372147,-0.013941308880723,0.0152));
#5477=CARTESIAN_POINT('',(-1.45145926297892E-5,-0.0139720971232352,0.0152));
#5478=CARTESIAN_POINT('',(0.0223532426737319,-0.0140029172575015,0.0152));
#5479=CARTESIAN_POINT('',(0.0223559984354868,-0.0120029191560581,0.0152));
#5480=CARTESIAN_POINT('',(0.0238736564406102,-0.0133054989729925,0.0152));
#5481=CARTESIAN_POINT('',(0.025551466718816,-0.011350653544948,0.0152));
#5482=CARTESIAN_POINT('',(0.025882706172584,-0.0109647207966525,0.0152));
#5483=CARTESIAN_POINT('',(0.0274003641777074,-0.0122673006135869,0.0152));
#5484=CARTESIAN_POINT('',(0.0274003641777074,-0.0102673006135869,0.0152));
#5485=CARTESIAN_POINT('',(6.93889390390723E-18,-0.0102673006135869,0.0152));
#5486=CARTESIAN_POINT('',(0.0381757452849593,-0.0102673006135869,0.0152));
#5487=CARTESIAN_POINT('',(0.0381757452849593,-0.0122673006135869,0.0152));
#5488=CARTESIAN_POINT('',(0.0396982185712004,-0.0109703522365562,0.0152));
#5489=CARTESIAN_POINT('',(0.0123663390517197,0.0211142373802147,0.0152));
#5490=CARTESIAN_POINT('',(0.0417071622934688,-0.0133286289458558,0.0152));
#5491=CARTESIAN_POINT('',(0.0432296355797098,-0.0120316805688251,0.0152));
#5492=CARTESIAN_POINT('',(0.0432268798179549,-0.0140316786702685,0.0152));
#5493=CARTESIAN_POINT('',(-1.45145926297892E-5,-0.0139720971232352,0.0152));
#5494=CARTESIAN_POINT('',(0.0496554218056647,-0.0140405364437519,0.0152));
#5495=CARTESIAN_POINT('',(0.0493326252733045,-0.00812412900970255,0.0152));
#5496=CARTESIAN_POINT('',(0.0551427684701843,-0.00928615764907846,0.0152));
#5497=CARTESIAN_POINT('',(0.0545,-0.0125,0.0152));
#5498=CARTESIAN_POINT('',(0.056,-0.005,0.0152));
#5499=CARTESIAN_POINT('',(0.056,0.00454545454545457,0.0152));
#5500=CARTESIAN_POINT('',(0.056,0.0133203387942655,0.0152));
#5501=CARTESIAN_POINT('',(0.053,0.0133203387942655,0.0152));
#5502=CARTESIAN_POINT('',(0.05562864772603,0.014766095043582,0.0152));
#5503=CARTESIAN_POINT('',(0.053,0.0195454545454546,0.0152));
#5504=CARTESIAN_POINT('',(0.05,0.025,0.0152));
#5505=CARTESIAN_POINT('',(0.045,0.0325,0.0152));
#5506=CARTESIAN_POINT('',(0.0462254843146159,0.0306617735280762,0.0152));
#5507=CARTESIAN_POINT('',(0.0437293334316024,0.0289976729394005,0.0152));
#5508=CARTESIAN_POINT('',(0.0437293334316024,0.0319976729394006,0.0152));
#5509=CARTESIAN_POINT('',(0.0339174423535332,0.0319976729394006,0.0152));
#5510=CARTESIAN_POINT('',(0.0255,0.0319976729394006,0.0152));
#5511=CARTESIAN_POINT('',(0.0255,0.0349976729394006,0.0152));
#5512=CARTESIAN_POINT('',(0.0225,0.0349976729394006,0.0152));
#5513=CARTESIAN_POINT('',(0.0225,0.0334988364697003,0.0152));
#5514=CARTESIAN_POINT('',(0.0225,0.035,0.0152));
#5515=CARTESIAN_POINT('',(0.019,0.035,0.0152));
#5516=CARTESIAN_POINT('',(0.0165,0.0212316282571331,0.0152));
#5517=CARTESIAN_POINT('',(0.0165,0.0202316282571331,0.0152));
#5518=CARTESIAN_POINT('',(0.0186,0.0202316282571331,0.0152));
#5519=CARTESIAN_POINT('',(0.0195,0.0202316282571331,0.0152));
#5520=CARTESIAN_POINT('',(0.0195,0.0192316282571331,0.0152));
#5521=CARTESIAN_POINT('',(0.0205,0.0192316282571331,0.0152));
#5522=CARTESIAN_POINT('',(0.0205,0.0183408141285666,0.0152));
#5523=CARTESIAN_POINT('',(0.0205,0.01745,0.0152));
#5524=CARTESIAN_POINT('',(0.0195,0.01745,0.0152));
#5525=CARTESIAN_POINT('',(0.0484,0.0113203387942655,0.0152));
#5526=CARTESIAN_POINT('',(0.0504,0.0113203387942655,0.0152));
#5527=CARTESIAN_POINT('',(0.0484,0.0133203387942655,0.0152));
#5528=CARTESIAN_POINT('',(0.0504,0.008725,0.0152));
#5529=CARTESIAN_POINT('',(0.0504,-0.01065,0.0152));
#5530=CARTESIAN_POINT('',(0.0484,-0.01065,0.0152));
#5531=CARTESIAN_POINT('',(0.0484,-0.01265,0.0152));
#5532=CARTESIAN_POINT('',(0.047,-0.01265,0.0152));
#5533=CARTESIAN_POINT('',(0.0456,-0.01265,0.0152));
#5534=CARTESIAN_POINT('',(0.0456,-0.01065,0.0152));
#5535=CARTESIAN_POINT('',(0.0436,-0.01065,0.0152));
#5536=CARTESIAN_POINT('',(0.0436,0.008725,0.0152));
#5537=CARTESIAN_POINT('',(0.0436,0.0113203387942655,0.0152));
#5538=CARTESIAN_POINT('',(0.0456,0.0113203387942655,0.0152));
#5539=CARTESIAN_POINT('',(0.0456,0.0133203387942655,0.0152));
#5540=CARTESIAN_POINT('',(0.047,0.0133203387942655,0.0152));
#5541=CARTESIAN_POINT('',(-0.0484,-0.01065,0.0152));
#5542=CARTESIAN_POINT('',(-0.0504,-0.01065,0.0152));
#5543=CARTESIAN_POINT('',(-0.0484,-0.01265,0.0152));
#5544=CARTESIAN_POINT('',(-0.0504,0.0036,0.0152));
#5545=CARTESIAN_POINT('',(-0.0504,0.0113203387942655,0.0152));
#5546=CARTESIAN_POINT('',(-0.0484,0.0113203387942655,0.0152));
#5547=CARTESIAN_POINT('',(-0.0484,0.0133203387942655,0.0152));
#5548=CARTESIAN_POINT('',(-0.047,0.0133203387942655,0.0152));
#5549=CARTESIAN_POINT('',(-0.0456,0.0133203387942655,0.0152));
#5550=CARTESIAN_POINT('',(-0.0456,0.0113203387942655,0.0152));
#5551=CARTESIAN_POINT('',(-0.0436,0.0113203387942655,0.0152));
#5552=CARTESIAN_POINT('',(-0.0436,0.0036,0.0152));
#5553=CARTESIAN_POINT('',(-0.0436,-0.01065,0.0152));
#5554=CARTESIAN_POINT('',(-0.0456,-0.01065,0.0152));
#5555=CARTESIAN_POINT('',(-0.0456,-0.01265,0.0152));
#5556=CARTESIAN_POINT('',(-0.047,-0.01265,0.0152));
#5557=CARTESIAN_POINT('',(6.93889390390723E-18,0.010579731778124,0.014));
#5558=CARTESIAN_POINT('',(0.0154,0.01845,0.014));
#5559=CARTESIAN_POINT('',(0.00906855990780828,0.01845,0.014));
#5560=CARTESIAN_POINT('',(0.0145,0.01845,0.014));
#5561=CARTESIAN_POINT('',(0.0145,0.01745,0.014));
#5562=CARTESIAN_POINT('',(0.0155,0.01745,0.014));
#5563=CARTESIAN_POINT('',(0.0165,0.01745,0.014));
#5564=CARTESIAN_POINT('',(0.0165,0.01645,0.014));
#5565=CARTESIAN_POINT('',(6.93889390390723E-18,0.01645,0.014));
#5566=CARTESIAN_POINT('',(0.0195,0.01645,0.014));
#5567=CARTESIAN_POINT('',(0.0195,0.01745,0.014));
#5568=CARTESIAN_POINT('',(0.0205,0.01745,0.014));
#5569=CARTESIAN_POINT('',(0.0205,0.010579731778124,0.014));
#5570=CARTESIAN_POINT('',(0.0205,0.0192316282571331,0.014));
#5571=CARTESIAN_POINT('',(0.0195,0.0192316282571331,0.014));
#5572=CARTESIAN_POINT('',(0.0195,0.0202316282571331,0.014));
#5573=CARTESIAN_POINT('',(6.93889390390723E-18,0.0202316282571331,0.014));
#5574=CARTESIAN_POINT('',(0.0165,0.0202316282571331,0.014));
#5575=CARTESIAN_POINT('',(0.0165,0.0212316282571331,0.014));
#5576=CARTESIAN_POINT('',(0.019,0.035,0.014));
#5577=CARTESIAN_POINT('',(0.0225,0.035,0.014));
#5578=CARTESIAN_POINT('',(0.0225,0.0334988364697003,0.014));
#5579=CARTESIAN_POINT('',(0.0225,0.0349976729394006,0.014));
#5580=CARTESIAN_POINT('',(0.0255,0.0349976729394006,0.014));
#5581=CARTESIAN_POINT('',(0.0255,0.0319976729394006,0.014));
#5582=CARTESIAN_POINT('',(0.0339174423535332,0.0319976729394006,0.014));
#5583=CARTESIAN_POINT('',(0.0437293334316024,0.0319976729394006,0.014));
#5584=CARTESIAN_POINT('',(0.0437293334316024,0.0289976729394005,0.014));
#5585=CARTESIAN_POINT('',(0.0462254843146159,0.0306617735280762,0.014));
#5586=CARTESIAN_POINT('',(0.045,0.0325,0.014));
#5587=CARTESIAN_POINT('',(0.05,0.025,0.014));
#5588=CARTESIAN_POINT('',(0.053,0.0195454545454546,0.014));
#5589=CARTESIAN_POINT('',(0.05562864772603,0.014766095043582,0.014));
#5590=CARTESIAN_POINT('',(0.053,0.0133203387942655,0.014));
#5591=CARTESIAN_POINT('',(0.056,0.0133203387942655,0.014));
#5592=CARTESIAN_POINT('',(0.056,0.00454545454545457,0.014));
#5593=CARTESIAN_POINT('',(0.056,-0.005,0.014));
#5594=CARTESIAN_POINT('',(0.0545,-0.0125,0.014));
#5595=CARTESIAN_POINT('',(0.0551427684701843,-0.00928615764907846,0.014));
#5596=CARTESIAN_POINT('',(0.0493326252733045,-0.00812412900970255,0.014));
#5597=CARTESIAN_POINT('',(0.0496554218056647,-0.0140405364437519,0.014));
#5598=CARTESIAN_POINT('',(-1.45145926297892E-5,-0.0139720971232352,0.014));
#5599=CARTESIAN_POINT('',(0.0432268798179549,-0.0140316786702685,0.014));
#5600=CARTESIAN_POINT('',(0.0432296355797098,-0.0120316805688251,0.014));
#5601=CARTESIAN_POINT('',(0.0417071622934688,-0.0133286289458558,0.014));
#5602=CARTESIAN_POINT('',(0.0406395277516608,-0.0120753446223177,0.014));
#5603=CARTESIAN_POINT('',(0.0396982185712003,-0.0109703522365562,0.014));
#5604=CARTESIAN_POINT('',(0.0381757452849593,-0.0122673006135869,0.014));
#5605=CARTESIAN_POINT('',(0.0381757452849593,-0.0102673006135869,0.014));
#5606=CARTESIAN_POINT('',(0.0296366371081333,-0.0102673006135869,0.014));
#5607=CARTESIAN_POINT('',(0.0274003641777074,-0.0102673006135869,0.014));
#5608=CARTESIAN_POINT('',(0.0274003641777074,-0.0122673006135869,0.014));
#5609=CARTESIAN_POINT('',(0.025882706172584,-0.0109647207966525,0.014));
#5610=CARTESIAN_POINT('',(0.0259041362822568,-0.0109397522096433,0.014));
#5611=CARTESIAN_POINT('',(0.0238736564406102,-0.0133054989729925,0.014));
#5612=CARTESIAN_POINT('',(0.0223559984354868,-0.0120029191560581,0.014));
#5613=CARTESIAN_POINT('',(0.0223532426737319,-0.0140029172575015,0.014));
#5614=CARTESIAN_POINT('',(-1.45145926297892E-5,-0.0139720971232352,0.014));
#5615=CARTESIAN_POINT('',(-0.022359126372147,-0.013941308880723,0.014));
#5616=CARTESIAN_POINT('',(-0.022356370610392,-0.0119413107792796,0.014));
#5617=CARTESIAN_POINT('',(-0.0238771983634864,-0.0132401883506534,0.014));
#5618=CARTESIAN_POINT('',(-0.0239207820913054,-0.0131891571031277,0.014));
#5619=CARTESIAN_POINT('',(-0.0258882639928077,-0.0108854749505819,0.014));
#5620=CARTESIAN_POINT('',(-0.0274090917459021,-0.0121843525219556,0.014));
#5621=CARTESIAN_POINT('',(-0.0274063359841471,-0.0101843544205122,0.014));
#5622=CARTESIAN_POINT('',(-0.0296398086913384,-0.0101812769582573,0.014));
#5623=CARTESIAN_POINT('',(-0.0381816961593233,-0.0101695072436849,0.014));
#5624=CARTESIAN_POINT('',(-0.0381844519210782,-0.0121695053451283,0.014));
#5625=CARTESIAN_POINT('',(-0.0397037669013697,-0.0108688585865262,0.014));
#5626=CARTESIAN_POINT('',(-0.0416691797390692,-0.0131647019021882,0.014));
#5627=CARTESIAN_POINT('',(-0.0417106944030851,-0.0132131961228704,0.014));
#5628=CARTESIAN_POINT('',(-0.0432300093833765,-0.0119125493642684,0.014));
#5629=CARTESIAN_POINT('',(-0.0432327651451315,-0.0139125474657117,0.014));
#5630=CARTESIAN_POINT('',(-1.45145926297892E-5,-0.0139720971232352,0.014));
#5631=CARTESIAN_POINT('',(-0.0496844509909243,-0.0139036578027186,0.014));
#5632=CARTESIAN_POINT('',(-0.049429672947901,-0.008068205962705,0.014));
#5633=CARTESIAN_POINT('',(-0.0551572555051683,-0.00921372247415838,0.014));
#5634=CARTESIAN_POINT('',(-0.0545,-0.0125,0.014));
#5635=CARTESIAN_POINT('',(-0.056,-0.005,0.014));
#5636=CARTESIAN_POINT('',(-0.056,0.00454545454545455,0.014));
#5637=CARTESIAN_POINT('',(-0.056,0.0133203387942655,0.014));
#5638=CARTESIAN_POINT('',(-0.053,0.0133203387942655,0.014));
#5639=CARTESIAN_POINT('',(-0.0556286477260299,0.0147660950435819,0.014));
#5640=CARTESIAN_POINT('',(-0.053,0.0195454545454545,0.014));
#5641=CARTESIAN_POINT('',(-0.05,0.025,0.014));
#5642=CARTESIAN_POINT('',(-0.045,0.0325,0.014));
#5643=CARTESIAN_POINT('',(-0.0462254843146159,0.0306617735280762,0.014));
#5644=CARTESIAN_POINT('',(-0.0437293334316024,0.0289976729394005,0.014));
#5645=CARTESIAN_POINT('',(-0.0437293334316024,0.0319976729394005,0.014));
#5646=CARTESIAN_POINT('',(-0.0339174423535332,0.0319976729394005,0.014));
#5647=CARTESIAN_POINT('',(-0.0255,0.0319976729394005,0.014));
#5648=CARTESIAN_POINT('',(-0.0255,0.0349976729394006,0.014));
#5649=CARTESIAN_POINT('',(-0.0225,0.0349976729394006,0.014));
#5650=CARTESIAN_POINT('',(-0.0225,0.0334988364697003,0.014));
#5651=CARTESIAN_POINT('',(-0.0225,0.035,0.014));
#5652=CARTESIAN_POINT('',(-0.019,0.035,0.014));
#5653=CARTESIAN_POINT('',(-0.0155,0.035,0.014));
#5654=CARTESIAN_POINT('',(-0.0155,0.01855,0.014));
#5655=CARTESIAN_POINT('',(-0.0155,0.01845,0.014));
#5656=CARTESIAN_POINT('',(-0.0122842799539041,0.01845,0.014));
#5657=CARTESIAN_POINT('',(-0.00906855990780825,0.01845,0.014));
#5658=CARTESIAN_POINT('',(-0.0065,0.02,0.014));
#5659=CARTESIAN_POINT('',(-0.0065,0.017,0.014));
#5660=CARTESIAN_POINT('',(7.80625564189563E-18,0.017,0.014));
#5661=CARTESIAN_POINT('',(0.0065,0.017,0.014));
#5662=CARTESIAN_POINT('',(0.0065,0.02,0.014));
#5663=CARTESIAN_POINT('',(-0.0514,0.010579731778124,0.014));
#5664=CARTESIAN_POINT('',(-0.0514,0.0113203387942655,0.014));
#5665=CARTESIAN_POINT('',(-0.0514,-0.01065,0.014));
#5666=CARTESIAN_POINT('',(-0.0484,-0.01065,0.014));
#5667=CARTESIAN_POINT('',(-0.0484,-0.01365,0.014));
#5668=CARTESIAN_POINT('',(-0.0456,-0.01365,0.014));
#5669=CARTESIAN_POINT('',(-0.0456,-0.01365,0.014));
#5670=CARTESIAN_POINT('',(-0.0456,-0.01065,0.014));
#5671=CARTESIAN_POINT('',(-0.0426,-0.01065,0.014));
#5672=CARTESIAN_POINT('',(-0.0426,0.010579731778124,0.014));
#5673=CARTESIAN_POINT('',(-0.0426,0.0113203387942655,0.014));
#5674=CARTESIAN_POINT('',(-0.0456,0.0113203387942655,0.014));
#5675=CARTESIAN_POINT('',(-0.0456,0.0143203387942655,0.014));
#5676=CARTESIAN_POINT('',(-0.0484,0.0143203387942655,0.014));
#5677=CARTESIAN_POINT('',(-0.0484,0.0143203387942655,0.014));
#5678=CARTESIAN_POINT('',(-0.0484,0.0113203387942655,0.014));
#5679=CARTESIAN_POINT('',(0.0514,0.010579731778124,0.014));
#5680=CARTESIAN_POINT('',(0.0514,-0.01065,0.014));
#5681=CARTESIAN_POINT('',(0.0514,0.0113203387942655,0.014));
#5682=CARTESIAN_POINT('',(0.0484,0.0113203387942655,0.014));
#5683=CARTESIAN_POINT('',(0.0484,0.0143203387942655,0.014));
#5684=CARTESIAN_POINT('',(6.93889390390723E-18,0.0143203387942655,0.014));
#5685=CARTESIAN_POINT('',(0.0456,0.0143203387942655,0.014));
#5686=CARTESIAN_POINT('',(0.0456,0.0113203387942655,0.014));
#5687=CARTESIAN_POINT('',(0.0426,0.0113203387942655,0.014));
#5688=CARTESIAN_POINT('',(0.0426,0.010579731778124,0.014));
#5689=CARTESIAN_POINT('',(0.0426,-0.01065,0.014));
#5690=CARTESIAN_POINT('',(0.0456,-0.01065,0.014));
#5691=CARTESIAN_POINT('',(0.0456,-0.01365,0.014));
#5692=CARTESIAN_POINT('',(0.0484,-0.01365,0.014));
#5693=CARTESIAN_POINT('',(0.0484,-0.01365,0.014));
#5694=CARTESIAN_POINT('',(0.0484,-0.01065,0.014));
#5695=CARTESIAN_POINT('',(-0.0181999827231348,-0.0118470396906637,0.014));
#5696=CARTESIAN_POINT('',(-0.0168249827231348,-0.0118470396906637,0.014));
#5697=CARTESIAN_POINT('',(0.0181999827231348,-0.0118971945546038,0.014));
#5698=CARTESIAN_POINT('',(0.0195749827231348,-0.0118971945546038,0.014));
#5699=CARTESIAN_POINT('',(0.0479976881047514,0.024008312512224,0.014));
#5700=CARTESIAN_POINT('',(0.0493726881047514,0.024008312512224,0.014));
#5701=CARTESIAN_POINT('',(-0.0479975521627911,0.0239966538896662,0.014));
#5702=CARTESIAN_POINT('',(-0.0466225521627911,0.0239966538896662,0.014));
#5703=CARTESIAN_POINT('',(-1.45145926297892E-5,-0.0139720971232352,0.0152));
#5704=CARTESIAN_POINT('',(0.0223532426737319,-0.0140029172575015,0.0152));
#5705=CARTESIAN_POINT('',(-0.022359126372147,-0.013941308880723,0.014));
#5706=CARTESIAN_POINT('',(-1.45145926297892E-5,-0.0139720971232352,0.0152));
#5707=CARTESIAN_POINT('',(0.0432268798179549,-0.0140316786702685,0.014));
#5708=CARTESIAN_POINT('',(0.0496554218056647,-0.0140405364437519,0.0152));
#5709=CARTESIAN_POINT('',(-0.0339174423535332,0.0319976729394005,0.0152));
#5710=CARTESIAN_POINT('',(-0.0255,0.0319976729394005,0.014));
#5711=CARTESIAN_POINT('',(-0.0437293334316024,0.0319976729394005,0.0152));
#5712=CARTESIAN_POINT('',(-0.045,0.0325,0.0152));
#5713=CARTESIAN_POINT('',(-0.0462254843146159,0.0306617735280762,0.014));
#5714=CARTESIAN_POINT('',(-0.05,0.025,0.0152));
#5715=CARTESIAN_POINT('',(-0.053,0.0195454545454545,0.0152));
#5716=CARTESIAN_POINT('',(-0.0556286477260299,0.0147660950435819,0.0152));
#5717=CARTESIAN_POINT('',(-0.056,0.00454545454545455,0.0152));
#5718=CARTESIAN_POINT('',(-0.056,0.0133203387942655,0.0152));
#5719=CARTESIAN_POINT('',(-0.056,-0.005,0.0152));
#5720=CARTESIAN_POINT('',(-0.0545,-0.0125,0.0152));
#5721=CARTESIAN_POINT('',(-0.0551572555051683,-0.00921372247415838,0.0152));
#5722=CARTESIAN_POINT('',(-0.049429672947901,-0.008068205962705,0.0152));
#5723=CARTESIAN_POINT('',(-0.0496844509909243,-0.0139036578027186,0.0152));
#5724=CARTESIAN_POINT('',(-1.45145926297892E-5,-0.0139720971232352,0.0152));
#5725=CARTESIAN_POINT('',(-0.0432327651451315,-0.0139125474657117,0.0152));
#5726=CARTESIAN_POINT('',(0.0493326252733045,-0.00812412900970255,0.0152));
#5727=CARTESIAN_POINT('',(0.0551427684701843,-0.00928615764907846,0.0152));
#5728=CARTESIAN_POINT('',(0.0545,-0.0125,0.0152));
#5729=CARTESIAN_POINT('',(0.056,-0.005,0.0152));
#5730=CARTESIAN_POINT('',(0.056,0.00454545454545457,0.0152));
#5731=CARTESIAN_POINT('',(0.056,0.0133203387942655,0.0152));
#5732=CARTESIAN_POINT('',(0.053,0.0195454545454546,0.0152));
#5733=CARTESIAN_POINT('',(0.05562864772603,0.014766095043582,0.0152));
#5734=CARTESIAN_POINT('',(0.05,0.025,0.0152));
#5735=CARTESIAN_POINT('',(0.045,0.0325,0.0152));
#5736=CARTESIAN_POINT('',(0.0462254843146159,0.0306617735280762,0.0152));
#5737=CARTESIAN_POINT('',(0.0339174423535332,0.0319976729394006,0.0152));
#5738=CARTESIAN_POINT('',(0.0255,0.0319976729394006,0.0152));
#5739=CARTESIAN_POINT('',(0.0437293334316024,0.0319976729394006,0.014));
#5740=CARTESIAN_POINT('',(0.0225,0.0334988364697003,0.0152));
#5741=CARTESIAN_POINT('',(0.0225,0.0349976729394006,0.014));
#5742=CARTESIAN_POINT('',(0.0225,0.035,0.0152));
#5743=CARTESIAN_POINT('',(0.019,0.035,0.0152));
#5744=CARTESIAN_POINT('',(0.0154,0.01845,0.0152));
#5745=CARTESIAN_POINT('',(0.0145,0.01845,0.0152));
#5746=CARTESIAN_POINT('',(0.00906855990780828,0.01845,0.0152));
#5747=CARTESIAN_POINT('',(0.0065,0.02,0.0152));
#5748=CARTESIAN_POINT('',(0.0065,0.017,0.0152));
#5749=CARTESIAN_POINT('',(7.80625564189563E-18,0.017,0.0152));
#5750=CARTESIAN_POINT('',(-0.0065,0.017,0.0152));
#5751=CARTESIAN_POINT('',(-0.0065,0.02,0.0152));
#5752=CARTESIAN_POINT('',(-0.00906855990780825,0.01845,0.0152));
#5753=CARTESIAN_POINT('',(-0.0122842799539041,0.01845,0.0152));
#5754=CARTESIAN_POINT('',(-0.0155,0.01845,0.0152));
#5755=CARTESIAN_POINT('',(-0.0155,0.01855,0.0152));
#5756=CARTESIAN_POINT('',(-0.0155,0.035,0.0152));
#5757=CARTESIAN_POINT('',(-0.019,0.035,0.0152));
#5758=CARTESIAN_POINT('',(-0.0225,0.035,0.0152));
#5759=CARTESIAN_POINT('',(-0.0225,0.0334988364697003,0.0152));
#5760=CARTESIAN_POINT('',(-0.0225,0.0349976729394006,0.0152));
#5761=CARTESIAN_POINT('',(-0.0504,0.0036,-0.0098));
#5762=CARTESIAN_POINT('',(-0.0504,-0.01065,-0.0098));
#5763=CARTESIAN_POINT('',(-0.0504,-0.01065,0.015));
#5764=CARTESIAN_POINT('',(-0.0504,0.0036,0.015));
#5765=CARTESIAN_POINT('',(-0.0504,0.0113203387942655,0.015));
#5766=CARTESIAN_POINT('',(-0.0504,0.0113203387942655,-0.0098));
#5767=CARTESIAN_POINT('',(-0.0436,0.0036,-0.0098));
#5768=CARTESIAN_POINT('',(-0.0436,0.0113203387942655,-0.0098));
#5769=CARTESIAN_POINT('',(-0.0436,0.0113203387942655,0.015));
#5770=CARTESIAN_POINT('',(-0.0436,0.0036,0.015));
#5771=CARTESIAN_POINT('',(-0.0436,-0.01065,0.015));
#5772=CARTESIAN_POINT('',(-0.0436,-0.01065,-0.0098));
#5773=CARTESIAN_POINT('',(0.0504,0.008725,-0.0098));
#5774=CARTESIAN_POINT('',(0.0504,0.0113203387942655,-0.0098));
#5775=CARTESIAN_POINT('',(0.0504,0.0113203387942655,0.015));
#5776=CARTESIAN_POINT('',(0.0504,0.008725,0.015));
#5777=CARTESIAN_POINT('',(0.0504,-0.01065,0.015));
#5778=CARTESIAN_POINT('',(0.0504,-0.01065,-0.0098));
#5779=CARTESIAN_POINT('',(0.0436,0.008725,-0.0098));
#5780=CARTESIAN_POINT('',(0.0436,-0.01065,-0.0098));
#5781=CARTESIAN_POINT('',(0.0436,-0.01065,0.015));
#5782=CARTESIAN_POINT('',(0.0436,0.008725,0.015));
#5783=CARTESIAN_POINT('',(0.0436,0.0113203387942655,0.015));
#5784=CARTESIAN_POINT('',(0.0436,0.0113203387942655,-0.0098));
#5785=CARTESIAN_POINT('',(0.0255,0.0349976729394006,0.0152));
#5786=CARTESIAN_POINT('',(-0.0255,0.0349976729394006,0.0152));
#5787=CARTESIAN_POINT('',(-0.053,0.0133203387942655,0.0152));
#5788=CARTESIAN_POINT('',(0.053,0.0133203387942655,0.0152));
#5789=CARTESIAN_POINT('',(0.0437293334316024,0.0289976729394005,0.0152));
#5790=CARTESIAN_POINT('',(-0.0437293334316024,0.0289976729394005,0.0152));
#5791=CARTESIAN_POINT('',(-0.0181999827231348,-0.0118470396906637,0.039));
#5792=CARTESIAN_POINT('',(-0.0181999827231348,-0.0118470396906637,0.0142));
#5793=CARTESIAN_POINT('',(-0.0168249827231348,-0.0118470396906637,0.0142));
#5794=CARTESIAN_POINT('',(0.0181999827231348,-0.0118971945546038,0.039));
#5795=CARTESIAN_POINT('',(0.0181999827231348,-0.0118971945546038,0.0142));
#5796=CARTESIAN_POINT('',(0.0195749827231348,-0.0118971945546038,0.0142));
#5797=CARTESIAN_POINT('',(0.0479976881047514,0.024008312512224,0.039));
#5798=CARTESIAN_POINT('',(0.0479976881047514,0.024008312512224,0.0142));
#5799=CARTESIAN_POINT('',(0.0493726881047514,0.024008312512224,0.0142));
#5800=CARTESIAN_POINT('',(-0.0479975521627911,0.0239966538896662,0.039));
#5801=CARTESIAN_POINT('',(-0.0479975521627911,0.0239966538896662,0.0142));
#5802=CARTESIAN_POINT('',(-0.0466225521627911,0.0239966538896662,0.0142));
#5803=CARTESIAN_POINT('',(0.0259041362822568,-0.0109397522096433,0.039));
#5804=CARTESIAN_POINT('',(0.025882706172584,-0.0109647207966525,0.039));
#5805=CARTESIAN_POINT('',(0.0238736564406102,-0.0133054989729925,0.014));
#5806=CARTESIAN_POINT('',(0.0406395277516608,-0.0120753446223177,0.039));
#5807=CARTESIAN_POINT('',(0.0396982185712003,-0.0109703522365562,0.039));
#5808=CARTESIAN_POINT('',(0.0417071622934688,-0.0133286289458558,0.0152));
#5809=CARTESIAN_POINT('',(0.0296366371081333,-0.0102673006135869,0.039));
#5810=CARTESIAN_POINT('',(0.0381757452849593,-0.0102673006135869,0.039));
#5811=CARTESIAN_POINT('',(0.0274003641777074,-0.0102673006135869,0.039));
#5812=CARTESIAN_POINT('',(-0.0296398086913384,-0.0101812769582573,0.039));
#5813=CARTESIAN_POINT('',(-0.0274063359841471,-0.0101843544205122,0.0152));
#5814=CARTESIAN_POINT('',(-0.0381816961593233,-0.0101695072436849,0.039));
#5815=CARTESIAN_POINT('',(-0.0416691797390692,-0.0131647019021882,0.039));
#5816=CARTESIAN_POINT('',(-0.0397037669013697,-0.0108688585865262,0.039));
#5817=CARTESIAN_POINT('',(-0.0417106944030851,-0.0132131961228704,0.039));
#5818=CARTESIAN_POINT('',(-0.0239207820913054,-0.0131891571031277,0.039));
#5819=CARTESIAN_POINT('',(-0.0258882639928077,-0.0108854749505819,0.014));
#5820=CARTESIAN_POINT('',(-0.0238771983634864,-0.0132401883506534,0.0152));
#5821=CARTESIAN_POINT('',(0.0223559984354868,-0.0120029191560581,0.039));
#5822=CARTESIAN_POINT('',(0.0432296355797098,-0.0120316805688251,0.0152));
#5823=CARTESIAN_POINT('',(-0.022356370610392,-0.0119413107792796,0.0152));
#5824=CARTESIAN_POINT('',(-0.0432300093833765,-0.0119125493642684,0.039));
#5825=CARTESIAN_POINT('',(0.0381757452849593,-0.0122673006135869,0.039));
#5826=CARTESIAN_POINT('',(0.0274003641777074,-0.0122673006135869,0.039));
#5827=CARTESIAN_POINT('',(-0.0274090917459021,-0.0121843525219556,0.039));
#5828=CARTESIAN_POINT('',(-0.0381844519210782,-0.0121695053451283,0.039));
#5829=CARTESIAN_POINT('',(-0.0456,0.0113203387942655,-0.0098));
#5830=CARTESIAN_POINT('',(-0.0456,0.0133203387942655,-0.0098));
#5831=CARTESIAN_POINT('',(-0.0456,0.0133203387942655,0.015));
#5832=CARTESIAN_POINT('',(-0.0456,0.0113203387942655,0.015));
#5833=CARTESIAN_POINT('',(-0.047,0.0133203387942655,-0.0098));
#5834=CARTESIAN_POINT('',(-0.0484,0.0133203387942655,-0.0098));
#5835=CARTESIAN_POINT('',(-0.0484,0.0133203387942655,0.015));
#5836=CARTESIAN_POINT('',(-0.0456,0.0133203387942655,0.015));
#5837=CARTESIAN_POINT('',(-0.0484,0.0113203387942655,-0.0098));
#5838=CARTESIAN_POINT('',(-0.0484,0.0113203387942655,0.015));
#5839=CARTESIAN_POINT('',(0.0456,-0.01065,-0.0098));
#5840=CARTESIAN_POINT('',(0.0456,-0.01265,-0.0098));
#5841=CARTESIAN_POINT('',(0.0456,-0.01265,0.015));
#5842=CARTESIAN_POINT('',(0.0456,-0.01065,0.015));
#5843=CARTESIAN_POINT('',(0.047,-0.01265,-0.0098));
#5844=CARTESIAN_POINT('',(0.0484,-0.01265,-0.0098));
#5845=CARTESIAN_POINT('',(0.0484,-0.01265,0.015));
#5846=CARTESIAN_POINT('',(0.0456,-0.01265,0.015));
#5847=CARTESIAN_POINT('',(0.0484,-0.01065,-0.0098));
#5848=CARTESIAN_POINT('',(0.0484,-0.01065,0.015));
#5849=CARTESIAN_POINT('',(0.0484,0.0113203387942655,-0.0098));
#5850=CARTESIAN_POINT('',(0.0484,0.0133203387942655,-0.0098));
#5851=CARTESIAN_POINT('',(0.0484,0.0133203387942655,0.015));
#5852=CARTESIAN_POINT('',(0.0484,0.0113203387942655,0.015));
#5853=CARTESIAN_POINT('',(0.047,0.0133203387942655,-0.0098));
#5854=CARTESIAN_POINT('',(0.0456,0.0133203387942655,-0.0098));
#5855=CARTESIAN_POINT('',(0.0456,0.0133203387942655,0.015));
#5856=CARTESIAN_POINT('',(0.047,0.0133203387942655,0.015));
#5857=CARTESIAN_POINT('',(0.0456,0.0113203387942655,-0.0098));
#5858=CARTESIAN_POINT('',(0.0456,0.0113203387942655,0.015));
#5859=CARTESIAN_POINT('',(-0.0484,-0.01065,-0.0098));
#5860=CARTESIAN_POINT('',(-0.0484,-0.01265,-0.0098));
#5861=CARTESIAN_POINT('',(-0.0484,-0.01265,0.015));
#5862=CARTESIAN_POINT('',(-0.0484,-0.01065,0.015));
#5863=CARTESIAN_POINT('',(-0.047,-0.01265,-0.0098));
#5864=CARTESIAN_POINT('',(-0.0456,-0.01265,-0.0098));
#5865=CARTESIAN_POINT('',(-0.0456,-0.01265,0.015));
#5866=CARTESIAN_POINT('',(-0.0484,-0.01265,0.015));
#5867=CARTESIAN_POINT('',(-0.0456,-0.01065,-0.0098));
#5868=CARTESIAN_POINT('',(-0.0456,-0.01065,0.015));
#5869=CARTESIAN_POINT('',(-0.0456,0.0113203387942655,0.014));
#5870=CARTESIAN_POINT('',(-0.0436,0.0113203387942655,0.015));
#5871=CARTESIAN_POINT('',(-0.0456,0.0143203387942655,0.014));
#5872=CARTESIAN_POINT('',(-0.047,0.0133203387942655,0.015));
#5873=CARTESIAN_POINT('',(-0.0484,0.0143203387942655,0.014));
#5874=CARTESIAN_POINT('',(-0.0426,0.010579731778124,0.014));
#5875=CARTESIAN_POINT('',(-0.0436,-0.01065,0.015));
#5876=CARTESIAN_POINT('',(-0.0484,0.0113203387942655,0.014));
#5877=CARTESIAN_POINT('',(-0.0514,0.0113203387942655,0.014));
#5878=CARTESIAN_POINT('',(-0.0456,-0.01065,0.014));
#5879=CARTESIAN_POINT('',(-0.0456,-0.01265,0.015));
#5880=CARTESIAN_POINT('',(-0.0514,0.010579731778124,0.014));
#5881=CARTESIAN_POINT('',(-0.0514,-0.01065,0.014));
#5882=CARTESIAN_POINT('',(-0.047,-0.01265,0.015));
#5883=CARTESIAN_POINT('',(-0.0484,-0.01265,0.015));
#5884=CARTESIAN_POINT('',(-0.0484,-0.01065,0.014));
#5885=CARTESIAN_POINT('',(0.0456,-0.01065,0.014));
#5886=CARTESIAN_POINT('',(0.0436,-0.01065,0.015));
#5887=CARTESIAN_POINT('',(0.0456,-0.01365,0.014));
#5888=CARTESIAN_POINT('',(0.047,-0.01265,0.015));
#5889=CARTESIAN_POINT('',(0.0484,-0.01365,0.014));
#5890=CARTESIAN_POINT('',(0.0426,0.010579731778124,0.014));
#5891=CARTESIAN_POINT('',(0.0436,0.0113203387942655,0.015));
#5892=CARTESIAN_POINT('',(0.0484,-0.01065,0.014));
#5893=CARTESIAN_POINT('',(0.0514,-0.01065,0.014));
#5894=CARTESIAN_POINT('',(0.0456,0.0113203387942655,0.014));
#5895=CARTESIAN_POINT('',(0.0456,0.0133203387942655,0.015));
#5896=CARTESIAN_POINT('',(0.0514,0.010579731778124,0.014));
#5897=CARTESIAN_POINT('',(0.0514,0.0113203387942655,0.014));
#5898=CARTESIAN_POINT('',(6.93889390390723E-18,0.0143203387942655,0.014));
#5899=CARTESIAN_POINT('',(0.0484,0.0133203387942655,0.015));
#5900=CARTESIAN_POINT('',(0.0484,0.0113203387942655,0.014));
#5901=CARTESIAN_POINT('',(0.0186,0.0202316282571331,-0.0098));
#5902=CARTESIAN_POINT('',(0.0165,0.0202316282571331,0.014));
#5903=CARTESIAN_POINT('',(0.0195,0.0202316282571331,0.0152));
#5904=CARTESIAN_POINT('',(0.0186,0.01645,-0.0098));
#5905=CARTESIAN_POINT('',(0.0165,0.01645,-0.0098));
#5906=CARTESIAN_POINT('',(0.0195,0.01645,0.014));
#5907=CARTESIAN_POINT('',(0.0205,0.0183408141285666,-0.0098));
#5908=CARTESIAN_POINT('',(0.0205,0.01745,0.0152));
#5909=CARTESIAN_POINT('',(0.0205,0.0192316282571331,0.014));
#5910=CARTESIAN_POINT('',(0.0165,0.01745,-0.0098));
#5911=CARTESIAN_POINT('',(0.0155,0.01745,-0.0098));
#5912=CARTESIAN_POINT('',(0.0145,0.01745,0.0152));
#5913=CARTESIAN_POINT('',(0.0165,0.0212316282571331,0.0152));
#5914=CARTESIAN_POINT('',(0.0195,0.01745,-0.0098));
#5915=CARTESIAN_POINT('',(0.0195,0.0192316282571331,-0.0098));
#5916=CARTESIAN_POINT('',(-0.031164,0.00638963287771738,0.0148));
#5917=CARTESIAN_POINT('',(-0.029148,0.00638963287771738,0.0148));
#5918=CARTESIAN_POINT('',(-0.029148,0.00638963287771738,0.0148));
#5919=CARTESIAN_POINT('',(-0.031164,0.00638963287771738,0.0148));
#5920=CARTESIAN_POINT('',(-0.03318,0.00638963287771738,0.0148));
#5921=CARTESIAN_POINT('',(-0.03318,0.00638963287771738,0.0148));
#5922=CARTESIAN_POINT('',(-0.028356,0.00743363287771738,0.0148));
#5923=CARTESIAN_POINT('',(-0.027564,0.00847763287771738,0.0148));
#5924=CARTESIAN_POINT('',(-0.027564,0.00847763287771738,0.0148));
#5925=CARTESIAN_POINT('',(-0.028356,0.00743363287771738,0.0148));
#5926=CARTESIAN_POINT('',(-0.030372,0.00847763287771738,0.0148));
#5927=CARTESIAN_POINT('',(-0.03318,0.00847763287771738,0.0148));
#5928=CARTESIAN_POINT('',(-0.03318,0.00847763287771738,0.0148));
#5929=CARTESIAN_POINT('',(-0.030372,0.00847763287771738,0.0148));
#5930=CARTESIAN_POINT('',(-0.0335252862350339,0.0104666545046534,0.0148));
#5931=CARTESIAN_POINT('',(-0.035544,0.0104816328777174,0.0148));
#5932=CARTESIAN_POINT('',(-0.035544,0.0104816328777174,0.0148));
#5933=CARTESIAN_POINT('',(-0.0335252862350339,0.0104666545046534,0.0148));
#5934=CARTESIAN_POINT('',(-0.0336272806909655,0.0104657646707057,0.0148));
#5935=CARTESIAN_POINT('',(-0.03318,0.0123296328777174,0.0148));
#5936=CARTESIAN_POINT('',(-0.03318,0.0123296328777174,0.0148));
#5937=CARTESIAN_POINT('',(-0.0336272806909655,0.0104657646707057,0.0148));
#5938=CARTESIAN_POINT('',(-0.031164,0.0123296328777174,0.0148));
#5939=CARTESIAN_POINT('',(-0.029148,0.0123296328777174,0.0148));
#5940=CARTESIAN_POINT('',(-0.029148,0.0123296328777174,0.0148));
#5941=CARTESIAN_POINT('',(-0.031164,0.0123296328777174,0.0148));
#5942=CARTESIAN_POINT('',(-0.028356,0.0133736328777174,0.0148));
#5943=CARTESIAN_POINT('',(-0.027564,0.0144176328777174,0.0148));
#5944=CARTESIAN_POINT('',(-0.027564,0.0144176328777174,0.0148));
#5945=CARTESIAN_POINT('',(-0.028356,0.0133736328777174,0.0148));
#5946=CARTESIAN_POINT('',(-0.030372,0.0144176328777174,0.0148));
#5947=CARTESIAN_POINT('',(-0.03318,0.0144176328777174,0.0148));
#5948=CARTESIAN_POINT('',(-0.03318,0.0144176328777174,0.0148));
#5949=CARTESIAN_POINT('',(-0.030372,0.0144176328777174,0.0148));
#5950=CARTESIAN_POINT('',(-0.0337507704627747,0.0101800185377729,0.0148));
#5951=CARTESIAN_POINT('',(-0.038016,0.0104816328777174,0.0148));
#5952=CARTESIAN_POINT('',(-0.038016,0.0104816328777174,0.0148));
#5953=CARTESIAN_POINT('',(-0.0337507704627747,0.0101800185377729,0.0148));
#5954=CARTESIAN_POINT('',(-0.0336278351798461,0.0107640094833538,0.0148));
#5955=CARTESIAN_POINT('',(-0.0336278351798461,0.0107640094833538,0.0148));
#5956=CARTESIAN_POINT('',(6.93889390390723E-18,0.013679731778124,0.0148));
#5957=CARTESIAN_POINT('',(-0.012312,0.00638963287771738,0.0148));
#5958=CARTESIAN_POINT('',(-0.011076,0.00638963287771738,0.0148));
#5959=CARTESIAN_POINT('',(-0.011076,0.00638963287771738,0.0148));
#5960=CARTESIAN_POINT('',(-0.012312,0.00638963287771738,0.0148));
#5961=CARTESIAN_POINT('',(-0.013548,0.00638963287771738,0.0148));
#5962=CARTESIAN_POINT('',(-0.013548,0.00638963287771738,0.0148));
#5963=CARTESIAN_POINT('',(-0.011076,0.00935963287771738,0.0148));
#5964=CARTESIAN_POINT('',(-0.011076,0.0123296328777174,0.0148));
#5965=CARTESIAN_POINT('',(-0.011076,0.0123296328777174,0.0148));
#5966=CARTESIAN_POINT('',(-0.011076,0.00935963287771738,0.0148));
#5967=CARTESIAN_POINT('',(-0.00981,0.0123296328777174,0.0148));
#5968=CARTESIAN_POINT('',(-0.008544,0.0123296328777174,0.0148));
#5969=CARTESIAN_POINT('',(-0.008544,0.0123296328777174,0.0148));
#5970=CARTESIAN_POINT('',(-0.00981,0.0123296328777174,0.0148));
#5971=CARTESIAN_POINT('',(-0.007728,0.0133736328777174,0.0148));
#5972=CARTESIAN_POINT('',(-0.006912,0.0144176328777174,0.0148));
#5973=CARTESIAN_POINT('',(-0.006912,0.0144176328777174,0.0148));
#5974=CARTESIAN_POINT('',(-0.007728,0.0133736328777174,0.0148));
#5975=CARTESIAN_POINT('',(-0.0114,0.0144176328777174,0.0148));
#5976=CARTESIAN_POINT('',(-0.015888,0.0144176328777174,0.0148));
#5977=CARTESIAN_POINT('',(-0.015888,0.0144176328777174,0.0148));
#5978=CARTESIAN_POINT('',(-0.0114,0.0144176328777174,0.0148));
#5979=CARTESIAN_POINT('',(-0.016704,0.0133736328777174,0.0148));
#5980=CARTESIAN_POINT('',(-0.01752,0.0123296328777174,0.0148));
#5981=CARTESIAN_POINT('',(-0.01752,0.0123296328777174,0.0148));
#5982=CARTESIAN_POINT('',(-0.016704,0.0133736328777174,0.0148));
#5983=CARTESIAN_POINT('',(-0.015534,0.0123296328777174,0.0148));
#5984=CARTESIAN_POINT('',(-0.013548,0.0123296328777174,0.0148));
#5985=CARTESIAN_POINT('',(-0.013548,0.0123296328777174,0.0148));
#5986=CARTESIAN_POINT('',(-0.015534,0.0123296328777174,0.0148));
#5987=CARTESIAN_POINT('',(-0.013548,0.00935963287771738,0.0148));
#5988=CARTESIAN_POINT('',(-0.013548,0.00935963287771738,0.0148));
#5989=CARTESIAN_POINT('',(6.93889390390723E-18,0.013679731778124,0.0148));
#5990=CARTESIAN_POINT('',(-0.019458,0.00638963287771738,0.0148));
#5991=CARTESIAN_POINT('',(-0.014796,0.00638963287771738,0.0148));
#5992=CARTESIAN_POINT('',(-0.014796,0.00638963287771738,0.0148));
#5993=CARTESIAN_POINT('',(-0.019458,0.00638963287771738,0.0148));
#5994=CARTESIAN_POINT('',(-0.02412,0.00638963287771738,0.0148));
#5995=CARTESIAN_POINT('',(-0.02412,0.00638963287771738,0.0148));
#5996=CARTESIAN_POINT('',(-0.01731,0.0100196328777174,0.0148));
#5997=CARTESIAN_POINT('',(-0.019824,0.0136496328777174,0.0148));
#5998=CARTESIAN_POINT('',(-0.019824,0.0136496328777174,0.0148));
#5999=CARTESIAN_POINT('',(-0.01731,0.0100196328777174,0.0148));
#6000=CARTESIAN_POINT('',(-0.0214182515168861,0.0126876702079979,0.0148));
#6001=CARTESIAN_POINT('',(-0.021408,0.0145496328777174,0.0148));
#6002=CARTESIAN_POINT('',(-0.021408,0.0145496328777174,0.0148));
#6003=CARTESIAN_POINT('',(-0.0214182515168861,0.0126876702079979,0.0148));
#6004=CARTESIAN_POINT('',(-0.0213856750182748,0.012644923243458,0.0148));
#6005=CARTESIAN_POINT('',(-0.023004,0.0136496328777174,0.0148));
#6006=CARTESIAN_POINT('',(-0.023004,0.0136496328777174,0.0148));
#6007=CARTESIAN_POINT('',(-0.0213856750182748,0.012644923243458,0.0148));
#6008=CARTESIAN_POINT('',(-0.025578,0.0100196328777174,0.0148));
#6009=CARTESIAN_POINT('',(-0.028152,0.00638963287771738,0.0148));
#6010=CARTESIAN_POINT('',(-0.028152,0.00638963287771738,0.0148));
#6011=CARTESIAN_POINT('',(-0.025578,0.0100196328777174,0.0148));
#6012=CARTESIAN_POINT('',(-0.0267,0.00638963287771738,0.0148));
#6013=CARTESIAN_POINT('',(-0.025248,0.00638963287771738,0.0148));
#6014=CARTESIAN_POINT('',(-0.025248,0.00638963287771738,0.0148));
#6015=CARTESIAN_POINT('',(-0.0267,0.00638963287771738,0.0148));
#6016=CARTESIAN_POINT('',(-0.023346,0.00907163287771738,0.0148));
#6017=CARTESIAN_POINT('',(-0.021444,0.0117536328777174,0.0148));
#6018=CARTESIAN_POINT('',(-0.021444,0.0117536328777174,0.0148));
#6019=CARTESIAN_POINT('',(-0.023346,0.00907163287771738,0.0148));
#6020=CARTESIAN_POINT('',(-0.02031,0.0101156328777174,0.0148));
#6021=CARTESIAN_POINT('',(-0.019176,0.00847763287771738,0.0148));
#6022=CARTESIAN_POINT('',(-0.019176,0.00847763287771738,0.0148));
#6023=CARTESIAN_POINT('',(-0.02031,0.0101156328777174,0.0148));
#6024=CARTESIAN_POINT('',(-0.020904,0.00847763287771738,0.0148));
#6025=CARTESIAN_POINT('',(-0.022632,0.00847763287771738,0.0148));
#6026=CARTESIAN_POINT('',(-0.022632,0.00847763287771738,0.0148));
#6027=CARTESIAN_POINT('',(-0.020904,0.00847763287771738,0.0148));
#6028=CARTESIAN_POINT('',(-0.023376,0.00743363287771738,0.0148));
#6029=CARTESIAN_POINT('',(-0.023376,0.00743363287771738,0.0148));
#6030=CARTESIAN_POINT('',(6.93889390390723E-18,0.013679731778124,0.0148));
#6031=CARTESIAN_POINT('',(-0.02439,-0.00532836712228262,0.0148));
#6032=CARTESIAN_POINT('',(-0.022488,-0.00264636712228262,0.0148));
#6033=CARTESIAN_POINT('',(-0.022488,-0.00264636712228262,0.0148));
#6034=CARTESIAN_POINT('',(-0.02439,-0.00532836712228262,0.0148));
#6035=CARTESIAN_POINT('',(-0.026292,-0.00801036712228262,0.0148));
#6036=CARTESIAN_POINT('',(-0.026292,-0.00801036712228262,0.0148));
#6037=CARTESIAN_POINT('',(-0.021354,-0.00428436712228262,0.0148));
#6038=CARTESIAN_POINT('',(-0.02022,-0.00592236712228262,0.0148));
#6039=CARTESIAN_POINT('',(-0.02022,-0.00592236712228262,0.0148));
#6040=CARTESIAN_POINT('',(-0.021354,-0.00428436712228262,0.0148));
#6041=CARTESIAN_POINT('',(-0.021948,-0.00592236712228262,0.0148));
#6042=CARTESIAN_POINT('',(-0.023676,-0.00592236712228262,0.0148));
#6043=CARTESIAN_POINT('',(-0.023676,-0.00592236712228262,0.0148));
#6044=CARTESIAN_POINT('',(-0.021948,-0.00592236712228262,0.0148));
#6045=CARTESIAN_POINT('',(-0.02442,-0.00696636712228262,0.0148));
#6046=CARTESIAN_POINT('',(-0.025164,-0.00801036712228262,0.0148));
#6047=CARTESIAN_POINT('',(-0.025164,-0.00801036712228262,0.0148));
#6048=CARTESIAN_POINT('',(-0.02442,-0.00696636712228262,0.0148));
#6049=CARTESIAN_POINT('',(-0.020502,-0.00801036712228262,0.0148));
#6050=CARTESIAN_POINT('',(-0.01584,-0.00801036712228262,0.0148));
#6051=CARTESIAN_POINT('',(-0.01584,-0.00801036712228262,0.0148));
#6052=CARTESIAN_POINT('',(-0.020502,-0.00801036712228262,0.0148));
#6053=CARTESIAN_POINT('',(-0.018354,-0.00438036712228262,0.0148));
#6054=CARTESIAN_POINT('',(-0.020868,-0.000750367122282619,0.0148));
#6055=CARTESIAN_POINT('',(-0.020868,-0.000750367122282619,0.0148));
#6056=CARTESIAN_POINT('',(-0.018354,-0.00438036712228262,0.0148));
#6057=CARTESIAN_POINT('',(-0.0224622515168861,-0.00171232979200212,0.0148));
#6058=CARTESIAN_POINT('',(-0.022452,0.00014963287771738,0.0148));
#6059=CARTESIAN_POINT('',(-0.022452,0.00014963287771738,0.0148));
#6060=CARTESIAN_POINT('',(-0.0224622515168861,-0.00171232979200212,0.0148));
#6061=CARTESIAN_POINT('',(-0.0224296750182748,-0.00175507675654197,0.0148));
#6062=CARTESIAN_POINT('',(-0.024048,-0.000750367122282618,0.0148));
#6063=CARTESIAN_POINT('',(-0.024048,-0.000750367122282618,0.0148));
#6064=CARTESIAN_POINT('',(-0.0224296750182748,-0.00175507675654197,0.0148));
#6065=CARTESIAN_POINT('',(-0.026622,-0.00438036712228262,0.0148));
#6066=CARTESIAN_POINT('',(-0.029196,-0.00801036712228262,0.0148));
#6067=CARTESIAN_POINT('',(-0.029196,-0.00801036712228262,0.0148));
#6068=CARTESIAN_POINT('',(-0.026622,-0.00438036712228262,0.0148));
#6069=CARTESIAN_POINT('',(-0.027744,-0.00801036712228262,0.0148));
#6070=CARTESIAN_POINT('',(-0.027744,-0.00801036712228262,0.0148));
#6071=CARTESIAN_POINT('',(6.93889390390723E-18,0.013679731778124,0.0148));
#6072=CARTESIAN_POINT('',(-0.00966,-0.00801036712228262,0.0148));
#6073=CARTESIAN_POINT('',(-0.007644,-0.00801036712228262,0.0148));
#6074=CARTESIAN_POINT('',(-0.007644,-0.00801036712228262,0.0148));
#6075=CARTESIAN_POINT('',(-0.00966,-0.00801036712228262,0.0148));
#6076=CARTESIAN_POINT('',(-0.011676,-0.00801036712228262,0.0148));
#6077=CARTESIAN_POINT('',(-0.011676,-0.00801036712228262,0.0148));
#6078=CARTESIAN_POINT('',(-0.006852,-0.00696636712228262,0.0148));
#6079=CARTESIAN_POINT('',(-0.00606,-0.00592236712228262,0.0148));
#6080=CARTESIAN_POINT('',(-0.00606,-0.00592236712228262,0.0148));
#6081=CARTESIAN_POINT('',(-0.006852,-0.00696636712228262,0.0148));
#6082=CARTESIAN_POINT('',(-0.008868,-0.00592236712228262,0.0148));
#6083=CARTESIAN_POINT('',(-0.011676,-0.00592236712228262,0.0148));
#6084=CARTESIAN_POINT('',(-0.011676,-0.00592236712228262,0.0148));
#6085=CARTESIAN_POINT('',(-0.008868,-0.00592236712228262,0.0148));
#6086=CARTESIAN_POINT('',(-0.0120212862350339,-0.00393334549534661,0.0148));
#6087=CARTESIAN_POINT('',(-0.01404,-0.00391836712228262,0.0148));
#6088=CARTESIAN_POINT('',(-0.01404,-0.00391836712228262,0.0148));
#6089=CARTESIAN_POINT('',(-0.0120212862350339,-0.00393334549534661,0.0148));
#6090=CARTESIAN_POINT('',(-0.0121232806909655,-0.00393423532929425,0.0148));
#6091=CARTESIAN_POINT('',(-0.011676,-0.00207036712228262,0.0148));
#6092=CARTESIAN_POINT('',(-0.011676,-0.00207036712228262,0.0148));
#6093=CARTESIAN_POINT('',(-0.0121232806909655,-0.00393423532929425,0.0148));
#6094=CARTESIAN_POINT('',(-0.00966,-0.00207036712228262,0.0148));
#6095=CARTESIAN_POINT('',(-0.007644,-0.00207036712228262,0.0148));
#6096=CARTESIAN_POINT('',(-0.007644,-0.00207036712228262,0.0148));
#6097=CARTESIAN_POINT('',(-0.00966,-0.00207036712228262,0.0148));
#6098=CARTESIAN_POINT('',(-0.006852,-0.00102636712228262,0.0148));
#6099=CARTESIAN_POINT('',(-0.00606,1.7632877717381E-5,0.0148));
#6100=CARTESIAN_POINT('',(-0.00606,1.7632877717381E-5,0.0148));
#6101=CARTESIAN_POINT('',(-0.006852,-0.00102636712228262,0.0148));
#6102=CARTESIAN_POINT('',(-0.008868,1.7632877717381E-5,0.0148));
#6103=CARTESIAN_POINT('',(-0.011676,1.7632877717381E-5,0.0148));
#6104=CARTESIAN_POINT('',(-0.011676,1.7632877717381E-5,0.0148));
#6105=CARTESIAN_POINT('',(-0.008868,1.7632877717381E-5,0.0148));
#6106=CARTESIAN_POINT('',(-0.0122467704627747,-0.00421998146222712,0.0148));
#6107=CARTESIAN_POINT('',(-0.016512,-0.00391836712228262,0.0148));
#6108=CARTESIAN_POINT('',(-0.016512,-0.00391836712228262,0.0148));
#6109=CARTESIAN_POINT('',(-0.0122467704627747,-0.00421998146222712,0.0148));
#6110=CARTESIAN_POINT('',(-0.0121238351798461,-0.00363599051664617,0.0148));
#6111=CARTESIAN_POINT('',(-0.0121238351798461,-0.00363599051664617,0.0148));
#6112=CARTESIAN_POINT('',(6.93889390390723E-18,0.013679731778124,0.0148));
#6113=CARTESIAN_POINT('',(0.036732,-0.00801036712228262,0.0148));
#6114=CARTESIAN_POINT('',(0.038016,-0.00801036712228262,0.0148));
#6115=CARTESIAN_POINT('',(0.038016,-0.00801036712228262,0.0148));
#6116=CARTESIAN_POINT('',(0.036732,-0.00801036712228262,0.0148));
#6117=CARTESIAN_POINT('',(0.035448,-0.00801036712228262,0.0148));
#6118=CARTESIAN_POINT('',(0.035448,-0.00801036712228262,0.0148));
#6119=CARTESIAN_POINT('',(0.036996,-0.00448836712228262,0.0148));
#6120=CARTESIAN_POINT('',(0.035976,-0.000966367122282615,0.0148));
#6121=CARTESIAN_POINT('',(0.035976,-0.000966367122282615,0.0148));
#6122=CARTESIAN_POINT('',(0.036996,-0.00448836712228262,0.0148));
#6123=CARTESIAN_POINT('',(0.0345691144676141,-0.00129512510961106,0.0148));
#6124=CARTESIAN_POINT('',(0.03456,0.000149632877717381,0.0148));
#6125=CARTESIAN_POINT('',(0.03456,0.000149632877717381,0.0148));
#6126=CARTESIAN_POINT('',(0.0345691144676141,-0.00129512510961106,0.0148));
#6127=CARTESIAN_POINT('',(0.0345487116727385,-0.00132750579866417,0.0148));
#6128=CARTESIAN_POINT('',(0.033216,-0.000690367122282619,0.0148));
#6129=CARTESIAN_POINT('',(0.033216,-0.000690367122282619,0.0148));
#6130=CARTESIAN_POINT('',(0.0345487116727385,-0.00132750579866417,0.0148));
#6131=CARTESIAN_POINT('',(0.031932,-0.00307236712228262,0.0148));
#6132=CARTESIAN_POINT('',(0.030648,-0.00545436712228262,0.0148));
#6133=CARTESIAN_POINT('',(0.030648,-0.00545436712228262,0.0148));
#6134=CARTESIAN_POINT('',(0.031932,-0.00307236712228262,0.0148));
#6135=CARTESIAN_POINT('',(0.02937,-0.00307236712228262,0.0148));
#6136=CARTESIAN_POINT('',(0.028092,-0.000690367122282618,0.0148));
#6137=CARTESIAN_POINT('',(0.028092,-0.000690367122282618,0.0148));
#6138=CARTESIAN_POINT('',(0.02937,-0.00307236712228262,0.0148));
#6139=CARTESIAN_POINT('',(0.0267513179944167,-0.00134025833121586,0.0148));
#6140=CARTESIAN_POINT('',(0.026748,0.000149632877717381,0.0148));
#6141=CARTESIAN_POINT('',(0.026748,0.000149632877717381,0.0148));
#6142=CARTESIAN_POINT('',(0.0267513179944167,-0.00134025833121586,0.0148));
#6143=CARTESIAN_POINT('',(0.0267190727349861,-0.00126998629140484,0.0148));
#6144=CARTESIAN_POINT('',(0.025332,-0.000966367122282619,0.0148));
#6145=CARTESIAN_POINT('',(0.025332,-0.000966367122282619,0.0148));
#6146=CARTESIAN_POINT('',(0.0267190727349861,-0.00126998629140484,0.0148));
#6147=CARTESIAN_POINT('',(0.024288,-0.00448836712228262,0.0148));
#6148=CARTESIAN_POINT('',(0.023244,-0.00801036712228262,0.0148));
#6149=CARTESIAN_POINT('',(0.023244,-0.00801036712228262,0.0148));
#6150=CARTESIAN_POINT('',(0.024288,-0.00448836712228262,0.0148));
#6151=CARTESIAN_POINT('',(0.024504,-0.00801036712228262,0.0148));
#6152=CARTESIAN_POINT('',(0.025764,-0.00801036712228262,0.0148));
#6153=CARTESIAN_POINT('',(0.025764,-0.00801036712228262,0.0148));
#6154=CARTESIAN_POINT('',(0.024504,-0.00801036712228262,0.0148));
#6155=CARTESIAN_POINT('',(0.026418,-0.00568236712228262,0.0148));
#6156=CARTESIAN_POINT('',(0.027072,-0.00335436712228262,0.0148));
#6157=CARTESIAN_POINT('',(0.027072,-0.00335436712228262,0.0148));
#6158=CARTESIAN_POINT('',(0.026418,-0.00568236712228262,0.0148));
#6159=CARTESIAN_POINT('',(0.028092,-0.00529836712228262,0.0148));
#6160=CARTESIAN_POINT('',(0.029112,-0.00724236712228262,0.0148));
#6161=CARTESIAN_POINT('',(0.029112,-0.00724236712228262,0.0148));
#6162=CARTESIAN_POINT('',(0.028092,-0.00529836712228262,0.0148));
#6163=CARTESIAN_POINT('',(0.0304551331525439,-0.00670180031007682,0.0148));
#6164=CARTESIAN_POINT('',(0.0306,-0.00814236712228262,0.0148));
#6165=CARTESIAN_POINT('',(0.0306,-0.00814236712228262,0.0148));
#6166=CARTESIAN_POINT('',(0.0304551331525439,-0.00670180031007682,0.0148));
#6167=CARTESIAN_POINT('',(0.0307328160248286,-0.00668187628333266,0.0148));
#6168=CARTESIAN_POINT('',(0.032088,-0.00724236712228262,0.0148));
#6169=CARTESIAN_POINT('',(0.032088,-0.00724236712228262,0.0148));
#6170=CARTESIAN_POINT('',(0.0307328160248286,-0.00668187628333266,0.0148));
#6171=CARTESIAN_POINT('',(0.033132,-0.00529836712228262,0.0148));
#6172=CARTESIAN_POINT('',(0.034176,-0.00335436712228262,0.0148));
#6173=CARTESIAN_POINT('',(0.034176,-0.00335436712228262,0.0148));
#6174=CARTESIAN_POINT('',(0.033132,-0.00529836712228262,0.0148));
#6175=CARTESIAN_POINT('',(0.034812,-0.00568236712228262,0.0148));
#6176=CARTESIAN_POINT('',(0.034812,-0.00568236712228262,0.0148));
#6177=CARTESIAN_POINT('',(6.93889390390723E-18,0.013679731778124,0.0148));
#6178=CARTESIAN_POINT('',(0.012822,-0.00696636712228262,0.0148));
#6179=CARTESIAN_POINT('',(0.012024,-0.00801036712228262,0.0148));
#6180=CARTESIAN_POINT('',(0.012024,-0.00801036712228262,0.0148));
#6181=CARTESIAN_POINT('',(0.012822,-0.00696636712228262,0.0148));
#6182=CARTESIAN_POINT('',(0.01362,-0.00592236712228262,0.0148));
#6183=CARTESIAN_POINT('',(0.01362,-0.00592236712228262,0.0148));
#6184=CARTESIAN_POINT('',(0.015858,-0.00801036712228262,0.0148));
#6185=CARTESIAN_POINT('',(0.019692,-0.00801036712228262,0.0148));
#6186=CARTESIAN_POINT('',(0.019692,-0.00801036712228262,0.0148));
#6187=CARTESIAN_POINT('',(0.015858,-0.00801036712228262,0.0148));
#6188=CARTESIAN_POINT('',(0.0203743057691251,-0.00554329496183297,0.0148));
#6189=CARTESIAN_POINT('',(0.022932,-0.00544236712228262,0.0148));
#6190=CARTESIAN_POINT('',(0.022932,-0.00544236712228262,0.0148));
#6191=CARTESIAN_POINT('',(0.0203743057691251,-0.00554329496183297,0.0148));
#6192=CARTESIAN_POINT('',(0.020474093858862,-0.00550111021428802,0.0148));
#6193=CARTESIAN_POINT('',(0.019884,-0.00311436712228262,0.0148));
#6194=CARTESIAN_POINT('',(0.019884,-0.00311436712228262,0.0148));
#6195=CARTESIAN_POINT('',(0.020474093858862,-0.00550111021428802,0.0148));
#6196=CARTESIAN_POINT('',(0.017694,-0.00311436712228262,0.0148));
#6197=CARTESIAN_POINT('',(0.015504,-0.00311436712228262,0.0148));
#6198=CARTESIAN_POINT('',(0.015504,-0.00311436712228262,0.0148));
#6199=CARTESIAN_POINT('',(0.017694,-0.00311436712228262,0.0148));
#6200=CARTESIAN_POINT('',(0.0153288368634264,-0.00255994161328575,0.0148));
#6201=CARTESIAN_POINT('',(0.014748,-0.00258636712228262,0.0148));
#6202=CARTESIAN_POINT('',(0.014748,-0.00258636712228262,0.0148));
#6203=CARTESIAN_POINT('',(0.0153288368634264,-0.00255994161328575,0.0148));
#6204=CARTESIAN_POINT('',(0.0153274250616448,-0.00262347825911101,0.0148));
#6205=CARTESIAN_POINT('',(0.015504,-0.00207036712228262,0.0148));
#6206=CARTESIAN_POINT('',(0.015504,-0.00207036712228262,0.0148));
#6207=CARTESIAN_POINT('',(0.0153274250616448,-0.00262347825911101,0.0148));
#6208=CARTESIAN_POINT('',(0.018312,-0.00207036712228262,0.0148));
#6209=CARTESIAN_POINT('',(0.02112,-0.00207036712228262,0.0148));
#6210=CARTESIAN_POINT('',(0.02112,-0.00207036712228262,0.0148));
#6211=CARTESIAN_POINT('',(0.018312,-0.00207036712228262,0.0148));
#6212=CARTESIAN_POINT('',(0.021918,-0.00102636712228262,0.0148));
#6213=CARTESIAN_POINT('',(0.022716,1.76328777173815E-5,0.0148));
#6214=CARTESIAN_POINT('',(0.022716,1.76328777173815E-5,0.0148));
#6215=CARTESIAN_POINT('',(0.021918,-0.00102636712228262,0.0148));
#6216=CARTESIAN_POINT('',(0.019206,1.7632877717381E-5,0.0148));
#6217=CARTESIAN_POINT('',(0.015696,1.7632877717381E-5,0.0148));
#6218=CARTESIAN_POINT('',(0.015696,1.7632877717381E-5,0.0148));
#6219=CARTESIAN_POINT('',(0.019206,1.7632877717381E-5,0.0148));
#6220=CARTESIAN_POINT('',(0.0149755404907701,-0.00254791503724472,0.0148));
#6221=CARTESIAN_POINT('',(0.012312,-0.00246636712228262,0.0148));
#6222=CARTESIAN_POINT('',(0.012312,-0.00246636712228262,0.0148));
#6223=CARTESIAN_POINT('',(0.0149755404907701,-0.00254791503724472,0.0148));
#6224=CARTESIAN_POINT('',(0.0148673578286167,-0.00237668074439964,0.0148));
#6225=CARTESIAN_POINT('',(0.015396,-0.00487836712228262,0.0148));
#6226=CARTESIAN_POINT('',(0.015396,-0.00487836712228262,0.0148));
#6227=CARTESIAN_POINT('',(0.0148673578286167,-0.00237668074439964,0.0148));
#6228=CARTESIAN_POINT('',(0.017568,-0.00487836712228262,0.0148));
#6229=CARTESIAN_POINT('',(0.01974,-0.00487836712228262,0.0148));
#6230=CARTESIAN_POINT('',(0.01974,-0.00487836712228262,0.0148));
#6231=CARTESIAN_POINT('',(0.017568,-0.00487836712228262,0.0148));
#6232=CARTESIAN_POINT('',(0.0199200572140636,-0.00542578520214619,0.0148));
#6233=CARTESIAN_POINT('',(0.020496,-0.00540636712228262,0.0148));
#6234=CARTESIAN_POINT('',(0.020496,-0.00540636712228262,0.0148));
#6235=CARTESIAN_POINT('',(0.0199200572140636,-0.00542578520214619,0.0148));
#6236=CARTESIAN_POINT('',(0.0199373987996995,-0.0053911421637168,0.0148));
#6237=CARTESIAN_POINT('',(0.019764,-0.00592236712228262,0.0148));
#6238=CARTESIAN_POINT('',(0.019764,-0.00592236712228262,0.0148));
#6239=CARTESIAN_POINT('',(0.0199373987996995,-0.0053911421637168,0.0148));
#6240=CARTESIAN_POINT('',(0.016692,-0.00592236712228262,0.0148));
#6241=CARTESIAN_POINT('',(0.016692,-0.00592236712228262,0.0148));
#6242=CARTESIAN_POINT('',(6.93889390390723E-18,0.013679731778124,0.0148));
#6243=CARTESIAN_POINT('',(-0.001632,-0.00801036712228262,0.0148));
#6244=CARTESIAN_POINT('',(0.00192,-0.00801036712228262,0.0148));
#6245=CARTESIAN_POINT('',(0.00192,-0.00801036712228262,0.0148));
#6246=CARTESIAN_POINT('',(-0.001632,-0.00801036712228262,0.0148));
#6247=CARTESIAN_POINT('',(-0.005184,-0.00801036712228262,0.0148));
#6248=CARTESIAN_POINT('',(-0.005184,-0.00801036712228262,0.0148));
#6249=CARTESIAN_POINT('',(0.002718,-0.00696636712228262,0.0148));
#6250=CARTESIAN_POINT('',(0.003516,-0.00592236712228262,0.0148));
#6251=CARTESIAN_POINT('',(0.003516,-0.00592236712228262,0.0148));
#6252=CARTESIAN_POINT('',(0.002718,-0.00696636712228262,0.0148));
#6253=CARTESIAN_POINT('',(0.000408000000000004,-0.00592236712228262,0.0148));
#6254=CARTESIAN_POINT('',(-0.0027,-0.00592236712228262,0.0148));
#6255=CARTESIAN_POINT('',(-0.0027,-0.00592236712228262,0.0148));
#6256=CARTESIAN_POINT('',(0.000408000000000004,-0.00592236712228262,0.0148));
#6257=CARTESIAN_POINT('',(-0.0027,-0.00295236712228262,0.0148));
#6258=CARTESIAN_POINT('',(-0.0027,1.7632877717381E-5,0.0148));
#6259=CARTESIAN_POINT('',(-0.0027,1.7632877717381E-5,0.0148));
#6260=CARTESIAN_POINT('',(-0.0027,-0.00295236712228262,0.0148));
#6261=CARTESIAN_POINT('',(-0.003942,1.7632877717381E-5,0.0148));
#6262=CARTESIAN_POINT('',(-0.005184,1.7632877717381E-5,0.0148));
#6263=CARTESIAN_POINT('',(-0.005184,1.7632877717381E-5,0.0148));
#6264=CARTESIAN_POINT('',(-0.003942,1.7632877717381E-5,0.0148));
#6265=CARTESIAN_POINT('',(-0.005184,-0.00399636712228262,0.0148));
#6266=CARTESIAN_POINT('',(-0.005184,-0.00399636712228262,0.0148));
#6267=CARTESIAN_POINT('',(6.93889390390723E-18,0.013679731778124,0.0148));
#6268=CARTESIAN_POINT('',(0.006366,-0.00801036712228262,0.0148));
#6269=CARTESIAN_POINT('',(0.007608,-0.00801036712228262,0.0148));
#6270=CARTESIAN_POINT('',(0.007608,-0.00801036712228262,0.0148));
#6271=CARTESIAN_POINT('',(0.006366,-0.00801036712228262,0.0148));
#6272=CARTESIAN_POINT('',(0.005124,-0.00801036712228262,0.0148));
#6273=CARTESIAN_POINT('',(0.005124,-0.00801036712228262,0.0148));
#6274=CARTESIAN_POINT('',(0.007608,-0.00667836712228262,0.0148));
#6275=CARTESIAN_POINT('',(0.007608,-0.00534636712228262,0.0148));
#6276=CARTESIAN_POINT('',(0.007608,-0.00534636712228262,0.0148));
#6277=CARTESIAN_POINT('',(0.007608,-0.00667836712228262,0.0148));
#6278=CARTESIAN_POINT('',(0.00999,-0.00266436712228262,0.0148));
#6279=CARTESIAN_POINT('',(0.012372,1.7632877717381E-5,0.0148));
#6280=CARTESIAN_POINT('',(0.012372,1.7632877717381E-5,0.0148));
#6281=CARTESIAN_POINT('',(0.00999,-0.00266436712228262,0.0148));
#6282=CARTESIAN_POINT('',(0.010854,1.7632877717381E-5,0.0148));
#6283=CARTESIAN_POINT('',(0.009336,1.7632877717381E-5,0.0148));
#6284=CARTESIAN_POINT('',(0.009336,1.7632877717381E-5,0.0148));
#6285=CARTESIAN_POINT('',(0.010854,1.7632877717381E-5,0.0148));
#6286=CARTESIAN_POINT('',(0.007872,-0.00163236712228262,0.0148));
#6287=CARTESIAN_POINT('',(0.006408,-0.00328236712228262,0.0148));
#6288=CARTESIAN_POINT('',(0.006408,-0.00328236712228262,0.0148));
#6289=CARTESIAN_POINT('',(0.007872,-0.00163236712228262,0.0148));
#6290=CARTESIAN_POINT('',(0.004908,-0.00163236712228262,0.0148));
#6291=CARTESIAN_POINT('',(0.003408,1.7632877717381E-5,0.0148));
#6292=CARTESIAN_POINT('',(0.003408,1.7632877717381E-5,0.0148));
#6293=CARTESIAN_POINT('',(0.004908,-0.00163236712228262,0.0148));
#6294=CARTESIAN_POINT('',(0.001818,1.7632877717381E-5,0.0148));
#6295=CARTESIAN_POINT('',(0.000228,1.7632877717381E-5,0.0148));
#6296=CARTESIAN_POINT('',(0.000228,1.7632877717381E-5,0.0148));
#6297=CARTESIAN_POINT('',(0.001818,1.7632877717381E-5,0.0148));
#6298=CARTESIAN_POINT('',(0.002676,-0.00266436712228262,0.0148));
#6299=CARTESIAN_POINT('',(0.005124,-0.00534636712228262,0.0148));
#6300=CARTESIAN_POINT('',(0.005124,-0.00534636712228262,0.0148));
#6301=CARTESIAN_POINT('',(0.002676,-0.00266436712228262,0.0148));
#6302=CARTESIAN_POINT('',(0.005124,-0.00667836712228262,0.0148));
#6303=CARTESIAN_POINT('',(0.005124,-0.00667836712228262,0.0148));
#6304=CARTESIAN_POINT('',(6.93889390390723E-18,0.013679731778124,0.0148));
#6305=CARTESIAN_POINT('',(0.0479976881047514,0.024008312512224,0.0152));
#6306=CARTESIAN_POINT('',(-0.0479975521627911,0.0239966538896662,0.0152));
#6307=CARTESIAN_POINT('',(0.0181999827231348,-0.0118971945546038,0.0152));
#6308=CARTESIAN_POINT('',(-0.0181999827231348,-0.0118470396906637,0.0152));
#6309=MECHANICAL_DESIGN_GEOMETRIC_PRESENTATION_REPRESENTATION('',(#3790),
#6310);
#6310=(
GEOMETRIC_REPRESENTATION_CONTEXT(3)
GLOBAL_UNCERTAINTY_ASSIGNED_CONTEXT((#6311))
GLOBAL_UNIT_ASSIGNED_CONTEXT((#6314,#6313,#6312))
REPRESENTATION_CONTEXT('Chassis Cover','TOP_LEVEL_ASSEMBLY_PART')
);
#6311=UNCERTAINTY_MEASURE_WITH_UNIT(LENGTH_MEASURE(1.E-8),#6314,
'DISTANCE_ACCURACY_VALUE','Maximum Tolerance applied to model');
#6312=(
NAMED_UNIT(*)
SI_UNIT($,.STERADIAN.)
SOLID_ANGLE_UNIT()
);
#6313=(
NAMED_UNIT(*)
PLANE_ANGLE_UNIT()
SI_UNIT($,.RADIAN.)
);
#6314=(
LENGTH_UNIT()
NAMED_UNIT(*)
SI_UNIT($,.METRE.)
);
#6315=PRODUCT_DEFINITION_SHAPE('','',#6316);
#6316=PRODUCT_DEFINITION('','',#6318,#6317);
#6317=PRODUCT_DEFINITION_CONTEXT('',#6324,'design');
#6318=PRODUCT_DEFINITION_FORMATION_WITH_SPECIFIED_SOURCE('','',#6320,
 .NOT_KNOWN.);
#6319=PRODUCT_RELATED_PRODUCT_CATEGORY('','',(#6320));
#6320=PRODUCT('Chassis Cover','Chassis Cover','Chassis Cover',(#6322));
#6321=PRODUCT_CATEGORY('','');
#6322=PRODUCT_CONTEXT('',#6324,'mechanical');
#6323=APPLICATION_PROTOCOL_DEFINITION('international standard',
'ap242_managed_model_based_3d_engineering',2020,#6324);
#6324=APPLICATION_CONTEXT('managed model based 3d engineering');
ENDSEC;
END-ISO-10303-21;
