ISO-10303-21;
HEADER;
/* Generated by software containing ST-Developer
 * from STEP Tools, Inc. (www.steptools.com) 
 */
/* OPTION: using custom renumber hook */

FILE_DESCRIPTION(
/* description */ ('STEP AP242 Edition 2',
'CAx-IF Rec.Pracs.---Representation and Presentation of Product Manufa
cturing Information (PMI)---4.0---2014-10-13',
'CAx-IF Rec.Pracs.---3D Tessellated Geometry---0.4---2014-09-14','2;1',
'CAx-IF Rec.Pracs.---User Defined Attributes---1.5---2016-08-15'),
/* implementation_level */ '2;1');

FILE_NAME(
/* name */ 
'(Cat-Aclysm) Antweight MK3 (Seperate Weapoon Struts) motor mounts V2 
- Chassis',
/* time_stamp */ '2026-09-09T11:50:35Z',
/* author */ (''),
/* organization */ (''),
/* preprocessor_version */ 'ST-DEVELOPER v20',
/* originating_system */ 'ONSHAPE BY PTC INC, 1.220',
/* authorisation */ '  ');

FILE_SCHEMA (('AP242_MANAGED_MODEL_BASED_3D_ENGINEERING_MIM_LF { 1 0 10303 442 3 1 4 }'));
ENDSEC;

DATA;
#10=SHAPE_REPRESENTATION_RELATIONSHIP('','',#6907,#11);
#11=ADVANCED_BREP_SHAPE_REPRESENTATION('',(#6905),#11737);
#12=TOROIDAL_SURFACE('',#7421,0.00151,0.00049);
#13=TOROIDAL_SURFACE('',#7426,0.00151,0.00049);
#14=CONICAL_SURFACE('',#7110,0.008,0.982793723247328);
#15=CONICAL_SURFACE('',#7150,0.008,0.982793723247328);
#16=CONICAL_SURFACE('',#7493,0.005,0.785398163397448);
#17=CONICAL_SURFACE('',#7495,0.0015,0.785398163397449);
#18=CONICAL_SURFACE('',#7496,0.00375,0.78539816339745);
#19=CONICAL_SURFACE('',#7497,0.0015,0.78539816339745);
#20=CONICAL_SURFACE('',#7500,0.0035,0.785398163397448);
#21=CONICAL_SURFACE('',#7502,0.0015,0.785398163397448);
#22=CONICAL_SURFACE('',#7503,0.00375,0.785398163397448);
#23=CONICAL_SURFACE('',#7504,0.0015,0.785398163397448);
#24=B_SPLINE_SURFACE_WITH_KNOTS('',1,3,((#10446,#10447,#10448,#10449,#10450,
#10451,#10452),(#10453,#10454,#10455,#10456,#10457,#10458,#10459),(#10460,
#10461,#10462,#10463,#10464,#10465,#10466)),.RULED_SURF.,.F.,.F.,.F.,(2,
1,2),(4,3,4),(-0.00601550707431052,0.,1.),(0.35224230054743,0.918710905506305,
0.972645354633634),.PIECEWISE_BEZIER_KNOTS.);
#25=B_SPLINE_SURFACE_WITH_KNOTS('',1,3,((#10489,#10490,#10491,#10492),(#10493,
#10494,#10495,#10496)),.RULED_SURF.,.F.,.F.,.F.,(2,2),(4,4),(0.,1.),(5.02232922712442,
5.39396422382124),.PIECEWISE_BEZIER_KNOTS.);
#26=B_SPLINE_SURFACE_WITH_KNOTS('',3,3,((#10586,#10587,#10588,#10589),(#10590,
#10591,#10592,#10593),(#10594,#10595,#10596,#10597),(#10598,#10599,#10600,
#10601)),.UNSPECIFIED.,.F.,.F.,.F.,(4,4),(4,4),(0.058645210416985,0.861988851406846),
(2.46499530163672,2.72697883273224),.UNSPECIFIED.);
#27=B_SPLINE_SURFACE_WITH_KNOTS('',3,3,((#10767,#10768,#10769,#10770),(#10771,
#10772,#10773,#10774),(#10775,#10776,#10777,#10778),(#10779,#10780,#10781,
#10782)),.UNSPECIFIED.,.F.,.F.,.F.,(4,4),(4,4),(0.058645210416985,0.861988851406846),
(2.46499530163672,2.72697883273224),.UNSPECIFIED.);
#28=B_SPLINE_SURFACE_WITH_KNOTS('',1,3,((#10818,#10819,#10820,#10821,#10822,
#10823,#10824),(#10825,#10826,#10827,#10828,#10829,#10830,#10831),(#10832,
#10833,#10834,#10835,#10836,#10837,#10838)),.RULED_SURF.,.F.,.F.,.F.,(2,
1,2),(4,3,4),(-0.00601550707431052,0.,1.),(0.35224230054743,0.918710905506305,
0.972645354633634),.PIECEWISE_BEZIER_KNOTS.);
#29=B_SPLINE_SURFACE_WITH_KNOTS('',1,3,((#10871,#10872,#10873,#10874),(#10875,
#10876,#10877,#10878)),.RULED_SURF.,.F.,.F.,.F.,(2,2),(4,4),(0.,1.),(5.02232922712442,
5.39396422382124),.PIECEWISE_BEZIER_KNOTS.);
#30=ELLIPSE('',#7088,0.00554940066591565,0.002);
#31=ELLIPSE('',#7099,0.00600925212577332,0.005);
#32=ELLIPSE('',#7115,0.00488646610756774,0.003);
#33=ELLIPSE('',#7129,0.00409799951195703,0.0032);
#34=ELLIPSE('',#7142,0.00554940066591565,0.002);
#35=ELLIPSE('',#7171,0.00409799951195703,0.0032);
#36=ELLIPSE('',#7173,0.00600925212577332,0.005);
#37=ELLIPSE('',#7188,0.00488646610756774,0.003);
#38=ELLIPSE('',#7196,0.00214408662092195,0.002);
#39=ELLIPSE('',#7199,0.00214408662092195,0.002);
#40=ELLIPSE('',#7206,0.00371814170348594,0.003);
#41=ELLIPSE('',#7208,0.00371814170348594,0.003);
#42=ELLIPSE('',#7245,0.00263039388462551,0.002);
#43=ELLIPSE('',#7248,0.00263252914444922,0.002);
#44=ELLIPSE('',#7253,0.00115513271501303,0.00075);
#45=ELLIPSE('',#7267,0.544314107452782,0.00075);
#46=ELLIPSE('',#7268,0.00200000189855841,0.002);
#47=ELLIPSE('',#7271,0.544314107452782,0.00075);
#48=ELLIPSE('',#7273,0.544314107452782,0.00075);
#49=ELLIPSE('',#7282,0.00200000189855841,0.002);
#50=ELLIPSE('',#7283,0.544314107452782,0.00075);
#51=ELLIPSE('',#7288,0.00263324792270394,0.002);
#52=ELLIPSE('',#7291,0.00262966608269788,0.002);
#53=ELLIPSE('',#7297,0.8709025719256,0.0012);
#54=ELLIPSE('',#7300,0.8709025719256,0.0012);
#55=ELLIPSE('',#7321,0.00768698229051553,0.003);
#56=ELLIPSE('',#7329,0.00768698229051553,0.003);
#57=ELLIPSE('',#7370,0.00100000094927921,0.001);
#58=ELLIPSE('',#7373,0.00100000094927921,0.001);
#59=ELLIPSE('',#7381,0.00210000199348634,0.0021);
#60=ELLIPSE('',#7382,0.00210000199348634,0.0021);
#61=B_SPLINE_CURVE_WITH_KNOTS('',3,(#9950,#9951,#9952,#9953),
 .UNSPECIFIED.,.F.,.F.,(4,4),(0.,0.000479108407689573),.UNSPECIFIED.);
#62=B_SPLINE_CURVE_WITH_KNOTS('',3,(#9976,#9977,#9978,#9979),
 .UNSPECIFIED.,.F.,.F.,(4,4),(0.000820356444885791,0.00122400747725586),
 .UNSPECIFIED.);
#63=B_SPLINE_CURVE_WITH_KNOTS('',3,(#10071,#10072,#10073,#10074),
 .UNSPECIFIED.,.F.,.F.,(4,4),(0.,0.000368151184368122),.UNSPECIFIED.);
#64=B_SPLINE_CURVE_WITH_KNOTS('',3,(#10081,#10082,#10083,#10084),
 .UNSPECIFIED.,.F.,.F.,(4,4),(0.,0.000313013279689514),.UNSPECIFIED.);
#65=B_SPLINE_CURVE_WITH_KNOTS('',3,(#10273,#10274,#10275,#10276),
 .UNSPECIFIED.,.F.,.F.,(4,4),(0.,1.),.UNSPECIFIED.);
#66=B_SPLINE_CURVE_WITH_KNOTS('',3,(#10415,#10416,#10417,#10418,#10419,
#10420),.UNSPECIFIED.,.F.,.F.,(4,1,1,4),(9.93608670670458E-5,0.490388380936334,
0.735532890970968,0.980677401005601),.UNSPECIFIED.);
#67=B_SPLINE_CURVE_WITH_KNOTS('',3,(#10422,#10423,#10424,#10425,#10426,
#10427,#10428,#10429,#10430,#10431,#10432,#10433,#10434,#10435),
 .UNSPECIFIED.,.F.,.F.,(4,1,1,1,1,1,1,1,1,1,1,4),(4.46572182150183E-8,0.125000039075066,
0.250000033492914,0.375000027910761,0.437500025119685,0.468750023724147,
0.500000022328609,0.531250020933071,0.562500019537533,0.625000016746457,
0.750000011164305,1.),.UNSPECIFIED.);
#68=B_SPLINE_CURVE_WITH_KNOTS('',3,(#10437,#10438,#10439,#10440),
 .UNSPECIFIED.,.F.,.F.,(4,4),(0.,0.00322954322072787),.UNSPECIFIED.);
#69=B_SPLINE_CURVE_WITH_KNOTS('',3,(#10467,#10468,#10469,#10470),
 .UNSPECIFIED.,.F.,.F.,(4,4),(0.290082340091086,0.99999998377254),
 .UNSPECIFIED.);
#70=B_SPLINE_CURVE_WITH_KNOTS('',3,(#10473,#10474,#10475,#10476,#10477,
#10478,#10479,#10480,#10481),.UNSPECIFIED.,.F.,.F.,(4,1,1,1,1,1,4),(0.,
0.249997249512636,0.374995874268954,0.499994499025272,0.62499312378159,
0.749991748537908,0.999988998050545),.UNSPECIFIED.);
#71=B_SPLINE_CURVE_WITH_KNOTS('',3,(#10482,#10483,#10484,#10485,#10486,
#10487,#10488),.UNSPECIFIED.,.F.,.F.,(4,1,1,1,4),(0.,0.00170199874219517,
0.00340399748439034,0.00510599622658552,0.00680799496878069),
 .UNSPECIFIED.);
#72=B_SPLINE_CURVE_WITH_KNOTS('',3,(#10497,#10498,#10499,#10500),
 .UNSPECIFIED.,.F.,.F.,(4,4),(1.08873434780623E-5,1.),.UNSPECIFIED.);
#73=B_SPLINE_CURVE_WITH_KNOTS('',3,(#10502,#10503,#10504,#10505),
 .UNSPECIFIED.,.F.,.F.,(4,4),(0.,1.),.UNSPECIFIED.);
#74=B_SPLINE_CURVE_WITH_KNOTS('',3,(#10507,#10508,#10509,#10510,#10511,
#10512,#10513,#10514,#10515,#10516,#10517,#10518,#10519,#10520,#10521,#10522,
#10523,#10524,#10525,#10526,#10527),.UNSPECIFIED.,.T.,.F.,(1,1,1,1,1,1,
1,1,1,1,1,1,1,1,1,1,1,1,1,1,1,1,1,1,1),(-0.00166024871450838,-0.000830124357254188,
-0.000415062178627093,0.,0.000415062178627094,0.000830124357254188,0.00166024871450838,
0.00249037307176256,0.00332049742901675,0.00415062178627094,0.00498074614352513,
0.00581087050077932,0.00664099485803351,0.00747111921528769,0.00830124357254188,
0.00913136792979607,0.00996149228705026,0.0107916166443044,0.0116217410015586,
0.0124518653588128,0.0128669275374399,0.013281989716067,0.0136970518946941,
0.0141121140733212,0.0149422384305754),.UNSPECIFIED.);
#75=B_SPLINE_CURVE_WITH_KNOTS('',3,(#10558,#10559,#10560,#10561),
 .UNSPECIFIED.,.F.,.F.,(4,4),(9.94056518513952E-7,0.00217081095024047),
 .UNSPECIFIED.);
#76=B_SPLINE_CURVE_WITH_KNOTS('',3,(#10566,#10567,#10568,#10569),
 .UNSPECIFIED.,.F.,.F.,(4,4),(0.,0.00317378480299884),.UNSPECIFIED.);
#77=B_SPLINE_CURVE_WITH_KNOTS('',3,(#10602,#10603,#10604,#10605),
 .UNSPECIFIED.,.F.,.F.,(4,4),(0.,0.00347998236676153),.UNSPECIFIED.);
#78=B_SPLINE_CURVE_WITH_KNOTS('',3,(#10608,#10609,#10610,#10611,#10612,
#10613,#10614),.UNSPECIFIED.,.F.,.F.,(4,1,1,1,4),(8.22663231050965E-16,
0.00129410441313676,0.0025882088262727,0.00388231323940864,0.00517641765254457),
 .UNSPECIFIED.);
#79=B_SPLINE_CURVE_WITH_KNOTS('',3,(#10616,#10617,#10618,#10619),
 .UNSPECIFIED.,.F.,.F.,(4,4),(0.00288447808800865,0.00376274068643377),
 .UNSPECIFIED.);
#80=B_SPLINE_CURVE_WITH_KNOTS('',3,(#10621,#10622,#10623,#10624),
 .UNSPECIFIED.,.F.,.F.,(4,4),(1.73472347597681E-18,0.00291392634923813),
 .UNSPECIFIED.);
#81=B_SPLINE_CURVE_WITH_KNOTS('',3,(#10626,#10627,#10628,#10629,#10630,
#10631,#10632,#10633),.UNSPECIFIED.,.F.,.F.,(4,1,1,1,1,4),(0.,0.00129926447946878,
0.00259852895893756,0.00389779343840633,0.00454742567814072,0.00519705791787511),
 .UNSPECIFIED.);
#82=B_SPLINE_CURVE_WITH_KNOTS('',3,(#10702,#10703,#10704,#10705,#10706,
#10707,#10708,#10709,#10710,#10711,#10712,#10713,#10714,#10715,#10716,#10717,
#10718,#10719,#10720,#10721,#10722),.UNSPECIFIED.,.T.,.F.,(1,1,1,1,1,1,
1,1,1,1,1,1,1,1,1,1,1,1,1,1,1,1,1,1,1),(-0.00166024871450834,-0.000830124357254172,
-0.000415062178627086,0.,0.000415062178627086,0.000830124357254171,0.00166024871450834,
0.00249037307176251,0.00332049742901668,0.00415062178627086,0.00498074614352503,
0.0058108705007792,0.00664099485803337,0.00747111921528754,0.00830124357254171,
0.00913136792979588,0.00996149228705005,0.0107916166443042,0.0116217410015584,
0.0124518653588126,0.0128669275374397,0.0132819897160667,0.0136970518946938,
0.0141121140733209,0.0149422384305751),.UNSPECIFIED.);
#83=B_SPLINE_CURVE_WITH_KNOTS('',3,(#10735,#10736,#10737,#10738),
 .UNSPECIFIED.,.F.,.F.,(4,4),(0.29008234009108,0.999999983772536),
 .UNSPECIFIED.);
#84=B_SPLINE_CURVE_WITH_KNOTS('',3,(#10740,#10741,#10742,#10743),
 .UNSPECIFIED.,.F.,.F.,(4,4),(1.08873434732536E-5,1.),.UNSPECIFIED.);
#85=B_SPLINE_CURVE_WITH_KNOTS('',3,(#10747,#10748,#10749,#10750),
 .UNSPECIFIED.,.F.,.F.,(4,4),(0.0036237578321228,0.00578678584984881),
 .UNSPECIFIED.);
#86=B_SPLINE_CURVE_WITH_KNOTS('',3,(#10758,#10759,#10760,#10761),
 .UNSPECIFIED.,.F.,.F.,(4,4),(0.,0.00317378480299885),.UNSPECIFIED.);
#87=B_SPLINE_CURVE_WITH_KNOTS('',3,(#10783,#10784,#10785,#10786),
 .UNSPECIFIED.,.F.,.F.,(4,4),(0.,0.00347998236676153),.UNSPECIFIED.);
#88=B_SPLINE_CURVE_WITH_KNOTS('',3,(#10789,#10790,#10791,#10792,#10793,
#10794,#10795,#10796),.UNSPECIFIED.,.F.,.F.,(4,1,1,1,1,4),(0.,0.00129926447946878,
0.00259852895893756,0.00389779343840633,0.00454742567814072,0.00519705791787511),
 .UNSPECIFIED.);
#89=B_SPLINE_CURVE_WITH_KNOTS('',3,(#10798,#10799,#10800,#10801),
 .UNSPECIFIED.,.F.,.F.,(4,4),(1.73472347597681E-18,0.00291392634923813),
 .UNSPECIFIED.);
#90=B_SPLINE_CURVE_WITH_KNOTS('',3,(#10803,#10804,#10805,#10806),
 .UNSPECIFIED.,.F.,.F.,(4,4),(0.00288447808800865,0.00376274068643378),
 .UNSPECIFIED.);
#91=B_SPLINE_CURVE_WITH_KNOTS('',3,(#10808,#10809,#10810,#10811,#10812,
#10813,#10814),.UNSPECIFIED.,.F.,.F.,(4,1,1,1,4),(8.22663231050965E-16,
0.00129410441313676,0.0025882088262727,0.00388231323940864,0.00517641765254457),
 .UNSPECIFIED.);
#92=B_SPLINE_CURVE_WITH_KNOTS('',3,(#10839,#10840,#10841,#10842,#10843,
#10844,#10845),.UNSPECIFIED.,.F.,.F.,(4,1,1,1,4),(0.,0.00170199874219517,
0.00340399748439034,0.00510599622658552,0.00680799496878069),
 .UNSPECIFIED.);
#93=B_SPLINE_CURVE_WITH_KNOTS('',3,(#10847,#10848,#10849,#10850,#10851,
#10852),.UNSPECIFIED.,.F.,.F.,(4,1,1,4),(0.,0.4903387005028,0.735508050754201,
0.980677401005601),.UNSPECIFIED.);
#94=B_SPLINE_CURVE_WITH_KNOTS('',3,(#10854,#10855,#10856,#10857,#10858,
#10859,#10860),.UNSPECIFIED.,.F.,.F.,(4,3,4),(0.319308215549425,0.918710905506305,
0.972645354633634),.PIECEWISE_BEZIER_KNOTS.);
#95=B_SPLINE_CURVE_WITH_KNOTS('',3,(#10862,#10863,#10864,#10865,#10866,
#10867,#10868,#10869,#10870),.UNSPECIFIED.,.F.,.F.,(4,1,1,1,1,1,4),(0.,
0.249997249512636,0.374995874268954,0.499994499025272,0.62499312378159,
0.749991748537908,0.999988998050545),.UNSPECIFIED.);
#96=B_SPLINE_CURVE_WITH_KNOTS('',3,(#10879,#10880,#10881,#10882),
 .UNSPECIFIED.,.F.,.F.,(4,4),(0.,0.00322954322072787),.UNSPECIFIED.);
#97=B_SPLINE_CURVE_WITH_KNOTS('',3,(#10884,#10885,#10886,#10887),
 .UNSPECIFIED.,.F.,.F.,(4,4),(0.,1.),.UNSPECIFIED.);
#98=B_SPLINE_CURVE_WITH_KNOTS('',3,(#10889,#10890,#10891,#10892),
 .UNSPECIFIED.,.F.,.F.,(4,4),(0.,1.),.UNSPECIFIED.);
#99=B_SPLINE_CURVE_WITH_KNOTS('',3,(#11165,#11166,#11167,#11168),
 .UNSPECIFIED.,.F.,.F.,(4,4),(0.,0.00145831851082917),.UNSPECIFIED.);
#100=B_SPLINE_CURVE_WITH_KNOTS('',3,(#11170,#11171,#11172,#11173,#11174),
 .UNSPECIFIED.,.F.,.F.,(4,1,4),(0.,0.000331181896286624,0.000662363792573248),
 .UNSPECIFIED.);
#101=B_SPLINE_CURVE_WITH_KNOTS('',3,(#11209,#11210,#11211,#11212,#11213),
 .UNSPECIFIED.,.F.,.F.,(4,1,4),(0.,0.000406118157671882,0.000812236315343765),
 .UNSPECIFIED.);
#102=B_SPLINE_CURVE_WITH_KNOTS('',3,(#11217,#11218,#11219,#11220),
 .UNSPECIFIED.,.F.,.F.,(4,4),(0.,0.00162744231185996),.UNSPECIFIED.);
#103=B_SPLINE_CURVE_WITH_KNOTS('',3,(#11230,#11231,#11232,#11233),
 .UNSPECIFIED.,.F.,.F.,(4,4),(-0.000215492790023236,0.000216524573753554),
 .UNSPECIFIED.);
#104=B_SPLINE_CURVE_WITH_KNOTS('',3,(#11235,#11236,#11237,#11238),
 .UNSPECIFIED.,.F.,.F.,(4,4),(-0.000152458945862752,0.000153586855590733),
 .UNSPECIFIED.);
#105=B_SPLINE_CURVE_WITH_KNOTS('',3,(#11351,#11352,#11353,#11354),
 .UNSPECIFIED.,.F.,.F.,(4,4),(1.90029435765254E-17,0.000782240379052696),
 .UNSPECIFIED.);
#106=B_SPLINE_CURVE_WITH_KNOTS('',3,(#11375,#11376,#11377,#11378),
 .UNSPECIFIED.,.F.,.F.,(4,4),(4.99947911605149E-14,0.000782240379570779),
 .UNSPECIFIED.);
#107=B_SPLINE_CURVE_WITH_KNOTS('',3,(#11422,#11423,#11424,#11425,#11426),
 .UNSPECIFIED.,.F.,.F.,(4,1,4),(0.,0.000460322754577574,0.000920645509155147),
 .UNSPECIFIED.);
#108=CYLINDRICAL_SURFACE('',#6915,0.00250000000000014);
#109=CYLINDRICAL_SURFACE('',#6923,0.0025);
#110=CYLINDRICAL_SURFACE('',#7004,0.00592520670753166);
#111=CYLINDRICAL_SURFACE('',#7008,0.0045655597899771);
#112=CYLINDRICAL_SURFACE('',#7030,0.00584101104504388);
#113=CYLINDRICAL_SURFACE('',#7033,0.00447136564054396);
#114=CYLINDRICAL_SURFACE('',#7042,0.00250000000000014);
#115=CYLINDRICAL_SURFACE('',#7083,0.005);
#116=CYLINDRICAL_SURFACE('',#7096,0.001375);
#117=CYLINDRICAL_SURFACE('',#7103,0.0016);
#118=CYLINDRICAL_SURFACE('',#7116,0.005);
#119=CYLINDRICAL_SURFACE('',#7118,0.002);
#120=CYLINDRICAL_SURFACE('',#7122,0.003);
#121=CYLINDRICAL_SURFACE('',#7124,0.00225);
#122=CYLINDRICAL_SURFACE('',#7126,0.003);
#123=CYLINDRICAL_SURFACE('',#7130,0.005);
#124=CYLINDRICAL_SURFACE('',#7134,0.005);
#125=CYLINDRICAL_SURFACE('',#7136,0.0223586579649686);
#126=CYLINDRICAL_SURFACE('',#7137,0.0032);
#127=CYLINDRICAL_SURFACE('',#7140,0.0205586579649686);
#128=CYLINDRICAL_SURFACE('',#7143,0.0205586579649686);
#129=CYLINDRICAL_SURFACE('',#7146,0.0016);
#130=CYLINDRICAL_SURFACE('',#7154,0.002);
#131=CYLINDRICAL_SURFACE('',#7156,0.005);
#132=CYLINDRICAL_SURFACE('',#7163,0.005);
#133=CYLINDRICAL_SURFACE('',#7167,0.001375);
#134=CYLINDRICAL_SURFACE('',#7168,0.003);
#135=CYLINDRICAL_SURFACE('',#7172,0.005);
#136=CYLINDRICAL_SURFACE('',#7175,0.0032);
#137=CYLINDRICAL_SURFACE('',#7177,0.0223586579649686);
#138=CYLINDRICAL_SURFACE('',#7181,0.00225);
#139=CYLINDRICAL_SURFACE('',#7184,0.003);
#140=CYLINDRICAL_SURFACE('',#7216,0.002);
#141=CYLINDRICAL_SURFACE('',#7217,0.002);
#142=CYLINDRICAL_SURFACE('',#7218,0.001);
#143=CYLINDRICAL_SURFACE('',#7220,0.0005);
#144=CYLINDRICAL_SURFACE('',#7222,0.0005);
#145=CYLINDRICAL_SURFACE('',#7224,0.001);
#146=CYLINDRICAL_SURFACE('',#7226,0.0005);
#147=CYLINDRICAL_SURFACE('',#7229,0.0005);
#148=CYLINDRICAL_SURFACE('',#7232,0.0005);
#149=CYLINDRICAL_SURFACE('',#7237,0.002);
#150=CYLINDRICAL_SURFACE('',#7239,0.002);
#151=CYLINDRICAL_SURFACE('',#7240,0.002);
#152=CYLINDRICAL_SURFACE('',#7242,0.002);
#153=CYLINDRICAL_SURFACE('',#7243,0.002);
#154=CYLINDRICAL_SURFACE('',#7246,0.002);
#155=CYLINDRICAL_SURFACE('',#7254,0.002);
#156=CYLINDRICAL_SURFACE('',#7269,0.002);
#157=CYLINDRICAL_SURFACE('',#7274,0.002);
#158=CYLINDRICAL_SURFACE('',#7275,0.002);
#159=CYLINDRICAL_SURFACE('',#7284,0.002);
#160=CYLINDRICAL_SURFACE('',#7285,0.002);
#161=CYLINDRICAL_SURFACE('',#7286,0.002);
#162=CYLINDRICAL_SURFACE('',#7292,0.002);
#163=CYLINDRICAL_SURFACE('',#7293,0.002);
#164=CYLINDRICAL_SURFACE('',#7294,0.0012);
#165=CYLINDRICAL_SURFACE('',#7298,0.0012);
#166=CYLINDRICAL_SURFACE('',#7302,0.003);
#167=CYLINDRICAL_SURFACE('',#7303,0.001);
#168=CYLINDRICAL_SURFACE('',#7306,0.001);
#169=CYLINDRICAL_SURFACE('',#7319,0.0310000000000321);
#170=CYLINDRICAL_SURFACE('',#7330,0.0310000000000321);
#171=CYLINDRICAL_SURFACE('',#7331,0.003);
#172=CYLINDRICAL_SURFACE('',#7332,0.003);
#173=CYLINDRICAL_SURFACE('',#7337,0.002);
#174=CYLINDRICAL_SURFACE('',#7346,0.00075);
#175=CYLINDRICAL_SURFACE('',#7347,0.00075);
#176=CYLINDRICAL_SURFACE('',#7348,0.00075);
#177=CYLINDRICAL_SURFACE('',#7349,0.00075);
#178=CYLINDRICAL_SURFACE('',#7350,0.003);
#179=CYLINDRICAL_SURFACE('',#7351,0.003);
#180=CYLINDRICAL_SURFACE('',#7352,0.001375);
#181=CYLINDRICAL_SURFACE('',#7354,0.002);
#182=CYLINDRICAL_SURFACE('',#7355,0.001375);
#183=CYLINDRICAL_SURFACE('',#7357,0.002);
#184=CYLINDRICAL_SURFACE('',#7358,0.003);
#185=CYLINDRICAL_SURFACE('',#7359,0.003);
#186=CYLINDRICAL_SURFACE('',#7360,0.003);
#187=CYLINDRICAL_SURFACE('',#7368,0.0012);
#188=CYLINDRICAL_SURFACE('',#7369,0.001);
#189=CYLINDRICAL_SURFACE('',#7372,0.001);
#190=CYLINDRICAL_SURFACE('',#7374,0.0012);
#191=CYLINDRICAL_SURFACE('',#7375,0.0012);
#192=CYLINDRICAL_SURFACE('',#7376,0.0012);
#193=CYLINDRICAL_SURFACE('',#7377,0.0012);
#194=CYLINDRICAL_SURFACE('',#7378,0.001);
#195=CYLINDRICAL_SURFACE('',#7379,0.001);
#196=CYLINDRICAL_SURFACE('',#7383,0.0021);
#197=CYLINDRICAL_SURFACE('',#7386,0.0021);
#198=CYLINDRICAL_SURFACE('',#7390,0.001);
#199=CYLINDRICAL_SURFACE('',#7394,0.001);
#200=CYLINDRICAL_SURFACE('',#7395,0.001);
#201=CYLINDRICAL_SURFACE('',#7401,0.00250000000000014);
#202=CYLINDRICAL_SURFACE('',#7415,0.002);
#203=CYLINDRICAL_SURFACE('',#7418,0.002);
#204=CYLINDRICAL_SURFACE('',#7419,0.00049);
#205=CYLINDRICAL_SURFACE('',#7423,0.00049);
#206=CYLINDRICAL_SURFACE('',#7424,0.00049);
#207=CYLINDRICAL_SURFACE('',#7428,0.00049);
#208=CYLINDRICAL_SURFACE('',#7439,0.0014);
#209=CYLINDRICAL_SURFACE('',#7442,0.0014);
#210=CYLINDRICAL_SURFACE('',#7445,0.0014);
#211=CYLINDRICAL_SURFACE('',#7448,0.0014);
#212=CYLINDRICAL_SURFACE('',#7451,0.0026);
#213=CYLINDRICAL_SURFACE('',#7456,0.0025);
#214=CYLINDRICAL_SURFACE('',#7457,0.0025);
#215=CYLINDRICAL_SURFACE('',#7461,0.0029);
#216=CYLINDRICAL_SURFACE('',#7464,0.001);
#217=CYLINDRICAL_SURFACE('',#7465,0.001);
#218=CYLINDRICAL_SURFACE('',#7468,0.0029);
#219=CYLINDRICAL_SURFACE('',#7478,0.002);
#220=CYLINDRICAL_SURFACE('',#7479,0.002);
#221=CYLINDRICAL_SURFACE('',#7484,0.002);
#222=CYLINDRICAL_SURFACE('',#7485,0.002);
#223=CYLINDRICAL_SURFACE('',#7486,0.0021);
#224=CYLINDRICAL_SURFACE('',#7487,0.0021);
#225=CYLINDRICAL_SURFACE('',#7488,0.0007);
#226=CYLINDRICAL_SURFACE('',#7489,0.0007);
#227=CYLINDRICAL_SURFACE('',#7490,0.0007);
#228=CYLINDRICAL_SURFACE('',#7491,0.0007);
#229=CYLINDRICAL_SURFACE('',#7510,0.0024);
#230=CYLINDRICAL_SURFACE('',#7511,0.0024);
#231=CIRCLE('',#6914,0.00250000000000014);
#232=CIRCLE('',#6916,0.00250000000000014);
#233=CIRCLE('',#6921,0.0025);
#234=CIRCLE('',#6924,0.0025);
#235=CIRCLE('',#6926,0.0015);
#236=CIRCLE('',#6927,0.00375);
#237=CIRCLE('',#6928,0.0015);
#238=CIRCLE('',#6929,0.0035);
#239=CIRCLE('',#6930,0.002);
#240=CIRCLE('',#6931,0.00049);
#241=CIRCLE('',#6932,0.00049);
#242=CIRCLE('',#6933,0.001);
#243=CIRCLE('',#6934,0.001);
#244=CIRCLE('',#6935,0.0035);
#245=CIRCLE('',#6936,0.0015);
#246=CIRCLE('',#6937,0.00375);
#247=CIRCLE('',#6938,0.0015);
#248=CIRCLE('',#6939,0.00447136564054396);
#249=CIRCLE('',#6940,0.002);
#250=CIRCLE('',#6941,0.002);
#251=CIRCLE('',#6942,0.0012);
#252=CIRCLE('',#6943,0.0012);
#253=CIRCLE('',#6944,0.001);
#254=CIRCLE('',#6945,0.003);
#255=CIRCLE('',#6946,0.002);
#256=CIRCLE('',#6947,0.003);
#257=CIRCLE('',#6948,0.003);
#258=CIRCLE('',#6949,0.002);
#259=CIRCLE('',#6950,0.003);
#260=CIRCLE('',#6951,0.001);
#261=CIRCLE('',#6952,0.0012);
#262=CIRCLE('',#6953,0.0012);
#263=CIRCLE('',#6954,0.002);
#264=CIRCLE('',#6955,0.002);
#265=CIRCLE('',#6956,0.0045655597899771);
#266=CIRCLE('',#6957,0.001);
#267=CIRCLE('',#6958,0.0005);
#268=CIRCLE('',#6959,0.0005);
#269=CIRCLE('',#6960,0.0005);
#270=CIRCLE('',#6961,0.0005);
#271=CIRCLE('',#6962,0.0005);
#272=CIRCLE('',#6963,0.001);
#273=CIRCLE('',#6965,0.00250000000000014);
#274=CIRCLE('',#6973,0.0025);
#275=CIRCLE('',#6975,0.0025);
#276=CIRCLE('',#6977,0.0025);
#277=CIRCLE('',#6979,0.001);
#278=CIRCLE('',#6980,0.0029);
#279=CIRCLE('',#6981,0.0026);
#280=CIRCLE('',#6982,0.001);
#281=CIRCLE('',#6983,0.001);
#282=CIRCLE('',#6984,0.0029);
#283=CIRCLE('',#6986,0.001);
#284=CIRCLE('',#6987,0.0029);
#285=CIRCLE('',#6988,0.0026);
#286=CIRCLE('',#6989,0.001);
#287=CIRCLE('',#6990,0.001);
#288=CIRCLE('',#6991,0.001);
#289=CIRCLE('',#6992,0.001);
#290=CIRCLE('',#6993,0.001);
#291=CIRCLE('',#6994,0.001);
#292=CIRCLE('',#6995,0.0029);
#293=CIRCLE('',#6997,0.001375);
#294=CIRCLE('',#6998,0.0045655597899771);
#295=CIRCLE('',#6999,0.00592520670753166);
#296=CIRCLE('',#7000,0.003);
#297=CIRCLE('',#7001,0.003);
#298=CIRCLE('',#7002,0.00225);
#299=CIRCLE('',#7003,0.003);
#300=CIRCLE('',#7005,0.00592520670753195);
#301=CIRCLE('',#7007,0.00075);
#302=CIRCLE('',#7010,0.0012);
#303=CIRCLE('',#7011,0.0012);
#304=CIRCLE('',#7012,0.001);
#305=CIRCLE('',#7013,0.003);
#306=CIRCLE('',#7014,0.002);
#307=CIRCLE('',#7015,0.003);
#308=CIRCLE('',#7016,0.003);
#309=CIRCLE('',#7017,0.002);
#310=CIRCLE('',#7018,0.003);
#311=CIRCLE('',#7019,0.001);
#312=CIRCLE('',#7020,0.0012);
#313=CIRCLE('',#7021,0.0012);
#314=CIRCLE('',#7022,0.0012);
#315=CIRCLE('',#7023,0.002);
#316=CIRCLE('',#7024,0.002);
#317=CIRCLE('',#7025,0.002);
#318=CIRCLE('',#7026,0.002);
#319=CIRCLE('',#7027,0.001375);
#320=CIRCLE('',#7028,0.001375);
#321=CIRCLE('',#7031,0.00584101104504388);
#322=CIRCLE('',#7032,0.00584101104504388);
#323=CIRCLE('',#7034,0.00447136564054396);
#324=CIRCLE('',#7043,0.00250000000000014);
#325=CIRCLE('',#7044,0.00250000000000014);
#326=CIRCLE('',#7055,0.002);
#327=CIRCLE('',#7056,0.002);
#328=CIRCLE('',#7057,0.002);
#329=CIRCLE('',#7058,0.002);
#330=CIRCLE('',#7059,0.002);
#331=CIRCLE('',#7060,0.002);
#332=CIRCLE('',#7061,0.002);
#333=CIRCLE('',#7062,0.002);
#334=CIRCLE('',#7063,0.002);
#335=CIRCLE('',#7064,0.002);
#336=CIRCLE('',#7072,0.0014);
#337=CIRCLE('',#7073,0.0014);
#338=CIRCLE('',#7074,0.005);
#339=CIRCLE('',#7075,0.0205586579649686);
#340=CIRCLE('',#7076,0.0032);
#341=CIRCLE('',#7077,0.0223586579649686);
#342=CIRCLE('',#7079,0.005);
#343=CIRCLE('',#7081,0.003);
#344=CIRCLE('',#7082,0.003);
#345=CIRCLE('',#7084,0.005);
#346=CIRCLE('',#7095,0.001375);
#347=CIRCLE('',#7097,0.001375);
#348=CIRCLE('',#7101,0.002);
#349=CIRCLE('',#7102,0.0016);
#350=CIRCLE('',#7106,0.003);
#351=CIRCLE('',#7107,0.00225);
#352=CIRCLE('',#7108,0.003);
#353=CIRCLE('',#7109,0.003);
#354=CIRCLE('',#7111,0.005);
#355=CIRCLE('',#7117,0.005);
#356=CIRCLE('',#7119,0.002);
#357=CIRCLE('',#7121,0.0205586579649686);
#358=CIRCLE('',#7123,0.003);
#359=CIRCLE('',#7125,0.00225);
#360=CIRCLE('',#7127,0.003);
#361=CIRCLE('',#7131,0.005);
#362=CIRCLE('',#7144,0.0205586579649686);
#363=CIRCLE('',#7145,0.0205586579649686);
#364=CIRCLE('',#7147,0.0016);
#365=CIRCLE('',#7149,0.002);
#366=CIRCLE('',#7151,0.005);
#367=CIRCLE('',#7153,0.001375);
#368=CIRCLE('',#7155,0.002);
#369=CIRCLE('',#7157,0.005);
#370=CIRCLE('',#7164,0.005);
#371=CIRCLE('',#7166,0.005);
#372=CIRCLE('',#7169,0.003);
#373=CIRCLE('',#7176,0.0032);
#374=CIRCLE('',#7178,0.0223586579649686);
#375=CIRCLE('',#7182,0.00225);
#376=CIRCLE('',#7185,0.003);
#377=CIRCLE('',#7190,0.0014);
#378=CIRCLE('',#7191,0.0014);
#379=CIRCLE('',#7195,0.002);
#380=CIRCLE('',#7197,0.003);
#381=CIRCLE('',#7198,0.003);
#382=CIRCLE('',#7200,0.001);
#383=CIRCLE('',#7201,0.001);
#384=CIRCLE('',#7212,0.0310000000000321);
#385=CIRCLE('',#7214,0.0310000000000321);
#386=CIRCLE('',#7219,0.001);
#387=CIRCLE('',#7221,0.0005);
#388=CIRCLE('',#7223,0.0005);
#389=CIRCLE('',#7225,0.001);
#390=CIRCLE('',#7227,0.0005);
#391=CIRCLE('',#7230,0.0005);
#392=CIRCLE('',#7233,0.0005);
#393=CIRCLE('',#7251,0.00075);
#394=CIRCLE('',#7256,0.0024);
#395=CIRCLE('',#7260,0.0024);
#396=CIRCLE('',#7262,0.0007);
#397=CIRCLE('',#7263,0.0007);
#398=CIRCLE('',#7264,0.0021);
#399=CIRCLE('',#7265,0.002);
#400=CIRCLE('',#7266,0.002);
#401=CIRCLE('',#7277,0.0007);
#402=CIRCLE('',#7278,0.0007);
#403=CIRCLE('',#7279,0.0021);
#404=CIRCLE('',#7280,0.002);
#405=CIRCLE('',#7281,0.002);
#406=CIRCLE('',#7295,0.0012);
#407=CIRCLE('',#7296,0.0012);
#408=CIRCLE('',#7299,0.0012);
#409=CIRCLE('',#7301,0.0012);
#410=CIRCLE('',#7304,0.001);
#411=CIRCLE('',#7307,0.001);
#412=CIRCLE('',#7317,0.00151);
#413=CIRCLE('',#7318,0.002);
#414=CIRCLE('',#7324,0.0024);
#415=CIRCLE('',#7327,0.0024);
#416=CIRCLE('',#7335,0.002);
#417=CIRCLE('',#7336,0.00151);
#418=CIRCLE('',#7340,0.00049);
#419=CIRCLE('',#7341,0.00049);
#420=CIRCLE('',#7353,0.001375);
#421=CIRCLE('',#7356,0.001375);
#422=CIRCLE('',#7384,0.0021);
#423=CIRCLE('',#7387,0.0021);
#424=CIRCLE('',#7397,0.0025);
#425=CIRCLE('',#7402,0.00250000000000014);
#426=CIRCLE('',#7407,0.0007);
#427=CIRCLE('',#7408,0.0007);
#428=CIRCLE('',#7409,0.0021);
#429=CIRCLE('',#7410,0.002);
#430=CIRCLE('',#7411,0.002);
#431=CIRCLE('',#7416,0.002);
#432=CIRCLE('',#7417,0.002);
#433=CIRCLE('',#7420,0.00049);
#434=CIRCLE('',#7422,0.00049);
#435=CIRCLE('',#7425,0.00049);
#436=CIRCLE('',#7427,0.00049);
#437=CIRCLE('',#7440,0.0014);
#438=CIRCLE('',#7443,0.0014);
#439=CIRCLE('',#7446,0.0014);
#440=CIRCLE('',#7449,0.0014);
#441=CIRCLE('',#7472,0.0007);
#442=CIRCLE('',#7473,0.0007);
#443=CIRCLE('',#7474,0.0021);
#444=CIRCLE('',#7475,0.002);
#445=CIRCLE('',#7476,0.002);
#446=ORIENTED_EDGE('',*,*,#2420,.F.);
#447=ORIENTED_EDGE('',*,*,#2421,.T.);
#448=ORIENTED_EDGE('',*,*,#2422,.T.);
#449=ORIENTED_EDGE('',*,*,#2423,.T.);
#450=ORIENTED_EDGE('',*,*,#2424,.F.);
#451=ORIENTED_EDGE('',*,*,#2425,.T.);
#452=ORIENTED_EDGE('',*,*,#2426,.T.);
#453=ORIENTED_EDGE('',*,*,#2427,.F.);
#454=ORIENTED_EDGE('',*,*,#2422,.F.);
#455=ORIENTED_EDGE('',*,*,#2428,.T.);
#456=ORIENTED_EDGE('',*,*,#2427,.T.);
#457=ORIENTED_EDGE('',*,*,#2429,.T.);
#458=ORIENTED_EDGE('',*,*,#2430,.F.);
#459=ORIENTED_EDGE('',*,*,#2420,.T.);
#460=ORIENTED_EDGE('',*,*,#2431,.T.);
#461=ORIENTED_EDGE('',*,*,#2432,.F.);
#462=ORIENTED_EDGE('',*,*,#2433,.T.);
#463=ORIENTED_EDGE('',*,*,#2434,.T.);
#464=ORIENTED_EDGE('',*,*,#2435,.F.);
#465=ORIENTED_EDGE('',*,*,#2436,.F.);
#466=ORIENTED_EDGE('',*,*,#2437,.F.);
#467=ORIENTED_EDGE('',*,*,#2438,.T.);
#468=ORIENTED_EDGE('',*,*,#2439,.F.);
#469=ORIENTED_EDGE('',*,*,#2440,.F.);
#470=ORIENTED_EDGE('',*,*,#2441,.F.);
#471=ORIENTED_EDGE('',*,*,#2442,.T.);
#472=ORIENTED_EDGE('',*,*,#2443,.T.);
#473=ORIENTED_EDGE('',*,*,#2425,.F.);
#474=ORIENTED_EDGE('',*,*,#2444,.F.);
#475=ORIENTED_EDGE('',*,*,#2445,.T.);
#476=ORIENTED_EDGE('',*,*,#2446,.T.);
#477=ORIENTED_EDGE('',*,*,#2447,.T.);
#478=ORIENTED_EDGE('',*,*,#2448,.F.);
#479=ORIENTED_EDGE('',*,*,#2444,.T.);
#480=ORIENTED_EDGE('',*,*,#2449,.F.);
#481=ORIENTED_EDGE('',*,*,#2450,.F.);
#482=ORIENTED_EDGE('',*,*,#2451,.F.);
#483=ORIENTED_EDGE('',*,*,#2450,.T.);
#484=ORIENTED_EDGE('',*,*,#2452,.T.);
#485=ORIENTED_EDGE('',*,*,#2453,.F.);
#486=ORIENTED_EDGE('',*,*,#2454,.F.);
#487=ORIENTED_EDGE('',*,*,#2455,.T.);
#488=ORIENTED_EDGE('',*,*,#2456,.T.);
#489=ORIENTED_EDGE('',*,*,#2457,.T.);
#490=ORIENTED_EDGE('',*,*,#2458,.F.);
#491=ORIENTED_EDGE('',*,*,#2459,.T.);
#492=ORIENTED_EDGE('',*,*,#2460,.F.);
#493=ORIENTED_EDGE('',*,*,#2461,.T.);
#494=ORIENTED_EDGE('',*,*,#2462,.T.);
#495=ORIENTED_EDGE('',*,*,#2463,.T.);
#496=ORIENTED_EDGE('',*,*,#2464,.F.);
#497=ORIENTED_EDGE('',*,*,#2465,.F.);
#498=ORIENTED_EDGE('',*,*,#2466,.F.);
#499=ORIENTED_EDGE('',*,*,#2467,.T.);
#500=ORIENTED_EDGE('',*,*,#2468,.F.);
#501=ORIENTED_EDGE('',*,*,#2469,.F.);
#502=ORIENTED_EDGE('',*,*,#2470,.F.);
#503=ORIENTED_EDGE('',*,*,#2471,.T.);
#504=ORIENTED_EDGE('',*,*,#2472,.T.);
#505=ORIENTED_EDGE('',*,*,#2456,.F.);
#506=ORIENTED_EDGE('',*,*,#2473,.F.);
#507=ORIENTED_EDGE('',*,*,#2474,.T.);
#508=ORIENTED_EDGE('',*,*,#2475,.F.);
#509=ORIENTED_EDGE('',*,*,#2476,.T.);
#510=ORIENTED_EDGE('',*,*,#2474,.F.);
#511=ORIENTED_EDGE('',*,*,#2477,.T.);
#512=ORIENTED_EDGE('',*,*,#2478,.T.);
#513=ORIENTED_EDGE('',*,*,#2479,.T.);
#514=ORIENTED_EDGE('',*,*,#2480,.F.);
#515=ORIENTED_EDGE('',*,*,#2481,.T.);
#516=ORIENTED_EDGE('',*,*,#2482,.T.);
#517=ORIENTED_EDGE('',*,*,#2483,.F.);
#518=ORIENTED_EDGE('',*,*,#2484,.F.);
#519=ORIENTED_EDGE('',*,*,#2485,.T.);
#520=ORIENTED_EDGE('',*,*,#2486,.T.);
#521=ORIENTED_EDGE('',*,*,#2487,.T.);
#522=ORIENTED_EDGE('',*,*,#2488,.F.);
#523=ORIENTED_EDGE('',*,*,#2489,.T.);
#524=ORIENTED_EDGE('',*,*,#2490,.F.);
#525=ORIENTED_EDGE('',*,*,#2491,.F.);
#526=ORIENTED_EDGE('',*,*,#2492,.F.);
#527=ORIENTED_EDGE('',*,*,#2476,.F.);
#528=ORIENTED_EDGE('',*,*,#2493,.F.);
#529=ORIENTED_EDGE('',*,*,#2494,.T.);
#530=ORIENTED_EDGE('',*,*,#2495,.T.);
#531=ORIENTED_EDGE('',*,*,#2496,.T.);
#532=ORIENTED_EDGE('',*,*,#2497,.T.);
#533=ORIENTED_EDGE('',*,*,#2498,.T.);
#534=ORIENTED_EDGE('',*,*,#2499,.T.);
#535=ORIENTED_EDGE('',*,*,#2500,.T.);
#536=ORIENTED_EDGE('',*,*,#2501,.T.);
#537=ORIENTED_EDGE('',*,*,#2502,.T.);
#538=ORIENTED_EDGE('',*,*,#2503,.T.);
#539=ORIENTED_EDGE('',*,*,#2504,.T.);
#540=ORIENTED_EDGE('',*,*,#2505,.F.);
#541=ORIENTED_EDGE('',*,*,#2506,.F.);
#542=ORIENTED_EDGE('',*,*,#2507,.T.);
#543=ORIENTED_EDGE('',*,*,#2508,.T.);
#544=ORIENTED_EDGE('',*,*,#2509,.F.);
#545=ORIENTED_EDGE('',*,*,#2510,.T.);
#546=ORIENTED_EDGE('',*,*,#2511,.F.);
#547=ORIENTED_EDGE('',*,*,#2512,.T.);
#548=ORIENTED_EDGE('',*,*,#2513,.F.);
#549=ORIENTED_EDGE('',*,*,#2514,.T.);
#550=ORIENTED_EDGE('',*,*,#2515,.T.);
#551=ORIENTED_EDGE('',*,*,#2516,.T.);
#552=ORIENTED_EDGE('',*,*,#2517,.T.);
#553=ORIENTED_EDGE('',*,*,#2518,.T.);
#554=ORIENTED_EDGE('',*,*,#2519,.T.);
#555=ORIENTED_EDGE('',*,*,#2520,.F.);
#556=ORIENTED_EDGE('',*,*,#2521,.T.);
#557=ORIENTED_EDGE('',*,*,#2522,.F.);
#558=ORIENTED_EDGE('',*,*,#2523,.T.);
#559=ORIENTED_EDGE('',*,*,#2524,.F.);
#560=ORIENTED_EDGE('',*,*,#2525,.T.);
#561=ORIENTED_EDGE('',*,*,#2526,.T.);
#562=ORIENTED_EDGE('',*,*,#2527,.T.);
#563=ORIENTED_EDGE('',*,*,#2528,.T.);
#564=ORIENTED_EDGE('',*,*,#2529,.T.);
#565=ORIENTED_EDGE('',*,*,#2530,.T.);
#566=ORIENTED_EDGE('',*,*,#2531,.T.);
#567=ORIENTED_EDGE('',*,*,#2532,.T.);
#568=ORIENTED_EDGE('',*,*,#2533,.T.);
#569=ORIENTED_EDGE('',*,*,#2534,.F.);
#570=ORIENTED_EDGE('',*,*,#2535,.T.);
#571=ORIENTED_EDGE('',*,*,#2536,.F.);
#572=ORIENTED_EDGE('',*,*,#2537,.T.);
#573=ORIENTED_EDGE('',*,*,#2538,.F.);
#574=ORIENTED_EDGE('',*,*,#2539,.F.);
#575=ORIENTED_EDGE('',*,*,#2540,.F.);
#576=ORIENTED_EDGE('',*,*,#2541,.F.);
#577=ORIENTED_EDGE('',*,*,#2487,.F.);
#578=ORIENTED_EDGE('',*,*,#2542,.F.);
#579=ORIENTED_EDGE('',*,*,#2464,.T.);
#580=ORIENTED_EDGE('',*,*,#2543,.F.);
#581=ORIENTED_EDGE('',*,*,#2544,.T.);
#582=ORIENTED_EDGE('',*,*,#2545,.T.);
#583=ORIENTED_EDGE('',*,*,#2546,.F.);
#584=ORIENTED_EDGE('',*,*,#2547,.T.);
#585=ORIENTED_EDGE('',*,*,#2548,.F.);
#586=ORIENTED_EDGE('',*,*,#2549,.T.);
#587=ORIENTED_EDGE('',*,*,#2550,.T.);
#588=ORIENTED_EDGE('',*,*,#2551,.T.);
#589=ORIENTED_EDGE('',*,*,#2552,.T.);
#590=ORIENTED_EDGE('',*,*,#2553,.T.);
#591=ORIENTED_EDGE('',*,*,#2554,.T.);
#592=ORIENTED_EDGE('',*,*,#2555,.T.);
#593=ORIENTED_EDGE('',*,*,#2556,.T.);
#594=ORIENTED_EDGE('',*,*,#2557,.T.);
#595=ORIENTED_EDGE('',*,*,#2558,.T.);
#596=ORIENTED_EDGE('',*,*,#2559,.T.);
#597=ORIENTED_EDGE('',*,*,#2560,.T.);
#598=ORIENTED_EDGE('',*,*,#2561,.T.);
#599=ORIENTED_EDGE('',*,*,#2562,.F.);
#600=ORIENTED_EDGE('',*,*,#2563,.T.);
#601=ORIENTED_EDGE('',*,*,#2564,.T.);
#602=ORIENTED_EDGE('',*,*,#2565,.T.);
#603=ORIENTED_EDGE('',*,*,#2566,.T.);
#604=ORIENTED_EDGE('',*,*,#2435,.T.);
#605=ORIENTED_EDGE('',*,*,#2567,.T.);
#606=ORIENTED_EDGE('',*,*,#2568,.F.);
#607=ORIENTED_EDGE('',*,*,#2569,.F.);
#608=ORIENTED_EDGE('',*,*,#2570,.F.);
#609=ORIENTED_EDGE('',*,*,#2571,.F.);
#610=ORIENTED_EDGE('',*,*,#2572,.F.);
#611=ORIENTED_EDGE('',*,*,#2573,.T.);
#612=ORIENTED_EDGE('',*,*,#2574,.T.);
#613=ORIENTED_EDGE('',*,*,#2575,.T.);
#614=ORIENTED_EDGE('',*,*,#2576,.T.);
#615=ORIENTED_EDGE('',*,*,#2577,.T.);
#616=ORIENTED_EDGE('',*,*,#2578,.T.);
#617=ORIENTED_EDGE('',*,*,#2579,.T.);
#618=ORIENTED_EDGE('',*,*,#2580,.T.);
#619=ORIENTED_EDGE('',*,*,#2581,.T.);
#620=ORIENTED_EDGE('',*,*,#2582,.T.);
#621=ORIENTED_EDGE('',*,*,#2583,.T.);
#622=ORIENTED_EDGE('',*,*,#2584,.T.);
#623=ORIENTED_EDGE('',*,*,#2585,.T.);
#624=ORIENTED_EDGE('',*,*,#2586,.T.);
#625=ORIENTED_EDGE('',*,*,#2587,.F.);
#626=ORIENTED_EDGE('',*,*,#2588,.F.);
#627=ORIENTED_EDGE('',*,*,#2589,.T.);
#628=ORIENTED_EDGE('',*,*,#2590,.T.);
#629=ORIENTED_EDGE('',*,*,#2591,.T.);
#630=ORIENTED_EDGE('',*,*,#2442,.F.);
#631=ORIENTED_EDGE('',*,*,#2592,.T.);
#632=ORIENTED_EDGE('',*,*,#2593,.T.);
#633=ORIENTED_EDGE('',*,*,#2440,.T.);
#634=ORIENTED_EDGE('',*,*,#2594,.T.);
#635=ORIENTED_EDGE('',*,*,#2595,.T.);
#636=ORIENTED_EDGE('',*,*,#2596,.F.);
#637=ORIENTED_EDGE('',*,*,#2597,.F.);
#638=ORIENTED_EDGE('',*,*,#2598,.F.);
#639=ORIENTED_EDGE('',*,*,#2438,.F.);
#640=ORIENTED_EDGE('',*,*,#2599,.F.);
#641=ORIENTED_EDGE('',*,*,#2600,.F.);
#642=ORIENTED_EDGE('',*,*,#2601,.F.);
#643=ORIENTED_EDGE('',*,*,#2491,.T.);
#644=ORIENTED_EDGE('',*,*,#2602,.T.);
#645=ORIENTED_EDGE('',*,*,#2460,.T.);
#646=ORIENTED_EDGE('',*,*,#2603,.T.);
#647=ORIENTED_EDGE('',*,*,#2604,.F.);
#648=ORIENTED_EDGE('',*,*,#2457,.F.);
#649=ORIENTED_EDGE('',*,*,#2472,.F.);
#650=ORIENTED_EDGE('',*,*,#2605,.F.);
#651=ORIENTED_EDGE('',*,*,#2606,.F.);
#652=ORIENTED_EDGE('',*,*,#2607,.T.);
#653=ORIENTED_EDGE('',*,*,#2468,.T.);
#654=ORIENTED_EDGE('',*,*,#2608,.F.);
#655=ORIENTED_EDGE('',*,*,#2609,.F.);
#656=ORIENTED_EDGE('',*,*,#2610,.F.);
#657=ORIENTED_EDGE('',*,*,#2611,.T.);
#658=ORIENTED_EDGE('',*,*,#2612,.F.);
#659=ORIENTED_EDGE('',*,*,#2483,.T.);
#660=ORIENTED_EDGE('',*,*,#2613,.T.);
#661=ORIENTED_EDGE('',*,*,#2614,.T.);
#662=ORIENTED_EDGE('',*,*,#2615,.F.);
#663=ORIENTED_EDGE('',*,*,#2479,.F.);
#664=ORIENTED_EDGE('',*,*,#2616,.F.);
#665=ORIENTED_EDGE('',*,*,#2493,.T.);
#666=ORIENTED_EDGE('',*,*,#2475,.T.);
#667=ORIENTED_EDGE('',*,*,#2617,.F.);
#668=ORIENTED_EDGE('',*,*,#2494,.F.);
#669=ORIENTED_EDGE('',*,*,#2616,.T.);
#670=ORIENTED_EDGE('',*,*,#2478,.F.);
#671=ORIENTED_EDGE('',*,*,#2459,.F.);
#672=ORIENTED_EDGE('',*,*,#2618,.T.);
#673=ORIENTED_EDGE('',*,*,#2619,.F.);
#674=ORIENTED_EDGE('',*,*,#2603,.F.);
#675=ORIENTED_EDGE('',*,*,#2480,.T.);
#676=ORIENTED_EDGE('',*,*,#2615,.T.);
#677=ORIENTED_EDGE('',*,*,#2620,.T.);
#678=ORIENTED_EDGE('',*,*,#2621,.F.);
#679=ORIENTED_EDGE('',*,*,#2622,.T.);
#680=ORIENTED_EDGE('',*,*,#2613,.F.);
#681=ORIENTED_EDGE('',*,*,#2482,.F.);
#682=ORIENTED_EDGE('',*,*,#2623,.F.);
#683=ORIENTED_EDGE('',*,*,#2624,.T.);
#684=ORIENTED_EDGE('',*,*,#2625,.F.);
#685=ORIENTED_EDGE('',*,*,#2484,.T.);
#686=ORIENTED_EDGE('',*,*,#2612,.T.);
#687=ORIENTED_EDGE('',*,*,#2626,.T.);
#688=ORIENTED_EDGE('',*,*,#2627,.T.);
#689=ORIENTED_EDGE('',*,*,#2628,.F.);
#690=ORIENTED_EDGE('',*,*,#2629,.F.);
#691=ORIENTED_EDGE('',*,*,#2630,.T.);
#692=ORIENTED_EDGE('',*,*,#2631,.F.);
#693=ORIENTED_EDGE('',*,*,#2632,.T.);
#694=ORIENTED_EDGE('',*,*,#2633,.T.);
#695=ORIENTED_EDGE('',*,*,#2634,.F.);
#696=ORIENTED_EDGE('',*,*,#2635,.F.);
#697=ORIENTED_EDGE('',*,*,#2636,.F.);
#698=ORIENTED_EDGE('',*,*,#2637,.T.);
#699=ORIENTED_EDGE('',*,*,#2638,.T.);
#700=ORIENTED_EDGE('',*,*,#2639,.T.);
#701=ORIENTED_EDGE('',*,*,#2640,.F.);
#702=ORIENTED_EDGE('',*,*,#2641,.F.);
#703=ORIENTED_EDGE('',*,*,#2642,.T.);
#704=ORIENTED_EDGE('',*,*,#2643,.F.);
#705=ORIENTED_EDGE('',*,*,#2644,.T.);
#706=ORIENTED_EDGE('',*,*,#2645,.T.);
#707=ORIENTED_EDGE('',*,*,#2646,.T.);
#708=ORIENTED_EDGE('',*,*,#2647,.F.);
#709=ORIENTED_EDGE('',*,*,#2648,.F.);
#710=ORIENTED_EDGE('',*,*,#2649,.T.);
#711=ORIENTED_EDGE('',*,*,#2650,.T.);
#712=ORIENTED_EDGE('',*,*,#2651,.F.);
#713=ORIENTED_EDGE('',*,*,#2652,.T.);
#714=ORIENTED_EDGE('',*,*,#2653,.T.);
#715=ORIENTED_EDGE('',*,*,#2654,.F.);
#716=ORIENTED_EDGE('',*,*,#2655,.F.);
#717=ORIENTED_EDGE('',*,*,#2656,.F.);
#718=ORIENTED_EDGE('',*,*,#2657,.F.);
#719=ORIENTED_EDGE('',*,*,#2658,.F.);
#720=ORIENTED_EDGE('',*,*,#2659,.F.);
#721=ORIENTED_EDGE('',*,*,#2660,.F.);
#722=ORIENTED_EDGE('',*,*,#2661,.F.);
#723=ORIENTED_EDGE('',*,*,#2662,.T.);
#724=ORIENTED_EDGE('',*,*,#2663,.F.);
#725=ORIENTED_EDGE('',*,*,#2664,.T.);
#726=ORIENTED_EDGE('',*,*,#2665,.F.);
#727=ORIENTED_EDGE('',*,*,#2666,.T.);
#728=ORIENTED_EDGE('',*,*,#2667,.T.);
#729=ORIENTED_EDGE('',*,*,#2668,.T.);
#730=ORIENTED_EDGE('',*,*,#2669,.F.);
#731=ORIENTED_EDGE('',*,*,#2670,.F.);
#732=ORIENTED_EDGE('',*,*,#2671,.T.);
#733=ORIENTED_EDGE('',*,*,#2672,.T.);
#734=ORIENTED_EDGE('',*,*,#2673,.T.);
#735=ORIENTED_EDGE('',*,*,#2674,.T.);
#736=ORIENTED_EDGE('',*,*,#2675,.T.);
#737=ORIENTED_EDGE('',*,*,#2676,.T.);
#738=ORIENTED_EDGE('',*,*,#2677,.T.);
#739=ORIENTED_EDGE('',*,*,#2678,.T.);
#740=ORIENTED_EDGE('',*,*,#2679,.T.);
#741=ORIENTED_EDGE('',*,*,#2680,.T.);
#742=ORIENTED_EDGE('',*,*,#2681,.T.);
#743=ORIENTED_EDGE('',*,*,#2682,.T.);
#744=ORIENTED_EDGE('',*,*,#2683,.F.);
#745=ORIENTED_EDGE('',*,*,#2684,.F.);
#746=ORIENTED_EDGE('',*,*,#2685,.F.);
#747=ORIENTED_EDGE('',*,*,#2672,.F.);
#748=ORIENTED_EDGE('',*,*,#2686,.T.);
#749=ORIENTED_EDGE('',*,*,#2687,.T.);
#750=ORIENTED_EDGE('',*,*,#2688,.T.);
#751=ORIENTED_EDGE('',*,*,#2689,.T.);
#752=ORIENTED_EDGE('',*,*,#2690,.T.);
#753=ORIENTED_EDGE('',*,*,#2691,.F.);
#754=ORIENTED_EDGE('',*,*,#2692,.T.);
#755=ORIENTED_EDGE('',*,*,#2693,.T.);
#756=ORIENTED_EDGE('',*,*,#2694,.T.);
#757=ORIENTED_EDGE('',*,*,#2563,.F.);
#758=ORIENTED_EDGE('',*,*,#2695,.T.);
#759=ORIENTED_EDGE('',*,*,#2696,.F.);
#760=ORIENTED_EDGE('',*,*,#2670,.T.);
#761=ORIENTED_EDGE('',*,*,#2697,.F.);
#762=ORIENTED_EDGE('',*,*,#2572,.T.);
#763=ORIENTED_EDGE('',*,*,#2698,.T.);
#764=ORIENTED_EDGE('',*,*,#2699,.T.);
#765=ORIENTED_EDGE('',*,*,#2700,.F.);
#766=ORIENTED_EDGE('',*,*,#2691,.T.);
#767=ORIENTED_EDGE('',*,*,#2701,.F.);
#768=ORIENTED_EDGE('',*,*,#2702,.T.);
#769=ORIENTED_EDGE('',*,*,#2703,.T.);
#770=ORIENTED_EDGE('',*,*,#2704,.T.);
#771=ORIENTED_EDGE('',*,*,#2705,.T.);
#772=ORIENTED_EDGE('',*,*,#2706,.T.);
#773=ORIENTED_EDGE('',*,*,#2707,.T.);
#774=ORIENTED_EDGE('',*,*,#2708,.T.);
#775=ORIENTED_EDGE('',*,*,#2709,.T.);
#776=ORIENTED_EDGE('',*,*,#2710,.T.);
#777=ORIENTED_EDGE('',*,*,#2711,.T.);
#778=ORIENTED_EDGE('',*,*,#2712,.T.);
#779=ORIENTED_EDGE('',*,*,#2713,.T.);
#780=ORIENTED_EDGE('',*,*,#2714,.T.);
#781=ORIENTED_EDGE('',*,*,#2715,.F.);
#782=ORIENTED_EDGE('',*,*,#2716,.T.);
#783=ORIENTED_EDGE('',*,*,#2717,.F.);
#784=ORIENTED_EDGE('',*,*,#2718,.T.);
#785=ORIENTED_EDGE('',*,*,#2719,.T.);
#786=ORIENTED_EDGE('',*,*,#2720,.T.);
#787=ORIENTED_EDGE('',*,*,#2721,.T.);
#788=ORIENTED_EDGE('',*,*,#2722,.F.);
#789=ORIENTED_EDGE('',*,*,#2723,.T.);
#790=ORIENTED_EDGE('',*,*,#2724,.T.);
#791=ORIENTED_EDGE('',*,*,#2725,.T.);
#792=ORIENTED_EDGE('',*,*,#2726,.T.);
#793=ORIENTED_EDGE('',*,*,#2727,.F.);
#794=ORIENTED_EDGE('',*,*,#2639,.F.);
#795=ORIENTED_EDGE('',*,*,#2728,.F.);
#796=ORIENTED_EDGE('',*,*,#2729,.T.);
#797=ORIENTED_EDGE('',*,*,#2730,.F.);
#798=ORIENTED_EDGE('',*,*,#2731,.T.);
#799=ORIENTED_EDGE('',*,*,#2732,.F.);
#800=ORIENTED_EDGE('',*,*,#2733,.F.);
#801=ORIENTED_EDGE('',*,*,#2734,.F.);
#802=ORIENTED_EDGE('',*,*,#2735,.F.);
#803=ORIENTED_EDGE('',*,*,#2722,.T.);
#804=ORIENTED_EDGE('',*,*,#2736,.T.);
#805=ORIENTED_EDGE('',*,*,#2737,.F.);
#806=ORIENTED_EDGE('',*,*,#2738,.T.);
#807=ORIENTED_EDGE('',*,*,#2739,.T.);
#808=ORIENTED_EDGE('',*,*,#2740,.T.);
#809=ORIENTED_EDGE('',*,*,#2741,.F.);
#810=ORIENTED_EDGE('',*,*,#2742,.F.);
#811=ORIENTED_EDGE('',*,*,#2743,.T.);
#812=ORIENTED_EDGE('',*,*,#2744,.T.);
#813=ORIENTED_EDGE('',*,*,#2745,.T.);
#814=ORIENTED_EDGE('',*,*,#2746,.T.);
#815=ORIENTED_EDGE('',*,*,#2747,.F.);
#816=ORIENTED_EDGE('',*,*,#2748,.T.);
#817=ORIENTED_EDGE('',*,*,#2749,.F.);
#818=ORIENTED_EDGE('',*,*,#2536,.T.);
#819=ORIENTED_EDGE('',*,*,#2750,.T.);
#820=ORIENTED_EDGE('',*,*,#2751,.T.);
#821=ORIENTED_EDGE('',*,*,#2599,.T.);
#822=ORIENTED_EDGE('',*,*,#2437,.T.);
#823=ORIENTED_EDGE('',*,*,#2752,.T.);
#824=ORIENTED_EDGE('',*,*,#2441,.T.);
#825=ORIENTED_EDGE('',*,*,#2597,.T.);
#826=ORIENTED_EDGE('',*,*,#2753,.T.);
#827=ORIENTED_EDGE('',*,*,#2592,.F.);
#828=ORIENTED_EDGE('',*,*,#2754,.T.);
#829=ORIENTED_EDGE('',*,*,#2755,.T.);
#830=ORIENTED_EDGE('',*,*,#2756,.F.);
#831=ORIENTED_EDGE('',*,*,#2757,.F.);
#832=ORIENTED_EDGE('',*,*,#2758,.F.);
#833=ORIENTED_EDGE('',*,*,#2759,.T.);
#834=ORIENTED_EDGE('',*,*,#2589,.F.);
#835=ORIENTED_EDGE('',*,*,#2760,.F.);
#836=ORIENTED_EDGE('',*,*,#2761,.F.);
#837=ORIENTED_EDGE('',*,*,#2600,.T.);
#838=ORIENTED_EDGE('',*,*,#2751,.F.);
#839=ORIENTED_EDGE('',*,*,#2762,.T.);
#840=ORIENTED_EDGE('',*,*,#2753,.F.);
#841=ORIENTED_EDGE('',*,*,#2596,.T.);
#842=ORIENTED_EDGE('',*,*,#2763,.F.);
#843=ORIENTED_EDGE('',*,*,#2593,.F.);
#844=ORIENTED_EDGE('',*,*,#2764,.T.);
#845=ORIENTED_EDGE('',*,*,#2601,.T.);
#846=ORIENTED_EDGE('',*,*,#2761,.T.);
#847=ORIENTED_EDGE('',*,*,#2765,.F.);
#848=ORIENTED_EDGE('',*,*,#2766,.F.);
#849=ORIENTED_EDGE('',*,*,#2767,.F.);
#850=ORIENTED_EDGE('',*,*,#2768,.T.);
#851=ORIENTED_EDGE('',*,*,#2769,.T.);
#852=ORIENTED_EDGE('',*,*,#2770,.F.);
#853=ORIENTED_EDGE('',*,*,#2769,.F.);
#854=ORIENTED_EDGE('',*,*,#2771,.T.);
#855=ORIENTED_EDGE('',*,*,#2756,.T.);
#856=ORIENTED_EDGE('',*,*,#2485,.F.);
#857=ORIENTED_EDGE('',*,*,#2628,.T.);
#858=ORIENTED_EDGE('',*,*,#2772,.F.);
#859=ORIENTED_EDGE('',*,*,#2773,.F.);
#860=ORIENTED_EDGE('',*,*,#2774,.F.);
#861=ORIENTED_EDGE('',*,*,#2623,.T.);
#862=ORIENTED_EDGE('',*,*,#2481,.F.);
#863=ORIENTED_EDGE('',*,*,#2622,.F.);
#864=ORIENTED_EDGE('',*,*,#2775,.T.);
#865=ORIENTED_EDGE('',*,*,#2776,.T.);
#866=ORIENTED_EDGE('',*,*,#2466,.T.);
#867=ORIENTED_EDGE('',*,*,#2777,.T.);
#868=ORIENTED_EDGE('',*,*,#2470,.T.);
#869=ORIENTED_EDGE('',*,*,#2778,.T.);
#870=ORIENTED_EDGE('',*,*,#2779,.T.);
#871=ORIENTED_EDGE('',*,*,#2780,.F.);
#872=ORIENTED_EDGE('',*,*,#2781,.T.);
#873=ORIENTED_EDGE('',*,*,#2782,.T.);
#874=ORIENTED_EDGE('',*,*,#2775,.F.);
#875=ORIENTED_EDGE('',*,*,#2783,.T.);
#876=ORIENTED_EDGE('',*,*,#2779,.F.);
#877=ORIENTED_EDGE('',*,*,#2784,.T.);
#878=ORIENTED_EDGE('',*,*,#2785,.T.);
#879=ORIENTED_EDGE('',*,*,#2786,.F.);
#880=ORIENTED_EDGE('',*,*,#2627,.F.);
#881=ORIENTED_EDGE('',*,*,#2787,.F.);
#882=ORIENTED_EDGE('',*,*,#2788,.F.);
#883=ORIENTED_EDGE('',*,*,#2772,.T.);
#884=ORIENTED_EDGE('',*,*,#2624,.F.);
#885=ORIENTED_EDGE('',*,*,#2774,.T.);
#886=ORIENTED_EDGE('',*,*,#2621,.T.);
#887=ORIENTED_EDGE('',*,*,#2789,.F.);
#888=ORIENTED_EDGE('',*,*,#2790,.T.);
#889=ORIENTED_EDGE('',*,*,#2791,.F.);
#890=ORIENTED_EDGE('',*,*,#2792,.F.);
#891=ORIENTED_EDGE('',*,*,#2793,.T.);
#892=ORIENTED_EDGE('',*,*,#2794,.T.);
#893=ORIENTED_EDGE('',*,*,#2795,.F.);
#894=ORIENTED_EDGE('',*,*,#2796,.F.);
#895=ORIENTED_EDGE('',*,*,#2797,.T.);
#896=ORIENTED_EDGE('',*,*,#2798,.T.);
#897=ORIENTED_EDGE('',*,*,#2799,.F.);
#898=ORIENTED_EDGE('',*,*,#2800,.F.);
#899=ORIENTED_EDGE('',*,*,#2801,.F.);
#900=ORIENTED_EDGE('',*,*,#2802,.F.);
#901=ORIENTED_EDGE('',*,*,#2803,.T.);
#902=ORIENTED_EDGE('',*,*,#2804,.T.);
#903=ORIENTED_EDGE('',*,*,#2805,.T.);
#904=ORIENTED_EDGE('',*,*,#2806,.T.);
#905=ORIENTED_EDGE('',*,*,#2807,.F.);
#906=ORIENTED_EDGE('',*,*,#2808,.F.);
#907=ORIENTED_EDGE('',*,*,#2689,.F.);
#908=ORIENTED_EDGE('',*,*,#2809,.F.);
#909=ORIENTED_EDGE('',*,*,#2810,.F.);
#910=ORIENTED_EDGE('',*,*,#2811,.F.);
#911=ORIENTED_EDGE('',*,*,#2812,.F.);
#912=ORIENTED_EDGE('',*,*,#2813,.F.);
#913=ORIENTED_EDGE('',*,*,#2814,.T.);
#914=ORIENTED_EDGE('',*,*,#2815,.T.);
#915=ORIENTED_EDGE('',*,*,#2816,.F.);
#916=ORIENTED_EDGE('',*,*,#2817,.T.);
#917=ORIENTED_EDGE('',*,*,#2818,.T.);
#918=ORIENTED_EDGE('',*,*,#2819,.T.);
#919=ORIENTED_EDGE('',*,*,#2820,.F.);
#920=ORIENTED_EDGE('',*,*,#2821,.T.);
#921=ORIENTED_EDGE('',*,*,#2822,.F.);
#922=ORIENTED_EDGE('',*,*,#2823,.T.);
#923=ORIENTED_EDGE('',*,*,#2824,.T.);
#924=ORIENTED_EDGE('',*,*,#2825,.T.);
#925=ORIENTED_EDGE('',*,*,#2826,.F.);
#926=ORIENTED_EDGE('',*,*,#2827,.T.);
#927=ORIENTED_EDGE('',*,*,#2828,.F.);
#928=ORIENTED_EDGE('',*,*,#2829,.F.);
#929=ORIENTED_EDGE('',*,*,#2830,.F.);
#930=ORIENTED_EDGE('',*,*,#2831,.F.);
#931=ORIENTED_EDGE('',*,*,#2832,.T.);
#932=ORIENTED_EDGE('',*,*,#2833,.F.);
#933=ORIENTED_EDGE('',*,*,#2743,.F.);
#934=ORIENTED_EDGE('',*,*,#2834,.F.);
#935=ORIENTED_EDGE('',*,*,#2835,.T.);
#936=ORIENTED_EDGE('',*,*,#2836,.T.);
#937=ORIENTED_EDGE('',*,*,#2837,.F.);
#938=ORIENTED_EDGE('',*,*,#2838,.F.);
#939=ORIENTED_EDGE('',*,*,#2839,.T.);
#940=ORIENTED_EDGE('',*,*,#2840,.F.);
#941=ORIENTED_EDGE('',*,*,#2795,.T.);
#942=ORIENTED_EDGE('',*,*,#2841,.T.);
#943=ORIENTED_EDGE('',*,*,#2842,.T.);
#944=ORIENTED_EDGE('',*,*,#2843,.F.);
#945=ORIENTED_EDGE('',*,*,#2844,.F.);
#946=ORIENTED_EDGE('',*,*,#2801,.T.);
#947=ORIENTED_EDGE('',*,*,#2845,.T.);
#948=ORIENTED_EDGE('',*,*,#2846,.T.);
#949=ORIENTED_EDGE('',*,*,#2847,.T.);
#950=ORIENTED_EDGE('',*,*,#2848,.T.);
#951=ORIENTED_EDGE('',*,*,#2849,.T.);
#952=ORIENTED_EDGE('',*,*,#2850,.T.);
#953=ORIENTED_EDGE('',*,*,#2802,.T.);
#954=ORIENTED_EDGE('',*,*,#2844,.T.);
#955=ORIENTED_EDGE('',*,*,#2851,.F.);
#956=ORIENTED_EDGE('',*,*,#2852,.T.);
#957=ORIENTED_EDGE('',*,*,#2853,.T.);
#958=ORIENTED_EDGE('',*,*,#2851,.T.);
#959=ORIENTED_EDGE('',*,*,#2854,.T.);
#960=ORIENTED_EDGE('',*,*,#2852,.F.);
#961=ORIENTED_EDGE('',*,*,#2853,.F.);
#962=ORIENTED_EDGE('',*,*,#2855,.F.);
#963=ORIENTED_EDGE('',*,*,#2846,.F.);
#964=ORIENTED_EDGE('',*,*,#2504,.F.);
#965=ORIENTED_EDGE('',*,*,#2856,.T.);
#966=ORIENTED_EDGE('',*,*,#2847,.F.);
#967=ORIENTED_EDGE('',*,*,#2855,.T.);
#968=ORIENTED_EDGE('',*,*,#2854,.F.);
#969=ORIENTED_EDGE('',*,*,#2857,.T.);
#970=ORIENTED_EDGE('',*,*,#2858,.T.);
#971=ORIENTED_EDGE('',*,*,#2526,.F.);
#972=ORIENTED_EDGE('',*,*,#2859,.T.);
#973=ORIENTED_EDGE('',*,*,#2860,.F.);
#974=ORIENTED_EDGE('',*,*,#2861,.F.);
#975=ORIENTED_EDGE('',*,*,#2862,.T.);
#976=ORIENTED_EDGE('',*,*,#2863,.T.);
#977=ORIENTED_EDGE('',*,*,#2864,.F.);
#978=ORIENTED_EDGE('',*,*,#2865,.T.);
#979=ORIENTED_EDGE('',*,*,#2866,.T.);
#980=ORIENTED_EDGE('',*,*,#2867,.F.);
#981=ORIENTED_EDGE('',*,*,#2868,.F.);
#982=ORIENTED_EDGE('',*,*,#2869,.T.);
#983=ORIENTED_EDGE('',*,*,#2870,.F.);
#984=ORIENTED_EDGE('',*,*,#2871,.T.);
#985=ORIENTED_EDGE('',*,*,#2872,.T.);
#986=ORIENTED_EDGE('',*,*,#2522,.T.);
#987=ORIENTED_EDGE('',*,*,#2873,.T.);
#988=ORIENTED_EDGE('',*,*,#2870,.T.);
#989=ORIENTED_EDGE('',*,*,#2874,.T.);
#990=ORIENTED_EDGE('',*,*,#2875,.T.);
#991=ORIENTED_EDGE('',*,*,#2876,.F.);
#992=ORIENTED_EDGE('',*,*,#2877,.T.);
#993=ORIENTED_EDGE('',*,*,#2878,.F.);
#994=ORIENTED_EDGE('',*,*,#2879,.F.);
#995=ORIENTED_EDGE('',*,*,#2880,.T.);
#996=ORIENTED_EDGE('',*,*,#2881,.F.);
#997=ORIENTED_EDGE('',*,*,#2882,.F.);
#998=ORIENTED_EDGE('',*,*,#2871,.F.);
#999=ORIENTED_EDGE('',*,*,#2880,.F.);
#1000=ORIENTED_EDGE('',*,*,#2883,.F.);
#1001=ORIENTED_EDGE('',*,*,#2884,.F.);
#1002=ORIENTED_EDGE('',*,*,#2885,.F.);
#1003=ORIENTED_EDGE('',*,*,#2886,.F.);
#1004=ORIENTED_EDGE('',*,*,#2872,.F.);
#1005=ORIENTED_EDGE('',*,*,#2882,.T.);
#1006=ORIENTED_EDGE('',*,*,#2883,.T.);
#1007=ORIENTED_EDGE('',*,*,#2881,.T.);
#1008=ORIENTED_EDGE('',*,*,#2879,.T.);
#1009=ORIENTED_EDGE('',*,*,#2887,.F.);
#1010=ORIENTED_EDGE('',*,*,#2507,.F.);
#1011=ORIENTED_EDGE('',*,*,#2873,.F.);
#1012=ORIENTED_EDGE('',*,*,#2521,.F.);
#1013=ORIENTED_EDGE('',*,*,#2888,.F.);
#1014=ORIENTED_EDGE('',*,*,#2889,.T.);
#1015=ORIENTED_EDGE('',*,*,#2890,.F.);
#1016=ORIENTED_EDGE('',*,*,#2891,.T.);
#1017=ORIENTED_EDGE('',*,*,#2892,.F.);
#1018=ORIENTED_EDGE('',*,*,#2893,.F.);
#1019=ORIENTED_EDGE('',*,*,#2894,.F.);
#1020=ORIENTED_EDGE('',*,*,#2895,.T.);
#1021=ORIENTED_EDGE('',*,*,#2896,.T.);
#1022=ORIENTED_EDGE('',*,*,#2524,.T.);
#1023=ORIENTED_EDGE('',*,*,#2897,.F.);
#1024=ORIENTED_EDGE('',*,*,#2885,.T.);
#1025=ORIENTED_EDGE('',*,*,#2898,.T.);
#1026=ORIENTED_EDGE('',*,*,#2505,.T.);
#1027=ORIENTED_EDGE('',*,*,#2845,.F.);
#1028=ORIENTED_EDGE('',*,*,#2800,.T.);
#1029=ORIENTED_EDGE('',*,*,#2896,.F.);
#1030=ORIENTED_EDGE('',*,*,#2799,.T.);
#1031=ORIENTED_EDGE('',*,*,#2899,.T.);
#1032=ORIENTED_EDGE('',*,*,#2900,.F.);
#1033=ORIENTED_EDGE('',*,*,#2884,.T.);
#1034=ORIENTED_EDGE('',*,*,#2506,.T.);
#1035=ORIENTED_EDGE('',*,*,#2898,.F.);
#1036=ORIENTED_EDGE('',*,*,#2901,.T.);
#1037=ORIENTED_EDGE('',*,*,#2899,.F.);
#1038=ORIENTED_EDGE('',*,*,#2798,.F.);
#1039=ORIENTED_EDGE('',*,*,#2902,.T.);
#1040=ORIENTED_EDGE('',*,*,#2903,.F.);
#1041=ORIENTED_EDGE('',*,*,#2904,.F.);
#1042=ORIENTED_EDGE('',*,*,#2905,.F.);
#1043=ORIENTED_EDGE('',*,*,#2906,.F.);
#1044=ORIENTED_EDGE('',*,*,#2523,.F.);
#1045=ORIENTED_EDGE('',*,*,#2886,.T.);
#1046=ORIENTED_EDGE('',*,*,#2897,.T.);
#1047=ORIENTED_EDGE('',*,*,#2907,.F.);
#1048=ORIENTED_EDGE('',*,*,#2907,.T.);
#1049=ORIENTED_EDGE('',*,*,#2908,.T.);
#1050=ORIENTED_EDGE('',*,*,#2842,.F.);
#1051=ORIENTED_EDGE('',*,*,#2909,.T.);
#1052=ORIENTED_EDGE('',*,*,#2910,.T.);
#1053=ORIENTED_EDGE('',*,*,#2911,.T.);
#1054=ORIENTED_EDGE('',*,*,#2912,.F.);
#1055=ORIENTED_EDGE('',*,*,#2913,.F.);
#1056=ORIENTED_EDGE('',*,*,#2914,.F.);
#1057=ORIENTED_EDGE('',*,*,#2915,.F.);
#1058=ORIENTED_EDGE('',*,*,#2916,.T.);
#1059=ORIENTED_EDGE('',*,*,#2917,.T.);
#1060=ORIENTED_EDGE('',*,*,#2918,.T.);
#1061=ORIENTED_EDGE('',*,*,#2919,.T.);
#1062=ORIENTED_EDGE('',*,*,#2914,.T.);
#1063=ORIENTED_EDGE('',*,*,#2913,.T.);
#1064=ORIENTED_EDGE('',*,*,#2920,.F.);
#1065=ORIENTED_EDGE('',*,*,#2915,.T.);
#1066=ORIENTED_EDGE('',*,*,#2919,.F.);
#1067=ORIENTED_EDGE('',*,*,#2921,.T.);
#1068=ORIENTED_EDGE('',*,*,#2922,.T.);
#1069=ORIENTED_EDGE('',*,*,#2843,.T.);
#1070=ORIENTED_EDGE('',*,*,#2923,.F.);
#1071=ORIENTED_EDGE('',*,*,#2917,.F.);
#1072=ORIENTED_EDGE('',*,*,#2924,.T.);
#1073=ORIENTED_EDGE('',*,*,#2925,.T.);
#1074=ORIENTED_EDGE('',*,*,#2926,.T.);
#1075=ORIENTED_EDGE('',*,*,#2910,.F.);
#1076=ORIENTED_EDGE('',*,*,#2927,.F.);
#1077=ORIENTED_EDGE('',*,*,#2746,.F.);
#1078=ORIENTED_EDGE('',*,*,#2928,.F.);
#1079=ORIENTED_EDGE('',*,*,#2929,.T.);
#1080=ORIENTED_EDGE('',*,*,#2930,.T.);
#1081=ORIENTED_EDGE('',*,*,#2931,.T.);
#1082=ORIENTED_EDGE('',*,*,#2932,.T.);
#1083=ORIENTED_EDGE('',*,*,#2933,.T.);
#1084=ORIENTED_EDGE('',*,*,#2934,.F.);
#1085=ORIENTED_EDGE('',*,*,#2935,.T.);
#1086=ORIENTED_EDGE('',*,*,#2911,.F.);
#1087=ORIENTED_EDGE('',*,*,#2926,.F.);
#1088=ORIENTED_EDGE('',*,*,#2936,.T.);
#1089=ORIENTED_EDGE('',*,*,#2937,.F.);
#1090=ORIENTED_EDGE('',*,*,#2938,.T.);
#1091=ORIENTED_EDGE('',*,*,#2741,.T.);
#1092=ORIENTED_EDGE('',*,*,#2908,.F.);
#1093=ORIENTED_EDGE('',*,*,#2939,.F.);
#1094=ORIENTED_EDGE('',*,*,#2940,.T.);
#1095=ORIENTED_EDGE('',*,*,#2941,.T.);
#1096=ORIENTED_EDGE('',*,*,#2942,.F.);
#1097=ORIENTED_EDGE('',*,*,#2943,.F.);
#1098=ORIENTED_EDGE('',*,*,#2902,.F.);
#1099=ORIENTED_EDGE('',*,*,#2797,.F.);
#1100=ORIENTED_EDGE('',*,*,#2840,.T.);
#1101=ORIENTED_EDGE('',*,*,#2922,.F.);
#1102=ORIENTED_EDGE('',*,*,#2944,.T.);
#1103=ORIENTED_EDGE('',*,*,#2942,.T.);
#1104=ORIENTED_EDGE('',*,*,#2796,.T.);
#1105=ORIENTED_EDGE('',*,*,#2794,.F.);
#1106=ORIENTED_EDGE('',*,*,#2945,.F.);
#1107=ORIENTED_EDGE('',*,*,#2946,.F.);
#1108=ORIENTED_EDGE('',*,*,#2924,.F.);
#1109=ORIENTED_EDGE('',*,*,#2909,.F.);
#1110=ORIENTED_EDGE('',*,*,#2841,.F.);
#1111=ORIENTED_EDGE('',*,*,#2947,.F.);
#1112=ORIENTED_EDGE('',*,*,#2920,.T.);
#1113=ORIENTED_EDGE('',*,*,#2912,.T.);
#1114=ORIENTED_EDGE('',*,*,#2935,.F.);
#1115=ORIENTED_EDGE('',*,*,#2948,.F.);
#1116=ORIENTED_EDGE('',*,*,#2949,.F.);
#1117=ORIENTED_EDGE('',*,*,#2950,.T.);
#1118=ORIENTED_EDGE('',*,*,#2951,.T.);
#1119=ORIENTED_EDGE('',*,*,#2952,.T.);
#1120=ORIENTED_EDGE('',*,*,#2953,.T.);
#1121=ORIENTED_EDGE('',*,*,#2954,.F.);
#1122=ORIENTED_EDGE('',*,*,#2916,.F.);
#1123=ORIENTED_EDGE('',*,*,#2955,.T.);
#1124=ORIENTED_EDGE('',*,*,#2956,.F.);
#1125=ORIENTED_EDGE('',*,*,#2949,.T.);
#1126=ORIENTED_EDGE('',*,*,#2957,.F.);
#1127=ORIENTED_EDGE('',*,*,#2958,.F.);
#1128=ORIENTED_EDGE('',*,*,#2959,.T.);
#1129=ORIENTED_EDGE('',*,*,#2960,.F.);
#1130=ORIENTED_EDGE('',*,*,#2931,.F.);
#1131=ORIENTED_EDGE('',*,*,#2960,.T.);
#1132=ORIENTED_EDGE('',*,*,#2961,.T.);
#1133=ORIENTED_EDGE('',*,*,#2962,.T.);
#1134=ORIENTED_EDGE('',*,*,#2932,.F.);
#1135=ORIENTED_EDGE('',*,*,#2962,.F.);
#1136=ORIENTED_EDGE('',*,*,#2963,.T.);
#1137=ORIENTED_EDGE('',*,*,#2964,.F.);
#1138=ORIENTED_EDGE('',*,*,#2933,.F.);
#1139=ORIENTED_EDGE('',*,*,#2964,.T.);
#1140=ORIENTED_EDGE('',*,*,#2965,.T.);
#1141=ORIENTED_EDGE('',*,*,#2966,.T.);
#1142=ORIENTED_EDGE('',*,*,#2950,.F.);
#1143=ORIENTED_EDGE('',*,*,#2967,.F.);
#1144=ORIENTED_EDGE('',*,*,#2968,.T.);
#1145=ORIENTED_EDGE('',*,*,#2934,.T.);
#1146=ORIENTED_EDGE('',*,*,#2966,.F.);
#1147=ORIENTED_EDGE('',*,*,#2969,.T.);
#1148=ORIENTED_EDGE('',*,*,#2970,.F.);
#1149=ORIENTED_EDGE('',*,*,#2951,.F.);
#1150=ORIENTED_EDGE('',*,*,#2971,.T.);
#1151=ORIENTED_EDGE('',*,*,#2860,.T.);
#1152=ORIENTED_EDGE('',*,*,#2904,.T.);
#1153=ORIENTED_EDGE('',*,*,#2972,.T.);
#1154=ORIENTED_EDGE('',*,*,#2861,.T.);
#1155=ORIENTED_EDGE('',*,*,#2971,.F.);
#1156=ORIENTED_EDGE('',*,*,#2903,.T.);
#1157=ORIENTED_EDGE('',*,*,#2943,.T.);
#1158=ORIENTED_EDGE('',*,*,#2944,.F.);
#1159=ORIENTED_EDGE('',*,*,#2973,.T.);
#1160=ORIENTED_EDGE('',*,*,#2941,.F.);
#1161=ORIENTED_EDGE('',*,*,#2862,.F.);
#1162=ORIENTED_EDGE('',*,*,#2972,.F.);
#1163=ORIENTED_EDGE('',*,*,#2940,.F.);
#1164=ORIENTED_EDGE('',*,*,#2974,.T.);
#1165=ORIENTED_EDGE('',*,*,#2955,.F.);
#1166=ORIENTED_EDGE('',*,*,#2970,.T.);
#1167=ORIENTED_EDGE('',*,*,#2975,.T.);
#1168=ORIENTED_EDGE('',*,*,#2868,.T.);
#1169=ORIENTED_EDGE('',*,*,#2976,.T.);
#1170=ORIENTED_EDGE('',*,*,#2952,.F.);
#1171=ORIENTED_EDGE('',*,*,#2976,.F.);
#1172=ORIENTED_EDGE('',*,*,#2867,.T.);
#1173=ORIENTED_EDGE('',*,*,#2977,.F.);
#1174=ORIENTED_EDGE('',*,*,#2953,.F.);
#1175=ORIENTED_EDGE('',*,*,#2866,.F.);
#1176=ORIENTED_EDGE('',*,*,#2978,.T.);
#1177=ORIENTED_EDGE('',*,*,#2967,.T.);
#1178=ORIENTED_EDGE('',*,*,#2954,.T.);
#1179=ORIENTED_EDGE('',*,*,#2977,.T.);
#1180=ORIENTED_EDGE('',*,*,#2979,.F.);
#1181=ORIENTED_EDGE('',*,*,#2864,.T.);
#1182=ORIENTED_EDGE('',*,*,#2980,.F.);
#1183=ORIENTED_EDGE('',*,*,#2957,.T.);
#1184=ORIENTED_EDGE('',*,*,#2865,.F.);
#1185=ORIENTED_EDGE('',*,*,#2979,.T.);
#1186=ORIENTED_EDGE('',*,*,#2948,.T.);
#1187=ORIENTED_EDGE('',*,*,#2968,.F.);
#1188=ORIENTED_EDGE('',*,*,#2978,.F.);
#1189=ORIENTED_EDGE('',*,*,#2923,.T.);
#1190=ORIENTED_EDGE('',*,*,#2863,.F.);
#1191=ORIENTED_EDGE('',*,*,#2974,.F.);
#1192=ORIENTED_EDGE('',*,*,#2939,.T.);
#1193=ORIENTED_EDGE('',*,*,#2973,.F.);
#1194=ORIENTED_EDGE('',*,*,#2921,.F.);
#1195=ORIENTED_EDGE('',*,*,#2918,.F.);
#1196=ORIENTED_EDGE('',*,*,#2947,.T.);
#1197=ORIENTED_EDGE('',*,*,#2956,.T.);
#1198=ORIENTED_EDGE('',*,*,#2980,.T.);
#1199=ORIENTED_EDGE('',*,*,#2508,.F.);
#1200=ORIENTED_EDGE('',*,*,#2887,.T.);
#1201=ORIENTED_EDGE('',*,*,#2981,.F.);
#1202=ORIENTED_EDGE('',*,*,#2982,.T.);
#1203=ORIENTED_EDGE('',*,*,#2983,.F.);
#1204=ORIENTED_EDGE('',*,*,#2984,.F.);
#1205=ORIENTED_EDGE('',*,*,#2985,.F.);
#1206=ORIENTED_EDGE('',*,*,#2986,.T.);
#1207=ORIENTED_EDGE('',*,*,#2987,.T.);
#1208=ORIENTED_EDGE('',*,*,#2988,.T.);
#1209=ORIENTED_EDGE('',*,*,#2989,.T.);
#1210=ORIENTED_EDGE('',*,*,#2990,.F.);
#1211=ORIENTED_EDGE('',*,*,#2991,.T.);
#1212=ORIENTED_EDGE('',*,*,#2992,.T.);
#1213=ORIENTED_EDGE('',*,*,#2993,.T.);
#1214=ORIENTED_EDGE('',*,*,#2994,.T.);
#1215=ORIENTED_EDGE('',*,*,#2995,.T.);
#1216=ORIENTED_EDGE('',*,*,#2996,.T.);
#1217=ORIENTED_EDGE('',*,*,#2997,.F.);
#1218=ORIENTED_EDGE('',*,*,#2998,.T.);
#1219=ORIENTED_EDGE('',*,*,#2989,.F.);
#1220=ORIENTED_EDGE('',*,*,#2999,.T.);
#1221=ORIENTED_EDGE('',*,*,#2999,.F.);
#1222=ORIENTED_EDGE('',*,*,#3000,.T.);
#1223=ORIENTED_EDGE('',*,*,#2998,.F.);
#1224=ORIENTED_EDGE('',*,*,#3001,.F.);
#1225=ORIENTED_EDGE('',*,*,#3002,.F.);
#1226=ORIENTED_EDGE('',*,*,#3003,.F.);
#1227=ORIENTED_EDGE('',*,*,#3004,.F.);
#1228=ORIENTED_EDGE('',*,*,#3005,.T.);
#1229=ORIENTED_EDGE('',*,*,#3006,.F.);
#1230=ORIENTED_EDGE('',*,*,#3007,.F.);
#1231=ORIENTED_EDGE('',*,*,#3008,.F.);
#1232=ORIENTED_EDGE('',*,*,#3000,.F.);
#1233=ORIENTED_EDGE('',*,*,#3009,.T.);
#1234=ORIENTED_EDGE('',*,*,#2995,.F.);
#1235=ORIENTED_EDGE('',*,*,#3010,.T.);
#1236=ORIENTED_EDGE('',*,*,#3011,.F.);
#1237=ORIENTED_EDGE('',*,*,#3012,.F.);
#1238=ORIENTED_EDGE('',*,*,#3013,.F.);
#1239=ORIENTED_EDGE('',*,*,#3014,.F.);
#1240=ORIENTED_EDGE('',*,*,#3015,.F.);
#1241=ORIENTED_EDGE('',*,*,#3016,.F.);
#1242=ORIENTED_EDGE('',*,*,#2996,.F.);
#1243=ORIENTED_EDGE('',*,*,#3013,.T.);
#1244=ORIENTED_EDGE('',*,*,#3017,.T.);
#1245=ORIENTED_EDGE('',*,*,#3018,.T.);
#1246=ORIENTED_EDGE('',*,*,#3019,.T.);
#1247=ORIENTED_EDGE('',*,*,#3008,.T.);
#1248=ORIENTED_EDGE('',*,*,#3020,.T.);
#1249=ORIENTED_EDGE('',*,*,#3021,.F.);
#1250=ORIENTED_EDGE('',*,*,#3016,.T.);
#1251=ORIENTED_EDGE('',*,*,#3022,.F.);
#1252=ORIENTED_EDGE('',*,*,#2804,.F.);
#1253=ORIENTED_EDGE('',*,*,#2850,.F.);
#1254=ORIENTED_EDGE('',*,*,#3023,.F.);
#1255=ORIENTED_EDGE('',*,*,#3020,.F.);
#1256=ORIENTED_EDGE('',*,*,#2803,.F.);
#1257=ORIENTED_EDGE('',*,*,#2805,.F.);
#1258=ORIENTED_EDGE('',*,*,#3022,.T.);
#1259=ORIENTED_EDGE('',*,*,#3015,.T.);
#1260=ORIENTED_EDGE('',*,*,#3024,.F.);
#1261=ORIENTED_EDGE('',*,*,#3025,.T.);
#1262=ORIENTED_EDGE('',*,*,#3026,.F.);
#1263=ORIENTED_EDGE('',*,*,#3027,.T.);
#1264=ORIENTED_EDGE('',*,*,#2848,.F.);
#1265=ORIENTED_EDGE('',*,*,#3028,.F.);
#1266=ORIENTED_EDGE('',*,*,#3029,.T.);
#1267=ORIENTED_EDGE('',*,*,#3001,.T.);
#1268=ORIENTED_EDGE('',*,*,#2997,.T.);
#1269=ORIENTED_EDGE('',*,*,#3021,.T.);
#1270=ORIENTED_EDGE('',*,*,#3023,.T.);
#1271=ORIENTED_EDGE('',*,*,#2849,.F.);
#1272=ORIENTED_EDGE('',*,*,#3027,.F.);
#1273=ORIENTED_EDGE('',*,*,#3029,.F.);
#1274=ORIENTED_EDGE('',*,*,#3030,.T.);
#1275=ORIENTED_EDGE('',*,*,#2990,.T.);
#1276=ORIENTED_EDGE('',*,*,#3002,.T.);
#1277=ORIENTED_EDGE('',*,*,#2993,.F.);
#1278=ORIENTED_EDGE('',*,*,#3031,.T.);
#1279=ORIENTED_EDGE('',*,*,#3032,.F.);
#1280=ORIENTED_EDGE('',*,*,#3003,.T.);
#1281=ORIENTED_EDGE('',*,*,#2669,.T.);
#1282=ORIENTED_EDGE('',*,*,#3033,.F.);
#1283=ORIENTED_EDGE('',*,*,#3034,.T.);
#1284=ORIENTED_EDGE('',*,*,#3035,.F.);
#1285=ORIENTED_EDGE('',*,*,#2680,.F.);
#1286=ORIENTED_EDGE('',*,*,#3019,.F.);
#1287=ORIENTED_EDGE('',*,*,#3036,.T.);
#1288=ORIENTED_EDGE('',*,*,#3033,.T.);
#1289=ORIENTED_EDGE('',*,*,#2679,.F.);
#1290=ORIENTED_EDGE('',*,*,#3037,.F.);
#1291=ORIENTED_EDGE('',*,*,#3038,.T.);
#1292=ORIENTED_EDGE('',*,*,#3004,.T.);
#1293=ORIENTED_EDGE('',*,*,#3039,.F.);
#1294=ORIENTED_EDGE('',*,*,#2678,.F.);
#1295=ORIENTED_EDGE('',*,*,#3040,.F.);
#1296=ORIENTED_EDGE('',*,*,#3010,.F.);
#1297=ORIENTED_EDGE('',*,*,#2994,.F.);
#1298=ORIENTED_EDGE('',*,*,#3032,.T.);
#1299=ORIENTED_EDGE('',*,*,#3037,.T.);
#1300=ORIENTED_EDGE('',*,*,#3039,.T.);
#1301=ORIENTED_EDGE('',*,*,#3041,.T.);
#1302=ORIENTED_EDGE('',*,*,#3042,.T.);
#1303=ORIENTED_EDGE('',*,*,#3043,.F.);
#1304=ORIENTED_EDGE('',*,*,#3005,.F.);
#1305=ORIENTED_EDGE('',*,*,#3038,.F.);
#1306=ORIENTED_EDGE('',*,*,#3043,.T.);
#1307=ORIENTED_EDGE('',*,*,#3044,.T.);
#1308=ORIENTED_EDGE('',*,*,#3045,.T.);
#1309=ORIENTED_EDGE('',*,*,#3046,.F.);
#1310=ORIENTED_EDGE('',*,*,#3006,.T.);
#1311=ORIENTED_EDGE('',*,*,#3045,.F.);
#1312=ORIENTED_EDGE('',*,*,#3047,.F.);
#1313=ORIENTED_EDGE('',*,*,#3009,.F.);
#1314=ORIENTED_EDGE('',*,*,#3048,.F.);
#1315=ORIENTED_EDGE('',*,*,#3049,.T.);
#1316=ORIENTED_EDGE('',*,*,#3017,.F.);
#1317=ORIENTED_EDGE('',*,*,#3007,.T.);
#1318=ORIENTED_EDGE('',*,*,#3046,.T.);
#1319=ORIENTED_EDGE('',*,*,#3050,.F.);
#1320=ORIENTED_EDGE('',*,*,#3051,.T.);
#1321=ORIENTED_EDGE('',*,*,#3024,.T.);
#1322=ORIENTED_EDGE('',*,*,#3014,.T.);
#1323=ORIENTED_EDGE('',*,*,#3012,.T.);
#1324=ORIENTED_EDGE('',*,*,#3011,.T.);
#1325=ORIENTED_EDGE('',*,*,#3040,.T.);
#1326=ORIENTED_EDGE('',*,*,#2677,.F.);
#1327=ORIENTED_EDGE('',*,*,#3035,.T.);
#1328=ORIENTED_EDGE('',*,*,#3052,.T.);
#1329=ORIENTED_EDGE('',*,*,#3053,.T.);
#1330=ORIENTED_EDGE('',*,*,#2681,.F.);
#1331=ORIENTED_EDGE('',*,*,#3054,.F.);
#1332=ORIENTED_EDGE('',*,*,#3041,.F.);
#1333=ORIENTED_EDGE('',*,*,#3031,.F.);
#1334=ORIENTED_EDGE('',*,*,#2992,.F.);
#1335=ORIENTED_EDGE('',*,*,#3053,.F.);
#1336=ORIENTED_EDGE('',*,*,#3055,.T.);
#1337=ORIENTED_EDGE('',*,*,#3056,.F.);
#1338=ORIENTED_EDGE('',*,*,#2682,.F.);
#1339=ORIENTED_EDGE('',*,*,#2676,.F.);
#1340=ORIENTED_EDGE('',*,*,#3057,.T.);
#1341=ORIENTED_EDGE('',*,*,#3058,.T.);
#1342=ORIENTED_EDGE('',*,*,#3050,.T.);
#1343=ORIENTED_EDGE('',*,*,#3058,.F.);
#1344=ORIENTED_EDGE('',*,*,#3059,.F.);
#1345=ORIENTED_EDGE('',*,*,#3060,.F.);
#1346=ORIENTED_EDGE('',*,*,#2806,.F.);
#1347=ORIENTED_EDGE('',*,*,#3025,.F.);
#1348=ORIENTED_EDGE('',*,*,#3051,.F.);
#1349=ORIENTED_EDGE('',*,*,#3061,.F.);
#1350=ORIENTED_EDGE('',*,*,#3062,.F.);
#1351=ORIENTED_EDGE('',*,*,#2856,.F.);
#1352=ORIENTED_EDGE('',*,*,#2503,.F.);
#1353=ORIENTED_EDGE('',*,*,#3063,.T.);
#1354=ORIENTED_EDGE('',*,*,#3048,.T.);
#1355=ORIENTED_EDGE('',*,*,#3047,.T.);
#1356=ORIENTED_EDGE('',*,*,#3044,.F.);
#1357=ORIENTED_EDGE('',*,*,#3042,.F.);
#1358=ORIENTED_EDGE('',*,*,#3054,.T.);
#1359=ORIENTED_EDGE('',*,*,#2991,.F.);
#1360=ORIENTED_EDGE('',*,*,#3030,.F.);
#1361=ORIENTED_EDGE('',*,*,#3028,.T.);
#1362=ORIENTED_EDGE('',*,*,#3026,.T.);
#1363=ORIENTED_EDGE('',*,*,#2895,.F.);
#1364=ORIENTED_EDGE('',*,*,#3064,.T.);
#1365=ORIENTED_EDGE('',*,*,#3065,.T.);
#1366=ORIENTED_EDGE('',*,*,#2874,.F.);
#1367=ORIENTED_EDGE('',*,*,#3066,.F.);
#1368=ORIENTED_EDGE('',*,*,#2981,.T.);
#1369=ORIENTED_EDGE('',*,*,#2878,.T.);
#1370=ORIENTED_EDGE('',*,*,#3067,.T.);
#1371=ORIENTED_EDGE('',*,*,#3068,.F.);
#1372=ORIENTED_EDGE('',*,*,#3069,.T.);
#1373=ORIENTED_EDGE('',*,*,#3070,.T.);
#1374=ORIENTED_EDGE('',*,*,#3071,.T.);
#1375=ORIENTED_EDGE('',*,*,#3072,.T.);
#1376=ORIENTED_EDGE('',*,*,#3073,.T.);
#1377=ORIENTED_EDGE('',*,*,#3074,.F.);
#1378=ORIENTED_EDGE('',*,*,#3075,.T.);
#1379=ORIENTED_EDGE('',*,*,#2984,.T.);
#1380=ORIENTED_EDGE('',*,*,#3076,.T.);
#1381=ORIENTED_EDGE('',*,*,#3077,.T.);
#1382=ORIENTED_EDGE('',*,*,#3078,.T.);
#1383=ORIENTED_EDGE('',*,*,#3079,.T.);
#1384=ORIENTED_EDGE('',*,*,#3080,.T.);
#1385=ORIENTED_EDGE('',*,*,#3081,.F.);
#1386=ORIENTED_EDGE('',*,*,#3082,.F.);
#1387=ORIENTED_EDGE('',*,*,#2892,.T.);
#1388=ORIENTED_EDGE('',*,*,#3083,.F.);
#1389=ORIENTED_EDGE('',*,*,#3084,.T.);
#1390=ORIENTED_EDGE('',*,*,#3085,.T.);
#1391=ORIENTED_EDGE('',*,*,#3086,.T.);
#1392=ORIENTED_EDGE('',*,*,#3087,.F.);
#1393=ORIENTED_EDGE('',*,*,#3088,.T.);
#1394=ORIENTED_EDGE('',*,*,#3089,.F.);
#1395=ORIENTED_EDGE('',*,*,#3090,.T.);
#1396=ORIENTED_EDGE('',*,*,#3091,.T.);
#1397=ORIENTED_EDGE('',*,*,#2888,.T.);
#1398=ORIENTED_EDGE('',*,*,#2520,.T.);
#1399=ORIENTED_EDGE('',*,*,#3092,.T.);
#1400=ORIENTED_EDGE('',*,*,#3086,.F.);
#1401=ORIENTED_EDGE('',*,*,#2986,.F.);
#1402=ORIENTED_EDGE('',*,*,#3093,.F.);
#1403=ORIENTED_EDGE('',*,*,#3074,.T.);
#1404=ORIENTED_EDGE('',*,*,#3094,.T.);
#1405=ORIENTED_EDGE('',*,*,#3093,.T.);
#1406=ORIENTED_EDGE('',*,*,#2985,.T.);
#1407=ORIENTED_EDGE('',*,*,#3075,.F.);
#1408=ORIENTED_EDGE('',*,*,#2982,.F.);
#1409=ORIENTED_EDGE('',*,*,#3066,.T.);
#1410=ORIENTED_EDGE('',*,*,#3095,.T.);
#1411=ORIENTED_EDGE('',*,*,#3096,.F.);
#1412=ORIENTED_EDGE('',*,*,#3097,.T.);
#1413=ORIENTED_EDGE('',*,*,#3064,.F.);
#1414=ORIENTED_EDGE('',*,*,#2894,.T.);
#1415=ORIENTED_EDGE('',*,*,#3098,.T.);
#1416=ORIENTED_EDGE('',*,*,#3099,.T.);
#1417=ORIENTED_EDGE('',*,*,#3100,.T.);
#1418=ORIENTED_EDGE('',*,*,#2891,.F.);
#1419=ORIENTED_EDGE('',*,*,#3101,.F.);
#1420=ORIENTED_EDGE('',*,*,#3083,.T.);
#1421=ORIENTED_EDGE('',*,*,#3101,.T.);
#1422=ORIENTED_EDGE('',*,*,#2890,.T.);
#1423=ORIENTED_EDGE('',*,*,#3102,.T.);
#1424=ORIENTED_EDGE('',*,*,#3084,.F.);
#1425=ORIENTED_EDGE('',*,*,#3098,.F.);
#1426=ORIENTED_EDGE('',*,*,#2893,.T.);
#1427=ORIENTED_EDGE('',*,*,#3082,.T.);
#1428=ORIENTED_EDGE('',*,*,#3103,.F.);
#1429=ORIENTED_EDGE('',*,*,#3104,.F.);
#1430=ORIENTED_EDGE('',*,*,#3076,.F.);
#1431=ORIENTED_EDGE('',*,*,#2983,.T.);
#1432=ORIENTED_EDGE('',*,*,#3097,.F.);
#1433=ORIENTED_EDGE('',*,*,#3105,.F.);
#1434=ORIENTED_EDGE('',*,*,#3106,.F.);
#1435=ORIENTED_EDGE('',*,*,#2988,.F.);
#1436=ORIENTED_EDGE('',*,*,#3107,.T.);
#1437=ORIENTED_EDGE('',*,*,#3072,.F.);
#1438=ORIENTED_EDGE('',*,*,#3108,.T.);
#1439=ORIENTED_EDGE('',*,*,#2509,.T.);
#1440=ORIENTED_EDGE('',*,*,#2889,.F.);
#1441=ORIENTED_EDGE('',*,*,#3091,.F.);
#1442=ORIENTED_EDGE('',*,*,#3085,.F.);
#1443=ORIENTED_EDGE('',*,*,#3102,.F.);
#1444=ORIENTED_EDGE('',*,*,#2987,.F.);
#1445=ORIENTED_EDGE('',*,*,#3094,.F.);
#1446=ORIENTED_EDGE('',*,*,#3073,.F.);
#1447=ORIENTED_EDGE('',*,*,#3107,.F.);
#1448=ORIENTED_EDGE('',*,*,#3109,.F.);
#1449=ORIENTED_EDGE('',*,*,#3110,.F.);
#1450=ORIENTED_EDGE('',*,*,#3111,.F.);
#1451=ORIENTED_EDGE('',*,*,#2583,.F.);
#1452=ORIENTED_EDGE('',*,*,#3112,.T.);
#1453=ORIENTED_EDGE('',*,*,#3113,.F.);
#1454=ORIENTED_EDGE('',*,*,#3109,.T.);
#1455=ORIENTED_EDGE('',*,*,#2582,.F.);
#1456=ORIENTED_EDGE('',*,*,#3114,.F.);
#1457=ORIENTED_EDGE('',*,*,#3115,.F.);
#1458=ORIENTED_EDGE('',*,*,#3112,.F.);
#1459=ORIENTED_EDGE('',*,*,#2581,.F.);
#1460=ORIENTED_EDGE('',*,*,#3116,.F.);
#1461=ORIENTED_EDGE('',*,*,#3117,.F.);
#1462=ORIENTED_EDGE('',*,*,#3118,.F.);
#1463=ORIENTED_EDGE('',*,*,#2574,.F.);
#1464=ORIENTED_EDGE('',*,*,#2575,.F.);
#1465=ORIENTED_EDGE('',*,*,#3118,.T.);
#1466=ORIENTED_EDGE('',*,*,#3119,.F.);
#1467=ORIENTED_EDGE('',*,*,#3120,.F.);
#1468=ORIENTED_EDGE('',*,*,#3111,.T.);
#1469=ORIENTED_EDGE('',*,*,#3121,.T.);
#1470=ORIENTED_EDGE('',*,*,#3116,.T.);
#1471=ORIENTED_EDGE('',*,*,#2584,.F.);
#1472=ORIENTED_EDGE('',*,*,#3122,.F.);
#1473=ORIENTED_EDGE('',*,*,#3123,.F.);
#1474=ORIENTED_EDGE('',*,*,#3124,.F.);
#1475=ORIENTED_EDGE('',*,*,#2577,.F.);
#1476=ORIENTED_EDGE('',*,*,#3120,.T.);
#1477=ORIENTED_EDGE('',*,*,#3125,.T.);
#1478=ORIENTED_EDGE('',*,*,#3122,.T.);
#1479=ORIENTED_EDGE('',*,*,#2576,.F.);
#1480=ORIENTED_EDGE('',*,*,#3126,.F.);
#1481=ORIENTED_EDGE('',*,*,#3127,.F.);
#1482=ORIENTED_EDGE('',*,*,#3128,.F.);
#1483=ORIENTED_EDGE('',*,*,#2579,.F.);
#1484=ORIENTED_EDGE('',*,*,#3124,.T.);
#1485=ORIENTED_EDGE('',*,*,#3129,.T.);
#1486=ORIENTED_EDGE('',*,*,#3126,.T.);
#1487=ORIENTED_EDGE('',*,*,#2578,.F.);
#1488=ORIENTED_EDGE('',*,*,#2580,.F.);
#1489=ORIENTED_EDGE('',*,*,#3128,.T.);
#1490=ORIENTED_EDGE('',*,*,#3130,.T.);
#1491=ORIENTED_EDGE('',*,*,#3114,.T.);
#1492=ORIENTED_EDGE('',*,*,#3131,.F.);
#1493=ORIENTED_EDGE('',*,*,#3132,.T.);
#1494=ORIENTED_EDGE('',*,*,#3133,.T.);
#1495=ORIENTED_EDGE('',*,*,#2540,.T.);
#1496=ORIENTED_EDGE('',*,*,#3134,.T.);
#1497=ORIENTED_EDGE('',*,*,#2829,.T.);
#1498=ORIENTED_EDGE('',*,*,#3135,.F.);
#1499=ORIENTED_EDGE('',*,*,#2539,.T.);
#1500=ORIENTED_EDGE('',*,*,#3136,.T.);
#1501=ORIENTED_EDGE('',*,*,#2830,.T.);
#1502=ORIENTED_EDGE('',*,*,#3134,.F.);
#1503=ORIENTED_EDGE('',*,*,#2538,.T.);
#1504=ORIENTED_EDGE('',*,*,#3137,.T.);
#1505=ORIENTED_EDGE('',*,*,#2831,.T.);
#1506=ORIENTED_EDGE('',*,*,#3136,.F.);
#1507=ORIENTED_EDGE('',*,*,#2570,.T.);
#1508=ORIENTED_EDGE('',*,*,#3138,.T.);
#1509=ORIENTED_EDGE('',*,*,#2811,.T.);
#1510=ORIENTED_EDGE('',*,*,#3139,.F.);
#1511=ORIENTED_EDGE('',*,*,#2569,.T.);
#1512=ORIENTED_EDGE('',*,*,#3140,.T.);
#1513=ORIENTED_EDGE('',*,*,#2812,.T.);
#1514=ORIENTED_EDGE('',*,*,#3138,.F.);
#1515=ORIENTED_EDGE('',*,*,#2568,.T.);
#1516=ORIENTED_EDGE('',*,*,#3141,.T.);
#1517=ORIENTED_EDGE('',*,*,#2813,.T.);
#1518=ORIENTED_EDGE('',*,*,#3140,.F.);
#1519=ORIENTED_EDGE('',*,*,#3142,.F.);
#1520=ORIENTED_EDGE('',*,*,#2731,.F.);
#1521=ORIENTED_EDGE('',*,*,#3143,.F.);
#1522=ORIENTED_EDGE('',*,*,#2817,.F.);
#1523=ORIENTED_EDGE('',*,*,#3144,.F.);
#1524=ORIENTED_EDGE('',*,*,#3145,.T.);
#1525=ORIENTED_EDGE('',*,*,#2732,.T.);
#1526=ORIENTED_EDGE('',*,*,#3142,.T.);
#1527=ORIENTED_EDGE('',*,*,#2816,.T.);
#1528=ORIENTED_EDGE('',*,*,#3146,.F.);
#1529=ORIENTED_EDGE('',*,*,#2729,.F.);
#1530=ORIENTED_EDGE('',*,*,#3147,.F.);
#1531=ORIENTED_EDGE('',*,*,#2819,.F.);
#1532=ORIENTED_EDGE('',*,*,#3147,.T.);
#1533=ORIENTED_EDGE('',*,*,#2728,.T.);
#1534=ORIENTED_EDGE('',*,*,#2638,.F.);
#1535=ORIENTED_EDGE('',*,*,#3148,.F.);
#1536=ORIENTED_EDGE('',*,*,#2820,.T.);
#1537=ORIENTED_EDGE('',*,*,#3143,.T.);
#1538=ORIENTED_EDGE('',*,*,#2730,.T.);
#1539=ORIENTED_EDGE('',*,*,#3146,.T.);
#1540=ORIENTED_EDGE('',*,*,#2818,.F.);
#1541=ORIENTED_EDGE('',*,*,#3149,.T.);
#1542=ORIENTED_EDGE('',*,*,#3150,.T.);
#1543=ORIENTED_EDGE('',*,*,#3151,.F.);
#1544=ORIENTED_EDGE('',*,*,#3133,.F.);
#1545=ORIENTED_EDGE('',*,*,#3151,.T.);
#1546=ORIENTED_EDGE('',*,*,#3152,.T.);
#1547=ORIENTED_EDGE('',*,*,#3153,.T.);
#1548=ORIENTED_EDGE('',*,*,#2719,.F.);
#1549=ORIENTED_EDGE('',*,*,#3154,.T.);
#1550=ORIENTED_EDGE('',*,*,#2544,.F.);
#1551=ORIENTED_EDGE('',*,*,#3155,.F.);
#1552=ORIENTED_EDGE('',*,*,#3131,.T.);
#1553=ORIENTED_EDGE('',*,*,#3156,.T.);
#1554=ORIENTED_EDGE('',*,*,#2737,.T.);
#1555=ORIENTED_EDGE('',*,*,#3157,.T.);
#1556=ORIENTED_EDGE('',*,*,#3158,.T.);
#1557=ORIENTED_EDGE('',*,*,#3159,.F.);
#1558=ORIENTED_EDGE('',*,*,#3060,.T.);
#1559=ORIENTED_EDGE('',*,*,#3160,.T.);
#1560=ORIENTED_EDGE('',*,*,#2674,.F.);
#1561=ORIENTED_EDGE('',*,*,#3161,.F.);
#1562=ORIENTED_EDGE('',*,*,#2807,.T.);
#1563=ORIENTED_EDGE('',*,*,#3161,.T.);
#1564=ORIENTED_EDGE('',*,*,#2673,.F.);
#1565=ORIENTED_EDGE('',*,*,#2690,.F.);
#1566=ORIENTED_EDGE('',*,*,#2808,.T.);
#1567=ORIENTED_EDGE('',*,*,#2742,.T.);
#1568=ORIENTED_EDGE('',*,*,#2938,.F.);
#1569=ORIENTED_EDGE('',*,*,#3162,.F.);
#1570=ORIENTED_EDGE('',*,*,#2834,.T.);
#1571=ORIENTED_EDGE('',*,*,#3163,.F.);
#1572=ORIENTED_EDGE('',*,*,#3162,.T.);
#1573=ORIENTED_EDGE('',*,*,#2937,.T.);
#1574=ORIENTED_EDGE('',*,*,#3164,.T.);
#1575=ORIENTED_EDGE('',*,*,#2945,.T.);
#1576=ORIENTED_EDGE('',*,*,#2835,.F.);
#1577=ORIENTED_EDGE('',*,*,#3165,.F.);
#1578=ORIENTED_EDGE('',*,*,#3166,.F.);
#1579=ORIENTED_EDGE('',*,*,#3167,.F.);
#1580=ORIENTED_EDGE('',*,*,#2434,.F.);
#1581=ORIENTED_EDGE('',*,*,#3168,.T.);
#1582=ORIENTED_EDGE('',*,*,#3169,.T.);
#1583=ORIENTED_EDGE('',*,*,#3170,.T.);
#1584=ORIENTED_EDGE('',*,*,#3171,.T.);
#1585=ORIENTED_EDGE('',*,*,#2564,.F.);
#1586=ORIENTED_EDGE('',*,*,#2694,.F.);
#1587=ORIENTED_EDGE('',*,*,#3172,.T.);
#1588=ORIENTED_EDGE('',*,*,#3173,.T.);
#1589=ORIENTED_EDGE('',*,*,#3174,.T.);
#1590=ORIENTED_EDGE('',*,*,#2814,.F.);
#1591=ORIENTED_EDGE('',*,*,#3141,.F.);
#1592=ORIENTED_EDGE('',*,*,#2567,.F.);
#1593=ORIENTED_EDGE('',*,*,#3173,.F.);
#1594=ORIENTED_EDGE('',*,*,#3175,.T.);
#1595=ORIENTED_EDGE('',*,*,#3176,.T.);
#1596=ORIENTED_EDGE('',*,*,#3177,.T.);
#1597=ORIENTED_EDGE('',*,*,#3178,.F.);
#1598=ORIENTED_EDGE('',*,*,#3179,.T.);
#1599=ORIENTED_EDGE('',*,*,#2698,.F.);
#1600=ORIENTED_EDGE('',*,*,#2571,.T.);
#1601=ORIENTED_EDGE('',*,*,#3139,.T.);
#1602=ORIENTED_EDGE('',*,*,#2810,.T.);
#1603=ORIENTED_EDGE('',*,*,#2537,.F.);
#1604=ORIENTED_EDGE('',*,*,#2749,.T.);
#1605=ORIENTED_EDGE('',*,*,#3180,.T.);
#1606=ORIENTED_EDGE('',*,*,#3181,.T.);
#1607=ORIENTED_EDGE('',*,*,#2832,.F.);
#1608=ORIENTED_EDGE('',*,*,#3137,.F.);
#1609=ORIENTED_EDGE('',*,*,#2688,.F.);
#1610=ORIENTED_EDGE('',*,*,#3182,.T.);
#1611=ORIENTED_EDGE('',*,*,#3178,.T.);
#1612=ORIENTED_EDGE('',*,*,#2809,.T.);
#1613=ORIENTED_EDGE('',*,*,#3181,.F.);
#1614=ORIENTED_EDGE('',*,*,#3183,.T.);
#1615=ORIENTED_EDGE('',*,*,#2744,.F.);
#1616=ORIENTED_EDGE('',*,*,#2833,.T.);
#1617=ORIENTED_EDGE('',*,*,#3184,.F.);
#1618=ORIENTED_EDGE('',*,*,#3185,.F.);
#1619=ORIENTED_EDGE('',*,*,#3186,.F.);
#1620=ORIENTED_EDGE('',*,*,#2463,.F.);
#1621=ORIENTED_EDGE('',*,*,#3187,.T.);
#1622=ORIENTED_EDGE('',*,*,#3188,.T.);
#1623=ORIENTED_EDGE('',*,*,#3189,.T.);
#1624=ORIENTED_EDGE('',*,*,#2488,.T.);
#1625=ORIENTED_EDGE('',*,*,#2541,.T.);
#1626=ORIENTED_EDGE('',*,*,#3135,.T.);
#1627=ORIENTED_EDGE('',*,*,#2828,.T.);
#1628=ORIENTED_EDGE('',*,*,#3190,.T.);
#1629=ORIENTED_EDGE('',*,*,#3158,.F.);
#1630=ORIENTED_EDGE('',*,*,#3191,.T.);
#1631=ORIENTED_EDGE('',*,*,#3149,.F.);
#1632=ORIENTED_EDGE('',*,*,#3132,.F.);
#1633=ORIENTED_EDGE('',*,*,#3155,.T.);
#1634=ORIENTED_EDGE('',*,*,#2543,.T.);
#1635=ORIENTED_EDGE('',*,*,#3177,.F.);
#1636=ORIENTED_EDGE('',*,*,#3192,.F.);
#1637=ORIENTED_EDGE('',*,*,#3144,.T.);
#1638=ORIENTED_EDGE('',*,*,#2815,.F.);
#1639=ORIENTED_EDGE('',*,*,#3174,.F.);
#1640=ORIENTED_EDGE('',*,*,#3193,.F.);
#1641=ORIENTED_EDGE('',*,*,#2724,.F.);
#1642=ORIENTED_EDGE('',*,*,#3194,.F.);
#1643=ORIENTED_EDGE('',*,*,#2825,.F.);
#1644=ORIENTED_EDGE('',*,*,#3195,.F.);
#1645=ORIENTED_EDGE('',*,*,#2726,.F.);
#1646=ORIENTED_EDGE('',*,*,#3196,.F.);
#1647=ORIENTED_EDGE('',*,*,#2823,.F.);
#1648=ORIENTED_EDGE('',*,*,#3197,.F.);
#1649=ORIENTED_EDGE('',*,*,#2636,.T.);
#1650=ORIENTED_EDGE('',*,*,#2727,.T.);
#1651=ORIENTED_EDGE('',*,*,#3195,.T.);
#1652=ORIENTED_EDGE('',*,*,#2822,.T.);
#1653=ORIENTED_EDGE('',*,*,#3196,.T.);
#1654=ORIENTED_EDGE('',*,*,#2725,.F.);
#1655=ORIENTED_EDGE('',*,*,#3193,.T.);
#1656=ORIENTED_EDGE('',*,*,#2824,.F.);
#1657=ORIENTED_EDGE('',*,*,#3194,.T.);
#1658=ORIENTED_EDGE('',*,*,#2723,.F.);
#1659=ORIENTED_EDGE('',*,*,#2739,.F.);
#1660=ORIENTED_EDGE('',*,*,#3198,.F.);
#1661=ORIENTED_EDGE('',*,*,#2826,.T.);
#1662=ORIENTED_EDGE('',*,*,#3198,.T.);
#1663=ORIENTED_EDGE('',*,*,#2738,.F.);
#1664=ORIENTED_EDGE('',*,*,#3156,.F.);
#1665=ORIENTED_EDGE('',*,*,#3190,.F.);
#1666=ORIENTED_EDGE('',*,*,#2827,.F.);
#1667=ORIENTED_EDGE('',*,*,#3148,.T.);
#1668=ORIENTED_EDGE('',*,*,#2637,.F.);
#1669=ORIENTED_EDGE('',*,*,#3197,.T.);
#1670=ORIENTED_EDGE('',*,*,#2821,.F.);
#1671=ORIENTED_EDGE('',*,*,#3199,.F.);
#1672=ORIENTED_EDGE('',*,*,#3200,.F.);
#1673=ORIENTED_EDGE('',*,*,#3201,.F.);
#1674=ORIENTED_EDGE('',*,*,#3202,.T.);
#1675=ORIENTED_EDGE('',*,*,#3203,.F.);
#1676=ORIENTED_EDGE('',*,*,#3204,.T.);
#1677=ORIENTED_EDGE('',*,*,#3205,.F.);
#1678=ORIENTED_EDGE('',*,*,#3206,.F.);
#1679=ORIENTED_EDGE('',*,*,#3207,.F.);
#1680=ORIENTED_EDGE('',*,*,#2552,.F.);
#1681=ORIENTED_EDGE('',*,*,#3208,.F.);
#1682=ORIENTED_EDGE('',*,*,#2711,.F.);
#1683=ORIENTED_EDGE('',*,*,#3209,.T.);
#1684=ORIENTED_EDGE('',*,*,#2661,.T.);
#1685=ORIENTED_EDGE('',*,*,#3210,.F.);
#1686=ORIENTED_EDGE('',*,*,#3211,.T.);
#1687=ORIENTED_EDGE('',*,*,#3212,.T.);
#1688=ORIENTED_EDGE('',*,*,#2654,.T.);
#1689=ORIENTED_EDGE('',*,*,#3209,.F.);
#1690=ORIENTED_EDGE('',*,*,#3213,.T.);
#1691=ORIENTED_EDGE('',*,*,#3214,.T.);
#1692=ORIENTED_EDGE('',*,*,#2655,.T.);
#1693=ORIENTED_EDGE('',*,*,#3212,.F.);
#1694=ORIENTED_EDGE('',*,*,#3215,.T.);
#1695=ORIENTED_EDGE('',*,*,#3216,.T.);
#1696=ORIENTED_EDGE('',*,*,#2656,.T.);
#1697=ORIENTED_EDGE('',*,*,#3214,.F.);
#1698=ORIENTED_EDGE('',*,*,#3217,.F.);
#1699=ORIENTED_EDGE('',*,*,#3218,.T.);
#1700=ORIENTED_EDGE('',*,*,#3199,.T.);
#1701=ORIENTED_EDGE('',*,*,#3219,.F.);
#1702=ORIENTED_EDGE('',*,*,#3210,.T.);
#1703=ORIENTED_EDGE('',*,*,#2660,.T.);
#1704=ORIENTED_EDGE('',*,*,#3220,.F.);
#1705=ORIENTED_EDGE('',*,*,#3221,.F.);
#1706=ORIENTED_EDGE('',*,*,#3203,.T.);
#1707=ORIENTED_EDGE('',*,*,#3222,.F.);
#1708=ORIENTED_EDGE('',*,*,#3223,.F.);
#1709=ORIENTED_EDGE('',*,*,#3224,.T.);
#1710=ORIENTED_EDGE('',*,*,#2733,.T.);
#1711=ORIENTED_EDGE('',*,*,#3145,.F.);
#1712=ORIENTED_EDGE('',*,*,#3192,.T.);
#1713=ORIENTED_EDGE('',*,*,#3176,.F.);
#1714=ORIENTED_EDGE('',*,*,#3056,.T.);
#1715=ORIENTED_EDGE('',*,*,#3225,.T.);
#1716=ORIENTED_EDGE('',*,*,#3226,.T.);
#1717=ORIENTED_EDGE('',*,*,#2683,.T.);
#1718=ORIENTED_EDGE('',*,*,#3227,.F.);
#1719=ORIENTED_EDGE('',*,*,#3228,.T.);
#1720=ORIENTED_EDGE('',*,*,#2958,.T.);
#1721=ORIENTED_EDGE('',*,*,#2930,.F.);
#1722=ORIENTED_EDGE('',*,*,#3087,.T.);
#1723=ORIENTED_EDGE('',*,*,#3092,.F.);
#1724=ORIENTED_EDGE('',*,*,#2519,.F.);
#1725=ORIENTED_EDGE('',*,*,#3229,.T.);
#1726=ORIENTED_EDGE('',*,*,#2750,.F.);
#1727=ORIENTED_EDGE('',*,*,#2535,.F.);
#1728=ORIENTED_EDGE('',*,*,#3230,.T.);
#1729=ORIENTED_EDGE('',*,*,#2928,.T.);
#1730=ORIENTED_EDGE('',*,*,#3231,.T.);
#1731=ORIENTED_EDGE('',*,*,#3232,.T.);
#1732=ORIENTED_EDGE('',*,*,#2513,.T.);
#1733=ORIENTED_EDGE('',*,*,#3233,.T.);
#1734=ORIENTED_EDGE('',*,*,#3234,.F.);
#1735=ORIENTED_EDGE('',*,*,#3235,.T.);
#1736=ORIENTED_EDGE('',*,*,#3236,.T.);
#1737=ORIENTED_EDGE('',*,*,#3237,.T.);
#1738=ORIENTED_EDGE('',*,*,#2511,.T.);
#1739=ORIENTED_EDGE('',*,*,#3238,.T.);
#1740=ORIENTED_EDGE('',*,*,#3070,.F.);
#1741=ORIENTED_EDGE('',*,*,#3239,.T.);
#1742=ORIENTED_EDGE('',*,*,#3240,.F.);
#1743=ORIENTED_EDGE('',*,*,#3103,.T.);
#1744=ORIENTED_EDGE('',*,*,#3081,.T.);
#1745=ORIENTED_EDGE('',*,*,#3241,.T.);
#1746=ORIENTED_EDGE('',*,*,#3099,.F.);
#1747=ORIENTED_EDGE('',*,*,#3104,.T.);
#1748=ORIENTED_EDGE('',*,*,#3240,.T.);
#1749=ORIENTED_EDGE('',*,*,#3242,.T.);
#1750=ORIENTED_EDGE('',*,*,#3079,.F.);
#1751=ORIENTED_EDGE('',*,*,#3243,.T.);
#1752=ORIENTED_EDGE('',*,*,#2876,.T.);
#1753=ORIENTED_EDGE('',*,*,#3244,.T.);
#1754=ORIENTED_EDGE('',*,*,#3245,.F.);
#1755=ORIENTED_EDGE('',*,*,#2534,.T.);
#1756=ORIENTED_EDGE('',*,*,#3246,.T.);
#1757=ORIENTED_EDGE('',*,*,#3227,.T.);
#1758=ORIENTED_EDGE('',*,*,#2929,.F.);
#1759=ORIENTED_EDGE('',*,*,#3230,.F.);
#1760=ORIENTED_EDGE('',*,*,#2573,.F.);
#1761=ORIENTED_EDGE('',*,*,#2697,.T.);
#1762=ORIENTED_EDGE('',*,*,#2685,.T.);
#1763=ORIENTED_EDGE('',*,*,#3247,.F.);
#1764=ORIENTED_EDGE('',*,*,#3248,.F.);
#1765=ORIENTED_EDGE('',*,*,#3226,.F.);
#1766=ORIENTED_EDGE('',*,*,#3249,.T.);
#1767=ORIENTED_EDGE('',*,*,#2495,.F.);
#1768=ORIENTED_EDGE('',*,*,#3247,.T.);
#1769=ORIENTED_EDGE('',*,*,#2684,.T.);
#1770=ORIENTED_EDGE('',*,*,#3250,.F.);
#1771=ORIENTED_EDGE('',*,*,#3105,.T.);
#1772=ORIENTED_EDGE('',*,*,#3096,.T.);
#1773=ORIENTED_EDGE('',*,*,#3251,.T.);
#1774=ORIENTED_EDGE('',*,*,#3077,.F.);
#1775=ORIENTED_EDGE('',*,*,#3106,.T.);
#1776=ORIENTED_EDGE('',*,*,#3250,.T.);
#1777=ORIENTED_EDGE('',*,*,#3252,.T.);
#1778=ORIENTED_EDGE('',*,*,#2877,.F.);
#1779=ORIENTED_EDGE('',*,*,#3243,.F.);
#1780=ORIENTED_EDGE('',*,*,#3078,.F.);
#1781=ORIENTED_EDGE('',*,*,#3252,.F.);
#1782=ORIENTED_EDGE('',*,*,#3251,.F.);
#1783=ORIENTED_EDGE('',*,*,#3095,.F.);
#1784=ORIENTED_EDGE('',*,*,#3067,.F.);
#1785=ORIENTED_EDGE('',*,*,#2875,.F.);
#1786=ORIENTED_EDGE('',*,*,#3065,.F.);
#1787=ORIENTED_EDGE('',*,*,#3100,.F.);
#1788=ORIENTED_EDGE('',*,*,#3242,.F.);
#1789=ORIENTED_EDGE('',*,*,#3241,.F.);
#1790=ORIENTED_EDGE('',*,*,#3080,.F.);
#1791=ORIENTED_EDGE('',*,*,#3244,.F.);
#1792=ORIENTED_EDGE('',*,*,#2517,.F.);
#1793=ORIENTED_EDGE('',*,*,#3253,.T.);
#1794=ORIENTED_EDGE('',*,*,#3089,.T.);
#1795=ORIENTED_EDGE('',*,*,#3254,.T.);
#1796=ORIENTED_EDGE('',*,*,#3255,.T.);
#1797=ORIENTED_EDGE('',*,*,#3256,.F.);
#1798=ORIENTED_EDGE('',*,*,#3257,.T.);
#1799=ORIENTED_EDGE('',*,*,#3068,.T.);
#1800=ORIENTED_EDGE('',*,*,#3258,.T.);
#1801=ORIENTED_EDGE('',*,*,#2515,.F.);
#1802=ORIENTED_EDGE('',*,*,#3259,.T.);
#1803=ORIENTED_EDGE('',*,*,#3260,.T.);
#1804=ORIENTED_EDGE('',*,*,#3071,.F.);
#1805=ORIENTED_EDGE('',*,*,#3238,.F.);
#1806=ORIENTED_EDGE('',*,*,#2510,.F.);
#1807=ORIENTED_EDGE('',*,*,#3108,.F.);
#1808=ORIENTED_EDGE('',*,*,#3261,.F.);
#1809=ORIENTED_EDGE('',*,*,#3262,.T.);
#1810=ORIENTED_EDGE('',*,*,#3263,.T.);
#1811=ORIENTED_EDGE('',*,*,#3264,.T.);
#1812=ORIENTED_EDGE('',*,*,#3234,.T.);
#1813=ORIENTED_EDGE('',*,*,#3265,.T.);
#1814=ORIENTED_EDGE('',*,*,#3256,.T.);
#1815=ORIENTED_EDGE('',*,*,#3266,.T.);
#1816=ORIENTED_EDGE('',*,*,#3261,.T.);
#1817=ORIENTED_EDGE('',*,*,#3267,.T.);
#1818=ORIENTED_EDGE('',*,*,#2740,.F.);
#1819=ORIENTED_EDGE('',*,*,#3268,.T.);
#1820=ORIENTED_EDGE('',*,*,#2747,.T.);
#1821=ORIENTED_EDGE('',*,*,#2927,.T.);
#1822=ORIENTED_EDGE('',*,*,#2736,.F.);
#1823=ORIENTED_EDGE('',*,*,#2721,.F.);
#1824=ORIENTED_EDGE('',*,*,#3269,.T.);
#1825=ORIENTED_EDGE('',*,*,#3270,.T.);
#1826=ORIENTED_EDGE('',*,*,#2696,.T.);
#1827=ORIENTED_EDGE('',*,*,#3271,.T.);
#1828=ORIENTED_EDGE('',*,*,#2686,.F.);
#1829=ORIENTED_EDGE('',*,*,#2671,.F.);
#1830=ORIENTED_EDGE('',*,*,#3224,.F.);
#1831=ORIENTED_EDGE('',*,*,#3272,.T.);
#1832=ORIENTED_EDGE('',*,*,#2692,.F.);
#1833=ORIENTED_EDGE('',*,*,#2700,.T.);
#1834=ORIENTED_EDGE('',*,*,#2693,.F.);
#1835=ORIENTED_EDGE('',*,*,#3272,.F.);
#1836=ORIENTED_EDGE('',*,*,#3175,.F.);
#1837=ORIENTED_EDGE('',*,*,#3172,.F.);
#1838=ORIENTED_EDGE('',*,*,#2748,.F.);
#1839=ORIENTED_EDGE('',*,*,#3268,.F.);
#1840=ORIENTED_EDGE('',*,*,#2745,.F.);
#1841=ORIENTED_EDGE('',*,*,#3183,.F.);
#1842=ORIENTED_EDGE('',*,*,#3180,.F.);
#1843=ORIENTED_EDGE('',*,*,#3150,.F.);
#1844=ORIENTED_EDGE('',*,*,#3191,.F.);
#1845=ORIENTED_EDGE('',*,*,#3157,.F.);
#1846=ORIENTED_EDGE('',*,*,#3270,.F.);
#1847=ORIENTED_EDGE('',*,*,#3273,.T.);
#1848=ORIENTED_EDGE('',*,*,#3152,.F.);
#1849=ORIENTED_EDGE('',*,*,#3179,.F.);
#1850=ORIENTED_EDGE('',*,*,#3182,.F.);
#1851=ORIENTED_EDGE('',*,*,#2687,.F.);
#1852=ORIENTED_EDGE('',*,*,#3271,.F.);
#1853=ORIENTED_EDGE('',*,*,#2699,.F.);
#1854=ORIENTED_EDGE('',*,*,#2925,.F.);
#1855=ORIENTED_EDGE('',*,*,#2946,.T.);
#1856=ORIENTED_EDGE('',*,*,#3164,.F.);
#1857=ORIENTED_EDGE('',*,*,#2936,.F.);
#1858=ORIENTED_EDGE('',*,*,#3160,.F.);
#1859=ORIENTED_EDGE('',*,*,#3059,.T.);
#1860=ORIENTED_EDGE('',*,*,#3057,.F.);
#1861=ORIENTED_EDGE('',*,*,#2675,.F.);
#1862=ORIENTED_EDGE('',*,*,#3274,.T.);
#1863=ORIENTED_EDGE('',*,*,#2734,.T.);
#1864=ORIENTED_EDGE('',*,*,#2712,.F.);
#1865=ORIENTED_EDGE('',*,*,#3208,.T.);
#1866=ORIENTED_EDGE('',*,*,#2551,.F.);
#1867=ORIENTED_EDGE('',*,*,#3275,.T.);
#1868=ORIENTED_EDGE('',*,*,#3276,.T.);
#1869=ORIENTED_EDGE('',*,*,#2735,.T.);
#1870=ORIENTED_EDGE('',*,*,#2708,.F.);
#1871=ORIENTED_EDGE('',*,*,#3277,.T.);
#1872=ORIENTED_EDGE('',*,*,#2555,.F.);
#1873=ORIENTED_EDGE('',*,*,#3278,.T.);
#1874=ORIENTED_EDGE('',*,*,#2707,.F.);
#1875=ORIENTED_EDGE('',*,*,#3279,.T.);
#1876=ORIENTED_EDGE('',*,*,#2556,.F.);
#1877=ORIENTED_EDGE('',*,*,#3277,.F.);
#1878=ORIENTED_EDGE('',*,*,#2554,.F.);
#1879=ORIENTED_EDGE('',*,*,#3280,.T.);
#1880=ORIENTED_EDGE('',*,*,#2709,.F.);
#1881=ORIENTED_EDGE('',*,*,#3278,.F.);
#1882=ORIENTED_EDGE('',*,*,#2550,.F.);
#1883=ORIENTED_EDGE('',*,*,#3281,.T.);
#1884=ORIENTED_EDGE('',*,*,#2713,.F.);
#1885=ORIENTED_EDGE('',*,*,#3275,.F.);
#1886=ORIENTED_EDGE('',*,*,#3276,.F.);
#1887=ORIENTED_EDGE('',*,*,#3274,.F.);
#1888=ORIENTED_EDGE('',*,*,#2558,.F.);
#1889=ORIENTED_EDGE('',*,*,#3282,.T.);
#1890=ORIENTED_EDGE('',*,*,#2705,.F.);
#1891=ORIENTED_EDGE('',*,*,#3283,.T.);
#1892=ORIENTED_EDGE('',*,*,#2560,.F.);
#1893=ORIENTED_EDGE('',*,*,#3284,.T.);
#1894=ORIENTED_EDGE('',*,*,#2703,.F.);
#1895=ORIENTED_EDGE('',*,*,#3285,.T.);
#1896=ORIENTED_EDGE('',*,*,#2562,.T.);
#1897=ORIENTED_EDGE('',*,*,#3286,.T.);
#1898=ORIENTED_EDGE('',*,*,#2701,.T.);
#1899=ORIENTED_EDGE('',*,*,#2695,.F.);
#1900=ORIENTED_EDGE('',*,*,#2546,.T.);
#1901=ORIENTED_EDGE('',*,*,#3287,.T.);
#1902=ORIENTED_EDGE('',*,*,#2717,.T.);
#1903=ORIENTED_EDGE('',*,*,#3288,.T.);
#1904=ORIENTED_EDGE('',*,*,#2715,.T.);
#1905=ORIENTED_EDGE('',*,*,#3289,.T.);
#1906=ORIENTED_EDGE('',*,*,#2548,.T.);
#1907=ORIENTED_EDGE('',*,*,#3290,.T.);
#1908=ORIENTED_EDGE('',*,*,#3269,.F.);
#1909=ORIENTED_EDGE('',*,*,#2720,.F.);
#1910=ORIENTED_EDGE('',*,*,#3153,.F.);
#1911=ORIENTED_EDGE('',*,*,#3273,.F.);
#1912=ORIENTED_EDGE('',*,*,#3291,.T.);
#1913=ORIENTED_EDGE('',*,*,#2657,.T.);
#1914=ORIENTED_EDGE('',*,*,#3216,.F.);
#1915=ORIENTED_EDGE('',*,*,#3292,.F.);
#1916=ORIENTED_EDGE('',*,*,#3293,.T.);
#1917=ORIENTED_EDGE('',*,*,#2658,.T.);
#1918=ORIENTED_EDGE('',*,*,#3291,.F.);
#1919=ORIENTED_EDGE('',*,*,#3294,.F.);
#1920=ORIENTED_EDGE('',*,*,#3220,.T.);
#1921=ORIENTED_EDGE('',*,*,#2659,.T.);
#1922=ORIENTED_EDGE('',*,*,#3293,.F.);
#1923=ORIENTED_EDGE('',*,*,#3295,.F.);
#1924=ORIENTED_EDGE('',*,*,#2559,.F.);
#1925=ORIENTED_EDGE('',*,*,#3283,.F.);
#1926=ORIENTED_EDGE('',*,*,#2704,.F.);
#1927=ORIENTED_EDGE('',*,*,#3284,.F.);
#1928=ORIENTED_EDGE('',*,*,#2561,.F.);
#1929=ORIENTED_EDGE('',*,*,#3285,.F.);
#1930=ORIENTED_EDGE('',*,*,#2702,.F.);
#1931=ORIENTED_EDGE('',*,*,#3286,.F.);
#1932=ORIENTED_EDGE('',*,*,#2545,.F.);
#1933=ORIENTED_EDGE('',*,*,#3154,.F.);
#1934=ORIENTED_EDGE('',*,*,#2718,.F.);
#1935=ORIENTED_EDGE('',*,*,#3287,.F.);
#1936=ORIENTED_EDGE('',*,*,#2547,.F.);
#1937=ORIENTED_EDGE('',*,*,#3288,.F.);
#1938=ORIENTED_EDGE('',*,*,#2716,.F.);
#1939=ORIENTED_EDGE('',*,*,#3290,.F.);
#1940=ORIENTED_EDGE('',*,*,#3090,.F.);
#1941=ORIENTED_EDGE('',*,*,#3253,.F.);
#1942=ORIENTED_EDGE('',*,*,#2516,.F.);
#1943=ORIENTED_EDGE('',*,*,#3258,.F.);
#1944=ORIENTED_EDGE('',*,*,#3088,.F.);
#1945=ORIENTED_EDGE('',*,*,#3229,.F.);
#1946=ORIENTED_EDGE('',*,*,#2518,.F.);
#1947=ORIENTED_EDGE('',*,*,#3254,.F.);
#1948=ORIENTED_EDGE('',*,*,#2553,.F.);
#1949=ORIENTED_EDGE('',*,*,#3207,.T.);
#1950=ORIENTED_EDGE('',*,*,#2710,.F.);
#1951=ORIENTED_EDGE('',*,*,#3280,.F.);
#1952=ORIENTED_EDGE('',*,*,#3292,.T.);
#1953=ORIENTED_EDGE('',*,*,#3219,.T.);
#1954=ORIENTED_EDGE('',*,*,#3202,.F.);
#1955=ORIENTED_EDGE('',*,*,#3296,.F.);
#1956=ORIENTED_EDGE('',*,*,#3297,.F.);
#1957=ORIENTED_EDGE('',*,*,#3298,.F.);
#1958=ORIENTED_EDGE('',*,*,#3299,.F.);
#1959=ORIENTED_EDGE('',*,*,#3300,.F.);
#1960=ORIENTED_EDGE('',*,*,#3204,.F.);
#1961=ORIENTED_EDGE('',*,*,#3221,.T.);
#1962=ORIENTED_EDGE('',*,*,#3295,.T.);
#1963=ORIENTED_EDGE('',*,*,#3294,.T.);
#1964=ORIENTED_EDGE('',*,*,#3301,.T.);
#1965=ORIENTED_EDGE('',*,*,#3297,.T.);
#1966=ORIENTED_EDGE('',*,*,#3302,.F.);
#1967=ORIENTED_EDGE('',*,*,#3303,.F.);
#1968=ORIENTED_EDGE('',*,*,#3304,.T.);
#1969=ORIENTED_EDGE('',*,*,#3298,.T.);
#1970=ORIENTED_EDGE('',*,*,#3301,.F.);
#1971=ORIENTED_EDGE('',*,*,#3305,.F.);
#1972=ORIENTED_EDGE('',*,*,#3306,.T.);
#1973=ORIENTED_EDGE('',*,*,#3299,.T.);
#1974=ORIENTED_EDGE('',*,*,#3304,.F.);
#1975=ORIENTED_EDGE('',*,*,#3307,.F.);
#1976=ORIENTED_EDGE('',*,*,#3205,.T.);
#1977=ORIENTED_EDGE('',*,*,#3300,.T.);
#1978=ORIENTED_EDGE('',*,*,#3306,.F.);
#1979=ORIENTED_EDGE('',*,*,#3308,.F.);
#1980=ORIENTED_EDGE('',*,*,#3309,.T.);
#1981=ORIENTED_EDGE('',*,*,#3302,.T.);
#1982=ORIENTED_EDGE('',*,*,#3296,.T.);
#1983=ORIENTED_EDGE('',*,*,#3201,.T.);
#1984=ORIENTED_EDGE('',*,*,#3310,.F.);
#1985=ORIENTED_EDGE('',*,*,#3311,.F.);
#1986=ORIENTED_EDGE('',*,*,#2662,.F.);
#1987=ORIENTED_EDGE('',*,*,#2640,.T.);
#1988=ORIENTED_EDGE('',*,*,#3200,.T.);
#1989=ORIENTED_EDGE('',*,*,#3218,.F.);
#1990=ORIENTED_EDGE('',*,*,#3312,.F.);
#1991=ORIENTED_EDGE('',*,*,#3310,.T.);
#1992=ORIENTED_EDGE('',*,*,#3206,.T.);
#1993=ORIENTED_EDGE('',*,*,#3309,.F.);
#1994=ORIENTED_EDGE('',*,*,#3313,.F.);
#1995=ORIENTED_EDGE('',*,*,#3222,.T.);
#1996=ORIENTED_EDGE('',*,*,#3312,.T.);
#1997=ORIENTED_EDGE('',*,*,#3217,.T.);
#1998=ORIENTED_EDGE('',*,*,#3215,.F.);
#1999=ORIENTED_EDGE('',*,*,#3213,.F.);
#2000=ORIENTED_EDGE('',*,*,#3211,.F.);
#2001=ORIENTED_EDGE('',*,*,#3223,.T.);
#2002=ORIENTED_EDGE('',*,*,#3313,.T.);
#2003=ORIENTED_EDGE('',*,*,#3308,.T.);
#2004=ORIENTED_EDGE('',*,*,#3307,.T.);
#2005=ORIENTED_EDGE('',*,*,#3305,.T.);
#2006=ORIENTED_EDGE('',*,*,#3303,.T.);
#2007=ORIENTED_EDGE('',*,*,#3311,.T.);
#2008=ORIENTED_EDGE('',*,*,#2557,.F.);
#2009=ORIENTED_EDGE('',*,*,#3279,.F.);
#2010=ORIENTED_EDGE('',*,*,#2706,.F.);
#2011=ORIENTED_EDGE('',*,*,#3282,.F.);
#2012=ORIENTED_EDGE('',*,*,#2714,.F.);
#2013=ORIENTED_EDGE('',*,*,#3281,.F.);
#2014=ORIENTED_EDGE('',*,*,#2549,.F.);
#2015=ORIENTED_EDGE('',*,*,#3289,.F.);
#2016=ORIENTED_EDGE('',*,*,#3314,.F.);
#2017=ORIENTED_EDGE('',*,*,#2610,.T.);
#2018=ORIENTED_EDGE('',*,*,#3315,.F.);
#2019=ORIENTED_EDGE('',*,*,#2783,.F.);
#2020=ORIENTED_EDGE('',*,*,#2777,.F.);
#2021=ORIENTED_EDGE('',*,*,#2465,.T.);
#2022=ORIENTED_EDGE('',*,*,#2542,.T.);
#2023=ORIENTED_EDGE('',*,*,#2486,.F.);
#2024=ORIENTED_EDGE('',*,*,#2773,.T.);
#2025=ORIENTED_EDGE('',*,*,#2788,.T.);
#2026=ORIENTED_EDGE('',*,*,#2786,.T.);
#2027=ORIENTED_EDGE('',*,*,#3316,.F.);
#2028=ORIENTED_EDGE('',*,*,#2605,.T.);
#2029=ORIENTED_EDGE('',*,*,#2471,.F.);
#2030=ORIENTED_EDGE('',*,*,#2780,.T.);
#2031=ORIENTED_EDGE('',*,*,#3317,.F.);
#2032=ORIENTED_EDGE('',*,*,#3318,.F.);
#2033=ORIENTED_EDGE('',*,*,#2431,.F.);
#2034=ORIENTED_EDGE('',*,*,#2423,.F.);
#2035=ORIENTED_EDGE('',*,*,#2429,.F.);
#2036=ORIENTED_EDGE('',*,*,#2426,.F.);
#2037=ORIENTED_EDGE('',*,*,#2443,.F.);
#2038=ORIENTED_EDGE('',*,*,#2591,.F.);
#2039=ORIENTED_EDGE('',*,*,#3319,.F.);
#2040=ORIENTED_EDGE('',*,*,#2594,.F.);
#2041=ORIENTED_EDGE('',*,*,#2439,.T.);
#2042=ORIENTED_EDGE('',*,*,#2598,.T.);
#2043=ORIENTED_EDGE('',*,*,#2764,.F.);
#2044=ORIENTED_EDGE('',*,*,#3320,.F.);
#2045=ORIENTED_EDGE('',*,*,#2767,.T.);
#2046=ORIENTED_EDGE('',*,*,#3321,.T.);
#2047=ORIENTED_EDGE('',*,*,#3322,.T.);
#2048=ORIENTED_EDGE('',*,*,#3323,.F.);
#2049=ORIENTED_EDGE('',*,*,#3324,.T.);
#2050=ORIENTED_EDGE('',*,*,#2586,.F.);
#2051=ORIENTED_EDGE('',*,*,#3325,.F.);
#2052=ORIENTED_EDGE('',*,*,#2452,.F.);
#2053=ORIENTED_EDGE('',*,*,#2449,.T.);
#2054=ORIENTED_EDGE('',*,*,#2447,.F.);
#2055=ORIENTED_EDGE('',*,*,#2595,.F.);
#2056=ORIENTED_EDGE('',*,*,#3319,.T.);
#2057=ORIENTED_EDGE('',*,*,#2590,.F.);
#2058=ORIENTED_EDGE('',*,*,#2763,.T.);
#2059=ORIENTED_EDGE('',*,*,#3324,.F.);
#2060=ORIENTED_EDGE('',*,*,#3326,.T.);
#2061=ORIENTED_EDGE('',*,*,#3327,.T.);
#2062=ORIENTED_EDGE('',*,*,#2587,.T.);
#2063=ORIENTED_EDGE('',*,*,#3327,.F.);
#2064=ORIENTED_EDGE('',*,*,#3328,.T.);
#2065=ORIENTED_EDGE('',*,*,#2760,.T.);
#2066=ORIENTED_EDGE('',*,*,#2588,.T.);
#2067=ORIENTED_EDGE('',*,*,#2436,.T.);
#2068=ORIENTED_EDGE('',*,*,#2566,.F.);
#2069=ORIENTED_EDGE('',*,*,#3329,.T.);
#2070=ORIENTED_EDGE('',*,*,#2757,.T.);
#2071=ORIENTED_EDGE('',*,*,#2771,.F.);
#2072=ORIENTED_EDGE('',*,*,#2768,.F.);
#2073=ORIENTED_EDGE('',*,*,#3320,.T.);
#2074=ORIENTED_EDGE('',*,*,#2765,.T.);
#2075=ORIENTED_EDGE('',*,*,#2762,.F.);
#2076=ORIENTED_EDGE('',*,*,#2752,.F.);
#2077=ORIENTED_EDGE('',*,*,#2446,.F.);
#2078=ORIENTED_EDGE('',*,*,#3330,.T.);
#2079=ORIENTED_EDGE('',*,*,#2453,.T.);
#2080=ORIENTED_EDGE('',*,*,#3325,.T.);
#2081=ORIENTED_EDGE('',*,*,#2585,.F.);
#2082=ORIENTED_EDGE('',*,*,#2759,.F.);
#2083=ORIENTED_EDGE('',*,*,#3331,.T.);
#2084=ORIENTED_EDGE('',*,*,#3322,.F.);
#2085=ORIENTED_EDGE('',*,*,#3332,.F.);
#2086=ORIENTED_EDGE('',*,*,#2754,.F.);
#2087=ORIENTED_EDGE('',*,*,#3329,.F.);
#2088=ORIENTED_EDGE('',*,*,#2565,.F.);
#2089=ORIENTED_EDGE('',*,*,#3171,.F.);
#2090=ORIENTED_EDGE('',*,*,#3333,.T.);
#2091=ORIENTED_EDGE('',*,*,#3334,.T.);
#2092=ORIENTED_EDGE('',*,*,#3317,.T.);
#2093=ORIENTED_EDGE('',*,*,#3335,.T.);
#2094=ORIENTED_EDGE('',*,*,#3336,.T.);
#2095=ORIENTED_EDGE('',*,*,#3337,.T.);
#2096=ORIENTED_EDGE('',*,*,#3338,.F.);
#2097=ORIENTED_EDGE('',*,*,#3339,.T.);
#2098=ORIENTED_EDGE('',*,*,#2432,.T.);
#2099=ORIENTED_EDGE('',*,*,#3318,.T.);
#2100=ORIENTED_EDGE('',*,*,#3334,.F.);
#2101=ORIENTED_EDGE('',*,*,#3340,.T.);
#2102=ORIENTED_EDGE('',*,*,#3341,.T.);
#2103=ORIENTED_EDGE('',*,*,#2906,.T.);
#2104=ORIENTED_EDGE('',*,*,#3342,.T.);
#2105=ORIENTED_EDGE('',*,*,#2901,.F.);
#2106=ORIENTED_EDGE('',*,*,#3341,.F.);
#2107=ORIENTED_EDGE('',*,*,#3343,.F.);
#2108=ORIENTED_EDGE('',*,*,#2905,.T.);
#2109=ORIENTED_EDGE('',*,*,#2859,.F.);
#2110=ORIENTED_EDGE('',*,*,#2525,.F.);
#2111=ORIENTED_EDGE('',*,*,#2900,.T.);
#2112=ORIENTED_EDGE('',*,*,#3343,.T.);
#2113=ORIENTED_EDGE('',*,*,#3342,.F.);
#2114=ORIENTED_EDGE('',*,*,#3263,.F.);
#2115=ORIENTED_EDGE('',*,*,#3344,.T.);
#2116=ORIENTED_EDGE('',*,*,#3231,.F.);
#2117=ORIENTED_EDGE('',*,*,#3345,.T.);
#2118=ORIENTED_EDGE('',*,*,#3257,.F.);
#2119=ORIENTED_EDGE('',*,*,#3265,.F.);
#2120=ORIENTED_EDGE('',*,*,#3239,.F.);
#2121=ORIENTED_EDGE('',*,*,#3069,.F.);
#2122=ORIENTED_EDGE('',*,*,#2514,.F.);
#2123=ORIENTED_EDGE('',*,*,#3232,.F.);
#2124=ORIENTED_EDGE('',*,*,#3346,.F.);
#2125=ORIENTED_EDGE('',*,*,#3259,.F.);
#2126=ORIENTED_EDGE('',*,*,#3346,.T.);
#2127=ORIENTED_EDGE('',*,*,#3344,.F.);
#2128=ORIENTED_EDGE('',*,*,#3347,.F.);
#2129=ORIENTED_EDGE('',*,*,#3260,.F.);
#2130=ORIENTED_EDGE('',*,*,#3266,.F.);
#2131=ORIENTED_EDGE('',*,*,#3255,.F.);
#2132=ORIENTED_EDGE('',*,*,#3347,.T.);
#2133=ORIENTED_EDGE('',*,*,#3262,.F.);
#2134=ORIENTED_EDGE('',*,*,#2512,.F.);
#2135=ORIENTED_EDGE('',*,*,#3237,.F.);
#2136=ORIENTED_EDGE('',*,*,#3348,.F.);
#2137=ORIENTED_EDGE('',*,*,#3233,.F.);
#2138=ORIENTED_EDGE('',*,*,#3348,.T.);
#2139=ORIENTED_EDGE('',*,*,#3236,.F.);
#2140=ORIENTED_EDGE('',*,*,#3349,.F.);
#2141=ORIENTED_EDGE('',*,*,#3345,.F.);
#2142=ORIENTED_EDGE('',*,*,#3349,.T.);
#2143=ORIENTED_EDGE('',*,*,#3235,.F.);
#2144=ORIENTED_EDGE('',*,*,#3267,.F.);
#2145=ORIENTED_EDGE('',*,*,#3264,.F.);
#2146=ORIENTED_EDGE('',*,*,#2836,.F.);
#2147=ORIENTED_EDGE('',*,*,#3350,.F.);
#2148=ORIENTED_EDGE('',*,*,#3351,.T.);
#2149=ORIENTED_EDGE('',*,*,#3352,.T.);
#2150=ORIENTED_EDGE('',*,*,#2839,.F.);
#2151=ORIENTED_EDGE('',*,*,#3353,.F.);
#2152=ORIENTED_EDGE('',*,*,#3354,.T.);
#2153=ORIENTED_EDGE('',*,*,#3350,.T.);
#2154=ORIENTED_EDGE('',*,*,#2838,.T.);
#2155=ORIENTED_EDGE('',*,*,#3355,.F.);
#2156=ORIENTED_EDGE('',*,*,#3356,.F.);
#2157=ORIENTED_EDGE('',*,*,#3353,.T.);
#2158=ORIENTED_EDGE('',*,*,#2837,.T.);
#2159=ORIENTED_EDGE('',*,*,#3352,.F.);
#2160=ORIENTED_EDGE('',*,*,#3357,.F.);
#2161=ORIENTED_EDGE('',*,*,#3355,.T.);
#2162=ORIENTED_EDGE('',*,*,#3351,.F.);
#2163=ORIENTED_EDGE('',*,*,#3354,.F.);
#2164=ORIENTED_EDGE('',*,*,#3356,.T.);
#2165=ORIENTED_EDGE('',*,*,#3357,.T.);
#2166=ORIENTED_EDGE('',*,*,#2791,.T.);
#2167=ORIENTED_EDGE('',*,*,#3358,.F.);
#2168=ORIENTED_EDGE('',*,*,#3359,.F.);
#2169=ORIENTED_EDGE('',*,*,#3360,.T.);
#2170=ORIENTED_EDGE('',*,*,#2790,.F.);
#2171=ORIENTED_EDGE('',*,*,#3361,.F.);
#2172=ORIENTED_EDGE('',*,*,#3362,.T.);
#2173=ORIENTED_EDGE('',*,*,#3358,.T.);
#2174=ORIENTED_EDGE('',*,*,#2793,.F.);
#2175=ORIENTED_EDGE('',*,*,#3363,.F.);
#2176=ORIENTED_EDGE('',*,*,#3364,.T.);
#2177=ORIENTED_EDGE('',*,*,#3361,.T.);
#2178=ORIENTED_EDGE('',*,*,#2792,.T.);
#2179=ORIENTED_EDGE('',*,*,#3360,.F.);
#2180=ORIENTED_EDGE('',*,*,#3365,.F.);
#2181=ORIENTED_EDGE('',*,*,#3363,.T.);
#2182=ORIENTED_EDGE('',*,*,#3359,.T.);
#2183=ORIENTED_EDGE('',*,*,#3362,.F.);
#2184=ORIENTED_EDGE('',*,*,#3364,.F.);
#2185=ORIENTED_EDGE('',*,*,#3365,.T.);
#2186=ORIENTED_EDGE('',*,*,#3366,.F.);
#2187=ORIENTED_EDGE('',*,*,#3062,.T.);
#2188=ORIENTED_EDGE('',*,*,#3366,.T.);
#2189=ORIENTED_EDGE('',*,*,#3367,.F.);
#2190=ORIENTED_EDGE('',*,*,#3061,.T.);
#2191=ORIENTED_EDGE('',*,*,#3367,.T.);
#2192=ORIENTED_EDGE('',*,*,#2858,.F.);
#2193=ORIENTED_EDGE('',*,*,#3368,.T.);
#2194=ORIENTED_EDGE('',*,*,#3368,.F.);
#2195=ORIENTED_EDGE('',*,*,#2857,.F.);
#2196=ORIENTED_EDGE('',*,*,#3369,.T.);
#2197=ORIENTED_EDGE('',*,*,#3369,.F.);
#2198=ORIENTED_EDGE('',*,*,#2635,.T.);
#2199=ORIENTED_EDGE('',*,*,#2653,.F.);
#2200=ORIENTED_EDGE('',*,*,#2607,.F.);
#2201=ORIENTED_EDGE('',*,*,#3370,.F.);
#2202=ORIENTED_EDGE('',*,*,#2784,.F.);
#2203=ORIENTED_EDGE('',*,*,#2778,.F.);
#2204=ORIENTED_EDGE('',*,*,#2469,.T.);
#2205=ORIENTED_EDGE('',*,*,#2782,.F.);
#2206=ORIENTED_EDGE('',*,*,#3371,.F.);
#2207=ORIENTED_EDGE('',*,*,#2608,.T.);
#2208=ORIENTED_EDGE('',*,*,#2467,.F.);
#2209=ORIENTED_EDGE('',*,*,#2776,.F.);
#2210=ORIENTED_EDGE('',*,*,#3326,.F.);
#2211=ORIENTED_EDGE('',*,*,#3323,.T.);
#2212=ORIENTED_EDGE('',*,*,#3331,.F.);
#2213=ORIENTED_EDGE('',*,*,#2758,.T.);
#2214=ORIENTED_EDGE('',*,*,#3328,.F.);
#2215=ORIENTED_EDGE('',*,*,#3321,.F.);
#2216=ORIENTED_EDGE('',*,*,#2766,.T.);
#2217=ORIENTED_EDGE('',*,*,#2770,.T.);
#2218=ORIENTED_EDGE('',*,*,#2755,.F.);
#2219=ORIENTED_EDGE('',*,*,#3332,.T.);
#2220=ORIENTED_EDGE('',*,*,#2611,.F.);
#2221=ORIENTED_EDGE('',*,*,#3314,.T.);
#2222=ORIENTED_EDGE('',*,*,#2787,.T.);
#2223=ORIENTED_EDGE('',*,*,#2626,.F.);
#2224=ORIENTED_EDGE('',*,*,#2614,.F.);
#2225=ORIENTED_EDGE('',*,*,#2625,.T.);
#2226=ORIENTED_EDGE('',*,*,#2789,.T.);
#2227=ORIENTED_EDGE('',*,*,#2620,.F.);
#2228=ORIENTED_EDGE('',*,*,#3130,.F.);
#2229=ORIENTED_EDGE('',*,*,#3127,.T.);
#2230=ORIENTED_EDGE('',*,*,#3129,.F.);
#2231=ORIENTED_EDGE('',*,*,#3123,.T.);
#2232=ORIENTED_EDGE('',*,*,#3125,.F.);
#2233=ORIENTED_EDGE('',*,*,#3119,.T.);
#2234=ORIENTED_EDGE('',*,*,#3117,.T.);
#2235=ORIENTED_EDGE('',*,*,#3121,.F.);
#2236=ORIENTED_EDGE('',*,*,#3110,.T.);
#2237=ORIENTED_EDGE('',*,*,#3113,.T.);
#2238=ORIENTED_EDGE('',*,*,#3115,.T.);
#2239=ORIENTED_EDGE('',*,*,#3372,.T.);
#2240=ORIENTED_EDGE('',*,*,#2664,.F.);
#2241=ORIENTED_EDGE('',*,*,#3373,.F.);
#2242=ORIENTED_EDGE('',*,*,#2642,.F.);
#2243=ORIENTED_EDGE('',*,*,#2641,.T.);
#2244=ORIENTED_EDGE('',*,*,#3374,.T.);
#2245=ORIENTED_EDGE('',*,*,#2665,.T.);
#2246=ORIENTED_EDGE('',*,*,#3372,.F.);
#2247=ORIENTED_EDGE('',*,*,#3375,.T.);
#2248=ORIENTED_EDGE('',*,*,#2666,.F.);
#2249=ORIENTED_EDGE('',*,*,#3374,.F.);
#2250=ORIENTED_EDGE('',*,*,#2646,.F.);
#2251=ORIENTED_EDGE('',*,*,#3376,.T.);
#2252=ORIENTED_EDGE('',*,*,#2667,.F.);
#2253=ORIENTED_EDGE('',*,*,#3375,.F.);
#2254=ORIENTED_EDGE('',*,*,#2645,.F.);
#2255=ORIENTED_EDGE('',*,*,#3377,.T.);
#2256=ORIENTED_EDGE('',*,*,#2668,.F.);
#2257=ORIENTED_EDGE('',*,*,#3376,.F.);
#2258=ORIENTED_EDGE('',*,*,#2644,.F.);
#2259=ORIENTED_EDGE('',*,*,#2643,.T.);
#2260=ORIENTED_EDGE('',*,*,#3373,.T.);
#2261=ORIENTED_EDGE('',*,*,#2663,.T.);
#2262=ORIENTED_EDGE('',*,*,#3377,.F.);
#2263=ORIENTED_EDGE('',*,*,#2629,.T.);
#2264=ORIENTED_EDGE('',*,*,#3378,.T.);
#2265=ORIENTED_EDGE('',*,*,#2647,.T.);
#2266=ORIENTED_EDGE('',*,*,#3379,.F.);
#2267=ORIENTED_EDGE('',*,*,#2634,.T.);
#2268=ORIENTED_EDGE('',*,*,#3380,.T.);
#2269=ORIENTED_EDGE('',*,*,#2648,.T.);
#2270=ORIENTED_EDGE('',*,*,#3378,.F.);
#2271=ORIENTED_EDGE('',*,*,#3381,.T.);
#2272=ORIENTED_EDGE('',*,*,#2649,.F.);
#2273=ORIENTED_EDGE('',*,*,#3380,.F.);
#2274=ORIENTED_EDGE('',*,*,#2633,.F.);
#2275=ORIENTED_EDGE('',*,*,#3382,.T.);
#2276=ORIENTED_EDGE('',*,*,#2650,.F.);
#2277=ORIENTED_EDGE('',*,*,#3381,.F.);
#2278=ORIENTED_EDGE('',*,*,#2632,.F.);
#2279=ORIENTED_EDGE('',*,*,#2631,.T.);
#2280=ORIENTED_EDGE('',*,*,#3383,.T.);
#2281=ORIENTED_EDGE('',*,*,#2651,.T.);
#2282=ORIENTED_EDGE('',*,*,#3382,.F.);
#2283=ORIENTED_EDGE('',*,*,#3379,.T.);
#2284=ORIENTED_EDGE('',*,*,#2652,.F.);
#2285=ORIENTED_EDGE('',*,*,#3383,.F.);
#2286=ORIENTED_EDGE('',*,*,#2630,.F.);
#2287=ORIENTED_EDGE('',*,*,#3384,.F.);
#2288=ORIENTED_EDGE('',*,*,#3385,.F.);
#2289=ORIENTED_EDGE('',*,*,#3386,.F.);
#2290=ORIENTED_EDGE('',*,*,#3387,.F.);
#2291=ORIENTED_EDGE('',*,*,#3388,.T.);
#2292=ORIENTED_EDGE('',*,*,#2461,.F.);
#2293=ORIENTED_EDGE('',*,*,#2602,.F.);
#2294=ORIENTED_EDGE('',*,*,#2490,.T.);
#2295=ORIENTED_EDGE('',*,*,#3389,.T.);
#2296=ORIENTED_EDGE('',*,*,#3188,.F.);
#2297=ORIENTED_EDGE('',*,*,#3390,.T.);
#2298=ORIENTED_EDGE('',*,*,#3387,.T.);
#2299=ORIENTED_EDGE('',*,*,#3391,.T.);
#2300=ORIENTED_EDGE('',*,*,#3187,.F.);
#2301=ORIENTED_EDGE('',*,*,#2462,.F.);
#2302=ORIENTED_EDGE('',*,*,#3388,.F.);
#2303=ORIENTED_EDGE('',*,*,#3390,.F.);
#2304=ORIENTED_EDGE('',*,*,#3189,.F.);
#2305=ORIENTED_EDGE('',*,*,#3391,.F.);
#2306=ORIENTED_EDGE('',*,*,#3389,.F.);
#2307=ORIENTED_EDGE('',*,*,#2489,.F.);
#2308=ORIENTED_EDGE('',*,*,#2609,.T.);
#2309=ORIENTED_EDGE('',*,*,#3371,.T.);
#2310=ORIENTED_EDGE('',*,*,#2781,.F.);
#2311=ORIENTED_EDGE('',*,*,#3315,.T.);
#2312=ORIENTED_EDGE('',*,*,#2606,.T.);
#2313=ORIENTED_EDGE('',*,*,#3316,.T.);
#2314=ORIENTED_EDGE('',*,*,#2785,.F.);
#2315=ORIENTED_EDGE('',*,*,#3370,.T.);
#2316=ORIENTED_EDGE('',*,*,#2619,.T.);
#2317=ORIENTED_EDGE('',*,*,#3392,.T.);
#2318=ORIENTED_EDGE('',*,*,#2454,.T.);
#2319=ORIENTED_EDGE('',*,*,#2604,.T.);
#2320=ORIENTED_EDGE('',*,*,#3169,.F.);
#2321=ORIENTED_EDGE('',*,*,#3393,.T.);
#2322=ORIENTED_EDGE('',*,*,#3338,.T.);
#2323=ORIENTED_EDGE('',*,*,#3394,.T.);
#2324=ORIENTED_EDGE('',*,*,#3339,.F.);
#2325=ORIENTED_EDGE('',*,*,#3393,.F.);
#2326=ORIENTED_EDGE('',*,*,#3168,.F.);
#2327=ORIENTED_EDGE('',*,*,#2433,.F.);
#2328=ORIENTED_EDGE('',*,*,#3340,.F.);
#2329=ORIENTED_EDGE('',*,*,#3333,.F.);
#2330=ORIENTED_EDGE('',*,*,#3170,.F.);
#2331=ORIENTED_EDGE('',*,*,#3394,.F.);
#2332=ORIENTED_EDGE('',*,*,#3386,.T.);
#2333=ORIENTED_EDGE('',*,*,#3186,.T.);
#2334=ORIENTED_EDGE('',*,*,#3167,.T.);
#2335=ORIENTED_EDGE('',*,*,#3337,.F.);
#2336=ORIENTED_EDGE('',*,*,#3385,.T.);
#2337=ORIENTED_EDGE('',*,*,#3185,.T.);
#2338=ORIENTED_EDGE('',*,*,#3384,.T.);
#2339=ORIENTED_EDGE('',*,*,#3184,.T.);
#2340=ORIENTED_EDGE('',*,*,#3166,.T.);
#2341=ORIENTED_EDGE('',*,*,#3336,.F.);
#2342=ORIENTED_EDGE('',*,*,#3165,.T.);
#2343=ORIENTED_EDGE('',*,*,#3335,.F.);
#2344=ORIENTED_EDGE('',*,*,#3063,.F.);
#2345=ORIENTED_EDGE('',*,*,#2502,.F.);
#2346=ORIENTED_EDGE('',*,*,#3395,.F.);
#2347=ORIENTED_EDGE('',*,*,#3049,.F.);
#2348=ORIENTED_EDGE('',*,*,#3395,.T.);
#2349=ORIENTED_EDGE('',*,*,#2501,.F.);
#2350=ORIENTED_EDGE('',*,*,#3396,.F.);
#2351=ORIENTED_EDGE('',*,*,#3018,.F.);
#2352=ORIENTED_EDGE('',*,*,#3396,.T.);
#2353=ORIENTED_EDGE('',*,*,#2500,.F.);
#2354=ORIENTED_EDGE('',*,*,#3397,.F.);
#2355=ORIENTED_EDGE('',*,*,#3036,.F.);
#2356=ORIENTED_EDGE('',*,*,#3397,.T.);
#2357=ORIENTED_EDGE('',*,*,#2499,.F.);
#2358=ORIENTED_EDGE('',*,*,#3398,.F.);
#2359=ORIENTED_EDGE('',*,*,#3034,.F.);
#2360=ORIENTED_EDGE('',*,*,#3398,.T.);
#2361=ORIENTED_EDGE('',*,*,#2498,.F.);
#2362=ORIENTED_EDGE('',*,*,#3399,.F.);
#2363=ORIENTED_EDGE('',*,*,#3052,.F.);
#2364=ORIENTED_EDGE('',*,*,#3399,.T.);
#2365=ORIENTED_EDGE('',*,*,#2497,.F.);
#2366=ORIENTED_EDGE('',*,*,#3400,.F.);
#2367=ORIENTED_EDGE('',*,*,#3055,.F.);
#2368=ORIENTED_EDGE('',*,*,#3249,.F.);
#2369=ORIENTED_EDGE('',*,*,#3225,.F.);
#2370=ORIENTED_EDGE('',*,*,#3400,.T.);
#2371=ORIENTED_EDGE('',*,*,#2496,.F.);
#2372=ORIENTED_EDGE('',*,*,#2869,.F.);
#2373=ORIENTED_EDGE('',*,*,#2975,.F.);
#2374=ORIENTED_EDGE('',*,*,#3401,.F.);
#2375=ORIENTED_EDGE('',*,*,#2527,.F.);
#2376=ORIENTED_EDGE('',*,*,#3401,.T.);
#2377=ORIENTED_EDGE('',*,*,#2969,.F.);
#2378=ORIENTED_EDGE('',*,*,#3402,.F.);
#2379=ORIENTED_EDGE('',*,*,#2528,.F.);
#2380=ORIENTED_EDGE('',*,*,#3402,.T.);
#2381=ORIENTED_EDGE('',*,*,#2965,.F.);
#2382=ORIENTED_EDGE('',*,*,#3403,.F.);
#2383=ORIENTED_EDGE('',*,*,#2529,.F.);
#2384=ORIENTED_EDGE('',*,*,#3403,.T.);
#2385=ORIENTED_EDGE('',*,*,#2963,.F.);
#2386=ORIENTED_EDGE('',*,*,#3404,.F.);
#2387=ORIENTED_EDGE('',*,*,#2530,.F.);
#2388=ORIENTED_EDGE('',*,*,#3404,.T.);
#2389=ORIENTED_EDGE('',*,*,#2961,.F.);
#2390=ORIENTED_EDGE('',*,*,#3405,.F.);
#2391=ORIENTED_EDGE('',*,*,#2531,.F.);
#2392=ORIENTED_EDGE('',*,*,#3405,.T.);
#2393=ORIENTED_EDGE('',*,*,#2959,.F.);
#2394=ORIENTED_EDGE('',*,*,#3406,.F.);
#2395=ORIENTED_EDGE('',*,*,#2532,.F.);
#2396=ORIENTED_EDGE('',*,*,#3246,.F.);
#2397=ORIENTED_EDGE('',*,*,#2533,.F.);
#2398=ORIENTED_EDGE('',*,*,#3406,.T.);
#2399=ORIENTED_EDGE('',*,*,#3228,.F.);
#2400=ORIENTED_EDGE('',*,*,#2473,.T.);
#2401=ORIENTED_EDGE('',*,*,#2492,.T.);
#2402=ORIENTED_EDGE('',*,*,#2617,.T.);
#2403=ORIENTED_EDGE('',*,*,#2477,.F.);
#2404=ORIENTED_EDGE('',*,*,#2458,.T.);
#2405=ORIENTED_EDGE('',*,*,#2455,.F.);
#2406=ORIENTED_EDGE('',*,*,#3392,.F.);
#2407=ORIENTED_EDGE('',*,*,#2618,.F.);
#2408=ORIENTED_EDGE('',*,*,#2448,.T.);
#2409=ORIENTED_EDGE('',*,*,#2451,.T.);
#2410=ORIENTED_EDGE('',*,*,#3330,.F.);
#2411=ORIENTED_EDGE('',*,*,#2445,.F.);
#2412=ORIENTED_EDGE('',*,*,#2430,.T.);
#2413=ORIENTED_EDGE('',*,*,#2424,.T.);
#2414=ORIENTED_EDGE('',*,*,#2428,.F.);
#2415=ORIENTED_EDGE('',*,*,#2421,.F.);
#2416=ORIENTED_EDGE('',*,*,#3163,.T.);
#2417=ORIENTED_EDGE('',*,*,#3245,.T.);
#2418=ORIENTED_EDGE('',*,*,#3159,.T.);
#2419=ORIENTED_EDGE('',*,*,#3248,.T.);
#2420=EDGE_CURVE('',#3407,#3408,#4069,.T.);
#2421=EDGE_CURVE('',#3407,#3409,#4070,.T.);
#2422=EDGE_CURVE('',#3409,#3410,#4071,.T.);
#2423=EDGE_CURVE('',#3410,#3408,#4072,.T.);
#2424=EDGE_CURVE('',#3411,#3412,#4073,.T.);
#2425=EDGE_CURVE('',#3411,#3413,#4074,.T.);
#2426=EDGE_CURVE('',#3413,#3414,#4075,.T.);
#2427=EDGE_CURVE('',#3412,#3414,#4076,.T.);
#2428=EDGE_CURVE('',#3409,#3412,#4077,.T.);
#2429=EDGE_CURVE('',#3414,#3410,#4078,.T.);
#2430=EDGE_CURVE('',#3407,#3411,#4079,.T.);
#2431=EDGE_CURVE('',#3408,#3415,#4080,.T.);
#2432=EDGE_CURVE('',#3416,#3415,#4081,.T.);
#2433=EDGE_CURVE('',#3416,#3417,#4082,.T.);
#2434=EDGE_CURVE('',#3417,#3418,#4083,.T.);
#2435=EDGE_CURVE('',#3419,#3418,#4084,.T.);
#2436=EDGE_CURVE('',#3420,#3419,#4085,.T.);
#2437=EDGE_CURVE('',#3421,#3420,#4086,.T.);
#2438=EDGE_CURVE('',#3421,#3422,#4087,.T.);
#2439=EDGE_CURVE('',#3423,#3422,#4088,.T.);
#2440=EDGE_CURVE('',#3424,#3423,#4089,.T.);
#2441=EDGE_CURVE('',#3425,#3424,#4090,.T.);
#2442=EDGE_CURVE('',#3425,#3426,#4091,.T.);
#2443=EDGE_CURVE('',#3426,#3413,#4092,.T.);
#2444=EDGE_CURVE('',#3427,#3428,#231,.T.);
#2445=EDGE_CURVE('',#3427,#3429,#4093,.T.);
#2446=EDGE_CURVE('',#3429,#3430,#4094,.T.);
#2447=EDGE_CURVE('',#3430,#3428,#4095,.T.);
#2448=EDGE_CURVE('',#3427,#3431,#4096,.T.);
#2449=EDGE_CURVE('',#3432,#3428,#4097,.T.);
#2450=EDGE_CURVE('',#3431,#3432,#232,.T.);
#2451=EDGE_CURVE('',#3431,#3433,#4098,.T.);
#2452=EDGE_CURVE('',#3432,#3434,#4099,.T.);
#2453=EDGE_CURVE('',#3433,#3434,#4100,.T.);
#2454=EDGE_CURVE('',#3435,#3436,#4101,.T.);
#2455=EDGE_CURVE('',#3435,#3437,#4102,.T.);
#2456=EDGE_CURVE('',#3437,#3438,#4103,.T.);
#2457=EDGE_CURVE('',#3438,#3436,#4104,.T.);
#2458=EDGE_CURVE('',#3439,#3437,#4105,.T.);
#2459=EDGE_CURVE('',#3439,#3440,#4106,.T.);
#2460=EDGE_CURVE('',#3441,#3440,#4107,.T.);
#2461=EDGE_CURVE('',#3441,#3442,#4108,.T.);
#2462=EDGE_CURVE('',#3442,#3443,#4109,.F.);
#2463=EDGE_CURVE('',#3443,#3444,#4110,.T.);
#2464=EDGE_CURVE('',#3445,#3444,#4111,.T.);
#2465=EDGE_CURVE('',#3446,#3445,#4112,.T.);
#2466=EDGE_CURVE('',#3447,#3446,#4113,.T.);
#2467=EDGE_CURVE('',#3447,#3448,#4114,.T.);
#2468=EDGE_CURVE('',#3449,#3448,#4115,.T.);
#2469=EDGE_CURVE('',#3450,#3449,#4116,.T.);
#2470=EDGE_CURVE('',#3451,#3450,#4117,.T.);
#2471=EDGE_CURVE('',#3451,#3452,#4118,.T.);
#2472=EDGE_CURVE('',#3452,#3438,#4119,.T.);
#2473=EDGE_CURVE('',#3453,#3454,#4120,.T.);
#2474=EDGE_CURVE('',#3453,#3455,#4121,.T.);
#2475=EDGE_CURVE('',#3456,#3455,#4122,.T.);
#2476=EDGE_CURVE('',#3456,#3454,#233,.T.);
#2477=EDGE_CURVE('',#3453,#3457,#4123,.T.);
#2478=EDGE_CURVE('',#3457,#3458,#4124,.T.);
#2479=EDGE_CURVE('',#3458,#3459,#4125,.T.);
#2480=EDGE_CURVE('',#3460,#3459,#4126,.T.);
#2481=EDGE_CURVE('',#3460,#3461,#4127,.T.);
#2482=EDGE_CURVE('',#3461,#3462,#4128,.T.);
#2483=EDGE_CURVE('',#3463,#3462,#4129,.T.);
#2484=EDGE_CURVE('',#3464,#3463,#4130,.T.);
#2485=EDGE_CURVE('',#3464,#3465,#4131,.T.);
#2486=EDGE_CURVE('',#3465,#3466,#4132,.T.);
#2487=EDGE_CURVE('',#3466,#3467,#4133,.T.);
#2488=EDGE_CURVE('',#3468,#3467,#4134,.T.);
#2489=EDGE_CURVE('',#3468,#3469,#4135,.T.);
#2490=EDGE_CURVE('',#3470,#3469,#4136,.T.);
#2491=EDGE_CURVE('',#3455,#3470,#4137,.T.);
#2492=EDGE_CURVE('',#3454,#3471,#4138,.T.);
#2493=EDGE_CURVE('',#3472,#3456,#4139,.T.);
#2494=EDGE_CURVE('',#3472,#3471,#234,.T.);
#2495=EDGE_CURVE('',#3473,#3474,#4140,.T.);
#2496=EDGE_CURVE('',#3474,#3475,#4141,.T.);
#2497=EDGE_CURVE('',#3475,#3476,#235,.T.);
#2498=EDGE_CURVE('',#3476,#3477,#236,.F.);
#2499=EDGE_CURVE('',#3477,#3478,#237,.T.);
#2500=EDGE_CURVE('',#3478,#3479,#4142,.T.);
#2501=EDGE_CURVE('',#3479,#3480,#238,.T.);
#2502=EDGE_CURVE('',#3480,#3481,#4143,.T.);
#2503=EDGE_CURVE('',#3481,#3482,#4144,.T.);
#2504=EDGE_CURVE('',#3482,#3483,#4145,.T.);
#2505=EDGE_CURVE('',#3484,#3483,#4146,.T.);
#2506=EDGE_CURVE('',#3485,#3484,#4147,.T.);
#2507=EDGE_CURVE('',#3485,#3486,#4148,.T.);
#2508=EDGE_CURVE('',#3486,#3487,#4149,.T.);
#2509=EDGE_CURVE('',#3488,#3487,#4150,.T.);
#2510=EDGE_CURVE('',#3488,#3489,#239,.F.);
#2511=EDGE_CURVE('',#3490,#3489,#4151,.T.);
#2512=EDGE_CURVE('',#3490,#3491,#240,.F.);
#2513=EDGE_CURVE('',#3492,#3491,#4152,.T.);
#2514=EDGE_CURVE('',#3492,#3493,#241,.F.);
#2515=EDGE_CURVE('',#3493,#3494,#4153,.T.);
#2516=EDGE_CURVE('',#3494,#3495,#242,.T.);
#2517=EDGE_CURVE('',#3495,#3496,#4154,.T.);
#2518=EDGE_CURVE('',#3496,#3497,#243,.T.);
#2519=EDGE_CURVE('',#3497,#3498,#4155,.T.);
#2520=EDGE_CURVE('',#3499,#3498,#4156,.T.);
#2521=EDGE_CURVE('',#3499,#3500,#4157,.T.);
#2522=EDGE_CURVE('',#3501,#3500,#4158,.T.);
#2523=EDGE_CURVE('',#3501,#3502,#4159,.T.);
#2524=EDGE_CURVE('',#3503,#3502,#4160,.T.);
#2525=EDGE_CURVE('',#3503,#3504,#4161,.T.);
#2526=EDGE_CURVE('',#3504,#3505,#4162,.T.);
#2527=EDGE_CURVE('',#3505,#3506,#4163,.T.);
#2528=EDGE_CURVE('',#3506,#3507,#244,.T.);
#2529=EDGE_CURVE('',#3507,#3508,#4164,.T.);
#2530=EDGE_CURVE('',#3508,#3509,#245,.T.);
#2531=EDGE_CURVE('',#3509,#3510,#246,.F.);
#2532=EDGE_CURVE('',#3510,#3511,#247,.T.);
#2533=EDGE_CURVE('',#3511,#3512,#4165,.T.);
#2534=EDGE_CURVE('',#3513,#3512,#4166,.T.);
#2535=EDGE_CURVE('',#3513,#3514,#4167,.T.);
#2536=EDGE_CURVE('',#3515,#3514,#248,.F.);
#2537=EDGE_CURVE('',#3515,#3516,#4168,.T.);
#2538=EDGE_CURVE('',#3517,#3516,#249,.T.);
#2539=EDGE_CURVE('',#3518,#3517,#4169,.T.);
#2540=EDGE_CURVE('',#3519,#3518,#250,.T.);
#2541=EDGE_CURVE('',#3467,#3519,#4170,.T.);
#2542=EDGE_CURVE('',#3445,#3466,#4171,.T.);
#2543=EDGE_CURVE('',#3520,#3444,#4172,.T.);
#2544=EDGE_CURVE('',#3520,#3521,#4173,.T.);
#2545=EDGE_CURVE('',#3521,#3522,#251,.F.);
#2546=EDGE_CURVE('',#3523,#3522,#4174,.T.);
#2547=EDGE_CURVE('',#3523,#3524,#252,.F.);
#2548=EDGE_CURVE('',#3525,#3524,#4175,.T.);
#2549=EDGE_CURVE('',#3525,#3526,#253,.T.);
#2550=EDGE_CURVE('',#3526,#3527,#254,.T.);
#2551=EDGE_CURVE('',#3527,#3528,#255,.F.);
#2552=EDGE_CURVE('',#3528,#3529,#256,.T.);
#2553=EDGE_CURVE('',#3529,#3530,#4176,.T.);
#2554=EDGE_CURVE('',#3530,#3531,#257,.T.);
#2555=EDGE_CURVE('',#3531,#3532,#258,.F.);
#2556=EDGE_CURVE('',#3532,#3533,#259,.T.);
#2557=EDGE_CURVE('',#3533,#3534,#260,.T.);
#2558=EDGE_CURVE('',#3534,#3535,#4177,.T.);
#2559=EDGE_CURVE('',#3535,#3536,#261,.F.);
#2560=EDGE_CURVE('',#3536,#3537,#4178,.T.);
#2561=EDGE_CURVE('',#3537,#3538,#262,.F.);
#2562=EDGE_CURVE('',#3539,#3538,#4179,.T.);
#2563=EDGE_CURVE('',#3539,#3540,#4180,.T.);
#2564=EDGE_CURVE('',#3540,#3541,#4181,.T.);
#2565=EDGE_CURVE('',#3541,#3542,#4182,.T.);
#2566=EDGE_CURVE('',#3542,#3419,#4183,.T.);
#2567=EDGE_CURVE('',#3418,#3543,#4184,.T.);
#2568=EDGE_CURVE('',#3544,#3543,#263,.T.);
#2569=EDGE_CURVE('',#3545,#3544,#4185,.T.);
#2570=EDGE_CURVE('',#3546,#3545,#264,.T.);
#2571=EDGE_CURVE('',#3547,#3546,#4186,.T.);
#2572=EDGE_CURVE('',#3548,#3547,#265,.F.);
#2573=EDGE_CURVE('',#3548,#3473,#4187,.T.);
#2574=EDGE_CURVE('',#3549,#3550,#266,.T.);
#2575=EDGE_CURVE('',#3550,#3551,#267,.F.);
#2576=EDGE_CURVE('',#3551,#3552,#4188,.T.);
#2577=EDGE_CURVE('',#3552,#3553,#268,.F.);
#2578=EDGE_CURVE('',#3553,#3554,#4189,.T.);
#2579=EDGE_CURVE('',#3554,#3555,#269,.F.);
#2580=EDGE_CURVE('',#3555,#3556,#4190,.T.);
#2581=EDGE_CURVE('',#3556,#3557,#270,.F.);
#2582=EDGE_CURVE('',#3557,#3558,#271,.F.);
#2583=EDGE_CURVE('',#3558,#3559,#272,.T.);
#2584=EDGE_CURVE('',#3559,#3549,#4191,.T.);
#2585=EDGE_CURVE('',#3560,#3561,#4192,.T.);
#2586=EDGE_CURVE('',#3561,#3562,#4193,.T.);
#2587=EDGE_CURVE('',#3563,#3562,#273,.T.);
#2588=EDGE_CURVE('',#3564,#3563,#4194,.T.);
#2589=EDGE_CURVE('',#3564,#3560,#4195,.T.);
#2590=EDGE_CURVE('',#3565,#3566,#4196,.T.);
#2591=EDGE_CURVE('',#3566,#3426,#4197,.T.);
#2592=EDGE_CURVE('',#3425,#3567,#4198,.T.);
#2593=EDGE_CURVE('',#3567,#3565,#4199,.T.);
#2594=EDGE_CURVE('',#3423,#3568,#4200,.T.);
#2595=EDGE_CURVE('',#3568,#3569,#4201,.T.);
#2596=EDGE_CURVE('',#3570,#3569,#4202,.T.);
#2597=EDGE_CURVE('',#3424,#3570,#4203,.T.);
#2598=EDGE_CURVE('',#3422,#3571,#4204,.T.);
#2599=EDGE_CURVE('',#3572,#3421,#4205,.T.);
#2600=EDGE_CURVE('',#3573,#3572,#4206,.T.);
#2601=EDGE_CURVE('',#3571,#3573,#4207,.T.);
#2602=EDGE_CURVE('',#3470,#3441,#4208,.T.);
#2603=EDGE_CURVE('',#3440,#3574,#4209,.T.);
#2604=EDGE_CURVE('',#3436,#3574,#4210,.T.);
#2605=EDGE_CURVE('',#3575,#3452,#4211,.T.);
#2606=EDGE_CURVE('',#3576,#3575,#4212,.T.);
#2607=EDGE_CURVE('',#3576,#3449,#4213,.T.);
#2608=EDGE_CURVE('',#3577,#3448,#4214,.T.);
#2609=EDGE_CURVE('',#3578,#3577,#4215,.T.);
#2610=EDGE_CURVE('',#3579,#3578,#4216,.T.);
#2611=EDGE_CURVE('',#3579,#3580,#4217,.T.);
#2612=EDGE_CURVE('',#3463,#3580,#4218,.T.);
#2613=EDGE_CURVE('',#3462,#3581,#4219,.T.);
#2614=EDGE_CURVE('',#3581,#3582,#4220,.T.);
#2615=EDGE_CURVE('',#3459,#3582,#4221,.T.);
#2616=EDGE_CURVE('',#3472,#3458,#4222,.T.);
#2617=EDGE_CURVE('',#3471,#3457,#4223,.T.);
#2618=EDGE_CURVE('',#3439,#3583,#4224,.T.);
#2619=EDGE_CURVE('',#3574,#3583,#4225,.T.);
#2620=EDGE_CURVE('',#3582,#3584,#274,.T.);
#2621=EDGE_CURVE('',#3585,#3584,#4226,.T.);
#2622=EDGE_CURVE('',#3585,#3460,#4227,.T.);
#2623=EDGE_CURVE('',#3586,#3461,#4228,.T.);
#2624=EDGE_CURVE('',#3586,#3587,#4229,.T.);
#2625=EDGE_CURVE('',#3581,#3587,#275,.T.);
#2626=EDGE_CURVE('',#3580,#3588,#276,.T.);
#2627=EDGE_CURVE('',#3588,#3589,#4230,.T.);
#2628=EDGE_CURVE('',#3464,#3589,#4231,.T.);
#2629=EDGE_CURVE('',#3590,#3591,#277,.F.);
#2630=EDGE_CURVE('',#3590,#3592,#4232,.T.);
#2631=EDGE_CURVE('',#3593,#3592,#4233,.T.);
#2632=EDGE_CURVE('',#3593,#3594,#278,.F.);
#2633=EDGE_CURVE('',#3594,#3595,#4234,.T.);
#2634=EDGE_CURVE('',#3591,#3595,#4235,.T.);
#2635=EDGE_CURVE('',#3596,#3596,#279,.T.);
#2636=EDGE_CURVE('',#3597,#3598,#4236,.T.);
#2637=EDGE_CURVE('',#3597,#3599,#4237,.F.);
#2638=EDGE_CURVE('',#3599,#3600,#4238,.T.);
#2639=EDGE_CURVE('',#3600,#3598,#4239,.T.);
#2640=EDGE_CURVE('',#3601,#3601,#280,.T.);
#2641=EDGE_CURVE('',#3602,#3603,#4240,.T.);
#2642=EDGE_CURVE('',#3602,#3604,#4241,.T.);
#2643=EDGE_CURVE('',#3605,#3604,#281,.F.);
#2644=EDGE_CURVE('',#3605,#3606,#4242,.T.);
#2645=EDGE_CURVE('',#3606,#3607,#4243,.T.);
#2646=EDGE_CURVE('',#3607,#3603,#282,.F.);
#2647=EDGE_CURVE('',#3608,#3609,#283,.F.);
#2648=EDGE_CURVE('',#3610,#3608,#4244,.T.);
#2649=EDGE_CURVE('',#3610,#3611,#4245,.T.);
#2650=EDGE_CURVE('',#3611,#3612,#284,.F.);
#2651=EDGE_CURVE('',#3613,#3612,#4246,.T.);
#2652=EDGE_CURVE('',#3613,#3609,#4247,.T.);
#2653=EDGE_CURVE('',#3614,#3614,#285,.T.);
#2654=EDGE_CURVE('',#3615,#3616,#4248,.T.);
#2655=EDGE_CURVE('',#3617,#3615,#286,.T.);
#2656=EDGE_CURVE('',#3618,#3617,#4249,.T.);
#2657=EDGE_CURVE('',#3619,#3618,#287,.T.);
#2658=EDGE_CURVE('',#3620,#3619,#4250,.T.);
#2659=EDGE_CURVE('',#3621,#3620,#288,.T.);
#2660=EDGE_CURVE('',#3622,#3621,#4251,.T.);
#2661=EDGE_CURVE('',#3616,#3622,#289,.T.);
#2662=EDGE_CURVE('',#3623,#3623,#290,.T.);
#2663=EDGE_CURVE('',#3624,#3625,#291,.F.);
#2664=EDGE_CURVE('',#3624,#3626,#4252,.T.);
#2665=EDGE_CURVE('',#3627,#3626,#4253,.T.);
#2666=EDGE_CURVE('',#3627,#3628,#292,.F.);
#2667=EDGE_CURVE('',#3628,#3629,#4254,.T.);
#2668=EDGE_CURVE('',#3629,#3625,#4255,.T.);
#2669=EDGE_CURVE('',#3630,#3630,#293,.T.);
#2670=EDGE_CURVE('',#3631,#3632,#294,.T.);
#2671=EDGE_CURVE('',#3631,#3633,#4256,.T.);
#2672=EDGE_CURVE('',#3633,#3634,#295,.T.);
#2673=EDGE_CURVE('',#3634,#3635,#4257,.T.);
#2674=EDGE_CURVE('',#3635,#3636,#4258,.T.);
#2675=EDGE_CURVE('',#3636,#3637,#296,.T.);
#2676=EDGE_CURVE('',#3637,#3638,#4259,.T.);
#2677=EDGE_CURVE('',#3638,#3639,#4260,.T.);
#2678=EDGE_CURVE('',#3639,#3640,#4261,.T.);
#2679=EDGE_CURVE('',#3640,#3641,#4262,.T.);
#2680=EDGE_CURVE('',#3641,#3642,#297,.F.);
#2681=EDGE_CURVE('',#3642,#3643,#298,.T.);
#2682=EDGE_CURVE('',#3643,#3644,#299,.F.);
#2683=EDGE_CURVE('',#3645,#3644,#4263,.T.);
#2684=EDGE_CURVE('',#3646,#3645,#4264,.T.);
#2685=EDGE_CURVE('',#3632,#3646,#4265,.T.);
#2686=EDGE_CURVE('',#3633,#3647,#4266,.F.);
#2687=EDGE_CURVE('',#3647,#3648,#61,.T.);
#2688=EDGE_CURVE('',#3648,#3649,#4267,.F.);
#2689=EDGE_CURVE('',#3649,#3650,#300,.T.);
#2690=EDGE_CURVE('',#3650,#3634,#4268,.T.);
#2691=EDGE_CURVE('',#3651,#3652,#4269,.T.);
#2692=EDGE_CURVE('',#3651,#3653,#4270,.T.);
#2693=EDGE_CURVE('',#3653,#3654,#301,.T.);
#2694=EDGE_CURVE('',#3654,#3540,#4271,.T.);
#2695=EDGE_CURVE('',#3539,#3652,#4272,.T.);
#2696=EDGE_CURVE('',#3631,#3655,#4273,.F.);
#2697=EDGE_CURVE('',#3548,#3632,#4274,.T.);
#2698=EDGE_CURVE('',#3547,#3656,#4275,.T.);
#2699=EDGE_CURVE('',#3656,#3655,#62,.T.);
#2700=EDGE_CURVE('',#3651,#3657,#4276,.T.);
#2701=EDGE_CURVE('',#3658,#3652,#4277,.T.);
#2702=EDGE_CURVE('',#3658,#3659,#302,.T.);
#2703=EDGE_CURVE('',#3659,#3660,#4278,.T.);
#2704=EDGE_CURVE('',#3660,#3661,#303,.T.);
#2705=EDGE_CURVE('',#3661,#3662,#4279,.T.);
#2706=EDGE_CURVE('',#3662,#3663,#304,.F.);
#2707=EDGE_CURVE('',#3663,#3664,#305,.F.);
#2708=EDGE_CURVE('',#3664,#3665,#306,.T.);
#2709=EDGE_CURVE('',#3665,#3666,#307,.F.);
#2710=EDGE_CURVE('',#3666,#3667,#4280,.T.);
#2711=EDGE_CURVE('',#3667,#3668,#308,.F.);
#2712=EDGE_CURVE('',#3668,#3669,#309,.T.);
#2713=EDGE_CURVE('',#3669,#3670,#310,.F.);
#2714=EDGE_CURVE('',#3670,#3671,#311,.F.);
#2715=EDGE_CURVE('',#3672,#3671,#4281,.T.);
#2716=EDGE_CURVE('',#3672,#3673,#312,.T.);
#2717=EDGE_CURVE('',#3674,#3673,#4282,.T.);
#2718=EDGE_CURVE('',#3674,#3675,#313,.T.);
#2719=EDGE_CURVE('',#3675,#3676,#4283,.T.);
#2720=EDGE_CURVE('',#3676,#3677,#314,.F.);
#2721=EDGE_CURVE('',#3677,#3678,#4284,.T.);
#2722=EDGE_CURVE('',#3679,#3678,#4285,.T.);
#2723=EDGE_CURVE('',#3679,#3680,#4286,.T.);
#2724=EDGE_CURVE('',#3680,#3681,#315,.F.);
#2725=EDGE_CURVE('',#3681,#3682,#4287,.T.);
#2726=EDGE_CURVE('',#3682,#3683,#316,.F.);
#2727=EDGE_CURVE('',#3598,#3683,#4288,.T.);
#2728=EDGE_CURVE('',#3684,#3600,#4289,.T.);
#2729=EDGE_CURVE('',#3684,#3685,#317,.F.);
#2730=EDGE_CURVE('',#3686,#3685,#4290,.T.);
#2731=EDGE_CURVE('',#3686,#3687,#318,.F.);
#2732=EDGE_CURVE('',#3688,#3687,#4291,.T.);
#2733=EDGE_CURVE('',#3657,#3688,#4292,.T.);
#2734=EDGE_CURVE('',#3689,#3689,#319,.T.);
#2735=EDGE_CURVE('',#3690,#3690,#320,.T.);
#2736=EDGE_CURVE('',#3678,#3691,#4293,.T.);
#2737=EDGE_CURVE('',#3692,#3691,#4294,.F.);
#2738=EDGE_CURVE('',#3692,#3693,#4295,.F.);
#2739=EDGE_CURVE('',#3693,#3679,#4296,.T.);
#2740=EDGE_CURVE('',#3694,#3695,#4297,.T.);
#2741=EDGE_CURVE('',#3696,#3695,#321,.T.);
#2742=EDGE_CURVE('',#3697,#3696,#4298,.T.);
#2743=EDGE_CURVE('',#3697,#3698,#322,.T.);
#2744=EDGE_CURVE('',#3698,#3699,#4299,.T.);
#2745=EDGE_CURVE('',#3699,#3694,#63,.T.);
#2746=EDGE_CURVE('',#3700,#3701,#323,.T.);
#2747=EDGE_CURVE('',#3702,#3701,#4300,.T.);
#2748=EDGE_CURVE('',#3702,#3703,#64,.T.);
#2749=EDGE_CURVE('',#3515,#3703,#4301,.T.);
#2750=EDGE_CURVE('',#3514,#3700,#4302,.T.);
#2751=EDGE_CURVE('',#3704,#3572,#4303,.T.);
#2752=EDGE_CURVE('',#3420,#3704,#4304,.T.);
#2753=EDGE_CURVE('',#3570,#3567,#4305,.T.);
#2754=EDGE_CURVE('',#3705,#3706,#4306,.T.);
#2755=EDGE_CURVE('',#3706,#3707,#4307,.T.);
#2756=EDGE_CURVE('',#3708,#3707,#4308,.T.);
#2757=EDGE_CURVE('',#3705,#3708,#4309,.T.);
#2758=EDGE_CURVE('',#3709,#3710,#4310,.T.);
#2759=EDGE_CURVE('',#3709,#3560,#4311,.T.);
#2760=EDGE_CURVE('',#3710,#3564,#4312,.T.);
#2761=EDGE_CURVE('',#3573,#3711,#4313,.T.);
#2762=EDGE_CURVE('',#3704,#3711,#4314,.T.);
#2763=EDGE_CURVE('',#3565,#3569,#4315,.T.);
#2764=EDGE_CURVE('',#3712,#3571,#4316,.T.);
#2765=EDGE_CURVE('',#3712,#3711,#4317,.T.);
#2766=EDGE_CURVE('',#3713,#3714,#324,.F.);
#2767=EDGE_CURVE('',#3715,#3713,#4318,.T.);
#2768=EDGE_CURVE('',#3715,#3716,#325,.F.);
#2769=EDGE_CURVE('',#3716,#3714,#4319,.T.);
#2770=EDGE_CURVE('',#3714,#3707,#4320,.T.);
#2771=EDGE_CURVE('',#3716,#3708,#4321,.T.);
#2772=EDGE_CURVE('',#3717,#3589,#4322,.T.);
#2773=EDGE_CURVE('',#3465,#3717,#4323,.T.);
#2774=EDGE_CURVE('',#3586,#3585,#4324,.T.);
#2775=EDGE_CURVE('',#3718,#3719,#4325,.T.);
#2776=EDGE_CURVE('',#3719,#3447,#4326,.T.);
#2777=EDGE_CURVE('',#3446,#3718,#4327,.T.);
#2778=EDGE_CURVE('',#3450,#3720,#4328,.T.);
#2779=EDGE_CURVE('',#3720,#3721,#4329,.T.);
#2780=EDGE_CURVE('',#3451,#3721,#4330,.T.);
#2781=EDGE_CURVE('',#3722,#3723,#4331,.T.);
#2782=EDGE_CURVE('',#3723,#3719,#4332,.T.);
#2783=EDGE_CURVE('',#3718,#3722,#4333,.T.);
#2784=EDGE_CURVE('',#3720,#3724,#4334,.T.);
#2785=EDGE_CURVE('',#3724,#3725,#4335,.T.);
#2786=EDGE_CURVE('',#3721,#3725,#4336,.T.);
#2787=EDGE_CURVE('',#3726,#3588,#4337,.T.);
#2788=EDGE_CURVE('',#3717,#3726,#4338,.T.);
#2789=EDGE_CURVE('',#3587,#3584,#4339,.T.);
#2790=EDGE_CURVE('',#3727,#3728,#4340,.T.);
#2791=EDGE_CURVE('',#3729,#3728,#4341,.T.);
#2792=EDGE_CURVE('',#3730,#3729,#4342,.T.);
#2793=EDGE_CURVE('',#3730,#3727,#4343,.T.);
#2794=EDGE_CURVE('',#3731,#3732,#4344,.T.);
#2795=EDGE_CURVE('',#3733,#3732,#4345,.T.);
#2796=EDGE_CURVE('',#3734,#3733,#4346,.T.);
#2797=EDGE_CURVE('',#3734,#3735,#4347,.T.);
#2798=EDGE_CURVE('',#3735,#3736,#4348,.T.);
#2799=EDGE_CURVE('',#3737,#3736,#4349,.T.);
#2800=EDGE_CURVE('',#3738,#3737,#4350,.T.);
#2801=EDGE_CURVE('',#3739,#3738,#4351,.T.);
#2802=EDGE_CURVE('',#3740,#3739,#4352,.T.);
#2803=EDGE_CURVE('',#3740,#3741,#4353,.T.);
#2804=EDGE_CURVE('',#3741,#3742,#4354,.T.);
#2805=EDGE_CURVE('',#3742,#3743,#4355,.T.);
#2806=EDGE_CURVE('',#3743,#3744,#4356,.T.);
#2807=EDGE_CURVE('',#3745,#3744,#4357,.T.);
#2808=EDGE_CURVE('',#3650,#3745,#4358,.T.);
#2809=EDGE_CURVE('',#3746,#3649,#326,.T.);
#2810=EDGE_CURVE('',#3747,#3746,#4359,.T.);
#2811=EDGE_CURVE('',#3748,#3747,#327,.T.);
#2812=EDGE_CURVE('',#3749,#3748,#4360,.T.);
#2813=EDGE_CURVE('',#3750,#3749,#328,.T.);
#2814=EDGE_CURVE('',#3750,#3751,#4361,.T.);
#2815=EDGE_CURVE('',#3751,#3752,#4362,.T.);
#2816=EDGE_CURVE('',#3753,#3752,#4363,.T.);
#2817=EDGE_CURVE('',#3753,#3754,#329,.T.);
#2818=EDGE_CURVE('',#3754,#3755,#4364,.T.);
#2819=EDGE_CURVE('',#3755,#3756,#330,.T.);
#2820=EDGE_CURVE('',#3757,#3756,#4365,.T.);
#2821=EDGE_CURVE('',#3757,#3758,#4366,.T.);
#2822=EDGE_CURVE('',#3759,#3758,#4367,.T.);
#2823=EDGE_CURVE('',#3759,#3760,#331,.T.);
#2824=EDGE_CURVE('',#3760,#3761,#4368,.T.);
#2825=EDGE_CURVE('',#3761,#3762,#332,.T.);
#2826=EDGE_CURVE('',#3763,#3762,#4369,.T.);
#2827=EDGE_CURVE('',#3763,#3764,#4370,.T.);
#2828=EDGE_CURVE('',#3765,#3764,#4371,.T.);
#2829=EDGE_CURVE('',#3766,#3765,#333,.T.);
#2830=EDGE_CURVE('',#3767,#3766,#4372,.T.);
#2831=EDGE_CURVE('',#3768,#3767,#334,.T.);
#2832=EDGE_CURVE('',#3768,#3769,#4373,.T.);
#2833=EDGE_CURVE('',#3698,#3769,#335,.T.);
#2834=EDGE_CURVE('',#3770,#3697,#4374,.T.);
#2835=EDGE_CURVE('',#3770,#3731,#4375,.T.);
#2836=EDGE_CURVE('',#3771,#3772,#4376,.T.);
#2837=EDGE_CURVE('',#3773,#3772,#4377,.T.);
#2838=EDGE_CURVE('',#3774,#3773,#4378,.T.);
#2839=EDGE_CURVE('',#3774,#3771,#4379,.T.);
#2840=EDGE_CURVE('',#3733,#3775,#4380,.T.);
#2841=EDGE_CURVE('',#3732,#3776,#4381,.T.);
#2842=EDGE_CURVE('',#3776,#3777,#4382,.T.);
#2843=EDGE_CURVE('',#3775,#3777,#65,.T.);
#2844=EDGE_CURVE('',#3739,#3778,#4383,.T.);
#2845=EDGE_CURVE('',#3738,#3483,#4384,.T.);
#2846=EDGE_CURVE('',#3483,#3778,#4385,.T.);
#2847=EDGE_CURVE('',#3779,#3780,#4386,.T.);
#2848=EDGE_CURVE('',#3780,#3781,#4387,.T.);
#2849=EDGE_CURVE('',#3781,#3782,#4388,.T.);
#2850=EDGE_CURVE('',#3782,#3740,#4389,.T.);
#2851=EDGE_CURVE('',#3783,#3778,#4390,.T.);
#2852=EDGE_CURVE('',#3783,#3779,#4391,.T.);
#2853=EDGE_CURVE('',#3784,#3783,#4392,.T.);
#2854=EDGE_CURVE('',#3778,#3784,#4393,.T.);
#2855=EDGE_CURVE('',#3779,#3784,#4394,.T.);
#2856=EDGE_CURVE('',#3482,#3780,#4395,.T.);
#2857=EDGE_CURVE('',#3785,#3785,#336,.F.);
#2858=EDGE_CURVE('',#3786,#3786,#337,.F.);
#2859=EDGE_CURVE('',#3504,#3787,#4396,.T.);
#2860=EDGE_CURVE('',#3788,#3787,#4397,.T.);
#2861=EDGE_CURVE('',#3789,#3788,#4398,.T.);
#2862=EDGE_CURVE('',#3789,#3790,#338,.F.);
#2863=EDGE_CURVE('',#3790,#3791,#339,.F.);
#2864=EDGE_CURVE('',#3792,#3791,#4399,.T.);
#2865=EDGE_CURVE('',#3792,#3793,#4400,.T.);
#2866=EDGE_CURVE('',#3793,#3794,#340,.F.);
#2867=EDGE_CURVE('',#3795,#3794,#341,.F.);
#2868=EDGE_CURVE('',#3796,#3795,#4401,.T.);
#2869=EDGE_CURVE('',#3796,#3505,#4402,.F.);
#2870=EDGE_CURVE('',#3797,#3798,#4403,.T.);
#2871=EDGE_CURVE('',#3797,#3799,#342,.T.);
#2872=EDGE_CURVE('',#3799,#3501,#4404,.F.);
#2873=EDGE_CURVE('',#3500,#3798,#4405,.T.);
#2874=EDGE_CURVE('',#3798,#3800,#4406,.T.);
#2875=EDGE_CURVE('',#3800,#3801,#343,.T.);
#2876=EDGE_CURVE('',#3802,#3801,#4407,.T.);
#2877=EDGE_CURVE('',#3802,#3803,#344,.T.);
#2878=EDGE_CURVE('',#3804,#3803,#4408,.T.);
#2879=EDGE_CURVE('',#3805,#3804,#4409,.T.);
#2880=EDGE_CURVE('',#3805,#3797,#4410,.F.);
#2881=EDGE_CURVE('',#3806,#3805,#345,.F.);
#2882=EDGE_CURVE('',#3799,#3806,#4411,.F.);
#2883=EDGE_CURVE('',#3485,#3806,#4412,.F.);
#2884=EDGE_CURVE('',#3807,#3485,#4413,.F.);
#2885=EDGE_CURVE('',#3808,#3807,#4414,.T.);
#2886=EDGE_CURVE('',#3501,#3808,#4415,.F.);
#2887=EDGE_CURVE('',#3486,#3804,#4416,.T.);
#2888=EDGE_CURVE('',#3809,#3499,#4417,.T.);
#2889=EDGE_CURVE('',#3809,#3810,#30,.F.);
#2890=EDGE_CURVE('',#3811,#3810,#4418,.T.);
#2891=EDGE_CURVE('',#3811,#3812,#4419,.T.);
#2892=EDGE_CURVE('',#3813,#3812,#4420,.T.);
#2893=EDGE_CURVE('',#3814,#3813,#4421,.T.);
#2894=EDGE_CURVE('',#3815,#3814,#4422,.T.);
#2895=EDGE_CURVE('',#3815,#3798,#4423,.T.);
#2896=EDGE_CURVE('',#3737,#3503,#4424,.T.);
#2897=EDGE_CURVE('',#3808,#3502,#4425,.T.);
#2898=EDGE_CURVE('',#3807,#3484,#4426,.T.);
#2899=EDGE_CURVE('',#3736,#3816,#4427,.T.);
#2900=EDGE_CURVE('',#3503,#3816,#4428,.T.);
#2901=EDGE_CURVE('',#3817,#3816,#4429,.T.);
#2902=EDGE_CURVE('',#3735,#3818,#4430,.T.);
#2903=EDGE_CURVE('',#3819,#3818,#4431,.T.);
#2904=EDGE_CURVE('',#3787,#3819,#4432,.T.);
#2905=EDGE_CURVE('',#3820,#3787,#4433,.T.);
#2906=EDGE_CURVE('',#3817,#3820,#4434,.T.);
#2907=EDGE_CURVE('',#3821,#3821,#346,.F.);
#2908=EDGE_CURVE('',#3822,#3822,#347,.T.);
#2909=EDGE_CURVE('',#3776,#3823,#4435,.T.);
#2910=EDGE_CURVE('',#3823,#3824,#4436,.T.);
#2911=EDGE_CURVE('',#3824,#3825,#4437,.T.);
#2912=EDGE_CURVE('',#3826,#3825,#31,.T.);
#2913=EDGE_CURVE('',#3827,#3826,#66,.T.);
#2914=EDGE_CURVE('',#3828,#3827,#67,.T.);
#2915=EDGE_CURVE('',#3777,#3828,#68,.F.);
#2916=EDGE_CURVE('',#3829,#3829,#348,.T.);
#2917=EDGE_CURVE('',#3830,#3830,#349,.F.);
#2918=EDGE_CURVE('',#3831,#3832,#69,.T.);
#2919=EDGE_CURVE('',#3832,#3828,#70,.F.);
#2920=EDGE_CURVE('',#3831,#3826,#71,.T.);
#2921=EDGE_CURVE('',#3832,#3833,#72,.T.);
#2922=EDGE_CURVE('',#3833,#3775,#73,.T.);
#2923=EDGE_CURVE('',#3834,#3834,#74,.T.);
#2924=EDGE_CURVE('',#3823,#3835,#4438,.T.);
#2925=EDGE_CURVE('',#3835,#3836,#4439,.T.);
#2926=EDGE_CURVE('',#3836,#3824,#4440,.T.);
#2927=EDGE_CURVE('',#3701,#3695,#4441,.T.);
#2928=EDGE_CURVE('',#3837,#3700,#4442,.T.);
#2929=EDGE_CURVE('',#3837,#3838,#4443,.T.);
#2930=EDGE_CURVE('',#3838,#3839,#4444,.T.);
#2931=EDGE_CURVE('',#3839,#3840,#350,.F.);
#2932=EDGE_CURVE('',#3840,#3841,#351,.T.);
#2933=EDGE_CURVE('',#3841,#3842,#352,.F.);
#2934=EDGE_CURVE('',#3843,#3842,#4445,.T.);
#2935=EDGE_CURVE('',#3843,#3825,#4446,.T.);
#2936=EDGE_CURVE('',#3836,#3844,#353,.T.);
#2937=EDGE_CURVE('',#3845,#3844,#4447,.T.);
#2938=EDGE_CURVE('',#3845,#3696,#4448,.T.);
#2939=EDGE_CURVE('',#3846,#3847,#75,.T.);
#2940=EDGE_CURVE('',#3846,#3848,#354,.T.);
#2941=EDGE_CURVE('',#3848,#3847,#76,.T.);
#2942=EDGE_CURVE('',#3849,#3734,#4449,.T.);
#2943=EDGE_CURVE('',#3818,#3849,#4450,.T.);
#2944=EDGE_CURVE('',#3833,#3849,#4451,.T.);
#2945=EDGE_CURVE('',#3850,#3731,#4452,.T.);
#2946=EDGE_CURVE('',#3835,#3850,#32,.F.);
#2947=EDGE_CURVE('',#3831,#3851,#4453,.T.);
#2948=EDGE_CURVE('',#3852,#3843,#4454,.T.);
#2949=EDGE_CURVE('',#3851,#3852,#355,.T.);
#2950=EDGE_CURVE('',#3853,#3854,#77,.T.);
#2951=EDGE_CURVE('',#3854,#3855,#78,.T.);
#2952=EDGE_CURVE('',#3855,#3856,#79,.T.);
#2953=EDGE_CURVE('',#3856,#3857,#80,.T.);
#2954=EDGE_CURVE('',#3853,#3857,#81,.T.);
#2955=EDGE_CURVE('',#3858,#3858,#356,.T.);
#2956=EDGE_CURVE('',#3851,#3859,#357,.T.);
#2957=EDGE_CURVE('',#3859,#3852,#4455,.T.);
#2958=EDGE_CURVE('',#3860,#3839,#4456,.F.);
#2959=EDGE_CURVE('',#3860,#3861,#358,.F.);
#2960=EDGE_CURVE('',#3840,#3861,#4457,.F.);
#2961=EDGE_CURVE('',#3861,#3862,#359,.T.);
#2962=EDGE_CURVE('',#3862,#3841,#4458,.T.);
#2963=EDGE_CURVE('',#3862,#3863,#360,.F.);
#2964=EDGE_CURVE('',#3842,#3863,#4459,.F.);
#2965=EDGE_CURVE('',#3863,#3864,#4460,.T.);
#2966=EDGE_CURVE('',#3864,#3854,#4461,.T.);
#2967=EDGE_CURVE('',#3865,#3853,#33,.T.);
#2968=EDGE_CURVE('',#3865,#3843,#4462,.T.);
#2969=EDGE_CURVE('',#3864,#3866,#361,.F.);
#2970=EDGE_CURVE('',#3855,#3866,#4463,.F.);
#2971=EDGE_CURVE('',#3819,#3788,#4464,.T.);
#2972=EDGE_CURVE('',#3848,#3789,#4465,.T.);
#2973=EDGE_CURVE('',#3833,#3847,#4466,.T.);
#2974=EDGE_CURVE('',#3846,#3790,#4467,.T.);
#2975=EDGE_CURVE('',#3866,#3796,#4468,.T.);
#2976=EDGE_CURVE('',#3795,#3856,#4469,.F.);
#2977=EDGE_CURVE('',#3857,#3794,#4470,.T.);
#2978=EDGE_CURVE('',#3793,#3865,#4471,.F.);
#2979=EDGE_CURVE('',#3792,#3852,#4472,.T.);
#2980=EDGE_CURVE('',#3859,#3791,#4473,.T.);
#2981=EDGE_CURVE('',#3867,#3804,#4474,.T.);
#2982=EDGE_CURVE('',#3867,#3868,#4475,.T.);
#2983=EDGE_CURVE('',#3869,#3868,#4476,.T.);
#2984=EDGE_CURVE('',#3870,#3869,#4477,.T.);
#2985=EDGE_CURVE('',#3871,#3870,#4478,.T.);
#2986=EDGE_CURVE('',#3871,#3872,#4479,.T.);
#2987=EDGE_CURVE('',#3872,#3873,#34,.F.);
#2988=EDGE_CURVE('',#3873,#3487,#4480,.T.);
#2989=EDGE_CURVE('',#3874,#3874,#82,.T.);
#2990=EDGE_CURVE('',#3875,#3876,#4481,.T.);
#2991=EDGE_CURVE('',#3875,#3877,#362,.F.);
#2992=EDGE_CURVE('',#3877,#3878,#4482,.T.);
#2993=EDGE_CURVE('',#3878,#3879,#363,.T.);
#2994=EDGE_CURVE('',#3879,#3880,#4483,.T.);
#2995=EDGE_CURVE('',#3880,#3881,#83,.T.);
#2996=EDGE_CURVE('',#3881,#3882,#84,.T.);
#2997=EDGE_CURVE('',#3883,#3882,#4484,.T.);
#2998=EDGE_CURVE('',#3883,#3876,#85,.T.);
#2999=EDGE_CURVE('',#3884,#3884,#364,.T.);
#3000=EDGE_CURVE('',#3885,#3885,#365,.T.);
#3001=EDGE_CURVE('',#3886,#3883,#86,.T.);
#3002=EDGE_CURVE('',#3876,#3886,#366,.T.);
#3003=EDGE_CURVE('',#3887,#3887,#367,.F.);
#3004=EDGE_CURVE('',#3888,#3889,#87,.T.);
#3005=EDGE_CURVE('',#3888,#3890,#88,.T.);
#3006=EDGE_CURVE('',#3891,#3890,#89,.T.);
#3007=EDGE_CURVE('',#3892,#3891,#90,.T.);
#3008=EDGE_CURVE('',#3889,#3892,#91,.T.);
#3009=EDGE_CURVE('',#3893,#3893,#368,.T.);
#3010=EDGE_CURVE('',#3880,#3894,#92,.T.);
#3011=EDGE_CURVE('',#3895,#3894,#93,.T.);
#3012=EDGE_CURVE('',#3896,#3895,#94,.F.);
#3013=EDGE_CURVE('',#3881,#3896,#95,.F.);
#3014=EDGE_CURVE('',#3897,#3896,#96,.T.);
#3015=EDGE_CURVE('',#3898,#3897,#97,.T.);
#3016=EDGE_CURVE('',#3882,#3898,#98,.T.);
#3017=EDGE_CURVE('',#3892,#3899,#4485,.F.);
#3018=EDGE_CURVE('',#3899,#3900,#369,.F.);
#3019=EDGE_CURVE('',#3900,#3889,#4486,.T.);
#3020=EDGE_CURVE('',#3741,#3901,#4487,.T.);
#3021=EDGE_CURVE('',#3882,#3901,#4488,.T.);
#3022=EDGE_CURVE('',#3742,#3898,#4489,.T.);
#3023=EDGE_CURVE('',#3901,#3782,#4490,.T.);
#3024=EDGE_CURVE('',#3902,#3897,#4491,.T.);
#3025=EDGE_CURVE('',#3902,#3743,#4492,.T.);
#3026=EDGE_CURVE('',#3903,#3780,#4493,.T.);
#3027=EDGE_CURVE('',#3903,#3781,#4494,.T.);
#3028=EDGE_CURVE('',#3904,#3903,#4495,.T.);
#3029=EDGE_CURVE('',#3904,#3886,#4496,.F.);
#3030=EDGE_CURVE('',#3904,#3875,#370,.F.);
#3031=EDGE_CURVE('',#3878,#3905,#4497,.T.);
#3032=EDGE_CURVE('',#3879,#3905,#371,.T.);
#3033=EDGE_CURVE('',#3906,#3641,#4498,.T.);
#3034=EDGE_CURVE('',#3906,#3907,#372,.F.);
#3035=EDGE_CURVE('',#3642,#3907,#4499,.F.);
#3036=EDGE_CURVE('',#3900,#3906,#4500,.T.);
#3037=EDGE_CURVE('',#3908,#3640,#4501,.T.);
#3038=EDGE_CURVE('',#3908,#3888,#35,.T.);
#3039=EDGE_CURVE('',#3640,#3905,#4502,.T.);
#3040=EDGE_CURVE('',#3894,#3639,#36,.T.);
#3041=EDGE_CURVE('',#3905,#3909,#4503,.T.);
#3042=EDGE_CURVE('',#3909,#3910,#4504,.T.);
#3043=EDGE_CURVE('',#3908,#3910,#4505,.F.);
#3044=EDGE_CURVE('',#3910,#3911,#373,.F.);
#3045=EDGE_CURVE('',#3911,#3890,#4506,.T.);
#3046=EDGE_CURVE('',#3891,#3912,#4507,.F.);
#3047=EDGE_CURVE('',#3912,#3911,#374,.F.);
#3048=EDGE_CURVE('',#3913,#3912,#4508,.T.);
#3049=EDGE_CURVE('',#3913,#3899,#4509,.T.);
#3050=EDGE_CURVE('',#3914,#3638,#4510,.T.);
#3051=EDGE_CURVE('',#3914,#3902,#4511,.T.);
#3052=EDGE_CURVE('',#3907,#3915,#375,.T.);
#3053=EDGE_CURVE('',#3915,#3643,#4512,.T.);
#3054=EDGE_CURVE('',#3909,#3877,#4513,.T.);
#3055=EDGE_CURVE('',#3915,#3916,#376,.F.);
#3056=EDGE_CURVE('',#3644,#3916,#4514,.F.);
#3057=EDGE_CURVE('',#3637,#3917,#4515,.F.);
#3058=EDGE_CURVE('',#3917,#3914,#4516,.T.);
#3059=EDGE_CURVE('',#3918,#3917,#37,.F.);
#3060=EDGE_CURVE('',#3744,#3918,#4517,.T.);
#3061=EDGE_CURVE('',#3919,#3919,#377,.T.);
#3062=EDGE_CURVE('',#3920,#3920,#378,.T.);
#3063=EDGE_CURVE('',#3481,#3913,#4518,.F.);
#3064=EDGE_CURVE('',#3815,#3921,#4519,.T.);
#3065=EDGE_CURVE('',#3921,#3800,#4520,.F.);
#3066=EDGE_CURVE('',#3867,#3922,#4521,.T.);
#3067=EDGE_CURVE('',#3803,#3922,#4522,.T.);
#3068=EDGE_CURVE('',#3923,#3924,#4523,.T.);
#3069=EDGE_CURVE('',#3923,#3925,#4524,.T.);
#3070=EDGE_CURVE('',#3925,#3926,#4525,.T.);
#3071=EDGE_CURVE('',#3926,#3927,#379,.T.);
#3072=EDGE_CURVE('',#3927,#3928,#4526,.T.);
#3073=EDGE_CURVE('',#3928,#3929,#38,.F.);
#3074=EDGE_CURVE('',#3930,#3929,#4527,.T.);
#3075=EDGE_CURVE('',#3930,#3870,#4528,.T.);
#3076=EDGE_CURVE('',#3869,#3931,#4529,.T.);
#3077=EDGE_CURVE('',#3931,#3932,#4530,.T.);
#3078=EDGE_CURVE('',#3932,#3933,#380,.F.);
#3079=EDGE_CURVE('',#3933,#3934,#4531,.T.);
#3080=EDGE_CURVE('',#3934,#3935,#381,.F.);
#3081=EDGE_CURVE('',#3936,#3935,#4532,.T.);
#3082=EDGE_CURVE('',#3813,#3936,#4533,.T.);
#3083=EDGE_CURVE('',#3937,#3812,#4534,.T.);
#3084=EDGE_CURVE('',#3937,#3938,#4535,.T.);
#3085=EDGE_CURVE('',#3938,#3939,#39,.F.);
#3086=EDGE_CURVE('',#3939,#3940,#4536,.T.);
#3087=EDGE_CURVE('',#3941,#3940,#4537,.T.);
#3088=EDGE_CURVE('',#3941,#3942,#382,.F.);
#3089=EDGE_CURVE('',#3943,#3942,#4538,.T.);
#3090=EDGE_CURVE('',#3943,#3924,#383,.F.);
#3091=EDGE_CURVE('',#3939,#3809,#4539,.F.);
#3092=EDGE_CURVE('',#3498,#3940,#4540,.T.);
#3093=EDGE_CURVE('',#3930,#3871,#4541,.T.);
#3094=EDGE_CURVE('',#3929,#3872,#4542,.F.);
#3095=EDGE_CURVE('',#3922,#3944,#40,.T.);
#3096=EDGE_CURVE('',#3945,#3944,#4543,.T.);
#3097=EDGE_CURVE('',#3945,#3868,#4544,.T.);
#3098=EDGE_CURVE('',#3814,#3946,#4545,.T.);
#3099=EDGE_CURVE('',#3946,#3947,#4546,.T.);
#3100=EDGE_CURVE('',#3947,#3921,#41,.F.);
#3101=EDGE_CURVE('',#3937,#3811,#4547,.T.);
#3102=EDGE_CURVE('',#3810,#3938,#4548,.T.);
#3103=EDGE_CURVE('',#3948,#3936,#384,.F.);
#3104=EDGE_CURVE('',#3946,#3948,#4549,.T.);
#3105=EDGE_CURVE('',#3949,#3945,#4550,.T.);
#3106=EDGE_CURVE('',#3931,#3949,#385,.T.);
#3107=EDGE_CURVE('',#3873,#3928,#4551,.T.);
#3108=EDGE_CURVE('',#3927,#3488,#4552,.T.);
#3109=EDGE_CURVE('',#3950,#3558,#4553,.T.);
#3110=EDGE_CURVE('',#3951,#3950,#386,.F.);
#3111=EDGE_CURVE('',#3559,#3951,#4554,.T.);
#3112=EDGE_CURVE('',#3557,#3952,#4555,.F.);
#3113=EDGE_CURVE('',#3950,#3952,#387,.T.);
#3114=EDGE_CURVE('',#3953,#3556,#4556,.T.);
#3115=EDGE_CURVE('',#3952,#3953,#388,.T.);
#3116=EDGE_CURVE('',#3954,#3549,#4557,.F.);
#3117=EDGE_CURVE('',#3955,#3954,#389,.F.);
#3118=EDGE_CURVE('',#3550,#3955,#4558,.F.);
#3119=EDGE_CURVE('',#3956,#3955,#390,.T.);
#3120=EDGE_CURVE('',#3551,#3956,#4559,.F.);
#3121=EDGE_CURVE('',#3951,#3954,#4560,.T.);
#3122=EDGE_CURVE('',#3957,#3552,#4561,.T.);
#3123=EDGE_CURVE('',#3958,#3957,#391,.T.);
#3124=EDGE_CURVE('',#3553,#3958,#4562,.F.);
#3125=EDGE_CURVE('',#3956,#3957,#4563,.T.);
#3126=EDGE_CURVE('',#3959,#3554,#4564,.T.);
#3127=EDGE_CURVE('',#3960,#3959,#392,.T.);
#3128=EDGE_CURVE('',#3555,#3960,#4565,.F.);
#3129=EDGE_CURVE('',#3958,#3959,#4566,.T.);
#3130=EDGE_CURVE('',#3960,#3953,#4567,.T.);
#3131=EDGE_CURVE('',#3961,#3962,#4568,.T.);
#3132=EDGE_CURVE('',#3961,#3963,#4569,.T.);
#3133=EDGE_CURVE('',#3963,#3962,#4570,.T.);
#3134=EDGE_CURVE('',#3518,#3766,#4571,.T.);
#3135=EDGE_CURVE('',#3519,#3765,#4572,.T.);
#3136=EDGE_CURVE('',#3517,#3767,#4573,.T.);
#3137=EDGE_CURVE('',#3516,#3768,#4574,.T.);
#3138=EDGE_CURVE('',#3545,#3748,#4575,.T.);
#3139=EDGE_CURVE('',#3546,#3747,#4576,.T.);
#3140=EDGE_CURVE('',#3544,#3749,#4577,.T.);
#3141=EDGE_CURVE('',#3543,#3750,#4578,.T.);
#3142=EDGE_CURVE('',#3687,#3753,#4579,.F.);
#3143=EDGE_CURVE('',#3754,#3686,#4580,.T.);
#3144=EDGE_CURVE('',#3964,#3752,#42,.F.);
#3145=EDGE_CURVE('',#3964,#3688,#4581,.T.);
#3146=EDGE_CURVE('',#3685,#3755,#4582,.F.);
#3147=EDGE_CURVE('',#3756,#3684,#4583,.T.);
#3148=EDGE_CURVE('',#3757,#3599,#43,.F.);
#3149=EDGE_CURVE('',#3963,#3965,#4584,.T.);
#3150=EDGE_CURVE('',#3965,#3966,#393,.T.);
#3151=EDGE_CURVE('',#3962,#3966,#4585,.T.);
#3152=EDGE_CURVE('',#3966,#3967,#44,.F.);
#3153=EDGE_CURVE('',#3967,#3676,#4586,.T.);
#3154=EDGE_CURVE('',#3675,#3521,#4587,.F.);
#3155=EDGE_CURVE('',#3961,#3520,#4588,.T.);
#3156=EDGE_CURVE('',#3968,#3692,#99,.T.);
#3157=EDGE_CURVE('',#3691,#3969,#100,.T.);
#3158=EDGE_CURVE('',#3969,#3968,#4589,.T.);
#3159=EDGE_CURVE('',#3970,#3970,#394,.T.);
#3160=EDGE_CURVE('',#3918,#3636,#4590,.T.);
#3161=EDGE_CURVE('',#3745,#3635,#4591,.T.);
#3162=EDGE_CURVE('',#3770,#3845,#4592,.T.);
#3163=EDGE_CURVE('',#3971,#3971,#395,.F.);
#3164=EDGE_CURVE('',#3844,#3850,#4593,.F.);
#3165=EDGE_CURVE('',#3972,#3972,#396,.T.);
#3166=EDGE_CURVE('',#3973,#3973,#397,.T.);
#3167=EDGE_CURVE('',#3974,#3974,#398,.T.);
#3168=EDGE_CURVE('',#3417,#3975,#399,.T.);
#3169=EDGE_CURVE('',#3975,#3976,#4594,.T.);
#3170=EDGE_CURVE('',#3976,#3977,#400,.T.);
#3171=EDGE_CURVE('',#3977,#3541,#4595,.T.);
#3172=EDGE_CURVE('',#3654,#3978,#45,.F.);
#3173=EDGE_CURVE('',#3978,#3979,#4596,.T.);
#3174=EDGE_CURVE('',#3979,#3751,#46,.T.);
#3175=EDGE_CURVE('',#3978,#3980,#101,.T.);
#3176=EDGE_CURVE('',#3980,#3981,#4597,.T.);
#3177=EDGE_CURVE('',#3981,#3979,#102,.T.);
#3178=EDGE_CURVE('',#3982,#3746,#4598,.T.);
#3179=EDGE_CURVE('',#3982,#3656,#47,.T.);
#3180=EDGE_CURVE('',#3703,#3983,#48,.F.);
#3181=EDGE_CURVE('',#3983,#3769,#4599,.T.);
#3182=EDGE_CURVE('',#3648,#3982,#103,.T.);
#3183=EDGE_CURVE('',#3983,#3699,#104,.T.);
#3184=EDGE_CURVE('',#3984,#3984,#401,.T.);
#3185=EDGE_CURVE('',#3985,#3985,#402,.T.);
#3186=EDGE_CURVE('',#3986,#3986,#403,.T.);
#3187=EDGE_CURVE('',#3443,#3987,#404,.F.);
#3188=EDGE_CURVE('',#3987,#3988,#4600,.T.);
#3189=EDGE_CURVE('',#3988,#3468,#405,.F.);
#3190=EDGE_CURVE('',#3764,#3968,#49,.F.);
#3191=EDGE_CURVE('',#3969,#3965,#50,.T.);
#3192=EDGE_CURVE('',#3964,#3981,#4601,.F.);
#3193=EDGE_CURVE('',#3681,#3761,#4602,.F.);
#3194=EDGE_CURVE('',#3762,#3680,#4603,.T.);
#3195=EDGE_CURVE('',#3683,#3759,#4604,.F.);
#3196=EDGE_CURVE('',#3760,#3682,#4605,.T.);
#3197=EDGE_CURVE('',#3597,#3758,#51,.F.);
#3198=EDGE_CURVE('',#3763,#3693,#52,.F.);
#3199=EDGE_CURVE('',#3989,#3990,#406,.F.);
#3200=EDGE_CURVE('',#3991,#3989,#4606,.T.);
#3201=EDGE_CURVE('',#3992,#3991,#407,.T.);
#3202=EDGE_CURVE('',#3992,#3990,#53,.F.);
#3203=EDGE_CURVE('',#3993,#3994,#408,.F.);
#3204=EDGE_CURVE('',#3993,#3995,#54,.F.);
#3205=EDGE_CURVE('',#3996,#3995,#409,.T.);
#3206=EDGE_CURVE('',#3994,#3996,#4607,.T.);
#3207=EDGE_CURVE('',#3529,#3667,#4608,.T.);
#3208=EDGE_CURVE('',#3668,#3528,#4609,.F.);
#3209=EDGE_CURVE('',#3997,#3616,#4610,.T.);
#3210=EDGE_CURVE('',#3998,#3622,#4611,.T.);
#3211=EDGE_CURVE('',#3998,#3997,#410,.T.);
#3212=EDGE_CURVE('',#3999,#3615,#4612,.T.);
#3213=EDGE_CURVE('',#3997,#3999,#4613,.T.);
#3214=EDGE_CURVE('',#4000,#3617,#4614,.T.);
#3215=EDGE_CURVE('',#3999,#4000,#411,.T.);
#3216=EDGE_CURVE('',#4001,#3618,#4615,.T.);
#3217=EDGE_CURVE('',#4002,#4000,#4616,.T.);
#3218=EDGE_CURVE('',#4002,#3989,#4617,.T.);
#3219=EDGE_CURVE('',#4001,#3990,#4618,.T.);
#3220=EDGE_CURVE('',#4003,#3621,#4619,.T.);
#3221=EDGE_CURVE('',#3993,#4003,#4620,.T.);
#3222=EDGE_CURVE('',#4004,#3994,#4621,.T.);
#3223=EDGE_CURVE('',#3998,#4004,#4622,.T.);
#3224=EDGE_CURVE('',#3980,#3657,#4623,.T.);
#3225=EDGE_CURVE('',#3916,#4005,#4624,.T.);
#3226=EDGE_CURVE('',#4005,#3645,#4625,.T.);
#3227=EDGE_CURVE('',#4006,#3838,#4626,.T.);
#3228=EDGE_CURVE('',#4006,#3860,#4627,.T.);
#3229=EDGE_CURVE('',#3497,#3941,#4628,.F.);
#3230=EDGE_CURVE('',#3513,#3837,#4629,.T.);
#3231=EDGE_CURVE('',#4007,#4008,#4630,.F.);
#3232=EDGE_CURVE('',#4008,#3492,#4631,.T.);
#3233=EDGE_CURVE('',#3491,#4007,#4632,.F.);
#3234=EDGE_CURVE('',#4009,#4010,#4633,.T.);
#3235=EDGE_CURVE('',#4009,#4011,#4634,.F.);
#3236=EDGE_CURVE('',#4011,#4012,#412,.F.);
#3237=EDGE_CURVE('',#4012,#3490,#4635,.T.);
#3238=EDGE_CURVE('',#3489,#3926,#4636,.F.);
#3239=EDGE_CURVE('',#3925,#4010,#413,.F.);
#3240=EDGE_CURVE('',#3948,#4013,#4637,.T.);
#3241=EDGE_CURVE('',#3935,#4013,#105,.T.);
#3242=EDGE_CURVE('',#4013,#3947,#55,.F.);
#3243=EDGE_CURVE('',#3933,#3802,#4638,.F.);
#3244=EDGE_CURVE('',#3801,#3934,#4639,.T.);
#3245=EDGE_CURVE('',#4014,#4014,#414,.T.);
#3246=EDGE_CURVE('',#3512,#4006,#4640,.F.);
#3247=EDGE_CURVE('',#3473,#3646,#4641,.T.);
#3248=EDGE_CURVE('',#4015,#4015,#415,.T.);
#3249=EDGE_CURVE('',#4005,#3474,#4642,.T.);
#3250=EDGE_CURVE('',#3949,#4016,#4643,.T.);
#3251=EDGE_CURVE('',#3944,#4016,#56,.T.);
#3252=EDGE_CURVE('',#4016,#3932,#106,.T.);
#3253=EDGE_CURVE('',#3495,#3943,#4644,.F.);
#3254=EDGE_CURVE('',#3942,#3496,#4645,.T.);
#3255=EDGE_CURVE('',#4017,#4018,#4646,.F.);
#3256=EDGE_CURVE('',#4019,#4018,#4647,.T.);
#3257=EDGE_CURVE('',#4019,#3923,#416,.T.);
#3258=EDGE_CURVE('',#3924,#3494,#4648,.T.);
#3259=EDGE_CURVE('',#3493,#4020,#4649,.F.);
#3260=EDGE_CURVE('',#4020,#4017,#417,.T.);
#3261=EDGE_CURVE('',#4021,#4022,#4650,.T.);
#3262=EDGE_CURVE('',#4021,#4023,#4651,.T.);
#3263=EDGE_CURVE('',#4023,#4024,#4652,.T.);
#3264=EDGE_CURVE('',#4024,#4022,#4653,.T.);
#3265=EDGE_CURVE('',#4010,#4019,#4654,.F.);
#3266=EDGE_CURVE('',#4018,#4021,#418,.T.);
#3267=EDGE_CURVE('',#4022,#4009,#419,.T.);
#3268=EDGE_CURVE('',#3694,#3702,#4655,.F.);
#3269=EDGE_CURVE('',#3677,#4025,#4656,.T.);
#3270=EDGE_CURVE('',#4025,#3691,#4657,.T.);
#3271=EDGE_CURVE('',#3655,#3647,#4658,.T.);
#3272=EDGE_CURVE('',#3980,#3653,#4659,.F.);
#3273=EDGE_CURVE('',#4025,#3967,#107,.T.);
#3274=EDGE_CURVE('',#4026,#4026,#420,.F.);
#3275=EDGE_CURVE('',#3527,#3669,#4660,.T.);
#3276=EDGE_CURVE('',#4027,#4027,#421,.F.);
#3277=EDGE_CURVE('',#3664,#3532,#4661,.F.);
#3278=EDGE_CURVE('',#3531,#3665,#4662,.T.);
#3279=EDGE_CURVE('',#3663,#3533,#4663,.F.);
#3280=EDGE_CURVE('',#3530,#3666,#4664,.T.);
#3281=EDGE_CURVE('',#3526,#3670,#4665,.T.);
#3282=EDGE_CURVE('',#3534,#3662,#4666,.T.);
#3283=EDGE_CURVE('',#3661,#3535,#4667,.F.);
#3284=EDGE_CURVE('',#3536,#3660,#4668,.T.);
#3285=EDGE_CURVE('',#3659,#3537,#4669,.F.);
#3286=EDGE_CURVE('',#3538,#3658,#4670,.T.);
#3287=EDGE_CURVE('',#3522,#3674,#4671,.T.);
#3288=EDGE_CURVE('',#3673,#3523,#4672,.F.);
#3289=EDGE_CURVE('',#3671,#3525,#4673,.T.);
#3290=EDGE_CURVE('',#3524,#3672,#4674,.T.);
#3291=EDGE_CURVE('',#4028,#3619,#4675,.T.);
#3292=EDGE_CURVE('',#4028,#4001,#57,.F.);
#3293=EDGE_CURVE('',#4029,#3620,#4676,.T.);
#3294=EDGE_CURVE('',#4029,#4028,#4677,.T.);
#3295=EDGE_CURVE('',#4003,#4029,#58,.F.);
#3296=EDGE_CURVE('',#4030,#3992,#4678,.T.);
#3297=EDGE_CURVE('',#4031,#4030,#59,.T.);
#3298=EDGE_CURVE('',#4032,#4031,#4679,.T.);
#3299=EDGE_CURVE('',#4033,#4032,#60,.T.);
#3300=EDGE_CURVE('',#3995,#4033,#4680,.T.);
#3301=EDGE_CURVE('',#4034,#4031,#4681,.T.);
#3302=EDGE_CURVE('',#4035,#4030,#4682,.T.);
#3303=EDGE_CURVE('',#4034,#4035,#422,.T.);
#3304=EDGE_CURVE('',#4036,#4032,#4683,.T.);
#3305=EDGE_CURVE('',#4036,#4034,#4684,.T.);
#3306=EDGE_CURVE('',#4037,#4033,#4685,.T.);
#3307=EDGE_CURVE('',#4037,#4036,#423,.T.);
#3308=EDGE_CURVE('',#4038,#4037,#4686,.T.);
#3309=EDGE_CURVE('',#4038,#3996,#4687,.T.);
#3310=EDGE_CURVE('',#4039,#3991,#4688,.T.);
#3311=EDGE_CURVE('',#4035,#4039,#4689,.F.);
#3312=EDGE_CURVE('',#4039,#4002,#4690,.T.);
#3313=EDGE_CURVE('',#4004,#4038,#4691,.T.);
#3314=EDGE_CURVE('',#3579,#3726,#424,.T.);
#3315=EDGE_CURVE('',#3722,#3578,#4692,.T.);
#3316=EDGE_CURVE('',#3575,#3725,#4693,.T.);
#3317=EDGE_CURVE('',#4040,#3430,#4694,.T.);
#3318=EDGE_CURVE('',#3415,#4040,#4695,.T.);
#3319=EDGE_CURVE('',#3568,#3566,#4696,.T.);
#3320=EDGE_CURVE('',#3715,#3712,#4697,.T.);
#3321=EDGE_CURVE('',#3713,#4041,#4698,.T.);
#3322=EDGE_CURVE('',#4041,#4042,#4699,.T.);
#3323=EDGE_CURVE('',#4043,#4042,#4700,.T.);
#3324=EDGE_CURVE('',#4043,#3562,#4701,.T.);
#3325=EDGE_CURVE('',#3434,#3561,#4702,.T.);
#3326=EDGE_CURVE('',#4043,#4044,#425,.F.);
#3327=EDGE_CURVE('',#4044,#3563,#4703,.T.);
#3328=EDGE_CURVE('',#4044,#3710,#4704,.T.);
#3329=EDGE_CURVE('',#3542,#3705,#4705,.T.);
#3330=EDGE_CURVE('',#3429,#3433,#4706,.T.);
#3331=EDGE_CURVE('',#3709,#4042,#4707,.T.);
#3332=EDGE_CURVE('',#3706,#4041,#4708,.T.);
#3333=EDGE_CURVE('',#3977,#4045,#4709,.F.);
#3334=EDGE_CURVE('',#4045,#4040,#4710,.T.);
#3335=EDGE_CURVE('',#4046,#4046,#426,.T.);
#3336=EDGE_CURVE('',#4047,#4047,#427,.T.);
#3337=EDGE_CURVE('',#4048,#4048,#428,.T.);
#3338=EDGE_CURVE('',#4049,#4050,#4711,.T.);
#3339=EDGE_CURVE('',#4049,#3416,#429,.F.);
#3340=EDGE_CURVE('',#4045,#4050,#430,.F.);
#3341=EDGE_CURVE('',#4051,#3817,#4712,.T.);
#3342=EDGE_CURVE('',#3820,#4051,#4713,.T.);
#3343=EDGE_CURVE('',#3816,#4051,#4714,.T.);
#3344=EDGE_CURVE('',#4023,#4008,#431,.F.);
#3345=EDGE_CURVE('',#4007,#4024,#432,.T.);
#3346=EDGE_CURVE('',#4020,#4008,#433,.T.);
#3347=EDGE_CURVE('',#4017,#4023,#434,.T.);
#3348=EDGE_CURVE('',#4007,#4012,#435,.T.);
#3349=EDGE_CURVE('',#4024,#4011,#436,.T.);
#3350=EDGE_CURVE('',#4052,#3771,#4715,.T.);
#3351=EDGE_CURVE('',#4052,#4053,#4716,.T.);
#3352=EDGE_CURVE('',#4053,#3772,#4717,.T.);
#3353=EDGE_CURVE('',#4054,#3774,#4718,.T.);
#3354=EDGE_CURVE('',#4054,#4052,#4719,.T.);
#3355=EDGE_CURVE('',#4055,#3773,#4720,.T.);
#3356=EDGE_CURVE('',#4054,#4055,#4721,.T.);
#3357=EDGE_CURVE('',#4055,#4053,#4722,.T.);
#3358=EDGE_CURVE('',#4056,#3728,#4723,.T.);
#3359=EDGE_CURVE('',#4057,#4056,#4724,.T.);
#3360=EDGE_CURVE('',#4057,#3729,#4725,.T.);
#3361=EDGE_CURVE('',#4058,#3727,#4726,.T.);
#3362=EDGE_CURVE('',#4058,#4056,#4727,.T.);
#3363=EDGE_CURVE('',#4059,#3730,#4728,.T.);
#3364=EDGE_CURVE('',#4059,#4058,#4729,.T.);
#3365=EDGE_CURVE('',#4059,#4057,#4730,.T.);
#3366=EDGE_CURVE('',#4060,#4060,#437,.T.);
#3367=EDGE_CURVE('',#4061,#4061,#438,.T.);
#3368=EDGE_CURVE('',#4062,#4062,#439,.T.);
#3369=EDGE_CURVE('',#4063,#4063,#440,.T.);
#3370=EDGE_CURVE('',#3724,#3576,#4731,.T.);
#3371=EDGE_CURVE('',#3577,#3723,#4732,.T.);
#3372=EDGE_CURVE('',#3602,#3626,#4733,.T.);
#3373=EDGE_CURVE('',#3604,#3624,#4734,.T.);
#3374=EDGE_CURVE('',#3603,#3627,#4735,.T.);
#3375=EDGE_CURVE('',#3607,#3628,#4736,.T.);
#3376=EDGE_CURVE('',#3606,#3629,#4737,.T.);
#3377=EDGE_CURVE('',#3605,#3625,#4738,.T.);
#3378=EDGE_CURVE('',#3591,#3608,#4739,.T.);
#3379=EDGE_CURVE('',#3590,#3609,#4740,.T.);
#3380=EDGE_CURVE('',#3595,#3610,#4741,.T.);
#3381=EDGE_CURVE('',#3594,#3611,#4742,.T.);
#3382=EDGE_CURVE('',#3593,#3612,#4743,.T.);
#3383=EDGE_CURVE('',#3592,#3613,#4744,.T.);
#3384=EDGE_CURVE('',#4064,#4064,#441,.T.);
#3385=EDGE_CURVE('',#4065,#4065,#442,.T.);
#3386=EDGE_CURVE('',#4066,#4066,#443,.T.);
#3387=EDGE_CURVE('',#4067,#4068,#4745,.T.);
#3388=EDGE_CURVE('',#4067,#3442,#444,.T.);
#3389=EDGE_CURVE('',#3469,#4068,#445,.T.);
#3390=EDGE_CURVE('',#3987,#4067,#4746,.T.);
#3391=EDGE_CURVE('',#4068,#3988,#4747,.F.);
#3392=EDGE_CURVE('',#3583,#3435,#4748,.T.);
#3393=EDGE_CURVE('',#3975,#4049,#4749,.F.);
#3394=EDGE_CURVE('',#4050,#3976,#4750,.T.);
#3395=EDGE_CURVE('',#3899,#3480,#4751,.T.);
#3396=EDGE_CURVE('',#3900,#3479,#4752,.T.);
#3397=EDGE_CURVE('',#3906,#3478,#4753,.T.);
#3398=EDGE_CURVE('',#3907,#3477,#4754,.T.);
#3399=EDGE_CURVE('',#3915,#3476,#4755,.T.);
#3400=EDGE_CURVE('',#3916,#3475,#4756,.T.);
#3401=EDGE_CURVE('',#3506,#3866,#4757,.T.);
#3402=EDGE_CURVE('',#3507,#3864,#4758,.T.);
#3403=EDGE_CURVE('',#3508,#3863,#4759,.T.);
#3404=EDGE_CURVE('',#3509,#3862,#4760,.T.);
#3405=EDGE_CURVE('',#3510,#3861,#4761,.T.);
#3406=EDGE_CURVE('',#3511,#3860,#4762,.T.);
#3407=VERTEX_POINT('',#9417);
#3408=VERTEX_POINT('',#9418);
#3409=VERTEX_POINT('',#9420);
#3410=VERTEX_POINT('',#9422);
#3411=VERTEX_POINT('',#9426);
#3412=VERTEX_POINT('',#9427);
#3413=VERTEX_POINT('',#9429);
#3414=VERTEX_POINT('',#9431);
#3415=VERTEX_POINT('',#9439);
#3416=VERTEX_POINT('',#9441);
#3417=VERTEX_POINT('',#9443);
#3418=VERTEX_POINT('',#9445);
#3419=VERTEX_POINT('',#9447);
#3420=VERTEX_POINT('',#9449);
#3421=VERTEX_POINT('',#9451);
#3422=VERTEX_POINT('',#9453);
#3423=VERTEX_POINT('',#9455);
#3424=VERTEX_POINT('',#9457);
#3425=VERTEX_POINT('',#9459);
#3426=VERTEX_POINT('',#9461);
#3427=VERTEX_POINT('',#9465);
#3428=VERTEX_POINT('',#9466);
#3429=VERTEX_POINT('',#9468);
#3430=VERTEX_POINT('',#9470);
#3431=VERTEX_POINT('',#9474);
#3432=VERTEX_POINT('',#9476);
#3433=VERTEX_POINT('',#9480);
#3434=VERTEX_POINT('',#9482);
#3435=VERTEX_POINT('',#9486);
#3436=VERTEX_POINT('',#9487);
#3437=VERTEX_POINT('',#9489);
#3438=VERTEX_POINT('',#9491);
#3439=VERTEX_POINT('',#9495);
#3440=VERTEX_POINT('',#9497);
#3441=VERTEX_POINT('',#9499);
#3442=VERTEX_POINT('',#9501);
#3443=VERTEX_POINT('',#9503);
#3444=VERTEX_POINT('',#9505);
#3445=VERTEX_POINT('',#9507);
#3446=VERTEX_POINT('',#9509);
#3447=VERTEX_POINT('',#9511);
#3448=VERTEX_POINT('',#9513);
#3449=VERTEX_POINT('',#9515);
#3450=VERTEX_POINT('',#9517);
#3451=VERTEX_POINT('',#9519);
#3452=VERTEX_POINT('',#9521);
#3453=VERTEX_POINT('',#9525);
#3454=VERTEX_POINT('',#9526);
#3455=VERTEX_POINT('',#9528);
#3456=VERTEX_POINT('',#9530);
#3457=VERTEX_POINT('',#9534);
#3458=VERTEX_POINT('',#9536);
#3459=VERTEX_POINT('',#9538);
#3460=VERTEX_POINT('',#9540);
#3461=VERTEX_POINT('',#9542);
#3462=VERTEX_POINT('',#9544);
#3463=VERTEX_POINT('',#9546);
#3464=VERTEX_POINT('',#9548);
#3465=VERTEX_POINT('',#9550);
#3466=VERTEX_POINT('',#9552);
#3467=VERTEX_POINT('',#9554);
#3468=VERTEX_POINT('',#9556);
#3469=VERTEX_POINT('',#9558);
#3470=VERTEX_POINT('',#9560);
#3471=VERTEX_POINT('',#9564);
#3472=VERTEX_POINT('',#9566);
#3473=VERTEX_POINT('',#9570);
#3474=VERTEX_POINT('',#9571);
#3475=VERTEX_POINT('',#9573);
#3476=VERTEX_POINT('',#9575);
#3477=VERTEX_POINT('',#9577);
#3478=VERTEX_POINT('',#9579);
#3479=VERTEX_POINT('',#9581);
#3480=VERTEX_POINT('',#9583);
#3481=VERTEX_POINT('',#9585);
#3482=VERTEX_POINT('',#9587);
#3483=VERTEX_POINT('',#9589);
#3484=VERTEX_POINT('',#9591);
#3485=VERTEX_POINT('',#9593);
#3486=VERTEX_POINT('',#9595);
#3487=VERTEX_POINT('',#9597);
#3488=VERTEX_POINT('',#9599);
#3489=VERTEX_POINT('',#9601);
#3490=VERTEX_POINT('',#9603);
#3491=VERTEX_POINT('',#9605);
#3492=VERTEX_POINT('',#9607);
#3493=VERTEX_POINT('',#9609);
#3494=VERTEX_POINT('',#9611);
#3495=VERTEX_POINT('',#9613);
#3496=VERTEX_POINT('',#9615);
#3497=VERTEX_POINT('',#9617);
#3498=VERTEX_POINT('',#9619);
#3499=VERTEX_POINT('',#9621);
#3500=VERTEX_POINT('',#9623);
#3501=VERTEX_POINT('',#9625);
#3502=VERTEX_POINT('',#9627);
#3503=VERTEX_POINT('',#9629);
#3504=VERTEX_POINT('',#9631);
#3505=VERTEX_POINT('',#9633);
#3506=VERTEX_POINT('',#9635);
#3507=VERTEX_POINT('',#9637);
#3508=VERTEX_POINT('',#9639);
#3509=VERTEX_POINT('',#9641);
#3510=VERTEX_POINT('',#9643);
#3511=VERTEX_POINT('',#9645);
#3512=VERTEX_POINT('',#9647);
#3513=VERTEX_POINT('',#9649);
#3514=VERTEX_POINT('',#9651);
#3515=VERTEX_POINT('',#9653);
#3516=VERTEX_POINT('',#9655);
#3517=VERTEX_POINT('',#9657);
#3518=VERTEX_POINT('',#9659);
#3519=VERTEX_POINT('',#9661);
#3520=VERTEX_POINT('',#9665);
#3521=VERTEX_POINT('',#9667);
#3522=VERTEX_POINT('',#9669);
#3523=VERTEX_POINT('',#9671);
#3524=VERTEX_POINT('',#9673);
#3525=VERTEX_POINT('',#9675);
#3526=VERTEX_POINT('',#9677);
#3527=VERTEX_POINT('',#9679);
#3528=VERTEX_POINT('',#9681);
#3529=VERTEX_POINT('',#9683);
#3530=VERTEX_POINT('',#9685);
#3531=VERTEX_POINT('',#9687);
#3532=VERTEX_POINT('',#9689);
#3533=VERTEX_POINT('',#9691);
#3534=VERTEX_POINT('',#9693);
#3535=VERTEX_POINT('',#9695);
#3536=VERTEX_POINT('',#9697);
#3537=VERTEX_POINT('',#9699);
#3538=VERTEX_POINT('',#9701);
#3539=VERTEX_POINT('',#9703);
#3540=VERTEX_POINT('',#9705);
#3541=VERTEX_POINT('',#9707);
#3542=VERTEX_POINT('',#9709);
#3543=VERTEX_POINT('',#9712);
#3544=VERTEX_POINT('',#9714);
#3545=VERTEX_POINT('',#9716);
#3546=VERTEX_POINT('',#9718);
#3547=VERTEX_POINT('',#9720);
#3548=VERTEX_POINT('',#9722);
#3549=VERTEX_POINT('',#9725);
#3550=VERTEX_POINT('',#9726);
#3551=VERTEX_POINT('',#9728);
#3552=VERTEX_POINT('',#9730);
#3553=VERTEX_POINT('',#9732);
#3554=VERTEX_POINT('',#9734);
#3555=VERTEX_POINT('',#9736);
#3556=VERTEX_POINT('',#9738);
#3557=VERTEX_POINT('',#9740);
#3558=VERTEX_POINT('',#9742);
#3559=VERTEX_POINT('',#9744);
#3560=VERTEX_POINT('',#9748);
#3561=VERTEX_POINT('',#9749);
#3562=VERTEX_POINT('',#9751);
#3563=VERTEX_POINT('',#9753);
#3564=VERTEX_POINT('',#9755);
#3565=VERTEX_POINT('',#9759);
#3566=VERTEX_POINT('',#9760);
#3567=VERTEX_POINT('',#9763);
#3568=VERTEX_POINT('',#9767);
#3569=VERTEX_POINT('',#9769);
#3570=VERTEX_POINT('',#9771);
#3571=VERTEX_POINT('',#9775);
#3572=VERTEX_POINT('',#9777);
#3573=VERTEX_POINT('',#9779);
#3574=VERTEX_POINT('',#9784);
#3575=VERTEX_POINT('',#9787);
#3576=VERTEX_POINT('',#9789);
#3577=VERTEX_POINT('',#9792);
#3578=VERTEX_POINT('',#9794);
#3579=VERTEX_POINT('',#9796);
#3580=VERTEX_POINT('',#9798);
#3581=VERTEX_POINT('',#9801);
#3582=VERTEX_POINT('',#9803);
#3583=VERTEX_POINT('',#9810);
#3584=VERTEX_POINT('',#9814);
#3585=VERTEX_POINT('',#9816);
#3586=VERTEX_POINT('',#9820);
#3587=VERTEX_POINT('',#9822);
#3588=VERTEX_POINT('',#9826);
#3589=VERTEX_POINT('',#9828);
#3590=VERTEX_POINT('',#9832);
#3591=VERTEX_POINT('',#9833);
#3592=VERTEX_POINT('',#9835);
#3593=VERTEX_POINT('',#9837);
#3594=VERTEX_POINT('',#9839);
#3595=VERTEX_POINT('',#9841);
#3596=VERTEX_POINT('',#9844);
#3597=VERTEX_POINT('',#9846);
#3598=VERTEX_POINT('',#9847);
#3599=VERTEX_POINT('',#9849);
#3600=VERTEX_POINT('',#9851);
#3601=VERTEX_POINT('',#9854);
#3602=VERTEX_POINT('',#9856);
#3603=VERTEX_POINT('',#9857);
#3604=VERTEX_POINT('',#9859);
#3605=VERTEX_POINT('',#9861);
#3606=VERTEX_POINT('',#9863);
#3607=VERTEX_POINT('',#9865);
#3608=VERTEX_POINT('',#9869);
#3609=VERTEX_POINT('',#9870);
#3610=VERTEX_POINT('',#9872);
#3611=VERTEX_POINT('',#9874);
#3612=VERTEX_POINT('',#9876);
#3613=VERTEX_POINT('',#9878);
#3614=VERTEX_POINT('',#9881);
#3615=VERTEX_POINT('',#9883);
#3616=VERTEX_POINT('',#9884);
#3617=VERTEX_POINT('',#9886);
#3618=VERTEX_POINT('',#9888);
#3619=VERTEX_POINT('',#9890);
#3620=VERTEX_POINT('',#9892);
#3621=VERTEX_POINT('',#9894);
#3622=VERTEX_POINT('',#9896);
#3623=VERTEX_POINT('',#9899);
#3624=VERTEX_POINT('',#9901);
#3625=VERTEX_POINT('',#9902);
#3626=VERTEX_POINT('',#9904);
#3627=VERTEX_POINT('',#9906);
#3628=VERTEX_POINT('',#9908);
#3629=VERTEX_POINT('',#9910);
#3630=VERTEX_POINT('',#9914);
#3631=VERTEX_POINT('',#9916);
#3632=VERTEX_POINT('',#9917);
#3633=VERTEX_POINT('',#9919);
#3634=VERTEX_POINT('',#9921);
#3635=VERTEX_POINT('',#9923);
#3636=VERTEX_POINT('',#9925);
#3637=VERTEX_POINT('',#9927);
#3638=VERTEX_POINT('',#9929);
#3639=VERTEX_POINT('',#9931);
#3640=VERTEX_POINT('',#9933);
#3641=VERTEX_POINT('',#9935);
#3642=VERTEX_POINT('',#9937);
#3643=VERTEX_POINT('',#9939);
#3644=VERTEX_POINT('',#9941);
#3645=VERTEX_POINT('',#9943);
#3646=VERTEX_POINT('',#9945);
#3647=VERTEX_POINT('',#9949);
#3648=VERTEX_POINT('',#9954);
#3649=VERTEX_POINT('',#9956);
#3650=VERTEX_POINT('',#9958);
#3651=VERTEX_POINT('',#9962);
#3652=VERTEX_POINT('',#9963);
#3653=VERTEX_POINT('',#9965);
#3654=VERTEX_POINT('',#9967);
#3655=VERTEX_POINT('',#9972);
#3656=VERTEX_POINT('',#9975);
#3657=VERTEX_POINT('',#9982);
#3658=VERTEX_POINT('',#9984);
#3659=VERTEX_POINT('',#9986);
#3660=VERTEX_POINT('',#9988);
#3661=VERTEX_POINT('',#9990);
#3662=VERTEX_POINT('',#9992);
#3663=VERTEX_POINT('',#9994);
#3664=VERTEX_POINT('',#9996);
#3665=VERTEX_POINT('',#9998);
#3666=VERTEX_POINT('',#10000);
#3667=VERTEX_POINT('',#10002);
#3668=VERTEX_POINT('',#10004);
#3669=VERTEX_POINT('',#10006);
#3670=VERTEX_POINT('',#10008);
#3671=VERTEX_POINT('',#10010);
#3672=VERTEX_POINT('',#10012);
#3673=VERTEX_POINT('',#10014);
#3674=VERTEX_POINT('',#10016);
#3675=VERTEX_POINT('',#10018);
#3676=VERTEX_POINT('',#10020);
#3677=VERTEX_POINT('',#10022);
#3678=VERTEX_POINT('',#10024);
#3679=VERTEX_POINT('',#10026);
#3680=VERTEX_POINT('',#10028);
#3681=VERTEX_POINT('',#10030);
#3682=VERTEX_POINT('',#10032);
#3683=VERTEX_POINT('',#10034);
#3684=VERTEX_POINT('',#10037);
#3685=VERTEX_POINT('',#10039);
#3686=VERTEX_POINT('',#10041);
#3687=VERTEX_POINT('',#10043);
#3688=VERTEX_POINT('',#10045);
#3689=VERTEX_POINT('',#10048);
#3690=VERTEX_POINT('',#10050);
#3691=VERTEX_POINT('',#10053);
#3692=VERTEX_POINT('',#10055);
#3693=VERTEX_POINT('',#10057);
#3694=VERTEX_POINT('',#10061);
#3695=VERTEX_POINT('',#10062);
#3696=VERTEX_POINT('',#10064);
#3697=VERTEX_POINT('',#10066);
#3698=VERTEX_POINT('',#10068);
#3699=VERTEX_POINT('',#10070);
#3700=VERTEX_POINT('',#10077);
#3701=VERTEX_POINT('',#10078);
#3702=VERTEX_POINT('',#10080);
#3703=VERTEX_POINT('',#10085);
#3704=VERTEX_POINT('',#10090);
#3705=VERTEX_POINT('',#10096);
#3706=VERTEX_POINT('',#10097);
#3707=VERTEX_POINT('',#10099);
#3708=VERTEX_POINT('',#10101);
#3709=VERTEX_POINT('',#10105);
#3710=VERTEX_POINT('',#10106);
#3711=VERTEX_POINT('',#10111);
#3712=VERTEX_POINT('',#10117);
#3713=VERTEX_POINT('',#10121);
#3714=VERTEX_POINT('',#10122);
#3715=VERTEX_POINT('',#10124);
#3716=VERTEX_POINT('',#10126);
#3717=VERTEX_POINT('',#10133);
#3718=VERTEX_POINT('',#10139);
#3719=VERTEX_POINT('',#10140);
#3720=VERTEX_POINT('',#10145);
#3721=VERTEX_POINT('',#10147);
#3722=VERTEX_POINT('',#10151);
#3723=VERTEX_POINT('',#10152);
#3724=VERTEX_POINT('',#10157);
#3725=VERTEX_POINT('',#10159);
#3726=VERTEX_POINT('',#10163);
#3727=VERTEX_POINT('',#10169);
#3728=VERTEX_POINT('',#10170);
#3729=VERTEX_POINT('',#10172);
#3730=VERTEX_POINT('',#10174);
#3731=VERTEX_POINT('',#10177);
#3732=VERTEX_POINT('',#10178);
#3733=VERTEX_POINT('',#10180);
#3734=VERTEX_POINT('',#10182);
#3735=VERTEX_POINT('',#10184);
#3736=VERTEX_POINT('',#10186);
#3737=VERTEX_POINT('',#10188);
#3738=VERTEX_POINT('',#10190);
#3739=VERTEX_POINT('',#10192);
#3740=VERTEX_POINT('',#10194);
#3741=VERTEX_POINT('',#10196);
#3742=VERTEX_POINT('',#10198);
#3743=VERTEX_POINT('',#10200);
#3744=VERTEX_POINT('',#10202);
#3745=VERTEX_POINT('',#10204);
#3746=VERTEX_POINT('',#10207);
#3747=VERTEX_POINT('',#10209);
#3748=VERTEX_POINT('',#10211);
#3749=VERTEX_POINT('',#10213);
#3750=VERTEX_POINT('',#10215);
#3751=VERTEX_POINT('',#10217);
#3752=VERTEX_POINT('',#10219);
#3753=VERTEX_POINT('',#10221);
#3754=VERTEX_POINT('',#10223);
#3755=VERTEX_POINT('',#10225);
#3756=VERTEX_POINT('',#10227);
#3757=VERTEX_POINT('',#10229);
#3758=VERTEX_POINT('',#10231);
#3759=VERTEX_POINT('',#10233);
#3760=VERTEX_POINT('',#10235);
#3761=VERTEX_POINT('',#10237);
#3762=VERTEX_POINT('',#10239);
#3763=VERTEX_POINT('',#10241);
#3764=VERTEX_POINT('',#10243);
#3765=VERTEX_POINT('',#10245);
#3766=VERTEX_POINT('',#10247);
#3767=VERTEX_POINT('',#10249);
#3768=VERTEX_POINT('',#10251);
#3769=VERTEX_POINT('',#10253);
#3770=VERTEX_POINT('',#10256);
#3771=VERTEX_POINT('',#10259);
#3772=VERTEX_POINT('',#10260);
#3773=VERTEX_POINT('',#10262);
#3774=VERTEX_POINT('',#10264);
#3775=VERTEX_POINT('',#10268);
#3776=VERTEX_POINT('',#10270);
#3777=VERTEX_POINT('',#10272);
#3778=VERTEX_POINT('',#10279);
#3779=VERTEX_POINT('',#10284);
#3780=VERTEX_POINT('',#10285);
#3781=VERTEX_POINT('',#10287);
#3782=VERTEX_POINT('',#10289);
#3783=VERTEX_POINT('',#10292);
#3784=VERTEX_POINT('',#10296);
#3785=VERTEX_POINT('',#10304);
#3786=VERTEX_POINT('',#10306);
#3787=VERTEX_POINT('',#10308);
#3788=VERTEX_POINT('',#10310);
#3789=VERTEX_POINT('',#10312);
#3790=VERTEX_POINT('',#10314);
#3791=VERTEX_POINT('',#10316);
#3792=VERTEX_POINT('',#10318);
#3793=VERTEX_POINT('',#10320);
#3794=VERTEX_POINT('',#10322);
#3795=VERTEX_POINT('',#10324);
#3796=VERTEX_POINT('',#10326);
#3797=VERTEX_POINT('',#10330);
#3798=VERTEX_POINT('',#10331);
#3799=VERTEX_POINT('',#10333);
#3800=VERTEX_POINT('',#10338);
#3801=VERTEX_POINT('',#10340);
#3802=VERTEX_POINT('',#10342);
#3803=VERTEX_POINT('',#10344);
#3804=VERTEX_POINT('',#10346);
#3805=VERTEX_POINT('',#10348);
#3806=VERTEX_POINT('',#10352);
#3807=VERTEX_POINT('',#10357);
#3808=VERTEX_POINT('',#10359);
#3809=VERTEX_POINT('',#10365);
#3810=VERTEX_POINT('',#10367);
#3811=VERTEX_POINT('',#10369);
#3812=VERTEX_POINT('',#10371);
#3813=VERTEX_POINT('',#10373);
#3814=VERTEX_POINT('',#10375);
#3815=VERTEX_POINT('',#10377);
#3816=VERTEX_POINT('',#10385);
#3817=VERTEX_POINT('',#10390);
#3818=VERTEX_POINT('',#10392);
#3819=VERTEX_POINT('',#10394);
#3820=VERTEX_POINT('',#10397);
#3821=VERTEX_POINT('',#10402);
#3822=VERTEX_POINT('',#10405);
#3823=VERTEX_POINT('',#10408);
#3824=VERTEX_POINT('',#10410);
#3825=VERTEX_POINT('',#10412);
#3826=VERTEX_POINT('',#10414);
#3827=VERTEX_POINT('',#10421);
#3828=VERTEX_POINT('',#10436);
#3829=VERTEX_POINT('',#10443);
#3830=VERTEX_POINT('',#10445);
#3831=VERTEX_POINT('',#10471);
#3832=VERTEX_POINT('',#10472);
#3833=VERTEX_POINT('',#10501);
#3834=VERTEX_POINT('',#10528);
#3835=VERTEX_POINT('',#10531);
#3836=VERTEX_POINT('',#10533);
#3837=VERTEX_POINT('',#10538);
#3838=VERTEX_POINT('',#10540);
#3839=VERTEX_POINT('',#10542);
#3840=VERTEX_POINT('',#10544);
#3841=VERTEX_POINT('',#10546);
#3842=VERTEX_POINT('',#10548);
#3843=VERTEX_POINT('',#10550);
#3844=VERTEX_POINT('',#10553);
#3845=VERTEX_POINT('',#10555);
#3846=VERTEX_POINT('',#10562);
#3847=VERTEX_POINT('',#10563);
#3848=VERTEX_POINT('',#10565);
#3849=VERTEX_POINT('',#10572);
#3850=VERTEX_POINT('',#10578);
#3851=VERTEX_POINT('',#10582);
#3852=VERTEX_POINT('',#10584);
#3853=VERTEX_POINT('',#10606);
#3854=VERTEX_POINT('',#10607);
#3855=VERTEX_POINT('',#10615);
#3856=VERTEX_POINT('',#10620);
#3857=VERTEX_POINT('',#10625);
#3858=VERTEX_POINT('',#10636);
#3859=VERTEX_POINT('',#10639);
#3860=VERTEX_POINT('',#10643);
#3861=VERTEX_POINT('',#10645);
#3862=VERTEX_POINT('',#10649);
#3863=VERTEX_POINT('',#10653);
#3864=VERTEX_POINT('',#10657);
#3865=VERTEX_POINT('',#10660);
#3866=VERTEX_POINT('',#10664);
#3867=VERTEX_POINT('',#10687);
#3868=VERTEX_POINT('',#10689);
#3869=VERTEX_POINT('',#10691);
#3870=VERTEX_POINT('',#10693);
#3871=VERTEX_POINT('',#10695);
#3872=VERTEX_POINT('',#10697);
#3873=VERTEX_POINT('',#10699);
#3874=VERTEX_POINT('',#10723);
#3875=VERTEX_POINT('',#10725);
#3876=VERTEX_POINT('',#10726);
#3877=VERTEX_POINT('',#10728);
#3878=VERTEX_POINT('',#10730);
#3879=VERTEX_POINT('',#10732);
#3880=VERTEX_POINT('',#10734);
#3881=VERTEX_POINT('',#10739);
#3882=VERTEX_POINT('',#10744);
#3883=VERTEX_POINT('',#10746);
#3884=VERTEX_POINT('',#10753);
#3885=VERTEX_POINT('',#10756);
#3886=VERTEX_POINT('',#10762);
#3887=VERTEX_POINT('',#10766);
#3888=VERTEX_POINT('',#10787);
#3889=VERTEX_POINT('',#10788);
#3890=VERTEX_POINT('',#10797);
#3891=VERTEX_POINT('',#10802);
#3892=VERTEX_POINT('',#10807);
#3893=VERTEX_POINT('',#10817);
#3894=VERTEX_POINT('',#10846);
#3895=VERTEX_POINT('',#10853);
#3896=VERTEX_POINT('',#10861);
#3897=VERTEX_POINT('',#10883);
#3898=VERTEX_POINT('',#10888);
#3899=VERTEX_POINT('',#10895);
#3900=VERTEX_POINT('',#10897);
#3901=VERTEX_POINT('',#10901);
#3902=VERTEX_POINT('',#10908);
#3903=VERTEX_POINT('',#10912);
#3904=VERTEX_POINT('',#10916);
#3905=VERTEX_POINT('',#10922);
#3906=VERTEX_POINT('',#10927);
#3907=VERTEX_POINT('',#10929);
#3908=VERTEX_POINT('',#10934);
#3909=VERTEX_POINT('',#10941);
#3910=VERTEX_POINT('',#10943);
#3911=VERTEX_POINT('',#10947);
#3912=VERTEX_POINT('',#10951);
#3913=VERTEX_POINT('',#10955);
#3914=VERTEX_POINT('',#10959);
#3915=VERTEX_POINT('',#10963);
#3916=VERTEX_POINT('',#10969);
#3917=VERTEX_POINT('',#10973);
#3918=VERTEX_POINT('',#10977);
#3919=VERTEX_POINT('',#10981);
#3920=VERTEX_POINT('',#10983);
#3921=VERTEX_POINT('',#10987);
#3922=VERTEX_POINT('',#10991);
#3923=VERTEX_POINT('',#10995);
#3924=VERTEX_POINT('',#10996);
#3925=VERTEX_POINT('',#10998);
#3926=VERTEX_POINT('',#11000);
#3927=VERTEX_POINT('',#11002);
#3928=VERTEX_POINT('',#11004);
#3929=VERTEX_POINT('',#11006);
#3930=VERTEX_POINT('',#11008);
#3931=VERTEX_POINT('',#11011);
#3932=VERTEX_POINT('',#11013);
#3933=VERTEX_POINT('',#11015);
#3934=VERTEX_POINT('',#11017);
#3935=VERTEX_POINT('',#11019);
#3936=VERTEX_POINT('',#11021);
#3937=VERTEX_POINT('',#11024);
#3938=VERTEX_POINT('',#11026);
#3939=VERTEX_POINT('',#11028);
#3940=VERTEX_POINT('',#11030);
#3941=VERTEX_POINT('',#11032);
#3942=VERTEX_POINT('',#11034);
#3943=VERTEX_POINT('',#11036);
#3944=VERTEX_POINT('',#11047);
#3945=VERTEX_POINT('',#11049);
#3946=VERTEX_POINT('',#11053);
#3947=VERTEX_POINT('',#11055);
#3948=VERTEX_POINT('',#11063);
#3949=VERTEX_POINT('',#11067);
#3950=VERTEX_POINT('',#11076);
#3951=VERTEX_POINT('',#11078);
#3952=VERTEX_POINT('',#11082);
#3953=VERTEX_POINT('',#11086);
#3954=VERTEX_POINT('',#11090);
#3955=VERTEX_POINT('',#11092);
#3956=VERTEX_POINT('',#11096);
#3957=VERTEX_POINT('',#11102);
#3958=VERTEX_POINT('',#11104);
#3959=VERTEX_POINT('',#11110);
#3960=VERTEX_POINT('',#11112);
#3961=VERTEX_POINT('',#11120);
#3962=VERTEX_POINT('',#11121);
#3963=VERTEX_POINT('',#11123);
#3964=VERTEX_POINT('',#11144);
#3965=VERTEX_POINT('',#11154);
#3966=VERTEX_POINT('',#11156);
#3967=VERTEX_POINT('',#11160);
#3968=VERTEX_POINT('',#11169);
#3969=VERTEX_POINT('',#11175);
#3970=VERTEX_POINT('',#11179);
#3971=VERTEX_POINT('',#11187);
#3972=VERTEX_POINT('',#11191);
#3973=VERTEX_POINT('',#11193);
#3974=VERTEX_POINT('',#11195);
#3975=VERTEX_POINT('',#11197);
#3976=VERTEX_POINT('',#11199);
#3977=VERTEX_POINT('',#11201);
#3978=VERTEX_POINT('',#11204);
#3979=VERTEX_POINT('',#11206);
#3980=VERTEX_POINT('',#11214);
#3981=VERTEX_POINT('',#11216);
#3982=VERTEX_POINT('',#11223);
#3983=VERTEX_POINT('',#11227);
#3984=VERTEX_POINT('',#11241);
#3985=VERTEX_POINT('',#11243);
#3986=VERTEX_POINT('',#11245);
#3987=VERTEX_POINT('',#11247);
#3988=VERTEX_POINT('',#11249);
#3989=VERTEX_POINT('',#11270);
#3990=VERTEX_POINT('',#11271);
#3991=VERTEX_POINT('',#11273);
#3992=VERTEX_POINT('',#11275);
#3993=VERTEX_POINT('',#11279);
#3994=VERTEX_POINT('',#11280);
#3995=VERTEX_POINT('',#11282);
#3996=VERTEX_POINT('',#11284);
#3997=VERTEX_POINT('',#11291);
#3998=VERTEX_POINT('',#11293);
#3999=VERTEX_POINT('',#11297);
#4000=VERTEX_POINT('',#11301);
#4001=VERTEX_POINT('',#11305);
#4002=VERTEX_POINT('',#11307);
#4003=VERTEX_POINT('',#11312);
#4004=VERTEX_POINT('',#11315);
#4005=VERTEX_POINT('',#11321);
#4006=VERTEX_POINT('',#11325);
#4007=VERTEX_POINT('',#11333);
#4008=VERTEX_POINT('',#11334);
#4009=VERTEX_POINT('',#11339);
#4010=VERTEX_POINT('',#11340);
#4011=VERTEX_POINT('',#11342);
#4012=VERTEX_POINT('',#11344);
#4013=VERTEX_POINT('',#11350);
#4014=VERTEX_POINT('',#11362);
#4015=VERTEX_POINT('',#11368);
#4016=VERTEX_POINT('',#11372);
#4017=VERTEX_POINT('',#11386);
#4018=VERTEX_POINT('',#11387);
#4019=VERTEX_POINT('',#11389);
#4020=VERTEX_POINT('',#11393);
#4021=VERTEX_POINT('',#11398);
#4022=VERTEX_POINT('',#11399);
#4023=VERTEX_POINT('',#11401);
#4024=VERTEX_POINT('',#11403);
#4025=VERTEX_POINT('',#11413);
#4026=VERTEX_POINT('',#11432);
#4027=VERTEX_POINT('',#11437);
#4028=VERTEX_POINT('',#11466);
#4029=VERTEX_POINT('',#11470);
#4030=VERTEX_POINT('',#11482);
#4031=VERTEX_POINT('',#11484);
#4032=VERTEX_POINT('',#11486);
#4033=VERTEX_POINT('',#11488);
#4034=VERTEX_POINT('',#11492);
#4035=VERTEX_POINT('',#11494);
#4036=VERTEX_POINT('',#11498);
#4037=VERTEX_POINT('',#11502);
#4038=VERTEX_POINT('',#11506);
#4039=VERTEX_POINT('',#11510);
#4040=VERTEX_POINT('',#11527);
#4041=VERTEX_POINT('',#11532);
#4042=VERTEX_POINT('',#11534);
#4043=VERTEX_POINT('',#11536);
#4044=VERTEX_POINT('',#11542);
#4045=VERTEX_POINT('',#11553);
#4046=VERTEX_POINT('',#11557);
#4047=VERTEX_POINT('',#11559);
#4048=VERTEX_POINT('',#11561);
#4049=VERTEX_POINT('',#11563);
#4050=VERTEX_POINT('',#11564);
#4051=VERTEX_POINT('',#11569);
#4052=VERTEX_POINT('',#11590);
#4053=VERTEX_POINT('',#11592);
#4054=VERTEX_POINT('',#11596);
#4055=VERTEX_POINT('',#11600);
#4056=VERTEX_POINT('',#11607);
#4057=VERTEX_POINT('',#11609);
#4058=VERTEX_POINT('',#11613);
#4059=VERTEX_POINT('',#11617);
#4060=VERTEX_POINT('',#11624);
#4061=VERTEX_POINT('',#11628);
#4062=VERTEX_POINT('',#11632);
#4063=VERTEX_POINT('',#11636);
#4064=VERTEX_POINT('',#11674);
#4065=VERTEX_POINT('',#11676);
#4066=VERTEX_POINT('',#11678);
#4067=VERTEX_POINT('',#11680);
#4068=VERTEX_POINT('',#11681);
#4069=LINE('',#9416,#4763);
#4070=LINE('',#9419,#4764);
#4071=LINE('',#9421,#4765);
#4072=LINE('',#9423,#4766);
#4073=LINE('',#9425,#4767);
#4074=LINE('',#9428,#4768);
#4075=LINE('',#9430,#4769);
#4076=LINE('',#9432,#4770);
#4077=LINE('',#9434,#4771);
#4078=LINE('',#9435,#4772);
#4079=LINE('',#9437,#4773);
#4080=LINE('',#9438,#4774);
#4081=LINE('',#9440,#4775);
#4082=LINE('',#9442,#4776);
#4083=LINE('',#9444,#4777);
#4084=LINE('',#9446,#4778);
#4085=LINE('',#9448,#4779);
#4086=LINE('',#9450,#4780);
#4087=LINE('',#9452,#4781);
#4088=LINE('',#9454,#4782);
#4089=LINE('',#9456,#4783);
#4090=LINE('',#9458,#4784);
#4091=LINE('',#9460,#4785);
#4092=LINE('',#9462,#4786);
#4093=LINE('',#9467,#4787);
#4094=LINE('',#9469,#4788);
#4095=LINE('',#9471,#4789);
#4096=LINE('',#9473,#4790);
#4097=LINE('',#9475,#4791);
#4098=LINE('',#9479,#4792);
#4099=LINE('',#9481,#4793);
#4100=LINE('',#9483,#4794);
#4101=LINE('',#9485,#4795);
#4102=LINE('',#9488,#4796);
#4103=LINE('',#9490,#4797);
#4104=LINE('',#9492,#4798);
#4105=LINE('',#9494,#4799);
#4106=LINE('',#9496,#4800);
#4107=LINE('',#9498,#4801);
#4108=LINE('',#9500,#4802);
#4109=LINE('',#9502,#4803);
#4110=LINE('',#9504,#4804);
#4111=LINE('',#9506,#4805);
#4112=LINE('',#9508,#4806);
#4113=LINE('',#9510,#4807);
#4114=LINE('',#9512,#4808);
#4115=LINE('',#9514,#4809);
#4116=LINE('',#9516,#4810);
#4117=LINE('',#9518,#4811);
#4118=LINE('',#9520,#4812);
#4119=LINE('',#9522,#4813);
#4120=LINE('',#9524,#4814);
#4121=LINE('',#9527,#4815);
#4122=LINE('',#9529,#4816);
#4123=LINE('',#9533,#4817);
#4124=LINE('',#9535,#4818);
#4125=LINE('',#9537,#4819);
#4126=LINE('',#9539,#4820);
#4127=LINE('',#9541,#4821);
#4128=LINE('',#9543,#4822);
#4129=LINE('',#9545,#4823);
#4130=LINE('',#9547,#4824);
#4131=LINE('',#9549,#4825);
#4132=LINE('',#9551,#4826);
#4133=LINE('',#9553,#4827);
#4134=LINE('',#9555,#4828);
#4135=LINE('',#9557,#4829);
#4136=LINE('',#9559,#4830);
#4137=LINE('',#9561,#4831);
#4138=LINE('',#9563,#4832);
#4139=LINE('',#9565,#4833);
#4140=LINE('',#9569,#4834);
#4141=LINE('',#9572,#4835);
#4142=LINE('',#9580,#4836);
#4143=LINE('',#9584,#4837);
#4144=LINE('',#9586,#4838);
#4145=LINE('',#9588,#4839);
#4146=LINE('',#9590,#4840);
#4147=LINE('',#9592,#4841);
#4148=LINE('',#9594,#4842);
#4149=LINE('',#9596,#4843);
#4150=LINE('',#9598,#4844);
#4151=LINE('',#9602,#4845);
#4152=LINE('',#9606,#4846);
#4153=LINE('',#9610,#4847);
#4154=LINE('',#9614,#4848);
#4155=LINE('',#9618,#4849);
#4156=LINE('',#9620,#4850);
#4157=LINE('',#9622,#4851);
#4158=LINE('',#9624,#4852);
#4159=LINE('',#9626,#4853);
#4160=LINE('',#9628,#4854);
#4161=LINE('',#9630,#4855);
#4162=LINE('',#9632,#4856);
#4163=LINE('',#9634,#4857);
#4164=LINE('',#9638,#4858);
#4165=LINE('',#9646,#4859);
#4166=LINE('',#9648,#4860);
#4167=LINE('',#9650,#4861);
#4168=LINE('',#9654,#4862);
#4169=LINE('',#9658,#4863);
#4170=LINE('',#9662,#4864);
#4171=LINE('',#9663,#4865);
#4172=LINE('',#9664,#4866);
#4173=LINE('',#9666,#4867);
#4174=LINE('',#9670,#4868);
#4175=LINE('',#9674,#4869);
#4176=LINE('',#9684,#4870);
#4177=LINE('',#9694,#4871);
#4178=LINE('',#9698,#4872);
#4179=LINE('',#9702,#4873);
#4180=LINE('',#9704,#4874);
#4181=LINE('',#9706,#4875);
#4182=LINE('',#9708,#4876);
#4183=LINE('',#9710,#4877);
#4184=LINE('',#9711,#4878);
#4185=LINE('',#9715,#4879);
#4186=LINE('',#9719,#4880);
#4187=LINE('',#9723,#4881);
#4188=LINE('',#9729,#4882);
#4189=LINE('',#9733,#4883);
#4190=LINE('',#9737,#4884);
#4191=LINE('',#9745,#4885);
#4192=LINE('',#9747,#4886);
#4193=LINE('',#9750,#4887);
#4194=LINE('',#9754,#4888);
#4195=LINE('',#9756,#4889);
#4196=LINE('',#9758,#4890);
#4197=LINE('',#9761,#4891);
#4198=LINE('',#9762,#4892);
#4199=LINE('',#9764,#4893);
#4200=LINE('',#9766,#4894);
#4201=LINE('',#9768,#4895);
#4202=LINE('',#9770,#4896);
#4203=LINE('',#9772,#4897);
#4204=LINE('',#9774,#4898);
#4205=LINE('',#9776,#4899);
#4206=LINE('',#9778,#4900);
#4207=LINE('',#9780,#4901);
#4208=LINE('',#9782,#4902);
#4209=LINE('',#9783,#4903);
#4210=LINE('',#9785,#4904);
#4211=LINE('',#9786,#4905);
#4212=LINE('',#9788,#4906);
#4213=LINE('',#9790,#4907);
#4214=LINE('',#9791,#4908);
#4215=LINE('',#9793,#4909);
#4216=LINE('',#9795,#4910);
#4217=LINE('',#9797,#4911);
#4218=LINE('',#9799,#4912);
#4219=LINE('',#9800,#4913);
#4220=LINE('',#9802,#4914);
#4221=LINE('',#9804,#4915);
#4222=LINE('',#9805,#4916);
#4223=LINE('',#9807,#4917);
#4224=LINE('',#9809,#4918);
#4225=LINE('',#9811,#4919);
#4226=LINE('',#9815,#4920);
#4227=LINE('',#9817,#4921);
#4228=LINE('',#9819,#4922);
#4229=LINE('',#9821,#4923);
#4230=LINE('',#9827,#4924);
#4231=LINE('',#9829,#4925);
#4232=LINE('',#9834,#4926);
#4233=LINE('',#9836,#4927);
#4234=LINE('',#9840,#4928);
#4235=LINE('',#9842,#4929);
#4236=LINE('',#9845,#4930);
#4237=LINE('',#9848,#4931);
#4238=LINE('',#9850,#4932);
#4239=LINE('',#9852,#4933);
#4240=LINE('',#9855,#4934);
#4241=LINE('',#9858,#4935);
#4242=LINE('',#9862,#4936);
#4243=LINE('',#9864,#4937);
#4244=LINE('',#9871,#4938);
#4245=LINE('',#9873,#4939);
#4246=LINE('',#9877,#4940);
#4247=LINE('',#9879,#4941);
#4248=LINE('',#9882,#4942);
#4249=LINE('',#9887,#4943);
#4250=LINE('',#9891,#4944);
#4251=LINE('',#9895,#4945);
#4252=LINE('',#9903,#4946);
#4253=LINE('',#9905,#4947);
#4254=LINE('',#9909,#4948);
#4255=LINE('',#9911,#4949);
#4256=LINE('',#9918,#4950);
#4257=LINE('',#9922,#4951);
#4258=LINE('',#9924,#4952);
#4259=LINE('',#9928,#4953);
#4260=LINE('',#9930,#4954);
#4261=LINE('',#9932,#4955);
#4262=LINE('',#9934,#4956);
#4263=LINE('',#9942,#4957);
#4264=LINE('',#9944,#4958);
#4265=LINE('',#9946,#4959);
#4266=LINE('',#9948,#4960);
#4267=LINE('',#9955,#4961);
#4268=LINE('',#9959,#4962);
#4269=LINE('',#9961,#4963);
#4270=LINE('',#9964,#4964);
#4271=LINE('',#9968,#4965);
#4272=LINE('',#9969,#4966);
#4273=LINE('',#9971,#4967);
#4274=LINE('',#9973,#4968);
#4275=LINE('',#9974,#4969);
#4276=LINE('',#9981,#4970);
#4277=LINE('',#9983,#4971);
#4278=LINE('',#9987,#4972);
#4279=LINE('',#9991,#4973);
#4280=LINE('',#10001,#4974);
#4281=LINE('',#10011,#4975);
#4282=LINE('',#10015,#4976);
#4283=LINE('',#10019,#4977);
#4284=LINE('',#10023,#4978);
#4285=LINE('',#10025,#4979);
#4286=LINE('',#10027,#4980);
#4287=LINE('',#10031,#4981);
#4288=LINE('',#10035,#4982);
#4289=LINE('',#10036,#4983);
#4290=LINE('',#10040,#4984);
#4291=LINE('',#10044,#4985);
#4292=LINE('',#10046,#4986);
#4293=LINE('',#10052,#4987);
#4294=LINE('',#10054,#4988);
#4295=LINE('',#10056,#4989);
#4296=LINE('',#10058,#4990);
#4297=LINE('',#10060,#4991);
#4298=LINE('',#10065,#4992);
#4299=LINE('',#10069,#4993);
#4300=LINE('',#10079,#4994);
#4301=LINE('',#10086,#4995);
#4302=LINE('',#10087,#4996);
#4303=LINE('',#10089,#4997);
#4304=LINE('',#10091,#4998);
#4305=LINE('',#10093,#4999);
#4306=LINE('',#10095,#5000);
#4307=LINE('',#10098,#5001);
#4308=LINE('',#10100,#5002);
#4309=LINE('',#10102,#5003);
#4310=LINE('',#10104,#5004);
#4311=LINE('',#10107,#5005);
#4312=LINE('',#10108,#5006);
#4313=LINE('',#10110,#5007);
#4314=LINE('',#10112,#5008);
#4315=LINE('',#10114,#5009);
#4316=LINE('',#10116,#5010);
#4317=LINE('',#10118,#5011);
#4318=LINE('',#10123,#5012);
#4319=LINE('',#10127,#5013);
#4320=LINE('',#10129,#5014);
#4321=LINE('',#10130,#5015);
#4322=LINE('',#10132,#5016);
#4323=LINE('',#10134,#5017);
#4324=LINE('',#10136,#5018);
#4325=LINE('',#10138,#5019);
#4326=LINE('',#10141,#5020);
#4327=LINE('',#10142,#5021);
#4328=LINE('',#10144,#5022);
#4329=LINE('',#10146,#5023);
#4330=LINE('',#10148,#5024);
#4331=LINE('',#10150,#5025);
#4332=LINE('',#10153,#5026);
#4333=LINE('',#10154,#5027);
#4334=LINE('',#10156,#5028);
#4335=LINE('',#10158,#5029);
#4336=LINE('',#10160,#5030);
#4337=LINE('',#10162,#5031);
#4338=LINE('',#10164,#5032);
#4339=LINE('',#10166,#5033);
#4340=LINE('',#10168,#5034);
#4341=LINE('',#10171,#5035);
#4342=LINE('',#10173,#5036);
#4343=LINE('',#10175,#5037);
#4344=LINE('',#10176,#5038);
#4345=LINE('',#10179,#5039);
#4346=LINE('',#10181,#5040);
#4347=LINE('',#10183,#5041);
#4348=LINE('',#10185,#5042);
#4349=LINE('',#10187,#5043);
#4350=LINE('',#10189,#5044);
#4351=LINE('',#10191,#5045);
#4352=LINE('',#10193,#5046);
#4353=LINE('',#10195,#5047);
#4354=LINE('',#10197,#5048);
#4355=LINE('',#10199,#5049);
#4356=LINE('',#10201,#5050);
#4357=LINE('',#10203,#5051);
#4358=LINE('',#10205,#5052);
#4359=LINE('',#10208,#5053);
#4360=LINE('',#10212,#5054);
#4361=LINE('',#10216,#5055);
#4362=LINE('',#10218,#5056);
#4363=LINE('',#10220,#5057);
#4364=LINE('',#10224,#5058);
#4365=LINE('',#10228,#5059);
#4366=LINE('',#10230,#5060);
#4367=LINE('',#10232,#5061);
#4368=LINE('',#10236,#5062);
#4369=LINE('',#10240,#5063);
#4370=LINE('',#10242,#5064);
#4371=LINE('',#10244,#5065);
#4372=LINE('',#10248,#5066);
#4373=LINE('',#10252,#5067);
#4374=LINE('',#10255,#5068);
#4375=LINE('',#10257,#5069);
#4376=LINE('',#10258,#5070);
#4377=LINE('',#10261,#5071);
#4378=LINE('',#10263,#5072);
#4379=LINE('',#10265,#5073);
#4380=LINE('',#10267,#5074);
#4381=LINE('',#10269,#5075);
#4382=LINE('',#10271,#5076);
#4383=LINE('',#10278,#5077);
#4384=LINE('',#10280,#5078);
#4385=LINE('',#10281,#5079);
#4386=LINE('',#10283,#5080);
#4387=LINE('',#10286,#5081);
#4388=LINE('',#10288,#5082);
#4389=LINE('',#10290,#5083);
#4390=LINE('',#10291,#5084);
#4391=LINE('',#10293,#5085);
#4392=LINE('',#10295,#5086);
#4393=LINE('',#10297,#5087);
#4394=LINE('',#10299,#5088);
#4395=LINE('',#10301,#5089);
#4396=LINE('',#10307,#5090);
#4397=LINE('',#10309,#5091);
#4398=LINE('',#10311,#5092);
#4399=LINE('',#10317,#5093);
#4400=LINE('',#10319,#5094);
#4401=LINE('',#10325,#5095);
#4402=LINE('',#10327,#5096);
#4403=LINE('',#10329,#5097);
#4404=LINE('',#10334,#5098);
#4405=LINE('',#10335,#5099);
#4406=LINE('',#10337,#5100);
#4407=LINE('',#10341,#5101);
#4408=LINE('',#10345,#5102);
#4409=LINE('',#10347,#5103);
#4410=LINE('',#10349,#5104);
#4411=LINE('',#10353,#5105);
#4412=LINE('',#10355,#5106);
#4413=LINE('',#10356,#5107);
#4414=LINE('',#10358,#5108);
#4415=LINE('',#10360,#5109);
#4416=LINE('',#10362,#5110);
#4417=LINE('',#10364,#5111);
#4418=LINE('',#10368,#5112);
#4419=LINE('',#10370,#5113);
#4420=LINE('',#10372,#5114);
#4421=LINE('',#10374,#5115);
#4422=LINE('',#10376,#5116);
#4423=LINE('',#10378,#5117);
#4424=LINE('',#10380,#5118);
#4425=LINE('',#10381,#5119);
#4426=LINE('',#10382,#5120);
#4427=LINE('',#10384,#5121);
#4428=LINE('',#10386,#5122);
#4429=LINE('',#10389,#5123);
#4430=LINE('',#10391,#5124);
#4431=LINE('',#10393,#5125);
#4432=LINE('',#10395,#5126);
#4433=LINE('',#10396,#5127);
#4434=LINE('',#10398,#5128);
#4435=LINE('',#10407,#5129);
#4436=LINE('',#10409,#5130);
#4437=LINE('',#10411,#5131);
#4438=LINE('',#10530,#5132);
#4439=LINE('',#10532,#5133);
#4440=LINE('',#10534,#5134);
#4441=LINE('',#10536,#5135);
#4442=LINE('',#10537,#5136);
#4443=LINE('',#10539,#5137);
#4444=LINE('',#10541,#5138);
#4445=LINE('',#10549,#5139);
#4446=LINE('',#10551,#5140);
#4447=LINE('',#10554,#5141);
#4448=LINE('',#10556,#5142);
#4449=LINE('',#10571,#5143);
#4450=LINE('',#10573,#5144);
#4451=LINE('',#10575,#5145);
#4452=LINE('',#10577,#5146);
#4453=LINE('',#10581,#5147);
#4454=LINE('',#10583,#5148);
#4455=LINE('',#10640,#5149);
#4456=LINE('',#10642,#5150);
#4457=LINE('',#10646,#5151);
#4458=LINE('',#10650,#5152);
#4459=LINE('',#10654,#5153);
#4460=LINE('',#10656,#5154);
#4461=LINE('',#10658,#5155);
#4462=LINE('',#10661,#5156);
#4463=LINE('',#10665,#5157);
#4464=LINE('',#10667,#5158);
#4465=LINE('',#10669,#5159);
#4466=LINE('',#10670,#5160);
#4467=LINE('',#10672,#5161);
#4468=LINE('',#10674,#5162);
#4469=LINE('',#10675,#5163);
#4470=LINE('',#10677,#5164);
#4471=LINE('',#10679,#5165);
#4472=LINE('',#10681,#5166);
#4473=LINE('',#10682,#5167);
#4474=LINE('',#10686,#5168);
#4475=LINE('',#10688,#5169);
#4476=LINE('',#10690,#5170);
#4477=LINE('',#10692,#5171);
#4478=LINE('',#10694,#5172);
#4479=LINE('',#10696,#5173);
#4480=LINE('',#10700,#5174);
#4481=LINE('',#10724,#5175);
#4482=LINE('',#10729,#5176);
#4483=LINE('',#10733,#5177);
#4484=LINE('',#10745,#5178);
#4485=LINE('',#10894,#5179);
#4486=LINE('',#10898,#5180);
#4487=LINE('',#10900,#5181);
#4488=LINE('',#10902,#5182);
#4489=LINE('',#10903,#5183);
#4490=LINE('',#10905,#5184);
#4491=LINE('',#10907,#5185);
#4492=LINE('',#10909,#5186);
#4493=LINE('',#10911,#5187);
#4494=LINE('',#10913,#5188);
#4495=LINE('',#10915,#5189);
#4496=LINE('',#10917,#5190);
#4497=LINE('',#10921,#5191);
#4498=LINE('',#10926,#5192);
#4499=LINE('',#10930,#5193);
#4500=LINE('',#10932,#5194);
#4501=LINE('',#10933,#5195);
#4502=LINE('',#10937,#5196);
#4503=LINE('',#10940,#5197);
#4504=LINE('',#10942,#5198);
#4505=LINE('',#10944,#5199);
#4506=LINE('',#10948,#5200);
#4507=LINE('',#10950,#5201);
#4508=LINE('',#10954,#5202);
#4509=LINE('',#10956,#5203);
#4510=LINE('',#10958,#5204);
#4511=LINE('',#10960,#5205);
#4512=LINE('',#10964,#5206);
#4513=LINE('',#10966,#5207);
#4514=LINE('',#10970,#5208);
#4515=LINE('',#10972,#5209);
#4516=LINE('',#10974,#5210);
#4517=LINE('',#10978,#5211);
#4518=LINE('',#10984,#5212);
#4519=LINE('',#10986,#5213);
#4520=LINE('',#10988,#5214);
#4521=LINE('',#10990,#5215);
#4522=LINE('',#10992,#5216);
#4523=LINE('',#10994,#5217);
#4524=LINE('',#10997,#5218);
#4525=LINE('',#10999,#5219);
#4526=LINE('',#11003,#5220);
#4527=LINE('',#11007,#5221);
#4528=LINE('',#11009,#5222);
#4529=LINE('',#11010,#5223);
#4530=LINE('',#11012,#5224);
#4531=LINE('',#11016,#5225);
#4532=LINE('',#11020,#5226);
#4533=LINE('',#11022,#5227);
#4534=LINE('',#11023,#5228);
#4535=LINE('',#11025,#5229);
#4536=LINE('',#11029,#5230);
#4537=LINE('',#11031,#5231);
#4538=LINE('',#11035,#5232);
#4539=LINE('',#11039,#5233);
#4540=LINE('',#11040,#5234);
#4541=LINE('',#11042,#5235);
#4542=LINE('',#11043,#5236);
#4543=LINE('',#11048,#5237);
#4544=LINE('',#11050,#5238);
#4545=LINE('',#11052,#5239);
#4546=LINE('',#11054,#5240);
#4547=LINE('',#11058,#5241);
#4548=LINE('',#11060,#5242);
#4549=LINE('',#11064,#5243);
#4550=LINE('',#11066,#5244);
#4551=LINE('',#11070,#5245);
#4552=LINE('',#11071,#5246);
#4553=LINE('',#11075,#5247);
#4554=LINE('',#11079,#5248);
#4555=LINE('',#11081,#5249);
#4556=LINE('',#11085,#5250);
#4557=LINE('',#11089,#5251);
#4558=LINE('',#11093,#5252);
#4559=LINE('',#11097,#5253);
#4560=LINE('',#11099,#5254);
#4561=LINE('',#11101,#5255);
#4562=LINE('',#11105,#5256);
#4563=LINE('',#11107,#5257);
#4564=LINE('',#11109,#5258);
#4565=LINE('',#11113,#5259);
#4566=LINE('',#11115,#5260);
#4567=LINE('',#11117,#5261);
#4568=LINE('',#11119,#5262);
#4569=LINE('',#11122,#5263);
#4570=LINE('',#11124,#5264);
#4571=LINE('',#11126,#5265);
#4572=LINE('',#11127,#5266);
#4573=LINE('',#11129,#5267);
#4574=LINE('',#11131,#5268);
#4575=LINE('',#11133,#5269);
#4576=LINE('',#11134,#5270);
#4577=LINE('',#11136,#5271);
#4578=LINE('',#11138,#5272);
#4579=LINE('',#11140,#5273);
#4580=LINE('',#11141,#5274);
#4581=LINE('',#11145,#5275);
#4582=LINE('',#11147,#5276);
#4583=LINE('',#11148,#5277);
#4584=LINE('',#11153,#5278);
#4585=LINE('',#11157,#5279);
#4586=LINE('',#11161,#5280);
#4587=LINE('',#11162,#5281);
#4588=LINE('',#11163,#5282);
#4589=LINE('',#11176,#5283);
#4590=LINE('',#11180,#5284);
#4591=LINE('',#11181,#5285);
#4592=LINE('',#11184,#5286);
#4593=LINE('',#11188,#5287);
#4594=LINE('',#11198,#5288);
#4595=LINE('',#11202,#5289);
#4596=LINE('',#11205,#5290);
#4597=LINE('',#11215,#5291);
#4598=LINE('',#11222,#5292);
#4599=LINE('',#11228,#5293);
#4600=LINE('',#11248,#5294);
#4601=LINE('',#11254,#5295);
#4602=LINE('',#11256,#5296);
#4603=LINE('',#11257,#5297);
#4604=LINE('',#11259,#5298);
#4605=LINE('',#11260,#5299);
#4606=LINE('',#11272,#5300);
#4607=LINE('',#11285,#5301);
#4608=LINE('',#11287,#5302);
#4609=LINE('',#11288,#5303);
#4610=LINE('',#11290,#5304);
#4611=LINE('',#11292,#5305);
#4612=LINE('',#11296,#5306);
#4613=LINE('',#11298,#5307);
#4614=LINE('',#11300,#5308);
#4615=LINE('',#11304,#5309);
#4616=LINE('',#11306,#5310);
#4617=LINE('',#11308,#5311);
#4618=LINE('',#11309,#5312);
#4619=LINE('',#11311,#5313);
#4620=LINE('',#11313,#5314);
#4621=LINE('',#11314,#5315);
#4622=LINE('',#11316,#5316);
#4623=LINE('',#11318,#5317);
#4624=LINE('',#11320,#5318);
#4625=LINE('',#11322,#5319);
#4626=LINE('',#11324,#5320);
#4627=LINE('',#11326,#5321);
#4628=LINE('',#11328,#5322);
#4629=LINE('',#11330,#5323);
#4630=LINE('',#11332,#5324);
#4631=LINE('',#11335,#5325);
#4632=LINE('',#11336,#5326);
#4633=LINE('',#11338,#5327);
#4634=LINE('',#11341,#5328);
#4635=LINE('',#11345,#5329);
#4636=LINE('',#11346,#5330);
#4637=LINE('',#11349,#5331);
#4638=LINE('',#11358,#5332);
#4639=LINE('',#11359,#5333);
#4640=LINE('',#11363,#5334);
#4641=LINE('',#11365,#5335);
#4642=LINE('',#11369,#5336);
#4643=LINE('',#11371,#5337);
#4644=LINE('',#11382,#5338);
#4645=LINE('',#11383,#5339);
#4646=LINE('',#11385,#5340);
#4647=LINE('',#11388,#5341);
#4648=LINE('',#11391,#5342);
#4649=LINE('',#11392,#5343);
#4650=LINE('',#11397,#5344);
#4651=LINE('',#11400,#5345);
#4652=LINE('',#11402,#5346);
#4653=LINE('',#11404,#5347);
#4654=LINE('',#11406,#5348);
#4655=LINE('',#11410,#5349);
#4656=LINE('',#11412,#5350);
#4657=LINE('',#11414,#5351);
#4658=LINE('',#11416,#5352);
#4659=LINE('',#11418,#5353);
#4660=LINE('',#11434,#5354);
#4661=LINE('',#11439,#5355);
#4662=LINE('',#11440,#5356);
#4663=LINE('',#11442,#5357);
#4664=LINE('',#11444,#5358);
#4665=LINE('',#11446,#5359);
#4666=LINE('',#11450,#5360);
#4667=LINE('',#11451,#5361);
#4668=LINE('',#11453,#5362);
#4669=LINE('',#11454,#5363);
#4670=LINE('',#11456,#5364);
#4671=LINE('',#11458,#5365);
#4672=LINE('',#11459,#5366);
#4673=LINE('',#11461,#5367);
#4674=LINE('',#11462,#5368);
#4675=LINE('',#11465,#5369);
#4676=LINE('',#11469,#5370);
#4677=LINE('',#11471,#5371);
#4678=LINE('',#11481,#5372);
#4679=LINE('',#11485,#5373);
#4680=LINE('',#11489,#5374);
#4681=LINE('',#11491,#5375);
#4682=LINE('',#11493,#5376);
#4683=LINE('',#11497,#5377);
#4684=LINE('',#11499,#5378);
#4685=LINE('',#11501,#5379);
#4686=LINE('',#11505,#5380);
#4687=LINE('',#11507,#5381);
#4688=LINE('',#11509,#5382);
#4689=LINE('',#11511,#5383);
#4690=LINE('',#11514,#5384);
#4691=LINE('',#11516,#5385);
#4692=LINE('',#11522,#5386);
#4693=LINE('',#11524,#5387);
#4694=LINE('',#11526,#5388);
#4695=LINE('',#11528,#5389);
#4696=LINE('',#11529,#5390);
#4697=LINE('',#11530,#5391);
#4698=LINE('',#11531,#5392);
#4699=LINE('',#11533,#5393);
#4700=LINE('',#11535,#5394);
#4701=LINE('',#11537,#5395);
#4702=LINE('',#11538,#5396);
#4703=LINE('',#11543,#5397);
#4704=LINE('',#11545,#5398);
#4705=LINE('',#11547,#5399);
#4706=LINE('',#11549,#5400);
#4707=LINE('',#11550,#5401);
#4708=LINE('',#11551,#5402);
#4709=LINE('',#11552,#5403);
#4710=LINE('',#11554,#5404);
#4711=LINE('',#11562,#5405);
#4712=LINE('',#11568,#5406);
#4713=LINE('',#11570,#5407);
#4714=LINE('',#11572,#5408);
#4715=LINE('',#11589,#5409);
#4716=LINE('',#11591,#5410);
#4717=LINE('',#11593,#5411);
#4718=LINE('',#11595,#5412);
#4719=LINE('',#11597,#5413);
#4720=LINE('',#11599,#5414);
#4721=LINE('',#11601,#5415);
#4722=LINE('',#11603,#5416);
#4723=LINE('',#11606,#5417);
#4724=LINE('',#11608,#5418);
#4725=LINE('',#11610,#5419);
#4726=LINE('',#11612,#5420);
#4727=LINE('',#11614,#5421);
#4728=LINE('',#11616,#5422);
#4729=LINE('',#11618,#5423);
#4730=LINE('',#11620,#5424);
#4731=LINE('',#11640,#5425);
#4732=LINE('',#11642,#5426);
#4733=LINE('',#11649,#5427);
#4734=LINE('',#11650,#5428);
#4735=LINE('',#11652,#5429);
#4736=LINE('',#11654,#5430);
#4737=LINE('',#11656,#5431);
#4738=LINE('',#11658,#5432);
#4739=LINE('',#11661,#5433);
#4740=LINE('',#11662,#5434);
#4741=LINE('',#11664,#5435);
#4742=LINE('',#11666,#5436);
#4743=LINE('',#11668,#5437);
#4744=LINE('',#11670,#5438);
#4745=LINE('',#11679,#5439);
#4746=LINE('',#11685,#5440);
#4747=LINE('',#11686,#5441);
#4748=LINE('',#11692,#5442);
#4749=LINE('',#11694,#5443);
#4750=LINE('',#11695,#5444);
#4751=LINE('',#11705,#5445);
#4752=LINE('',#11707,#5446);
#4753=LINE('',#11709,#5447);
#4754=LINE('',#11711,#5448);
#4755=LINE('',#11713,#5449);
#4756=LINE('',#11715,#5450);
#4757=LINE('',#11718,#5451);
#4758=LINE('',#11720,#5452);
#4759=LINE('',#11722,#5453);
#4760=LINE('',#11724,#5454);
#4761=LINE('',#11726,#5455);
#4762=LINE('',#11728,#5456);
#4763=VECTOR('',#7516,1.);
#4764=VECTOR('',#7517,1.);
#4765=VECTOR('',#7518,1.);
#4766=VECTOR('',#7519,1.);
#4767=VECTOR('',#7522,1.);
#4768=VECTOR('',#7523,1.);
#4769=VECTOR('',#7524,1.);
#4770=VECTOR('',#7525,1.);
#4771=VECTOR('',#7528,1.);
#4772=VECTOR('',#7529,1.);
#4773=VECTOR('',#7532,1.);
#4774=VECTOR('',#7533,1.);
#4775=VECTOR('',#7534,1.);
#4776=VECTOR('',#7535,1.);
#4777=VECTOR('',#7536,1.);
#4778=VECTOR('',#7537,1.);
#4779=VECTOR('',#7538,1.);
#4780=VECTOR('',#7539,1.);
#4781=VECTOR('',#7540,1.);
#4782=VECTOR('',#7541,1.);
#4783=VECTOR('',#7542,1.);
#4784=VECTOR('',#7543,1.);
#4785=VECTOR('',#7544,1.);
#4786=VECTOR('',#7545,1.);
#4787=VECTOR('',#7550,1.);
#4788=VECTOR('',#7551,1.);
#4789=VECTOR('',#7552,1.);
#4790=VECTOR('',#7555,1.);
#4791=VECTOR('',#7556,1.);
#4792=VECTOR('',#7561,1.);
#4793=VECTOR('',#7562,1.);
#4794=VECTOR('',#7563,1.);
#4795=VECTOR('',#7566,1.);
#4796=VECTOR('',#7567,1.);
#4797=VECTOR('',#7568,1.);
#4798=VECTOR('',#7569,1.);
#4799=VECTOR('',#7572,1.);
#4800=VECTOR('',#7573,1.);
#4801=VECTOR('',#7574,1.);
#4802=VECTOR('',#7575,1.);
#4803=VECTOR('',#7576,1.);
#4804=VECTOR('',#7577,1.);
#4805=VECTOR('',#7578,1.);
#4806=VECTOR('',#7579,1.);
#4807=VECTOR('',#7580,1.);
#4808=VECTOR('',#7581,1.);
#4809=VECTOR('',#7582,1.);
#4810=VECTOR('',#7583,1.);
#4811=VECTOR('',#7584,1.);
#4812=VECTOR('',#7585,1.);
#4813=VECTOR('',#7586,1.);
#4814=VECTOR('',#7589,1.);
#4815=VECTOR('',#7590,1.);
#4816=VECTOR('',#7591,1.);
#4817=VECTOR('',#7596,1.);
#4818=VECTOR('',#7597,1.);
#4819=VECTOR('',#7598,1.);
#4820=VECTOR('',#7599,1.);
#4821=VECTOR('',#7600,1.);
#4822=VECTOR('',#7601,1.);
#4823=VECTOR('',#7602,1.);
#4824=VECTOR('',#7603,1.);
#4825=VECTOR('',#7604,1.);
#4826=VECTOR('',#7605,1.);
#4827=VECTOR('',#7606,1.);
#4828=VECTOR('',#7607,1.);
#4829=VECTOR('',#7608,1.);
#4830=VECTOR('',#7609,1.);
#4831=VECTOR('',#7610,1.);
#4832=VECTOR('',#7613,1.);
#4833=VECTOR('',#7614,1.);
#4834=VECTOR('',#7619,1.);
#4835=VECTOR('',#7620,1.);
#4836=VECTOR('',#7627,1.);
#4837=VECTOR('',#7630,1.);
#4838=VECTOR('',#7631,1.);
#4839=VECTOR('',#7632,1.);
#4840=VECTOR('',#7633,1.);
#4841=VECTOR('',#7634,1.);
#4842=VECTOR('',#7635,1.);
#4843=VECTOR('',#7636,1.);
#4844=VECTOR('',#7637,1.);
#4845=VECTOR('',#7640,1.);
#4846=VECTOR('',#7643,1.);
#4847=VECTOR('',#7646,1.);
#4848=VECTOR('',#7649,1.);
#4849=VECTOR('',#7652,1.);
#4850=VECTOR('',#7653,1.);
#4851=VECTOR('',#7654,1.);
#4852=VECTOR('',#7655,1.);
#4853=VECTOR('',#7656,1.);
#4854=VECTOR('',#7657,1.);
#4855=VECTOR('',#7658,1.);
#4856=VECTOR('',#7659,1.);
#4857=VECTOR('',#7660,1.);
#4858=VECTOR('',#7663,1.);
#4859=VECTOR('',#7670,1.);
#4860=VECTOR('',#7671,1.);
#4861=VECTOR('',#7672,1.);
#4862=VECTOR('',#7675,1.);
#4863=VECTOR('',#7678,1.);
#4864=VECTOR('',#7681,1.);
#4865=VECTOR('',#7682,1.);
#4866=VECTOR('',#7683,1.);
#4867=VECTOR('',#7684,1.);
#4868=VECTOR('',#7687,1.);
#4869=VECTOR('',#7690,1.);
#4870=VECTOR('',#7699,1.);
#4871=VECTOR('',#7708,1.);
#4872=VECTOR('',#7711,1.);
#4873=VECTOR('',#7714,1.);
#4874=VECTOR('',#7715,1.);
#4875=VECTOR('',#7716,1.);
#4876=VECTOR('',#7717,1.);
#4877=VECTOR('',#7718,1.);
#4878=VECTOR('',#7719,1.);
#4879=VECTOR('',#7722,1.);
#4880=VECTOR('',#7725,1.);
#4881=VECTOR('',#7728,1.);
#4882=VECTOR('',#7733,1.);
#4883=VECTOR('',#7736,1.);
#4884=VECTOR('',#7739,1.);
#4885=VECTOR('',#7746,1.);
#4886=VECTOR('',#7749,1.);
#4887=VECTOR('',#7750,1.);
#4888=VECTOR('',#7753,1.);
#4889=VECTOR('',#7754,1.);
#4890=VECTOR('',#7757,1.);
#4891=VECTOR('',#7758,1.);
#4892=VECTOR('',#7759,1.);
#4893=VECTOR('',#7760,1.);
#4894=VECTOR('',#7763,1.);
#4895=VECTOR('',#7764,1.);
#4896=VECTOR('',#7765,1.);
#4897=VECTOR('',#7766,1.);
#4898=VECTOR('',#7769,1.);
#4899=VECTOR('',#7770,1.);
#4900=VECTOR('',#7771,1.);
#4901=VECTOR('',#7772,1.);
#4902=VECTOR('',#7775,1.);
#4903=VECTOR('',#7776,1.);
#4904=VECTOR('',#7777,1.);
#4905=VECTOR('',#7778,1.);
#4906=VECTOR('',#7779,1.);
#4907=VECTOR('',#7780,1.);
#4908=VECTOR('',#7781,1.);
#4909=VECTOR('',#7782,1.);
#4910=VECTOR('',#7783,1.);
#4911=VECTOR('',#7784,1.);
#4912=VECTOR('',#7785,1.);
#4913=VECTOR('',#7786,1.);
#4914=VECTOR('',#7787,1.);
#4915=VECTOR('',#7788,1.);
#4916=VECTOR('',#7789,1.);
#4917=VECTOR('',#7792,1.);
#4918=VECTOR('',#7795,1.);
#4919=VECTOR('',#7796,1.);
#4920=VECTOR('',#7801,1.);
#4921=VECTOR('',#7802,1.);
#4922=VECTOR('',#7805,1.);
#4923=VECTOR('',#7806,1.);
#4924=VECTOR('',#7813,1.);
#4925=VECTOR('',#7814,1.);
#4926=VECTOR('',#7819,1.);
#4927=VECTOR('',#7820,1.);
#4928=VECTOR('',#7823,1.);
#4929=VECTOR('',#7824,1.);
#4930=VECTOR('',#7827,1.);
#4931=VECTOR('',#7828,1.);
#4932=VECTOR('',#7829,1.);
#4933=VECTOR('',#7830,1.);
#4934=VECTOR('',#7833,1.);
#4935=VECTOR('',#7834,1.);
#4936=VECTOR('',#7837,1.);
#4937=VECTOR('',#7838,1.);
#4938=VECTOR('',#7845,1.);
#4939=VECTOR('',#7846,1.);
#4940=VECTOR('',#7849,1.);
#4941=VECTOR('',#7850,1.);
#4942=VECTOR('',#7853,1.);
#4943=VECTOR('',#7856,1.);
#4944=VECTOR('',#7859,1.);
#4945=VECTOR('',#7862,1.);
#4946=VECTOR('',#7869,1.);
#4947=VECTOR('',#7870,1.);
#4948=VECTOR('',#7873,1.);
#4949=VECTOR('',#7874,1.);
#4950=VECTOR('',#7881,1.);
#4951=VECTOR('',#7884,1.);
#4952=VECTOR('',#7885,1.);
#4953=VECTOR('',#7888,1.);
#4954=VECTOR('',#7889,1.);
#4955=VECTOR('',#7890,1.);
#4956=VECTOR('',#7891,1.);
#4957=VECTOR('',#7898,1.);
#4958=VECTOR('',#7899,1.);
#4959=VECTOR('',#7900,1.);
#4960=VECTOR('',#7903,1.);
#4961=VECTOR('',#7904,1.);
#4962=VECTOR('',#7907,1.);
#4963=VECTOR('',#7910,1.);
#4964=VECTOR('',#7911,1.);
#4965=VECTOR('',#7914,1.);
#4966=VECTOR('',#7915,1.);
#4967=VECTOR('',#7918,1.);
#4968=VECTOR('',#7919,1.);
#4969=VECTOR('',#7920,1.);
#4970=VECTOR('',#7923,1.);
#4971=VECTOR('',#7924,1.);
#4972=VECTOR('',#7927,1.);
#4973=VECTOR('',#7930,1.);
#4974=VECTOR('',#7939,1.);
#4975=VECTOR('',#7948,1.);
#4976=VECTOR('',#7951,1.);
#4977=VECTOR('',#7954,1.);
#4978=VECTOR('',#7957,1.);
#4979=VECTOR('',#7958,1.);
#4980=VECTOR('',#7959,1.);
#4981=VECTOR('',#7962,1.);
#4982=VECTOR('',#7965,1.);
#4983=VECTOR('',#7966,1.);
#4984=VECTOR('',#7969,1.);
#4985=VECTOR('',#7972,1.);
#4986=VECTOR('',#7973,1.);
#4987=VECTOR('',#7980,1.);
#4988=VECTOR('',#7981,1.);
#4989=VECTOR('',#7982,1.);
#4990=VECTOR('',#7983,1.);
#4991=VECTOR('',#7986,1.);
#4992=VECTOR('',#7989,1.);
#4993=VECTOR('',#7992,1.);
#4994=VECTOR('',#7997,1.);
#4995=VECTOR('',#7998,1.);
#4996=VECTOR('',#7999,1.);
#4997=VECTOR('',#8002,1.);
#4998=VECTOR('',#8003,1.);
#4999=VECTOR('',#8006,1.);
#5000=VECTOR('',#8009,1.);
#5001=VECTOR('',#8010,1.);
#5002=VECTOR('',#8011,1.);
#5003=VECTOR('',#8012,1.);
#5004=VECTOR('',#8015,1.);
#5005=VECTOR('',#8016,1.);
#5006=VECTOR('',#8017,1.);
#5007=VECTOR('',#8020,1.);
#5008=VECTOR('',#8021,1.);
#5009=VECTOR('',#8024,1.);
#5010=VECTOR('',#8027,1.);
#5011=VECTOR('',#8028,1.);
#5012=VECTOR('',#8033,1.);
#5013=VECTOR('',#8036,1.);
#5014=VECTOR('',#8039,1.);
#5015=VECTOR('',#8040,1.);
#5016=VECTOR('',#8043,1.);
#5017=VECTOR('',#8044,1.);
#5018=VECTOR('',#8047,1.);
#5019=VECTOR('',#8050,1.);
#5020=VECTOR('',#8051,1.);
#5021=VECTOR('',#8052,1.);
#5022=VECTOR('',#8055,1.);
#5023=VECTOR('',#8056,1.);
#5024=VECTOR('',#8057,1.);
#5025=VECTOR('',#8060,1.);
#5026=VECTOR('',#8061,1.);
#5027=VECTOR('',#8062,1.);
#5028=VECTOR('',#8065,1.);
#5029=VECTOR('',#8066,1.);
#5030=VECTOR('',#8067,1.);
#5031=VECTOR('',#8070,1.);
#5032=VECTOR('',#8071,1.);
#5033=VECTOR('',#8074,1.);
#5034=VECTOR('',#8077,1.);
#5035=VECTOR('',#8078,1.);
#5036=VECTOR('',#8079,1.);
#5037=VECTOR('',#8080,1.);
#5038=VECTOR('',#8081,1.);
#5039=VECTOR('',#8082,1.);
#5040=VECTOR('',#8083,1.);
#5041=VECTOR('',#8084,1.);
#5042=VECTOR('',#8085,1.);
#5043=VECTOR('',#8086,1.);
#5044=VECTOR('',#8087,1.);
#5045=VECTOR('',#8088,1.);
#5046=VECTOR('',#8089,1.);
#5047=VECTOR('',#8090,1.);
#5048=VECTOR('',#8091,1.);
#5049=VECTOR('',#8092,1.);
#5050=VECTOR('',#8093,1.);
#5051=VECTOR('',#8094,1.);
#5052=VECTOR('',#8095,1.);
#5053=VECTOR('',#8098,1.);
#5054=VECTOR('',#8101,1.);
#5055=VECTOR('',#8104,1.);
#5056=VECTOR('',#8105,1.);
#5057=VECTOR('',#8106,1.);
#5058=VECTOR('',#8109,1.);
#5059=VECTOR('',#8112,1.);
#5060=VECTOR('',#8113,1.);
#5061=VECTOR('',#8114,1.);
#5062=VECTOR('',#8117,1.);
#5063=VECTOR('',#8120,1.);
#5064=VECTOR('',#8121,1.);
#5065=VECTOR('',#8122,1.);
#5066=VECTOR('',#8125,1.);
#5067=VECTOR('',#8128,1.);
#5068=VECTOR('',#8131,1.);
#5069=VECTOR('',#8132,1.);
#5070=VECTOR('',#8133,1.);
#5071=VECTOR('',#8134,1.);
#5072=VECTOR('',#8135,1.);
#5073=VECTOR('',#8136,1.);
#5074=VECTOR('',#8139,1.);
#5075=VECTOR('',#8140,1.);
#5076=VECTOR('',#8141,1.);
#5077=VECTOR('',#8144,1.);
#5078=VECTOR('',#8145,1.);
#5079=VECTOR('',#8146,1.);
#5080=VECTOR('',#8149,1.);
#5081=VECTOR('',#8150,1.);
#5082=VECTOR('',#8151,1.);
#5083=VECTOR('',#8152,1.);
#5084=VECTOR('',#8153,1.);
#5085=VECTOR('',#8154,1.);
#5086=VECTOR('',#8157,1.);
#5087=VECTOR('',#8158,1.);
#5088=VECTOR('',#8161,1.);
#5089=VECTOR('',#8164,1.);
#5090=VECTOR('',#8171,1.);
#5091=VECTOR('',#8172,1.);
#5092=VECTOR('',#8173,1.);
#5093=VECTOR('',#8178,1.);
#5094=VECTOR('',#8179,1.);
#5095=VECTOR('',#8184,1.);
#5096=VECTOR('',#8185,1.);
#5097=VECTOR('',#8188,1.);
#5098=VECTOR('',#8191,1.);
#5099=VECTOR('',#8192,1.);
#5100=VECTOR('',#8195,1.);
#5101=VECTOR('',#8198,1.);
#5102=VECTOR('',#8201,1.);
#5103=VECTOR('',#8202,1.);
#5104=VECTOR('',#8203,1.);
#5105=VECTOR('',#8208,1.);
#5106=VECTOR('',#8211,1.);
#5107=VECTOR('',#8212,1.);
#5108=VECTOR('',#8213,1.);
#5109=VECTOR('',#8214,1.);
#5110=VECTOR('',#8217,1.);
#5111=VECTOR('',#8220,1.);
#5112=VECTOR('',#8223,1.);
#5113=VECTOR('',#8224,1.);
#5114=VECTOR('',#8225,1.);
#5115=VECTOR('',#8226,1.);
#5116=VECTOR('',#8227,1.);
#5117=VECTOR('',#8228,1.);
#5118=VECTOR('',#8231,1.);
#5119=VECTOR('',#8232,1.);
#5120=VECTOR('',#8233,1.);
#5121=VECTOR('',#8236,1.);
#5122=VECTOR('',#8237,1.);
#5123=VECTOR('',#8242,1.);
#5124=VECTOR('',#8243,1.);
#5125=VECTOR('',#8244,1.);
#5126=VECTOR('',#8245,1.);
#5127=VECTOR('',#8246,1.);
#5128=VECTOR('',#8247,1.);
#5129=VECTOR('',#8260,1.);
#5130=VECTOR('',#8261,1.);
#5131=VECTOR('',#8262,1.);
#5132=VECTOR('',#8275,1.);
#5133=VECTOR('',#8276,1.);
#5134=VECTOR('',#8277,1.);
#5135=VECTOR('',#8280,1.);
#5136=VECTOR('',#8281,1.);
#5137=VECTOR('',#8282,1.);
#5138=VECTOR('',#8283,1.);
#5139=VECTOR('',#8290,1.);
#5140=VECTOR('',#8291,1.);
#5141=VECTOR('',#8294,1.);
#5142=VECTOR('',#8295,1.);
#5143=VECTOR('',#8302,1.);
#5144=VECTOR('',#8303,1.);
#5145=VECTOR('',#8306,1.);
#5146=VECTOR('',#8309,1.);
#5147=VECTOR('',#8314,1.);
#5148=VECTOR('',#8315,1.);
#5149=VECTOR('',#8326,1.);
#5150=VECTOR('',#8329,1.);
#5151=VECTOR('',#8332,1.);
#5152=VECTOR('',#8337,1.);
#5153=VECTOR('',#8342,1.);
#5154=VECTOR('',#8345,1.);
#5155=VECTOR('',#8346,1.);
#5156=VECTOR('',#8349,1.);
#5157=VECTOR('',#8354,1.);
#5158=VECTOR('',#8357,1.);
#5159=VECTOR('',#8360,1.);
#5160=VECTOR('',#8361,1.);
#5161=VECTOR('',#8364,1.);
#5162=VECTOR('',#8367,1.);
#5163=VECTOR('',#8368,1.);
#5164=VECTOR('',#8371,1.);
#5165=VECTOR('',#8374,1.);
#5166=VECTOR('',#8377,1.);
#5167=VECTOR('',#8378,1.);
#5168=VECTOR('',#8385,1.);
#5169=VECTOR('',#8386,1.);
#5170=VECTOR('',#8387,1.);
#5171=VECTOR('',#8388,1.);
#5172=VECTOR('',#8389,1.);
#5173=VECTOR('',#8390,1.);
#5174=VECTOR('',#8393,1.);
#5175=VECTOR('',#8396,1.);
#5176=VECTOR('',#8399,1.);
#5177=VECTOR('',#8402,1.);
#5178=VECTOR('',#8403,1.);
#5179=VECTOR('',#8426,1.);
#5180=VECTOR('',#8429,1.);
#5181=VECTOR('',#8432,1.);
#5182=VECTOR('',#8433,1.);
#5183=VECTOR('',#8434,1.);
#5184=VECTOR('',#8437,1.);
#5185=VECTOR('',#8440,1.);
#5186=VECTOR('',#8441,1.);
#5187=VECTOR('',#8444,1.);
#5188=VECTOR('',#8445,1.);
#5189=VECTOR('',#8448,1.);
#5190=VECTOR('',#8449,1.);
#5191=VECTOR('',#8456,1.);
#5192=VECTOR('',#8463,1.);
#5193=VECTOR('',#8466,1.);
#5194=VECTOR('',#8469,1.);
#5195=VECTOR('',#8470,1.);
#5196=VECTOR('',#8475,1.);
#5197=VECTOR('',#8480,1.);
#5198=VECTOR('',#8481,1.);
#5199=VECTOR('',#8482,1.);
#5200=VECTOR('',#8487,1.);
#5201=VECTOR('',#8490,1.);
#5202=VECTOR('',#8495,1.);
#5203=VECTOR('',#8496,1.);
#5204=VECTOR('',#8499,1.);
#5205=VECTOR('',#8500,1.);
#5206=VECTOR('',#8505,1.);
#5207=VECTOR('',#8508,1.);
#5208=VECTOR('',#8513,1.);
#5209=VECTOR('',#8516,1.);
#5210=VECTOR('',#8517,1.);
#5211=VECTOR('',#8522,1.);
#5212=VECTOR('',#8529,1.);
#5213=VECTOR('',#8532,1.);
#5214=VECTOR('',#8533,1.);
#5215=VECTOR('',#8536,1.);
#5216=VECTOR('',#8537,1.);
#5217=VECTOR('',#8540,1.);
#5218=VECTOR('',#8541,1.);
#5219=VECTOR('',#8542,1.);
#5220=VECTOR('',#8545,1.);
#5221=VECTOR('',#8548,1.);
#5222=VECTOR('',#8549,1.);
#5223=VECTOR('',#8550,1.);
#5224=VECTOR('',#8551,1.);
#5225=VECTOR('',#8554,1.);
#5226=VECTOR('',#8557,1.);
#5227=VECTOR('',#8558,1.);
#5228=VECTOR('',#8559,1.);
#5229=VECTOR('',#8560,1.);
#5230=VECTOR('',#8563,1.);
#5231=VECTOR('',#8564,1.);
#5232=VECTOR('',#8567,1.);
#5233=VECTOR('',#8572,1.);
#5234=VECTOR('',#8573,1.);
#5235=VECTOR('',#8576,1.);
#5236=VECTOR('',#8577,1.);
#5237=VECTOR('',#8584,1.);
#5238=VECTOR('',#8585,1.);
#5239=VECTOR('',#8588,1.);
#5240=VECTOR('',#8589,1.);
#5241=VECTOR('',#8594,1.);
#5242=VECTOR('',#8597,1.);
#5243=VECTOR('',#8602,1.);
#5244=VECTOR('',#8605,1.);
#5245=VECTOR('',#8610,1.);
#5246=VECTOR('',#8611,1.);
#5247=VECTOR('',#8618,1.);
#5248=VECTOR('',#8621,1.);
#5249=VECTOR('',#8624,1.);
#5250=VECTOR('',#8629,1.);
#5251=VECTOR('',#8634,1.);
#5252=VECTOR('',#8637,1.);
#5253=VECTOR('',#8642,1.);
#5254=VECTOR('',#8645,1.);
#5255=VECTOR('',#8648,1.);
#5256=VECTOR('',#8651,1.);
#5257=VECTOR('',#8654,1.);
#5258=VECTOR('',#8657,1.);
#5259=VECTOR('',#8660,1.);
#5260=VECTOR('',#8663,1.);
#5261=VECTOR('',#8666,1.);
#5262=VECTOR('',#8669,1.);
#5263=VECTOR('',#8670,1.);
#5264=VECTOR('',#8671,1.);
#5265=VECTOR('',#8674,1.);
#5266=VECTOR('',#8675,1.);
#5267=VECTOR('',#8678,1.);
#5268=VECTOR('',#8681,1.);
#5269=VECTOR('',#8684,1.);
#5270=VECTOR('',#8685,1.);
#5271=VECTOR('',#8688,1.);
#5272=VECTOR('',#8691,1.);
#5273=VECTOR('',#8694,1.);
#5274=VECTOR('',#8695,1.);
#5275=VECTOR('',#8700,1.);
#5276=VECTOR('',#8703,1.);
#5277=VECTOR('',#8704,1.);
#5278=VECTOR('',#8713,1.);
#5279=VECTOR('',#8716,1.);
#5280=VECTOR('',#8721,1.);
#5281=VECTOR('',#8722,1.);
#5282=VECTOR('',#8723,1.);
#5283=VECTOR('',#8726,1.);
#5284=VECTOR('',#8731,1.);
#5285=VECTOR('',#8732,1.);
#5286=VECTOR('',#8737,1.);
#5287=VECTOR('',#8742,1.);
#5288=VECTOR('',#8753,1.);
#5289=VECTOR('',#8756,1.);
#5290=VECTOR('',#8759,1.);
#5291=VECTOR('',#8764,1.);
#5292=VECTOR('',#8767,1.);
#5293=VECTOR('',#8774,1.);
#5294=VECTOR('',#8789,1.);
#5295=VECTOR('',#8798,1.);
#5296=VECTOR('',#8801,1.);
#5297=VECTOR('',#8802,1.);
#5298=VECTOR('',#8805,1.);
#5299=VECTOR('',#8806,1.);
#5300=VECTOR('',#8825,1.);
#5301=VECTOR('',#8838,1.);
#5302=VECTOR('',#8841,1.);
#5303=VECTOR('',#8842,1.);
#5304=VECTOR('',#8845,1.);
#5305=VECTOR('',#8846,1.);
#5306=VECTOR('',#8851,1.);
#5307=VECTOR('',#8852,1.);
#5308=VECTOR('',#8855,1.);
#5309=VECTOR('',#8860,1.);
#5310=VECTOR('',#8861,1.);
#5311=VECTOR('',#8862,1.);
#5312=VECTOR('',#8863,1.);
#5313=VECTOR('',#8866,1.);
#5314=VECTOR('',#8867,1.);
#5315=VECTOR('',#8868,1.);
#5316=VECTOR('',#8869,1.);
#5317=VECTOR('',#8872,1.);
#5318=VECTOR('',#8875,1.);
#5319=VECTOR('',#8876,1.);
#5320=VECTOR('',#8879,1.);
#5321=VECTOR('',#8880,1.);
#5322=VECTOR('',#8883,1.);
#5323=VECTOR('',#8886,1.);
#5324=VECTOR('',#8889,1.);
#5325=VECTOR('',#8890,1.);
#5326=VECTOR('',#8891,1.);
#5327=VECTOR('',#8894,1.);
#5328=VECTOR('',#8895,1.);
#5329=VECTOR('',#8898,1.);
#5330=VECTOR('',#8899,1.);
#5331=VECTOR('',#8904,1.);
#5332=VECTOR('',#8911,1.);
#5333=VECTOR('',#8912,1.);
#5334=VECTOR('',#8917,1.);
#5335=VECTOR('',#8920,1.);
#5336=VECTOR('',#8925,1.);
#5337=VECTOR('',#8928,1.);
#5338=VECTOR('',#8939,1.);
#5339=VECTOR('',#8940,1.);
#5340=VECTOR('',#8943,1.);
#5341=VECTOR('',#8944,1.);
#5342=VECTOR('',#8947,1.);
#5343=VECTOR('',#8948,1.);
#5344=VECTOR('',#8955,1.);
#5345=VECTOR('',#8956,1.);
#5346=VECTOR('',#8957,1.);
#5347=VECTOR('',#8958,1.);
#5348=VECTOR('',#8961,1.);
#5349=VECTOR('',#8968,1.);
#5350=VECTOR('',#8971,1.);
#5351=VECTOR('',#8972,1.);
#5352=VECTOR('',#8975,1.);
#5353=VECTOR('',#8978,1.);
#5354=VECTOR('',#8997,1.);
#5355=VECTOR('',#9004,1.);
#5356=VECTOR('',#9005,1.);
#5357=VECTOR('',#9008,1.);
#5358=VECTOR('',#9011,1.);
#5359=VECTOR('',#9014,1.);
#5360=VECTOR('',#9021,1.);
#5361=VECTOR('',#9022,1.);
#5362=VECTOR('',#9025,1.);
#5363=VECTOR('',#9026,1.);
#5364=VECTOR('',#9029,1.);
#5365=VECTOR('',#9032,1.);
#5366=VECTOR('',#9033,1.);
#5367=VECTOR('',#9036,1.);
#5368=VECTOR('',#9037,1.);
#5369=VECTOR('',#9042,1.);
#5370=VECTOR('',#9047,1.);
#5371=VECTOR('',#9048,1.);
#5372=VECTOR('',#9067,1.);
#5373=VECTOR('',#9070,1.);
#5374=VECTOR('',#9073,1.);
#5375=VECTOR('',#9076,1.);
#5376=VECTOR('',#9077,1.);
#5377=VECTOR('',#9082,1.);
#5378=VECTOR('',#9083,1.);
#5379=VECTOR('',#9086,1.);
#5380=VECTOR('',#9091,1.);
#5381=VECTOR('',#9092,1.);
#5382=VECTOR('',#9095,1.);
#5383=VECTOR('',#9096,1.);
#5384=VECTOR('',#9101,1.);
#5385=VECTOR('',#9104,1.);
#5386=VECTOR('',#9115,1.);
#5387=VECTOR('',#9118,1.);
#5388=VECTOR('',#9121,1.);
#5389=VECTOR('',#9122,1.);
#5390=VECTOR('',#9123,1.);
#5391=VECTOR('',#9124,1.);
#5392=VECTOR('',#9125,1.);
#5393=VECTOR('',#9126,1.);
#5394=VECTOR('',#9127,1.);
#5395=VECTOR('',#9128,1.);
#5396=VECTOR('',#9129,1.);
#5397=VECTOR('',#9136,1.);
#5398=VECTOR('',#9139,1.);
#5399=VECTOR('',#9142,1.);
#5400=VECTOR('',#9145,1.);
#5401=VECTOR('',#9146,1.);
#5402=VECTOR('',#9147,1.);
#5403=VECTOR('',#9148,1.);
#5404=VECTOR('',#9149,1.);
#5405=VECTOR('',#9158,1.);
#5406=VECTOR('',#9165,1.);
#5407=VECTOR('',#9166,1.);
#5408=VECTOR('',#9169,1.);
#5409=VECTOR('',#9202,1.);
#5410=VECTOR('',#9203,1.);
#5411=VECTOR('',#9204,1.);
#5412=VECTOR('',#9207,1.);
#5413=VECTOR('',#9208,1.);
#5414=VECTOR('',#9211,1.);
#5415=VECTOR('',#9212,1.);
#5416=VECTOR('',#9215,1.);
#5417=VECTOR('',#9220,1.);
#5418=VECTOR('',#9221,1.);
#5419=VECTOR('',#9222,1.);
#5420=VECTOR('',#9225,1.);
#5421=VECTOR('',#9226,1.);
#5422=VECTOR('',#9229,1.);
#5423=VECTOR('',#9230,1.);
#5424=VECTOR('',#9233,1.);
#5425=VECTOR('',#9264,1.);
#5426=VECTOR('',#9267,1.);
#5427=VECTOR('',#9280,1.);
#5428=VECTOR('',#9281,1.);
#5429=VECTOR('',#9284,1.);
#5430=VECTOR('',#9287,1.);
#5431=VECTOR('',#9290,1.);
#5432=VECTOR('',#9293,1.);
#5433=VECTOR('',#9298,1.);
#5434=VECTOR('',#9299,1.);
#5435=VECTOR('',#9302,1.);
#5436=VECTOR('',#9305,1.);
#5437=VECTOR('',#9308,1.);
#5438=VECTOR('',#9311,1.);
#5439=VECTOR('',#9322,1.);
#5440=VECTOR('',#9329,1.);
#5441=VECTOR('',#9330,1.);
#5442=VECTOR('',#9341,1.);
#5443=VECTOR('',#9344,1.);
#5444=VECTOR('',#9345,1.);
#5445=VECTOR('',#9364,1.);
#5446=VECTOR('',#9367,1.);
#5447=VECTOR('',#9370,1.);
#5448=VECTOR('',#9373,1.);
#5449=VECTOR('',#9376,1.);
#5450=VECTOR('',#9379,1.);
#5451=VECTOR('',#9384,1.);
#5452=VECTOR('',#9387,1.);
#5453=VECTOR('',#9390,1.);
#5454=VECTOR('',#9393,1.);
#5455=VECTOR('',#9396,1.);
#5456=VECTOR('',#9399,1.);
#5457=EDGE_LOOP('',(#446,#447,#448,#449));
#5458=EDGE_LOOP('',(#450,#451,#452,#453));
#5459=EDGE_LOOP('',(#454,#455,#456,#457));
#5460=EDGE_LOOP('',(#458,#459,#460,#461,#462,#463,#464,#465,#466,#467,#468,
#469,#470,#471,#472,#473));
#5461=EDGE_LOOP('',(#474,#475,#476,#477));
#5462=EDGE_LOOP('',(#478,#479,#480,#481));
#5463=EDGE_LOOP('',(#482,#483,#484,#485));
#5464=EDGE_LOOP('',(#486,#487,#488,#489));
#5465=EDGE_LOOP('',(#490,#491,#492,#493,#494,#495,#496,#497,#498,#499,#500,
#501,#502,#503,#504,#505));
#5466=EDGE_LOOP('',(#506,#507,#508,#509));
#5467=EDGE_LOOP('',(#510,#511,#512,#513,#514,#515,#516,#517,#518,#519,#520,
#521,#522,#523,#524,#525));
#5468=EDGE_LOOP('',(#526,#527,#528,#529));
#5469=EDGE_LOOP('',(#530,#531,#532,#533,#534,#535,#536,#537,#538,#539,#540,
#541,#542,#543,#544,#545,#546,#547,#548,#549,#550,#551,#552,#553,#554,#555,
#556,#557,#558,#559,#560,#561,#562,#563,#564,#565,#566,#567,#568,#569,#570,
#571,#572,#573,#574,#575,#576,#577,#578,#579,#580,#581,#582,#583,#584,#585,
#586,#587,#588,#589,#590,#591,#592,#593,#594,#595,#596,#597,#598,#599,#600,
#601,#602,#603,#604,#605,#606,#607,#608,#609,#610,#611));
#5470=EDGE_LOOP('',(#612,#613,#614,#615,#616,#617,#618,#619,#620,#621,#622));
#5471=EDGE_LOOP('',(#623,#624,#625,#626,#627));
#5472=EDGE_LOOP('',(#628,#629,#630,#631,#632));
#5473=EDGE_LOOP('',(#633,#634,#635,#636,#637));
#5474=EDGE_LOOP('',(#638,#639,#640,#641,#642));
#5475=EDGE_LOOP('',(#643,#644,#645,#646,#647,#648,#649,#650,#651,#652,#653,
#654,#655,#656,#657,#658,#659,#660,#661,#662,#663,#664,#665,#666));
#5476=EDGE_LOOP('',(#667,#668,#669,#670));
#5477=EDGE_LOOP('',(#671,#672,#673,#674));
#5478=EDGE_LOOP('',(#675,#676,#677,#678,#679));
#5479=EDGE_LOOP('',(#680,#681,#682,#683,#684));
#5480=EDGE_LOOP('',(#685,#686,#687,#688,#689));
#5481=EDGE_LOOP('',(#690,#691,#692,#693,#694,#695));
#5482=EDGE_LOOP('',(#696));
#5483=EDGE_LOOP('',(#697,#698,#699,#700));
#5484=EDGE_LOOP('',(#701));
#5485=EDGE_LOOP('',(#702,#703,#704,#705,#706,#707));
#5486=EDGE_LOOP('',(#708,#709,#710,#711,#712,#713));
#5487=EDGE_LOOP('',(#714));
#5488=EDGE_LOOP('',(#715,#716,#717,#718,#719,#720,#721,#722));
#5489=EDGE_LOOP('',(#723));
#5490=EDGE_LOOP('',(#724,#725,#726,#727,#728,#729));
#5491=EDGE_LOOP('',(#730));
#5492=EDGE_LOOP('',(#731,#732,#733,#734,#735,#736,#737,#738,#739,#740,#741,
#742,#743,#744,#745,#746));
#5493=EDGE_LOOP('',(#747,#748,#749,#750,#751,#752));
#5494=EDGE_LOOP('',(#753,#754,#755,#756,#757,#758));
#5495=EDGE_LOOP('',(#759,#760,#761,#762,#763,#764));
#5496=EDGE_LOOP('',(#765,#766,#767,#768,#769,#770,#771,#772,#773,#774,#775,
#776,#777,#778,#779,#780,#781,#782,#783,#784,#785,#786,#787,#788,#789,#790,
#791,#792,#793,#794,#795,#796,#797,#798,#799,#800));
#5497=EDGE_LOOP('',(#801));
#5498=EDGE_LOOP('',(#802));
#5499=EDGE_LOOP('',(#803,#804,#805,#806,#807));
#5500=EDGE_LOOP('',(#808,#809,#810,#811,#812,#813));
#5501=EDGE_LOOP('',(#814,#815,#816,#817,#818,#819));
#5502=EDGE_LOOP('',(#820,#821,#822,#823));
#5503=EDGE_LOOP('',(#824,#825,#826,#827));
#5504=EDGE_LOOP('',(#828,#829,#830,#831));
#5505=EDGE_LOOP('',(#832,#833,#834,#835));
#5506=EDGE_LOOP('',(#836,#837,#838,#839));
#5507=EDGE_LOOP('',(#840,#841,#842,#843));
#5508=EDGE_LOOP('',(#844,#845,#846,#847));
#5509=EDGE_LOOP('',(#848,#849,#850,#851));
#5510=EDGE_LOOP('',(#852,#853,#854,#855));
#5511=EDGE_LOOP('',(#856,#857,#858,#859));
#5512=EDGE_LOOP('',(#860,#861,#862,#863));
#5513=EDGE_LOOP('',(#864,#865,#866,#867));
#5514=EDGE_LOOP('',(#868,#869,#870,#871));
#5515=EDGE_LOOP('',(#872,#873,#874,#875));
#5516=EDGE_LOOP('',(#876,#877,#878,#879));
#5517=EDGE_LOOP('',(#880,#881,#882,#883));
#5518=EDGE_LOOP('',(#884,#885,#886,#887));
#5519=EDGE_LOOP('',(#888,#889,#890,#891));
#5520=EDGE_LOOP('',(#892,#893,#894,#895,#896,#897,#898,#899,#900,#901,#902,
#903,#904,#905,#906,#907,#908,#909,#910,#911,#912,#913,#914,#915,#916,#917,
#918,#919,#920,#921,#922,#923,#924,#925,#926,#927,#928,#929,#930,#931,#932,
#933,#934,#935));
#5521=EDGE_LOOP('',(#936,#937,#938,#939));
#5522=EDGE_LOOP('',(#940,#941,#942,#943,#944));
#5523=EDGE_LOOP('',(#945,#946,#947,#948));
#5524=EDGE_LOOP('',(#949,#950,#951,#952,#953,#954,#955,#956));
#5525=EDGE_LOOP('',(#957,#958,#959));
#5526=EDGE_LOOP('',(#960,#961,#962));
#5527=EDGE_LOOP('',(#963,#964,#965,#966,#967,#968));
#5528=EDGE_LOOP('',(#969));
#5529=EDGE_LOOP('',(#970));
#5530=EDGE_LOOP('',(#971,#972,#973,#974,#975,#976,#977,#978,#979,#980,#981,
#982));
#5531=EDGE_LOOP('',(#983,#984,#985,#986,#987));
#5532=EDGE_LOOP('',(#988,#989,#990,#991,#992,#993,#994,#995));
#5533=EDGE_LOOP('',(#996,#997,#998,#999));
#5534=EDGE_LOOP('',(#1000,#1001,#1002,#1003,#1004,#1005));
#5535=EDGE_LOOP('',(#1006,#1007,#1008,#1009,#1010));
#5536=EDGE_LOOP('',(#1011,#1012,#1013,#1014,#1015,#1016,#1017,#1018,#1019,
#1020));
#5537=EDGE_LOOP('',(#1021,#1022,#1023,#1024,#1025,#1026,#1027,#1028));
#5538=EDGE_LOOP('',(#1029,#1030,#1031,#1032));
#5539=EDGE_LOOP('',(#1033,#1034,#1035));
#5540=EDGE_LOOP('',(#1036,#1037,#1038,#1039,#1040,#1041,#1042,#1043));
#5541=EDGE_LOOP('',(#1044,#1045,#1046));
#5542=EDGE_LOOP('',(#1047));
#5543=EDGE_LOOP('',(#1048));
#5544=EDGE_LOOP('',(#1049));
#5545=EDGE_LOOP('',(#1050,#1051,#1052,#1053,#1054,#1055,#1056,#1057));
#5546=EDGE_LOOP('',(#1058));
#5547=EDGE_LOOP('',(#1059));
#5548=EDGE_LOOP('',(#1060,#1061,#1062,#1063,#1064));
#5549=EDGE_LOOP('',(#1065,#1066,#1067,#1068,#1069));
#5550=EDGE_LOOP('',(#1070));
#5551=EDGE_LOOP('',(#1071));
#5552=EDGE_LOOP('',(#1072,#1073,#1074,#1075));
#5553=EDGE_LOOP('',(#1076,#1077,#1078,#1079,#1080,#1081,#1082,#1083,#1084,
#1085,#1086,#1087,#1088,#1089,#1090,#1091));
#5554=EDGE_LOOP('',(#1092));
#5555=EDGE_LOOP('',(#1093,#1094,#1095));
#5556=EDGE_LOOP('',(#1096,#1097,#1098,#1099));
#5557=EDGE_LOOP('',(#1100,#1101,#1102,#1103,#1104));
#5558=EDGE_LOOP('',(#1105,#1106,#1107,#1108,#1109,#1110));
#5559=EDGE_LOOP('',(#1111,#1112,#1113,#1114,#1115,#1116));
#5560=EDGE_LOOP('',(#1117,#1118,#1119,#1120,#1121));
#5561=EDGE_LOOP('',(#1122));
#5562=EDGE_LOOP('',(#1123));
#5563=EDGE_LOOP('',(#1124,#1125,#1126));
#5564=EDGE_LOOP('',(#1127,#1128,#1129,#1130));
#5565=EDGE_LOOP('',(#1131,#1132,#1133,#1134));
#5566=EDGE_LOOP('',(#1135,#1136,#1137,#1138));
#5567=EDGE_LOOP('',(#1139,#1140,#1141,#1142,#1143,#1144,#1145));
#5568=EDGE_LOOP('',(#1146,#1147,#1148,#1149));
#5569=EDGE_LOOP('',(#1150,#1151,#1152));
#5570=EDGE_LOOP('',(#1153,#1154,#1155,#1156,#1157,#1158,#1159,#1160));
#5571=EDGE_LOOP('',(#1161,#1162,#1163,#1164));
#5572=EDGE_LOOP('',(#1165));
#5573=EDGE_LOOP('',(#1166,#1167,#1168,#1169,#1170));
#5574=EDGE_LOOP('',(#1171,#1172,#1173,#1174));
#5575=EDGE_LOOP('',(#1175,#1176,#1177,#1178,#1179));
#5576=EDGE_LOOP('',(#1180,#1181,#1182,#1183));
#5577=EDGE_LOOP('',(#1184,#1185,#1186,#1187,#1188));
#5578=EDGE_LOOP('',(#1189));
#5579=EDGE_LOOP('',(#1190,#1191,#1192,#1193,#1194,#1195,#1196,#1197,#1198));
#5580=EDGE_LOOP('',(#1199,#1200,#1201,#1202,#1203,#1204,#1205,#1206,#1207,
#1208));
#5581=EDGE_LOOP('',(#1209));
#5582=EDGE_LOOP('',(#1210,#1211,#1212,#1213,#1214,#1215,#1216,#1217,#1218));
#5583=EDGE_LOOP('',(#1219));
#5584=EDGE_LOOP('',(#1220));
#5585=EDGE_LOOP('',(#1221));
#5586=EDGE_LOOP('',(#1222));
#5587=EDGE_LOOP('',(#1223,#1224,#1225));
#5588=EDGE_LOOP('',(#1226));
#5589=EDGE_LOOP('',(#1227,#1228,#1229,#1230,#1231));
#5590=EDGE_LOOP('',(#1232));
#5591=EDGE_LOOP('',(#1233));
#5592=EDGE_LOOP('',(#1234,#1235,#1236,#1237,#1238));
#5593=EDGE_LOOP('',(#1239,#1240,#1241,#1242,#1243));
#5594=EDGE_LOOP('',(#1244,#1245,#1246,#1247));
#5595=EDGE_LOOP('',(#1248,#1249,#1250,#1251,#1252));
#5596=EDGE_LOOP('',(#1253,#1254,#1255,#1256));
#5597=EDGE_LOOP('',(#1257,#1258,#1259,#1260,#1261));
#5598=EDGE_LOOP('',(#1262,#1263,#1264));
#5599=EDGE_LOOP('',(#1265,#1266,#1267,#1268,#1269,#1270,#1271,#1272));
#5600=EDGE_LOOP('',(#1273,#1274,#1275,#1276));
#5601=EDGE_LOOP('',(#1277,#1278,#1279));
#5602=EDGE_LOOP('',(#1280));
#5603=EDGE_LOOP('',(#1281));
#5604=EDGE_LOOP('',(#1282,#1283,#1284,#1285));
#5605=EDGE_LOOP('',(#1286,#1287,#1288,#1289,#1290,#1291,#1292));
#5606=EDGE_LOOP('',(#1293,#1294,#1295,#1296,#1297,#1298));
#5607=EDGE_LOOP('',(#1299,#1300,#1301,#1302,#1303));
#5608=EDGE_LOOP('',(#1304,#1305,#1306,#1307,#1308));
#5609=EDGE_LOOP('',(#1309,#1310,#1311,#1312));
#5610=EDGE_LOOP('',(#1313));
#5611=EDGE_LOOP('',(#1314,#1315,#1316,#1317,#1318));
#5612=EDGE_LOOP('',(#1319,#1320,#1321,#1322,#1323,#1324,#1325,#1326));
#5613=EDGE_LOOP('',(#1327,#1328,#1329,#1330));
#5614=EDGE_LOOP('',(#1331,#1332,#1333,#1334));
#5615=EDGE_LOOP('',(#1335,#1336,#1337,#1338));
#5616=EDGE_LOOP('',(#1339,#1340,#1341,#1342));
#5617=EDGE_LOOP('',(#1343,#1344,#1345,#1346,#1347,#1348));
#5618=EDGE_LOOP('',(#1349));
#5619=EDGE_LOOP('',(#1350));
#5620=EDGE_LOOP('',(#1351,#1352,#1353,#1354,#1355,#1356,#1357,#1358,#1359,
#1360,#1361,#1362));
#5621=EDGE_LOOP('',(#1363,#1364,#1365,#1366));
#5622=EDGE_LOOP('',(#1367,#1368,#1369,#1370));
#5623=EDGE_LOOP('',(#1371,#1372,#1373,#1374,#1375,#1376,#1377,#1378,#1379,
#1380,#1381,#1382,#1383,#1384,#1385,#1386,#1387,#1388,#1389,#1390,#1391,
#1392,#1393,#1394,#1395));
#5624=EDGE_LOOP('',(#1396,#1397,#1398,#1399,#1400));
#5625=EDGE_LOOP('',(#1401,#1402,#1403,#1404));
#5626=EDGE_LOOP('',(#1405,#1406,#1407));
#5627=EDGE_LOOP('',(#1408,#1409,#1410,#1411,#1412));
#5628=EDGE_LOOP('',(#1413,#1414,#1415,#1416,#1417));
#5629=EDGE_LOOP('',(#1418,#1419,#1420));
#5630=EDGE_LOOP('',(#1421,#1422,#1423,#1424));
#5631=EDGE_LOOP('',(#1425,#1426,#1427,#1428,#1429));
#5632=EDGE_LOOP('',(#1430,#1431,#1432,#1433,#1434));
#5633=EDGE_LOOP('',(#1435,#1436,#1437,#1438,#1439));
#5634=EDGE_LOOP('',(#1440,#1441,#1442,#1443));
#5635=EDGE_LOOP('',(#1444,#1445,#1446,#1447));
#5636=EDGE_LOOP('',(#1448,#1449,#1450,#1451));
#5637=EDGE_LOOP('',(#1452,#1453,#1454,#1455));
#5638=EDGE_LOOP('',(#1456,#1457,#1458,#1459));
#5639=EDGE_LOOP('',(#1460,#1461,#1462,#1463));
#5640=EDGE_LOOP('',(#1464,#1465,#1466,#1467));
#5641=EDGE_LOOP('',(#1468,#1469,#1470,#1471));
#5642=EDGE_LOOP('',(#1472,#1473,#1474,#1475));
#5643=EDGE_LOOP('',(#1476,#1477,#1478,#1479));
#5644=EDGE_LOOP('',(#1480,#1481,#1482,#1483));
#5645=EDGE_LOOP('',(#1484,#1485,#1486,#1487));
#5646=EDGE_LOOP('',(#1488,#1489,#1490,#1491));
#5647=EDGE_LOOP('',(#1492,#1493,#1494));
#5648=EDGE_LOOP('',(#1495,#1496,#1497,#1498));
#5649=EDGE_LOOP('',(#1499,#1500,#1501,#1502));
#5650=EDGE_LOOP('',(#1503,#1504,#1505,#1506));
#5651=EDGE_LOOP('',(#1507,#1508,#1509,#1510));
#5652=EDGE_LOOP('',(#1511,#1512,#1513,#1514));
#5653=EDGE_LOOP('',(#1515,#1516,#1517,#1518));
#5654=EDGE_LOOP('',(#1519,#1520,#1521,#1522));
#5655=EDGE_LOOP('',(#1523,#1524,#1525,#1526,#1527));
#5656=EDGE_LOOP('',(#1528,#1529,#1530,#1531));
#5657=EDGE_LOOP('',(#1532,#1533,#1534,#1535,#1536));
#5658=EDGE_LOOP('',(#1537,#1538,#1539,#1540));
#5659=EDGE_LOOP('',(#1541,#1542,#1543,#1544));
#5660=EDGE_LOOP('',(#1545,#1546,#1547,#1548,#1549,#1550,#1551,#1552));
#5661=EDGE_LOOP('',(#1553,#1554,#1555,#1556));
#5662=EDGE_LOOP('',(#1557));
#5663=EDGE_LOOP('',(#1558,#1559,#1560,#1561,#1562));
#5664=EDGE_LOOP('',(#1563,#1564,#1565,#1566));
#5665=EDGE_LOOP('',(#1567,#1568,#1569,#1570));
#5666=EDGE_LOOP('',(#1571));
#5667=EDGE_LOOP('',(#1572,#1573,#1574,#1575,#1576));
#5668=EDGE_LOOP('',(#1577));
#5669=EDGE_LOOP('',(#1578));
#5670=EDGE_LOOP('',(#1579));
#5671=EDGE_LOOP('',(#1580,#1581,#1582,#1583,#1584,#1585,#1586,#1587,#1588,
#1589,#1590,#1591,#1592));
#5672=EDGE_LOOP('',(#1593,#1594,#1595,#1596));
#5673=EDGE_LOOP('',(#1597,#1598,#1599,#1600,#1601,#1602));
#5674=EDGE_LOOP('',(#1603,#1604,#1605,#1606,#1607,#1608));
#5675=EDGE_LOOP('',(#1609,#1610,#1611,#1612));
#5676=EDGE_LOOP('',(#1613,#1614,#1615,#1616));
#5677=EDGE_LOOP('',(#1617));
#5678=EDGE_LOOP('',(#1618));
#5679=EDGE_LOOP('',(#1619));
#5680=EDGE_LOOP('',(#1620,#1621,#1622,#1623,#1624,#1625,#1626,#1627,#1628,
#1629,#1630,#1631,#1632,#1633,#1634));
#5681=EDGE_LOOP('',(#1635,#1636,#1637,#1638,#1639));
#5682=EDGE_LOOP('',(#1640,#1641,#1642,#1643));
#5683=EDGE_LOOP('',(#1644,#1645,#1646,#1647));
#5684=EDGE_LOOP('',(#1648,#1649,#1650,#1651,#1652));
#5685=EDGE_LOOP('',(#1653,#1654,#1655,#1656));
#5686=EDGE_LOOP('',(#1657,#1658,#1659,#1660,#1661));
#5687=EDGE_LOOP('',(#1662,#1663,#1664,#1665,#1666));
#5688=EDGE_LOOP('',(#1667,#1668,#1669,#1670));
#5689=EDGE_LOOP('',(#1671,#1672,#1673,#1674));
#5690=EDGE_LOOP('',(#1675,#1676,#1677,#1678));
#5691=EDGE_LOOP('',(#1679,#1680,#1681,#1682));
#5692=EDGE_LOOP('',(#1683,#1684,#1685,#1686));
#5693=EDGE_LOOP('',(#1687,#1688,#1689,#1690));
#5694=EDGE_LOOP('',(#1691,#1692,#1693,#1694));
#5695=EDGE_LOOP('',(#1695,#1696,#1697,#1698,#1699,#1700,#1701));
#5696=EDGE_LOOP('',(#1702,#1703,#1704,#1705,#1706,#1707,#1708));
#5697=EDGE_LOOP('',(#1709,#1710,#1711,#1712,#1713));
#5698=EDGE_LOOP('',(#1714,#1715,#1716,#1717));
#5699=EDGE_LOOP('',(#1718,#1719,#1720,#1721));
#5700=EDGE_LOOP('',(#1722,#1723,#1724,#1725));
#5701=EDGE_LOOP('',(#1726,#1727,#1728,#1729));
#5702=EDGE_LOOP('',(#1730,#1731,#1732,#1733));
#5703=EDGE_LOOP('',(#1734,#1735,#1736,#1737,#1738,#1739,#1740,#1741));
#5704=EDGE_LOOP('',(#1742,#1743,#1744,#1745));
#5705=EDGE_LOOP('',(#1746,#1747,#1748,#1749));
#5706=EDGE_LOOP('',(#1750,#1751,#1752,#1753));
#5707=EDGE_LOOP('',(#1754));
#5708=EDGE_LOOP('',(#1755,#1756,#1757,#1758,#1759));
#5709=EDGE_LOOP('',(#1760,#1761,#1762,#1763));
#5710=EDGE_LOOP('',(#1764));
#5711=EDGE_LOOP('',(#1765,#1766,#1767,#1768,#1769));
#5712=EDGE_LOOP('',(#1770,#1771,#1772,#1773));
#5713=EDGE_LOOP('',(#1774,#1775,#1776,#1777));
#5714=EDGE_LOOP('',(#1778,#1779,#1780,#1781,#1782,#1783,#1784));
#5715=EDGE_LOOP('',(#1785,#1786,#1787,#1788,#1789,#1790,#1791));
#5716=EDGE_LOOP('',(#1792,#1793,#1794,#1795));
#5717=EDGE_LOOP('',(#1796,#1797,#1798,#1799,#1800,#1801,#1802,#1803));
#5718=EDGE_LOOP('',(#1804,#1805,#1806,#1807));
#5719=EDGE_LOOP('',(#1808,#1809,#1810,#1811));
#5720=EDGE_LOOP('',(#1812,#1813,#1814,#1815,#1816,#1817));
#5721=EDGE_LOOP('',(#1818,#1819,#1820,#1821));
#5722=EDGE_LOOP('',(#1822,#1823,#1824,#1825));
#5723=EDGE_LOOP('',(#1826,#1827,#1828,#1829));
#5724=EDGE_LOOP('',(#1830,#1831,#1832,#1833));
#5725=EDGE_LOOP('',(#1834,#1835,#1836,#1837));
#5726=EDGE_LOOP('',(#1838,#1839,#1840,#1841,#1842));
#5727=EDGE_LOOP('',(#1843,#1844,#1845,#1846,#1847,#1848));
#5728=EDGE_LOOP('',(#1849,#1850,#1851,#1852,#1853));
#5729=EDGE_LOOP('',(#1854,#1855,#1856,#1857));
#5730=EDGE_LOOP('',(#1858,#1859,#1860,#1861));
#5731=EDGE_LOOP('',(#1862));
#5732=EDGE_LOOP('',(#1863));
#5733=EDGE_LOOP('',(#1864,#1865,#1866,#1867));
#5734=EDGE_LOOP('',(#1868));
#5735=EDGE_LOOP('',(#1869));
#5736=EDGE_LOOP('',(#1870,#1871,#1872,#1873));
#5737=EDGE_LOOP('',(#1874,#1875,#1876,#1877));
#5738=EDGE_LOOP('',(#1878,#1879,#1880,#1881));
#5739=EDGE_LOOP('',(#1882,#1883,#1884,#1885));
#5740=EDGE_LOOP('',(#1886));
#5741=EDGE_LOOP('',(#1887));
#5742=EDGE_LOOP('',(#1888,#1889,#1890,#1891));
#5743=EDGE_LOOP('',(#1892,#1893,#1894,#1895));
#5744=EDGE_LOOP('',(#1896,#1897,#1898,#1899));
#5745=EDGE_LOOP('',(#1900,#1901,#1902,#1903));
#5746=EDGE_LOOP('',(#1904,#1905,#1906,#1907));
#5747=EDGE_LOOP('',(#1908,#1909,#1910,#1911));
#5748=EDGE_LOOP('',(#1912,#1913,#1914,#1915));
#5749=EDGE_LOOP('',(#1916,#1917,#1918,#1919));
#5750=EDGE_LOOP('',(#1920,#1921,#1922,#1923));
#5751=EDGE_LOOP('',(#1924,#1925,#1926,#1927));
#5752=EDGE_LOOP('',(#1928,#1929,#1930,#1931));
#5753=EDGE_LOOP('',(#1932,#1933,#1934,#1935));
#5754=EDGE_LOOP('',(#1936,#1937,#1938,#1939));
#5755=EDGE_LOOP('',(#1940,#1941,#1942,#1943));
#5756=EDGE_LOOP('',(#1944,#1945,#1946,#1947));
#5757=EDGE_LOOP('',(#1948,#1949,#1950,#1951));
#5758=EDGE_LOOP('',(#1952,#1953,#1954,#1955,#1956,#1957,#1958,#1959,#1960,
#1961,#1962,#1963));
#5759=EDGE_LOOP('',(#1964,#1965,#1966,#1967));
#5760=EDGE_LOOP('',(#1968,#1969,#1970,#1971));
#5761=EDGE_LOOP('',(#1972,#1973,#1974,#1975));
#5762=EDGE_LOOP('',(#1976,#1977,#1978,#1979,#1980));
#5763=EDGE_LOOP('',(#1981,#1982,#1983,#1984,#1985));
#5764=EDGE_LOOP('',(#1986));
#5765=EDGE_LOOP('',(#1987));
#5766=EDGE_LOOP('',(#1988,#1989,#1990,#1991));
#5767=EDGE_LOOP('',(#1992,#1993,#1994,#1995));
#5768=EDGE_LOOP('',(#1996,#1997,#1998,#1999,#2000,#2001,#2002,#2003,#2004,
#2005,#2006,#2007));
#5769=EDGE_LOOP('',(#2008,#2009,#2010,#2011));
#5770=EDGE_LOOP('',(#2012,#2013,#2014,#2015));
#5771=EDGE_LOOP('',(#2016,#2017,#2018,#2019,#2020,#2021,#2022,#2023,#2024,
#2025));
#5772=EDGE_LOOP('',(#2026,#2027,#2028,#2029,#2030));
#5773=EDGE_LOOP('',(#2031,#2032,#2033,#2034,#2035,#2036,#2037,#2038,#2039,
#2040,#2041,#2042,#2043,#2044,#2045,#2046,#2047,#2048,#2049,#2050,#2051,
#2052,#2053,#2054));
#5774=EDGE_LOOP('',(#2055,#2056,#2057,#2058));
#5775=EDGE_LOOP('',(#2059,#2060,#2061,#2062));
#5776=EDGE_LOOP('',(#2063,#2064,#2065,#2066));
#5777=EDGE_LOOP('',(#2067,#2068,#2069,#2070,#2071,#2072,#2073,#2074,#2075,
#2076));
#5778=EDGE_LOOP('',(#2077,#2078,#2079,#2080,#2081,#2082,#2083,#2084,#2085,
#2086,#2087,#2088,#2089,#2090,#2091,#2092));
#5779=EDGE_LOOP('',(#2093));
#5780=EDGE_LOOP('',(#2094));
#5781=EDGE_LOOP('',(#2095));
#5782=EDGE_LOOP('',(#2096,#2097,#2098,#2099,#2100,#2101));
#5783=EDGE_LOOP('',(#2102,#2103,#2104));
#5784=EDGE_LOOP('',(#2105,#2106,#2107));
#5785=EDGE_LOOP('',(#2108,#2109,#2110,#2111,#2112,#2113));
#5786=EDGE_LOOP('',(#2114,#2115,#2116,#2117));
#5787=EDGE_LOOP('',(#2118,#2119,#2120,#2121));
#5788=EDGE_LOOP('',(#2122,#2123,#2124,#2125));
#5789=EDGE_LOOP('',(#2126,#2127,#2128,#2129));
#5790=EDGE_LOOP('',(#2130,#2131,#2132,#2133));
#5791=EDGE_LOOP('',(#2134,#2135,#2136,#2137));
#5792=EDGE_LOOP('',(#2138,#2139,#2140,#2141));
#5793=EDGE_LOOP('',(#2142,#2143,#2144,#2145));
#5794=EDGE_LOOP('',(#2146,#2147,#2148,#2149));
#5795=EDGE_LOOP('',(#2150,#2151,#2152,#2153));
#5796=EDGE_LOOP('',(#2154,#2155,#2156,#2157));
#5797=EDGE_LOOP('',(#2158,#2159,#2160,#2161));
#5798=EDGE_LOOP('',(#2162,#2163,#2164,#2165));
#5799=EDGE_LOOP('',(#2166,#2167,#2168,#2169));
#5800=EDGE_LOOP('',(#2170,#2171,#2172,#2173));
#5801=EDGE_LOOP('',(#2174,#2175,#2176,#2177));
#5802=EDGE_LOOP('',(#2178,#2179,#2180,#2181));
#5803=EDGE_LOOP('',(#2182,#2183,#2184,#2185));
#5804=EDGE_LOOP('',(#2186));
#5805=EDGE_LOOP('',(#2187));
#5806=EDGE_LOOP('',(#2188));
#5807=EDGE_LOOP('',(#2189));
#5808=EDGE_LOOP('',(#2190));
#5809=EDGE_LOOP('',(#2191));
#5810=EDGE_LOOP('',(#2192));
#5811=EDGE_LOOP('',(#2193));
#5812=EDGE_LOOP('',(#2194));
#5813=EDGE_LOOP('',(#2195));
#5814=EDGE_LOOP('',(#2196));
#5815=EDGE_LOOP('',(#2197));
#5816=EDGE_LOOP('',(#2198));
#5817=EDGE_LOOP('',(#2199));
#5818=EDGE_LOOP('',(#2200,#2201,#2202,#2203,#2204));
#5819=EDGE_LOOP('',(#2205,#2206,#2207,#2208,#2209));
#5820=EDGE_LOOP('',(#2210,#2211,#2212,#2213,#2214));
#5821=EDGE_LOOP('',(#2215,#2216,#2217,#2218,#2219));
#5822=EDGE_LOOP('',(#2220,#2221,#2222,#2223));
#5823=EDGE_LOOP('',(#2224,#2225,#2226,#2227));
#5824=EDGE_LOOP('',(#2228,#2229,#2230,#2231,#2232,#2233,#2234,#2235,#2236,
#2237,#2238));
#5825=EDGE_LOOP('',(#2239,#2240,#2241,#2242));
#5826=EDGE_LOOP('',(#2243,#2244,#2245,#2246));
#5827=EDGE_LOOP('',(#2247,#2248,#2249,#2250));
#5828=EDGE_LOOP('',(#2251,#2252,#2253,#2254));
#5829=EDGE_LOOP('',(#2255,#2256,#2257,#2258));
#5830=EDGE_LOOP('',(#2259,#2260,#2261,#2262));
#5831=EDGE_LOOP('',(#2263,#2264,#2265,#2266));
#5832=EDGE_LOOP('',(#2267,#2268,#2269,#2270));
#5833=EDGE_LOOP('',(#2271,#2272,#2273,#2274));
#5834=EDGE_LOOP('',(#2275,#2276,#2277,#2278));
#5835=EDGE_LOOP('',(#2279,#2280,#2281,#2282));
#5836=EDGE_LOOP('',(#2283,#2284,#2285,#2286));
#5837=EDGE_LOOP('',(#2287));
#5838=EDGE_LOOP('',(#2288));
#5839=EDGE_LOOP('',(#2289));
#5840=EDGE_LOOP('',(#2290,#2291,#2292,#2293,#2294,#2295));
#5841=EDGE_LOOP('',(#2296,#2297,#2298,#2299));
#5842=EDGE_LOOP('',(#2300,#2301,#2302,#2303));
#5843=EDGE_LOOP('',(#2304,#2305,#2306,#2307));
#5844=EDGE_LOOP('',(#2308,#2309,#2310,#2311));
#5845=EDGE_LOOP('',(#2312,#2313,#2314,#2315));
#5846=EDGE_LOOP('',(#2316,#2317,#2318,#2319));
#5847=EDGE_LOOP('',(#2320,#2321,#2322,#2323));
#5848=EDGE_LOOP('',(#2324,#2325,#2326,#2327));
#5849=EDGE_LOOP('',(#2328,#2329,#2330,#2331));
#5850=EDGE_LOOP('',(#2332));
#5851=EDGE_LOOP('',(#2333));
#5852=EDGE_LOOP('',(#2334));
#5853=EDGE_LOOP('',(#2335));
#5854=EDGE_LOOP('',(#2336));
#5855=EDGE_LOOP('',(#2337));
#5856=EDGE_LOOP('',(#2338));
#5857=EDGE_LOOP('',(#2339));
#5858=EDGE_LOOP('',(#2340));
#5859=EDGE_LOOP('',(#2341));
#5860=EDGE_LOOP('',(#2342));
#5861=EDGE_LOOP('',(#2343));
#5862=EDGE_LOOP('',(#2344,#2345,#2346,#2347));
#5863=EDGE_LOOP('',(#2348,#2349,#2350,#2351));
#5864=EDGE_LOOP('',(#2352,#2353,#2354,#2355));
#5865=EDGE_LOOP('',(#2356,#2357,#2358,#2359));
#5866=EDGE_LOOP('',(#2360,#2361,#2362,#2363));
#5867=EDGE_LOOP('',(#2364,#2365,#2366,#2367));
#5868=EDGE_LOOP('',(#2368,#2369,#2370,#2371));
#5869=EDGE_LOOP('',(#2372,#2373,#2374,#2375));
#5870=EDGE_LOOP('',(#2376,#2377,#2378,#2379));
#5871=EDGE_LOOP('',(#2380,#2381,#2382,#2383));
#5872=EDGE_LOOP('',(#2384,#2385,#2386,#2387));
#5873=EDGE_LOOP('',(#2388,#2389,#2390,#2391));
#5874=EDGE_LOOP('',(#2392,#2393,#2394,#2395));
#5875=EDGE_LOOP('',(#2396,#2397,#2398,#2399));
#5876=EDGE_LOOP('',(#2400,#2401,#2402,#2403));
#5877=EDGE_LOOP('',(#2404,#2405,#2406,#2407));
#5878=EDGE_LOOP('',(#2408,#2409,#2410,#2411));
#5879=EDGE_LOOP('',(#2412,#2413,#2414,#2415));
#5880=EDGE_LOOP('',(#2416));
#5881=EDGE_LOOP('',(#2417));
#5882=EDGE_LOOP('',(#2418));
#5883=EDGE_LOOP('',(#2419));
#5884=FACE_BOUND('',#5457,.T.);
#5885=FACE_BOUND('',#5458,.T.);
#5886=FACE_BOUND('',#5459,.T.);
#5887=FACE_BOUND('',#5460,.T.);
#5888=FACE_BOUND('',#5461,.T.);
#5889=FACE_BOUND('',#5462,.T.);
#5890=FACE_BOUND('',#5463,.T.);
#5891=FACE_BOUND('',#5464,.T.);
#5892=FACE_BOUND('',#5465,.T.);
#5893=FACE_BOUND('',#5466,.T.);
#5894=FACE_BOUND('',#5467,.T.);
#5895=FACE_BOUND('',#5468,.T.);
#5896=FACE_BOUND('',#5469,.T.);
#5897=FACE_BOUND('',#5470,.T.);
#5898=FACE_BOUND('',#5471,.T.);
#5899=FACE_BOUND('',#5472,.T.);
#5900=FACE_BOUND('',#5473,.T.);
#5901=FACE_BOUND('',#5474,.T.);
#5902=FACE_BOUND('',#5475,.T.);
#5903=FACE_BOUND('',#5476,.T.);
#5904=FACE_BOUND('',#5477,.T.);
#5905=FACE_BOUND('',#5478,.T.);
#5906=FACE_BOUND('',#5479,.T.);
#5907=FACE_BOUND('',#5480,.T.);
#5908=FACE_BOUND('',#5481,.T.);
#5909=FACE_BOUND('',#5482,.T.);
#5910=FACE_BOUND('',#5483,.T.);
#5911=FACE_BOUND('',#5484,.T.);
#5912=FACE_BOUND('',#5485,.T.);
#5913=FACE_BOUND('',#5486,.T.);
#5914=FACE_BOUND('',#5487,.T.);
#5915=FACE_BOUND('',#5488,.T.);
#5916=FACE_BOUND('',#5489,.T.);
#5917=FACE_BOUND('',#5490,.T.);
#5918=FACE_BOUND('',#5491,.T.);
#5919=FACE_BOUND('',#5492,.T.);
#5920=FACE_BOUND('',#5493,.T.);
#5921=FACE_BOUND('',#5494,.T.);
#5922=FACE_BOUND('',#5495,.T.);
#5923=FACE_BOUND('',#5496,.T.);
#5924=FACE_BOUND('',#5497,.T.);
#5925=FACE_BOUND('',#5498,.T.);
#5926=FACE_BOUND('',#5499,.T.);
#5927=FACE_BOUND('',#5500,.T.);
#5928=FACE_BOUND('',#5501,.T.);
#5929=FACE_BOUND('',#5502,.T.);
#5930=FACE_BOUND('',#5503,.T.);
#5931=FACE_BOUND('',#5504,.T.);
#5932=FACE_BOUND('',#5505,.T.);
#5933=FACE_BOUND('',#5506,.T.);
#5934=FACE_BOUND('',#5507,.T.);
#5935=FACE_BOUND('',#5508,.T.);
#5936=FACE_BOUND('',#5509,.T.);
#5937=FACE_BOUND('',#5510,.T.);
#5938=FACE_BOUND('',#5511,.T.);
#5939=FACE_BOUND('',#5512,.T.);
#5940=FACE_BOUND('',#5513,.T.);
#5941=FACE_BOUND('',#5514,.T.);
#5942=FACE_BOUND('',#5515,.T.);
#5943=FACE_BOUND('',#5516,.T.);
#5944=FACE_BOUND('',#5517,.T.);
#5945=FACE_BOUND('',#5518,.T.);
#5946=FACE_BOUND('',#5519,.T.);
#5947=FACE_BOUND('',#5520,.T.);
#5948=FACE_BOUND('',#5521,.T.);
#5949=FACE_BOUND('',#5522,.T.);
#5950=FACE_BOUND('',#5523,.T.);
#5951=FACE_BOUND('',#5524,.T.);
#5952=FACE_BOUND('',#5525,.T.);
#5953=FACE_BOUND('',#5526,.T.);
#5954=FACE_BOUND('',#5527,.T.);
#5955=FACE_BOUND('',#5528,.T.);
#5956=FACE_BOUND('',#5529,.T.);
#5957=FACE_BOUND('',#5530,.T.);
#5958=FACE_BOUND('',#5531,.T.);
#5959=FACE_BOUND('',#5532,.T.);
#5960=FACE_BOUND('',#5533,.T.);
#5961=FACE_BOUND('',#5534,.T.);
#5962=FACE_BOUND('',#5535,.T.);
#5963=FACE_BOUND('',#5536,.T.);
#5964=FACE_BOUND('',#5537,.T.);
#5965=FACE_BOUND('',#5538,.T.);
#5966=FACE_BOUND('',#5539,.T.);
#5967=FACE_BOUND('',#5540,.T.);
#5968=FACE_BOUND('',#5541,.T.);
#5969=FACE_BOUND('',#5542,.T.);
#5970=FACE_BOUND('',#5543,.T.);
#5971=FACE_BOUND('',#5544,.T.);
#5972=FACE_BOUND('',#5545,.T.);
#5973=FACE_BOUND('',#5546,.T.);
#5974=FACE_BOUND('',#5547,.T.);
#5975=FACE_BOUND('',#5548,.T.);
#5976=FACE_BOUND('',#5549,.T.);
#5977=FACE_BOUND('',#5550,.T.);
#5978=FACE_BOUND('',#5551,.T.);
#5979=FACE_BOUND('',#5552,.T.);
#5980=FACE_BOUND('',#5553,.T.);
#5981=FACE_BOUND('',#5554,.T.);
#5982=FACE_BOUND('',#5555,.T.);
#5983=FACE_BOUND('',#5556,.T.);
#5984=FACE_BOUND('',#5557,.T.);
#5985=FACE_BOUND('',#5558,.T.);
#5986=FACE_BOUND('',#5559,.T.);
#5987=FACE_BOUND('',#5560,.T.);
#5988=FACE_BOUND('',#5561,.T.);
#5989=FACE_BOUND('',#5562,.T.);
#5990=FACE_BOUND('',#5563,.T.);
#5991=FACE_BOUND('',#5564,.T.);
#5992=FACE_BOUND('',#5565,.T.);
#5993=FACE_BOUND('',#5566,.T.);
#5994=FACE_BOUND('',#5567,.T.);
#5995=FACE_BOUND('',#5568,.T.);
#5996=FACE_BOUND('',#5569,.T.);
#5997=FACE_BOUND('',#5570,.T.);
#5998=FACE_BOUND('',#5571,.T.);
#5999=FACE_BOUND('',#5572,.T.);
#6000=FACE_BOUND('',#5573,.T.);
#6001=FACE_BOUND('',#5574,.T.);
#6002=FACE_BOUND('',#5575,.T.);
#6003=FACE_BOUND('',#5576,.T.);
#6004=FACE_BOUND('',#5577,.T.);
#6005=FACE_BOUND('',#5578,.T.);
#6006=FACE_BOUND('',#5579,.T.);
#6007=FACE_BOUND('',#5580,.T.);
#6008=FACE_BOUND('',#5581,.T.);
#6009=FACE_BOUND('',#5582,.T.);
#6010=FACE_BOUND('',#5583,.T.);
#6011=FACE_BOUND('',#5584,.T.);
#6012=FACE_BOUND('',#5585,.T.);
#6013=FACE_BOUND('',#5586,.T.);
#6014=FACE_BOUND('',#5587,.T.);
#6015=FACE_BOUND('',#5588,.T.);
#6016=FACE_BOUND('',#5589,.T.);
#6017=FACE_BOUND('',#5590,.T.);
#6018=FACE_BOUND('',#5591,.T.);
#6019=FACE_BOUND('',#5592,.T.);
#6020=FACE_BOUND('',#5593,.T.);
#6021=FACE_BOUND('',#5594,.T.);
#6022=FACE_BOUND('',#5595,.T.);
#6023=FACE_BOUND('',#5596,.T.);
#6024=FACE_BOUND('',#5597,.T.);
#6025=FACE_BOUND('',#5598,.T.);
#6026=FACE_BOUND('',#5599,.T.);
#6027=FACE_BOUND('',#5600,.T.);
#6028=FACE_BOUND('',#5601,.T.);
#6029=FACE_BOUND('',#5602,.T.);
#6030=FACE_BOUND('',#5603,.T.);
#6031=FACE_BOUND('',#5604,.T.);
#6032=FACE_BOUND('',#5605,.T.);
#6033=FACE_BOUND('',#5606,.T.);
#6034=FACE_BOUND('',#5607,.T.);
#6035=FACE_BOUND('',#5608,.T.);
#6036=FACE_BOUND('',#5609,.T.);
#6037=FACE_BOUND('',#5610,.T.);
#6038=FACE_BOUND('',#5611,.T.);
#6039=FACE_BOUND('',#5612,.T.);
#6040=FACE_BOUND('',#5613,.T.);
#6041=FACE_BOUND('',#5614,.T.);
#6042=FACE_BOUND('',#5615,.T.);
#6043=FACE_BOUND('',#5616,.T.);
#6044=FACE_BOUND('',#5617,.T.);
#6045=FACE_BOUND('',#5618,.T.);
#6046=FACE_BOUND('',#5619,.T.);
#6047=FACE_BOUND('',#5620,.T.);
#6048=FACE_BOUND('',#5621,.T.);
#6049=FACE_BOUND('',#5622,.T.);
#6050=FACE_BOUND('',#5623,.T.);
#6051=FACE_BOUND('',#5624,.T.);
#6052=FACE_BOUND('',#5625,.T.);
#6053=FACE_BOUND('',#5626,.T.);
#6054=FACE_BOUND('',#5627,.T.);
#6055=FACE_BOUND('',#5628,.T.);
#6056=FACE_BOUND('',#5629,.T.);
#6057=FACE_BOUND('',#5630,.T.);
#6058=FACE_BOUND('',#5631,.T.);
#6059=FACE_BOUND('',#5632,.T.);
#6060=FACE_BOUND('',#5633,.T.);
#6061=FACE_BOUND('',#5634,.T.);
#6062=FACE_BOUND('',#5635,.T.);
#6063=FACE_BOUND('',#5636,.T.);
#6064=FACE_BOUND('',#5637,.T.);
#6065=FACE_BOUND('',#5638,.T.);
#6066=FACE_BOUND('',#5639,.T.);
#6067=FACE_BOUND('',#5640,.T.);
#6068=FACE_BOUND('',#5641,.T.);
#6069=FACE_BOUND('',#5642,.T.);
#6070=FACE_BOUND('',#5643,.T.);
#6071=FACE_BOUND('',#5644,.T.);
#6072=FACE_BOUND('',#5645,.T.);
#6073=FACE_BOUND('',#5646,.T.);
#6074=FACE_BOUND('',#5647,.T.);
#6075=FACE_BOUND('',#5648,.T.);
#6076=FACE_BOUND('',#5649,.T.);
#6077=FACE_BOUND('',#5650,.T.);
#6078=FACE_BOUND('',#5651,.T.);
#6079=FACE_BOUND('',#5652,.T.);
#6080=FACE_BOUND('',#5653,.T.);
#6081=FACE_BOUND('',#5654,.T.);
#6082=FACE_BOUND('',#5655,.T.);
#6083=FACE_BOUND('',#5656,.T.);
#6084=FACE_BOUND('',#5657,.T.);
#6085=FACE_BOUND('',#5658,.T.);
#6086=FACE_BOUND('',#5659,.T.);
#6087=FACE_BOUND('',#5660,.T.);
#6088=FACE_BOUND('',#5661,.T.);
#6089=FACE_BOUND('',#5662,.T.);
#6090=FACE_BOUND('',#5663,.T.);
#6091=FACE_BOUND('',#5664,.T.);
#6092=FACE_BOUND('',#5665,.T.);
#6093=FACE_BOUND('',#5666,.T.);
#6094=FACE_BOUND('',#5667,.T.);
#6095=FACE_BOUND('',#5668,.T.);
#6096=FACE_BOUND('',#5669,.T.);
#6097=FACE_BOUND('',#5670,.T.);
#6098=FACE_BOUND('',#5671,.T.);
#6099=FACE_BOUND('',#5672,.T.);
#6100=FACE_BOUND('',#5673,.T.);
#6101=FACE_BOUND('',#5674,.T.);
#6102=FACE_BOUND('',#5675,.T.);
#6103=FACE_BOUND('',#5676,.T.);
#6104=FACE_BOUND('',#5677,.T.);
#6105=FACE_BOUND('',#5678,.T.);
#6106=FACE_BOUND('',#5679,.T.);
#6107=FACE_BOUND('',#5680,.T.);
#6108=FACE_BOUND('',#5681,.T.);
#6109=FACE_BOUND('',#5682,.T.);
#6110=FACE_BOUND('',#5683,.T.);
#6111=FACE_BOUND('',#5684,.T.);
#6112=FACE_BOUND('',#5685,.T.);
#6113=FACE_BOUND('',#5686,.T.);
#6114=FACE_BOUND('',#5687,.T.);
#6115=FACE_BOUND('',#5688,.T.);
#6116=FACE_BOUND('',#5689,.T.);
#6117=FACE_BOUND('',#5690,.T.);
#6118=FACE_BOUND('',#5691,.T.);
#6119=FACE_BOUND('',#5692,.T.);
#6120=FACE_BOUND('',#5693,.T.);
#6121=FACE_BOUND('',#5694,.T.);
#6122=FACE_BOUND('',#5695,.T.);
#6123=FACE_BOUND('',#5696,.T.);
#6124=FACE_BOUND('',#5697,.T.);
#6125=FACE_BOUND('',#5698,.T.);
#6126=FACE_BOUND('',#5699,.T.);
#6127=FACE_BOUND('',#5700,.T.);
#6128=FACE_BOUND('',#5701,.T.);
#6129=FACE_BOUND('',#5702,.T.);
#6130=FACE_BOUND('',#5703,.T.);
#6131=FACE_BOUND('',#5704,.T.);
#6132=FACE_BOUND('',#5705,.T.);
#6133=FACE_BOUND('',#5706,.T.);
#6134=FACE_BOUND('',#5707,.T.);
#6135=FACE_BOUND('',#5708,.T.);
#6136=FACE_BOUND('',#5709,.T.);
#6137=FACE_BOUND('',#5710,.T.);
#6138=FACE_BOUND('',#5711,.T.);
#6139=FACE_BOUND('',#5712,.T.);
#6140=FACE_BOUND('',#5713,.T.);
#6141=FACE_BOUND('',#5714,.T.);
#6142=FACE_BOUND('',#5715,.T.);
#6143=FACE_BOUND('',#5716,.T.);
#6144=FACE_BOUND('',#5717,.T.);
#6145=FACE_BOUND('',#5718,.T.);
#6146=FACE_BOUND('',#5719,.T.);
#6147=FACE_BOUND('',#5720,.T.);
#6148=FACE_BOUND('',#5721,.T.);
#6149=FACE_BOUND('',#5722,.T.);
#6150=FACE_BOUND('',#5723,.T.);
#6151=FACE_BOUND('',#5724,.T.);
#6152=FACE_BOUND('',#5725,.T.);
#6153=FACE_BOUND('',#5726,.T.);
#6154=FACE_BOUND('',#5727,.T.);
#6155=FACE_BOUND('',#5728,.T.);
#6156=FACE_BOUND('',#5729,.T.);
#6157=FACE_BOUND('',#5730,.T.);
#6158=FACE_BOUND('',#5731,.T.);
#6159=FACE_BOUND('',#5732,.T.);
#6160=FACE_BOUND('',#5733,.T.);
#6161=FACE_BOUND('',#5734,.T.);
#6162=FACE_BOUND('',#5735,.T.);
#6163=FACE_BOUND('',#5736,.T.);
#6164=FACE_BOUND('',#5737,.T.);
#6165=FACE_BOUND('',#5738,.T.);
#6166=FACE_BOUND('',#5739,.T.);
#6167=FACE_BOUND('',#5740,.T.);
#6168=FACE_BOUND('',#5741,.T.);
#6169=FACE_BOUND('',#5742,.T.);
#6170=FACE_BOUND('',#5743,.T.);
#6171=FACE_BOUND('',#5744,.T.);
#6172=FACE_BOUND('',#5745,.T.);
#6173=FACE_BOUND('',#5746,.T.);
#6174=FACE_BOUND('',#5747,.T.);
#6175=FACE_BOUND('',#5748,.T.);
#6176=FACE_BOUND('',#5749,.T.);
#6177=FACE_BOUND('',#5750,.T.);
#6178=FACE_BOUND('',#5751,.T.);
#6179=FACE_BOUND('',#5752,.T.);
#6180=FACE_BOUND('',#5753,.T.);
#6181=FACE_BOUND('',#5754,.T.);
#6182=FACE_BOUND('',#5755,.T.);
#6183=FACE_BOUND('',#5756,.T.);
#6184=FACE_BOUND('',#5757,.T.);
#6185=FACE_BOUND('',#5758,.T.);
#6186=FACE_BOUND('',#5759,.T.);
#6187=FACE_BOUND('',#5760,.T.);
#6188=FACE_BOUND('',#5761,.T.);
#6189=FACE_BOUND('',#5762,.T.);
#6190=FACE_BOUND('',#5763,.T.);
#6191=FACE_BOUND('',#5764,.T.);
#6192=FACE_BOUND('',#5765,.T.);
#6193=FACE_BOUND('',#5766,.T.);
#6194=FACE_BOUND('',#5767,.T.);
#6195=FACE_BOUND('',#5768,.T.);
#6196=FACE_BOUND('',#5769,.T.);
#6197=FACE_BOUND('',#5770,.T.);
#6198=FACE_BOUND('',#5771,.T.);
#6199=FACE_BOUND('',#5772,.T.);
#6200=FACE_BOUND('',#5773,.T.);
#6201=FACE_BOUND('',#5774,.T.);
#6202=FACE_BOUND('',#5775,.T.);
#6203=FACE_BOUND('',#5776,.T.);
#6204=FACE_BOUND('',#5777,.T.);
#6205=FACE_BOUND('',#5778,.T.);
#6206=FACE_BOUND('',#5779,.T.);
#6207=FACE_BOUND('',#5780,.T.);
#6208=FACE_BOUND('',#5781,.T.);
#6209=FACE_BOUND('',#5782,.T.);
#6210=FACE_BOUND('',#5783,.T.);
#6211=FACE_BOUND('',#5784,.T.);
#6212=FACE_BOUND('',#5785,.T.);
#6213=FACE_BOUND('',#5786,.T.);
#6214=FACE_BOUND('',#5787,.T.);
#6215=FACE_BOUND('',#5788,.T.);
#6216=FACE_BOUND('',#5789,.T.);
#6217=FACE_BOUND('',#5790,.T.);
#6218=FACE_BOUND('',#5791,.T.);
#6219=FACE_BOUND('',#5792,.T.);
#6220=FACE_BOUND('',#5793,.T.);
#6221=FACE_BOUND('',#5794,.T.);
#6222=FACE_BOUND('',#5795,.T.);
#6223=FACE_BOUND('',#5796,.T.);
#6224=FACE_BOUND('',#5797,.T.);
#6225=FACE_BOUND('',#5798,.T.);
#6226=FACE_BOUND('',#5799,.T.);
#6227=FACE_BOUND('',#5800,.T.);
#6228=FACE_BOUND('',#5801,.T.);
#6229=FACE_BOUND('',#5802,.T.);
#6230=FACE_BOUND('',#5803,.T.);
#6231=FACE_BOUND('',#5804,.T.);
#6232=FACE_BOUND('',#5805,.T.);
#6233=FACE_BOUND('',#5806,.T.);
#6234=FACE_BOUND('',#5807,.T.);
#6235=FACE_BOUND('',#5808,.T.);
#6236=FACE_BOUND('',#5809,.T.);
#6237=FACE_BOUND('',#5810,.T.);
#6238=FACE_BOUND('',#5811,.T.);
#6239=FACE_BOUND('',#5812,.T.);
#6240=FACE_BOUND('',#5813,.T.);
#6241=FACE_BOUND('',#5814,.T.);
#6242=FACE_BOUND('',#5815,.T.);
#6243=FACE_BOUND('',#5816,.T.);
#6244=FACE_BOUND('',#5817,.T.);
#6245=FACE_BOUND('',#5818,.T.);
#6246=FACE_BOUND('',#5819,.T.);
#6247=FACE_BOUND('',#5820,.T.);
#6248=FACE_BOUND('',#5821,.T.);
#6249=FACE_BOUND('',#5822,.T.);
#6250=FACE_BOUND('',#5823,.T.);
#6251=FACE_BOUND('',#5824,.T.);
#6252=FACE_BOUND('',#5825,.T.);
#6253=FACE_BOUND('',#5826,.T.);
#6254=FACE_BOUND('',#5827,.T.);
#6255=FACE_BOUND('',#5828,.T.);
#6256=FACE_BOUND('',#5829,.T.);
#6257=FACE_BOUND('',#5830,.T.);
#6258=FACE_BOUND('',#5831,.T.);
#6259=FACE_BOUND('',#5832,.T.);
#6260=FACE_BOUND('',#5833,.T.);
#6261=FACE_BOUND('',#5834,.T.);
#6262=FACE_BOUND('',#5835,.T.);
#6263=FACE_BOUND('',#5836,.T.);
#6264=FACE_BOUND('',#5837,.T.);
#6265=FACE_BOUND('',#5838,.T.);
#6266=FACE_BOUND('',#5839,.T.);
#6267=FACE_BOUND('',#5840,.T.);
#6268=FACE_BOUND('',#5841,.T.);
#6269=FACE_BOUND('',#5842,.T.);
#6270=FACE_BOUND('',#5843,.T.);
#6271=FACE_BOUND('',#5844,.T.);
#6272=FACE_BOUND('',#5845,.T.);
#6273=FACE_BOUND('',#5846,.T.);
#6274=FACE_BOUND('',#5847,.T.);
#6275=FACE_BOUND('',#5848,.T.);
#6276=FACE_BOUND('',#5849,.T.);
#6277=FACE_BOUND('',#5850,.T.);
#6278=FACE_BOUND('',#5851,.T.);
#6279=FACE_BOUND('',#5852,.T.);
#6280=FACE_BOUND('',#5853,.T.);
#6281=FACE_BOUND('',#5854,.T.);
#6282=FACE_BOUND('',#5855,.T.);
#6283=FACE_BOUND('',#5856,.T.);
#6284=FACE_BOUND('',#5857,.T.);
#6285=FACE_BOUND('',#5858,.T.);
#6286=FACE_BOUND('',#5859,.T.);
#6287=FACE_BOUND('',#5860,.T.);
#6288=FACE_BOUND('',#5861,.T.);
#6289=FACE_BOUND('',#5862,.T.);
#6290=FACE_BOUND('',#5863,.T.);
#6291=FACE_BOUND('',#5864,.T.);
#6292=FACE_BOUND('',#5865,.T.);
#6293=FACE_BOUND('',#5866,.T.);
#6294=FACE_BOUND('',#5867,.T.);
#6295=FACE_BOUND('',#5868,.T.);
#6296=FACE_BOUND('',#5869,.T.);
#6297=FACE_BOUND('',#5870,.T.);
#6298=FACE_BOUND('',#5871,.T.);
#6299=FACE_BOUND('',#5872,.T.);
#6300=FACE_BOUND('',#5873,.T.);
#6301=FACE_BOUND('',#5874,.T.);
#6302=FACE_BOUND('',#5875,.T.);
#6303=FACE_BOUND('',#5876,.T.);
#6304=FACE_BOUND('',#5877,.T.);
#6305=FACE_BOUND('',#5878,.T.);
#6306=FACE_BOUND('',#5879,.T.);
#6307=FACE_BOUND('',#5880,.T.);
#6308=FACE_BOUND('',#5881,.T.);
#6309=FACE_BOUND('',#5882,.T.);
#6310=FACE_BOUND('',#5883,.T.);
#6311=PLANE('',#6909);
#6312=PLANE('',#6910);
#6313=PLANE('',#6911);
#6314=PLANE('',#6912);
#6315=PLANE('',#6913);
#6316=PLANE('',#6917);
#6317=PLANE('',#6918);
#6318=PLANE('',#6919);
#6319=PLANE('',#6920);
#6320=PLANE('',#6922);
#6321=PLANE('',#6925);
#6322=PLANE('',#6964);
#6323=PLANE('',#6966);
#6324=PLANE('',#6967);
#6325=PLANE('',#6968);
#6326=PLANE('',#6969);
#6327=PLANE('',#6970);
#6328=PLANE('',#6971);
#6329=PLANE('',#6972);
#6330=PLANE('',#6974);
#6331=PLANE('',#6976);
#6332=PLANE('',#6978);
#6333=PLANE('',#6985);
#6334=PLANE('',#6996);
#6335=PLANE('',#7006);
#6336=PLANE('',#7009);
#6337=PLANE('',#7029);
#6338=PLANE('',#7035);
#6339=PLANE('',#7036);
#6340=PLANE('',#7037);
#6341=PLANE('',#7038);
#6342=PLANE('',#7039);
#6343=PLANE('',#7040);
#6344=PLANE('',#7041);
#6345=PLANE('',#7045);
#6346=PLANE('',#7046);
#6347=PLANE('',#7047);
#6348=PLANE('',#7048);
#6349=PLANE('',#7049);
#6350=PLANE('',#7050);
#6351=PLANE('',#7051);
#6352=PLANE('',#7052);
#6353=PLANE('',#7053);
#6354=PLANE('',#7054);
#6355=PLANE('',#7065);
#6356=PLANE('',#7066);
#6357=PLANE('',#7067);
#6358=PLANE('',#7068);
#6359=PLANE('',#7069);
#6360=PLANE('',#7070);
#6361=PLANE('',#7071);
#6362=PLANE('',#7078);
#6363=PLANE('',#7080);
#6364=PLANE('',#7085);
#6365=PLANE('',#7086);
#6366=PLANE('',#7087);
#6367=PLANE('',#7089);
#6368=PLANE('',#7090);
#6369=PLANE('',#7091);
#6370=PLANE('',#7092);
#6371=PLANE('',#7093);
#6372=PLANE('',#7094);
#6373=PLANE('',#7098);
#6374=PLANE('',#7100);
#6375=PLANE('',#7104);
#6376=PLANE('',#7105);
#6377=PLANE('',#7112);
#6378=PLANE('',#7113);
#6379=PLANE('',#7114);
#6380=PLANE('',#7120);
#6381=PLANE('',#7128);
#6382=PLANE('',#7132);
#6383=PLANE('',#7133);
#6384=PLANE('',#7135);
#6385=PLANE('',#7138);
#6386=PLANE('',#7139);
#6387=PLANE('',#7141);
#6388=PLANE('',#7148);
#6389=PLANE('',#7152);
#6390=PLANE('',#7158);
#6391=PLANE('',#7159);
#6392=PLANE('',#7160);
#6393=PLANE('',#7161);
#6394=PLANE('',#7162);
#6395=PLANE('',#7165);
#6396=PLANE('',#7170);
#6397=PLANE('',#7174);
#6398=PLANE('',#7179);
#6399=PLANE('',#7180);
#6400=PLANE('',#7183);
#6401=PLANE('',#7186);
#6402=PLANE('',#7187);
#6403=PLANE('',#7189);
#6404=PLANE('',#7192);
#6405=PLANE('',#7193);
#6406=PLANE('',#7194);
#6407=PLANE('',#7202);
#6408=PLANE('',#7203);
#6409=PLANE('',#7204);
#6410=PLANE('',#7205);
#6411=PLANE('',#7207);
#6412=PLANE('',#7209);
#6413=PLANE('',#7210);
#6414=PLANE('',#7211);
#6415=PLANE('',#7213);
#6416=PLANE('',#7215);
#6417=PLANE('',#7228);
#6418=PLANE('',#7231);
#6419=PLANE('',#7234);
#6420=PLANE('',#7235);
#6421=PLANE('',#7236);
#6422=PLANE('',#7238);
#6423=PLANE('',#7241);
#6424=PLANE('',#7244);
#6425=PLANE('',#7247);
#6426=PLANE('',#7249);
#6427=PLANE('',#7250);
#6428=PLANE('',#7252);
#6429=PLANE('',#7255);
#6430=PLANE('',#7257);
#6431=PLANE('',#7258);
#6432=PLANE('',#7259);
#6433=PLANE('',#7261);
#6434=PLANE('',#7270);
#6435=PLANE('',#7272);
#6436=PLANE('',#7276);
#6437=PLANE('',#7287);
#6438=PLANE('',#7289);
#6439=PLANE('',#7290);
#6440=PLANE('',#7305);
#6441=PLANE('',#7308);
#6442=PLANE('',#7309);
#6443=PLANE('',#7310);
#6444=PLANE('',#7311);
#6445=PLANE('',#7312);
#6446=PLANE('',#7313);
#6447=PLANE('',#7314);
#6448=PLANE('',#7315);
#6449=PLANE('',#7316);
#6450=PLANE('',#7320);
#6451=PLANE('',#7322);
#6452=PLANE('',#7323);
#6453=PLANE('',#7325);
#6454=PLANE('',#7326);
#6455=PLANE('',#7328);
#6456=PLANE('',#7333);
#6457=PLANE('',#7334);
#6458=PLANE('',#7338);
#6459=PLANE('',#7339);
#6460=PLANE('',#7342);
#6461=PLANE('',#7343);
#6462=PLANE('',#7344);
#6463=PLANE('',#7345);
#6464=PLANE('',#7361);
#6465=PLANE('',#7362);
#6466=PLANE('',#7363);
#6467=PLANE('',#7364);
#6468=PLANE('',#7365);
#6469=PLANE('',#7366);
#6470=PLANE('',#7367);
#6471=PLANE('',#7371);
#6472=PLANE('',#7380);
#6473=PLANE('',#7385);
#6474=PLANE('',#7388);
#6475=PLANE('',#7389);
#6476=PLANE('',#7391);
#6477=PLANE('',#7392);
#6478=PLANE('',#7393);
#6479=PLANE('',#7396);
#6480=PLANE('',#7398);
#6481=PLANE('',#7399);
#6482=PLANE('',#7400);
#6483=PLANE('',#7403);
#6484=PLANE('',#7404);
#6485=PLANE('',#7405);
#6486=PLANE('',#7406);
#6487=PLANE('',#7412);
#6488=PLANE('',#7413);
#6489=PLANE('',#7414);
#6490=PLANE('',#7429);
#6491=PLANE('',#7430);
#6492=PLANE('',#7431);
#6493=PLANE('',#7432);
#6494=PLANE('',#7433);
#6495=PLANE('',#7434);
#6496=PLANE('',#7435);
#6497=PLANE('',#7436);
#6498=PLANE('',#7437);
#6499=PLANE('',#7438);
#6500=PLANE('',#7441);
#6501=PLANE('',#7444);
#6502=PLANE('',#7447);
#6503=PLANE('',#7450);
#6504=PLANE('',#7452);
#6505=PLANE('',#7453);
#6506=PLANE('',#7454);
#6507=PLANE('',#7455);
#6508=PLANE('',#7458);
#6509=PLANE('',#7459);
#6510=PLANE('',#7460);
#6511=PLANE('',#7462);
#6512=PLANE('',#7463);
#6513=PLANE('',#7466);
#6514=PLANE('',#7467);
#6515=PLANE('',#7469);
#6516=PLANE('',#7470);
#6517=PLANE('',#7471);
#6518=PLANE('',#7477);
#6519=PLANE('',#7480);
#6520=PLANE('',#7481);
#6521=PLANE('',#7482);
#6522=PLANE('',#7483);
#6523=PLANE('',#7492);
#6524=PLANE('',#7494);
#6525=PLANE('',#7498);
#6526=PLANE('',#7499);
#6527=PLANE('',#7501);
#6528=PLANE('',#7505);
#6529=PLANE('',#7506);
#6530=PLANE('',#7507);
#6531=PLANE('',#7508);
#6532=PLANE('',#7509);
#6533=ADVANCED_FACE('',(#5884),#6311,.T.);
#6534=ADVANCED_FACE('',(#5885),#6312,.F.);
#6535=ADVANCED_FACE('',(#5886),#6313,.T.);
#6536=ADVANCED_FACE('',(#5887),#6314,.F.);
#6537=ADVANCED_FACE('',(#5888),#6315,.T.);
#6538=ADVANCED_FACE('',(#5889),#108,.F.);
#6539=ADVANCED_FACE('',(#5890),#6316,.F.);
#6540=ADVANCED_FACE('',(#5891),#6317,.T.);
#6541=ADVANCED_FACE('',(#5892),#6318,.F.);
#6542=ADVANCED_FACE('',(#5893),#6319,.F.);
#6543=ADVANCED_FACE('',(#5894),#6320,.T.);
#6544=ADVANCED_FACE('',(#5895),#109,.F.);
#6545=ADVANCED_FACE('',(#5896,#5897),#6321,.T.);
#6546=ADVANCED_FACE('',(#5898),#6322,.T.);
#6547=ADVANCED_FACE('',(#5899),#6323,.T.);
#6548=ADVANCED_FACE('',(#5900),#6324,.F.);
#6549=ADVANCED_FACE('',(#5901),#6325,.T.);
#6550=ADVANCED_FACE('',(#5902),#6326,.T.);
#6551=ADVANCED_FACE('',(#5903),#6327,.T.);
#6552=ADVANCED_FACE('',(#5904),#6328,.F.);
#6553=ADVANCED_FACE('',(#5905),#6329,.F.);
#6554=ADVANCED_FACE('',(#5906),#6330,.T.);
#6555=ADVANCED_FACE('',(#5907),#6331,.F.);
#6556=ADVANCED_FACE('',(#5908,#5909,#5910,#5911,#5912),#6332,.F.);
#6557=ADVANCED_FACE('',(#5913,#5914,#5915,#5916,#5917),#6333,.F.);
#6558=ADVANCED_FACE('',(#5918,#5919),#6334,.T.);
#6559=ADVANCED_FACE('',(#5920),#110,.T.);
#6560=ADVANCED_FACE('',(#5921),#6335,.T.);
#6561=ADVANCED_FACE('',(#5922),#111,.F.);
#6562=ADVANCED_FACE('',(#5923,#5924,#5925),#6336,.T.);
#6563=ADVANCED_FACE('',(#5926),#6337,.F.);
#6564=ADVANCED_FACE('',(#5927),#112,.T.);
#6565=ADVANCED_FACE('',(#5928),#113,.F.);
#6566=ADVANCED_FACE('',(#5929),#6338,.T.);
#6567=ADVANCED_FACE('',(#5930),#6339,.T.);
#6568=ADVANCED_FACE('',(#5931),#6340,.T.);
#6569=ADVANCED_FACE('',(#5932),#6341,.T.);
#6570=ADVANCED_FACE('',(#5933),#6342,.T.);
#6571=ADVANCED_FACE('',(#5934),#6343,.T.);
#6572=ADVANCED_FACE('',(#5935),#6344,.T.);
#6573=ADVANCED_FACE('',(#5936),#114,.F.);
#6574=ADVANCED_FACE('',(#5937),#6345,.F.);
#6575=ADVANCED_FACE('',(#5938),#6346,.T.);
#6576=ADVANCED_FACE('',(#5939),#6347,.T.);
#6577=ADVANCED_FACE('',(#5940),#6348,.T.);
#6578=ADVANCED_FACE('',(#5941),#6349,.T.);
#6579=ADVANCED_FACE('',(#5942),#6350,.T.);
#6580=ADVANCED_FACE('',(#5943),#6351,.T.);
#6581=ADVANCED_FACE('',(#5944),#6352,.F.);
#6582=ADVANCED_FACE('',(#5945),#6353,.F.);
#6583=ADVANCED_FACE('',(#5946,#5947,#5948),#6354,.F.);
#6584=ADVANCED_FACE('',(#5949),#6355,.F.);
#6585=ADVANCED_FACE('',(#5950),#6356,.F.);
#6586=ADVANCED_FACE('',(#5951),#6357,.T.);
#6587=ADVANCED_FACE('',(#5952),#6358,.F.);
#6588=ADVANCED_FACE('',(#5953),#6359,.T.);
#6589=ADVANCED_FACE('',(#5954),#6360,.F.);
#6590=ADVANCED_FACE('',(#5955,#5956,#5957),#6361,.T.);
#6591=ADVANCED_FACE('',(#5958),#6362,.T.);
#6592=ADVANCED_FACE('',(#5959),#6363,.T.);
#6593=ADVANCED_FACE('',(#5960),#115,.T.);
#6594=ADVANCED_FACE('',(#5961),#6364,.F.);
#6595=ADVANCED_FACE('',(#5962),#6365,.F.);
#6596=ADVANCED_FACE('',(#5963),#6366,.T.);
#6597=ADVANCED_FACE('',(#5964),#6367,.T.);
#6598=ADVANCED_FACE('',(#5965),#6368,.F.);
#6599=ADVANCED_FACE('',(#5966),#6369,.T.);
#6600=ADVANCED_FACE('',(#5967),#6370,.T.);
#6601=ADVANCED_FACE('',(#5968),#6371,.F.);
#6602=ADVANCED_FACE('',(#5969),#6372,.T.);
#6603=ADVANCED_FACE('',(#5970,#5971),#116,.F.);
#6604=ADVANCED_FACE('',(#5972),#6373,.T.);
#6605=ADVANCED_FACE('',(#5973,#5974),#6374,.T.);
#6606=ADVANCED_FACE('',(#5975),#24,.F.);
#6607=ADVANCED_FACE('',(#5976),#25,.F.);
#6608=ADVANCED_FACE('',(#5977,#5978),#117,.F.);
#6609=ADVANCED_FACE('',(#5979),#6375,.F.);
#6610=ADVANCED_FACE('',(#5980,#5981),#6376,.T.);
#6611=ADVANCED_FACE('',(#5982),#14,.F.);
#6612=ADVANCED_FACE('',(#5983),#6377,.T.);
#6613=ADVANCED_FACE('',(#5984),#6378,.T.);
#6614=ADVANCED_FACE('',(#5985),#6379,.T.);
#6615=ADVANCED_FACE('',(#5986),#118,.T.);
#6616=ADVANCED_FACE('',(#5987),#26,.F.);
#6617=ADVANCED_FACE('',(#5988,#5989),#119,.F.);
#6618=ADVANCED_FACE('',(#5990),#6380,.T.);
#6619=ADVANCED_FACE('',(#5991),#120,.F.);
#6620=ADVANCED_FACE('',(#5992),#121,.T.);
#6621=ADVANCED_FACE('',(#5993),#122,.F.);
#6622=ADVANCED_FACE('',(#5994),#6381,.F.);
#6623=ADVANCED_FACE('',(#5995),#123,.F.);
#6624=ADVANCED_FACE('',(#5996),#6382,.T.);
#6625=ADVANCED_FACE('',(#5997),#6383,.T.);
#6626=ADVANCED_FACE('',(#5998),#124,.F.);
#6627=ADVANCED_FACE('',(#5999,#6000),#6384,.T.);
#6628=ADVANCED_FACE('',(#6001),#125,.T.);
#6629=ADVANCED_FACE('',(#6002),#126,.F.);
#6630=ADVANCED_FACE('',(#6003),#6385,.T.);
#6631=ADVANCED_FACE('',(#6004),#6386,.F.);
#6632=ADVANCED_FACE('',(#6005,#6006),#127,.F.);
#6633=ADVANCED_FACE('',(#6007),#6387,.T.);
#6634=ADVANCED_FACE('',(#6008,#6009),#128,.F.);
#6635=ADVANCED_FACE('',(#6010,#6011),#129,.F.);
#6636=ADVANCED_FACE('',(#6012,#6013),#6388,.T.);
#6637=ADVANCED_FACE('',(#6014),#15,.F.);
#6638=ADVANCED_FACE('',(#6015),#6389,.T.);
#6639=ADVANCED_FACE('',(#6016),#27,.T.);
#6640=ADVANCED_FACE('',(#6017,#6018),#130,.F.);
#6641=ADVANCED_FACE('',(#6019),#28,.T.);
#6642=ADVANCED_FACE('',(#6020),#29,.T.);
#6643=ADVANCED_FACE('',(#6021),#131,.F.);
#6644=ADVANCED_FACE('',(#6022),#6390,.T.);
#6645=ADVANCED_FACE('',(#6023),#6391,.T.);
#6646=ADVANCED_FACE('',(#6024),#6392,.F.);
#6647=ADVANCED_FACE('',(#6025),#6393,.T.);
#6648=ADVANCED_FACE('',(#6026),#6394,.T.);
#6649=ADVANCED_FACE('',(#6027),#132,.F.);
#6650=ADVANCED_FACE('',(#6028),#6395,.T.);
#6651=ADVANCED_FACE('',(#6029,#6030),#133,.F.);
#6652=ADVANCED_FACE('',(#6031),#134,.F.);
#6653=ADVANCED_FACE('',(#6032),#6396,.F.);
#6654=ADVANCED_FACE('',(#6033),#135,.T.);
#6655=ADVANCED_FACE('',(#6034),#6397,.F.);
#6656=ADVANCED_FACE('',(#6035),#136,.F.);
#6657=ADVANCED_FACE('',(#6036),#137,.T.);
#6658=ADVANCED_FACE('',(#6037,#6038),#6398,.T.);
#6659=ADVANCED_FACE('',(#6039),#6399,.T.);
#6660=ADVANCED_FACE('',(#6040),#138,.T.);
#6661=ADVANCED_FACE('',(#6041),#6400,.T.);
#6662=ADVANCED_FACE('',(#6042),#139,.F.);
#6663=ADVANCED_FACE('',(#6043),#6401,.T.);
#6664=ADVANCED_FACE('',(#6044),#6402,.T.);
#6665=ADVANCED_FACE('',(#6045,#6046,#6047),#6403,.F.);
#6666=ADVANCED_FACE('',(#6048),#6404,.F.);
#6667=ADVANCED_FACE('',(#6049),#6405,.T.);
#6668=ADVANCED_FACE('',(#6050),#6406,.T.);
#6669=ADVANCED_FACE('',(#6051),#6407,.T.);
#6670=ADVANCED_FACE('',(#6052),#6408,.F.);
#6671=ADVANCED_FACE('',(#6053),#6409,.T.);
#6672=ADVANCED_FACE('',(#6054),#6410,.F.);
#6673=ADVANCED_FACE('',(#6055),#6411,.T.);
#6674=ADVANCED_FACE('',(#6056),#6412,.F.);
#6675=ADVANCED_FACE('',(#6057),#6413,.T.);
#6676=ADVANCED_FACE('',(#6058),#6414,.T.);
#6677=ADVANCED_FACE('',(#6059),#6415,.F.);
#6678=ADVANCED_FACE('',(#6060),#6416,.F.);
#6679=ADVANCED_FACE('',(#6061),#140,.F.);
#6680=ADVANCED_FACE('',(#6062),#141,.F.);
#6681=ADVANCED_FACE('',(#6063),#142,.F.);
#6682=ADVANCED_FACE('',(#6064),#143,.T.);
#6683=ADVANCED_FACE('',(#6065),#144,.T.);
#6684=ADVANCED_FACE('',(#6066),#145,.F.);
#6685=ADVANCED_FACE('',(#6067),#146,.T.);
#6686=ADVANCED_FACE('',(#6068),#6417,.T.);
#6687=ADVANCED_FACE('',(#6069),#147,.T.);
#6688=ADVANCED_FACE('',(#6070),#6418,.T.);
#6689=ADVANCED_FACE('',(#6071),#148,.T.);
#6690=ADVANCED_FACE('',(#6072),#6419,.T.);
#6691=ADVANCED_FACE('',(#6073),#6420,.T.);
#6692=ADVANCED_FACE('',(#6074),#6421,.F.);
#6693=ADVANCED_FACE('',(#6075),#149,.F.);
#6694=ADVANCED_FACE('',(#6076),#6422,.F.);
#6695=ADVANCED_FACE('',(#6077),#150,.F.);
#6696=ADVANCED_FACE('',(#6078),#151,.F.);
#6697=ADVANCED_FACE('',(#6079),#6423,.F.);
#6698=ADVANCED_FACE('',(#6080),#152,.F.);
#6699=ADVANCED_FACE('',(#6081),#153,.F.);
#6700=ADVANCED_FACE('',(#6082),#6424,.F.);
#6701=ADVANCED_FACE('',(#6083),#154,.F.);
#6702=ADVANCED_FACE('',(#6084),#6425,.F.);
#6703=ADVANCED_FACE('',(#6085),#6426,.F.);
#6704=ADVANCED_FACE('',(#6086),#6427,.F.);
#6705=ADVANCED_FACE('',(#6087),#6428,.T.);
#6706=ADVANCED_FACE('',(#6088),#155,.F.);
#6707=ADVANCED_FACE('',(#6089,#6090),#6429,.T.);
#6708=ADVANCED_FACE('',(#6091),#6430,.T.);
#6709=ADVANCED_FACE('',(#6092),#6431,.T.);
#6710=ADVANCED_FACE('',(#6093,#6094),#6432,.F.);
#6711=ADVANCED_FACE('',(#6095,#6096,#6097,#6098),#6433,.T.);
#6712=ADVANCED_FACE('',(#6099),#156,.F.);
#6713=ADVANCED_FACE('',(#6100),#6434,.F.);
#6714=ADVANCED_FACE('',(#6101),#6435,.T.);
#6715=ADVANCED_FACE('',(#6102),#157,.F.);
#6716=ADVANCED_FACE('',(#6103),#158,.F.);
#6717=ADVANCED_FACE('',(#6104,#6105,#6106,#6107),#6436,.F.);
#6718=ADVANCED_FACE('',(#6108),#159,.T.);
#6719=ADVANCED_FACE('',(#6109),#160,.F.);
#6720=ADVANCED_FACE('',(#6110),#161,.F.);
#6721=ADVANCED_FACE('',(#6111),#6437,.F.);
#6722=ADVANCED_FACE('',(#6112),#6438,.T.);
#6723=ADVANCED_FACE('',(#6113),#6439,.T.);
#6724=ADVANCED_FACE('',(#6114),#162,.T.);
#6725=ADVANCED_FACE('',(#6115),#163,.T.);
#6726=ADVANCED_FACE('',(#6116),#164,.F.);
#6727=ADVANCED_FACE('',(#6117),#165,.F.);
#6728=ADVANCED_FACE('',(#6118),#166,.F.);
#6729=ADVANCED_FACE('',(#6119),#167,.F.);
#6730=ADVANCED_FACE('',(#6120),#6440,.F.);
#6731=ADVANCED_FACE('',(#6121),#168,.F.);
#6732=ADVANCED_FACE('',(#6122),#6441,.F.);
#6733=ADVANCED_FACE('',(#6123),#6442,.F.);
#6734=ADVANCED_FACE('',(#6124),#6443,.F.);
#6735=ADVANCED_FACE('',(#6125),#6444,.F.);
#6736=ADVANCED_FACE('',(#6126),#6445,.T.);
#6737=ADVANCED_FACE('',(#6127),#6446,.F.);
#6738=ADVANCED_FACE('',(#6128),#6447,.F.);
#6739=ADVANCED_FACE('',(#6129),#6448,.F.);
#6740=ADVANCED_FACE('',(#6130),#6449,.F.);
#6741=ADVANCED_FACE('',(#6131),#169,.T.);
#6742=ADVANCED_FACE('',(#6132),#6450,.T.);
#6743=ADVANCED_FACE('',(#6133),#6451,.T.);
#6744=ADVANCED_FACE('',(#6134,#6135),#6452,.T.);
#6745=ADVANCED_FACE('',(#6136),#6453,.F.);
#6746=ADVANCED_FACE('',(#6137,#6138),#6454,.F.);
#6747=ADVANCED_FACE('',(#6139),#6455,.F.);
#6748=ADVANCED_FACE('',(#6140),#170,.T.);
#6749=ADVANCED_FACE('',(#6141),#171,.F.);
#6750=ADVANCED_FACE('',(#6142),#172,.F.);
#6751=ADVANCED_FACE('',(#6143),#6456,.T.);
#6752=ADVANCED_FACE('',(#6144),#6457,.T.);
#6753=ADVANCED_FACE('',(#6145),#173,.T.);
#6754=ADVANCED_FACE('',(#6146),#6458,.F.);
#6755=ADVANCED_FACE('',(#6147),#6459,.F.);
#6756=ADVANCED_FACE('',(#6148),#6460,.T.);
#6757=ADVANCED_FACE('',(#6149),#6461,.T.);
#6758=ADVANCED_FACE('',(#6150),#6462,.T.);
#6759=ADVANCED_FACE('',(#6151),#6463,.T.);
#6760=ADVANCED_FACE('',(#6152),#174,.T.);
#6761=ADVANCED_FACE('',(#6153),#175,.F.);
#6762=ADVANCED_FACE('',(#6154),#176,.T.);
#6763=ADVANCED_FACE('',(#6155),#177,.F.);
#6764=ADVANCED_FACE('',(#6156),#178,.T.);
#6765=ADVANCED_FACE('',(#6157),#179,.T.);
#6766=ADVANCED_FACE('',(#6158,#6159),#180,.F.);
#6767=ADVANCED_FACE('',(#6160),#181,.T.);
#6768=ADVANCED_FACE('',(#6161,#6162),#182,.F.);
#6769=ADVANCED_FACE('',(#6163),#183,.T.);
#6770=ADVANCED_FACE('',(#6164),#184,.F.);
#6771=ADVANCED_FACE('',(#6165),#185,.F.);
#6772=ADVANCED_FACE('',(#6166),#186,.F.);
#6773=ADVANCED_FACE('',(#6167),#6464,.T.);
#6774=ADVANCED_FACE('',(#6168),#6465,.T.);
#6775=ADVANCED_FACE('',(#6169),#6466,.T.);
#6776=ADVANCED_FACE('',(#6170),#6467,.T.);
#6777=ADVANCED_FACE('',(#6171),#6468,.F.);
#6778=ADVANCED_FACE('',(#6172),#6469,.F.);
#6779=ADVANCED_FACE('',(#6173),#6470,.F.);
#6780=ADVANCED_FACE('',(#6174),#187,.F.);
#6781=ADVANCED_FACE('',(#6175),#188,.F.);
#6782=ADVANCED_FACE('',(#6176),#6471,.F.);
#6783=ADVANCED_FACE('',(#6177),#189,.F.);
#6784=ADVANCED_FACE('',(#6178),#190,.T.);
#6785=ADVANCED_FACE('',(#6179),#191,.T.);
#6786=ADVANCED_FACE('',(#6180),#192,.T.);
#6787=ADVANCED_FACE('',(#6181),#193,.T.);
#6788=ADVANCED_FACE('',(#6182),#194,.F.);
#6789=ADVANCED_FACE('',(#6183),#195,.F.);
#6790=ADVANCED_FACE('',(#6184,#6185),#6472,.T.);
#6791=ADVANCED_FACE('',(#6186),#196,.T.);
#6792=ADVANCED_FACE('',(#6187),#6473,.F.);
#6793=ADVANCED_FACE('',(#6188),#197,.T.);
#6794=ADVANCED_FACE('',(#6189),#6474,.F.);
#6795=ADVANCED_FACE('',(#6190),#6475,.F.);
#6796=ADVANCED_FACE('',(#6191,#6192),#198,.F.);
#6797=ADVANCED_FACE('',(#6193),#6476,.F.);
#6798=ADVANCED_FACE('',(#6194),#6477,.F.);
#6799=ADVANCED_FACE('',(#6195),#6478,.T.);
#6800=ADVANCED_FACE('',(#6196),#199,.F.);
#6801=ADVANCED_FACE('',(#6197),#200,.F.);
#6802=ADVANCED_FACE('',(#6198),#6479,.T.);
#6803=ADVANCED_FACE('',(#6199),#6480,.F.);
#6804=ADVANCED_FACE('',(#6200),#6481,.T.);
#6805=ADVANCED_FACE('',(#6201),#6482,.T.);
#6806=ADVANCED_FACE('',(#6202),#201,.F.);
#6807=ADVANCED_FACE('',(#6203),#6483,.F.);
#6808=ADVANCED_FACE('',(#6204),#6484,.F.);
#6809=ADVANCED_FACE('',(#6205),#6485,.F.);
#6810=ADVANCED_FACE('',(#6206,#6207,#6208,#6209),#6486,.F.);
#6811=ADVANCED_FACE('',(#6210),#6487,.T.);
#6812=ADVANCED_FACE('',(#6211),#6488,.F.);
#6813=ADVANCED_FACE('',(#6212),#6489,.F.);
#6814=ADVANCED_FACE('',(#6213),#202,.T.);
#6815=ADVANCED_FACE('',(#6214),#203,.T.);
#6816=ADVANCED_FACE('',(#6215),#204,.T.);
#6817=ADVANCED_FACE('',(#6216),#12,.T.);
#6818=ADVANCED_FACE('',(#6217),#205,.T.);
#6819=ADVANCED_FACE('',(#6218),#206,.T.);
#6820=ADVANCED_FACE('',(#6219),#13,.T.);
#6821=ADVANCED_FACE('',(#6220),#207,.T.);
#6822=ADVANCED_FACE('',(#6221),#6490,.T.);
#6823=ADVANCED_FACE('',(#6222),#6491,.T.);
#6824=ADVANCED_FACE('',(#6223),#6492,.F.);
#6825=ADVANCED_FACE('',(#6224),#6493,.F.);
#6826=ADVANCED_FACE('',(#6225),#6494,.T.);
#6827=ADVANCED_FACE('',(#6226),#6495,.F.);
#6828=ADVANCED_FACE('',(#6227),#6496,.T.);
#6829=ADVANCED_FACE('',(#6228),#6497,.T.);
#6830=ADVANCED_FACE('',(#6229),#6498,.F.);
#6831=ADVANCED_FACE('',(#6230),#6499,.T.);
#6832=ADVANCED_FACE('',(#6231,#6232),#208,.F.);
#6833=ADVANCED_FACE('',(#6233),#6500,.T.);
#6834=ADVANCED_FACE('',(#6234,#6235),#209,.F.);
#6835=ADVANCED_FACE('',(#6236),#6501,.T.);
#6836=ADVANCED_FACE('',(#6237,#6238),#210,.F.);
#6837=ADVANCED_FACE('',(#6239),#6502,.F.);
#6838=ADVANCED_FACE('',(#6240,#6241),#211,.F.);
#6839=ADVANCED_FACE('',(#6242),#6503,.F.);
#6840=ADVANCED_FACE('',(#6243,#6244),#212,.F.);
#6841=ADVANCED_FACE('',(#6245),#6504,.T.);
#6842=ADVANCED_FACE('',(#6246),#6505,.F.);
#6843=ADVANCED_FACE('',(#6247),#6506,.F.);
#6844=ADVANCED_FACE('',(#6248),#6507,.T.);
#6845=ADVANCED_FACE('',(#6249),#213,.F.);
#6846=ADVANCED_FACE('',(#6250),#214,.F.);
#6847=ADVANCED_FACE('',(#6251),#6508,.T.);
#6848=ADVANCED_FACE('',(#6252),#6509,.F.);
#6849=ADVANCED_FACE('',(#6253),#6510,.T.);
#6850=ADVANCED_FACE('',(#6254),#215,.T.);
#6851=ADVANCED_FACE('',(#6255),#6511,.F.);
#6852=ADVANCED_FACE('',(#6256),#6512,.F.);
#6853=ADVANCED_FACE('',(#6257),#216,.F.);
#6854=ADVANCED_FACE('',(#6258),#217,.F.);
#6855=ADVANCED_FACE('',(#6259),#6513,.T.);
#6856=ADVANCED_FACE('',(#6260),#6514,.F.);
#6857=ADVANCED_FACE('',(#6261),#218,.T.);
#6858=ADVANCED_FACE('',(#6262),#6515,.T.);
#6859=ADVANCED_FACE('',(#6263),#6516,.F.);
#6860=ADVANCED_FACE('',(#6264,#6265,#6266,#6267),#6517,.T.);
#6861=ADVANCED_FACE('',(#6268),#6518,.T.);
#6862=ADVANCED_FACE('',(#6269),#219,.T.);
#6863=ADVANCED_FACE('',(#6270),#220,.T.);
#6864=ADVANCED_FACE('',(#6271),#6519,.F.);
#6865=ADVANCED_FACE('',(#6272),#6520,.F.);
#6866=ADVANCED_FACE('',(#6273),#6521,.F.);
#6867=ADVANCED_FACE('',(#6274),#6522,.T.);
#6868=ADVANCED_FACE('',(#6275),#221,.T.);
#6869=ADVANCED_FACE('',(#6276),#222,.T.);
#6870=ADVANCED_FACE('',(#6277,#6278),#223,.F.);
#6871=ADVANCED_FACE('',(#6279,#6280),#224,.F.);
#6872=ADVANCED_FACE('',(#6281,#6282),#225,.F.);
#6873=ADVANCED_FACE('',(#6283,#6284),#226,.F.);
#6874=ADVANCED_FACE('',(#6285,#6286),#227,.F.);
#6875=ADVANCED_FACE('',(#6287,#6288),#228,.F.);
#6876=ADVANCED_FACE('',(#6289),#6523,.T.);
#6877=ADVANCED_FACE('',(#6290),#16,.F.);
#6878=ADVANCED_FACE('',(#6291),#6524,.F.);
#6879=ADVANCED_FACE('',(#6292),#17,.F.);
#6880=ADVANCED_FACE('',(#6293),#18,.T.);
#6881=ADVANCED_FACE('',(#6294),#19,.F.);
#6882=ADVANCED_FACE('',(#6295),#6525,.F.);
#6883=ADVANCED_FACE('',(#6296),#6526,.T.);
#6884=ADVANCED_FACE('',(#6297),#20,.F.);
#6885=ADVANCED_FACE('',(#6298),#6527,.F.);
#6886=ADVANCED_FACE('',(#6299),#21,.F.);
#6887=ADVANCED_FACE('',(#6300),#22,.T.);
#6888=ADVANCED_FACE('',(#6301),#23,.F.);
#6889=ADVANCED_FACE('',(#6302),#6528,.T.);
#6890=ADVANCED_FACE('',(#6303),#6529,.F.);
#6891=ADVANCED_FACE('',(#6304),#6530,.T.);
#6892=ADVANCED_FACE('',(#6305),#6531,.F.);
#6893=ADVANCED_FACE('',(#6306),#6532,.F.);
#6894=ADVANCED_FACE('',(#6307,#6308),#229,.F.);
#6895=ADVANCED_FACE('',(#6309,#6310),#230,.F.);
#6896=CLOSED_SHELL('',(#6533,#6534,#6535,#6536,#6537,#6538,#6539,#6540,
#6541,#6542,#6543,#6544,#6545,#6546,#6547,#6548,#6549,#6550,#6551,#6552,
#6553,#6554,#6555,#6556,#6557,#6558,#6559,#6560,#6561,#6562,#6563,#6564,
#6565,#6566,#6567,#6568,#6569,#6570,#6571,#6572,#6573,#6574,#6575,#6576,
#6577,#6578,#6579,#6580,#6581,#6582,#6583,#6584,#6585,#6586,#6587,#6588,
#6589,#6590,#6591,#6592,#6593,#6594,#6595,#6596,#6597,#6598,#6599,#6600,
#6601,#6602,#6603,#6604,#6605,#6606,#6607,#6608,#6609,#6610,#6611,#6612,
#6613,#6614,#6615,#6616,#6617,#6618,#6619,#6620,#6621,#6622,#6623,#6624,
#6625,#6626,#6627,#6628,#6629,#6630,#6631,#6632,#6633,#6634,#6635,#6636,
#6637,#6638,#6639,#6640,#6641,#6642,#6643,#6644,#6645,#6646,#6647,#6648,
#6649,#6650,#6651,#6652,#6653,#6654,#6655,#6656,#6657,#6658,#6659,#6660,
#6661,#6662,#6663,#6664,#6665,#6666,#6667,#6668,#6669,#6670,#6671,#6672,
#6673,#6674,#6675,#6676,#6677,#6678,#6679,#6680,#6681,#6682,#6683,#6684,
#6685,#6686,#6687,#6688,#6689,#6690,#6691,#6692,#6693,#6694,#6695,#6696,
#6697,#6698,#6699,#6700,#6701,#6702,#6703,#6704,#6705,#6706,#6707,#6708,
#6709,#6710,#6711,#6712,#6713,#6714,#6715,#6716,#6717,#6718,#6719,#6720,
#6721,#6722,#6723,#6724,#6725,#6726,#6727,#6728,#6729,#6730,#6731,#6732,
#6733,#6734,#6735,#6736,#6737,#6738,#6739,#6740,#6741,#6742,#6743,#6744,
#6745,#6746,#6747,#6748,#6749,#6750,#6751,#6752,#6753,#6754,#6755,#6756,
#6757,#6758,#6759,#6760,#6761,#6762,#6763,#6764,#6765,#6766,#6767,#6768,
#6769,#6770,#6771,#6772,#6773,#6774,#6775,#6776,#6777,#6778,#6779,#6780,
#6781,#6782,#6783,#6784,#6785,#6786,#6787,#6788,#6789,#6790,#6791,#6792,
#6793,#6794,#6795,#6796,#6797,#6798,#6799,#6800,#6801,#6802,#6803,#6804,
#6805,#6806,#6807,#6808,#6809,#6810,#6811,#6812,#6813,#6814,#6815,#6816,
#6817,#6818,#6819,#6820,#6821,#6822,#6823,#6824,#6825,#6826,#6827,#6828,
#6829,#6830,#6831,#6832,#6833,#6834,#6835,#6836,#6837,#6838,#6839,#6840,
#6841,#6842,#6843,#6844,#6845,#6846,#6847,#6848,#6849,#6850,#6851,#6852,
#6853,#6854,#6855,#6856,#6857,#6858,#6859,#6860,#6861,#6862,#6863,#6864,
#6865,#6866,#6867,#6868,#6869,#6870,#6871,#6872,#6873,#6874,#6875,#6876,
#6877,#6878,#6879,#6880,#6881,#6882,#6883,#6884,#6885,#6886,#6887,#6888,
#6889,#6890,#6891,#6892,#6893,#6894,#6895));
#6897=STYLED_ITEM('',(#6898),#6905);
#6898=PRESENTATION_STYLE_ASSIGNMENT((#6899));
#6899=SURFACE_STYLE_USAGE(.BOTH.,#6900);
#6900=SURFACE_SIDE_STYLE('',(#6901));
#6901=SURFACE_STYLE_FILL_AREA(#6902);
#6902=FILL_AREA_STYLE('',(#6903));
#6903=FILL_AREA_STYLE_COLOUR('',#6904);
#6904=COLOUR_RGB('',0.647058823529412,0.647058823529412,0.647058823529412);
#6905=MANIFOLD_SOLID_BREP('Chassis',#6896);
#6906=SHAPE_DEFINITION_REPRESENTATION(#11742,#6907);
#6907=SHAPE_REPRESENTATION('Chassis',(#6908),#11737);
#6908=AXIS2_PLACEMENT_3D('',#9414,#7512,#7513);
#6909=AXIS2_PLACEMENT_3D('',#9415,#7514,#7515);
#6910=AXIS2_PLACEMENT_3D('',#9424,#7520,#7521);
#6911=AXIS2_PLACEMENT_3D('',#9433,#7526,#7527);
#6912=AXIS2_PLACEMENT_3D('',#9436,#7530,#7531);
#6913=AXIS2_PLACEMENT_3D('',#9463,#7546,#7547);
#6914=AXIS2_PLACEMENT_3D('',#9464,#7548,#7549);
#6915=AXIS2_PLACEMENT_3D('',#9472,#7553,#7554);
#6916=AXIS2_PLACEMENT_3D('',#9477,#7557,#7558);
#6917=AXIS2_PLACEMENT_3D('',#9478,#7559,#7560);
#6918=AXIS2_PLACEMENT_3D('',#9484,#7564,#7565);
#6919=AXIS2_PLACEMENT_3D('',#9493,#7570,#7571);
#6920=AXIS2_PLACEMENT_3D('',#9523,#7587,#7588);
#6921=AXIS2_PLACEMENT_3D('',#9531,#7592,#7593);
#6922=AXIS2_PLACEMENT_3D('',#9532,#7594,#7595);
#6923=AXIS2_PLACEMENT_3D('',#9562,#7611,#7612);
#6924=AXIS2_PLACEMENT_3D('',#9567,#7615,#7616);
#6925=AXIS2_PLACEMENT_3D('',#9568,#7617,#7618);
#6926=AXIS2_PLACEMENT_3D('',#9574,#7621,#7622);
#6927=AXIS2_PLACEMENT_3D('',#9576,#7623,#7624);
#6928=AXIS2_PLACEMENT_3D('',#9578,#7625,#7626);
#6929=AXIS2_PLACEMENT_3D('',#9582,#7628,#7629);
#6930=AXIS2_PLACEMENT_3D('',#9600,#7638,#7639);
#6931=AXIS2_PLACEMENT_3D('',#9604,#7641,#7642);
#6932=AXIS2_PLACEMENT_3D('',#9608,#7644,#7645);
#6933=AXIS2_PLACEMENT_3D('',#9612,#7647,#7648);
#6934=AXIS2_PLACEMENT_3D('',#9616,#7650,#7651);
#6935=AXIS2_PLACEMENT_3D('',#9636,#7661,#7662);
#6936=AXIS2_PLACEMENT_3D('',#9640,#7664,#7665);
#6937=AXIS2_PLACEMENT_3D('',#9642,#7666,#7667);
#6938=AXIS2_PLACEMENT_3D('',#9644,#7668,#7669);
#6939=AXIS2_PLACEMENT_3D('',#9652,#7673,#7674);
#6940=AXIS2_PLACEMENT_3D('',#9656,#7676,#7677);
#6941=AXIS2_PLACEMENT_3D('',#9660,#7679,#7680);
#6942=AXIS2_PLACEMENT_3D('',#9668,#7685,#7686);
#6943=AXIS2_PLACEMENT_3D('',#9672,#7688,#7689);
#6944=AXIS2_PLACEMENT_3D('',#9676,#7691,#7692);
#6945=AXIS2_PLACEMENT_3D('',#9678,#7693,#7694);
#6946=AXIS2_PLACEMENT_3D('',#9680,#7695,#7696);
#6947=AXIS2_PLACEMENT_3D('',#9682,#7697,#7698);
#6948=AXIS2_PLACEMENT_3D('',#9686,#7700,#7701);
#6949=AXIS2_PLACEMENT_3D('',#9688,#7702,#7703);
#6950=AXIS2_PLACEMENT_3D('',#9690,#7704,#7705);
#6951=AXIS2_PLACEMENT_3D('',#9692,#7706,#7707);
#6952=AXIS2_PLACEMENT_3D('',#9696,#7709,#7710);
#6953=AXIS2_PLACEMENT_3D('',#9700,#7712,#7713);
#6954=AXIS2_PLACEMENT_3D('',#9713,#7720,#7721);
#6955=AXIS2_PLACEMENT_3D('',#9717,#7723,#7724);
#6956=AXIS2_PLACEMENT_3D('',#9721,#7726,#7727);
#6957=AXIS2_PLACEMENT_3D('',#9724,#7729,#7730);
#6958=AXIS2_PLACEMENT_3D('',#9727,#7731,#7732);
#6959=AXIS2_PLACEMENT_3D('',#9731,#7734,#7735);
#6960=AXIS2_PLACEMENT_3D('',#9735,#7737,#7738);
#6961=AXIS2_PLACEMENT_3D('',#9739,#7740,#7741);
#6962=AXIS2_PLACEMENT_3D('',#9741,#7742,#7743);
#6963=AXIS2_PLACEMENT_3D('',#9743,#7744,#7745);
#6964=AXIS2_PLACEMENT_3D('',#9746,#7747,#7748);
#6965=AXIS2_PLACEMENT_3D('',#9752,#7751,#7752);
#6966=AXIS2_PLACEMENT_3D('',#9757,#7755,#7756);
#6967=AXIS2_PLACEMENT_3D('',#9765,#7761,#7762);
#6968=AXIS2_PLACEMENT_3D('',#9773,#7767,#7768);
#6969=AXIS2_PLACEMENT_3D('',#9781,#7773,#7774);
#6970=AXIS2_PLACEMENT_3D('',#9806,#7790,#7791);
#6971=AXIS2_PLACEMENT_3D('',#9808,#7793,#7794);
#6972=AXIS2_PLACEMENT_3D('',#9812,#7797,#7798);
#6973=AXIS2_PLACEMENT_3D('',#9813,#7799,#7800);
#6974=AXIS2_PLACEMENT_3D('',#9818,#7803,#7804);
#6975=AXIS2_PLACEMENT_3D('',#9823,#7807,#7808);
#6976=AXIS2_PLACEMENT_3D('',#9824,#7809,#7810);
#6977=AXIS2_PLACEMENT_3D('',#9825,#7811,#7812);
#6978=AXIS2_PLACEMENT_3D('',#9830,#7815,#7816);
#6979=AXIS2_PLACEMENT_3D('',#9831,#7817,#7818);
#6980=AXIS2_PLACEMENT_3D('',#9838,#7821,#7822);
#6981=AXIS2_PLACEMENT_3D('',#9843,#7825,#7826);
#6982=AXIS2_PLACEMENT_3D('',#9853,#7831,#7832);
#6983=AXIS2_PLACEMENT_3D('',#9860,#7835,#7836);
#6984=AXIS2_PLACEMENT_3D('',#9866,#7839,#7840);
#6985=AXIS2_PLACEMENT_3D('',#9867,#7841,#7842);
#6986=AXIS2_PLACEMENT_3D('',#9868,#7843,#7844);
#6987=AXIS2_PLACEMENT_3D('',#9875,#7847,#7848);
#6988=AXIS2_PLACEMENT_3D('',#9880,#7851,#7852);
#6989=AXIS2_PLACEMENT_3D('',#9885,#7854,#7855);
#6990=AXIS2_PLACEMENT_3D('',#9889,#7857,#7858);
#6991=AXIS2_PLACEMENT_3D('',#9893,#7860,#7861);
#6992=AXIS2_PLACEMENT_3D('',#9897,#7863,#7864);
#6993=AXIS2_PLACEMENT_3D('',#9898,#7865,#7866);
#6994=AXIS2_PLACEMENT_3D('',#9900,#7867,#7868);
#6995=AXIS2_PLACEMENT_3D('',#9907,#7871,#7872);
#6996=AXIS2_PLACEMENT_3D('',#9912,#7875,#7876);
#6997=AXIS2_PLACEMENT_3D('',#9913,#7877,#7878);
#6998=AXIS2_PLACEMENT_3D('',#9915,#7879,#7880);
#6999=AXIS2_PLACEMENT_3D('',#9920,#7882,#7883);
#7000=AXIS2_PLACEMENT_3D('',#9926,#7886,#7887);
#7001=AXIS2_PLACEMENT_3D('',#9936,#7892,#7893);
#7002=AXIS2_PLACEMENT_3D('',#9938,#7894,#7895);
#7003=AXIS2_PLACEMENT_3D('',#9940,#7896,#7897);
#7004=AXIS2_PLACEMENT_3D('',#9947,#7901,#7902);
#7005=AXIS2_PLACEMENT_3D('',#9957,#7905,#7906);
#7006=AXIS2_PLACEMENT_3D('',#9960,#7908,#7909);
#7007=AXIS2_PLACEMENT_3D('',#9966,#7912,#7913);
#7008=AXIS2_PLACEMENT_3D('',#9970,#7916,#7917);
#7009=AXIS2_PLACEMENT_3D('',#9980,#7921,#7922);
#7010=AXIS2_PLACEMENT_3D('',#9985,#7925,#7926);
#7011=AXIS2_PLACEMENT_3D('',#9989,#7928,#7929);
#7012=AXIS2_PLACEMENT_3D('',#9993,#7931,#7932);
#7013=AXIS2_PLACEMENT_3D('',#9995,#7933,#7934);
#7014=AXIS2_PLACEMENT_3D('',#9997,#7935,#7936);
#7015=AXIS2_PLACEMENT_3D('',#9999,#7937,#7938);
#7016=AXIS2_PLACEMENT_3D('',#10003,#7940,#7941);
#7017=AXIS2_PLACEMENT_3D('',#10005,#7942,#7943);
#7018=AXIS2_PLACEMENT_3D('',#10007,#7944,#7945);
#7019=AXIS2_PLACEMENT_3D('',#10009,#7946,#7947);
#7020=AXIS2_PLACEMENT_3D('',#10013,#7949,#7950);
#7021=AXIS2_PLACEMENT_3D('',#10017,#7952,#7953);
#7022=AXIS2_PLACEMENT_3D('',#10021,#7955,#7956);
#7023=AXIS2_PLACEMENT_3D('',#10029,#7960,#7961);
#7024=AXIS2_PLACEMENT_3D('',#10033,#7963,#7964);
#7025=AXIS2_PLACEMENT_3D('',#10038,#7967,#7968);
#7026=AXIS2_PLACEMENT_3D('',#10042,#7970,#7971);
#7027=AXIS2_PLACEMENT_3D('',#10047,#7974,#7975);
#7028=AXIS2_PLACEMENT_3D('',#10049,#7976,#7977);
#7029=AXIS2_PLACEMENT_3D('',#10051,#7978,#7979);
#7030=AXIS2_PLACEMENT_3D('',#10059,#7984,#7985);
#7031=AXIS2_PLACEMENT_3D('',#10063,#7987,#7988);
#7032=AXIS2_PLACEMENT_3D('',#10067,#7990,#7991);
#7033=AXIS2_PLACEMENT_3D('',#10075,#7993,#7994);
#7034=AXIS2_PLACEMENT_3D('',#10076,#7995,#7996);
#7035=AXIS2_PLACEMENT_3D('',#10088,#8000,#8001);
#7036=AXIS2_PLACEMENT_3D('',#10092,#8004,#8005);
#7037=AXIS2_PLACEMENT_3D('',#10094,#8007,#8008);
#7038=AXIS2_PLACEMENT_3D('',#10103,#8013,#8014);
#7039=AXIS2_PLACEMENT_3D('',#10109,#8018,#8019);
#7040=AXIS2_PLACEMENT_3D('',#10113,#8022,#8023);
#7041=AXIS2_PLACEMENT_3D('',#10115,#8025,#8026);
#7042=AXIS2_PLACEMENT_3D('',#10119,#8029,#8030);
#7043=AXIS2_PLACEMENT_3D('',#10120,#8031,#8032);
#7044=AXIS2_PLACEMENT_3D('',#10125,#8034,#8035);
#7045=AXIS2_PLACEMENT_3D('',#10128,#8037,#8038);
#7046=AXIS2_PLACEMENT_3D('',#10131,#8041,#8042);
#7047=AXIS2_PLACEMENT_3D('',#10135,#8045,#8046);
#7048=AXIS2_PLACEMENT_3D('',#10137,#8048,#8049);
#7049=AXIS2_PLACEMENT_3D('',#10143,#8053,#8054);
#7050=AXIS2_PLACEMENT_3D('',#10149,#8058,#8059);
#7051=AXIS2_PLACEMENT_3D('',#10155,#8063,#8064);
#7052=AXIS2_PLACEMENT_3D('',#10161,#8068,#8069);
#7053=AXIS2_PLACEMENT_3D('',#10165,#8072,#8073);
#7054=AXIS2_PLACEMENT_3D('',#10167,#8075,#8076);
#7055=AXIS2_PLACEMENT_3D('',#10206,#8096,#8097);
#7056=AXIS2_PLACEMENT_3D('',#10210,#8099,#8100);
#7057=AXIS2_PLACEMENT_3D('',#10214,#8102,#8103);
#7058=AXIS2_PLACEMENT_3D('',#10222,#8107,#8108);
#7059=AXIS2_PLACEMENT_3D('',#10226,#8110,#8111);
#7060=AXIS2_PLACEMENT_3D('',#10234,#8115,#8116);
#7061=AXIS2_PLACEMENT_3D('',#10238,#8118,#8119);
#7062=AXIS2_PLACEMENT_3D('',#10246,#8123,#8124);
#7063=AXIS2_PLACEMENT_3D('',#10250,#8126,#8127);
#7064=AXIS2_PLACEMENT_3D('',#10254,#8129,#8130);
#7065=AXIS2_PLACEMENT_3D('',#10266,#8137,#8138);
#7066=AXIS2_PLACEMENT_3D('',#10277,#8142,#8143);
#7067=AXIS2_PLACEMENT_3D('',#10282,#8147,#8148);
#7068=AXIS2_PLACEMENT_3D('',#10294,#8155,#8156);
#7069=AXIS2_PLACEMENT_3D('',#10298,#8159,#8160);
#7070=AXIS2_PLACEMENT_3D('',#10300,#8162,#8163);
#7071=AXIS2_PLACEMENT_3D('',#10302,#8165,#8166);
#7072=AXIS2_PLACEMENT_3D('',#10303,#8167,#8168);
#7073=AXIS2_PLACEMENT_3D('',#10305,#8169,#8170);
#7074=AXIS2_PLACEMENT_3D('',#10313,#8174,#8175);
#7075=AXIS2_PLACEMENT_3D('',#10315,#8176,#8177);
#7076=AXIS2_PLACEMENT_3D('',#10321,#8180,#8181);
#7077=AXIS2_PLACEMENT_3D('',#10323,#8182,#8183);
#7078=AXIS2_PLACEMENT_3D('',#10328,#8186,#8187);
#7079=AXIS2_PLACEMENT_3D('',#10332,#8189,#8190);
#7080=AXIS2_PLACEMENT_3D('',#10336,#8193,#8194);
#7081=AXIS2_PLACEMENT_3D('',#10339,#8196,#8197);
#7082=AXIS2_PLACEMENT_3D('',#10343,#8199,#8200);
#7083=AXIS2_PLACEMENT_3D('',#10350,#8204,#8205);
#7084=AXIS2_PLACEMENT_3D('',#10351,#8206,#8207);
#7085=AXIS2_PLACEMENT_3D('',#10354,#8209,#8210);
#7086=AXIS2_PLACEMENT_3D('',#10361,#8215,#8216);
#7087=AXIS2_PLACEMENT_3D('',#10363,#8218,#8219);
#7088=AXIS2_PLACEMENT_3D('',#10366,#8221,#8222);
#7089=AXIS2_PLACEMENT_3D('',#10379,#8229,#8230);
#7090=AXIS2_PLACEMENT_3D('',#10383,#8234,#8235);
#7091=AXIS2_PLACEMENT_3D('',#10387,#8238,#8239);
#7092=AXIS2_PLACEMENT_3D('',#10388,#8240,#8241);
#7093=AXIS2_PLACEMENT_3D('',#10399,#8248,#8249);
#7094=AXIS2_PLACEMENT_3D('',#10400,#8250,#8251);
#7095=AXIS2_PLACEMENT_3D('',#10401,#8252,#8253);
#7096=AXIS2_PLACEMENT_3D('',#10403,#8254,#8255);
#7097=AXIS2_PLACEMENT_3D('',#10404,#8256,#8257);
#7098=AXIS2_PLACEMENT_3D('',#10406,#8258,#8259);
#7099=AXIS2_PLACEMENT_3D('',#10413,#8263,#8264);
#7100=AXIS2_PLACEMENT_3D('',#10441,#8265,#8266);
#7101=AXIS2_PLACEMENT_3D('',#10442,#8267,#8268);
#7102=AXIS2_PLACEMENT_3D('',#10444,#8269,#8270);
#7103=AXIS2_PLACEMENT_3D('',#10506,#8271,#8272);
#7104=AXIS2_PLACEMENT_3D('',#10529,#8273,#8274);
#7105=AXIS2_PLACEMENT_3D('',#10535,#8278,#8279);
#7106=AXIS2_PLACEMENT_3D('',#10543,#8284,#8285);
#7107=AXIS2_PLACEMENT_3D('',#10545,#8286,#8287);
#7108=AXIS2_PLACEMENT_3D('',#10547,#8288,#8289);
#7109=AXIS2_PLACEMENT_3D('',#10552,#8292,#8293);
#7110=AXIS2_PLACEMENT_3D('',#10557,#8296,#8297);
#7111=AXIS2_PLACEMENT_3D('',#10564,#8298,#8299);
#7112=AXIS2_PLACEMENT_3D('',#10570,#8300,#8301);
#7113=AXIS2_PLACEMENT_3D('',#10574,#8304,#8305);
#7114=AXIS2_PLACEMENT_3D('',#10576,#8307,#8308);
#7115=AXIS2_PLACEMENT_3D('',#10579,#8310,#8311);
#7116=AXIS2_PLACEMENT_3D('',#10580,#8312,#8313);
#7117=AXIS2_PLACEMENT_3D('',#10585,#8316,#8317);
#7118=AXIS2_PLACEMENT_3D('',#10634,#8318,#8319);
#7119=AXIS2_PLACEMENT_3D('',#10635,#8320,#8321);
#7120=AXIS2_PLACEMENT_3D('',#10637,#8322,#8323);
#7121=AXIS2_PLACEMENT_3D('',#10638,#8324,#8325);
#7122=AXIS2_PLACEMENT_3D('',#10641,#8327,#8328);
#7123=AXIS2_PLACEMENT_3D('',#10644,#8330,#8331);
#7124=AXIS2_PLACEMENT_3D('',#10647,#8333,#8334);
#7125=AXIS2_PLACEMENT_3D('',#10648,#8335,#8336);
#7126=AXIS2_PLACEMENT_3D('',#10651,#8338,#8339);
#7127=AXIS2_PLACEMENT_3D('',#10652,#8340,#8341);
#7128=AXIS2_PLACEMENT_3D('',#10655,#8343,#8344);
#7129=AXIS2_PLACEMENT_3D('',#10659,#8347,#8348);
#7130=AXIS2_PLACEMENT_3D('',#10662,#8350,#8351);
#7131=AXIS2_PLACEMENT_3D('',#10663,#8352,#8353);
#7132=AXIS2_PLACEMENT_3D('',#10666,#8355,#8356);
#7133=AXIS2_PLACEMENT_3D('',#10668,#8358,#8359);
#7134=AXIS2_PLACEMENT_3D('',#10671,#8362,#8363);
#7135=AXIS2_PLACEMENT_3D('',#10673,#8365,#8366);
#7136=AXIS2_PLACEMENT_3D('',#10676,#8369,#8370);
#7137=AXIS2_PLACEMENT_3D('',#10678,#8372,#8373);
#7138=AXIS2_PLACEMENT_3D('',#10680,#8375,#8376);
#7139=AXIS2_PLACEMENT_3D('',#10683,#8379,#8380);
#7140=AXIS2_PLACEMENT_3D('',#10684,#8381,#8382);
#7141=AXIS2_PLACEMENT_3D('',#10685,#8383,#8384);
#7142=AXIS2_PLACEMENT_3D('',#10698,#8391,#8392);
#7143=AXIS2_PLACEMENT_3D('',#10701,#8394,#8395);
#7144=AXIS2_PLACEMENT_3D('',#10727,#8397,#8398);
#7145=AXIS2_PLACEMENT_3D('',#10731,#8400,#8401);
#7146=AXIS2_PLACEMENT_3D('',#10751,#8404,#8405);
#7147=AXIS2_PLACEMENT_3D('',#10752,#8406,#8407);
#7148=AXIS2_PLACEMENT_3D('',#10754,#8408,#8409);
#7149=AXIS2_PLACEMENT_3D('',#10755,#8410,#8411);
#7150=AXIS2_PLACEMENT_3D('',#10757,#8412,#8413);
#7151=AXIS2_PLACEMENT_3D('',#10763,#8414,#8415);
#7152=AXIS2_PLACEMENT_3D('',#10764,#8416,#8417);
#7153=AXIS2_PLACEMENT_3D('',#10765,#8418,#8419);
#7154=AXIS2_PLACEMENT_3D('',#10815,#8420,#8421);
#7155=AXIS2_PLACEMENT_3D('',#10816,#8422,#8423);
#7156=AXIS2_PLACEMENT_3D('',#10893,#8424,#8425);
#7157=AXIS2_PLACEMENT_3D('',#10896,#8427,#8428);
#7158=AXIS2_PLACEMENT_3D('',#10899,#8430,#8431);
#7159=AXIS2_PLACEMENT_3D('',#10904,#8435,#8436);
#7160=AXIS2_PLACEMENT_3D('',#10906,#8438,#8439);
#7161=AXIS2_PLACEMENT_3D('',#10910,#8442,#8443);
#7162=AXIS2_PLACEMENT_3D('',#10914,#8446,#8447);
#7163=AXIS2_PLACEMENT_3D('',#10918,#8450,#8451);
#7164=AXIS2_PLACEMENT_3D('',#10919,#8452,#8453);
#7165=AXIS2_PLACEMENT_3D('',#10920,#8454,#8455);
#7166=AXIS2_PLACEMENT_3D('',#10923,#8457,#8458);
#7167=AXIS2_PLACEMENT_3D('',#10924,#8459,#8460);
#7168=AXIS2_PLACEMENT_3D('',#10925,#8461,#8462);
#7169=AXIS2_PLACEMENT_3D('',#10928,#8464,#8465);
#7170=AXIS2_PLACEMENT_3D('',#10931,#8467,#8468);
#7171=AXIS2_PLACEMENT_3D('',#10935,#8471,#8472);
#7172=AXIS2_PLACEMENT_3D('',#10936,#8473,#8474);
#7173=AXIS2_PLACEMENT_3D('',#10938,#8476,#8477);
#7174=AXIS2_PLACEMENT_3D('',#10939,#8478,#8479);
#7175=AXIS2_PLACEMENT_3D('',#10945,#8483,#8484);
#7176=AXIS2_PLACEMENT_3D('',#10946,#8485,#8486);
#7177=AXIS2_PLACEMENT_3D('',#10949,#8488,#8489);
#7178=AXIS2_PLACEMENT_3D('',#10952,#8491,#8492);
#7179=AXIS2_PLACEMENT_3D('',#10953,#8493,#8494);
#7180=AXIS2_PLACEMENT_3D('',#10957,#8497,#8498);
#7181=AXIS2_PLACEMENT_3D('',#10961,#8501,#8502);
#7182=AXIS2_PLACEMENT_3D('',#10962,#8503,#8504);
#7183=AXIS2_PLACEMENT_3D('',#10965,#8506,#8507);
#7184=AXIS2_PLACEMENT_3D('',#10967,#8509,#8510);
#7185=AXIS2_PLACEMENT_3D('',#10968,#8511,#8512);
#7186=AXIS2_PLACEMENT_3D('',#10971,#8514,#8515);
#7187=AXIS2_PLACEMENT_3D('',#10975,#8518,#8519);
#7188=AXIS2_PLACEMENT_3D('',#10976,#8520,#8521);
#7189=AXIS2_PLACEMENT_3D('',#10979,#8523,#8524);
#7190=AXIS2_PLACEMENT_3D('',#10980,#8525,#8526);
#7191=AXIS2_PLACEMENT_3D('',#10982,#8527,#8528);
#7192=AXIS2_PLACEMENT_3D('',#10985,#8530,#8531);
#7193=AXIS2_PLACEMENT_3D('',#10989,#8534,#8535);
#7194=AXIS2_PLACEMENT_3D('',#10993,#8538,#8539);
#7195=AXIS2_PLACEMENT_3D('',#11001,#8543,#8544);
#7196=AXIS2_PLACEMENT_3D('',#11005,#8546,#8547);
#7197=AXIS2_PLACEMENT_3D('',#11014,#8552,#8553);
#7198=AXIS2_PLACEMENT_3D('',#11018,#8555,#8556);
#7199=AXIS2_PLACEMENT_3D('',#11027,#8561,#8562);
#7200=AXIS2_PLACEMENT_3D('',#11033,#8565,#8566);
#7201=AXIS2_PLACEMENT_3D('',#11037,#8568,#8569);
#7202=AXIS2_PLACEMENT_3D('',#11038,#8570,#8571);
#7203=AXIS2_PLACEMENT_3D('',#11041,#8574,#8575);
#7204=AXIS2_PLACEMENT_3D('',#11044,#8578,#8579);
#7205=AXIS2_PLACEMENT_3D('',#11045,#8580,#8581);
#7206=AXIS2_PLACEMENT_3D('',#11046,#8582,#8583);
#7207=AXIS2_PLACEMENT_3D('',#11051,#8586,#8587);
#7208=AXIS2_PLACEMENT_3D('',#11056,#8590,#8591);
#7209=AXIS2_PLACEMENT_3D('',#11057,#8592,#8593);
#7210=AXIS2_PLACEMENT_3D('',#11059,#8595,#8596);
#7211=AXIS2_PLACEMENT_3D('',#11061,#8598,#8599);
#7212=AXIS2_PLACEMENT_3D('',#11062,#8600,#8601);
#7213=AXIS2_PLACEMENT_3D('',#11065,#8603,#8604);
#7214=AXIS2_PLACEMENT_3D('',#11068,#8606,#8607);
#7215=AXIS2_PLACEMENT_3D('',#11069,#8608,#8609);
#7216=AXIS2_PLACEMENT_3D('',#11072,#8612,#8613);
#7217=AXIS2_PLACEMENT_3D('',#11073,#8614,#8615);
#7218=AXIS2_PLACEMENT_3D('',#11074,#8616,#8617);
#7219=AXIS2_PLACEMENT_3D('',#11077,#8619,#8620);
#7220=AXIS2_PLACEMENT_3D('',#11080,#8622,#8623);
#7221=AXIS2_PLACEMENT_3D('',#11083,#8625,#8626);
#7222=AXIS2_PLACEMENT_3D('',#11084,#8627,#8628);
#7223=AXIS2_PLACEMENT_3D('',#11087,#8630,#8631);
#7224=AXIS2_PLACEMENT_3D('',#11088,#8632,#8633);
#7225=AXIS2_PLACEMENT_3D('',#11091,#8635,#8636);
#7226=AXIS2_PLACEMENT_3D('',#11094,#8638,#8639);
#7227=AXIS2_PLACEMENT_3D('',#11095,#8640,#8641);
#7228=AXIS2_PLACEMENT_3D('',#11098,#8643,#8644);
#7229=AXIS2_PLACEMENT_3D('',#11100,#8646,#8647);
#7230=AXIS2_PLACEMENT_3D('',#11103,#8649,#8650);
#7231=AXIS2_PLACEMENT_3D('',#11106,#8652,#8653);
#7232=AXIS2_PLACEMENT_3D('',#11108,#8655,#8656);
#7233=AXIS2_PLACEMENT_3D('',#11111,#8658,#8659);
#7234=AXIS2_PLACEMENT_3D('',#11114,#8661,#8662);
#7235=AXIS2_PLACEMENT_3D('',#11116,#8664,#8665);
#7236=AXIS2_PLACEMENT_3D('',#11118,#8667,#8668);
#7237=AXIS2_PLACEMENT_3D('',#11125,#8672,#8673);
#7238=AXIS2_PLACEMENT_3D('',#11128,#8676,#8677);
#7239=AXIS2_PLACEMENT_3D('',#11130,#8679,#8680);
#7240=AXIS2_PLACEMENT_3D('',#11132,#8682,#8683);
#7241=AXIS2_PLACEMENT_3D('',#11135,#8686,#8687);
#7242=AXIS2_PLACEMENT_3D('',#11137,#8689,#8690);
#7243=AXIS2_PLACEMENT_3D('',#11139,#8692,#8693);
#7244=AXIS2_PLACEMENT_3D('',#11142,#8696,#8697);
#7245=AXIS2_PLACEMENT_3D('',#11143,#8698,#8699);
#7246=AXIS2_PLACEMENT_3D('',#11146,#8701,#8702);
#7247=AXIS2_PLACEMENT_3D('',#11149,#8705,#8706);
#7248=AXIS2_PLACEMENT_3D('',#11150,#8707,#8708);
#7249=AXIS2_PLACEMENT_3D('',#11151,#8709,#8710);
#7250=AXIS2_PLACEMENT_3D('',#11152,#8711,#8712);
#7251=AXIS2_PLACEMENT_3D('',#11155,#8714,#8715);
#7252=AXIS2_PLACEMENT_3D('',#11158,#8717,#8718);
#7253=AXIS2_PLACEMENT_3D('',#11159,#8719,#8720);
#7254=AXIS2_PLACEMENT_3D('',#11164,#8724,#8725);
#7255=AXIS2_PLACEMENT_3D('',#11177,#8727,#8728);
#7256=AXIS2_PLACEMENT_3D('',#11178,#8729,#8730);
#7257=AXIS2_PLACEMENT_3D('',#11182,#8733,#8734);
#7258=AXIS2_PLACEMENT_3D('',#11183,#8735,#8736);
#7259=AXIS2_PLACEMENT_3D('',#11185,#8738,#8739);
#7260=AXIS2_PLACEMENT_3D('',#11186,#8740,#8741);
#7261=AXIS2_PLACEMENT_3D('',#11189,#8743,#8744);
#7262=AXIS2_PLACEMENT_3D('',#11190,#8745,#8746);
#7263=AXIS2_PLACEMENT_3D('',#11192,#8747,#8748);
#7264=AXIS2_PLACEMENT_3D('',#11194,#8749,#8750);
#7265=AXIS2_PLACEMENT_3D('',#11196,#8751,#8752);
#7266=AXIS2_PLACEMENT_3D('',#11200,#8754,#8755);
#7267=AXIS2_PLACEMENT_3D('',#11203,#8757,#8758);
#7268=AXIS2_PLACEMENT_3D('',#11207,#8760,#8761);
#7269=AXIS2_PLACEMENT_3D('',#11208,#8762,#8763);
#7270=AXIS2_PLACEMENT_3D('',#11221,#8765,#8766);
#7271=AXIS2_PLACEMENT_3D('',#11224,#8768,#8769);
#7272=AXIS2_PLACEMENT_3D('',#11225,#8770,#8771);
#7273=AXIS2_PLACEMENT_3D('',#11226,#8772,#8773);
#7274=AXIS2_PLACEMENT_3D('',#11229,#8775,#8776);
#7275=AXIS2_PLACEMENT_3D('',#11234,#8777,#8778);
#7276=AXIS2_PLACEMENT_3D('',#11239,#8779,#8780);
#7277=AXIS2_PLACEMENT_3D('',#11240,#8781,#8782);
#7278=AXIS2_PLACEMENT_3D('',#11242,#8783,#8784);
#7279=AXIS2_PLACEMENT_3D('',#11244,#8785,#8786);
#7280=AXIS2_PLACEMENT_3D('',#11246,#8787,#8788);
#7281=AXIS2_PLACEMENT_3D('',#11250,#8790,#8791);
#7282=AXIS2_PLACEMENT_3D('',#11251,#8792,#8793);
#7283=AXIS2_PLACEMENT_3D('',#11252,#8794,#8795);
#7284=AXIS2_PLACEMENT_3D('',#11253,#8796,#8797);
#7285=AXIS2_PLACEMENT_3D('',#11255,#8799,#8800);
#7286=AXIS2_PLACEMENT_3D('',#11258,#8803,#8804);
#7287=AXIS2_PLACEMENT_3D('',#11261,#8807,#8808);
#7288=AXIS2_PLACEMENT_3D('',#11262,#8809,#8810);
#7289=AXIS2_PLACEMENT_3D('',#11263,#8811,#8812);
#7290=AXIS2_PLACEMENT_3D('',#11264,#8813,#8814);
#7291=AXIS2_PLACEMENT_3D('',#11265,#8815,#8816);
#7292=AXIS2_PLACEMENT_3D('',#11266,#8817,#8818);
#7293=AXIS2_PLACEMENT_3D('',#11267,#8819,#8820);
#7294=AXIS2_PLACEMENT_3D('',#11268,#8821,#8822);
#7295=AXIS2_PLACEMENT_3D('',#11269,#8823,#8824);
#7296=AXIS2_PLACEMENT_3D('',#11274,#8826,#8827);
#7297=AXIS2_PLACEMENT_3D('',#11276,#8828,#8829);
#7298=AXIS2_PLACEMENT_3D('',#11277,#8830,#8831);
#7299=AXIS2_PLACEMENT_3D('',#11278,#8832,#8833);
#7300=AXIS2_PLACEMENT_3D('',#11281,#8834,#8835);
#7301=AXIS2_PLACEMENT_3D('',#11283,#8836,#8837);
#7302=AXIS2_PLACEMENT_3D('',#11286,#8839,#8840);
#7303=AXIS2_PLACEMENT_3D('',#11289,#8843,#8844);
#7304=AXIS2_PLACEMENT_3D('',#11294,#8847,#8848);
#7305=AXIS2_PLACEMENT_3D('',#11295,#8849,#8850);
#7306=AXIS2_PLACEMENT_3D('',#11299,#8853,#8854);
#7307=AXIS2_PLACEMENT_3D('',#11302,#8856,#8857);
#7308=AXIS2_PLACEMENT_3D('',#11303,#8858,#8859);
#7309=AXIS2_PLACEMENT_3D('',#11310,#8864,#8865);
#7310=AXIS2_PLACEMENT_3D('',#11317,#8870,#8871);
#7311=AXIS2_PLACEMENT_3D('',#11319,#8873,#8874);
#7312=AXIS2_PLACEMENT_3D('',#11323,#8877,#8878);
#7313=AXIS2_PLACEMENT_3D('',#11327,#8881,#8882);
#7314=AXIS2_PLACEMENT_3D('',#11329,#8884,#8885);
#7315=AXIS2_PLACEMENT_3D('',#11331,#8887,#8888);
#7316=AXIS2_PLACEMENT_3D('',#11337,#8892,#8893);
#7317=AXIS2_PLACEMENT_3D('',#11343,#8896,#8897);
#7318=AXIS2_PLACEMENT_3D('',#11347,#8900,#8901);
#7319=AXIS2_PLACEMENT_3D('',#11348,#8902,#8903);
#7320=AXIS2_PLACEMENT_3D('',#11355,#8905,#8906);
#7321=AXIS2_PLACEMENT_3D('',#11356,#8907,#8908);
#7322=AXIS2_PLACEMENT_3D('',#11357,#8909,#8910);
#7323=AXIS2_PLACEMENT_3D('',#11360,#8913,#8914);
#7324=AXIS2_PLACEMENT_3D('',#11361,#8915,#8916);
#7325=AXIS2_PLACEMENT_3D('',#11364,#8918,#8919);
#7326=AXIS2_PLACEMENT_3D('',#11366,#8921,#8922);
#7327=AXIS2_PLACEMENT_3D('',#11367,#8923,#8924);
#7328=AXIS2_PLACEMENT_3D('',#11370,#8926,#8927);
#7329=AXIS2_PLACEMENT_3D('',#11373,#8929,#8930);
#7330=AXIS2_PLACEMENT_3D('',#11374,#8931,#8932);
#7331=AXIS2_PLACEMENT_3D('',#11379,#8933,#8934);
#7332=AXIS2_PLACEMENT_3D('',#11380,#8935,#8936);
#7333=AXIS2_PLACEMENT_3D('',#11381,#8937,#8938);
#7334=AXIS2_PLACEMENT_3D('',#11384,#8941,#8942);
#7335=AXIS2_PLACEMENT_3D('',#11390,#8945,#8946);
#7336=AXIS2_PLACEMENT_3D('',#11394,#8949,#8950);
#7337=AXIS2_PLACEMENT_3D('',#11395,#8951,#8952);
#7338=AXIS2_PLACEMENT_3D('',#11396,#8953,#8954);
#7339=AXIS2_PLACEMENT_3D('',#11405,#8959,#8960);
#7340=AXIS2_PLACEMENT_3D('',#11407,#8962,#8963);
#7341=AXIS2_PLACEMENT_3D('',#11408,#8964,#8965);
#7342=AXIS2_PLACEMENT_3D('',#11409,#8966,#8967);
#7343=AXIS2_PLACEMENT_3D('',#11411,#8969,#8970);
#7344=AXIS2_PLACEMENT_3D('',#11415,#8973,#8974);
#7345=AXIS2_PLACEMENT_3D('',#11417,#8976,#8977);
#7346=AXIS2_PLACEMENT_3D('',#11419,#8979,#8980);
#7347=AXIS2_PLACEMENT_3D('',#11420,#8981,#8982);
#7348=AXIS2_PLACEMENT_3D('',#11421,#8983,#8984);
#7349=AXIS2_PLACEMENT_3D('',#11427,#8985,#8986);
#7350=AXIS2_PLACEMENT_3D('',#11428,#8987,#8988);
#7351=AXIS2_PLACEMENT_3D('',#11429,#8989,#8990);
#7352=AXIS2_PLACEMENT_3D('',#11430,#8991,#8992);
#7353=AXIS2_PLACEMENT_3D('',#11431,#8993,#8994);
#7354=AXIS2_PLACEMENT_3D('',#11433,#8995,#8996);
#7355=AXIS2_PLACEMENT_3D('',#11435,#8998,#8999);
#7356=AXIS2_PLACEMENT_3D('',#11436,#9000,#9001);
#7357=AXIS2_PLACEMENT_3D('',#11438,#9002,#9003);
#7358=AXIS2_PLACEMENT_3D('',#11441,#9006,#9007);
#7359=AXIS2_PLACEMENT_3D('',#11443,#9009,#9010);
#7360=AXIS2_PLACEMENT_3D('',#11445,#9012,#9013);
#7361=AXIS2_PLACEMENT_3D('',#11447,#9015,#9016);
#7362=AXIS2_PLACEMENT_3D('',#11448,#9017,#9018);
#7363=AXIS2_PLACEMENT_3D('',#11449,#9019,#9020);
#7364=AXIS2_PLACEMENT_3D('',#11452,#9023,#9024);
#7365=AXIS2_PLACEMENT_3D('',#11455,#9027,#9028);
#7366=AXIS2_PLACEMENT_3D('',#11457,#9030,#9031);
#7367=AXIS2_PLACEMENT_3D('',#11460,#9034,#9035);
#7368=AXIS2_PLACEMENT_3D('',#11463,#9038,#9039);
#7369=AXIS2_PLACEMENT_3D('',#11464,#9040,#9041);
#7370=AXIS2_PLACEMENT_3D('',#11467,#9043,#9044);
#7371=AXIS2_PLACEMENT_3D('',#11468,#9045,#9046);
#7372=AXIS2_PLACEMENT_3D('',#11472,#9049,#9050);
#7373=AXIS2_PLACEMENT_3D('',#11473,#9051,#9052);
#7374=AXIS2_PLACEMENT_3D('',#11474,#9053,#9054);
#7375=AXIS2_PLACEMENT_3D('',#11475,#9055,#9056);
#7376=AXIS2_PLACEMENT_3D('',#11476,#9057,#9058);
#7377=AXIS2_PLACEMENT_3D('',#11477,#9059,#9060);
#7378=AXIS2_PLACEMENT_3D('',#11478,#9061,#9062);
#7379=AXIS2_PLACEMENT_3D('',#11479,#9063,#9064);
#7380=AXIS2_PLACEMENT_3D('',#11480,#9065,#9066);
#7381=AXIS2_PLACEMENT_3D('',#11483,#9068,#9069);
#7382=AXIS2_PLACEMENT_3D('',#11487,#9071,#9072);
#7383=AXIS2_PLACEMENT_3D('',#11490,#9074,#9075);
#7384=AXIS2_PLACEMENT_3D('',#11495,#9078,#9079);
#7385=AXIS2_PLACEMENT_3D('',#11496,#9080,#9081);
#7386=AXIS2_PLACEMENT_3D('',#11500,#9084,#9085);
#7387=AXIS2_PLACEMENT_3D('',#11503,#9087,#9088);
#7388=AXIS2_PLACEMENT_3D('',#11504,#9089,#9090);
#7389=AXIS2_PLACEMENT_3D('',#11508,#9093,#9094);
#7390=AXIS2_PLACEMENT_3D('',#11512,#9097,#9098);
#7391=AXIS2_PLACEMENT_3D('',#11513,#9099,#9100);
#7392=AXIS2_PLACEMENT_3D('',#11515,#9102,#9103);
#7393=AXIS2_PLACEMENT_3D('',#11517,#9105,#9106);
#7394=AXIS2_PLACEMENT_3D('',#11518,#9107,#9108);
#7395=AXIS2_PLACEMENT_3D('',#11519,#9109,#9110);
#7396=AXIS2_PLACEMENT_3D('',#11520,#9111,#9112);
#7397=AXIS2_PLACEMENT_3D('',#11521,#9113,#9114);
#7398=AXIS2_PLACEMENT_3D('',#11523,#9116,#9117);
#7399=AXIS2_PLACEMENT_3D('',#11525,#9119,#9120);
#7400=AXIS2_PLACEMENT_3D('',#11539,#9130,#9131);
#7401=AXIS2_PLACEMENT_3D('',#11540,#9132,#9133);
#7402=AXIS2_PLACEMENT_3D('',#11541,#9134,#9135);
#7403=AXIS2_PLACEMENT_3D('',#11544,#9137,#9138);
#7404=AXIS2_PLACEMENT_3D('',#11546,#9140,#9141);
#7405=AXIS2_PLACEMENT_3D('',#11548,#9143,#9144);
#7406=AXIS2_PLACEMENT_3D('',#11555,#9150,#9151);
#7407=AXIS2_PLACEMENT_3D('',#11556,#9152,#9153);
#7408=AXIS2_PLACEMENT_3D('',#11558,#9154,#9155);
#7409=AXIS2_PLACEMENT_3D('',#11560,#9156,#9157);
#7410=AXIS2_PLACEMENT_3D('',#11565,#9159,#9160);
#7411=AXIS2_PLACEMENT_3D('',#11566,#9161,#9162);
#7412=AXIS2_PLACEMENT_3D('',#11567,#9163,#9164);
#7413=AXIS2_PLACEMENT_3D('',#11571,#9167,#9168);
#7414=AXIS2_PLACEMENT_3D('',#11573,#9170,#9171);
#7415=AXIS2_PLACEMENT_3D('',#11574,#9172,#9173);
#7416=AXIS2_PLACEMENT_3D('',#11575,#9174,#9175);
#7417=AXIS2_PLACEMENT_3D('',#11576,#9176,#9177);
#7418=AXIS2_PLACEMENT_3D('',#11577,#9178,#9179);
#7419=AXIS2_PLACEMENT_3D('',#11578,#9180,#9181);
#7420=AXIS2_PLACEMENT_3D('',#11579,#9182,#9183);
#7421=AXIS2_PLACEMENT_3D('',#11580,#9184,#9185);
#7422=AXIS2_PLACEMENT_3D('',#11581,#9186,#9187);
#7423=AXIS2_PLACEMENT_3D('',#11582,#9188,#9189);
#7424=AXIS2_PLACEMENT_3D('',#11583,#9190,#9191);
#7425=AXIS2_PLACEMENT_3D('',#11584,#9192,#9193);
#7426=AXIS2_PLACEMENT_3D('',#11585,#9194,#9195);
#7427=AXIS2_PLACEMENT_3D('',#11586,#9196,#9197);
#7428=AXIS2_PLACEMENT_3D('',#11587,#9198,#9199);
#7429=AXIS2_PLACEMENT_3D('',#11588,#9200,#9201);
#7430=AXIS2_PLACEMENT_3D('',#11594,#9205,#9206);
#7431=AXIS2_PLACEMENT_3D('',#11598,#9209,#9210);
#7432=AXIS2_PLACEMENT_3D('',#11602,#9213,#9214);
#7433=AXIS2_PLACEMENT_3D('',#11604,#9216,#9217);
#7434=AXIS2_PLACEMENT_3D('',#11605,#9218,#9219);
#7435=AXIS2_PLACEMENT_3D('',#11611,#9223,#9224);
#7436=AXIS2_PLACEMENT_3D('',#11615,#9227,#9228);
#7437=AXIS2_PLACEMENT_3D('',#11619,#9231,#9232);
#7438=AXIS2_PLACEMENT_3D('',#11621,#9234,#9235);
#7439=AXIS2_PLACEMENT_3D('',#11622,#9236,#9237);
#7440=AXIS2_PLACEMENT_3D('',#11623,#9238,#9239);
#7441=AXIS2_PLACEMENT_3D('',#11625,#9240,#9241);
#7442=AXIS2_PLACEMENT_3D('',#11626,#9242,#9243);
#7443=AXIS2_PLACEMENT_3D('',#11627,#9244,#9245);
#7444=AXIS2_PLACEMENT_3D('',#11629,#9246,#9247);
#7445=AXIS2_PLACEMENT_3D('',#11630,#9248,#9249);
#7446=AXIS2_PLACEMENT_3D('',#11631,#9250,#9251);
#7447=AXIS2_PLACEMENT_3D('',#11633,#9252,#9253);
#7448=AXIS2_PLACEMENT_3D('',#11634,#9254,#9255);
#7449=AXIS2_PLACEMENT_3D('',#11635,#9256,#9257);
#7450=AXIS2_PLACEMENT_3D('',#11637,#9258,#9259);
#7451=AXIS2_PLACEMENT_3D('',#11638,#9260,#9261);
#7452=AXIS2_PLACEMENT_3D('',#11639,#9262,#9263);
#7453=AXIS2_PLACEMENT_3D('',#11641,#9265,#9266);
#7454=AXIS2_PLACEMENT_3D('',#11643,#9268,#9269);
#7455=AXIS2_PLACEMENT_3D('',#11644,#9270,#9271);
#7456=AXIS2_PLACEMENT_3D('',#11645,#9272,#9273);
#7457=AXIS2_PLACEMENT_3D('',#11646,#9274,#9275);
#7458=AXIS2_PLACEMENT_3D('',#11647,#9276,#9277);
#7459=AXIS2_PLACEMENT_3D('',#11648,#9278,#9279);
#7460=AXIS2_PLACEMENT_3D('',#11651,#9282,#9283);
#7461=AXIS2_PLACEMENT_3D('',#11653,#9285,#9286);
#7462=AXIS2_PLACEMENT_3D('',#11655,#9288,#9289);
#7463=AXIS2_PLACEMENT_3D('',#11657,#9291,#9292);
#7464=AXIS2_PLACEMENT_3D('',#11659,#9294,#9295);
#7465=AXIS2_PLACEMENT_3D('',#11660,#9296,#9297);
#7466=AXIS2_PLACEMENT_3D('',#11663,#9300,#9301);
#7467=AXIS2_PLACEMENT_3D('',#11665,#9303,#9304);
#7468=AXIS2_PLACEMENT_3D('',#11667,#9306,#9307);
#7469=AXIS2_PLACEMENT_3D('',#11669,#9309,#9310);
#7470=AXIS2_PLACEMENT_3D('',#11671,#9312,#9313);
#7471=AXIS2_PLACEMENT_3D('',#11672,#9314,#9315);
#7472=AXIS2_PLACEMENT_3D('',#11673,#9316,#9317);
#7473=AXIS2_PLACEMENT_3D('',#11675,#9318,#9319);
#7474=AXIS2_PLACEMENT_3D('',#11677,#9320,#9321);
#7475=AXIS2_PLACEMENT_3D('',#11682,#9323,#9324);
#7476=AXIS2_PLACEMENT_3D('',#11683,#9325,#9326);
#7477=AXIS2_PLACEMENT_3D('',#11684,#9327,#9328);
#7478=AXIS2_PLACEMENT_3D('',#11687,#9331,#9332);
#7479=AXIS2_PLACEMENT_3D('',#11688,#9333,#9334);
#7480=AXIS2_PLACEMENT_3D('',#11689,#9335,#9336);
#7481=AXIS2_PLACEMENT_3D('',#11690,#9337,#9338);
#7482=AXIS2_PLACEMENT_3D('',#11691,#9339,#9340);
#7483=AXIS2_PLACEMENT_3D('',#11693,#9342,#9343);
#7484=AXIS2_PLACEMENT_3D('',#11696,#9346,#9347);
#7485=AXIS2_PLACEMENT_3D('',#11697,#9348,#9349);
#7486=AXIS2_PLACEMENT_3D('',#11698,#9350,#9351);
#7487=AXIS2_PLACEMENT_3D('',#11699,#9352,#9353);
#7488=AXIS2_PLACEMENT_3D('',#11700,#9354,#9355);
#7489=AXIS2_PLACEMENT_3D('',#11701,#9356,#9357);
#7490=AXIS2_PLACEMENT_3D('',#11702,#9358,#9359);
#7491=AXIS2_PLACEMENT_3D('',#11703,#9360,#9361);
#7492=AXIS2_PLACEMENT_3D('',#11704,#9362,#9363);
#7493=AXIS2_PLACEMENT_3D('',#11706,#9365,#9366);
#7494=AXIS2_PLACEMENT_3D('',#11708,#9368,#9369);
#7495=AXIS2_PLACEMENT_3D('',#11710,#9371,#9372);
#7496=AXIS2_PLACEMENT_3D('',#11712,#9374,#9375);
#7497=AXIS2_PLACEMENT_3D('',#11714,#9377,#9378);
#7498=AXIS2_PLACEMENT_3D('',#11716,#9380,#9381);
#7499=AXIS2_PLACEMENT_3D('',#11717,#9382,#9383);
#7500=AXIS2_PLACEMENT_3D('',#11719,#9385,#9386);
#7501=AXIS2_PLACEMENT_3D('',#11721,#9388,#9389);
#7502=AXIS2_PLACEMENT_3D('',#11723,#9391,#9392);
#7503=AXIS2_PLACEMENT_3D('',#11725,#9394,#9395);
#7504=AXIS2_PLACEMENT_3D('',#11727,#9397,#9398);
#7505=AXIS2_PLACEMENT_3D('',#11729,#9400,#9401);
#7506=AXIS2_PLACEMENT_3D('',#11730,#9402,#9403);
#7507=AXIS2_PLACEMENT_3D('',#11731,#9404,#9405);
#7508=AXIS2_PLACEMENT_3D('',#11732,#9406,#9407);
#7509=AXIS2_PLACEMENT_3D('',#11733,#9408,#9409);
#7510=AXIS2_PLACEMENT_3D('',#11734,#9410,#9411);
#7511=AXIS2_PLACEMENT_3D('',#11735,#9412,#9413);
#7512=DIRECTION('',(0.,0.,1.));
#7513=DIRECTION('',(1.,0.,0.));
#7514=DIRECTION('',(1.,0.,0.));
#7515=DIRECTION('',(0.,0.,-1.));
#7516=DIRECTION('',(0.,0.,-1.));
#7517=DIRECTION('',(0.,-1.,0.));
#7518=DIRECTION('',(0.,-0.707106781186548,-0.707106781186548));
#7519=DIRECTION('',(0.,1.,0.));
#7520=DIRECTION('',(1.,0.,0.));
#7521=DIRECTION('',(0.,0.,-1.));
#7522=DIRECTION('',(0.,-1.,0.));
#7523=DIRECTION('',(0.,0.,-1.));
#7524=DIRECTION('',(0.,-1.,0.));
#7525=DIRECTION('',(0.,-0.707106781186548,-0.707106781186548));
#7526=DIRECTION('',(0.,-0.707106781186548,0.707106781186548));
#7527=DIRECTION('',(0.,-0.707106781186548,-0.707106781186548));
#7528=DIRECTION('',(-1.,0.,0.));
#7529=DIRECTION('',(1.,0.,0.));
#7530=DIRECTION('',(0.,-1.,0.));
#7531=DIRECTION('',(0.,0.,-1.));
#7532=DIRECTION('',(-1.,0.,0.));
#7533=DIRECTION('',(1.,0.,0.));
#7534=DIRECTION('',(0.,0.,-1.));
#7535=DIRECTION('',(1.,0.,0.));
#7536=DIRECTION('',(0.,0.,-1.));
#7537=DIRECTION('',(1.,0.,0.));
#7538=DIRECTION('',(0.,0.,-1.));
#7539=DIRECTION('',(-1.,0.,0.));
#7540=DIRECTION('',(0.,0.,-1.));
#7541=DIRECTION('',(-1.,0.,0.));
#7542=DIRECTION('',(0.,0.,-1.));
#7543=DIRECTION('',(-1.,0.,0.));
#7544=DIRECTION('',(0.,0.,-1.));
#7545=DIRECTION('',(1.,0.,0.));
#7546=DIRECTION('',(1.,0.,0.));
#7547=DIRECTION('',(0.,0.,-1.));
#7548=DIRECTION('',(1.,0.,0.));
#7549=DIRECTION('',(0.,0.,-1.));
#7550=DIRECTION('',(0.,-1.,-9.22294648061002E-14));
#7551=DIRECTION('',(0.,0.,-1.));
#7552=DIRECTION('',(0.,1.,0.));
#7553=DIRECTION('',(1.,0.,0.));
#7554=DIRECTION('',(0.,0.,-1.));
#7555=DIRECTION('',(-1.,0.,0.));
#7556=DIRECTION('',(1.,0.,0.));
#7557=DIRECTION('',(1.,0.,0.));
#7558=DIRECTION('',(0.,0.,-1.));
#7559=DIRECTION('',(1.,0.,0.));
#7560=DIRECTION('',(0.,0.,-1.));
#7561=DIRECTION('',(0.,-1.,-9.22294648061002E-14));
#7562=DIRECTION('',(0.,-1.,0.));
#7563=DIRECTION('',(0.,0.,-1.));
#7564=DIRECTION('',(1.,0.,0.));
#7565=DIRECTION('',(0.,0.,-1.));
#7566=DIRECTION('',(0.,0.707106781186548,-0.707106781186547));
#7567=DIRECTION('',(0.,-1.,-4.33680868994202E-16));
#7568=DIRECTION('',(0.,0.,-1.));
#7569=DIRECTION('',(0.,1.,-2.32848788721719E-16));
#7570=DIRECTION('',(0.,1.,0.));
#7571=DIRECTION('',(0.,0.,1.));
#7572=DIRECTION('',(1.,0.,0.));
#7573=DIRECTION('',(0.,0.,-1.));
#7574=DIRECTION('',(1.,0.,0.));
#7575=DIRECTION('',(0.,0.,1.));
#7576=DIRECTION('',(1.,0.,0.));
#7577=DIRECTION('',(0.,0.,-1.));
#7578=DIRECTION('',(-1.,0.,0.));
#7579=DIRECTION('',(0.,0.,-1.));
#7580=DIRECTION('',(1.,0.,0.));
#7581=DIRECTION('',(0.,0.,-1.));
#7582=DIRECTION('',(1.,0.,0.));
#7583=DIRECTION('',(0.,0.,-1.));
#7584=DIRECTION('',(1.,0.,0.));
#7585=DIRECTION('',(0.,0.,-1.));
#7586=DIRECTION('',(-1.,8.67361737988391E-16,-2.01964130074162E-31));
#7587=DIRECTION('',(1.,0.,0.));
#7588=DIRECTION('',(0.,0.,-1.));
#7589=DIRECTION('',(0.,-1.,4.77048955893622E-15));
#7590=DIRECTION('',(0.,0.,-1.));
#7591=DIRECTION('',(0.,1.,-2.32848788721719E-16));
#7592=DIRECTION('',(1.,0.,0.));
#7593=DIRECTION('',(0.,0.,-1.));
#7594=DIRECTION('',(0.,1.,0.));
#7595=DIRECTION('',(0.,0.,1.));
#7596=DIRECTION('',(1.,0.,0.));
#7597=DIRECTION('',(0.,0.,-1.));
#7598=DIRECTION('',(1.,0.,0.));
#7599=DIRECTION('',(0.,0.,-1.));
#7600=DIRECTION('',(1.,0.,0.));
#7601=DIRECTION('',(0.,0.,-1.));
#7602=DIRECTION('',(-1.,0.,0.));
#7603=DIRECTION('',(0.,0.,-1.));
#7604=DIRECTION('',(1.,0.,0.));
#7605=DIRECTION('',(0.,0.,-1.));
#7606=DIRECTION('',(-1.,0.,0.));
#7607=DIRECTION('',(0.,0.,-1.));
#7608=DIRECTION('',(1.,0.,0.));
#7609=DIRECTION('',(0.,0.,1.));
#7610=DIRECTION('',(-1.,0.,0.));
#7611=DIRECTION('',(1.,0.,0.));
#7612=DIRECTION('',(0.,0.,-1.));
#7613=DIRECTION('',(1.,0.,0.));
#7614=DIRECTION('',(-1.,0.,0.));
#7615=DIRECTION('',(1.,0.,0.));
#7616=DIRECTION('',(0.,0.,-1.));
#7617=DIRECTION('',(0.,0.,1.));
#7618=DIRECTION('',(1.,0.,0.));
#7619=DIRECTION('',(0.,1.,0.));
#7620=DIRECTION('',(-0.481918749772156,0.876215908676647,0.));
#7621=DIRECTION('',(0.,0.,1.));
#7622=DIRECTION('',(1.,0.,0.));
#7623=DIRECTION('',(0.,0.,1.));
#7624=DIRECTION('',(1.,0.,0.));
#7625=DIRECTION('',(0.,0.,1.));
#7626=DIRECTION('',(1.,0.,0.));
#7627=DIRECTION('',(-0.624695047554424,0.78086880944303,0.));
#7628=DIRECTION('',(0.,0.,1.));
#7629=DIRECTION('',(1.,0.,0.));
#7630=DIRECTION('',(-1.,0.,0.));
#7631=DIRECTION('',(0.,1.,0.));
#7632=DIRECTION('',(-1.,0.,0.));
#7633=DIRECTION('',(1.,0.,0.));
#7634=DIRECTION('',(-1.3695185336659E-16,1.,0.));
#7635=DIRECTION('',(1.3695185336659E-16,-1.,0.));
#7636=DIRECTION('',(1.,0.,0.));
#7637=DIRECTION('',(0.,1.,0.));
#7638=DIRECTION('',(0.,0.,1.));
#7639=DIRECTION('',(1.,0.,0.));
#7640=DIRECTION('',(1.,0.,0.));
#7641=DIRECTION('',(0.,0.,1.));
#7642=DIRECTION('',(1.,0.,0.));
#7643=DIRECTION('',(4.33680868994202E-16,-1.,0.));
#7644=DIRECTION('',(0.,0.,1.));
#7645=DIRECTION('',(1.,0.,0.));
#7646=DIRECTION('',(1.,2.64843278775085E-16,0.));
#7647=DIRECTION('',(0.,0.,1.));
#7648=DIRECTION('',(1.,0.,0.));
#7649=DIRECTION('',(0.,1.,0.));
#7650=DIRECTION('',(0.,0.,1.));
#7651=DIRECTION('',(1.,0.,0.));
#7652=DIRECTION('',(-1.,0.,0.));
#7653=DIRECTION('',(1.3695185336659E-16,-1.,0.));
#7654=DIRECTION('',(1.,0.,0.));
#7655=DIRECTION('',(1.3695185336659E-16,-1.,0.));
#7656=DIRECTION('',(-1.3695185336659E-16,1.,0.));
#7657=DIRECTION('',(1.,0.,0.));
#7658=DIRECTION('',(-1.,0.,0.));
#7659=DIRECTION('',(0.,-1.,0.));
#7660=DIRECTION('',(-1.,0.,0.));
#7661=DIRECTION('',(0.,0.,1.));
#7662=DIRECTION('',(1.,0.,0.));
#7663=DIRECTION('',(-0.624695047554424,-0.78086880944303,0.));
#7664=DIRECTION('',(0.,0.,1.));
#7665=DIRECTION('',(1.,0.,0.));
#7666=DIRECTION('',(0.,0.,1.));
#7667=DIRECTION('',(1.,0.,0.));
#7668=DIRECTION('',(0.,0.,1.));
#7669=DIRECTION('',(1.,0.,0.));
#7670=DIRECTION('',(-0.481918749772156,-0.876215908676647,0.));
#7671=DIRECTION('',(0.,1.,0.));
#7672=DIRECTION('',(0.196116135138184,-0.98058067569092,0.));
#7673=DIRECTION('',(0.,0.,1.));
#7674=DIRECTION('',(1.,0.,0.));
#7675=DIRECTION('',(0.,1.,0.));
#7676=DIRECTION('',(0.,0.,1.));
#7677=DIRECTION('',(1.,0.,0.));
#7678=DIRECTION('',(-1.,0.,0.));
#7679=DIRECTION('',(0.,0.,1.));
#7680=DIRECTION('',(1.,0.,0.));
#7681=DIRECTION('',(0.,1.,0.));
#7682=DIRECTION('',(0.,1.,0.));
#7683=DIRECTION('',(0.,1.,0.));
#7684=DIRECTION('',(0.650323379301009,0.759657490145734,0.));
#7685=DIRECTION('',(0.,0.,1.));
#7686=DIRECTION('',(1.,0.,0.));
#7687=DIRECTION('',(-0.999999050721693,0.00137788087747471,0.));
#7688=DIRECTION('',(0.,0.,1.));
#7689=DIRECTION('',(1.,0.,0.));
#7690=DIRECTION('',(-0.649438785686876,0.76041387654721,0.));
#7691=DIRECTION('',(0.,0.,1.));
#7692=DIRECTION('',(1.,0.,0.));
#7693=DIRECTION('',(0.,0.,1.));
#7694=DIRECTION('',(1.,0.,0.));
#7695=DIRECTION('',(0.,0.,1.));
#7696=DIRECTION('',(1.,0.,0.));
#7697=DIRECTION('',(0.,0.,1.));
#7698=DIRECTION('',(1.,0.,0.));
#7699=DIRECTION('',(1.,0.,0.));
#7700=DIRECTION('',(0.,0.,1.));
#7701=DIRECTION('',(1.,0.,0.));
#7702=DIRECTION('',(0.,0.,1.));
#7703=DIRECTION('',(1.,0.,0.));
#7704=DIRECTION('',(0.,0.,1.));
#7705=DIRECTION('',(1.,0.,0.));
#7706=DIRECTION('',(0.,0.,1.));
#7707=DIRECTION('',(1.,0.,0.));
#7708=DIRECTION('',(0.651289908467204,0.758829002561698,0.));
#7709=DIRECTION('',(0.,0.,1.));
#7710=DIRECTION('',(1.,0.,0.));
#7711=DIRECTION('',(1.,0.,0.));
#7712=DIRECTION('',(0.,0.,1.));
#7713=DIRECTION('',(1.,0.,0.));
#7714=DIRECTION('',(-0.648474188515343,0.7612366431205,0.));
#7715=DIRECTION('',(0.999999050721693,-0.00137788087747491,0.));
#7716=DIRECTION('',(0.,1.,0.));
#7717=DIRECTION('',(-1.,0.,0.));
#7718=DIRECTION('',(0.,1.,0.));
#7719=DIRECTION('',(0.,1.,0.));
#7720=DIRECTION('',(0.,0.,1.));
#7721=DIRECTION('',(1.,0.,0.));
#7722=DIRECTION('',(-1.,0.,0.));
#7723=DIRECTION('',(0.,0.,1.));
#7724=DIRECTION('',(1.,0.,0.));
#7725=DIRECTION('',(0.,1.,0.));
#7726=DIRECTION('',(0.,0.,1.));
#7727=DIRECTION('',(1.,0.,0.));
#7728=DIRECTION('',(0.196116135138184,0.98058067569092,0.));
#7729=DIRECTION('',(0.,0.,1.));
#7730=DIRECTION('',(1.,0.,0.));
#7731=DIRECTION('',(0.,0.,1.));
#7732=DIRECTION('',(1.,0.,0.));
#7733=DIRECTION('',(-1.,0.,0.));
#7734=DIRECTION('',(0.,0.,1.));
#7735=DIRECTION('',(1.,0.,0.));
#7736=DIRECTION('',(0.,1.,0.));
#7737=DIRECTION('',(0.,0.,1.));
#7738=DIRECTION('',(1.,0.,0.));
#7739=DIRECTION('',(1.,0.,0.));
#7740=DIRECTION('',(0.,0.,1.));
#7741=DIRECTION('',(1.,0.,0.));
#7742=DIRECTION('',(0.,0.,1.));
#7743=DIRECTION('',(1.,0.,0.));
#7744=DIRECTION('',(0.,0.,1.));
#7745=DIRECTION('',(1.,0.,0.));
#7746=DIRECTION('',(0.,-1.,0.));
#7747=DIRECTION('',(1.,0.,0.));
#7748=DIRECTION('',(0.,0.,-1.));
#7749=DIRECTION('',(0.,0.,-1.));
#7750=DIRECTION('',(0.,1.,0.));
#7751=DIRECTION('',(1.,0.,0.));
#7752=DIRECTION('',(0.,0.,-1.));
#7753=DIRECTION('',(0.,1.83971884551675E-16,-1.));
#7754=DIRECTION('',(0.,-1.,0.));
#7755=DIRECTION('',(1.,0.,0.));
#7756=DIRECTION('',(0.,0.,-1.));
#7757=DIRECTION('',(0.,-0.707106781186548,-0.707106781186548));
#7758=DIRECTION('',(0.,1.,0.));
#7759=DIRECTION('',(0.,-1.,0.));
#7760=DIRECTION('',(0.,0.,-1.));
#7761=DIRECTION('',(1.,0.,0.));
#7762=DIRECTION('',(0.,0.,-1.));
#7763=DIRECTION('',(0.,-1.,0.));
#7764=DIRECTION('',(0.,0.707106781186548,0.707106781186548));
#7765=DIRECTION('',(0.,0.,-1.));
#7766=DIRECTION('',(0.,-1.,0.));
#7767=DIRECTION('',(1.,0.,0.));
#7768=DIRECTION('',(0.,0.,-1.));
#7769=DIRECTION('',(0.,-1.,0.));
#7770=DIRECTION('',(0.,1.,0.));
#7771=DIRECTION('',(0.,0.,1.));
#7772=DIRECTION('',(0.,0.707106781186548,0.707106781186548));
#7773=DIRECTION('',(0.,2.32848788721719E-16,1.));
#7774=DIRECTION('',(0.,-1.,2.32848788721719E-16));
#7775=DIRECTION('',(0.,-1.,2.32848788721719E-16));
#7776=DIRECTION('',(0.,1.,-2.32848788721719E-16));
#7777=DIRECTION('',(-1.,0.,0.));
#7778=DIRECTION('',(0.,-1.,2.32848788721719E-16));
#7779=DIRECTION('',(-1.,0.,0.));
#7780=DIRECTION('',(0.,-1.,2.32848788721719E-16));
#7781=DIRECTION('',(0.,-1.,2.32848788721719E-16));
#7782=DIRECTION('',(-1.,0.,0.));
#7783=DIRECTION('',(0.,-1.,2.32848788721719E-16));
#7784=DIRECTION('',(-1.,0.,0.));
#7785=DIRECTION('',(0.,-1.,2.32848788721719E-16));
#7786=DIRECTION('',(0.,-1.,2.32848788721719E-16));
#7787=DIRECTION('',(-1.,0.,0.));
#7788=DIRECTION('',(0.,-1.,2.32848788721719E-16));
#7789=DIRECTION('',(0.,1.,-2.32848788721719E-16));
#7790=DIRECTION('',(1.,0.,0.));
#7791=DIRECTION('',(0.,0.,-1.));
#7792=DIRECTION('',(0.,1.,-4.77048955893622E-15));
#7793=DIRECTION('',(1.,0.,0.));
#7794=DIRECTION('',(0.,0.,-1.));
#7795=DIRECTION('',(0.,1.,4.33680868994202E-16));
#7796=DIRECTION('',(0.,-0.707106781186548,0.707106781186547));
#7797=DIRECTION('',(1.,0.,0.));
#7798=DIRECTION('',(0.,0.,-1.));
#7799=DIRECTION('',(1.,0.,0.));
#7800=DIRECTION('',(0.,0.,-1.));
#7801=DIRECTION('',(0.,0.,-1.));
#7802=DIRECTION('',(0.,1.,0.));
#7803=DIRECTION('',(1.,0.,0.));
#7804=DIRECTION('',(0.,0.,-1.));
#7805=DIRECTION('',(0.,1.,0.));
#7806=DIRECTION('',(0.,0.,-1.));
#7807=DIRECTION('',(1.,0.,0.));
#7808=DIRECTION('',(0.,0.,-1.));
#7809=DIRECTION('',(1.,0.,0.));
#7810=DIRECTION('',(0.,0.,-1.));
#7811=DIRECTION('',(1.,0.,0.));
#7812=DIRECTION('',(0.,0.,-1.));
#7813=DIRECTION('',(0.,0.,1.));
#7814=DIRECTION('',(0.,-1.,0.));
#7815=DIRECTION('',(0.00137788087747673,0.999999050721693,0.));
#7816=DIRECTION('',(-0.999999050721693,0.00137788087747673,0.));
#7817=DIRECTION('',(0.00137788087747673,0.999999050721693,0.));
#7818=DIRECTION('',(-0.999999050721693,0.00137788087747673,0.));
#7819=DIRECTION('',(0.999999050721693,-0.00137788087747673,0.));
#7820=DIRECTION('',(0.,0.,1.));
#7821=DIRECTION('',(0.00137788087747673,0.999999050721693,0.));
#7822=DIRECTION('',(-0.999999050721693,0.00137788087747673,0.));
#7823=DIRECTION('',(-0.999999050721693,0.00137788087747673,0.));
#7824=DIRECTION('',(-2.01711649128795E-16,2.77934887936422E-19,-1.));
#7825=DIRECTION('',(-0.00137788087747673,-0.999999050721693,0.));
#7826=DIRECTION('',(0.999999050721693,-0.00137788087747673,0.));
#7827=DIRECTION('',(0.,0.,1.));
#7828=DIRECTION('',(-0.999999050721693,0.00137788087747673,0.));
#7829=DIRECTION('',(0.,0.,1.));
#7830=DIRECTION('',(-0.999999050721693,0.00137788087747673,0.));
#7831=DIRECTION('',(-0.00137788087747673,-0.999999050721693,0.));
#7832=DIRECTION('',(0.999999050721693,-0.00137788087747673,0.));
#7833=DIRECTION('',(0.,0.,-1.));
#7834=DIRECTION('',(0.999999050721693,-0.00137788087747673,0.));
#7835=DIRECTION('',(0.00137788087747673,0.999999050721693,0.));
#7836=DIRECTION('',(-0.999999050721693,0.00137788087747673,0.));
#7837=DIRECTION('',(-2.01711649128795E-16,2.77934887936422E-19,-1.));
#7838=DIRECTION('',(-0.999999050721693,0.00137788087747673,0.));
#7839=DIRECTION('',(0.00137788087747673,0.999999050721693,0.));
#7840=DIRECTION('',(-0.999999050721693,0.00137788087747673,0.));
#7841=DIRECTION('',(-0.00137788087747673,-0.999999050721693,0.));
#7842=DIRECTION('',(0.999999050721693,-0.00137788087747673,0.));
#7843=DIRECTION('',(-0.00137788087747673,-0.999999050721693,0.));
#7844=DIRECTION('',(0.999999050721693,-0.00137788087747673,0.));
#7845=DIRECTION('',(2.01711649128795E-16,-2.77934887936422E-19,1.));
#7846=DIRECTION('',(0.999999050721693,-0.00137788087747673,0.));
#7847=DIRECTION('',(-0.00137788087747673,-0.999999050721693,0.));
#7848=DIRECTION('',(0.999999050721693,-0.00137788087747673,0.));
#7849=DIRECTION('',(0.,0.,-1.));
#7850=DIRECTION('',(-0.999999050721693,0.00137788087747673,0.));
#7851=DIRECTION('',(-0.00137788087747673,-0.999999050721693,0.));
#7852=DIRECTION('',(0.999999050721693,-0.00137788087747673,0.));
#7853=DIRECTION('',(0.999999050721693,-0.00137788087747673,1.13529023296911E-16));
#7854=DIRECTION('',(-0.00137788087747673,-0.999999050721693,0.));
#7855=DIRECTION('',(0.999999050721693,-0.00137788087747673,0.));
#7856=DIRECTION('',(0.,0.,-1.));
#7857=DIRECTION('',(-0.00137788087747673,-0.999999050721693,0.));
#7858=DIRECTION('',(0.999999050721693,-0.00137788087747673,0.));
#7859=DIRECTION('',(-0.999999050721693,0.00137788087747673,0.));
#7860=DIRECTION('',(-0.00137788087747673,-0.999999050721693,0.));
#7861=DIRECTION('',(0.999999050721693,-0.00137788087747673,0.));
#7862=DIRECTION('',(0.,0.,1.));
#7863=DIRECTION('',(-0.00137788087747673,-0.999999050721693,0.));
#7864=DIRECTION('',(0.999999050721693,-0.00137788087747673,0.));
#7865=DIRECTION('',(-0.00137788087747673,-0.999999050721693,0.));
#7866=DIRECTION('',(0.999999050721693,-0.00137788087747673,0.));
#7867=DIRECTION('',(-0.00137788087747673,-0.999999050721693,0.));
#7868=DIRECTION('',(0.999999050721693,-0.00137788087747673,0.));
#7869=DIRECTION('',(-0.999999050721693,0.00137788087747673,0.));
#7870=DIRECTION('',(0.,0.,1.));
#7871=DIRECTION('',(-0.00137788087747673,-0.999999050721693,0.));
#7872=DIRECTION('',(0.999999050721693,-0.00137788087747673,0.));
#7873=DIRECTION('',(0.999999050721693,-0.00137788087747673,0.));
#7874=DIRECTION('',(2.01711649128795E-16,-2.77934887936422E-19,1.));
#7875=DIRECTION('',(0.,0.,1.));
#7876=DIRECTION('',(1.,0.,0.));
#7877=DIRECTION('',(0.,0.,1.));
#7878=DIRECTION('',(1.,0.,0.));
#7879=DIRECTION('',(0.,0.,1.));
#7880=DIRECTION('',(1.,0.,0.));
#7881=DIRECTION('',(-0.00137788087747673,-0.999999050721693,0.));
#7882=DIRECTION('',(0.,0.,1.));
#7883=DIRECTION('',(1.,0.,0.));
#7884=DIRECTION('',(0.196116135138184,0.98058067569092,0.));
#7885=DIRECTION('',(0.,1.,0.));
#7886=DIRECTION('',(0.,0.,1.));
#7887=DIRECTION('',(1.,0.,0.));
#7888=DIRECTION('',(-0.481918749772156,0.876215908676647,0.));
#7889=DIRECTION('',(-0.55470019622523,0.832050294337843,0.));
#7890=DIRECTION('',(-1.,0.,0.));
#7891=DIRECTION('',(0.624695047554424,-0.78086880944303,0.));
#7892=DIRECTION('',(0.,0.,1.));
#7893=DIRECTION('',(1.,0.,0.));
#7894=DIRECTION('',(0.,0.,1.));
#7895=DIRECTION('',(1.,0.,0.));
#7896=DIRECTION('',(0.,0.,1.));
#7897=DIRECTION('',(1.,0.,0.));
#7898=DIRECTION('',(-0.481918749772156,0.876215908676647,0.));
#7899=DIRECTION('',(0.,1.,0.));
#7900=DIRECTION('',(0.196116135138184,0.98058067569092,0.));
#7901=DIRECTION('',(0.,0.,1.));
#7902=DIRECTION('',(1.,0.,0.));
#7903=DIRECTION('',(0.,0.,1.));
#7904=DIRECTION('',(0.,0.,1.));
#7905=DIRECTION('',(0.,0.,1.));
#7906=DIRECTION('',(1.,0.,0.));
#7907=DIRECTION('',(0.,0.,1.));
#7908=DIRECTION('',(0.00137788087747491,0.999999050721693,0.));
#7909=DIRECTION('',(-0.999999050721693,0.00137788087747491,0.));
#7910=DIRECTION('',(-0.999999050721693,0.00137788087747491,0.));
#7911=DIRECTION('',(0.,0.,-1.));
#7912=DIRECTION('',(0.00137788087747491,0.999999050721693,0.));
#7913=DIRECTION('',(-0.999999050721693,0.00137788087747491,0.));
#7914=DIRECTION('',(0.,0.,-1.));
#7915=DIRECTION('',(0.,0.,1.));
#7916=DIRECTION('',(0.,0.,1.));
#7917=DIRECTION('',(1.,0.,0.));
#7918=DIRECTION('',(0.,0.,1.));
#7919=DIRECTION('',(0.,0.,1.));
#7920=DIRECTION('',(0.,0.,1.));
#7921=DIRECTION('',(0.,0.,1.));
#7922=DIRECTION('',(1.,0.,0.));
#7923=DIRECTION('',(-0.00137788087747673,-0.999999050721693,0.));
#7924=DIRECTION('',(0.648474188515343,-0.7612366431205,0.));
#7925=DIRECTION('',(0.,0.,1.));
#7926=DIRECTION('',(1.,0.,0.));
#7927=DIRECTION('',(-1.,0.,0.));
#7928=DIRECTION('',(0.,0.,1.));
#7929=DIRECTION('',(1.,0.,0.));
#7930=DIRECTION('',(-0.651289908467204,-0.758829002561698,0.));
#7931=DIRECTION('',(0.,0.,1.));
#7932=DIRECTION('',(1.,0.,0.));
#7933=DIRECTION('',(0.,0.,1.));
#7934=DIRECTION('',(1.,0.,0.));
#7935=DIRECTION('',(0.,0.,1.));
#7936=DIRECTION('',(1.,0.,0.));
#7937=DIRECTION('',(0.,0.,1.));
#7938=DIRECTION('',(1.,0.,0.));
#7939=DIRECTION('',(-1.,0.,0.));
#7940=DIRECTION('',(0.,0.,1.));
#7941=DIRECTION('',(1.,0.,0.));
#7942=DIRECTION('',(0.,0.,1.));
#7943=DIRECTION('',(1.,0.,0.));
#7944=DIRECTION('',(0.,0.,1.));
#7945=DIRECTION('',(1.,0.,0.));
#7946=DIRECTION('',(0.,0.,1.));
#7947=DIRECTION('',(1.,0.,0.));
#7948=DIRECTION('',(0.649438785686876,-0.76041387654721,0.));
#7949=DIRECTION('',(0.,0.,1.));
#7950=DIRECTION('',(1.,0.,0.));
#7951=DIRECTION('',(0.999999050721693,-0.00137788087747471,0.));
#7952=DIRECTION('',(0.,0.,1.));
#7953=DIRECTION('',(1.,0.,0.));
#7954=DIRECTION('',(-0.650323379301009,-0.759657490145734,0.));
#7955=DIRECTION('',(0.,0.,1.));
#7956=DIRECTION('',(1.,0.,0.));
#7957=DIRECTION('',(-0.00137788087747673,-0.999999050721693,0.));
#7958=DIRECTION('',(-0.999999050721693,0.00137788087747673,0.));
#7959=DIRECTION('',(0.650323379301008,0.759657490145735,0.));
#7960=DIRECTION('',(0.,0.,1.));
#7961=DIRECTION('',(1.,0.,0.));
#7962=DIRECTION('',(0.999999050721693,-0.00137788087747471,0.));
#7963=DIRECTION('',(0.,0.,1.));
#7964=DIRECTION('',(1.,0.,0.));
#7965=DIRECTION('',(-0.649438785686876,0.76041387654721,0.));
#7966=DIRECTION('',(-0.651289908467204,-0.758829002561698,0.));
#7967=DIRECTION('',(0.,0.,1.));
#7968=DIRECTION('',(1.,0.,0.));
#7969=DIRECTION('',(-1.,0.,0.));
#7970=DIRECTION('',(0.,0.,1.));
#7971=DIRECTION('',(1.,0.,0.));
#7972=DIRECTION('',(-0.648474188515345,0.761236643120499,0.));
#7973=DIRECTION('',(-0.999999050721693,0.00137788087747673,0.));
#7974=DIRECTION('',(0.,0.,1.));
#7975=DIRECTION('',(1.,0.,0.));
#7976=DIRECTION('',(0.,0.,1.));
#7977=DIRECTION('',(1.,0.,0.));
#7978=DIRECTION('',(0.00137788087747673,0.999999050721693,0.));
#7979=DIRECTION('',(-0.999999050721693,0.00137788087747673,0.));
#7980=DIRECTION('',(0.,0.,-1.));
#7981=DIRECTION('',(0.,0.,-1.));
#7982=DIRECTION('',(-0.999999050721693,0.00137788087747673,0.));
#7983=DIRECTION('',(0.,0.,1.));
#7984=DIRECTION('',(0.,0.,1.));
#7985=DIRECTION('',(1.,0.,0.));
#7986=DIRECTION('',(0.,0.,1.));
#7987=DIRECTION('',(0.,0.,1.));
#7988=DIRECTION('',(1.,0.,0.));
#7989=DIRECTION('',(0.,0.,1.));
#7990=DIRECTION('',(0.,0.,1.));
#7991=DIRECTION('',(1.,0.,0.));
#7992=DIRECTION('',(0.,0.,1.));
#7993=DIRECTION('',(0.,0.,1.));
#7994=DIRECTION('',(1.,0.,0.));
#7995=DIRECTION('',(0.,0.,1.));
#7996=DIRECTION('',(1.,0.,0.));
#7997=DIRECTION('',(0.,0.,1.));
#7998=DIRECTION('',(0.,0.,1.));
#7999=DIRECTION('',(0.,0.,1.));
#8000=DIRECTION('',(0.,0.,1.));
#8001=DIRECTION('',(1.,0.,0.));
#8002=DIRECTION('',(1.,0.,0.));
#8003=DIRECTION('',(0.,-1.,0.));
#8004=DIRECTION('',(0.,0.,1.));
#8005=DIRECTION('',(1.,0.,0.));
#8006=DIRECTION('',(1.,0.,0.));
#8007=DIRECTION('',(0.,0.,1.));
#8008=DIRECTION('',(1.,0.,0.));
#8009=DIRECTION('',(1.,1.70070929017334E-16,0.));
#8010=DIRECTION('',(0.,1.,0.));
#8011=DIRECTION('',(1.,0.,0.));
#8012=DIRECTION('',(0.,1.,0.));
#8013=DIRECTION('',(0.,0.,1.));
#8014=DIRECTION('',(1.,0.,0.));
#8015=DIRECTION('',(0.,1.,0.));
#8016=DIRECTION('',(1.,1.70070929017334E-16,0.));
#8017=DIRECTION('',(1.,0.,0.));
#8018=DIRECTION('',(0.,-1.,0.));
#8019=DIRECTION('',(0.,0.,-1.));
#8020=DIRECTION('',(-1.,-3.77113799125393E-16,-3.77113799125393E-16));
#8021=DIRECTION('',(0.,0.,-1.));
#8022=DIRECTION('',(0.,-1.,0.));
#8023=DIRECTION('',(0.,0.,-1.));
#8024=DIRECTION('',(-1.,-3.77113799125393E-16,-3.77113799125393E-16));
#8025=DIRECTION('',(0.,-0.707106781186548,0.707106781186548));
#8026=DIRECTION('',(0.,-0.707106781186548,-0.707106781186548));
#8027=DIRECTION('',(1.,0.,0.));
#8028=DIRECTION('',(0.,0.707106781186548,0.707106781186548));
#8029=DIRECTION('',(1.,0.,0.));
#8030=DIRECTION('',(0.,0.,-1.));
#8031=DIRECTION('',(1.,0.,0.));
#8032=DIRECTION('',(0.,0.,-1.));
#8033=DIRECTION('',(1.,0.,0.));
#8034=DIRECTION('',(1.,0.,0.));
#8035=DIRECTION('',(0.,0.,-1.));
#8036=DIRECTION('',(1.,0.,0.));
#8037=DIRECTION('',(0.,-1.,-1.83971884551675E-16));
#8038=DIRECTION('',(0.,1.83971884551675E-16,-1.));
#8039=DIRECTION('',(0.,-1.83971884551675E-16,1.));
#8040=DIRECTION('',(0.,-1.83971884551675E-16,1.));
#8041=DIRECTION('',(0.,0.,1.));
#8042=DIRECTION('',(1.,0.,0.));
#8043=DIRECTION('',(-1.,0.,0.));
#8044=DIRECTION('',(0.,-1.,0.));
#8045=DIRECTION('',(0.,0.,1.));
#8046=DIRECTION('',(1.,0.,0.));
#8047=DIRECTION('',(-1.,0.,0.));
#8048=DIRECTION('',(0.,0.,1.));
#8049=DIRECTION('',(1.,0.,0.));
#8050=DIRECTION('',(-1.,0.,0.));
#8051=DIRECTION('',(0.,-1.,0.));
#8052=DIRECTION('',(0.,1.,0.));
#8053=DIRECTION('',(0.,0.,1.));
#8054=DIRECTION('',(1.,0.,0.));
#8055=DIRECTION('',(0.,1.,0.));
#8056=DIRECTION('',(-1.,0.,0.));
#8057=DIRECTION('',(0.,1.,0.));
#8058=DIRECTION('',(0.,1.,0.));
#8059=DIRECTION('',(0.,0.,1.));
#8060=DIRECTION('',(-1.,0.,0.));
#8061=DIRECTION('',(0.,0.,1.));
#8062=DIRECTION('',(0.,0.,-1.));
#8063=DIRECTION('',(0.,1.,0.));
#8064=DIRECTION('',(0.,0.,1.));
#8065=DIRECTION('',(0.,0.,-1.));
#8066=DIRECTION('',(-1.,0.,0.));
#8067=DIRECTION('',(0.,0.,-1.));
#8068=DIRECTION('',(0.,1.,0.));
#8069=DIRECTION('',(0.,0.,1.));
#8070=DIRECTION('',(-1.,0.,0.));
#8071=DIRECTION('',(0.,0.,-1.));
#8072=DIRECTION('',(0.,1.,0.));
#8073=DIRECTION('',(0.,0.,1.));
#8074=DIRECTION('',(-1.,0.,0.));
#8075=DIRECTION('',(0.,0.,1.));
#8076=DIRECTION('',(1.,0.,0.));
#8077=DIRECTION('',(0.,-1.,0.));
#8078=DIRECTION('',(-1.,0.,0.));
#8079=DIRECTION('',(0.,-1.,0.));
#8080=DIRECTION('',(-1.,0.,0.));
#8081=DIRECTION('',(0.55470019622523,0.832050294337843,0.));
#8082=DIRECTION('',(-0.0854011413464361,-0.996346649041751,0.));
#8083=DIRECTION('',(-0.424147567370151,-0.905593088033463,0.));
#8084=DIRECTION('',(1.,0.,0.));
#8085=DIRECTION('',(0.722363623797373,-0.691513409135591,0.));
#8086=DIRECTION('',(-0.514495755427526,0.857492925712544,0.));
#8087=DIRECTION('',(-1.,0.,0.));
#8088=DIRECTION('',(-0.514495755427526,-0.857492925712544,0.));
#8089=DIRECTION('',(-0.722363623797373,-0.691513409135591,0.));
#8090=DIRECTION('',(1.,0.,0.));
#8091=DIRECTION('',(0.424147567370151,-0.905593088033463,0.));
#8092=DIRECTION('',(0.0854011413464361,-0.996346649041751,0.));
#8093=DIRECTION('',(0.55470019622523,-0.832050294337843,0.));
#8094=DIRECTION('',(0.,1.,0.));
#8095=DIRECTION('',(0.196116135138184,0.98058067569092,0.));
#8096=DIRECTION('',(0.,0.,-1.));
#8097=DIRECTION('',(-1.,0.,0.));
#8098=DIRECTION('',(0.,-1.,0.));
#8099=DIRECTION('',(0.,0.,-1.));
#8100=DIRECTION('',(-1.,0.,0.));
#8101=DIRECTION('',(1.,0.,0.));
#8102=DIRECTION('',(0.,0.,-1.));
#8103=DIRECTION('',(-1.,0.,0.));
#8104=DIRECTION('',(0.,-1.,0.));
#8105=DIRECTION('',(-0.999999050721693,0.00137788087747673,0.));
#8106=DIRECTION('',(0.648474188515344,-0.761236643120499,0.));
#8107=DIRECTION('',(0.,0.,1.));
#8108=DIRECTION('',(1.,0.,0.));
#8109=DIRECTION('',(-1.,0.,0.));
#8110=DIRECTION('',(0.,0.,1.));
#8111=DIRECTION('',(1.,0.,0.));
#8112=DIRECTION('',(0.651289908467203,0.758829002561699,0.));
#8113=DIRECTION('',(-0.999999050721693,0.00137788087747673,0.));
#8114=DIRECTION('',(0.649438785686876,-0.760413876547211,0.));
#8115=DIRECTION('',(0.,0.,1.));
#8116=DIRECTION('',(1.,0.,0.));
#8117=DIRECTION('',(-0.999999050721693,0.00137788087747513,0.));
#8118=DIRECTION('',(0.,0.,1.));
#8119=DIRECTION('',(1.,0.,0.));
#8120=DIRECTION('',(0.650323379301008,0.759657490145735,0.));
#8121=DIRECTION('',(-0.999999050721693,0.00137788087747673,0.));
#8122=DIRECTION('',(0.,-1.,0.));
#8123=DIRECTION('',(0.,0.,-1.));
#8124=DIRECTION('',(-1.,0.,0.));
#8125=DIRECTION('',(1.,0.,0.));
#8126=DIRECTION('',(0.,0.,-1.));
#8127=DIRECTION('',(-1.,0.,0.));
#8128=DIRECTION('',(0.,-1.,0.));
#8129=DIRECTION('',(0.,0.,-1.));
#8130=DIRECTION('',(-1.,0.,0.));
#8131=DIRECTION('',(0.196116135138184,-0.98058067569092,0.));
#8132=DIRECTION('',(0.,1.,0.));
#8133=DIRECTION('',(0.,-1.,0.));
#8134=DIRECTION('',(-1.,0.,0.));
#8135=DIRECTION('',(0.,-1.,0.));
#8136=DIRECTION('',(-1.,0.,0.));
#8137=DIRECTION('',(0.996346649041751,-0.085401141346436,0.));
#8138=DIRECTION('',(-0.0854011413464361,-0.996346649041751,0.));
#8139=DIRECTION('',(-0.0813595351468853,-0.94919457671366,0.303990594555258));
#8140=DIRECTION('',(0.0726080084803591,0.847093432270854,0.526460629209916));
#8141=DIRECTION('',(0.,0.,1.));
#8142=DIRECTION('',(0.857492925712544,-0.514495755427526,0.));
#8143=DIRECTION('',(-0.514495755427526,-0.857492925712544,0.));
#8144=DIRECTION('',(-0.49612748830637,-0.826879147177283,0.264817656719077));
#8145=DIRECTION('',(0.,0.,1.));
#8146=DIRECTION('',(0.,0.,1.));
#8147=DIRECTION('',(-0.498845565119087,0.521100365335093,0.692537010858374));
#8148=DIRECTION('',(-0.496127488306369,-0.826879147177283,0.264817656719077));
#8149=DIRECTION('',(0.811412698213531,0.,0.584473637709896));
#8150=DIRECTION('',(0.811412698213531,0.,0.584473637709896));
#8151=DIRECTION('',(0.49612748830637,0.826879147177283,-0.264817656719077));
#8152=DIRECTION('',(0.0943456877528358,0.826960169457399,-0.554288525348879));
#8153=DIRECTION('',(-0.561960274668243,-0.802800392383204,0.199279150149146));
#8154=DIRECTION('',(0.589090662246764,-0.382236810614982,0.711946073986335));
#8155=DIRECTION('',(0.819231920519041,-0.573462344363328,0.));
#8156=DIRECTION('',(0.573462344363328,0.819231920519041,0.));
#8157=DIRECTION('',(0.554688439670544,0.792412056672207,-0.253779170414715));
#8158=DIRECTION('',(0.,0.,1.));
#8159=DIRECTION('',(-0.473002097525826,0.551226036833326,0.687327339812111));
#8160=DIRECTION('',(0.554688439670544,0.792412056672207,-0.253779170414715));
#8161=DIRECTION('',(-0.823781909070809,0.,-0.566906840925079));
#8162=DIRECTION('',(0.,1.,0.));
#8163=DIRECTION('',(0.,0.,1.));
#8164=DIRECTION('',(0.,0.,1.));
#8165=DIRECTION('',(1.,0.,0.));
#8166=DIRECTION('',(0.,1.,0.));
#8167=DIRECTION('',(1.,0.,0.));
#8168=DIRECTION('',(0.,0.,-1.));
#8169=DIRECTION('',(1.,0.,0.));
#8170=DIRECTION('',(0.,0.,-1.));
#8171=DIRECTION('',(0.,0.,1.));
#8172=DIRECTION('',(0.,0.,-1.));
#8173=DIRECTION('',(0.,0.952351796433673,-0.305001730863213));
#8174=DIRECTION('',(1.,0.,0.));
#8175=DIRECTION('',(0.,0.,-1.));
#8176=DIRECTION('',(1.,0.,0.));
#8177=DIRECTION('',(0.,0.,-1.));
#8178=DIRECTION('',(0.,1.,0.));
#8179=DIRECTION('',(0.,0.,-1.));
#8180=DIRECTION('',(1.,0.,0.));
#8181=DIRECTION('',(0.,0.,-1.));
#8182=DIRECTION('',(1.,0.,0.));
#8183=DIRECTION('',(0.,0.,-1.));
#8184=DIRECTION('',(0.,0.,1.));
#8185=DIRECTION('',(0.,0.707106781186548,0.707106781186547));
#8186=DIRECTION('',(-1.,-1.3695185336659E-16,0.));
#8187=DIRECTION('',(1.3695185336659E-16,-1.,0.));
#8188=DIRECTION('',(1.3695185336659E-16,-1.,0.));
#8189=DIRECTION('',(-1.,-1.3695185336659E-16,0.));
#8190=DIRECTION('',(1.3695185336659E-16,-1.,0.));
#8191=DIRECTION('',(1.28232016229296E-16,-0.936329177569045,0.351123441588391));
#8192=DIRECTION('',(0.,0.,1.));
#8193=DIRECTION('',(0.,0.,1.));
#8194=DIRECTION('',(1.,0.,0.));
#8195=DIRECTION('',(1.3695185336659E-16,-1.,0.));
#8196=DIRECTION('',(0.,0.,1.));
#8197=DIRECTION('',(1.,0.,0.));
#8198=DIRECTION('',(-1.,0.,0.));
#8199=DIRECTION('',(0.,0.,1.));
#8200=DIRECTION('',(1.,0.,0.));
#8201=DIRECTION('',(1.3695185336659E-16,-1.,0.));
#8202=DIRECTION('',(1.3695185336659E-16,-1.,0.));
#8203=DIRECTION('',(1.,0.,0.));
#8204=DIRECTION('',(1.,0.,0.));
#8205=DIRECTION('',(0.,0.,-1.));
#8206=DIRECTION('',(-1.,-1.3695185336659E-16,0.));
#8207=DIRECTION('',(1.3695185336659E-16,-1.,0.));
#8208=DIRECTION('',(-1.,0.,0.));
#8209=DIRECTION('',(0.,-0.351123441588391,-0.936329177569045));
#8210=DIRECTION('',(1.,0.,0.));
#8211=DIRECTION('',(-1.28232016229296E-16,0.936329177569045,-0.351123441588391));
#8212=DIRECTION('',(-1.28232016229296E-16,0.936329177569045,-0.351123441588391));
#8213=DIRECTION('',(1.,0.,0.));
#8214=DIRECTION('',(1.28232016229296E-16,-0.936329177569045,0.351123441588391));
#8215=DIRECTION('',(-1.,-1.3695185336659E-16,0.));
#8216=DIRECTION('',(1.3695185336659E-16,-1.,0.));
#8217=DIRECTION('',(0.,0.,1.));
#8218=DIRECTION('',(-5.92327458161301E-16,1.,0.));
#8219=DIRECTION('',(-1.,-5.92327458161301E-16,0.));
#8220=DIRECTION('',(0.,0.,-1.));
#8221=DIRECTION('',(-5.92327458161301E-16,1.,0.));
#8222=DIRECTION('',(1.75940574579774E-16,1.04214433328277E-31,-1.));
#8223=DIRECTION('',(1.,5.92327458161301E-16,-1.53308283288807E-15));
#8224=DIRECTION('',(0.,0.,1.));
#8225=DIRECTION('',(-1.,-5.92327458161301E-16,0.));
#8226=DIRECTION('',(0.,0.,-1.));
#8227=DIRECTION('',(-1.,-5.92327458161301E-16,-4.33680868994202E-16));
#8228=DIRECTION('',(0.,0.,-1.));
#8229=DIRECTION('',(0.,1.,0.));
#8230=DIRECTION('',(0.,0.,1.));
#8231=DIRECTION('',(0.,0.,1.));
#8232=DIRECTION('',(0.,0.,1.));
#8233=DIRECTION('',(0.,0.,1.));
#8234=DIRECTION('',(-0.857492925712544,-0.514495755427526,0.));
#8235=DIRECTION('',(0.514495755427526,-0.857492925712544,0.));
#8236=DIRECTION('',(0.49612748830637,-0.826879147177283,0.264817656719077));
#8237=DIRECTION('',(0.,0.,1.));
#8238=DIRECTION('',(-1.,-1.3695185336659E-16,0.));
#8239=DIRECTION('',(1.3695185336659E-16,-1.,0.));
#8240=DIRECTION('',(0.498845565119087,0.521100365335093,0.692537010858374));
#8241=DIRECTION('',(0.496127488306369,-0.826879147177283,0.264817656719077));
#8242=DIRECTION('',(0.561960274668243,-0.802800392383204,0.199279150149146));
#8243=DIRECTION('',(0.0943456877528358,-0.826960169457399,0.554288525348879));
#8244=DIRECTION('',(-0.49612748830637,0.826879147177283,-0.264817656719077));
#8245=DIRECTION('',(-0.811412698213531,0.,0.584473637709896));
#8246=DIRECTION('',(-0.811412698213531,0.,0.584473637709896));
#8247=DIRECTION('',(-0.589090662246764,-0.382236810614981,0.711946073986335));
#8248=DIRECTION('',(-1.,-1.3695185336659E-16,0.));
#8249=DIRECTION('',(1.3695185336659E-16,-1.,0.));
#8250=DIRECTION('',(0.,0.,1.));
#8251=DIRECTION('',(1.,0.,0.));
#8252=DIRECTION('',(0.,0.,1.));
#8253=DIRECTION('',(1.,0.,0.));
#8254=DIRECTION('',(0.,0.,1.));
#8255=DIRECTION('',(1.,0.,0.));
#8256=DIRECTION('',(0.,0.,1.));
#8257=DIRECTION('',(1.,0.,0.));
#8258=DIRECTION('',(-0.832050294337843,0.55470019622523,0.));
#8259=DIRECTION('',(0.55470019622523,0.832050294337843,0.));
#8260=DIRECTION('',(-0.55470019622523,-0.832050294337843,0.));
#8261=DIRECTION('',(0.,0.,1.));
#8262=DIRECTION('',(0.55470019622523,0.832050294337843,0.));
#8263=DIRECTION('',(0.832050294337843,-0.55470019622523,0.));
#8264=DIRECTION('',(-0.55470019622523,-0.832050294337843,0.));
#8265=DIRECTION('',(0.,-1.,0.));
#8266=DIRECTION('',(1.,0.,0.));
#8267=DIRECTION('',(0.,-1.,0.));
#8268=DIRECTION('',(0.,0.,-1.));
#8269=DIRECTION('',(0.,-1.,0.));
#8270=DIRECTION('',(0.,0.,-1.));
#8271=DIRECTION('',(0.,-1.,0.));
#8272=DIRECTION('',(0.,0.,-1.));
#8273=DIRECTION('',(0.876215908676647,-0.481918749772156,0.));
#8274=DIRECTION('',(0.481918749772156,0.876215908676647,0.));
#8275=DIRECTION('',(-0.47906264861856,-0.871022997488291,-0.108710241215276));
#8276=DIRECTION('',(0.,0.,1.));
#8277=DIRECTION('',(0.481918749772156,0.876215908676647,0.));
#8278=DIRECTION('',(0.,0.,1.));
#8279=DIRECTION('',(1.,0.,0.));
#8280=DIRECTION('',(-0.00137788087747673,-0.999999050721693,0.));
#8281=DIRECTION('',(0.196116135138184,-0.98058067569092,0.));
#8282=DIRECTION('',(0.,1.,0.));
#8283=DIRECTION('',(0.481918749772156,0.876215908676647,0.));
#8284=DIRECTION('',(0.,0.,1.));
#8285=DIRECTION('',(1.,0.,0.));
#8286=DIRECTION('',(0.,0.,1.));
#8287=DIRECTION('',(1.,0.,0.));
#8288=DIRECTION('',(0.,0.,1.));
#8289=DIRECTION('',(1.,0.,0.));
#8290=DIRECTION('',(-0.624695047554424,-0.78086880944303,0.));
#8291=DIRECTION('',(-1.,0.,0.));
#8292=DIRECTION('',(0.,0.,1.));
#8293=DIRECTION('',(1.,0.,0.));
#8294=DIRECTION('',(0.,1.,0.));
#8295=DIRECTION('',(0.196116135138184,-0.98058067569092,0.));
#8296=DIRECTION('',(-1.,0.,0.));
#8297=DIRECTION('',(0.,0.,-1.));
#8298=DIRECTION('',(1.,0.,0.));
#8299=DIRECTION('',(0.,0.,-1.));
#8300=DIRECTION('',(0.,0.556772008250082,0.830665354296885));
#8301=DIRECTION('',(-1.,0.,0.));
#8302=DIRECTION('',(-0.266213572450179,0.800690022252581,-0.536680372389818));
#8303=DIRECTION('',(-1.,0.,0.));
#8304=DIRECTION('',(-0.614651986037217,0.287881111397445,0.73438913510555));
#8305=DIRECTION('',(-0.0813595351468854,-0.94919457671366,0.303990594555258));
#8306=DIRECTION('',(0.0813595351468854,0.94919457671366,-0.303990594555258));
#8307=DIRECTION('',(-0.656780744804202,0.437853829869469,-0.613940613514919));
#8308=DIRECTION('',(-0.55470019622523,-0.832050294337843,0.));
#8309=DIRECTION('',(0.,-0.8141567396209,-0.580645161290324));
#8310=DIRECTION('',(-0.656780744804202,0.437853829869469,-0.613940613514919));
#8311=DIRECTION('',(-0.510829468181045,0.340552978787364,0.789352217376327));
#8312=DIRECTION('',(1.,0.,0.));
#8313=DIRECTION('',(0.,0.,-1.));
#8314=DIRECTION('',(1.,0.,0.));
#8315=DIRECTION('',(-1.,0.,0.));
#8316=DIRECTION('',(1.,0.,0.));
#8317=DIRECTION('',(0.,0.,-1.));
#8318=DIRECTION('',(0.,-1.,0.));
#8319=DIRECTION('',(0.,0.,-1.));
#8320=DIRECTION('',(0.,-1.,0.));
#8321=DIRECTION('',(0.,0.,-1.));
#8322=DIRECTION('',(-1.,0.,0.));
#8323=DIRECTION('',(0.,1.,0.));
#8324=DIRECTION('',(-1.,0.,0.));
#8325=DIRECTION('',(0.,0.,1.));
#8326=DIRECTION('',(0.,-1.,0.));
#8327=DIRECTION('',(0.,0.,1.));
#8328=DIRECTION('',(1.,0.,0.));
#8329=DIRECTION('',(0.,0.,-1.));
#8330=DIRECTION('',(0.,0.,1.));
#8331=DIRECTION('',(1.,0.,0.));
#8332=DIRECTION('',(0.,0.,1.));
#8333=DIRECTION('',(0.,0.,1.));
#8334=DIRECTION('',(1.,0.,0.));
#8335=DIRECTION('',(0.,0.,1.));
#8336=DIRECTION('',(1.,0.,0.));
#8337=DIRECTION('',(0.,0.,1.));
#8338=DIRECTION('',(0.,0.,1.));
#8339=DIRECTION('',(1.,0.,0.));
#8340=DIRECTION('',(0.,0.,1.));
#8341=DIRECTION('',(1.,0.,0.));
#8342=DIRECTION('',(0.,0.,1.));
#8343=DIRECTION('',(-0.78086880944303,0.624695047554424,0.));
#8344=DIRECTION('',(-0.624695047554424,-0.78086880944303,0.));
#8345=DIRECTION('',(0.624695047554424,0.78086880944303,0.));
#8346=DIRECTION('',(0.,0.,1.));
#8347=DIRECTION('',(-0.78086880944303,0.624695047554424,0.));
#8348=DIRECTION('',(0.624695047554424,0.78086880944303,0.));
#8349=DIRECTION('',(0.,0.,1.));
#8350=DIRECTION('',(0.,0.,1.));
#8351=DIRECTION('',(1.,0.,0.));
#8352=DIRECTION('',(0.,0.,1.));
#8353=DIRECTION('',(1.,0.,0.));
#8354=DIRECTION('',(0.,0.,1.));
#8355=DIRECTION('',(0.,1.,0.));
#8356=DIRECTION('',(0.,0.,1.));
#8357=DIRECTION('',(1.,0.,0.));
#8358=DIRECTION('',(0.,0.305001730863213,0.952351796433673));
#8359=DIRECTION('',(0.,-0.952351796433673,0.305001730863213));
#8360=DIRECTION('',(1.,0.,0.));
#8361=DIRECTION('',(1.,0.,0.));
#8362=DIRECTION('',(1.,0.,0.));
#8363=DIRECTION('',(0.,0.,-1.));
#8364=DIRECTION('',(1.,0.,0.));
#8365=DIRECTION('',(0.,-1.,0.));
#8366=DIRECTION('',(1.,0.,0.));
#8367=DIRECTION('',(1.,0.,0.));
#8368=DIRECTION('',(1.,0.,0.));
#8369=DIRECTION('',(1.,0.,0.));
#8370=DIRECTION('',(0.,0.,-1.));
#8371=DIRECTION('',(1.,0.,0.));
#8372=DIRECTION('',(1.,0.,0.));
#8373=DIRECTION('',(0.,0.,-1.));
#8374=DIRECTION('',(1.,0.,0.));
#8375=DIRECTION('',(0.,0.,1.));
#8376=DIRECTION('',(1.,0.,0.));
#8377=DIRECTION('',(-1.,0.,0.));
#8378=DIRECTION('',(1.,0.,0.));
#8379=DIRECTION('',(0.,1.,0.));
#8380=DIRECTION('',(-1.,0.,0.));
#8381=DIRECTION('',(1.,0.,0.));
#8382=DIRECTION('',(0.,0.,-1.));
#8383=DIRECTION('',(-5.92327458161301E-16,1.,0.));
#8384=DIRECTION('',(-1.,-5.92327458161301E-16,0.));
#8385=DIRECTION('',(0.,0.,-1.));
#8386=DIRECTION('',(1.,5.92327458161301E-16,4.33680868994202E-16));
#8387=DIRECTION('',(0.,0.,1.));
#8388=DIRECTION('',(-1.,-5.92327458161301E-16,0.));
#8389=DIRECTION('',(0.,0.,1.));
#8390=DIRECTION('',(-1.,-5.92327458161301E-16,1.53308283288807E-15));
#8391=DIRECTION('',(-5.92327458161301E-16,1.,0.));
#8392=DIRECTION('',(2.2885379065323E-16,1.35556384108206E-31,-1.));
#8393=DIRECTION('',(0.,0.,-1.));
#8394=DIRECTION('',(1.,0.,0.));
#8395=DIRECTION('',(0.,0.,-1.));
#8396=DIRECTION('',(1.,0.,0.));
#8397=DIRECTION('',(1.,0.,0.));
#8398=DIRECTION('',(0.,0.,-1.));
#8399=DIRECTION('',(1.,0.,0.));
#8400=DIRECTION('',(1.,0.,0.));
#8401=DIRECTION('',(0.,0.,-1.));
#8402=DIRECTION('',(1.,0.,0.));
#8403=DIRECTION('',(1.,0.,0.));
#8404=DIRECTION('',(0.,-1.,0.));
#8405=DIRECTION('',(0.,0.,-1.));
#8406=DIRECTION('',(0.,-1.,0.));
#8407=DIRECTION('',(0.,0.,-1.));
#8408=DIRECTION('',(0.,-1.,0.));
#8409=DIRECTION('',(1.,0.,0.));
#8410=DIRECTION('',(0.,-1.,0.));
#8411=DIRECTION('',(0.,0.,-1.));
#8412=DIRECTION('',(1.,0.,0.));
#8413=DIRECTION('',(0.,0.,-1.));
#8414=DIRECTION('',(1.,0.,0.));
#8415=DIRECTION('',(0.,0.,-1.));
#8416=DIRECTION('',(0.,0.,1.));
#8417=DIRECTION('',(1.,0.,0.));
#8418=DIRECTION('',(0.,0.,1.));
#8419=DIRECTION('',(1.,0.,0.));
#8420=DIRECTION('',(0.,-1.,0.));
#8421=DIRECTION('',(0.,0.,-1.));
#8422=DIRECTION('',(0.,-1.,0.));
#8423=DIRECTION('',(0.,0.,-1.));
#8424=DIRECTION('',(0.,0.,1.));
#8425=DIRECTION('',(-1.,0.,0.));
#8426=DIRECTION('',(0.,0.,1.));
#8427=DIRECTION('',(0.,0.,1.));
#8428=DIRECTION('',(1.,0.,0.));
#8429=DIRECTION('',(0.,0.,1.));
#8430=DIRECTION('',(0.614651986037217,0.287881111397445,0.73438913510555));
#8431=DIRECTION('',(0.0813595351468854,-0.94919457671366,0.303990594555258));
#8432=DIRECTION('',(-0.266213572450179,-0.800690022252581,0.536680372389818));
#8433=DIRECTION('',(-0.0813595351468854,0.94919457671366,-0.303990594555258));
#8434=DIRECTION('',(0.0813595351468853,-0.94919457671366,0.303990594555258));
#8435=DIRECTION('',(0.,0.556772008250082,0.830665354296885));
#8436=DIRECTION('',(-1.,0.,0.));
#8437=DIRECTION('',(-1.,0.,0.));
#8438=DIRECTION('',(-0.996346649041751,-0.085401141346436,0.));
#8439=DIRECTION('',(0.0854011413464361,-0.996346649041751,0.));
#8440=DIRECTION('',(0.,0.,1.));
#8441=DIRECTION('',(0.0726080084803591,-0.847093432270854,-0.526460629209916));
#8442=DIRECTION('',(0.,1.,0.));
#8443=DIRECTION('',(0.,0.,1.));
#8444=DIRECTION('',(0.,0.,-1.));
#8445=DIRECTION('',(1.,0.,0.));
#8446=DIRECTION('',(0.,0.305001730863213,0.952351796433673));
#8447=DIRECTION('',(0.,-0.952351796433673,0.305001730863213));
#8448=DIRECTION('',(0.,0.952351796433673,-0.305001730863213));
#8449=DIRECTION('',(-1.,0.,0.));
#8450=DIRECTION('',(-1.,0.,0.));
#8451=DIRECTION('',(0.,0.,1.));
#8452=DIRECTION('',(1.,0.,0.));
#8453=DIRECTION('',(0.,0.,-1.));
#8454=DIRECTION('',(1.,0.,0.));
#8455=DIRECTION('',(0.,1.,0.));
#8456=DIRECTION('',(0.,-1.,0.));
#8457=DIRECTION('',(1.,0.,0.));
#8458=DIRECTION('',(0.,0.,-1.));
#8459=DIRECTION('',(0.,0.,1.));
#8460=DIRECTION('',(1.,0.,0.));
#8461=DIRECTION('',(0.,0.,1.));
#8462=DIRECTION('',(1.,0.,0.));
#8463=DIRECTION('',(0.,0.,1.));
#8464=DIRECTION('',(0.,0.,1.));
#8465=DIRECTION('',(1.,0.,0.));
#8466=DIRECTION('',(0.,0.,1.));
#8467=DIRECTION('',(0.78086880944303,0.624695047554424,0.));
#8468=DIRECTION('',(0.624695047554424,-0.78086880944303,0.));
#8469=DIRECTION('',(0.624695047554424,-0.78086880944303,0.));
#8470=DIRECTION('',(0.,0.,1.));
#8471=DIRECTION('',(-0.78086880944303,-0.624695047554424,0.));
#8472=DIRECTION('',(-0.624695047554424,0.78086880944303,0.));
#8473=DIRECTION('',(1.,0.,0.));
#8474=DIRECTION('',(0.,0.,-1.));
#8475=DIRECTION('',(-1.,0.,0.));
#8476=DIRECTION('',(0.832050294337843,0.55470019622523,0.));
#8477=DIRECTION('',(0.55470019622523,-0.832050294337843,0.));
#8478=DIRECTION('',(0.,1.,0.));
#8479=DIRECTION('',(-1.,0.,0.));
#8480=DIRECTION('',(-1.,0.,0.));
#8481=DIRECTION('',(0.,0.,-1.));
#8482=DIRECTION('',(1.,0.,0.));
#8483=DIRECTION('',(1.,0.,0.));
#8484=DIRECTION('',(0.,0.,-1.));
#8485=DIRECTION('',(1.,0.,0.));
#8486=DIRECTION('',(0.,0.,-1.));
#8487=DIRECTION('',(1.,0.,0.));
#8488=DIRECTION('',(1.,0.,0.));
#8489=DIRECTION('',(0.,0.,-1.));
#8490=DIRECTION('',(1.,0.,0.));
#8491=DIRECTION('',(1.,0.,0.));
#8492=DIRECTION('',(0.,0.,-1.));
#8493=DIRECTION('',(0.,-1.,0.));
#8494=DIRECTION('',(1.,0.,0.));
#8495=DIRECTION('',(0.,0.,1.));
#8496=DIRECTION('',(1.,0.,0.));
#8497=DIRECTION('',(0.832050294337843,0.55470019622523,0.));
#8498=DIRECTION('',(-0.55470019622523,0.832050294337843,0.));
#8499=DIRECTION('',(0.,0.,1.));
#8500=DIRECTION('',(-0.55470019622523,0.832050294337843,0.));
#8501=DIRECTION('',(0.,0.,1.));
#8502=DIRECTION('',(1.,0.,0.));
#8503=DIRECTION('',(0.,0.,1.));
#8504=DIRECTION('',(1.,0.,0.));
#8505=DIRECTION('',(0.,0.,1.));
#8506=DIRECTION('',(0.,0.,1.));
#8507=DIRECTION('',(1.,0.,0.));
#8508=DIRECTION('',(0.,1.,0.));
#8509=DIRECTION('',(0.,0.,1.));
#8510=DIRECTION('',(1.,0.,0.));
#8511=DIRECTION('',(0.,0.,1.));
#8512=DIRECTION('',(1.,0.,0.));
#8513=DIRECTION('',(0.,0.,1.));
#8514=DIRECTION('',(0.876215908676647,0.481918749772156,0.));
#8515=DIRECTION('',(-0.481918749772156,0.876215908676647,0.));
#8516=DIRECTION('',(0.,0.,1.));
#8517=DIRECTION('',(-0.47906264861856,0.871022997488291,0.108710241215275));
#8518=DIRECTION('',(0.656780744804202,0.437853829869469,-0.613940613514919));
#8519=DIRECTION('',(0.55470019622523,-0.832050294337843,0.));
#8520=DIRECTION('',(0.656780744804202,0.437853829869469,-0.613940613514919));
#8521=DIRECTION('',(0.510829468181045,0.340552978787364,0.789352217376327));
#8522=DIRECTION('',(0.,0.8141567396209,0.580645161290324));
#8523=DIRECTION('',(1.,0.,0.));
#8524=DIRECTION('',(0.,1.,0.));
#8525=DIRECTION('',(-1.,0.,0.));
#8526=DIRECTION('',(0.,0.,1.));
#8527=DIRECTION('',(-1.,0.,0.));
#8528=DIRECTION('',(0.,0.,1.));
#8529=DIRECTION('',(0.,-0.707106781186548,-0.707106781186547));
#8530=DIRECTION('',(-1.,-1.3695185336659E-16,0.));
#8531=DIRECTION('',(1.3695185336659E-16,-1.,0.));
#8532=DIRECTION('',(0.,-0.806854670758608,-0.590749981189181));
#8533=DIRECTION('',(0.,0.,1.));
#8534=DIRECTION('',(-1.,-1.3695185336659E-16,0.));
#8535=DIRECTION('',(1.3695185336659E-16,-1.,0.));
#8536=DIRECTION('',(0.,-0.806854670758608,-0.590749981189181));
#8537=DIRECTION('',(0.,0.,1.));
#8538=DIRECTION('',(0.,0.,1.));
#8539=DIRECTION('',(1.,0.,0.));
#8540=DIRECTION('',(1.,2.64843278775085E-16,0.));
#8541=DIRECTION('',(0.,-1.,0.));
#8542=DIRECTION('',(1.,0.,0.));
#8543=DIRECTION('',(0.,0.,1.));
#8544=DIRECTION('',(1.,0.,0.));
#8545=DIRECTION('',(0.,1.,0.));
#8546=DIRECTION('',(0.,0.,1.));
#8547=DIRECTION('',(0.,1.,0.));
#8548=DIRECTION('',(-1.,0.,0.));
#8549=DIRECTION('',(0.,1.,0.));
#8550=DIRECTION('',(0.,-1.,0.));
#8551=DIRECTION('',(-1.,0.,0.));
#8552=DIRECTION('',(0.,0.,1.));
#8553=DIRECTION('',(1.,0.,0.));
#8554=DIRECTION('',(-1.,0.,0.));
#8555=DIRECTION('',(0.,0.,1.));
#8556=DIRECTION('',(1.,0.,0.));
#8557=DIRECTION('',(1.,0.,0.));
#8558=DIRECTION('',(0.,-1.,0.));
#8559=DIRECTION('',(0.,1.,0.));
#8560=DIRECTION('',(1.,0.,0.));
#8561=DIRECTION('',(0.,0.,1.));
#8562=DIRECTION('',(-1.3695185336659E-16,1.,0.));
#8563=DIRECTION('',(1.3695185336659E-16,-1.,0.));
#8564=DIRECTION('',(-1.,0.,0.));
#8565=DIRECTION('',(0.,0.,1.));
#8566=DIRECTION('',(1.,0.,0.));
#8567=DIRECTION('',(0.,1.,0.));
#8568=DIRECTION('',(0.,0.,1.));
#8569=DIRECTION('',(1.,0.,0.));
#8570=DIRECTION('',(-1.,-1.3695185336659E-16,0.));
#8571=DIRECTION('',(1.3695185336659E-16,-1.,0.));
#8572=DIRECTION('',(4.93573492387193E-17,-0.360399279202163,0.932798134405597));
#8573=DIRECTION('',(0.,0.,1.));
#8574=DIRECTION('',(0.,0.932798134405597,0.360399279202163));
#8575=DIRECTION('',(0.,-0.360399279202163,0.932798134405597));
#8576=DIRECTION('',(0.,0.360399279202163,-0.932798134405597));
#8577=DIRECTION('',(0.,-0.360399279202163,0.932798134405597));
#8578=DIRECTION('',(1.,0.,0.));
#8579=DIRECTION('',(0.,1.,0.));
#8580=DIRECTION('',(0.,0.590749981189181,-0.806854670758608));
#8581=DIRECTION('',(0.,0.806854670758608,0.590749981189181));
#8582=DIRECTION('',(0.,0.590749981189181,-0.806854670758608));
#8583=DIRECTION('',(0.,-0.806854670758608,-0.590749981189181));
#8584=DIRECTION('',(-1.,0.,0.));
#8585=DIRECTION('',(0.,0.806854670758608,0.590749981189181));
#8586=DIRECTION('',(0.,-0.590749981189181,0.806854670758608));
#8587=DIRECTION('',(0.,-0.806854670758608,-0.590749981189181));
#8588=DIRECTION('',(0.,-0.806854670758608,-0.590749981189181));
#8589=DIRECTION('',(1.,0.,0.));
#8590=DIRECTION('',(0.,-0.590749981189181,0.806854670758608));
#8591=DIRECTION('',(0.,0.806854670758608,0.590749981189181));
#8592=DIRECTION('',(1.,0.,0.));
#8593=DIRECTION('',(0.,1.,0.));
#8594=DIRECTION('',(0.,0.360399279202163,-0.932798134405597));
#8595=DIRECTION('',(0.,-0.932798134405597,-0.360399279202163));
#8596=DIRECTION('',(0.,0.360399279202163,-0.932798134405597));
#8597=DIRECTION('',(4.93573492387193E-17,-0.360399279202163,0.932798134405597));
#8598=DIRECTION('',(-1.,0.,0.));
#8599=DIRECTION('',(0.,0.,1.));
#8600=DIRECTION('',(-1.,0.,0.));
#8601=DIRECTION('',(0.,0.,1.));
#8602=DIRECTION('',(0.,0.390270184920487,-0.92070037621483));
#8603=DIRECTION('',(-1.,0.,0.));
#8604=DIRECTION('',(0.,0.,1.));
#8605=DIRECTION('',(0.,-0.390270184920487,0.92070037621483));
#8606=DIRECTION('',(-1.,0.,0.));
#8607=DIRECTION('',(0.,0.,1.));
#8608=DIRECTION('',(-1.,0.,0.));
#8609=DIRECTION('',(0.,0.,1.));
#8610=DIRECTION('',(0.,-0.360399279202163,0.932798134405597));
#8611=DIRECTION('',(0.,0.,-1.));
#8612=DIRECTION('',(-4.93573492387193E-17,0.360399279202163,-0.932798134405597));
#8613=DIRECTION('',(0.,0.932798134405597,0.360399279202163));
#8614=DIRECTION('',(0.,0.360399279202163,-0.932798134405597));
#8615=DIRECTION('',(0.,0.932798134405597,0.360399279202163));
#8616=DIRECTION('',(0.,0.,-1.));
#8617=DIRECTION('',(-1.,0.,0.));
#8618=DIRECTION('',(0.,0.,-1.));
#8619=DIRECTION('',(0.,0.,1.));
#8620=DIRECTION('',(1.,0.,0.));
#8621=DIRECTION('',(0.,0.,1.));
#8622=DIRECTION('',(0.,0.,-1.));
#8623=DIRECTION('',(-1.,0.,0.));
#8624=DIRECTION('',(0.,0.,-1.));
#8625=DIRECTION('',(0.,0.,1.));
#8626=DIRECTION('',(1.,0.,0.));
#8627=DIRECTION('',(0.,0.,-1.));
#8628=DIRECTION('',(-1.,0.,0.));
#8629=DIRECTION('',(0.,0.,-1.));
#8630=DIRECTION('',(0.,0.,1.));
#8631=DIRECTION('',(1.,0.,0.));
#8632=DIRECTION('',(0.,0.,-1.));
#8633=DIRECTION('',(-1.,0.,0.));
#8634=DIRECTION('',(0.,0.,1.));
#8635=DIRECTION('',(0.,0.,1.));
#8636=DIRECTION('',(1.,0.,0.));
#8637=DIRECTION('',(0.,0.,-1.));
#8638=DIRECTION('',(0.,0.,-1.));
#8639=DIRECTION('',(-1.,0.,0.));
#8640=DIRECTION('',(0.,0.,1.));
#8641=DIRECTION('',(1.,0.,0.));
#8642=DIRECTION('',(0.,0.,-1.));
#8643=DIRECTION('',(1.,0.,0.));
#8644=DIRECTION('',(0.,0.,-1.));
#8645=DIRECTION('',(0.,-1.,0.));
#8646=DIRECTION('',(0.,0.,-1.));
#8647=DIRECTION('',(-1.,0.,0.));
#8648=DIRECTION('',(0.,0.,-1.));
#8649=DIRECTION('',(0.,0.,1.));
#8650=DIRECTION('',(1.,0.,0.));
#8651=DIRECTION('',(0.,0.,-1.));
#8652=DIRECTION('',(0.,-1.,0.));
#8653=DIRECTION('',(0.,0.,-1.));
#8654=DIRECTION('',(-1.,0.,0.));
#8655=DIRECTION('',(0.,0.,-1.));
#8656=DIRECTION('',(-1.,0.,0.));
#8657=DIRECTION('',(0.,0.,-1.));
#8658=DIRECTION('',(0.,0.,1.));
#8659=DIRECTION('',(1.,0.,0.));
#8660=DIRECTION('',(0.,0.,-1.));
#8661=DIRECTION('',(-1.,0.,0.));
#8662=DIRECTION('',(0.,0.,1.));
#8663=DIRECTION('',(0.,1.,0.));
#8664=DIRECTION('',(0.,1.,0.));
#8665=DIRECTION('',(0.,0.,1.));
#8666=DIRECTION('',(1.,0.,0.));
#8667=DIRECTION('',(0.,0.,1.));
#8668=DIRECTION('',(1.,0.,0.));
#8669=DIRECTION('',(-0.650323379301009,-0.759657490145734,0.));
#8670=DIRECTION('',(0.,-1.,0.));
#8671=DIRECTION('',(-0.999999050721693,0.00137788087747491,0.));
#8672=DIRECTION('',(0.,0.,-1.));
#8673=DIRECTION('',(-1.,0.,0.));
#8674=DIRECTION('',(0.,0.,-1.));
#8675=DIRECTION('',(0.,0.,-1.));
#8676=DIRECTION('',(0.,1.,0.));
#8677=DIRECTION('',(0.,0.,1.));
#8678=DIRECTION('',(0.,0.,-1.));
#8679=DIRECTION('',(0.,0.,-1.));
#8680=DIRECTION('',(-1.,0.,0.));
#8681=DIRECTION('',(0.,0.,-1.));
#8682=DIRECTION('',(0.,0.,-1.));
#8683=DIRECTION('',(-1.,0.,0.));
#8684=DIRECTION('',(0.,0.,-1.));
#8685=DIRECTION('',(0.,0.,-1.));
#8686=DIRECTION('',(0.,1.,0.));
#8687=DIRECTION('',(0.,0.,1.));
#8688=DIRECTION('',(0.,0.,-1.));
#8689=DIRECTION('',(0.,0.,-1.));
#8690=DIRECTION('',(-1.,0.,0.));
#8691=DIRECTION('',(0.,0.,-1.));
#8692=DIRECTION('',(0.,0.,-1.));
#8693=DIRECTION('',(-1.,0.,0.));
#8694=DIRECTION('',(0.,0.,1.));
#8695=DIRECTION('',(0.,0.,1.));
#8696=DIRECTION('',(0.761236643120499,0.648474188515345,0.));
#8697=DIRECTION('',(-0.648474188515345,0.761236643120499,0.));
#8698=DIRECTION('',(-0.761236643120499,-0.648474188515344,0.));
#8699=DIRECTION('',(-0.648474188515344,0.761236643120499,0.));
#8700=DIRECTION('',(0.,0.,1.));
#8701=DIRECTION('',(0.,0.,-1.));
#8702=DIRECTION('',(-1.,0.,0.));
#8703=DIRECTION('',(0.,0.,1.));
#8704=DIRECTION('',(0.,0.,1.));
#8705=DIRECTION('',(-0.758829002561698,0.651289908467204,0.));
#8706=DIRECTION('',(-0.651289908467204,-0.758829002561698,0.));
#8707=DIRECTION('',(0.758829002561699,-0.651289908467203,0.));
#8708=DIRECTION('',(-0.651289908467203,-0.758829002561699,0.));
#8709=DIRECTION('',(0.,1.,0.));
#8710=DIRECTION('',(0.,0.,1.));
#8711=DIRECTION('',(0.00137788087747491,0.999999050721693,0.));
#8712=DIRECTION('',(-0.999999050721693,0.00137788087747491,0.));
#8713=DIRECTION('',(0.,0.,1.));
#8714=DIRECTION('',(0.00137788087747491,0.999999050721693,0.));
#8715=DIRECTION('',(-0.999999050721693,0.00137788087747491,0.));
#8716=DIRECTION('',(0.,0.,1.));
#8717=DIRECTION('',(-0.759657490145734,0.650323379301009,0.));
#8718=DIRECTION('',(-0.650323379301009,-0.759657490145734,0.));
#8719=DIRECTION('',(-0.759657490145734,0.650323379301009,0.));
#8720=DIRECTION('',(0.650323379301009,0.759657490145734,0.));
#8721=DIRECTION('',(0.,0.,1.));
#8722=DIRECTION('',(0.,0.,1.));
#8723=DIRECTION('',(0.,0.,1.));
#8724=DIRECTION('',(0.,0.,-1.));
#8725=DIRECTION('',(-1.,0.,0.));
#8726=DIRECTION('',(0.,0.,-1.));
#8727=DIRECTION('',(1.,0.,0.));
#8728=DIRECTION('',(0.,0.,-1.));
#8729=DIRECTION('',(1.,0.,0.));
#8730=DIRECTION('',(0.,0.,-1.));
#8731=DIRECTION('',(0.,0.,1.));
#8732=DIRECTION('',(0.,0.,1.));
#8733=DIRECTION('',(0.98058067569092,-0.196116135138184,0.));
#8734=DIRECTION('',(0.196116135138184,0.98058067569092,0.));
#8735=DIRECTION('',(-0.98058067569092,-0.196116135138184,0.));
#8736=DIRECTION('',(0.196116135138184,-0.98058067569092,0.));
#8737=DIRECTION('',(0.,0.,1.));
#8738=DIRECTION('',(1.,0.,0.));
#8739=DIRECTION('',(0.,0.,-1.));
#8740=DIRECTION('',(1.,0.,0.));
#8741=DIRECTION('',(0.,0.,-1.));
#8742=DIRECTION('',(0.,0.,1.));
#8743=DIRECTION('',(1.,0.,0.));
#8744=DIRECTION('',(0.,0.,-1.));
#8745=DIRECTION('',(1.,0.,0.));
#8746=DIRECTION('',(0.,0.,-1.));
#8747=DIRECTION('',(1.,0.,0.));
#8748=DIRECTION('',(0.,0.,-1.));
#8749=DIRECTION('',(1.,0.,0.));
#8750=DIRECTION('',(0.,0.,-1.));
#8751=DIRECTION('',(1.,0.,0.));
#8752=DIRECTION('',(0.,0.,-1.));
#8753=DIRECTION('',(0.,-1.,0.));
#8754=DIRECTION('',(1.,0.,0.));
#8755=DIRECTION('',(0.,0.,-1.));
#8756=DIRECTION('',(0.,0.,-1.));
#8757=DIRECTION('',(1.,0.,0.));
#8758=DIRECTION('',(0.,1.,0.));
#8759=DIRECTION('',(0.,0.,-1.));
#8760=DIRECTION('',(1.,0.,0.));
#8761=DIRECTION('',(0.,1.,0.));
#8762=DIRECTION('',(0.,0.,-1.));
#8763=DIRECTION('',(-1.,0.,0.));
#8764=DIRECTION('',(0.,0.,-1.));
#8765=DIRECTION('',(1.,0.,0.));
#8766=DIRECTION('',(0.,0.,-1.));
#8767=DIRECTION('',(0.,0.,-1.));
#8768=DIRECTION('',(1.,0.,0.));
#8769=DIRECTION('',(0.,1.,0.));
#8770=DIRECTION('',(1.,0.,0.));
#8771=DIRECTION('',(0.,0.,-1.));
#8772=DIRECTION('',(1.,0.,0.));
#8773=DIRECTION('',(0.,1.,0.));
#8774=DIRECTION('',(0.,0.,-1.));
#8775=DIRECTION('',(0.,0.,-1.));
#8776=DIRECTION('',(-1.,0.,0.));
#8777=DIRECTION('',(0.,0.,-1.));
#8778=DIRECTION('',(-1.,0.,0.));
#8779=DIRECTION('',(1.,0.,0.));
#8780=DIRECTION('',(0.,0.,-1.));
#8781=DIRECTION('',(-1.,0.,0.));
#8782=DIRECTION('',(0.,0.,1.));
#8783=DIRECTION('',(-1.,0.,0.));
#8784=DIRECTION('',(0.,0.,1.));
#8785=DIRECTION('',(-1.,0.,0.));
#8786=DIRECTION('',(0.,0.,1.));
#8787=DIRECTION('',(1.,0.,0.));
#8788=DIRECTION('',(0.,0.,-1.));
#8789=DIRECTION('',(0.,1.,0.));
#8790=DIRECTION('',(1.,0.,0.));
#8791=DIRECTION('',(0.,0.,-1.));
#8792=DIRECTION('',(1.,0.,0.));
#8793=DIRECTION('',(0.,1.,0.));
#8794=DIRECTION('',(1.,0.,0.));
#8795=DIRECTION('',(0.,1.,0.));
#8796=DIRECTION('',(-0.999999050721693,0.00137788087747673,0.));
#8797=DIRECTION('',(-0.00137788087747673,-0.999999050721693,0.));
#8798=DIRECTION('',(-0.999999050721693,0.00137788087747673,0.));
#8799=DIRECTION('',(0.,0.,-1.));
#8800=DIRECTION('',(-1.,0.,0.));
#8801=DIRECTION('',(0.,0.,1.));
#8802=DIRECTION('',(0.,0.,1.));
#8803=DIRECTION('',(0.,0.,1.));
#8804=DIRECTION('',(1.,0.,0.));
#8805=DIRECTION('',(0.,0.,1.));
#8806=DIRECTION('',(0.,0.,1.));
#8807=DIRECTION('',(0.76041387654721,0.649438785686876,0.));
#8808=DIRECTION('',(-0.649438785686876,0.76041387654721,0.));
#8809=DIRECTION('',(-0.760413876547211,-0.649438785686876,0.));
#8810=DIRECTION('',(-0.649438785686876,0.760413876547211,0.));
#8811=DIRECTION('',(-0.00137788087747471,-0.999999050721693,0.));
#8812=DIRECTION('',(0.999999050721693,-0.00137788087747471,0.));
#8813=DIRECTION('',(0.759657490145735,-0.650323379301008,0.));
#8814=DIRECTION('',(0.650323379301008,0.759657490145735,0.));
#8815=DIRECTION('',(0.759657490145735,-0.650323379301008,0.));
#8816=DIRECTION('',(-0.650323379301008,-0.759657490145735,0.));
#8817=DIRECTION('',(-0.999999050721693,0.00137788087747673,0.));
#8818=DIRECTION('',(-0.00137788087747673,-0.999999050721693,0.));
#8819=DIRECTION('',(-0.999999050721693,0.00137788087747673,0.));
#8820=DIRECTION('',(-0.00137788087747673,-0.999999050721693,0.));
#8821=DIRECTION('',(0.999999050721693,-0.00137788087747491,0.));
#8822=DIRECTION('',(0.00137788087747491,0.999999050721693,0.));
#8823=DIRECTION('',(0.999999050721693,-0.00137788087747491,0.));
#8824=DIRECTION('',(0.00137788087747491,0.999999050721693,0.));
#8825=DIRECTION('',(0.999999050721693,-0.00137788087747491,0.));
#8826=DIRECTION('',(0.999999050721693,-0.00137788087747491,0.));
#8827=DIRECTION('',(0.00137788087747491,0.999999050721693,0.));
#8828=DIRECTION('',(0.,1.,0.));
#8829=DIRECTION('',(1.,0.,0.));
#8830=DIRECTION('',(0.999999050721693,-0.00137788087747491,0.));
#8831=DIRECTION('',(0.00137788087747491,0.999999050721693,0.));
#8832=DIRECTION('',(-0.999999050721693,0.00137788087747491,0.));
#8833=DIRECTION('',(-0.00137788087747491,-0.999999050721693,0.));
#8834=DIRECTION('',(0.,1.,0.));
#8835=DIRECTION('',(1.,0.,0.));
#8836=DIRECTION('',(-0.999999050721693,0.00137788087747491,0.));
#8837=DIRECTION('',(-0.00137788087747491,-0.999999050721693,0.));
#8838=DIRECTION('',(0.999999050721693,-0.00137788087747491,0.));
#8839=DIRECTION('',(0.,0.,1.));
#8840=DIRECTION('',(1.,0.,0.));
#8841=DIRECTION('',(0.,0.,1.));
#8842=DIRECTION('',(0.,0.,1.));
#8843=DIRECTION('',(-0.00137788087747673,-0.999999050721693,0.));
#8844=DIRECTION('',(0.999999050721693,-0.00137788087747673,0.));
#8845=DIRECTION('',(-0.00137788087747673,-0.999999050721693,0.));
#8846=DIRECTION('',(-0.00137788087747673,-0.999999050721693,0.));
#8847=DIRECTION('',(0.00137788087747491,0.999999050721693,0.));
#8848=DIRECTION('',(-0.999999050721693,0.00137788087747491,0.));
#8849=DIRECTION('',(1.13528915526272E-16,-1.56429470239424E-19,-1.));
#8850=DIRECTION('',(-1.,0.,-1.13528915526272E-16));
#8851=DIRECTION('',(-0.00137788087747673,-0.999999050721693,0.));
#8852=DIRECTION('',(-0.999999050721693,0.00137788087747491,-1.13529023296911E-16));
#8853=DIRECTION('',(-0.00137788087747673,-0.999999050721693,0.));
#8854=DIRECTION('',(0.999999050721693,-0.00137788087747673,0.));
#8855=DIRECTION('',(-0.00137788087747673,-0.999999050721693,0.));
#8856=DIRECTION('',(0.00137788087747491,0.999999050721693,0.));
#8857=DIRECTION('',(-0.999999050721693,0.00137788087747491,0.));
#8858=DIRECTION('',(-0.999999050721693,0.00137788087747673,0.));
#8859=DIRECTION('',(-0.00137788087747673,-0.999999050721693,0.));
#8860=DIRECTION('',(-0.00137788087747673,-0.999999050721693,0.));
#8861=DIRECTION('',(0.,0.,-1.));
#8862=DIRECTION('',(-0.00137788087747491,-0.999999050721693,0.));
#8863=DIRECTION('',(0.,0.,-1.));
#8864=DIRECTION('',(0.999999050721693,-0.00137788087747673,0.));
#8865=DIRECTION('',(0.00137788087747673,0.999999050721693,0.));
#8866=DIRECTION('',(-0.00137788087747673,-0.999999050721693,0.));
#8867=DIRECTION('',(0.,0.,1.));
#8868=DIRECTION('',(-0.00137788087747491,-0.999999050721693,0.));
#8869=DIRECTION('',(0.,0.,1.));
#8870=DIRECTION('',(0.00137788087747673,0.999999050721693,0.));
#8871=DIRECTION('',(-0.999999050721693,0.00137788087747673,0.));
#8872=DIRECTION('',(0.,0.,1.));
#8873=DIRECTION('',(0.876215908676647,0.481918749772156,0.));
#8874=DIRECTION('',(-0.481918749772156,0.876215908676647,0.));
#8875=DIRECTION('',(0.481918749772156,-0.876215908676647,0.));
#8876=DIRECTION('',(0.,0.,1.));
#8877=DIRECTION('',(0.876215908676647,-0.481918749772156,0.));
#8878=DIRECTION('',(0.481918749772156,0.876215908676647,0.));
#8879=DIRECTION('',(0.,0.,1.));
#8880=DIRECTION('',(0.481918749772156,0.876215908676647,0.));
#8881=DIRECTION('',(0.,1.,0.));
#8882=DIRECTION('',(0.,0.,1.));
#8883=DIRECTION('',(0.,0.,-1.));
#8884=DIRECTION('',(-0.98058067569092,-0.196116135138184,0.));
#8885=DIRECTION('',(0.196116135138184,-0.98058067569092,0.));
#8886=DIRECTION('',(0.,0.,1.));
#8887=DIRECTION('',(1.,4.33680868994202E-16,0.));
#8888=DIRECTION('',(-4.33680868994202E-16,1.,0.));
#8889=DIRECTION('',(4.33680868994202E-16,-1.,0.));
#8890=DIRECTION('',(0.,0.,-1.));
#8891=DIRECTION('',(0.,0.,-1.));
#8892=DIRECTION('',(0.,1.,0.));
#8893=DIRECTION('',(0.,0.,1.));
#8894=DIRECTION('',(0.,0.,1.));
#8895=DIRECTION('',(1.,0.,0.));
#8896=DIRECTION('',(0.,1.,0.));
#8897=DIRECTION('',(0.,0.,1.));
#8898=DIRECTION('',(0.,0.,-1.));
#8899=DIRECTION('',(0.,0.,-1.));
#8900=DIRECTION('',(0.,1.,0.));
#8901=DIRECTION('',(0.,0.,1.));
#8902=DIRECTION('',(1.,0.,0.));
#8903=DIRECTION('',(0.,0.,-1.));
#8904=DIRECTION('',(1.,0.,0.));
#8905=DIRECTION('',(0.,-0.92070037621483,-0.390270184920487));
#8906=DIRECTION('',(0.,0.390270184920487,-0.92070037621483));
#8907=DIRECTION('',(0.,-0.92070037621483,-0.390270184920487));
#8908=DIRECTION('',(0.,-0.390270184920487,0.92070037621483));
#8909=DIRECTION('',(0.,1.,0.));
#8910=DIRECTION('',(0.,0.,1.));
#8911=DIRECTION('',(0.,0.,1.));
#8912=DIRECTION('',(0.,0.,1.));
#8913=DIRECTION('',(1.,0.,0.));
#8914=DIRECTION('',(0.,0.,-1.));
#8915=DIRECTION('',(1.,0.,0.));
#8916=DIRECTION('',(0.,0.,-1.));
#8917=DIRECTION('',(0.,-0.900847645138055,-0.434135370880121));
#8918=DIRECTION('',(0.98058067569092,-0.196116135138184,0.));
#8919=DIRECTION('',(0.196116135138184,0.98058067569092,0.));
#8920=DIRECTION('',(0.,0.,1.));
#8921=DIRECTION('',(1.,0.,0.));
#8922=DIRECTION('',(0.,0.,-1.));
#8923=DIRECTION('',(-1.,0.,0.));
#8924=DIRECTION('',(0.,0.,1.));
#8925=DIRECTION('',(0.,-0.900847645138054,-0.434135370880123));
#8926=DIRECTION('',(0.,0.92070037621483,0.390270184920487));
#8927=DIRECTION('',(0.,-0.390270184920487,0.92070037621483));
#8928=DIRECTION('',(-1.,0.,0.));
#8929=DIRECTION('',(0.,0.92070037621483,0.390270184920487));
#8930=DIRECTION('',(0.,0.390270184920487,-0.92070037621483));
#8931=DIRECTION('',(-1.,0.,0.));
#8932=DIRECTION('',(0.,0.,1.));
#8933=DIRECTION('',(0.,0.,-1.));
#8934=DIRECTION('',(-1.,0.,0.));
#8935=DIRECTION('',(0.,0.,1.));
#8936=DIRECTION('',(1.,0.,0.));
#8937=DIRECTION('',(-1.,0.,0.));
#8938=DIRECTION('',(0.,0.,1.));
#8939=DIRECTION('',(0.,0.,-1.));
#8940=DIRECTION('',(0.,0.,-1.));
#8941=DIRECTION('',(-2.64843278775085E-16,1.,0.));
#8942=DIRECTION('',(-1.,-2.64843278775085E-16,0.));
#8943=DIRECTION('',(-1.,-2.64843278775085E-16,0.));
#8944=DIRECTION('',(0.,0.,-1.));
#8945=DIRECTION('',(-2.64843278775085E-16,1.,0.));
#8946=DIRECTION('',(-1.,-2.64843278775085E-16,0.));
#8947=DIRECTION('',(0.,0.,-1.));
#8948=DIRECTION('',(0.,0.,-1.));
#8949=DIRECTION('',(-2.64843278775085E-16,1.,0.));
#8950=DIRECTION('',(-1.,-2.64843278775085E-16,0.));
#8951=DIRECTION('',(0.,0.,-1.));
#8952=DIRECTION('',(-1.,0.,0.));
#8953=DIRECTION('',(0.,0.,-1.));
#8954=DIRECTION('',(-1.,0.,0.));
#8955=DIRECTION('',(0.,-1.,0.));
#8956=DIRECTION('',(-1.,-2.64843278775085E-16,0.));
#8957=DIRECTION('',(4.33680868994202E-16,-1.,0.));
#8958=DIRECTION('',(1.,0.,0.));
#8959=DIRECTION('',(1.,0.,0.));
#8960=DIRECTION('',(0.,0.,-1.));
#8961=DIRECTION('',(0.,-1.,0.));
#8962=DIRECTION('',(1.,0.,0.));
#8963=DIRECTION('',(0.,0.,-1.));
#8964=DIRECTION('',(1.,0.,0.));
#8965=DIRECTION('',(0.,0.,-1.));
#8966=DIRECTION('',(0.999999050721693,-0.00137788087747673,0.));
#8967=DIRECTION('',(0.00137788087747673,0.999999050721693,0.));
#8968=DIRECTION('',(-0.00137788087747673,-0.999999050721693,0.));
#8969=DIRECTION('',(-0.999999050721693,0.00137788087747673,0.));
#8970=DIRECTION('',(-0.00137788087747673,-0.999999050721693,0.));
#8971=DIRECTION('',(0.,0.,-1.));
#8972=DIRECTION('',(-0.00137788087747673,-0.999999050721693,0.));
#8973=DIRECTION('',(-0.999999050721693,0.00137788087747673,0.));
#8974=DIRECTION('',(-0.00137788087747673,-0.999999050721693,0.));
#8975=DIRECTION('',(-0.00137788087747673,-0.999999050721693,0.));
#8976=DIRECTION('',(0.999999050721693,-0.00137788087747673,0.));
#8977=DIRECTION('',(0.00137788087747673,0.999999050721693,0.));
#8978=DIRECTION('',(-0.00137788087747673,-0.999999050721693,0.));
#8979=DIRECTION('',(0.00137788087747673,0.999999050721693,0.));
#8980=DIRECTION('',(-0.999999050721693,0.00137788087747673,0.));
#8981=DIRECTION('',(0.00137788087747673,0.999999050721693,0.));
#8982=DIRECTION('',(-0.999999050721693,0.00137788087747673,0.));
#8983=DIRECTION('',(0.00137788087747673,0.999999050721693,0.));
#8984=DIRECTION('',(-0.999999050721693,0.00137788087747673,0.));
#8985=DIRECTION('',(0.00137788087747673,0.999999050721693,0.));
#8986=DIRECTION('',(-0.999999050721693,0.00137788087747673,0.));
#8987=DIRECTION('',(0.,0.,1.));
#8988=DIRECTION('',(1.,0.,0.));
#8989=DIRECTION('',(0.,0.,1.));
#8990=DIRECTION('',(1.,0.,0.));
#8991=DIRECTION('',(0.,0.,1.));
#8992=DIRECTION('',(1.,0.,0.));
#8993=DIRECTION('',(0.,0.,1.));
#8994=DIRECTION('',(1.,0.,0.));
#8995=DIRECTION('',(0.,0.,1.));
#8996=DIRECTION('',(1.,0.,0.));
#8997=DIRECTION('',(0.,0.,1.));
#8998=DIRECTION('',(0.,0.,1.));
#8999=DIRECTION('',(1.,0.,0.));
#9000=DIRECTION('',(0.,0.,1.));
#9001=DIRECTION('',(1.,0.,0.));
#9002=DIRECTION('',(0.,0.,1.));
#9003=DIRECTION('',(1.,0.,0.));
#9004=DIRECTION('',(0.,0.,1.));
#9005=DIRECTION('',(0.,0.,1.));
#9006=DIRECTION('',(0.,0.,1.));
#9007=DIRECTION('',(1.,0.,0.));
#9008=DIRECTION('',(0.,0.,1.));
#9009=DIRECTION('',(0.,0.,1.));
#9010=DIRECTION('',(1.,0.,0.));
#9011=DIRECTION('',(0.,0.,1.));
#9012=DIRECTION('',(0.,0.,1.));
#9013=DIRECTION('',(1.,0.,0.));
#9014=DIRECTION('',(0.,0.,1.));
#9015=DIRECTION('',(0.,0.,1.));
#9016=DIRECTION('',(1.,0.,0.));
#9017=DIRECTION('',(0.,0.,1.));
#9018=DIRECTION('',(1.,0.,0.));
#9019=DIRECTION('',(-0.758829002561698,0.651289908467204,0.));
#9020=DIRECTION('',(-0.651289908467204,-0.758829002561698,0.));
#9021=DIRECTION('',(0.,0.,1.));
#9022=DIRECTION('',(0.,0.,1.));
#9023=DIRECTION('',(0.,1.,0.));
#9024=DIRECTION('',(0.,0.,1.));
#9025=DIRECTION('',(0.,0.,1.));
#9026=DIRECTION('',(0.,0.,1.));
#9027=DIRECTION('',(-0.7612366431205,-0.648474188515343,0.));
#9028=DIRECTION('',(0.648474188515343,-0.7612366431205,0.));
#9029=DIRECTION('',(0.,0.,1.));
#9030=DIRECTION('',(-0.00137788087747471,-0.999999050721693,0.));
#9031=DIRECTION('',(0.999999050721693,-0.00137788087747471,0.));
#9032=DIRECTION('',(0.,0.,1.));
#9033=DIRECTION('',(0.,0.,1.));
#9034=DIRECTION('',(-0.76041387654721,-0.649438785686876,0.));
#9035=DIRECTION('',(0.649438785686876,-0.76041387654721,0.));
#9036=DIRECTION('',(0.,0.,-1.));
#9037=DIRECTION('',(0.,0.,1.));
#9038=DIRECTION('',(0.,0.,-1.));
#9039=DIRECTION('',(-1.,0.,0.));
#9040=DIRECTION('',(-0.00137788087747673,-0.999999050721693,0.));
#9041=DIRECTION('',(0.999999050721693,-0.00137788087747673,0.));
#9042=DIRECTION('',(-0.00137788087747673,-0.999999050721693,0.));
#9043=DIRECTION('',(0.,1.,0.));
#9044=DIRECTION('',(-1.,0.,0.));
#9045=DIRECTION('',(0.,0.,1.));
#9046=DIRECTION('',(1.,0.,0.));
#9047=DIRECTION('',(-0.00137788087747673,-0.999999050721693,0.));
#9048=DIRECTION('',(-1.,0.,0.));
#9049=DIRECTION('',(-0.00137788087747673,-0.999999050721693,0.));
#9050=DIRECTION('',(0.999999050721693,-0.00137788087747673,0.));
#9051=DIRECTION('',(0.,1.,0.));
#9052=DIRECTION('',(-1.,0.,0.));
#9053=DIRECTION('',(0.,0.,1.));
#9054=DIRECTION('',(1.,0.,0.));
#9055=DIRECTION('',(0.,0.,-1.));
#9056=DIRECTION('',(-1.,0.,0.));
#9057=DIRECTION('',(0.,0.,-1.));
#9058=DIRECTION('',(-1.,0.,0.));
#9059=DIRECTION('',(0.,0.,1.));
#9060=DIRECTION('',(1.,0.,0.));
#9061=DIRECTION('',(0.,0.,1.));
#9062=DIRECTION('',(1.,0.,0.));
#9063=DIRECTION('',(0.,0.,-1.));
#9064=DIRECTION('',(-1.,0.,0.));
#9065=DIRECTION('',(0.,1.,0.));
#9066=DIRECTION('',(0.,0.,1.));
#9067=DIRECTION('',(0.,0.,1.));
#9068=DIRECTION('',(0.,1.,0.));
#9069=DIRECTION('',(-1.,0.,0.));
#9070=DIRECTION('',(-1.,0.,2.26871044712589E-16));
#9071=DIRECTION('',(0.,1.,0.));
#9072=DIRECTION('',(-1.,0.,0.));
#9073=DIRECTION('',(0.,0.,-1.));
#9074=DIRECTION('',(-0.00137788087747491,-0.999999050721693,0.));
#9075=DIRECTION('',(0.999999050721693,-0.00137788087747491,0.));
#9076=DIRECTION('',(-0.00137788087747491,-0.999999050721693,0.));
#9077=DIRECTION('',(-0.00137788087747491,-0.999999050721693,0.));
#9078=DIRECTION('',(0.00137788087747491,0.999999050721693,0.));
#9079=DIRECTION('',(-0.999999050721693,0.00137788087747491,0.));
#9080=DIRECTION('',(2.26871044712589E-16,-3.12601570908121E-19,1.));
#9081=DIRECTION('',(1.,0.,-2.26871044712589E-16));
#9082=DIRECTION('',(-0.00137788087747491,-0.999999050721693,0.));
#9083=DIRECTION('',(-0.999999050721693,0.00137788087747491,2.26871260076554E-16));
#9084=DIRECTION('',(-0.00137788087747491,-0.999999050721693,0.));
#9085=DIRECTION('',(0.999999050721693,-0.00137788087747491,0.));
#9086=DIRECTION('',(-0.00137788087747491,-0.999999050721693,0.));
#9087=DIRECTION('',(0.00137788087747491,0.999999050721693,0.));
#9088=DIRECTION('',(-0.999999050721693,0.00137788087747491,0.));
#9089=DIRECTION('',(-0.999999050721693,0.00137788087747491,0.));
#9090=DIRECTION('',(-0.00137788087747491,-0.999999050721693,0.));
#9091=DIRECTION('',(0.,0.,-1.));
#9092=DIRECTION('',(-0.00137788087747491,-0.999999050721693,0.));
#9093=DIRECTION('',(0.999999050721693,-0.00137788087747491,0.));
#9094=DIRECTION('',(0.00137788087747491,0.999999050721693,0.));
#9095=DIRECTION('',(-0.00137788087747491,-0.999999050721693,0.));
#9096=DIRECTION('',(0.,0.,-1.));
#9097=DIRECTION('',(-0.00137788087747673,-0.999999050721693,0.));
#9098=DIRECTION('',(0.999999050721693,-0.00137788087747673,0.));
#9099=DIRECTION('',(0.,0.,-1.));
#9100=DIRECTION('',(-1.,0.,0.));
#9101=DIRECTION('',(0.999999050721693,-0.00137788087747491,0.));
#9102=DIRECTION('',(0.,0.,-1.));
#9103=DIRECTION('',(-1.,0.,0.));
#9104=DIRECTION('',(0.999999050721693,-0.00137788087747491,0.));
#9105=DIRECTION('',(0.00137788087747491,0.999999050721693,0.));
#9106=DIRECTION('',(-0.999999050721693,0.00137788087747491,0.));
#9107=DIRECTION('',(0.,0.,1.));
#9108=DIRECTION('',(1.,0.,0.));
#9109=DIRECTION('',(0.,0.,1.));
#9110=DIRECTION('',(1.,0.,0.));
#9111=DIRECTION('',(1.,0.,0.));
#9112=DIRECTION('',(0.,0.,-1.));
#9113=DIRECTION('',(1.,0.,0.));
#9114=DIRECTION('',(0.,0.,-1.));
#9115=DIRECTION('',(0.,0.707106781186547,-0.707106781186548));
#9116=DIRECTION('',(1.,0.,0.));
#9117=DIRECTION('',(0.,0.,-1.));
#9118=DIRECTION('',(0.,-0.707106781186548,0.707106781186547));
#9119=DIRECTION('',(0.,0.,1.));
#9120=DIRECTION('',(1.,0.,0.));
#9121=DIRECTION('',(-1.,0.,0.));
#9122=DIRECTION('',(0.,-1.,0.));
#9123=DIRECTION('',(1.,0.,0.));
#9124=DIRECTION('',(0.,1.,0.));
#9125=DIRECTION('',(0.,-1.,0.));
#9126=DIRECTION('',(1.,8.67361737988397E-16,0.));
#9127=DIRECTION('',(0.,-1.,0.));
#9128=DIRECTION('',(1.,0.,0.));
#9129=DIRECTION('',(-1.,0.,0.));
#9130=DIRECTION('',(0.,-0.707106781186548,0.707106781186548));
#9131=DIRECTION('',(0.,-0.707106781186548,-0.707106781186548));
#9132=DIRECTION('',(1.,0.,0.));
#9133=DIRECTION('',(0.,0.,-1.));
#9134=DIRECTION('',(1.,0.,0.));
#9135=DIRECTION('',(0.,0.,-1.));
#9136=DIRECTION('',(1.,0.,0.));
#9137=DIRECTION('',(0.,-1.,-1.83971884551675E-16));
#9138=DIRECTION('',(0.,1.83971884551675E-16,-1.));
#9139=DIRECTION('',(0.,-1.83971884551675E-16,1.));
#9140=DIRECTION('',(1.,0.,0.));
#9141=DIRECTION('',(0.,0.,-1.));
#9142=DIRECTION('',(0.,0.,1.));
#9143=DIRECTION('',(0.,1.,0.));
#9144=DIRECTION('',(0.,0.,1.));
#9145=DIRECTION('',(-1.,0.,0.));
#9146=DIRECTION('',(0.,0.,-1.));
#9147=DIRECTION('',(0.,0.,-1.));
#9148=DIRECTION('',(1.,0.,0.));
#9149=DIRECTION('',(0.,0.,-1.));
#9150=DIRECTION('',(1.,0.,0.));
#9151=DIRECTION('',(0.,0.,-1.));
#9152=DIRECTION('',(1.,0.,0.));
#9153=DIRECTION('',(0.,0.,-1.));
#9154=DIRECTION('',(1.,0.,0.));
#9155=DIRECTION('',(0.,0.,-1.));
#9156=DIRECTION('',(1.,0.,0.));
#9157=DIRECTION('',(0.,0.,-1.));
#9158=DIRECTION('',(0.,-1.,0.));
#9159=DIRECTION('',(1.,0.,0.));
#9160=DIRECTION('',(0.,0.,-1.));
#9161=DIRECTION('',(1.,0.,0.));
#9162=DIRECTION('',(0.,0.,-1.));
#9163=DIRECTION('',(0.473002097525826,0.551226036833326,0.687327339812111));
#9164=DIRECTION('',(-0.554688439670544,0.792412056672207,-0.253779170414715));
#9165=DIRECTION('',(-0.554688439670544,0.792412056672207,-0.253779170414715));
#9166=DIRECTION('',(0.823781909070809,0.,-0.566906840925079));
#9167=DIRECTION('',(-0.819231920519041,-0.573462344363328,0.));
#9168=DIRECTION('',(-0.573462344363328,0.819231920519041,0.));
#9169=DIRECTION('',(0.,0.,1.));
#9170=DIRECTION('',(0.,1.,0.));
#9171=DIRECTION('',(0.,0.,1.));
#9172=DIRECTION('',(4.33680868994202E-16,-1.,0.));
#9173=DIRECTION('',(1.,4.33680868994202E-16,0.));
#9174=DIRECTION('',(-2.64843278775085E-16,1.,0.));
#9175=DIRECTION('',(-1.,-2.64843278775085E-16,0.));
#9176=DIRECTION('',(0.,1.,0.));
#9177=DIRECTION('',(0.,0.,1.));
#9178=DIRECTION('',(0.,1.,0.));
#9179=DIRECTION('',(0.,0.,1.));
#9180=DIRECTION('',(0.,0.,1.));
#9181=DIRECTION('',(1.,0.,0.));
#9182=DIRECTION('',(0.,0.,1.));
#9183=DIRECTION('',(1.,0.,0.));
#9184=DIRECTION('',(-2.64843278775085E-16,1.,0.));
#9185=DIRECTION('',(-1.,-2.64843278775085E-16,0.));
#9186=DIRECTION('',(1.,2.21265749486837E-16,-7.83336510335549E-31));
#9187=DIRECTION('',(-2.21265749486837E-16,1.,0.));
#9188=DIRECTION('',(1.,2.64843278775085E-16,0.));
#9189=DIRECTION('',(-2.64843278775085E-16,1.,0.));
#9190=DIRECTION('',(0.,0.,-1.));
#9191=DIRECTION('',(-1.,0.,0.));
#9192=DIRECTION('',(0.,0.,1.));
#9193=DIRECTION('',(1.,0.,0.));
#9194=DIRECTION('',(0.,1.,0.));
#9195=DIRECTION('',(0.,0.,1.));
#9196=DIRECTION('',(1.,0.,0.));
#9197=DIRECTION('',(0.,0.,-1.));
#9198=DIRECTION('',(1.,0.,0.));
#9199=DIRECTION('',(0.,0.,-1.));
#9200=DIRECTION('',(1.,0.,0.));
#9201=DIRECTION('',(0.,0.,-1.));
#9202=DIRECTION('',(0.,0.,-1.));
#9203=DIRECTION('',(0.,-1.,0.));
#9204=DIRECTION('',(0.,0.,-1.));
#9205=DIRECTION('',(0.,-1.,0.));
#9206=DIRECTION('',(0.,0.,-1.));
#9207=DIRECTION('',(0.,0.,-1.));
#9208=DIRECTION('',(-1.,0.,0.));
#9209=DIRECTION('',(1.,0.,0.));
#9210=DIRECTION('',(0.,0.,-1.));
#9211=DIRECTION('',(0.,0.,-1.));
#9212=DIRECTION('',(0.,-1.,0.));
#9213=DIRECTION('',(0.,-1.,0.));
#9214=DIRECTION('',(0.,0.,-1.));
#9215=DIRECTION('',(-1.,0.,0.));
#9216=DIRECTION('',(0.,0.,-1.));
#9217=DIRECTION('',(1.,0.,0.));
#9218=DIRECTION('',(0.,-1.,0.));
#9219=DIRECTION('',(0.,0.,-1.));
#9220=DIRECTION('',(0.,0.,-1.));
#9221=DIRECTION('',(-1.,0.,0.));
#9222=DIRECTION('',(0.,0.,-1.));
#9223=DIRECTION('',(1.,0.,0.));
#9224=DIRECTION('',(0.,0.,-1.));
#9225=DIRECTION('',(0.,0.,-1.));
#9226=DIRECTION('',(0.,-1.,0.));
#9227=DIRECTION('',(0.,-1.,0.));
#9228=DIRECTION('',(0.,0.,-1.));
#9229=DIRECTION('',(0.,0.,-1.));
#9230=DIRECTION('',(-1.,0.,0.));
#9231=DIRECTION('',(1.,0.,0.));
#9232=DIRECTION('',(0.,0.,-1.));
#9233=DIRECTION('',(0.,-1.,0.));
#9234=DIRECTION('',(0.,0.,-1.));
#9235=DIRECTION('',(1.,0.,0.));
#9236=DIRECTION('',(-1.,0.,0.));
#9237=DIRECTION('',(0.,0.,1.));
#9238=DIRECTION('',(-1.,0.,0.));
#9239=DIRECTION('',(0.,0.,1.));
#9240=DIRECTION('',(-1.,0.,0.));
#9241=DIRECTION('',(0.,-1.,0.));
#9242=DIRECTION('',(-1.,0.,0.));
#9243=DIRECTION('',(0.,0.,1.));
#9244=DIRECTION('',(-1.,0.,0.));
#9245=DIRECTION('',(0.,0.,1.));
#9246=DIRECTION('',(-1.,0.,0.));
#9247=DIRECTION('',(0.,-1.,0.));
#9248=DIRECTION('',(1.,0.,0.));
#9249=DIRECTION('',(0.,0.,-1.));
#9250=DIRECTION('',(-1.,0.,0.));
#9251=DIRECTION('',(0.,0.,1.));
#9252=DIRECTION('',(-1.,0.,0.));
#9253=DIRECTION('',(0.,-1.,0.));
#9254=DIRECTION('',(1.,0.,0.));
#9255=DIRECTION('',(0.,0.,-1.));
#9256=DIRECTION('',(-1.,0.,0.));
#9257=DIRECTION('',(0.,0.,1.));
#9258=DIRECTION('',(-1.,0.,0.));
#9259=DIRECTION('',(0.,-1.,0.));
#9260=DIRECTION('',(-0.00137788087747673,-0.999999050721693,0.));
#9261=DIRECTION('',(0.999999050721693,-0.00137788087747673,0.));
#9262=DIRECTION('',(1.,0.,0.));
#9263=DIRECTION('',(0.,0.,-1.));
#9264=DIRECTION('',(0.,0.707106781186548,-0.707106781186547));
#9265=DIRECTION('',(1.,0.,0.));
#9266=DIRECTION('',(0.,0.,-1.));
#9267=DIRECTION('',(0.,-0.707106781186547,0.707106781186548));
#9268=DIRECTION('',(1.,0.,0.));
#9269=DIRECTION('',(0.,0.,-1.));
#9270=DIRECTION('',(1.,0.,0.));
#9271=DIRECTION('',(0.,0.,-1.));
#9272=DIRECTION('',(1.,0.,0.));
#9273=DIRECTION('',(0.,0.,-1.));
#9274=DIRECTION('',(1.,0.,0.));
#9275=DIRECTION('',(0.,0.,-1.));
#9276=DIRECTION('',(0.,0.,1.));
#9277=DIRECTION('',(1.,0.,0.));
#9278=DIRECTION('',(0.,0.,1.));
#9279=DIRECTION('',(1.,0.,0.));
#9280=DIRECTION('',(0.00137788087747673,0.999999050721693,0.));
#9281=DIRECTION('',(0.00137788087747673,0.999999050721693,0.));
#9282=DIRECTION('',(0.999999050721693,-0.00137788087747673,0.));
#9283=DIRECTION('',(0.00137788087747673,0.999999050721693,0.));
#9284=DIRECTION('',(0.00137788087747673,0.999999050721693,0.));
#9285=DIRECTION('',(0.00137788087747673,0.999999050721693,0.));
#9286=DIRECTION('',(-0.999999050721693,0.00137788087747673,0.));
#9287=DIRECTION('',(0.00137788087747673,0.999999050721693,0.));
#9288=DIRECTION('',(0.,0.,-1.));
#9289=DIRECTION('',(-1.,0.,0.));
#9290=DIRECTION('',(0.00137788087747673,0.999999050721693,0.));
#9291=DIRECTION('',(0.999999050721693,-0.00137788087747673,-2.0171184060947E-16));
#9292=DIRECTION('',(0.00137788087747673,0.999999050721693,0.));
#9293=DIRECTION('',(0.00137788087747673,0.999999050721693,0.));
#9294=DIRECTION('',(0.00137788087747673,0.999999050721693,0.));
#9295=DIRECTION('',(-0.999999050721693,0.00137788087747673,0.));
#9296=DIRECTION('',(0.00137788087747673,0.999999050721693,0.));
#9297=DIRECTION('',(-0.999999050721693,0.00137788087747673,0.));
#9298=DIRECTION('',(0.00137788087747673,0.999999050721693,0.));
#9299=DIRECTION('',(0.00137788087747673,0.999999050721693,0.));
#9300=DIRECTION('',(0.999999050721693,-0.00137788087747673,-2.0171184060947E-16));
#9301=DIRECTION('',(0.00137788087747673,0.999999050721693,0.));
#9302=DIRECTION('',(0.00137788087747673,0.999999050721693,0.));
#9303=DIRECTION('',(0.,0.,-1.));
#9304=DIRECTION('',(-1.,0.,0.));
#9305=DIRECTION('',(0.00137788087747673,0.999999050721693,0.));
#9306=DIRECTION('',(0.00137788087747673,0.999999050721693,0.));
#9307=DIRECTION('',(-0.999999050721693,0.00137788087747673,0.));
#9308=DIRECTION('',(0.00137788087747673,0.999999050721693,0.));
#9309=DIRECTION('',(-0.999999050721693,0.00137788087747673,0.));
#9310=DIRECTION('',(-0.00137788087747673,-0.999999050721693,0.));
#9311=DIRECTION('',(0.00137788087747673,0.999999050721693,0.));
#9312=DIRECTION('',(0.,0.,1.));
#9313=DIRECTION('',(1.,0.,0.));
#9314=DIRECTION('',(1.,0.,0.));
#9315=DIRECTION('',(0.,0.,-1.));
#9316=DIRECTION('',(1.,0.,0.));
#9317=DIRECTION('',(0.,0.,-1.));
#9318=DIRECTION('',(1.,0.,0.));
#9319=DIRECTION('',(0.,0.,-1.));
#9320=DIRECTION('',(1.,0.,0.));
#9321=DIRECTION('',(0.,0.,-1.));
#9322=DIRECTION('',(0.,1.,0.));
#9323=DIRECTION('',(1.,0.,0.));
#9324=DIRECTION('',(0.,0.,-1.));
#9325=DIRECTION('',(1.,0.,0.));
#9326=DIRECTION('',(0.,0.,-1.));
#9327=DIRECTION('',(0.,0.,1.));
#9328=DIRECTION('',(1.,0.,0.));
#9329=DIRECTION('',(1.,0.,0.));
#9330=DIRECTION('',(1.,0.,0.));
#9331=DIRECTION('',(-1.,0.,0.));
#9332=DIRECTION('',(0.,0.,1.));
#9333=DIRECTION('',(1.,0.,0.));
#9334=DIRECTION('',(0.,0.,-1.));
#9335=DIRECTION('',(0.,-0.707106781186548,-0.707106781186547));
#9336=DIRECTION('',(0.,0.707106781186547,-0.707106781186548));
#9337=DIRECTION('',(0.,-0.707106781186547,-0.707106781186548));
#9338=DIRECTION('',(0.,0.707106781186548,-0.707106781186547));
#9339=DIRECTION('',(0.,-0.707106781186547,-0.707106781186548));
#9340=DIRECTION('',(0.,0.707106781186548,-0.707106781186547));
#9341=DIRECTION('',(1.,0.,0.));
#9342=DIRECTION('',(0.,0.,1.));
#9343=DIRECTION('',(1.,0.,0.));
#9344=DIRECTION('',(1.,0.,0.));
#9345=DIRECTION('',(1.,0.,0.));
#9346=DIRECTION('',(-1.,0.,0.));
#9347=DIRECTION('',(0.,0.,1.));
#9348=DIRECTION('',(-1.,0.,0.));
#9349=DIRECTION('',(0.,0.,1.));
#9350=DIRECTION('',(-1.,0.,0.));
#9351=DIRECTION('',(0.,0.,1.));
#9352=DIRECTION('',(-1.,0.,0.));
#9353=DIRECTION('',(0.,0.,1.));
#9354=DIRECTION('',(-1.,0.,0.));
#9355=DIRECTION('',(0.,0.,1.));
#9356=DIRECTION('',(-1.,0.,0.));
#9357=DIRECTION('',(0.,0.,1.));
#9358=DIRECTION('',(-1.,0.,0.));
#9359=DIRECTION('',(0.,0.,1.));
#9360=DIRECTION('',(-1.,0.,0.));
#9361=DIRECTION('',(0.,0.,1.));
#9362=DIRECTION('',(0.,-0.707106781186547,0.707106781186548));
#9363=DIRECTION('',(-1.,0.,0.));
#9364=DIRECTION('',(0.,-0.707106781186548,-0.707106781186547));
#9365=DIRECTION('',(0.,0.,1.));
#9366=DIRECTION('',(1.,0.,0.));
#9367=DIRECTION('',(-0.552157630374232,-0.441726104299388,-0.707106781186547));
#9368=DIRECTION('',(0.552157630374233,0.441726104299387,-0.707106781186547));
#9369=DIRECTION('',(0.624695047554424,-0.78086880944303,0.));
#9370=DIRECTION('',(-0.552157630374233,-0.441726104299387,-0.707106781186547));
#9371=DIRECTION('',(0.,0.,1.));
#9372=DIRECTION('',(1.,0.,0.));
#9373=DIRECTION('',(-0.658168724139136,0.258483907748749,-0.707106781186547));
#9374=DIRECTION('',(0.,0.,-1.));
#9375=DIRECTION('',(-1.,0.,0.));
#9376=DIRECTION('',(-0.00578595372847165,-0.70708310879235,-0.707106781186546));
#9377=DIRECTION('',(0.,0.,1.));
#9378=DIRECTION('',(1.,0.,0.));
#9379=DIRECTION('',(-0.619578210808791,-0.340768015944835,-0.707106781186546));
#9380=DIRECTION('',(0.619578210808791,0.340768015944835,-0.707106781186547));
#9381=DIRECTION('',(-0.481918749772156,0.876215908676647,0.));
#9382=DIRECTION('',(0.,-0.707106781186547,0.707106781186548));
#9383=DIRECTION('',(-1.,0.,0.));
#9384=DIRECTION('',(0.,0.707106781186548,0.707106781186547));
#9385=DIRECTION('',(0.,0.,1.));
#9386=DIRECTION('',(1.,0.,0.));
#9387=DIRECTION('',(-0.552157630374233,0.441726104299385,0.707106781186548));
#9388=DIRECTION('',(-0.552157630374233,0.441726104299387,-0.707106781186547));
#9389=DIRECTION('',(-0.624695047554424,-0.78086880944303,0.));
#9390=DIRECTION('',(-0.552157630374233,0.441726104299385,0.707106781186548));
#9391=DIRECTION('',(0.,0.,1.));
#9392=DIRECTION('',(1.,0.,0.));
#9393=DIRECTION('',(-0.657748390283222,-0.259551642414046,0.707106781186549));
#9394=DIRECTION('',(0.,0.,-1.));
#9395=DIRECTION('',(-1.,0.,0.));
#9396=DIRECTION('',(-0.00490031758611777,0.707089801148026,0.707106781186548));
#9397=DIRECTION('',(0.,0.,1.));
#9398=DIRECTION('',(1.,0.,0.));
#9399=DIRECTION('',(-0.61957821080879,0.340768015944834,0.707106781186547));
#9400=DIRECTION('',(0.619578210808789,-0.340768015944834,0.707106781186548));
#9401=DIRECTION('',(-0.481918749772156,-0.876215908676647,0.));
#9402=DIRECTION('',(0.,-4.77048955893622E-15,-1.));
#9403=DIRECTION('',(0.,1.,-4.77048955893622E-15));
#9404=DIRECTION('',(0.,-4.33680868994202E-16,1.));
#9405=DIRECTION('',(0.,-1.,-4.33680868994202E-16));
#9406=DIRECTION('',(0.,9.22294648061002E-14,-1.));
#9407=DIRECTION('',(0.,1.,9.22294648061002E-14));
#9408=DIRECTION('',(0.,0.,-1.));
#9409=DIRECTION('',(-1.,0.,0.));
#9410=DIRECTION('',(1.,0.,0.));
#9411=DIRECTION('',(0.,0.,-1.));
#9412=DIRECTION('',(-1.,0.,0.));
#9413=DIRECTION('',(0.,0.,1.));
#9414=CARTESIAN_POINT('',(0.,0.,0.));
#9415=CARTESIAN_POINT('',(0.0401,0.000934316971695538,0.0068));
#9416=CARTESIAN_POINT('',(0.0401,0.00788431697169554,0.0188));
#9417=CARTESIAN_POINT('',(0.0401,0.00788431697169554,-0.0007));
#9418=CARTESIAN_POINT('',(0.0401,0.00788431697169554,-0.0022));
#9419=CARTESIAN_POINT('',(0.0401,0.00667037517286915,-0.0007));
#9420=CARTESIAN_POINT('',(0.0401,0.00613431697169554,-0.0007));
#9421=CARTESIAN_POINT('',(0.0401,0.00728431697169554,0.00045));
#9422=CARTESIAN_POINT('',(0.0401,0.00463431697169554,-0.0022));
#9423=CARTESIAN_POINT('',(0.0401,0.00750931697169554,-0.0022));
#9424=CARTESIAN_POINT('',(0.0361,0.000934316971695538,0.0068));
#9425=CARTESIAN_POINT('',(0.0361,0.00667037517286915,-0.0007));
#9426=CARTESIAN_POINT('',(0.0361,0.00788431697169554,-0.0007));
#9427=CARTESIAN_POINT('',(0.0361,0.00613431697169554,-0.0007));
#9428=CARTESIAN_POINT('',(0.0361,0.00788431697169554,0.0188));
#9429=CARTESIAN_POINT('',(0.0361,0.00788431697169554,-0.0022));
#9430=CARTESIAN_POINT('',(0.0361,0.000559316971695537,-0.0022));
#9431=CARTESIAN_POINT('',(0.0361,0.00463431697169554,-0.0022));
#9432=CARTESIAN_POINT('',(0.0361,0.00728431697169554,0.00045));
#9433=CARTESIAN_POINT('',(0.0287,0.00588431697169554,-0.00095));
#9434=CARTESIAN_POINT('',(0.040102,0.00613431697169554,-0.0007));
#9435=CARTESIAN_POINT('',(0.0287,0.00463431697169554,-0.0022));
#9436=CARTESIAN_POINT('',(0.0375,0.00788431697169554,-0.0007));
#9437=CARTESIAN_POINT('',(0.040102,0.00788431697169554,-0.0007));
#9438=CARTESIAN_POINT('',(0.0406,0.00788431697169554,-0.0022));
#9439=CARTESIAN_POINT('',(0.0411,0.00788431697169554,-0.0022));
#9440=CARTESIAN_POINT('',(0.0411,0.00788431697169554,0.0188));
#9441=CARTESIAN_POINT('',(0.0411,0.00788431697169554,0.0058));
#9442=CARTESIAN_POINT('',(0.043,0.00788431697169554,0.0058));
#9443=CARTESIAN_POINT('',(0.043,0.00788431697169554,0.0058));
#9444=CARTESIAN_POINT('',(0.043,0.00788431697169554,-0.0007));
#9445=CARTESIAN_POINT('',(0.043,0.00788431697169554,-0.0062));
#9446=CARTESIAN_POINT('',(0.0375,0.00788431697169554,-0.0062));
#9447=CARTESIAN_POINT('',(0.02,0.00788431697169554,-0.0062));
#9448=CARTESIAN_POINT('',(0.02,0.00788431697169554,-0.0007));
#9449=CARTESIAN_POINT('',(0.02,0.00788431697169554,0.0008));
#9450=CARTESIAN_POINT('',(0.0375,0.00788431697169554,0.0008));
#9451=CARTESIAN_POINT('',(0.0318,0.00788431697169554,0.0008));
#9452=CARTESIAN_POINT('',(0.0318,0.00788431697169554,0.0188));
#9453=CARTESIAN_POINT('',(0.0318,0.00788431697169554,-0.0022));
#9454=CARTESIAN_POINT('',(0.0323,0.00788431697169554,-0.0022));
#9455=CARTESIAN_POINT('',(0.0328,0.00788431697169554,-0.0022));
#9456=CARTESIAN_POINT('',(0.0328,0.00788431697169554,0.0188));
#9457=CARTESIAN_POINT('',(0.0328,0.00788431697169554,0.0008));
#9458=CARTESIAN_POINT('',(0.0375,0.00788431697169554,0.0008));
#9459=CARTESIAN_POINT('',(0.0351,0.00788431697169554,0.0008));
#9460=CARTESIAN_POINT('',(0.0351,0.00788431697169554,0.0188));
#9461=CARTESIAN_POINT('',(0.0351,0.00788431697169554,-0.0022));
#9462=CARTESIAN_POINT('',(0.0356,0.00788431697169554,-0.0022));
#9463=CARTESIAN_POINT('',(0.0401,0.000934316971695538,0.0068));
#9464=CARTESIAN_POINT('',(0.0401,-0.00201568302830446,0.000300000000000137));
#9465=CARTESIAN_POINT('',(0.0401,-0.00430697087578248,-0.0007));
#9466=CARTESIAN_POINT('',(0.0401,-0.00201568302830446,-0.0022));
#9467=CARTESIAN_POINT('',(0.0401,-0.00526568302830446,-0.000699999999999932));
#9468=CARTESIAN_POINT('',(0.0401,-0.00601568302830446,-0.0007));
#9469=CARTESIAN_POINT('',(0.0401,-0.00601568302830446,0.0188));
#9470=CARTESIAN_POINT('',(0.0401,-0.00601568302830446,-0.0022));
#9471=CARTESIAN_POINT('',(0.0401,0.00750931697169554,-0.0022));
#9472=CARTESIAN_POINT('',(0.0287,-0.00201568302830446,0.000300000000000137));
#9473=CARTESIAN_POINT('',(0.040102,-0.00430697087578248,-0.0007));
#9474=CARTESIAN_POINT('',(0.0361,-0.00430697087578254,-0.000699999999999843));
#9475=CARTESIAN_POINT('',(0.0287,-0.00201568302830446,-0.0022));
#9476=CARTESIAN_POINT('',(0.0361,-0.00201568302830446,-0.0022));
#9477=CARTESIAN_POINT('',(0.0361,-0.00201568302830446,0.000300000000000137));
#9478=CARTESIAN_POINT('',(0.0361,0.000934316971695538,0.0068));
#9479=CARTESIAN_POINT('',(0.0361,-0.00526568302830446,-0.000699999999999932));
#9480=CARTESIAN_POINT('',(0.0361,-0.00601568302830446,-0.0007));
#9481=CARTESIAN_POINT('',(0.0361,0.000559316971695537,-0.0022));
#9482=CARTESIAN_POINT('',(0.0361,-0.00601568302830446,-0.0022));
#9483=CARTESIAN_POINT('',(0.0361,-0.00601568302830446,0.0188));
#9484=CARTESIAN_POINT('',(-0.0361,0.000610028045739637,0.0068));
#9485=CARTESIAN_POINT('',(-0.0361,-0.00436497195426036,-0.00095));
#9486=CARTESIAN_POINT('',(-0.0361,-0.00461497195426036,-0.0007));
#9487=CARTESIAN_POINT('',(-0.0361,-0.00311497195426036,-0.0022));
#9488=CARTESIAN_POINT('',(-0.0361,-0.00598997195426036,-0.0007));
#9489=CARTESIAN_POINT('',(-0.0361,-0.00636497195426036,-0.0007));
#9490=CARTESIAN_POINT('',(-0.0361,-0.00636497195426036,0.0188));
#9491=CARTESIAN_POINT('',(-0.0361,-0.00636497195426036,-0.0022));
#9492=CARTESIAN_POINT('',(-0.0361,0.00721002804573964,-0.0022));
#9493=CARTESIAN_POINT('',(-0.03795,-0.00636497195426036,-0.0007));
#9494=CARTESIAN_POINT('',(-0.040102,-0.00636497195426036,-0.0007));
#9495=CARTESIAN_POINT('',(-0.0401,-0.00636497195426036,-0.0007));
#9496=CARTESIAN_POINT('',(-0.0401,-0.00636497195426036,0.0188));
#9497=CARTESIAN_POINT('',(-0.0401,-0.00636497195426036,-0.0022));
#9498=CARTESIAN_POINT('',(-0.0406,-0.00636497195426036,-0.0022));
#9499=CARTESIAN_POINT('',(-0.0411,-0.00636497195426036,-0.0022));
#9500=CARTESIAN_POINT('',(-0.0411,-0.00636497195426036,-0.008002));
#9501=CARTESIAN_POINT('',(-0.0411,-0.00636497195426036,0.0058));
#9502=CARTESIAN_POINT('',(-0.043,-0.00636497195426036,0.0058));
#9503=CARTESIAN_POINT('',(-0.043,-0.00636497195426036,0.0058));
#9504=CARTESIAN_POINT('',(-0.043,-0.00636497195426036,-0.0007));
#9505=CARTESIAN_POINT('',(-0.043,-0.00636497195426036,-0.0062));
#9506=CARTESIAN_POINT('',(-0.03795,-0.00636497195426036,-0.0062));
#9507=CARTESIAN_POINT('',(-0.0209,-0.00636497195426036,-0.0062));
#9508=CARTESIAN_POINT('',(-0.0209,-0.00636497195426036,-0.0007));
#9509=CARTESIAN_POINT('',(-0.0209,-0.00636497195426036,0.0008));
#9510=CARTESIAN_POINT('',(-0.03795,-0.00636497195426036,0.0008));
#9511=CARTESIAN_POINT('',(-0.0319,-0.00636497195426036,0.0008));
#9512=CARTESIAN_POINT('',(-0.0319,-0.00636497195426036,0.0188));
#9513=CARTESIAN_POINT('',(-0.0319,-0.00636497195426036,-0.0022));
#9514=CARTESIAN_POINT('',(-0.0324,-0.00636497195426036,-0.0022));
#9515=CARTESIAN_POINT('',(-0.0329,-0.00636497195426036,-0.0022));
#9516=CARTESIAN_POINT('',(-0.0329,-0.00636497195426036,0.0188));
#9517=CARTESIAN_POINT('',(-0.0329,-0.00636497195426036,0.0008));
#9518=CARTESIAN_POINT('',(-0.03795,-0.00636497195426036,0.0008));
#9519=CARTESIAN_POINT('',(-0.0351,-0.00636497195426036,0.0008));
#9520=CARTESIAN_POINT('',(-0.0351,-0.00636497195426036,0.0188));
#9521=CARTESIAN_POINT('',(-0.0351,-0.00636497195426036,-0.0022));
#9522=CARTESIAN_POINT('',(-0.0356,-0.00636497195426036,-0.0022));
#9523=CARTESIAN_POINT('',(-0.0401,0.000610028045739637,0.0068));
#9524=CARTESIAN_POINT('',(-0.0401,0.00721002804573964,-0.0007));
#9525=CARTESIAN_POINT('',(-0.0401,0.00758502804573964,-0.0007));
#9526=CARTESIAN_POINT('',(-0.0401,0.00662631589321756,-0.0007));
#9527=CARTESIAN_POINT('',(-0.0401,0.00758502804573964,0.0188));
#9528=CARTESIAN_POINT('',(-0.0401,0.00758502804573964,-0.0022));
#9529=CARTESIAN_POINT('',(-0.0401,0.000235028045739638,-0.0022));
#9530=CARTESIAN_POINT('',(-0.0401,0.00433502804573964,-0.0022));
#9531=CARTESIAN_POINT('',(-0.0401,0.00433502804573964,0.0003));
#9532=CARTESIAN_POINT('',(-0.03795,0.00758502804573964,-0.0007));
#9533=CARTESIAN_POINT('',(-0.040102,0.00758502804573964,-0.0007));
#9534=CARTESIAN_POINT('',(-0.0361,0.00758502804573964,-0.0007));
#9535=CARTESIAN_POINT('',(-0.0361,0.00758502804573964,0.0188));
#9536=CARTESIAN_POINT('',(-0.0361,0.00758502804573964,-0.0022));
#9537=CARTESIAN_POINT('',(-0.0356,0.00758502804573964,-0.0022));
#9538=CARTESIAN_POINT('',(-0.0351,0.00758502804573964,-0.0022));
#9539=CARTESIAN_POINT('',(-0.0351,0.00758502804573964,0.0188));
#9540=CARTESIAN_POINT('',(-0.0351,0.00758502804573964,0.0008));
#9541=CARTESIAN_POINT('',(-0.03795,0.00758502804573964,0.0008));
#9542=CARTESIAN_POINT('',(-0.0329,0.00758502804573964,0.0008));
#9543=CARTESIAN_POINT('',(-0.0329,0.00758502804573964,0.0188));
#9544=CARTESIAN_POINT('',(-0.0329,0.00758502804573964,-0.0022));
#9545=CARTESIAN_POINT('',(-0.0324,0.00758502804573964,-0.0022));
#9546=CARTESIAN_POINT('',(-0.0319,0.00758502804573964,-0.0022));
#9547=CARTESIAN_POINT('',(-0.0319,0.00758502804573964,0.0188));
#9548=CARTESIAN_POINT('',(-0.0319,0.00758502804573964,0.0008));
#9549=CARTESIAN_POINT('',(-0.03795,0.00758502804573964,0.0008));
#9550=CARTESIAN_POINT('',(-0.0209,0.00758502804573964,0.0008));
#9551=CARTESIAN_POINT('',(-0.0209,0.00758502804573964,-0.0007));
#9552=CARTESIAN_POINT('',(-0.0209,0.00758502804573964,-0.0062));
#9553=CARTESIAN_POINT('',(-0.03795,0.00758502804573964,-0.0062));
#9554=CARTESIAN_POINT('',(-0.043,0.00758502804573964,-0.0062));
#9555=CARTESIAN_POINT('',(-0.043,0.00758502804573964,-0.0007));
#9556=CARTESIAN_POINT('',(-0.043,0.00758502804573964,0.0058));
#9557=CARTESIAN_POINT('',(-0.03795,0.00758502804573964,0.0058));
#9558=CARTESIAN_POINT('',(-0.0411,0.00758502804573964,0.0058));
#9559=CARTESIAN_POINT('',(-0.0411,0.00758502804573964,-0.008002));
#9560=CARTESIAN_POINT('',(-0.0411,0.00758502804573964,-0.0022));
#9561=CARTESIAN_POINT('',(-0.0406,0.00758502804573964,-0.0022));
#9562=CARTESIAN_POINT('',(-0.0459,0.00433502804573964,0.0003));
#9563=CARTESIAN_POINT('',(-0.040102,0.00662631589321756,-0.0007));
#9564=CARTESIAN_POINT('',(-0.0361,0.00662631589321756,-0.0007));
#9565=CARTESIAN_POINT('',(-0.018,0.00433502804573964,-0.0022));
#9566=CARTESIAN_POINT('',(-0.0361,0.00433502804573964,-0.0022));
#9567=CARTESIAN_POINT('',(-0.0361,0.00433502804573964,0.0003));
#9568=CARTESIAN_POINT('',(0.,0.0275,-0.0062));
#9569=CARTESIAN_POINT('',(0.0542,0.0275,-0.0062));
#9570=CARTESIAN_POINT('',(0.0542,-0.00482176487553298,-0.0062));
#9571=CARTESIAN_POINT('',(0.0542,0.0105160090373284,-0.0062));
#9572=CARTESIAN_POINT('',(0.0344405412441694,0.0464422976842932,-0.0062));
#9573=CARTESIAN_POINT('',(0.0492690534530375,0.0194813663954421,-0.0062));
#9574=CARTESIAN_POINT('',(0.0479547295900225,0.0187584882707838,-0.0062));
#9575=CARTESIAN_POINT('',(0.0479670034513736,0.0202584380540524,-0.0062));
#9576=CARTESIAN_POINT('',(0.0479976881047514,0.024008312512224,-0.0062));
#9577=CARTESIAN_POINT('',(0.0445072213447237,0.0253791304421995,-0.0062));
#9578=CARTESIAN_POINT('',(0.0431110346407127,0.0259274576141897,-0.0062));
#9579=CARTESIAN_POINT('',(0.0442823378548773,0.0268645001855214,-0.0062));
#9580=CARTESIAN_POINT('',(0.0266914256117648,0.0488531404894119,-0.0062));
#9581=CARTESIAN_POINT('',(0.0390647918701419,0.0333864326664405,-0.0062));
#9582=CARTESIAN_POINT('',(0.0363317510370914,0.0312,-0.0062));
#9583=CARTESIAN_POINT('',(0.0363317510370914,0.0347,-0.0062));
#9584=CARTESIAN_POINT('',(0.0165,0.0347,-0.0062));
#9585=CARTESIAN_POINT('',(0.0165,0.0347,-0.0062));
#9586=CARTESIAN_POINT('',(0.0165,0.0275,-0.0062));
#9587=CARTESIAN_POINT('',(0.0165,0.055,-0.0062));
#9588=CARTESIAN_POINT('',(0.,0.055,-0.0062));
#9589=CARTESIAN_POINT('',(0.011,0.055,-0.0062));
#9590=CARTESIAN_POINT('',(-0.0055,0.055,-0.0062));
#9591=CARTESIAN_POINT('',(0.0095,0.055,-0.0062));
#9592=CARTESIAN_POINT('',(0.0095,0.036,-0.0062));
#9593=CARTESIAN_POINT('',(0.0095,0.0528666666666667,-0.0062));
#9594=CARTESIAN_POINT('',(0.0095,0.0275,-0.0062));
#9595=CARTESIAN_POINT('',(0.0095,0.0202316282571331,-0.0062));
#9596=CARTESIAN_POINT('',(0.0165,0.0202316282571331,-0.0062));
#9597=CARTESIAN_POINT('',(0.0118,0.0202316282571331,-0.0062));
#9598=CARTESIAN_POINT('',(0.0118,0.0183522727272727,-0.0062));
#9599=CARTESIAN_POINT('',(0.0118,0.0134,-0.0062));
#9600=CARTESIAN_POINT('',(0.0098,0.0134,-0.0062));
#9601=CARTESIAN_POINT('',(0.0098,0.0114,-0.0062));
#9602=CARTESIAN_POINT('',(0.01155,0.0114,-0.0062));
#9603=CARTESIAN_POINT('',(-0.00181,0.0114,-0.0062));
#9604=CARTESIAN_POINT('',(-0.00181,0.01189,-0.0062));
#9605=CARTESIAN_POINT('',(-0.0023,0.01189,-0.0062));
#9606=CARTESIAN_POINT('',(-0.0023,0.0119,-0.0062));
#9607=CARTESIAN_POINT('',(-0.0023,0.01191,-0.0062));
#9608=CARTESIAN_POINT('',(-0.00181,0.01191,-0.0062));
#9609=CARTESIAN_POINT('',(-0.00181,0.0124,-0.0062));
#9610=CARTESIAN_POINT('',(0.00425,0.0124,-0.0062));
#9611=CARTESIAN_POINT('',(0.0098,0.0124,-0.0062));
#9612=CARTESIAN_POINT('',(0.0098,0.0134,-0.0062));
#9613=CARTESIAN_POINT('',(0.0108,0.0134,-0.0062));
#9614=CARTESIAN_POINT('',(0.0108,0.0138,-0.0062));
#9615=CARTESIAN_POINT('',(0.0108,0.0142,-0.0062));
#9616=CARTESIAN_POINT('',(0.0098,0.0142,-0.0062));
#9617=CARTESIAN_POINT('',(0.0098,0.0152,-0.0062));
#9618=CARTESIAN_POINT('',(0.,0.0152,-0.0062));
#9619=CARTESIAN_POINT('',(-0.0113,0.0152,-0.0062));
#9620=CARTESIAN_POINT('',(-0.0113,0.0275,-0.0062));
#9621=CARTESIAN_POINT('',(-0.0113,0.0202316282571331,-0.0062));
#9622=CARTESIAN_POINT('',(0.0165,0.0202316282571331,-0.0062));
#9623=CARTESIAN_POINT('',(-0.0095,0.0202316282571331,-0.0062));
#9624=CARTESIAN_POINT('',(-0.0095,0.0275,-0.0062));
#9625=CARTESIAN_POINT('',(-0.0095,0.0528666666666667,-0.0062));
#9626=CARTESIAN_POINT('',(-0.0095,0.036,-0.0062));
#9627=CARTESIAN_POINT('',(-0.0095,0.055,-0.0062));
#9628=CARTESIAN_POINT('',(-0.0055,0.055,-0.0062));
#9629=CARTESIAN_POINT('',(-0.011,0.055,-0.0062));
#9630=CARTESIAN_POINT('',(0.,0.055,-0.0062));
#9631=CARTESIAN_POINT('',(-0.0165,0.055,-0.0062));
#9632=CARTESIAN_POINT('',(-0.0165,0.03975,-0.0062));
#9633=CARTESIAN_POINT('',(-0.0165,0.0347,-0.0062));
#9634=CARTESIAN_POINT('',(-0.0363317510370914,0.0347,-0.0062));
#9635=CARTESIAN_POINT('',(-0.0363317510370914,0.0347,-0.0062));
#9636=CARTESIAN_POINT('',(-0.0363317510370914,0.0312,-0.0062));
#9637=CARTESIAN_POINT('',(-0.0390647918701419,0.0333864326664405,-0.0062));
#9638=CARTESIAN_POINT('',(-0.0266914256117648,0.0488531404894119,-0.0062));
#9639=CARTESIAN_POINT('',(-0.0442853227325757,0.0268607690883982,-0.0062));
#9640=CARTESIAN_POINT('',(-0.0431140195184112,0.0259237265170666,-0.0062));
#9641=CARTESIAN_POINT('',(-0.0445093145596627,0.0253731343378093,-0.0062));
#9642=CARTESIAN_POINT('',(-0.0479975521627911,0.0239966538896662,-0.0062));
#9643=CARTESIAN_POINT('',(-0.0479715643043278,0.0202467439399191,-0.0062));
#9644=CARTESIAN_POINT('',(-0.0479611691609425,0.0187467799600203,-0.0062));
#9645=CARTESIAN_POINT('',(-0.0492754930239574,0.0194696580846784,-0.0062));
#9646=CARTESIAN_POINT('',(-0.052885676136985,0.0129056887882647,-0.0062));
#9647=CARTESIAN_POINT('',(-0.0542,0.0105160090373284,-0.0062));
#9648=CARTESIAN_POINT('',(-0.0542,0.0275,-0.0062));
#9649=CARTESIAN_POINT('',(-0.0542,-0.00482176487553299,-0.0062));
#9650=CARTESIAN_POINT('',(-0.0583311086299102,0.015833778274018,-0.0062));
#9651=CARTESIAN_POINT('',(-0.0533922102889247,-0.00886071343090968,-0.0062));
#9652=CARTESIAN_POINT('',(-0.0490076755478589,-0.00798380648269653,-0.0062));
#9653=CARTESIAN_POINT('',(-0.051,-0.0119867746275657,-0.0062));
#9654=CARTESIAN_POINT('',(-0.051,0.0275,-0.0062));
#9655=CARTESIAN_POINT('',(-0.051,0.0146,-0.0062));
#9656=CARTESIAN_POINT('',(-0.049,0.0146,-0.0062));
#9657=CARTESIAN_POINT('',(-0.049,0.0166,-0.0062));
#9658=CARTESIAN_POINT('',(0.,0.0166,-0.0062));
#9659=CARTESIAN_POINT('',(-0.045,0.0166,-0.0062));
#9660=CARTESIAN_POINT('',(-0.045,0.0146,-0.0062));
#9661=CARTESIAN_POINT('',(-0.043,0.0146,-0.0062));
#9662=CARTESIAN_POINT('',(-0.043,0.0275,-0.0062));
#9663=CARTESIAN_POINT('',(-0.0209,0.000610028045739637,-0.0062));
#9664=CARTESIAN_POINT('',(-0.043,0.0275,-0.0062));
#9665=CARTESIAN_POINT('',(-0.043,-0.0124127184485535,-0.0062));
#9666=CARTESIAN_POINT('',(-0.0405952553205466,-0.00960368164351305,-0.0062));
#9667=CARTESIAN_POINT('',(-0.040153501917839,-0.00908765947385812,-0.0062));
#9668=CARTESIAN_POINT('',(-0.0392419129296642,-0.00986804752901933,-0.0062));
#9669=CARTESIAN_POINT('',(-0.0392402594726112,-0.0086680486681533,-0.0062));
#9670=CARTESIAN_POINT('',(-0.0292936410489341,-0.00868175393648494,-0.0062));
#9671=CARTESIAN_POINT('',(-0.0263458581681665,-0.00868581563400298,-0.0062));
#9672=CARTESIAN_POINT('',(-0.0263475116252195,-0.00988581449486901,-0.0062));
#9673=CARTESIAN_POINT('',(-0.0254350149733628,-0.00910648795204476,-0.0062));
#9674=CARTESIAN_POINT('',(-0.0249920201323734,-0.00962518106331451,-0.0062));
#9675=CARTESIAN_POINT('',(-0.0229244470815231,-0.0120460577853273,-0.0062));
#9676=CARTESIAN_POINT('',(-0.0221640332049759,-0.0113966189996404,-0.0062));
#9677=CARTESIAN_POINT('',(-0.0219545429211455,-0.0123744297282483,-0.0062));
#9678=CARTESIAN_POINT('',(-0.0225830137726367,-0.00944099754242464,-0.0062));
#9679=CARTESIAN_POINT('',(-0.0199531951429356,-0.0108846228313681,-0.0062));
#9680=CARTESIAN_POINT('',(-0.0181999827231348,-0.0118470396906637,-0.0062));
#9681=CARTESIAN_POINT('',(-0.0164441247714215,-0.0108894579169206,-0.0062));
#9682=CARTESIAN_POINT('',(-0.0138103378438515,-0.00945308525630581,-0.0062));
#9683=CARTESIAN_POINT('',(-0.0160117678109412,-0.0114911495585298,-0.0062));
#9684=CARTESIAN_POINT('',(2.06271936846816E-5,-0.0114911495585298,-0.0062));
#9685=CARTESIAN_POINT('',(0.0160530221983105,-0.0114911495585298,-0.0062));
#9686=CARTESIAN_POINT('',(0.013816951673633,-0.00949115240636473,-0.0062));
#9687=CARTESIAN_POINT('',(0.0164467703033341,-0.0109347776953082,-0.0062));
#9688=CARTESIAN_POINT('',(0.0181999827231348,-0.0118971945546038,-0.0062));
#9689=CARTESIAN_POINT('',(0.0199558406748481,-0.0109396127808606,-0.0062));
#9690=CARTESIAN_POINT('',(0.0225896276024181,-0.00950324012024589,-0.0062));
#9691=CARTESIAN_POINT('',(0.0219527992913052,-0.0124348693093087,-0.0062));
#9692=CARTESIAN_POINT('',(0.0221650753950095,-0.0114576595796211,-0.0062));
#9693=CARTESIAN_POINT('',(0.0229239043975712,-0.0121089494880883,-0.0062));
#9694=CARTESIAN_POINT('',(0.0233871165375834,-0.011569253107705,-0.0062));
#9695=CARTESIAN_POINT('',(0.0254328340073532,-0.00918575272342628,-0.0062));
#9696=CARTESIAN_POINT('',(0.0263434288104272,-0.00996730061358692,-0.0062));
#9697=CARTESIAN_POINT('',(0.0263434288104272,-0.00876730061358692,-0.0062));
#9698=CARTESIAN_POINT('',(0.0292919842709767,-0.00876730061358692,-0.0062));
#9699=CARTESIAN_POINT('',(0.0392378451900564,-0.00876730061358692,-0.0062));
#9700=CARTESIAN_POINT('',(0.0392378451900564,-0.00996730061358692,-0.0062));
#9701=CARTESIAN_POINT('',(0.040151329161801,-0.00918913158736851,-0.0062));
#9702=CARTESIAN_POINT('',(0.0405936068487744,-0.00970831644888091,-0.0062));
#9703=CARTESIAN_POINT('',(0.0429984745821676,-0.0125313639547629,-0.0062));
#9704=CARTESIAN_POINT('',(-0.0413403149055684,-0.0124151550391837,-0.0062));
#9705=CARTESIAN_POINT('',(0.043,-0.0125313660566089,-0.0062));
#9706=CARTESIAN_POINT('',(0.043,0.0275,-0.0062));
#9707=CARTESIAN_POINT('',(0.043,-0.00601568302830446,-0.0062));
#9708=CARTESIAN_POINT('',(0.0379,-0.00601568302830446,-0.0062));
#9709=CARTESIAN_POINT('',(0.02,-0.00601568302830446,-0.0062));
#9710=CARTESIAN_POINT('',(0.02,0.00750931697169554,-0.0062));
#9711=CARTESIAN_POINT('',(0.043,0.0275,-0.0062));
#9712=CARTESIAN_POINT('',(0.043,0.0146,-0.0062));
#9713=CARTESIAN_POINT('',(0.045,0.0146,-0.0062));
#9714=CARTESIAN_POINT('',(0.045,0.0166,-0.0062));
#9715=CARTESIAN_POINT('',(0.,0.0166,-0.0062));
#9716=CARTESIAN_POINT('',(0.049,0.0166,-0.0062));
#9717=CARTESIAN_POINT('',(0.049,0.0146,-0.0062));
#9718=CARTESIAN_POINT('',(0.051,0.0146,-0.0062));
#9719=CARTESIAN_POINT('',(0.051,0.0275,-0.0062));
#9720=CARTESIAN_POINT('',(0.051,-0.012092123660433,-0.0062));
#9721=CARTESIAN_POINT('',(0.0489008235501776,-0.00803776866507713,-0.0062));
#9722=CARTESIAN_POINT('',(0.0533777232539407,-0.00893314860582974,-0.0062));
#9723=CARTESIAN_POINT('',(0.0583311086299102,0.015833778274018,-0.0062));
#9724=CARTESIAN_POINT('',(-0.0213,0.0139142135623731,-0.0062));
#9725=CARTESIAN_POINT('',(-0.0223,0.0139142135623731,-0.0062));
#9726=CARTESIAN_POINT('',(-0.0216333333333334,0.012971404520791,-0.0062));
#9727=CARTESIAN_POINT('',(-0.0218,0.0125,-0.0062));
#9728=CARTESIAN_POINT('',(-0.0218,0.012,-0.0062));
#9729=CARTESIAN_POINT('',(-0.0223,0.012,-0.0062));
#9730=CARTESIAN_POINT('',(-0.0228,0.012,-0.0062));
#9731=CARTESIAN_POINT('',(-0.0228,0.0125,-0.0062));
#9732=CARTESIAN_POINT('',(-0.0233,0.0125,-0.0062));
#9733=CARTESIAN_POINT('',(-0.0233,0.01405,-0.0062));
#9734=CARTESIAN_POINT('',(-0.0233,0.0156,-0.0062));
#9735=CARTESIAN_POINT('',(-0.0228,0.0156,-0.0062));
#9736=CARTESIAN_POINT('',(-0.0228,0.0161,-0.0062));
#9737=CARTESIAN_POINT('',(-0.0223,0.0161,-0.0062));
#9738=CARTESIAN_POINT('',(-0.0218,0.0161,-0.0062));
#9739=CARTESIAN_POINT('',(-0.0218,0.0156,-0.0062));
#9740=CARTESIAN_POINT('',(-0.0213025062814467,0.01565,-0.0062));
#9741=CARTESIAN_POINT('',(-0.0218,0.0157,-0.0062));
#9742=CARTESIAN_POINT('',(-0.0216333333333334,0.0152285954792089,-0.0062));
#9743=CARTESIAN_POINT('',(-0.0213,0.0142857864376269,-0.0062));
#9744=CARTESIAN_POINT('',(-0.0223,0.0142857864376269,-0.0062));
#9745=CARTESIAN_POINT('',(-0.0223,0.0141,-0.0062));
#9746=CARTESIAN_POINT('',(0.0351,0.000934316971695538,0.0068));
#9747=CARTESIAN_POINT('',(0.0351,-0.00601568302830446,0.0188));
#9748=CARTESIAN_POINT('',(0.0351,-0.00601568302830446,0.0008));
#9749=CARTESIAN_POINT('',(0.0351,-0.00601568302830446,-0.0022));
#9750=CARTESIAN_POINT('',(0.0351,0.00750931697169554,-0.0022));
#9751=CARTESIAN_POINT('',(0.0351,-0.00201568302830446,-0.0022));
#9752=CARTESIAN_POINT('',(0.0351,-0.00201568302830446,0.000300000000000137));
#9753=CARTESIAN_POINT('',(0.0351,-0.00451568302830446,0.0003));
#9754=CARTESIAN_POINT('',(0.0351,-0.00451568302830446,0.0068));
#9755=CARTESIAN_POINT('',(0.0351,-0.00451568302830446,0.0008));
#9756=CARTESIAN_POINT('',(0.0351,0.000934316971695538,0.0008));
#9757=CARTESIAN_POINT('',(0.0351,0.000934316971695538,0.0068));
#9758=CARTESIAN_POINT('',(0.0351,0.00728431697169554,0.00045));
#9759=CARTESIAN_POINT('',(0.0351,0.00713431697169554,0.0003));
#9760=CARTESIAN_POINT('',(0.0351,0.00463431697169554,-0.0022));
#9761=CARTESIAN_POINT('',(0.0351,0.00750931697169554,-0.0022));
#9762=CARTESIAN_POINT('',(0.0351,0.0118343169716955,0.0008));
#9763=CARTESIAN_POINT('',(0.0351,0.00713431697169554,0.0008));
#9764=CARTESIAN_POINT('',(0.0351,0.00713431697169554,-0.0007));
#9765=CARTESIAN_POINT('',(0.0328,0.000934316971695538,0.0188));
#9766=CARTESIAN_POINT('',(0.0328,0.000934316971695538,-0.0022));
#9767=CARTESIAN_POINT('',(0.0328,0.00463431697169554,-0.0022));
#9768=CARTESIAN_POINT('',(0.0328,0.00588431697169554,-0.00095));
#9769=CARTESIAN_POINT('',(0.0328,0.00713431697169554,0.0003));
#9770=CARTESIAN_POINT('',(0.0328,0.00713431697169554,-0.0007));
#9771=CARTESIAN_POINT('',(0.0328,0.00713431697169554,0.0008));
#9772=CARTESIAN_POINT('',(0.0328,0.0118343169716955,0.0008));
#9773=CARTESIAN_POINT('',(0.0318,0.000934316971695538,0.0188));
#9774=CARTESIAN_POINT('',(0.0318,0.000934316971695538,-0.0022));
#9775=CARTESIAN_POINT('',(0.0318,0.00463431697169554,-0.0022));
#9776=CARTESIAN_POINT('',(0.0318,0.0118343169716955,0.0008));
#9777=CARTESIAN_POINT('',(0.0318,0.00713431697169554,0.0008));
#9778=CARTESIAN_POINT('',(0.0318,0.00713431697169554,-0.0007));
#9779=CARTESIAN_POINT('',(0.0318,0.00713431697169554,0.0003));
#9780=CARTESIAN_POINT('',(0.0318,0.00588431697169554,-0.00095));
#9781=CARTESIAN_POINT('',(-0.018,0.000610028045739637,-0.0022));
#9782=CARTESIAN_POINT('',(-0.0411,0.000610028045739639,-0.0022));
#9783=CARTESIAN_POINT('',(-0.0401,0.000235028045739638,-0.0022));
#9784=CARTESIAN_POINT('',(-0.0401,-0.00311497195426036,-0.0022));
#9785=CARTESIAN_POINT('',(-0.018,-0.00311497195426036,-0.0022));
#9786=CARTESIAN_POINT('',(-0.0351,0.000610028045739638,-0.0022));
#9787=CARTESIAN_POINT('',(-0.0351,-0.00311497195426036,-0.0022));
#9788=CARTESIAN_POINT('',(-0.018,-0.00311497195426036,-0.0022));
#9789=CARTESIAN_POINT('',(-0.0329,-0.00311497195426036,-0.0022));
#9790=CARTESIAN_POINT('',(-0.0329,0.000610028045739637,-0.0022));
#9791=CARTESIAN_POINT('',(-0.0319,0.000610028045739637,-0.0022));
#9792=CARTESIAN_POINT('',(-0.0319,-0.00311497195426036,-0.0022));
#9793=CARTESIAN_POINT('',(-0.018,-0.00311497195426036,-0.0022));
#9794=CARTESIAN_POINT('',(-0.0209,-0.00311497195426036,-0.0022));
#9795=CARTESIAN_POINT('',(-0.0209,0.000610028045739635,-0.0022));
#9796=CARTESIAN_POINT('',(-0.0209,0.00433502804573964,-0.0022));
#9797=CARTESIAN_POINT('',(-0.018,0.00433502804573964,-0.0022));
#9798=CARTESIAN_POINT('',(-0.0319,0.00433502804573964,-0.0022));
#9799=CARTESIAN_POINT('',(-0.0319,0.000610028045739637,-0.0022));
#9800=CARTESIAN_POINT('',(-0.0329,0.000610028045739637,-0.0022));
#9801=CARTESIAN_POINT('',(-0.0329,0.00433502804573964,-0.0022));
#9802=CARTESIAN_POINT('',(-0.018,0.00433502804573964,-0.0022));
#9803=CARTESIAN_POINT('',(-0.0351,0.00433502804573964,-0.0022));
#9804=CARTESIAN_POINT('',(-0.0351,0.000610028045739638,-0.0022));
#9805=CARTESIAN_POINT('',(-0.0361,0.00721002804573964,-0.0022));
#9806=CARTESIAN_POINT('',(-0.0361,0.000610028045739637,0.0068));
#9807=CARTESIAN_POINT('',(-0.0361,0.00721002804573964,-0.0007));
#9808=CARTESIAN_POINT('',(-0.0401,0.000610028045739637,0.0068));
#9809=CARTESIAN_POINT('',(-0.0401,-0.00598997195426036,-0.0007));
#9810=CARTESIAN_POINT('',(-0.0401,-0.00461497195426036,-0.0007));
#9811=CARTESIAN_POINT('',(-0.0401,-0.00436497195426036,-0.00095));
#9812=CARTESIAN_POINT('',(-0.0351,0.000610028045739637,0.0068));
#9813=CARTESIAN_POINT('',(-0.0351,0.00433502804573964,0.0003));
#9814=CARTESIAN_POINT('',(-0.0351,0.00683502804573964,0.0003));
#9815=CARTESIAN_POINT('',(-0.0351,0.00683502804573964,-0.0007));
#9816=CARTESIAN_POINT('',(-0.0351,0.00683502804573964,0.0008));
#9817=CARTESIAN_POINT('',(-0.0351,0.0118343169716955,0.0008));
#9818=CARTESIAN_POINT('',(-0.0329,0.000610028045739637,0.0188));
#9819=CARTESIAN_POINT('',(-0.0329,0.0118343169716955,0.0008));
#9820=CARTESIAN_POINT('',(-0.0329,0.00683502804573964,0.0008));
#9821=CARTESIAN_POINT('',(-0.0329,0.00683502804573964,-0.0007));
#9822=CARTESIAN_POINT('',(-0.0329,0.00683502804573964,0.0003));
#9823=CARTESIAN_POINT('',(-0.0329,0.00433502804573964,0.0003));
#9824=CARTESIAN_POINT('',(-0.0319,0.000610028045739637,0.0188));
#9825=CARTESIAN_POINT('',(-0.0319,0.00433502804573964,0.0003));
#9826=CARTESIAN_POINT('',(-0.0319,0.00683502804573964,0.0003));
#9827=CARTESIAN_POINT('',(-0.0319,0.00683502804573964,-0.0007));
#9828=CARTESIAN_POINT('',(-0.0319,0.00683502804573964,0.0008));
#9829=CARTESIAN_POINT('',(-0.0319,0.0118343169716955,0.0008));
#9830=CARTESIAN_POINT('',(-1.45145926297892E-5,-0.0139720971232352,-0.006202));
#9831=CARTESIAN_POINT('',(-0.00177069700703664,-0.013969677310772,0.0083));
#9832=CARTESIAN_POINT('',(-0.00177069700703664,-0.013969677310772,0.0093));
#9833=CARTESIAN_POINT('',(-0.00277069605775833,-0.0139682994298945,0.0083));
#9834=CARTESIAN_POINT('',(-1.45145926297892E-5,-0.0139720971232352,0.0093));
#9835=CARTESIAN_POINT('',(-0.00093250572566716,-0.0139708322396066,0.0093));
#9836=CARTESIAN_POINT('',(-0.00093250572566716,-0.0139708322396066,-0.006202));
#9837=CARTESIAN_POINT('',(-0.00093250572566716,-0.0139708322396066,0.00775292686274812));
#9838=CARTESIAN_POINT('',(-2.06986682736798E-5,-0.0139720886023076,0.005));
#9839=CARTESIAN_POINT('',(-0.00176830241986982,-0.013969680610231,0.00731427641585469));
#9840=CARTESIAN_POINT('',(-1.45145926297892E-5,-0.0139720971232352,0.00731427641585469));
#9841=CARTESIAN_POINT('',(-0.00277069605775834,-0.0139682994298945,0.00731427641585469));
#9842=CARTESIAN_POINT('',(-0.00277069605775834,-0.0139682994298945,-0.006202));
#9843=CARTESIAN_POINT('',(-1.92518947257174E-5,-0.0139720905957911,0.005));
#9844=CARTESIAN_POINT('',(0.00258074563715068,-0.0139756730860725,0.005));
#9845=CARTESIAN_POINT('',(-0.0232794827000775,-0.0139400407381344,-0.011));
#9846=CARTESIAN_POINT('',(-0.0232794827000775,-0.0139400407381344,-0.006));
#9847=CARTESIAN_POINT('',(-0.0232794827000775,-0.0139400407381344,0.014));
#9848=CARTESIAN_POINT('',(-1.45145926297892E-5,-0.0139720971232352,-0.006));
#9849=CARTESIAN_POINT('',(0.0232739854154077,-0.0140041859325226,-0.006));
#9850=CARTESIAN_POINT('',(0.0232739854154077,-0.0140041859325226,-0.011));
#9851=CARTESIAN_POINT('',(0.0232739854154077,-0.0140041859325226,0.014));
#9852=CARTESIAN_POINT('',(-1.45145926297892E-5,-0.0139720971232352,0.014));
#9853=CARTESIAN_POINT('',(-1.92518947257178E-5,-0.0139720905957911,0.0002));
#9854=CARTESIAN_POINT('',(0.000980747155995975,-0.0139734684766686,0.0002));
#9855=CARTESIAN_POINT('',(0.000881017105404008,-0.0139733310604085,-0.006202));
#9856=CARTESIAN_POINT('',(0.000881017105404008,-0.0139733310604085,0.0093));
#9857=CARTESIAN_POINT('',(0.000881017105404008,-0.0139733310604085,0.00775624874055277));
#9858=CARTESIAN_POINT('',(-1.45145926297892E-5,-0.0139720971232352,0.0093));
#9859=CARTESIAN_POINT('',(0.00172929967048929,-0.0139744998938432,0.0093));
#9860=CARTESIAN_POINT('',(0.00172929967048929,-0.0139744998938432,0.0083));
#9861=CARTESIAN_POINT('',(0.00272929872121098,-0.0139758777747206,0.0083));
#9862=CARTESIAN_POINT('',(0.00272929872121098,-0.0139758777747206,-0.006202));
#9863=CARTESIAN_POINT('',(0.00272929872121098,-0.0139758777747206,0.00731427641585469));
#9864=CARTESIAN_POINT('',(-1.45145926297892E-5,-0.0139720971232352,0.00731427641585469));
#9865=CARTESIAN_POINT('',(0.00172690508332247,-0.0139744965943842,0.00731427641585469));
#9866=CARTESIAN_POINT('',(-2.06986682736853E-5,-0.0139720886023076,0.005));
#9867=CARTESIAN_POINT('',(-1.64633763291333E-6,-0.0131721140947512,0.004));
#9868=CARTESIAN_POINT('',(-0.00176959470233466,-0.0131696780701946,0.0083));
#9869=CARTESIAN_POINT('',(-0.00276959375305635,-0.0131683001893172,0.0083));
#9870=CARTESIAN_POINT('',(-0.00176959470233466,-0.0131696780701946,0.0093));
#9871=CARTESIAN_POINT('',(-0.00276959375305635,-0.0131683001893172,0.004));
#9872=CARTESIAN_POINT('',(-0.00276959375305635,-0.0131683001893172,0.00731427641585469));
#9873=CARTESIAN_POINT('',(-1.64633763291333E-6,-0.0131721140947512,0.00731427641585469));
#9874=CARTESIAN_POINT('',(-0.00176720011516784,-0.0131696813696536,0.00731427641585469));
#9875=CARTESIAN_POINT('',(-1.95963635716985E-5,-0.0131720893617302,0.005));
#9876=CARTESIAN_POINT('',(-0.000931403420965178,-0.0131708329990292,0.00775292686274812));
#9877=CARTESIAN_POINT('',(-0.000931403420965178,-0.0131708329990293,0.004));
#9878=CARTESIAN_POINT('',(-0.000931403420965179,-0.0131708329990293,0.0093));
#9879=CARTESIAN_POINT('',(-1.64633763291333E-6,-0.0131721140947512,0.0093));
#9880=CARTESIAN_POINT('',(-1.8149590023736E-5,-0.0131720913552137,0.005));
#9881=CARTESIAN_POINT('',(0.00258184794185267,-0.0131756738454952,0.005));
#9882=CARTESIAN_POINT('',(-0.000973148683462954,-0.0131707754789757,-0.00146));
#9883=CARTESIAN_POINT('',(-0.00192814777690217,-0.0131694596027377,-0.00146));
#9884=CARTESIAN_POINT('',(0.0018918485968547,-0.0131747231076897,-0.00146));
#9885=CARTESIAN_POINT('',(-0.00192814777690217,-0.0131694596027377,-0.00046));
#9886=CARTESIAN_POINT('',(-0.00292814682762387,-0.0131680817218603,-0.00046));
#9887=CARTESIAN_POINT('',(-0.00292814682762387,-0.0131680817218603,0.00623));
#9888=CARTESIAN_POINT('',(-0.00292814682762387,-0.0131680817218603,0.00846));
#9889=CARTESIAN_POINT('',(-0.00192814777690217,-0.0131694596027377,0.00846));
#9890=CARTESIAN_POINT('',(-0.00192814777690217,-0.0131694596027377,0.00946));
#9891=CARTESIAN_POINT('',(0.00093684950341548,-0.0131734072314517,0.00946));
#9892=CARTESIAN_POINT('',(0.0018918485968547,-0.0131747231076897,0.00946));
#9893=CARTESIAN_POINT('',(0.0018918485968547,-0.0131747231076897,0.00846));
#9894=CARTESIAN_POINT('',(0.00289184764757639,-0.0131761009885672,0.00846));
#9895=CARTESIAN_POINT('',(0.00289184764757639,-0.0131761009885672,0.00177));
#9896=CARTESIAN_POINT('',(0.00289184764757639,-0.0131761009885672,-0.00046));
#9897=CARTESIAN_POINT('',(0.0018918485968547,-0.0131747231076897,-0.00046));
#9898=CARTESIAN_POINT('',(-1.81495900237364E-5,-0.0131720913552137,0.0002));
#9899=CARTESIAN_POINT('',(0.000981849460697956,-0.0131734692360912,0.0002));
#9900=CARTESIAN_POINT('',(0.00173040197519127,-0.0131745006532658,0.0083));
#9901=CARTESIAN_POINT('',(0.00173040197519127,-0.0131745006532658,0.0093));
#9902=CARTESIAN_POINT('',(0.00273040102591296,-0.0131758785341433,0.0083));
#9903=CARTESIAN_POINT('',(-1.64633763291333E-6,-0.0131721140947512,0.0093));
#9904=CARTESIAN_POINT('',(0.00088211941010599,-0.0131733318198311,0.0093));
#9905=CARTESIAN_POINT('',(0.00088211941010599,-0.0131733318198311,0.004));
#9906=CARTESIAN_POINT('',(0.00088211941010599,-0.0131733318198311,0.00775624874055277));
#9907=CARTESIAN_POINT('',(-1.9596363571704E-5,-0.0131720893617302,0.005));
#9908=CARTESIAN_POINT('',(0.00172800738802445,-0.0131744973538068,0.00731427641585469));
#9909=CARTESIAN_POINT('',(-1.64633763291333E-6,-0.0131721140947512,0.00731427641585469));
#9910=CARTESIAN_POINT('',(0.00273040102591296,-0.0131758785341433,0.00731427641585469));
#9911=CARTESIAN_POINT('',(0.00273040102591296,-0.0131758785341433,0.004));
#9912=CARTESIAN_POINT('',(0.,0.0275,0.014));
#9913=CARTESIAN_POINT('',(0.0479976881047514,0.024008312512224,0.014));
#9914=CARTESIAN_POINT('',(0.0493726881047514,0.024008312512224,0.014));
#9915=CARTESIAN_POINT('',(0.0489008235501776,-0.00803776866507713,0.014));
#9916=CARTESIAN_POINT('',(0.051105074711944,-0.0120359698870902,0.014));
#9917=CARTESIAN_POINT('',(0.0533777232539407,-0.00893314860582974,0.014));
#9918=CARTESIAN_POINT('',(0.0511367569303301,0.0109574461829493,0.014));
#9919=CARTESIAN_POINT('',(0.0511026733338835,-0.0137787735069472,0.014));
#9920=CARTESIAN_POINT('',(0.0493326252733045,-0.00812412900970255,0.014));
#9921=CARTESIAN_POINT('',(0.0551427684701843,-0.00928615764907846,0.014));
#9922=CARTESIAN_POINT('',(0.0545,-0.0125,0.014));
#9923=CARTESIAN_POINT('',(0.056,-0.005,0.014));
#9924=CARTESIAN_POINT('',(0.056,0.00454545454545457,0.014));
#9925=CARTESIAN_POINT('',(0.056,0.0133203387942655,0.014));
#9926=CARTESIAN_POINT('',(0.053,0.0133203387942655,0.014));
#9927=CARTESIAN_POINT('',(0.05562864772603,0.014766095043582,0.014));
#9928=CARTESIAN_POINT('',(0.053,0.0195454545454546,0.014));
#9929=CARTESIAN_POINT('',(0.05,0.025,0.014));
#9930=CARTESIAN_POINT('',(0.045,0.0325,0.014));
#9931=CARTESIAN_POINT('',(0.0453348847070663,0.0319976729394006,0.014));
#9932=CARTESIAN_POINT('',(0.0095,0.0319976729394006,0.014));
#9933=CARTESIAN_POINT('',(0.0420967369230038,0.0319976729394006,0.014));
#9934=CARTESIAN_POINT('',(0.0278627288259294,0.0497901830607435,0.014));
#9935=CARTESIAN_POINT('',(0.0454536410690418,0.027801542756853,0.014));
#9936=CARTESIAN_POINT('',(0.0431110346407127,0.0259274576141897,0.014));
#9937=CARTESIAN_POINT('',(0.0459034080487348,0.0248308032702093,0.014));
#9938=CARTESIAN_POINT('',(0.0479976881047514,0.024008312512224,0.014));
#9939=CARTESIAN_POINT('',(0.0479792773127247,0.021758387837321,0.014));
#9940=CARTESIAN_POINT('',(0.0479547295900225,0.0187584882707838,0.014));
#9941=CARTESIAN_POINT('',(0.0505833773160525,0.0202042445201003,0.014));
#9942=CARTESIAN_POINT('',(0.0357548651071843,0.0471651758089514,0.014));
#9943=CARTESIAN_POINT('',(0.0542,0.0136285669129229,0.014));
#9944=CARTESIAN_POINT('',(0.0542,0.0275,0.014));
#9945=CARTESIAN_POINT('',(0.0542,-0.00482176487553298,0.014));
#9946=CARTESIAN_POINT('',(0.0583311086299102,0.015833778274018,0.014));
#9947=CARTESIAN_POINT('',(0.0493326252733045,-0.00812412900970255,-0.006202));
#9948=CARTESIAN_POINT('',(0.0511026733338835,-0.0137787735069472,-0.006202));
#9949=CARTESIAN_POINT('',(0.0511026733338835,-0.0137787735069472,-0.00545));
#9950=CARTESIAN_POINT('',(0.0511026733338835,-0.0137787735069472,-0.00545));
#9951=CARTESIAN_POINT('',(0.0511026733338835,-0.0137787735069472,-0.00561206350911593));
#9952=CARTESIAN_POINT('',(0.0510499881203631,-0.0137958608282235,-0.00576892498017266));
#9953=CARTESIAN_POINT('',(0.0509547633614756,-0.0138229659568245,-0.0058971175472103));
#9954=CARTESIAN_POINT('',(0.0509547633614756,-0.0138229659568245,-0.0058971175472103));
#9955=CARTESIAN_POINT('',(0.0509547633614756,-0.0138229659568246,0.0015));
#9956=CARTESIAN_POINT('',(0.0509547633614756,-0.0138229659568246,-0.008));
#9957=CARTESIAN_POINT('',(0.0493326252733043,-0.00812412900970233,-0.008));
#9958=CARTESIAN_POINT('',(0.0551427684701843,-0.00928615764907846,-0.008));
#9959=CARTESIAN_POINT('',(0.0551427684701843,-0.00928615764907846,-0.011));
#9960=CARTESIAN_POINT('',(-0.0413403149055684,-0.0124151550391837,-0.006202));
#9961=CARTESIAN_POINT('',(-0.0413403149055684,-0.0124151550391837,0.014));
#9962=CARTESIAN_POINT('',(0.0431043843219739,-0.0125315098859066,0.014));
#9963=CARTESIAN_POINT('',(0.0429984745821676,-0.0125313639547629,0.014));
#9964=CARTESIAN_POINT('',(0.0431043843219738,-0.0125315098859066,-0.006202));
#9965=CARTESIAN_POINT('',(0.0431043843219738,-0.0125315098859066,-0.00545));
#9966=CARTESIAN_POINT('',(0.0423543850339326,-0.0125304764752485,-0.00545));
#9967=CARTESIAN_POINT('',(0.043,-0.0125313660566089,-0.00583168118139989));
#9968=CARTESIAN_POINT('',(0.043,-0.0125313660566089,-0.006202));
#9969=CARTESIAN_POINT('',(0.0429984745821676,-0.0125313639547629,-0.0075));
#9970=CARTESIAN_POINT('',(0.0489008235501776,-0.00803776866507713,-0.006202));
#9971=CARTESIAN_POINT('',(0.051105074711944,-0.0120359698870902,-0.006202));
#9972=CARTESIAN_POINT('',(0.051105074711944,-0.0120359698870902,-0.00545));
#9973=CARTESIAN_POINT('',(0.0533777232539407,-0.00893314860582973,-0.006202));
#9974=CARTESIAN_POINT('',(0.051,-0.0120921236604331,-0.00583271587148616));
#9975=CARTESIAN_POINT('',(0.051,-0.0120921236604331,-0.00583271587148616));
#9976=CARTESIAN_POINT('',(0.0510000000000001,-0.0120921236604329,-0.00583271587148629));
#9977=CARTESIAN_POINT('',(0.0510669422634122,-0.0120574637396777,-0.00571997662181589));
#9978=CARTESIAN_POINT('',(0.051105074711944,-0.0120359698870903,-0.00558689564699175));
#9979=CARTESIAN_POINT('',(0.051105074711944,-0.0120359698870903,-0.00545));
#9980=CARTESIAN_POINT('',(0.,0.0275,0.014));
#9981=CARTESIAN_POINT('',(0.0431367645245565,0.0109684692299691,0.014));
#9982=CARTESIAN_POINT('',(0.0431023175026196,-0.0140315070380732,0.014));
#9983=CARTESIAN_POINT('',(0.0405936068487744,-0.00970831644888091,0.014));
#9984=CARTESIAN_POINT('',(0.040151329161801,-0.00918913158736851,0.014));
#9985=CARTESIAN_POINT('',(0.0392378451900564,-0.00996730061358692,0.014));
#9986=CARTESIAN_POINT('',(0.0392378451900564,-0.00876730061358692,0.014));
#9987=CARTESIAN_POINT('',(0.0292919842709767,-0.00876730061358692,0.014));
#9988=CARTESIAN_POINT('',(0.0263434288104272,-0.00876730061358692,0.014));
#9989=CARTESIAN_POINT('',(0.0263434288104272,-0.00996730061358692,0.014));
#9990=CARTESIAN_POINT('',(0.0254328340073532,-0.00918575272342628,0.014));
#9991=CARTESIAN_POINT('',(0.0233871165375834,-0.011569253107705,0.014));
#9992=CARTESIAN_POINT('',(0.0229239043975712,-0.0121089494880883,0.014));
#9993=CARTESIAN_POINT('',(0.0221650753950095,-0.0114576595796211,0.014));
#9994=CARTESIAN_POINT('',(0.0219527992913052,-0.0124348693093087,0.014));
#9995=CARTESIAN_POINT('',(0.0225896276024181,-0.00950324012024589,0.014));
#9996=CARTESIAN_POINT('',(0.0199558406748481,-0.0109396127808606,0.014));
#9997=CARTESIAN_POINT('',(0.0181999827231348,-0.0118971945546038,0.014));
#9998=CARTESIAN_POINT('',(0.0164467703033341,-0.0109347776953082,0.014));
#9999=CARTESIAN_POINT('',(0.013816951673633,-0.00949115240636473,0.014));
#10000=CARTESIAN_POINT('',(0.0160530221983105,-0.0114911495585298,0.014));
#10001=CARTESIAN_POINT('',(2.06271936846816E-5,-0.0114911495585298,0.014));
#10002=CARTESIAN_POINT('',(-0.0160117678109412,-0.0114911495585298,0.014));
#10003=CARTESIAN_POINT('',(-0.0138103378438515,-0.00945308525630581,0.014));
#10004=CARTESIAN_POINT('',(-0.0164441247714215,-0.0108894579169206,0.014));
#10005=CARTESIAN_POINT('',(-0.0181999827231348,-0.0118470396906637,0.014));
#10006=CARTESIAN_POINT('',(-0.0199531951429356,-0.0108846228313681,0.014));
#10007=CARTESIAN_POINT('',(-0.0225830137726367,-0.00944099754242464,0.014));
#10008=CARTESIAN_POINT('',(-0.0219545429211455,-0.0123744297282483,0.014));
#10009=CARTESIAN_POINT('',(-0.0221640332049759,-0.0113966189996404,0.014));
#10010=CARTESIAN_POINT('',(-0.0229244470815231,-0.0120460577853273,0.014));
#10011=CARTESIAN_POINT('',(-0.0249920201323734,-0.00962518106331451,0.014));
#10012=CARTESIAN_POINT('',(-0.0254350149733628,-0.00910648795204476,0.014));
#10013=CARTESIAN_POINT('',(-0.0263475116252195,-0.00988581449486901,0.014));
#10014=CARTESIAN_POINT('',(-0.0263458581681665,-0.00868581563400298,0.014));
#10015=CARTESIAN_POINT('',(-0.0292936410489341,-0.00868175393648494,0.014));
#10016=CARTESIAN_POINT('',(-0.0392402594726112,-0.0086680486681533,0.014));
#10017=CARTESIAN_POINT('',(-0.0392419129296642,-0.00986804752901933,0.014));
#10018=CARTESIAN_POINT('',(-0.040153501917839,-0.00908765947385812,0.014));
#10019=CARTESIAN_POINT('',(-0.0405952553205466,-0.00960368164351305,0.014));
#10020=CARTESIAN_POINT('',(-0.0426402572013238,-0.0119924947256512,0.014));
#10021=CARTESIAN_POINT('',(-0.0435518461894987,-0.0112121066704899,0.014));
#10022=CARTESIAN_POINT('',(-0.0430646419718026,-0.0123087524885457,0.014));
#10023=CARTESIAN_POINT('',(-0.0430324051053896,0.011087200193739,0.014));
#10024=CARTESIAN_POINT('',(-0.0430668521273265,-0.0139127760743033,0.014));
#10025=CARTESIAN_POINT('',(-1.45145926297892E-5,-0.0139720971232352,0.014));
#10026=CARTESIAN_POINT('',(-0.042310479130297,-0.0139138182671815,0.014));
#10027=CARTESIAN_POINT('',(-0.0396806877492604,-0.0108418993054606,0.014));
#10028=CARTESIAN_POINT('',(-0.0397037669013698,-0.0108688585865262,0.014));
#10029=CARTESIAN_POINT('',(-0.0381844519210782,-0.0121695053451283,0.014));
#10030=CARTESIAN_POINT('',(-0.0381816961593233,-0.0101695072436849,0.014));
#10031=CARTESIAN_POINT('',(-0.0296398086913384,-0.0101812769582573,0.014));
#10032=CARTESIAN_POINT('',(-0.0274063359841471,-0.0101843544205122,0.014));
#10033=CARTESIAN_POINT('',(-0.0274090917459021,-0.0121843525219556,0.014));
#10034=CARTESIAN_POINT('',(-0.0258882639928077,-0.0108854749505819,0.014));
#10035=CARTESIAN_POINT('',(-0.0259084981821881,-0.010861783174352,0.014));
#10036=CARTESIAN_POINT('',(0.0249434357815471,-0.0120590807808932,0.014));
#10037=CARTESIAN_POINT('',(0.025882706172584,-0.0109647207966525,0.014));
#10038=CARTESIAN_POINT('',(0.0274003641777074,-0.0122673006135869,0.014));
#10039=CARTESIAN_POINT('',(0.0274003641777074,-0.0102673006135869,0.014));
#10040=CARTESIAN_POINT('',(0.0296366371081333,-0.0102673006135869,0.014));
#10041=CARTESIAN_POINT('',(0.0381757452849593,-0.0102673006135869,0.014));
#10042=CARTESIAN_POINT('',(0.0381757452849593,-0.0122673006135869,0.014));
#10043=CARTESIAN_POINT('',(0.0396982185712003,-0.0109703522365562,0.014));
#10044=CARTESIAN_POINT('',(0.0396763424408589,-0.0109446720902674,0.014));
#10045=CARTESIAN_POINT('',(0.0423049867318684,-0.0140304084102082,0.014));
#10046=CARTESIAN_POINT('',(-1.45145926297892E-5,-0.0139720971232352,0.014));
#10047=CARTESIAN_POINT('',(-0.0181999827231348,-0.0118470396906637,0.014));
#10048=CARTESIAN_POINT('',(-0.0168249827231348,-0.0118470396906637,0.014));
#10049=CARTESIAN_POINT('',(0.0181999827231348,-0.0118971945546038,0.014));
#10050=CARTESIAN_POINT('',(0.0195749827231348,-0.0118971945546038,0.014));
#10051=CARTESIAN_POINT('',(-1.45145926297892E-5,-0.0139720971232352,-0.006202));
#10052=CARTESIAN_POINT('',(-0.0430668521273265,-0.0139127760743033,0.0008));
#10053=CARTESIAN_POINT('',(-0.0430668521273265,-0.0139127760743033,-0.00545));
#10054=CARTESIAN_POINT('',(-0.0430668521273265,-0.0139127760743033,0.017));
#10055=CARTESIAN_POINT('',(-0.0430668521273265,-0.0139127760743033,-0.006));
#10056=CARTESIAN_POINT('',(-1.45145926297892E-5,-0.0139720971232352,-0.006));
#10057=CARTESIAN_POINT('',(-0.042310479130297,-0.0139138182671815,-0.006));
#10058=CARTESIAN_POINT('',(-0.042310479130297,-0.0139138182671815,-0.011));
#10059=CARTESIAN_POINT('',(-0.049429672947901,-0.008068205962705,-0.006202));
#10060=CARTESIAN_POINT('',(-0.0510665323352222,-0.013675174963374,-0.006202));
#10061=CARTESIAN_POINT('',(-0.0510665323352222,-0.013675174963374,-0.00545));
#10062=CARTESIAN_POINT('',(-0.0510665323352222,-0.013675174963374,0.014));
#10063=CARTESIAN_POINT('',(-0.049429672947901,-0.008068205962705,0.014));
#10064=CARTESIAN_POINT('',(-0.0551572555051683,-0.00921372247415838,0.014));
#10065=CARTESIAN_POINT('',(-0.0551572555051683,-0.00921372247415838,-0.011));
#10066=CARTESIAN_POINT('',(-0.0551572555051683,-0.00921372247415838,-0.008));
#10067=CARTESIAN_POINT('',(-0.049429672947901,-0.008068205962705,-0.008));
#10068=CARTESIAN_POINT('',(-0.050977302594629,-0.0137004570672717,-0.008));
#10069=CARTESIAN_POINT('',(-0.050977302594629,-0.0137004570672717,0.0015));
#10070=CARTESIAN_POINT('',(-0.050977302594629,-0.0137004570672717,-0.00580486418244297));
#10071=CARTESIAN_POINT('',(-0.050977302594629,-0.0137004570672717,-0.00580486418244297));
#10072=CARTESIAN_POINT('',(-0.0510356756123397,-0.0136844173326965,-0.0056961361291731));
#10073=CARTESIAN_POINT('',(-0.0510665323352222,-0.013675174963374,-0.00557448366191709));
#10074=CARTESIAN_POINT('',(-0.0510665323352222,-0.013675174963374,-0.00545));
#10075=CARTESIAN_POINT('',(-0.0490076755478589,-0.00798380648269653,-0.006202));
#10076=CARTESIAN_POINT('',(-0.0490076755478589,-0.00798380648269653,0.014));
#10077=CARTESIAN_POINT('',(-0.0533922102889247,-0.00886071343090968,0.014));
#10078=CARTESIAN_POINT('',(-0.0510641610264074,-0.0119541941423535,0.014));
#10079=CARTESIAN_POINT('',(-0.0510641610264074,-0.0119541941423535,-0.006202));
#10080=CARTESIAN_POINT('',(-0.0510641610264074,-0.0119541941423535,-0.00545));
#10081=CARTESIAN_POINT('',(-0.0510641610264074,-0.0119541941423535,-0.00545));
#10082=CARTESIAN_POINT('',(-0.0510641610264074,-0.0119541941423535,-0.0055559464643456));
#10083=CARTESIAN_POINT('',(-0.051041501687462,-0.0119661187482923,-0.00565981767585187));
#10084=CARTESIAN_POINT('',(-0.051,-0.0119867746275658,-0.00575362212394915));
#10085=CARTESIAN_POINT('',(-0.051,-0.0119867746275657,-0.00575362212394918));
#10086=CARTESIAN_POINT('',(-0.051,-0.0119867746275657,-0.0062));
#10087=CARTESIAN_POINT('',(-0.0533922102889247,-0.00886071343090968,-0.006202));
#10088=CARTESIAN_POINT('',(6.93889390390723E-18,0.0118343169716955,0.0008));
#10089=CARTESIAN_POINT('',(0.0375,0.00713431697169554,0.0008));
#10090=CARTESIAN_POINT('',(0.02,0.00713431697169554,0.0008));
#10091=CARTESIAN_POINT('',(0.02,0.00750931697169554,0.0008));
#10092=CARTESIAN_POINT('',(6.93889390390723E-18,0.0118343169716955,0.0008));
#10093=CARTESIAN_POINT('',(0.0375,0.00713431697169554,0.0008));
#10094=CARTESIAN_POINT('',(6.93889390390723E-18,0.0118343169716955,0.0008));
#10095=CARTESIAN_POINT('',(0.0379,-0.00601568302830446,0.0008));
#10096=CARTESIAN_POINT('',(0.02,-0.00601568302830446,0.0008));
#10097=CARTESIAN_POINT('',(0.0318,-0.00601568302830446,0.0008));
#10098=CARTESIAN_POINT('',(0.0318,0.0118343169716955,0.0008));
#10099=CARTESIAN_POINT('',(0.0318,-0.00451568302830446,0.0008));
#10100=CARTESIAN_POINT('',(0.0287,-0.00451568302830446,0.0008));
#10101=CARTESIAN_POINT('',(0.02,-0.00451568302830446,0.0008));
#10102=CARTESIAN_POINT('',(0.02,0.000934316971695538,0.0008));
#10103=CARTESIAN_POINT('',(6.93889390390723E-18,0.0118343169716955,0.0008));
#10104=CARTESIAN_POINT('',(0.0328,0.0118343169716955,0.0008));
#10105=CARTESIAN_POINT('',(0.0328,-0.00601568302830446,0.0008));
#10106=CARTESIAN_POINT('',(0.0328,-0.00451568302830446,0.0008));
#10107=CARTESIAN_POINT('',(0.0379,-0.00601568302830446,0.0008));
#10108=CARTESIAN_POINT('',(0.0287,-0.00451568302830446,0.0008));
#10109=CARTESIAN_POINT('',(0.03235,0.00713431697169554,-0.0007));
#10110=CARTESIAN_POINT('',(0.03395,0.00713431697169554,0.0003));
#10111=CARTESIAN_POINT('',(0.02,0.00713431697169554,0.0003));
#10112=CARTESIAN_POINT('',(0.02,0.00713431697169554,-0.0007));
#10113=CARTESIAN_POINT('',(0.03235,0.00713431697169554,-0.0007));
#10114=CARTESIAN_POINT('',(0.03395,0.00713431697169554,0.0003));
#10115=CARTESIAN_POINT('',(0.0287,0.00588431697169554,-0.00095));
#10116=CARTESIAN_POINT('',(0.0287,0.00463431697169554,-0.0022));
#10117=CARTESIAN_POINT('',(0.02,0.00463431697169554,-0.0022));
#10118=CARTESIAN_POINT('',(0.02,0.00728431697169554,0.00045));
#10119=CARTESIAN_POINT('',(0.0287,-0.00201568302830446,0.000300000000000137));
#10120=CARTESIAN_POINT('',(0.0318,-0.00201568302830446,0.000300000000000137));
#10121=CARTESIAN_POINT('',(0.0318,-0.00201568302830446,-0.0022));
#10122=CARTESIAN_POINT('',(0.0318,-0.00451568302830446,0.0003));
#10123=CARTESIAN_POINT('',(0.0287,-0.00201568302830446,-0.0022));
#10124=CARTESIAN_POINT('',(0.02,-0.00201568302830446,-0.0022));
#10125=CARTESIAN_POINT('',(0.02,-0.00201568302830446,0.000300000000000137));
#10126=CARTESIAN_POINT('',(0.02,-0.00451568302830446,0.0003));
#10127=CARTESIAN_POINT('',(0.0287,-0.00451568302830446,0.0003));
#10128=CARTESIAN_POINT('',(0.0287,-0.00451568302830446,0.00444267855356786));
#10129=CARTESIAN_POINT('',(0.0318,-0.00451568302830446,0.00444267855356786));
#10130=CARTESIAN_POINT('',(0.02,-0.00451568302830446,0.0068));
#10131=CARTESIAN_POINT('',(6.93889390390723E-18,0.0118343169716955,0.0008));
#10132=CARTESIAN_POINT('',(-0.03795,0.00683502804573964,0.0008));
#10133=CARTESIAN_POINT('',(-0.0209,0.00683502804573964,0.0008));
#10134=CARTESIAN_POINT('',(-0.0209,0.00721002804573964,0.0008));
#10135=CARTESIAN_POINT('',(6.93889390390723E-18,0.0118343169716955,0.0008));
#10136=CARTESIAN_POINT('',(-0.03795,0.00683502804573964,0.0008));
#10137=CARTESIAN_POINT('',(6.93889390390723E-18,0.0118343169716955,0.0008));
#10138=CARTESIAN_POINT('',(-0.03795,-0.00561497195426036,0.0008));
#10139=CARTESIAN_POINT('',(-0.0209,-0.00561497195426036,0.0008));
#10140=CARTESIAN_POINT('',(-0.0319,-0.00561497195426036,0.0008));
#10141=CARTESIAN_POINT('',(-0.0319,0.0118343169716955,0.0008));
#10142=CARTESIAN_POINT('',(-0.0209,-0.00598997195426036,0.0008));
#10143=CARTESIAN_POINT('',(6.93889390390723E-18,0.0118343169716955,0.0008));
#10144=CARTESIAN_POINT('',(-0.0329,0.0118343169716955,0.0008));
#10145=CARTESIAN_POINT('',(-0.0329,-0.00561497195426036,0.0008));
#10146=CARTESIAN_POINT('',(-0.03795,-0.00561497195426036,0.0008));
#10147=CARTESIAN_POINT('',(-0.0351,-0.00561497195426036,0.0008));
#10148=CARTESIAN_POINT('',(-0.0351,0.0118343169716955,0.0008));
#10149=CARTESIAN_POINT('',(-0.034,-0.00561497195426036,-0.0007));
#10150=CARTESIAN_POINT('',(-0.018,-0.00561497195426036,0.0003));
#10151=CARTESIAN_POINT('',(-0.0209,-0.00561497195426036,0.0003));
#10152=CARTESIAN_POINT('',(-0.0319,-0.00561497195426036,0.0003));
#10153=CARTESIAN_POINT('',(-0.0319,-0.00561497195426036,-0.0007));
#10154=CARTESIAN_POINT('',(-0.0209,-0.00561497195426036,0.000802));
#10155=CARTESIAN_POINT('',(-0.034,-0.00561497195426036,-0.0007));
#10156=CARTESIAN_POINT('',(-0.0329,-0.00561497195426036,-0.0007));
#10157=CARTESIAN_POINT('',(-0.0329,-0.00561497195426036,0.0003));
#10158=CARTESIAN_POINT('',(-0.018,-0.00561497195426036,0.0003));
#10159=CARTESIAN_POINT('',(-0.0351,-0.00561497195426036,0.0003));
#10160=CARTESIAN_POINT('',(-0.0351,-0.00561497195426036,-0.0007));
#10161=CARTESIAN_POINT('',(-0.04205,0.00683502804573964,-0.0007));
#10162=CARTESIAN_POINT('',(-0.018,0.00683502804573964,0.000300000000000004));
#10163=CARTESIAN_POINT('',(-0.0209,0.00683502804573964,0.0003));
#10164=CARTESIAN_POINT('',(-0.0209,0.00683502804573964,0.000802));
#10165=CARTESIAN_POINT('',(-0.04205,0.00683502804573964,-0.0007));
#10166=CARTESIAN_POINT('',(-0.018,0.00683502804573964,0.000300000000000004));
#10167=CARTESIAN_POINT('',(0.,0.0275,-0.008));
#10168=CARTESIAN_POINT('',(-0.0285662033440284,0.0626463463378882,-0.008));
#10169=CARTESIAN_POINT('',(-0.0285662033440284,0.0636463463378882,-0.008));
#10170=CARTESIAN_POINT('',(-0.0285662033440284,0.0596463463378882,-0.008));
#10171=CARTESIAN_POINT('',(-0.0265662033440284,0.0596463463378882,-0.008));
#10172=CARTESIAN_POINT('',(-0.0245662033440284,0.0596463463378882,-0.008));
#10173=CARTESIAN_POINT('',(-0.0245662033440284,0.0626463463378882,-0.008));
#10174=CARTESIAN_POINT('',(-0.0245662033440284,0.0636463463378882,-0.008));
#10175=CARTESIAN_POINT('',(-0.0265662033440284,0.0636463463378882,-0.008));
#10176=CARTESIAN_POINT('',(-0.0370878239698175,0.0380585493132117,-0.008));
#10177=CARTESIAN_POINT('',(-0.056,0.00969028526793807,-0.008));
#10178=CARTESIAN_POINT('',(-0.0406206276785634,0.0327593437500928,-0.008));
#10179=CARTESIAN_POINT('',(-0.0385,0.0575,-0.008));
#10180=CARTESIAN_POINT('',(-0.0375884573348517,0.0681346644267301,-0.008));
#10181=CARTESIAN_POINT('',(-0.0353280119742974,0.0729609179570463,-0.008));
#10182=CARTESIAN_POINT('',(-0.0343729785275812,0.075,-0.008));
#10183=CARTESIAN_POINT('',(-0.029,0.075,-0.008));
#10184=CARTESIAN_POINT('',(-0.0259821533828104,0.075,-0.008));
#10185=CARTESIAN_POINT('',(-0.0427570533800954,0.0910584889699333,-0.008));
#10186=CARTESIAN_POINT('',(-0.0189756156054658,0.0682926926757764,-0.008));
#10187=CARTESIAN_POINT('',(-0.017,0.065,-0.008));
#10188=CARTESIAN_POINT('',(-0.011,0.055,-0.008));
#10189=CARTESIAN_POINT('',(-0.0055,0.055,-0.008));
#10190=CARTESIAN_POINT('',(0.011,0.055,-0.008));
#10191=CARTESIAN_POINT('',(0.017,0.065,-0.008));
#10192=CARTESIAN_POINT('',(0.0189756156054658,0.0682926926757763,-0.008));
#10193=CARTESIAN_POINT('',(0.0427570533800954,0.0910584889699333,-0.008));
#10194=CARTESIAN_POINT('',(0.0259821533828104,0.075,-0.008));
#10195=CARTESIAN_POINT('',(0.031,0.075,-0.008));
#10196=CARTESIAN_POINT('',(0.0343729785275812,0.075,-0.008));
#10197=CARTESIAN_POINT('',(0.0353280119742974,0.0729609179570463,-0.008));
#10198=CARTESIAN_POINT('',(0.0375884573348517,0.0681346644267302,-0.008));
#10199=CARTESIAN_POINT('',(0.0385,0.0575,-0.008));
#10200=CARTESIAN_POINT('',(0.0406206276785634,0.0327593437500928,-0.008));
#10201=CARTESIAN_POINT('',(0.0470878239698176,0.0230585493132118,-0.008));
#10202=CARTESIAN_POINT('',(0.056,0.00969028526793805,-0.008));
#10203=CARTESIAN_POINT('',(0.056,0.00454545454545457,-0.008));
#10204=CARTESIAN_POINT('',(0.056,-0.005,-0.008));
#10205=CARTESIAN_POINT('',(0.0545,-0.0125,-0.008));
#10206=CARTESIAN_POINT('',(0.049,-0.0134,-0.008));
#10207=CARTESIAN_POINT('',(0.051,-0.0134,-0.008));
#10208=CARTESIAN_POINT('',(0.051,0.0006,-0.008));
#10209=CARTESIAN_POINT('',(0.051,0.0146,-0.008));
#10210=CARTESIAN_POINT('',(0.049,0.0146,-0.008));
#10211=CARTESIAN_POINT('',(0.049,0.0166,-0.008));
#10212=CARTESIAN_POINT('',(0.046,0.0166,-0.008));
#10213=CARTESIAN_POINT('',(0.045,0.0166,-0.008));
#10214=CARTESIAN_POINT('',(0.045,0.0146,-0.008));
#10215=CARTESIAN_POINT('',(0.043,0.0146,-0.008));
#10216=CARTESIAN_POINT('',(0.043,0.0073,-0.008));
#10217=CARTESIAN_POINT('',(0.043,-0.0120313641580507,-0.008));
#10218=CARTESIAN_POINT('',(-5.43878211315837E-5,-0.0119720402840656,-0.008));
#10219=CARTESIAN_POINT('',(0.0405992441920602,-0.0120280561993912,-0.008));
#10220=CARTESIAN_POINT('',(0.00401377868613827,0.0309192151677093,-0.008));
#10221=CARTESIAN_POINT('',(0.0396982185712004,-0.0109703522365562,-0.008));
#10222=CARTESIAN_POINT('',(0.0381757452849593,-0.0122673006135869,-0.008));
#10223=CARTESIAN_POINT('',(0.0381757452849593,-0.0102673006135869,-0.008));
#10224=CARTESIAN_POINT('',(0.,-0.0102673006135869,-0.008));
#10225=CARTESIAN_POINT('',(0.0274003641777074,-0.0102673006135869,-0.008));
#10226=CARTESIAN_POINT('',(0.0274003641777074,-0.0122673006135869,-0.008));
#10227=CARTESIAN_POINT('',(0.025882706172584,-0.0109647207966525,-0.008));
#10228=CARTESIAN_POINT('',(0.0339137622826288,-0.00160760007625807,-0.008));
#10229=CARTESIAN_POINT('',(0.0249885250809333,-0.0120065464676256,-0.008));
#10230=CARTESIAN_POINT('',(-5.43878211315837E-5,-0.0119720402840656,-0.008));
#10231=CARTESIAN_POINT('',(-0.0249896160334108,-0.0119376824773213,-0.008));
#10232=CARTESIAN_POINT('',(-0.0339257217031288,-0.00147458895210331,-0.008));
#10233=CARTESIAN_POINT('',(-0.0258882639928077,-0.0108854749505819,-0.008));
#10234=CARTESIAN_POINT('',(-0.0274090917459021,-0.0121843525219556,-0.008));
#10235=CARTESIAN_POINT('',(-0.0274063359841471,-0.0101843544205122,-0.008));
#10236=CARTESIAN_POINT('',(-5.19765345009109E-5,-0.0102220455050928,-0.008));
#10237=CARTESIAN_POINT('',(-0.0381816961593233,-0.0101695072436849,-0.008));
#10238=CARTESIAN_POINT('',(-0.0381844519210782,-0.0121695053451283,-0.008));
#10239=CARTESIAN_POINT('',(-0.0397037669013698,-0.0108688585865262,-0.008));
#10240=CARTESIAN_POINT('',(-0.00395713041721832,0.0308875983040285,-0.008));
#10241=CARTESIAN_POINT('',(-0.0406003457969636,-0.0119161727308779,-0.008));
#10242=CARTESIAN_POINT('',(-5.43878211315837E-5,-0.0119720402840656,-0.008));
#10243=CARTESIAN_POINT('',(-0.043,-0.0119128662901002,-0.008));
#10244=CARTESIAN_POINT('',(-0.043,-0.0067,-0.008));
#10245=CARTESIAN_POINT('',(-0.043,0.0146,-0.008));
#10246=CARTESIAN_POINT('',(-0.045,0.0146,-0.008));
#10247=CARTESIAN_POINT('',(-0.045,0.0166,-0.008));
#10248=CARTESIAN_POINT('',(-0.046,0.0166,-0.008));
#10249=CARTESIAN_POINT('',(-0.049,0.0166,-0.008));
#10250=CARTESIAN_POINT('',(-0.049,0.0146,-0.008));
#10251=CARTESIAN_POINT('',(-0.051,0.0146,-0.008));
#10252=CARTESIAN_POINT('',(-0.051,-0.0067,-0.008));
#10253=CARTESIAN_POINT('',(-0.051,-0.0134,-0.008));
#10254=CARTESIAN_POINT('',(-0.049,-0.0134,-0.008));
#10255=CARTESIAN_POINT('',(-0.0545,-0.0125,-0.008));
#10256=CARTESIAN_POINT('',(-0.056,-0.005,-0.008));
#10257=CARTESIAN_POINT('',(-0.056,0.00454545454545455,-0.008));
#10258=CARTESIAN_POINT('',(0.0245662033440284,0.0606463463378882,-0.008));
#10259=CARTESIAN_POINT('',(0.0245662033440284,0.0636463463378882,-0.008));
#10260=CARTESIAN_POINT('',(0.0245662033440284,0.0596463463378882,-0.008));
#10261=CARTESIAN_POINT('',(0.0265662033440284,0.0596463463378882,-0.008));
#10262=CARTESIAN_POINT('',(0.0285662033440284,0.0596463463378882,-0.008));
#10263=CARTESIAN_POINT('',(0.0285662033440284,0.0606463463378882,-0.008));
#10264=CARTESIAN_POINT('',(0.0285662033440284,0.0636463463378882,-0.008));
#10265=CARTESIAN_POINT('',(0.0265662033440284,0.0636463463378882,-0.008));
#10266=CARTESIAN_POINT('',(-0.0385,0.0575,-0.008));
#10267=CARTESIAN_POINT('',(-0.0394609874320773,0.0462884799590986,-0.0010035055319511));
#10268=CARTESIAN_POINT('',(-0.0394277804751684,0.0466758944563694,-0.00112757952716124));
#10269=CARTESIAN_POINT('',(-0.0390877548513982,0.0506428600670202,0.0031144377869347));
#10270=CARTESIAN_POINT('',(-0.04,0.04,-0.0035));
#10271=CARTESIAN_POINT('',(-0.04,0.04,-0.008));
#10272=CARTESIAN_POINT('',(-0.0399999867607505,0.0400000356282809,0.0021926340011667));
#10273=CARTESIAN_POINT('',(-0.0394277804751683,0.0466758944563694,-0.00112757952716124));
#10274=CARTESIAN_POINT('',(-0.03963228878943,0.0442899641233163,-0.000365671877005292));
#10275=CARTESIAN_POINT('',(-0.0398230270464104,0.0420646844585448,0.000741060644118894));
#10276=CARTESIAN_POINT('',(-0.0399999952461096,0.040000055462055,0.00219261803621132));
#10277=CARTESIAN_POINT('',(0.017,0.065,-0.008));
#10278=CARTESIAN_POINT('',(0.0104550097586231,0.0540916829310385,-0.0034519615877555));
#10279=CARTESIAN_POINT('',(0.011,0.055,-0.00374286068538236));
#10280=CARTESIAN_POINT('',(0.011,0.055,-0.008));
#10281=CARTESIAN_POINT('',(0.011,0.055,-0.008));
#10282=CARTESIAN_POINT('',(0.0400748952412356,0.0938603051707302,-0.0120402319218828));
#10283=CARTESIAN_POINT('',(0.0262076139968106,0.055,0.00721142865858938));
#10284=CARTESIAN_POINT('',(0.0113954452391479,0.055,-0.00345801510932876));
#10285=CARTESIAN_POINT('',(0.0165,0.055,0.000218877915063462));
#10286=CARTESIAN_POINT('',(0.0262076139968106,0.055,0.00721142865858938));
#10287=CARTESIAN_POINT('',(0.0167587121387975,0.055,0.000405232436277654));
#10288=CARTESIAN_POINT('',(0.0273412484245515,0.0726375604762565,-0.00524340128668869));
#10289=CARTESIAN_POINT('',(0.0253302456716363,0.069285889221398,-0.00416998961482072));
#10290=CARTESIAN_POINT('',(0.0277903606420065,0.0908493240877764,-0.018623363495432));
#10291=CARTESIAN_POINT('',(0.0181987588576961,0.0652839412252801,-0.00629564352779452));
#10292=CARTESIAN_POINT('',(0.0111235123034432,0.0551764461477761,-0.00378665991456747));
#10293=CARTESIAN_POINT('',(0.0204546988277333,0.0491218212744261,0.00749055433674104));
#10294=CARTESIAN_POINT('',(0.018,0.065,-0.008));
#10295=CARTESIAN_POINT('',(0.0244178688079336,0.0741683840113337,-0.0098690487361389));
#10296=CARTESIAN_POINT('',(0.011,0.055,-0.00373015098511788));
#10297=CARTESIAN_POINT('',(0.011,0.055,-0.008));
#10298=CARTESIAN_POINT('',(-0.0159632045517855,0.00789657132382168,0.015490652897105));
#10299=CARTESIAN_POINT('',(0.00167858237797611,0.055,-0.0101449257681736));
#10300=CARTESIAN_POINT('',(-0.0055,0.055,-0.008));
#10301=CARTESIAN_POINT('',(0.0165,0.055,0.02565));
#10302=CARTESIAN_POINT('',(-0.0165,0.03975,0.02565));
#10303=CARTESIAN_POINT('',(-0.0165,0.0471,-0.00089476756372235));
#10304=CARTESIAN_POINT('',(-0.0165,0.0471,-0.00229476756372235));
#10305=CARTESIAN_POINT('',(-0.0165,0.0409,0.000405232436277655));
#10306=CARTESIAN_POINT('',(-0.0165,0.0409,-0.000994767563722345));
#10307=CARTESIAN_POINT('',(-0.0165,0.055,0.02565));
#10308=CARTESIAN_POINT('',(-0.0165,0.055,0.000218877915063455));
#10309=CARTESIAN_POINT('',(-0.0165,0.055,-0.008));
#10310=CARTESIAN_POINT('',(-0.0165,0.055,0.000405232436277655));
#10311=CARTESIAN_POINT('',(-0.0165,0.06125,-0.00159640270005912));
#10312=CARTESIAN_POINT('',(-0.0165,0.0504684475069498,0.00185651478703664));
#10313=CARTESIAN_POINT('',(-0.0165,0.0519934561612659,0.00661827376920501));
#10314=CARTESIAN_POINT('',(-0.0165,0.0495231888069885,0.00227111616930236));
#10315=CARTESIAN_POINT('',(-0.0165,0.0537704262635402,0.022386269445085));
#10316=CARTESIAN_POINT('',(-0.0165,0.035,0.014));
#10317=CARTESIAN_POINT('',(-0.0165,0.0275,0.014));
#10318=CARTESIAN_POINT('',(-0.0165,0.0319976729394006,0.014));
#10319=CARTESIAN_POINT('',(-0.0165,0.0319976729394006,0.014));
#10320=CARTESIAN_POINT('',(-0.0165,0.0319976729394006,0.0122));
#10321=CARTESIAN_POINT('',(-0.0165,0.0319976729394006,0.009));
#10322=CARTESIAN_POINT('',(-0.0165,0.0347236693799313,0.0106759902762886));
#10323=CARTESIAN_POINT('',(-0.0165,0.0537704262635402,0.022386269445085));
#10324=CARTESIAN_POINT('',(-0.0165,0.0362,0.00855913283217961));
#10325=CARTESIAN_POINT('',(-0.0165,0.0362,0.));
#10326=CARTESIAN_POINT('',(-0.0165,0.0362,-0.0047));
#10327=CARTESIAN_POINT('',(-0.0165,0.0362,-0.0047));
#10328=CARTESIAN_POINT('',(-0.0095,0.036,-0.004));
#10329=CARTESIAN_POINT('',(-0.0095,0.036,-0.004));
#10330=CARTESIAN_POINT('',(-0.0095,0.0460933270911375,-0.004));
#10331=CARTESIAN_POINT('',(-0.0095,0.0202316282571331,-0.004));
#10332=CARTESIAN_POINT('',(-0.0095,0.0460933270911375,-0.009));
#10333=CARTESIAN_POINT('',(-0.0095,0.0478489442990794,-0.00431835411215477));
#10334=CARTESIAN_POINT('',(-0.0095,0.0373561643835617,-0.000383561643835617));
#10335=CARTESIAN_POINT('',(-0.0095,0.0202316282571331,0.0154));
#10336=CARTESIAN_POINT('',(6.93889390390723E-18,0.025,-0.004));
#10337=CARTESIAN_POINT('',(-0.0095,0.036,-0.004));
#10338=CARTESIAN_POINT('',(-0.0095,0.02,-0.004));
#10339=CARTESIAN_POINT('',(-0.0065,0.02,-0.004));
#10340=CARTESIAN_POINT('',(-0.0065,0.017,-0.004));
#10341=CARTESIAN_POINT('',(-0.00475,0.017,-0.004));
#10342=CARTESIAN_POINT('',(0.0065,0.017,-0.004));
#10343=CARTESIAN_POINT('',(0.0065,0.02,-0.004));
#10344=CARTESIAN_POINT('',(0.0095,0.02,-0.004));
#10345=CARTESIAN_POINT('',(0.0095,0.036,-0.004));
#10346=CARTESIAN_POINT('',(0.0095,0.0202316282571331,-0.004));
#10347=CARTESIAN_POINT('',(0.0095,0.036,-0.004));
#10348=CARTESIAN_POINT('',(0.0095,0.0460933270911375,-0.004));
#10349=CARTESIAN_POINT('',(6.93889390390723E-18,0.0460933270911375,-0.004));
#10350=CARTESIAN_POINT('',(6.93889390390723E-18,0.0460933270911375,-0.009));
#10351=CARTESIAN_POINT('',(0.0095,0.0460933270911375,-0.009));
#10352=CARTESIAN_POINT('',(0.0095,0.0478489442990794,-0.00431835411215478));
#10353=CARTESIAN_POINT('',(-0.0055,0.0478489442990794,-0.00431835411215478));
#10354=CARTESIAN_POINT('',(-0.0055,0.055,-0.007));
#10355=CARTESIAN_POINT('',(0.0095,0.055,-0.007));
#10356=CARTESIAN_POINT('',(0.0095,0.055,-0.007));
#10357=CARTESIAN_POINT('',(0.0095,0.055,-0.007));
#10358=CARTESIAN_POINT('',(-0.0055,0.055,-0.007));
#10359=CARTESIAN_POINT('',(-0.0095,0.055,-0.007));
#10360=CARTESIAN_POINT('',(-0.0095,0.0373561643835617,-0.000383561643835617));
#10361=CARTESIAN_POINT('',(0.0095,0.036,-0.004));
#10362=CARTESIAN_POINT('',(0.0095,0.0202316282571331,0.0154));
#10363=CARTESIAN_POINT('',(-0.0165,0.0202316282571331,0.0154));
#10364=CARTESIAN_POINT('',(-0.0113,0.0202316282571331,-0.004));
#10365=CARTESIAN_POINT('',(-0.0113,0.0202316282571331,0.00138050266856339));
#10366=CARTESIAN_POINT('',(-0.0133,0.0202316282571331,0.0013805026685634));
#10367=CARTESIAN_POINT('',(-0.0133,0.0202316282571331,0.00692990333447904));
#10368=CARTESIAN_POINT('',(-0.0165,0.0202316282571331,0.00692990333447905));
#10369=CARTESIAN_POINT('',(-0.0165,0.0202316282571331,0.00692990333447905));
#10370=CARTESIAN_POINT('',(-0.0165,0.0202316282571331,0.02565));
#10371=CARTESIAN_POINT('',(-0.0165,0.0202316282571331,0.014));
#10372=CARTESIAN_POINT('',(4.30525615942377E-18,0.0202316282571331,0.014));
#10373=CARTESIAN_POINT('',(-0.0153,0.0202316282571331,0.014));
#10374=CARTESIAN_POINT('',(-0.0153,0.0202316282571331,0.015));
#10375=CARTESIAN_POINT('',(-0.0153,0.0202316282571331,0.016));
#10376=CARTESIAN_POINT('',(-0.0165,0.0202316282571331,0.016));
#10377=CARTESIAN_POINT('',(-0.0095,0.0202316282571331,0.016));
#10378=CARTESIAN_POINT('',(-0.0095,0.0202316282571331,-0.004));
#10379=CARTESIAN_POINT('',(-0.0055,0.055,-0.008));
#10380=CARTESIAN_POINT('',(-0.011,0.055,-0.008));
#10381=CARTESIAN_POINT('',(-0.0095,0.055,-0.008));
#10382=CARTESIAN_POINT('',(0.0095,0.055,-0.008));
#10383=CARTESIAN_POINT('',(-0.017,0.065,-0.008));
#10384=CARTESIAN_POINT('',(-0.0104550097586231,0.0540916829310385,-0.0034519615877555));
#10385=CARTESIAN_POINT('',(-0.011,0.055,-0.00374286068538235));
#10386=CARTESIAN_POINT('',(-0.011,0.055,-0.008));
#10387=CARTESIAN_POINT('',(0.0095,0.036,-0.004));
#10388=CARTESIAN_POINT('',(-0.0400748952412356,0.0938603051707302,-0.0120402319218828));
#10389=CARTESIAN_POINT('',(-0.0386425434940803,0.0944893478486863,-0.0135453019321648));
#10390=CARTESIAN_POINT('',(-0.0111235123034445,0.0551764461477778,-0.00378665991456797));
#10391=CARTESIAN_POINT('',(-0.0277903606420065,0.0908493240877764,-0.018623363495432));
#10392=CARTESIAN_POINT('',(-0.0253302456716363,0.069285889221398,-0.00416998961482072));
#10393=CARTESIAN_POINT('',(-0.0273412484245515,0.0726375604762565,-0.00524340128668869));
#10394=CARTESIAN_POINT('',(-0.0167587121387975,0.055,0.000405232436277653));
#10395=CARTESIAN_POINT('',(-0.0262076139968106,0.055,0.00721142865858938));
#10396=CARTESIAN_POINT('',(-0.0262076139968106,0.055,0.00721142865858938));
#10397=CARTESIAN_POINT('',(-0.0113954452391486,0.055,-0.0034580151093283));
#10398=CARTESIAN_POINT('',(-0.00899836553948762,0.056555366869496,-0.00635500803516574));
#10399=CARTESIAN_POINT('',(-0.0095,0.036,-0.004));
#10400=CARTESIAN_POINT('',(0.,0.0275,0.0018));
#10401=CARTESIAN_POINT('',(-0.0479975521627911,0.0239966538896662,0.0018));
#10402=CARTESIAN_POINT('',(-0.0466225521627911,0.0239966538896662,0.0018));
#10403=CARTESIAN_POINT('',(-0.0479975521627911,0.0239966538896662,-0.006202));
#10404=CARTESIAN_POINT('',(-0.0479975521627911,0.0239966538896662,0.014));
#10405=CARTESIAN_POINT('',(-0.0466225521627911,0.0239966538896662,0.014));
#10406=CARTESIAN_POINT('',(-0.045,0.0325,-0.008));
#10407=CARTESIAN_POINT('',(-0.05,0.025,-0.0035));
#10408=CARTESIAN_POINT('',(-0.05,0.025,-0.0035));
#10409=CARTESIAN_POINT('',(-0.05,0.025,-0.008));
#10410=CARTESIAN_POINT('',(-0.05,0.025,0.014));
#10411=CARTESIAN_POINT('',(-0.045,0.0325,0.014));
#10412=CARTESIAN_POINT('',(-0.0453348847070663,0.0319976729394006,0.014));
#10413=CARTESIAN_POINT('',(-0.0453348847070663,0.0319976729394006,0.009));
#10414=CARTESIAN_POINT('',(-0.0443606619821559,0.0334590070267662,0.013781684504243));
#10415=CARTESIAN_POINT('',(-0.0400011172731932,0.0399983240902102,0.00411119638701202));
#10416=CARTESIAN_POINT('',(-0.0409711389762752,0.0385432915355872,0.00543368555041677));
#10417=CARTESIAN_POINT('',(-0.042258809600349,0.0366117855994765,0.00766714652945547));
#10418=CARTESIAN_POINT('',(-0.043608464918796,0.034587302621806,0.0110747723363139));
#10419=CARTESIAN_POINT('',(-0.0441334143586401,0.0337998784620399,0.0128621906396279));
#10420=CARTESIAN_POINT('',(-0.0443606678556258,0.0334589982165612,0.013781679784043));
#10421=CARTESIAN_POINT('',(-0.0400011172475477,0.0399983241286784,0.00411119644814602));
#10422=CARTESIAN_POINT('',(-0.0382133834672135,0.0426799247991797,0.00195539261960123));
#10423=CARTESIAN_POINT('',(-0.0383483320867918,0.0424775018698123,0.00210934977196577));
#10424=CARTESIAN_POINT('',(-0.038588875020978,0.042116687468533,0.00238394552157266));
#10425=CARTESIAN_POINT('',(-0.0388604078711047,0.041709388193343,0.00269444300379613));
#10426=CARTESIAN_POINT('',(-0.0390153305441866,0.0414770041837201,0.00287229531254389));
#10427=CARTESIAN_POINT('',(-0.0390804505098699,0.0413793242351952,0.00294738944758975));
#10428=CARTESIAN_POINT('',(-0.0391138135423859,0.0413292796864212,0.00298626872504972));
#10429=CARTESIAN_POINT('',(-0.0391129958923131,0.0413305061615303,0.00298514299712161));
#10430=CARTESIAN_POINT('',(-0.0391842863919122,0.0412235704121316,0.00306951062729297));
#10431=CARTESIAN_POINT('',(-0.0392538780960823,0.0411191828558765,0.00315284025451938));
#10432=CARTESIAN_POINT('',(-0.0393867441754268,0.0409198837368598,0.00331384483190784));
#10433=CARTESIAN_POINT('',(-0.0396415012807438,0.0405377480788843,0.00363147033774419));
#10434=CARTESIAN_POINT('',(-0.039858285702864,0.0402125714457039,0.0039164951605347));
#10435=CARTESIAN_POINT('',(-0.0400001918942514,0.0399997121586229,0.00410993485804996));
#10436=CARTESIAN_POINT('',(-0.0382133834909118,0.0426799247615035,0.00195539254929221));
#10437=CARTESIAN_POINT('',(-0.0382133833225792,0.0426799250161312,0.00195539245459405));
#10438=CARTESIAN_POINT('',(-0.0388108713911969,0.0417836929132047,0.00198653810896377));
#10439=CARTESIAN_POINT('',(-0.0394064122122309,0.0408903816816538,0.00206533864412478));
#10440=CARTESIAN_POINT('',(-0.0399999707795994,0.040000043830601,0.00219265076194856));
#10441=CARTESIAN_POINT('',(0.00214082157202639,0.0372,0.00117956641608981));
#10442=CARTESIAN_POINT('',(-0.0300501078930385,0.0372,0.00645913283217961));
#10443=CARTESIAN_POINT('',(-0.0300501078930385,0.0372,0.00445913283217961));
#10444=CARTESIAN_POINT('',(-0.0300501078930385,0.0372,0.00645913283217961));
#10445=CARTESIAN_POINT('',(-0.0300501078930385,0.0372,0.00485913283217961));
#10446=CARTESIAN_POINT('',(-0.0401077924684321,0.034479554686034,0.0153015303915857));
#10447=CARTESIAN_POINT('',(-0.0390377642997041,0.0358143957676905,0.0116604240058726));
#10448=CARTESIAN_POINT('',(-0.0371214257191536,0.0382049940140181,0.00841389687274643));
#10449=CARTESIAN_POINT('',(-0.0346463978707603,0.0412925471708727,0.00606559130723047));
#10450=CARTESIAN_POINT('',(-0.0344107462169717,0.0415865184116591,0.00584200509971604));
#10451=CARTESIAN_POINT('',(-0.0341750945631831,0.0418804896524455,0.00561841889220162));
#10452=CARTESIAN_POINT('',(-0.0339394429093944,0.0421744608932318,0.00539483268468719));
#10453=CARTESIAN_POINT('',(-0.0401333486538089,0.0344732632920777,0.0152929550961968));
#10454=CARTESIAN_POINT('',(-0.0390633204850809,0.0358097200516704,0.0116474415527092));
#10455=CARTESIAN_POINT('',(-0.0371469819045304,0.0382032118535636,0.00839698485648341));
#10456=CARTESIAN_POINT('',(-0.0346719540561371,0.0412945021530495,0.00604583692602844));
#10457=CARTESIAN_POINT('',(-0.0344363024023484,0.0415888292136066,0.0058219800920647));
#10458=CARTESIAN_POINT('',(-0.0342006507485599,0.0418831562741637,0.00559812325810096));
#10459=CARTESIAN_POINT('',(-0.0339649990947712,0.0421774833347208,0.00537426642413723));
#10460=CARTESIAN_POINT('',(-0.0443817328816169,0.0334274006775747,0.0138674235021017));
#10461=CARTESIAN_POINT('',(-0.0433117047128889,0.0350324429306666,0.00948927716140031));
#10462=CARTESIAN_POINT('',(-0.0413953661323383,0.0379069508014925,0.00558558158588626));
#10463=CARTESIAN_POINT('',(-0.0389203382839451,0.0416194925740824,0.00276192736395696));
#10464=CARTESIAN_POINT('',(-0.0386846866301564,0.0419729700547654,0.00249308239416933));
#10465=CARTESIAN_POINT('',(-0.0384490349763678,0.0423264475354483,0.0022242374243817));
#10466=CARTESIAN_POINT('',(-0.0382133833225792,0.0426799250161312,0.00195539245459406));
#10467=CARTESIAN_POINT('',(-0.0387036995183792,0.0362570396390419,0.0116187392611752));
#10468=CARTESIAN_POINT('',(-0.0377638411770916,0.0374285169858703,0.00971333148925127));
#10469=CARTESIAN_POINT('',(-0.036537590241932,0.0389663844754005,0.00791608777464704));
#10470=CARTESIAN_POINT('',(-0.0350249467129003,0.0408541161257339,0.00639166567554549));
#10471=CARTESIAN_POINT('',(-0.0387041547051538,0.0362573931987391,0.0116187321110465));
#10472=CARTESIAN_POINT('',(-0.0350248110787406,0.0408539437643857,0.00639158682216347));
#10473=CARTESIAN_POINT('',(-0.0382133833225792,0.0426799250161312,0.00195539245459406));
#10474=CARTESIAN_POINT('',(-0.0378916336956552,0.0425398110389347,0.00233702596312415));
#10475=CARTESIAN_POINT('',(-0.0374388323018405,0.042330392284472,0.00289158904444142));
#10476=CARTESIAN_POINT('',(-0.0368832126675983,0.0420466772359206,0.00361097310925395));
#10477=CARTESIAN_POINT('',(-0.0365136167919364,0.0418456179015712,0.00410750425110038));
#10478=CARTESIAN_POINT('',(-0.0360988954812364,0.0416011140347345,0.00469244447900444));
#10479=CARTESIAN_POINT('',(-0.0355975233979927,0.0412766307951481,0.00544124966984075));
#10480=CARTESIAN_POINT('',(-0.0352461139990342,0.0410228164257504,0.00601165371929805));
#10481=CARTESIAN_POINT('',(-0.0350252705740901,0.0408531271682462,0.00639148917181087));
#10482=CARTESIAN_POINT('',(-0.038706043381607,0.036257555387577,0.0116179002134761));
#10483=CARTESIAN_POINT('',(-0.0389297539536477,0.0359770537530476,0.0120743362470061));
#10484=CARTESIAN_POINT('',(-0.0397697175225394,0.0354299644746623,0.0126798365275706));
#10485=CARTESIAN_POINT('',(-0.0412273030408552,0.0347188531717859,0.0132202293292467));
#10486=CARTESIAN_POINT('',(-0.0427741572774032,0.0340659141222851,0.0135693767341113));
#10487=CARTESIAN_POINT('',(-0.0438290708066786,0.033658247191307,0.0137207935966932));
#10488=CARTESIAN_POINT('',(-0.044360653924326,0.033459019113511,0.0137816803907635));
#10489=CARTESIAN_POINT('',(-0.0394277804751684,0.0466758944563694,-0.00112757952716124));
#10490=CARTESIAN_POINT('',(-0.0396775623506894,0.04376177257529,-0.000197002584522666));
#10491=CARTESIAN_POINT('',(-0.0399120072225573,0.0410265824034981,0.00128550532551368));
#10492=CARTESIAN_POINT('',(-0.0401156330428369,0.0386509478335697,0.00321188494576029));
#10493=CARTESIAN_POINT('',(-0.0343405118112147,0.0475,0.00280719459988177));
#10494=CARTESIAN_POINT('',(-0.0345902936867358,0.0450735231401273,0.00358205011718334));
#10495=CARTESIAN_POINT('',(-0.0348247385586036,0.0427960358111669,0.00481647725684335));
#10496=CARTESIAN_POINT('',(-0.0350283643788832,0.0408179365597692,0.00642049924446436));
#10497=CARTESIAN_POINT('',(-0.0350246696693579,0.040854041529534,0.00639172591537788));
#10498=CARTESIAN_POINT('',(-0.0348446776410801,0.0426022170867626,0.00497998771617191));
#10499=CARTESIAN_POINT('',(-0.034616625021699,0.0448184535219439,0.00366599102391329));
#10500=CARTESIAN_POINT('',(-0.0343405118112147,0.0475,0.00280719459988175));
#10501=CARTESIAN_POINT('',(-0.0343405118112148,0.0475,0.00280719459988177));
#10502=CARTESIAN_POINT('',(-0.0343405118112147,0.0475,0.00280719459988176));
#10503=CARTESIAN_POINT('',(-0.0360362680325326,0.0472252981521231,0.00149560322420076));
#10504=CARTESIAN_POINT('',(-0.0377320242538505,0.0469505963042462,0.000184011848519757));
#10505=CARTESIAN_POINT('',(-0.0394277804751683,0.0466758944563694,-0.00112757952716124));
#10506=CARTESIAN_POINT('',(-0.0300501078930385,0.0612,0.00645913283217961));
#10507=CARTESIAN_POINT('',(-0.0304657474436823,0.0429624502746881,0.00489749609231112));
#10508=CARTESIAN_POINT('',(-0.0300500385091846,0.0430566669920032,0.00483998152398684));
#10509=CARTESIAN_POINT('',(-0.0296347458778104,0.0429626367917116,0.00489737480481918));
#10510=CARTESIAN_POINT('',(-0.0291886855686804,0.042672641339043,0.0050783598026164));
#10511=CARTESIAN_POINT('',(-0.0288097999979574,0.0421802736868533,0.00540035286863662));
#10512=CARTESIAN_POINT('',(-0.0285390620425679,0.04153848661705,0.00585590947379075));
#10513=CARTESIAN_POINT('',(-0.0284262217167825,0.0408932682688188,0.0063529841550786));
#10514=CARTESIAN_POINT('',(-0.028475429140994,0.0402547305985175,0.00688755248689273));
#10515=CARTESIAN_POINT('',(-0.0287235843851361,0.0396649688493044,0.00742331291016299));
#10516=CARTESIAN_POINT('',(-0.0292272031778097,0.0391771226941019,0.00790228693909466));
#10517=CARTESIAN_POINT('',(-0.0300476260183599,0.0389511268328119,0.00813719411502034));
#10518=CARTESIAN_POINT('',(-0.0308715121251311,0.0391757056480504,0.00790372679188001));
#10519=CARTESIAN_POINT('',(-0.0313767552574636,0.0396647034560424,0.00742349769477178));
#10520=CARTESIAN_POINT('',(-0.0316243775684591,0.040255188667231,0.00688727479861319));
#10521=CARTESIAN_POINT('',(-0.0316744997469927,0.0408875501805811,0.00635752822598396));
#10522=CARTESIAN_POINT('',(-0.0315605170914085,0.0415412053734744,0.00585383749090794));
#10523=CARTESIAN_POINT('',(-0.0312915658469385,0.0421781120293328,0.00540187935573965));
#10524=CARTESIAN_POINT('',(-0.0309106203785157,0.0426734981238832,0.00507779652072018));
#10525=CARTESIAN_POINT('',(-0.0304657474436823,0.0429624502746881,0.00489749609231112));
#10526=CARTESIAN_POINT('',(-0.0300500385091846,0.0430566669920032,0.00483998152398684));
#10527=CARTESIAN_POINT('',(-0.0296347458778104,0.0429626367917116,0.00489737480481918));
#10528=CARTESIAN_POINT('',(-0.0300501078930385,0.0430252925057354,0.00485913283217961));
#10529=CARTESIAN_POINT('',(-0.053,0.0195454545454545,-0.008));
#10530=CARTESIAN_POINT('',(-0.0362289129212076,0.050038340143259,-0.000375026257110518));
#10531=CARTESIAN_POINT('',(-0.0556286477260299,0.0147660950435819,-0.00477726854468199));
#10532=CARTESIAN_POINT('',(-0.0556286477260299,0.0147660950435819,-0.008));
#10533=CARTESIAN_POINT('',(-0.0556286477260299,0.0147660950435819,0.014));
#10534=CARTESIAN_POINT('',(-0.053,0.0195454545454545,0.014));
#10535=CARTESIAN_POINT('',(0.,0.0275,0.014));
#10536=CARTESIAN_POINT('',(-0.0510323975111632,0.0110982232407588,0.014));
#10537=CARTESIAN_POINT('',(-0.0583311086299102,0.015833778274018,0.014));
#10538=CARTESIAN_POINT('',(-0.0542,-0.00482176487553299,0.014));
#10539=CARTESIAN_POINT('',(-0.0542,0.0275,0.014));
#10540=CARTESIAN_POINT('',(-0.0542,0.0136285669129229,0.014));
#10541=CARTESIAN_POINT('',(-0.0357548651071843,0.0471651758089514,0.014));
#10542=CARTESIAN_POINT('',(-0.0505898168869724,0.0201925362093367,0.014));
#10543=CARTESIAN_POINT('',(-0.0479611691609425,0.0187467799600203,0.014));
#10544=CARTESIAN_POINT('',(-0.0479819594477131,0.0217467079198179,0.014));
#10545=CARTESIAN_POINT('',(-0.0479975521627911,0.0239966538896662,0.014));
#10546=CARTESIAN_POINT('',(-0.045904609600914,0.0248225421585521,0.014));
#10547=CARTESIAN_POINT('',(-0.0431140195184112,0.0259237265170666,0.014));
#10548=CARTESIAN_POINT('',(-0.0454566259467403,0.0277978116597298,0.014));
#10549=CARTESIAN_POINT('',(-0.0278627288259294,0.0497901830607435,0.014));
#10550=CARTESIAN_POINT('',(-0.0420967369230038,0.0319976729394006,0.014));
#10551=CARTESIAN_POINT('',(-0.0384793951640547,0.0319976729394006,0.014));
#10552=CARTESIAN_POINT('',(-0.053,0.0133203387942655,0.014));
#10553=CARTESIAN_POINT('',(-0.056,0.0133203387942655,0.014));
#10554=CARTESIAN_POINT('',(-0.056,0.00454545454545455,0.014));
#10555=CARTESIAN_POINT('',(-0.056,-0.005,0.014));
#10556=CARTESIAN_POINT('',(-0.0545,-0.0125,0.014));
#10557=CARTESIAN_POINT('',(-0.0225,0.0519934561612659,0.00661827376920501));
#10558=CARTESIAN_POINT('',(-0.0205,0.0495231888069885,0.00227111616930236));
#10559=CARTESIAN_POINT('',(-0.020645548911033,0.0488200003891958,0.00241959170643177));
#10560=CARTESIAN_POINT('',(-0.0208540880599957,0.0481496144946439,0.00259914800827331));
#10561=CARTESIAN_POINT('',(-0.0210946558445239,0.0475,0.00280719459988176));
#10562=CARTESIAN_POINT('',(-0.0205,0.0495231888069885,0.00227111616930236));
#10563=CARTESIAN_POINT('',(-0.0210946558445239,0.0475,0.00280719459988177));
#10564=CARTESIAN_POINT('',(-0.0205,0.0519934561612659,0.00661827376920501));
#10565=CARTESIAN_POINT('',(-0.0205,0.0504684475069498,0.00185651478703664));
#10566=CARTESIAN_POINT('',(-0.0205,0.0504684475069498,0.00185651478703664));
#10567=CARTESIAN_POINT('',(-0.0205,0.0494475206629247,0.00218347847385746));
#10568=CARTESIAN_POINT('',(-0.0207394578403074,0.0484591549112038,0.00250001409244889));
#10569=CARTESIAN_POINT('',(-0.0210946558445239,0.0475,0.00280719459988177));
#10570=CARTESIAN_POINT('',(-0.029,0.075,-0.008));
#10571=CARTESIAN_POINT('',(-0.0330414446453041,0.0709951482412487,-0.00531565865251327));
#10572=CARTESIAN_POINT('',(-0.032473149877952,0.069285889221398,-0.00416998961482072));
#10573=CARTESIAN_POINT('',(-0.0299833689540719,0.069285889221398,-0.00416998961482072));
#10574=CARTESIAN_POINT('',(-0.0322804917021022,0.0715335679396453,-0.00488983484644316));
#10575=CARTESIAN_POINT('',(-0.0320165759109808,0.0746125855027293,-0.00587592600478986));
#10576=CARTESIAN_POINT('',(-0.030549362431356,0.047866241620904,-0.008));
#10577=CARTESIAN_POINT('',(-0.056,0.0349952636205283,0.0100471554455591));
#10578=CARTESIAN_POINT('',(-0.056,0.0133203387942655,-0.00541109676710613));
#10579=CARTESIAN_POINT('',(-0.053,0.0133203387942655,-0.00862043361669496));
#10580=CARTESIAN_POINT('',(-0.1,0.0319976729394006,0.009));
#10581=CARTESIAN_POINT('',(-0.1,0.0362570423777298,0.0116187348067009));
#10582=CARTESIAN_POINT('',(-0.0225,0.0362570423777298,0.0116187348067009));
#10583=CARTESIAN_POINT('',(-0.0384793951640547,0.0319976729394006,0.014));
#10584=CARTESIAN_POINT('',(-0.0225,0.0319976729394006,0.014));
#10585=CARTESIAN_POINT('',(-0.0225,0.0319976729394006,0.009));
#10586=CARTESIAN_POINT('',(-0.035542929038395,0.036222856577996,0.00855423866105035));
#10587=CARTESIAN_POINT('',(-0.0366466792001046,0.0350335206458533,0.0100538361718034));
#10588=CARTESIAN_POINT('',(-0.0375740826756068,0.0340347170706638,0.0117091249393181));
#10589=CARTESIAN_POINT('',(-0.0382900723434219,0.033263714585854,0.0134733581281828));
#10590=CARTESIAN_POINT('',(-0.0366047030487767,0.0362214859524728,0.00785235035932635));
#10591=CARTESIAN_POINT('',(-0.0377097432831814,0.0349701427160357,0.00942769474199838));
#10592=CARTESIAN_POINT('',(-0.0386383539129648,0.0339192360435943,0.0111670143214869));
#10593=CARTESIAN_POINT('',(-0.0393553195279835,0.0331080938692144,0.0130208172363254));
#10594=CARTESIAN_POINT('',(-0.0376664770591584,0.0362201153269496,0.00715046205760234));
#10595=CARTESIAN_POINT('',(-0.0387728073662582,0.0349067647862182,0.00880155331219336));
#10596=CARTESIAN_POINT('',(-0.0397026251503229,0.0338037550165249,0.0106249037036558));
#10597=CARTESIAN_POINT('',(-0.040420566712545,0.0329524731525748,0.012568276344468));
#10598=CARTESIAN_POINT('',(-0.0387282510695402,0.0362187447014265,0.00644857375587834));
#10599=CARTESIAN_POINT('',(-0.039835871449335,0.0348433868564007,0.00817541188238834));
#10600=CARTESIAN_POINT('',(-0.0407668963876809,0.0336882739894554,0.0100827930858247));
#10601=CARTESIAN_POINT('',(-0.0414858138971065,0.0327968524359353,0.0121157354526106));
#10602=CARTESIAN_POINT('',(-0.041440952458541,0.0328174035199791,0.0120932251413799));
#10603=CARTESIAN_POINT('',(-0.0410820471451296,0.0332660351617433,0.0110713935521302));
#10604=CARTESIAN_POINT('',(-0.0406785501094091,0.0337704064563939,0.010104626539442));
#10605=CARTESIAN_POINT('',(-0.0402360950843023,0.0343234752377774,0.00918596722652741));
#10606=CARTESIAN_POINT('',(-0.041440952458541,0.0328174035199791,0.0120932251413799));
#10607=CARTESIAN_POINT('',(-0.0402360950843023,0.0343234752377774,0.00918596722652742));
#10608=CARTESIAN_POINT('',(-0.0402360950843065,0.0343234752377721,0.00918596722652222));
#10609=CARTESIAN_POINT('',(-0.0400705151670865,0.0345304501342971,0.00884217740754777));
#10610=CARTESIAN_POINT('',(-0.0396757290898777,0.034960502511126,0.00820113199491922));
#10611=CARTESIAN_POINT('',(-0.0387590137426545,0.0356336874697342,0.00750316094036733));
#10612=CARTESIAN_POINT('',(-0.037495985329722,0.036121966010466,0.00744362308063333));
#10613=CARTESIAN_POINT('',(-0.0366950781922302,0.0362,0.00783178995359049));
#10614=CARTESIAN_POINT('',(-0.0363317510370914,0.0362,0.00807312730787927));
#10615=CARTESIAN_POINT('',(-0.0363317510370914,0.0362,0.00807312730787927));
#10616=CARTESIAN_POINT('',(-0.0363317510370913,0.0362,0.00807312730787924));
#10617=CARTESIAN_POINT('',(-0.0360878923273067,0.0362,0.00823510863794858));
#10618=CARTESIAN_POINT('',(-0.0358440470012685,0.0362,0.00839711011454768));
#10619=CARTESIAN_POINT('',(-0.0356002157860771,0.0362,0.00855913283217961));
#10620=CARTESIAN_POINT('',(-0.0356002157860771,0.0362,0.00855913283217961));
#10621=CARTESIAN_POINT('',(-0.0356002157860772,0.0362,0.00855913283217958));
#10622=CARTESIAN_POINT('',(-0.0360805485113324,0.0356766339065863,0.00922418486794095));
#10623=CARTESIAN_POINT('',(-0.0365326874880183,0.0351833864559941,0.00992826093040378));
#10624=CARTESIAN_POINT('',(-0.0369531123934911,0.0347236693799313,0.0106759902762886));
#10625=CARTESIAN_POINT('',(-0.0369531123934911,0.0347236693799313,0.0106759902762885));
#10626=CARTESIAN_POINT('',(-0.041440952458541,0.0328174035199791,0.0120932251413799));
#10627=CARTESIAN_POINT('',(-0.0410292522502816,0.0329481761409482,0.0120585693010801));
#10628=CARTESIAN_POINT('',(-0.0402101638059363,0.0332171885277374,0.0119699246637212));
#10629=CARTESIAN_POINT('',(-0.039004496379306,0.0336519376589822,0.0117555644546223));
#10630=CARTESIAN_POINT('',(-0.0380350470544484,0.0340541868815704,0.0114710724519626));
#10631=CARTESIAN_POINT('',(-0.0373417481259766,0.0344142655081053,0.0111120887054353));
#10632=CARTESIAN_POINT('',(-0.0370488736640124,0.0346189584298637,0.0108463025276227));
#10633=CARTESIAN_POINT('',(-0.036953112393491,0.0347236693799313,0.0106759902762886));
#10634=CARTESIAN_POINT('',(-0.0300501078930385,0.0372,0.00645913283217961));
#10635=CARTESIAN_POINT('',(-0.0300501078930385,0.0362,0.00645913283217961));
#10636=CARTESIAN_POINT('',(-0.0300501078930385,0.0362,0.00445913283217961));
#10637=CARTESIAN_POINT('',(-0.0225,0.0360748059227256,0.015891320198198));
#10638=CARTESIAN_POINT('',(-0.0225,0.0537704262635402,0.022386269445085));
#10639=CARTESIAN_POINT('',(-0.0225,0.035,0.014));
#10640=CARTESIAN_POINT('',(-0.0225,0.0335988364697003,0.014));
#10641=CARTESIAN_POINT('',(-0.0479611691609425,0.0187467799600203,-0.006202));
#10642=CARTESIAN_POINT('',(-0.0505898168869724,0.0201925362093367,0.014));
#10643=CARTESIAN_POINT('',(-0.0505898168869724,0.0201925362093367,-0.0047));
#10644=CARTESIAN_POINT('',(-0.0479611691609425,0.0187467799600203,-0.0047));
#10645=CARTESIAN_POINT('',(-0.0479819594477131,0.0217467079198179,-0.0047));
#10646=CARTESIAN_POINT('',(-0.0479819594477131,0.0217467079198179,-0.006202));
#10647=CARTESIAN_POINT('',(-0.0479975521627911,0.0239966538896662,-0.006202));
#10648=CARTESIAN_POINT('',(-0.0479975521627911,0.0239966538896662,-0.0047));
#10649=CARTESIAN_POINT('',(-0.045904609600914,0.0248225421585521,-0.0047));
#10650=CARTESIAN_POINT('',(-0.045904609600914,0.0248225421585521,-0.006202));
#10651=CARTESIAN_POINT('',(-0.0431140195184112,0.0259237265170666,-0.006202));
#10652=CARTESIAN_POINT('',(-0.0431140195184112,0.0259237265170666,-0.0047));
#10653=CARTESIAN_POINT('',(-0.0454566259467403,0.0277978116597298,-0.0047));
#10654=CARTESIAN_POINT('',(-0.0454566259467403,0.0277978116597298,-0.008));
#10655=CARTESIAN_POINT('',(-0.0425944361430026,0.0313755489144021,-0.008));
#10656=CARTESIAN_POINT('',(-0.0425944361430026,0.0313755489144021,-0.0047));
#10657=CARTESIAN_POINT('',(-0.0402360950843065,0.0343234752377721,-0.0047));
#10658=CARTESIAN_POINT('',(-0.0402360950843065,0.0343234752377721,-0.008));
#10659=CARTESIAN_POINT('',(-0.0420967369230038,0.0319976729394006,0.009));
#10660=CARTESIAN_POINT('',(-0.0420967369230038,0.0319976729394006,0.0122));
#10661=CARTESIAN_POINT('',(-0.0420967369230038,0.0319976729394006,0.014));
#10662=CARTESIAN_POINT('',(-0.0363317510370914,0.0312,-0.008));
#10663=CARTESIAN_POINT('',(-0.0363317510370914,0.0312,-0.0047));
#10664=CARTESIAN_POINT('',(-0.0363317510370914,0.0362,-0.0047));
#10665=CARTESIAN_POINT('',(-0.0363317510370914,0.0362,0.));
#10666=CARTESIAN_POINT('',(-0.0055,0.055,-0.008));
#10667=CARTESIAN_POINT('',(-0.0055,0.055,0.000405232436277653));
#10668=CARTESIAN_POINT('',(-0.1,0.06125,-0.00159640270005912));
#10669=CARTESIAN_POINT('',(-0.1,0.0504684475069498,0.00185651478703664));
#10670=CARTESIAN_POINT('',(-0.1,0.0475,0.00280719459988177));
#10671=CARTESIAN_POINT('',(-0.1,0.0519934561612659,0.00661827376920501));
#10672=CARTESIAN_POINT('',(-2.77555756156289E-17,0.0495231888069885,0.00227111616930237));
#10673=CARTESIAN_POINT('',(0.,0.0362,0.));
#10674=CARTESIAN_POINT('',(-0.0165,0.0362,-0.0047));
#10675=CARTESIAN_POINT('',(-0.0113,0.0362,0.00855913283217961));
#10676=CARTESIAN_POINT('',(-0.1,0.0537704262635402,0.022386269445085));
#10677=CARTESIAN_POINT('',(-0.1,0.0347236693799313,0.0106759902762885));
#10678=CARTESIAN_POINT('',(-0.1,0.0319976729394006,0.009));
#10679=CARTESIAN_POINT('',(-0.0269509308242398,0.0319976729394006,0.0122));
#10680=CARTESIAN_POINT('',(0.,0.0275,0.014));
#10681=CARTESIAN_POINT('',(-0.0384793951640547,0.0319976729394006,0.014));
#10682=CARTESIAN_POINT('',(-0.1,0.035,0.014));
#10683=CARTESIAN_POINT('',(-0.0384793951640547,0.0319976729394006,0.014));
#10684=CARTESIAN_POINT('',(-0.1,0.0537704262635402,0.022386269445085));
#10685=CARTESIAN_POINT('',(-0.0165,0.0202316282571331,0.0154));
#10686=CARTESIAN_POINT('',(0.0095,0.0202316282571331,-0.004));
#10687=CARTESIAN_POINT('',(0.0095,0.0202316282571331,0.016));
#10688=CARTESIAN_POINT('',(0.0165,0.0202316282571331,0.016));
#10689=CARTESIAN_POINT('',(0.0153,0.0202316282571331,0.016));
#10690=CARTESIAN_POINT('',(0.0153,0.0202316282571331,0.0154));
#10691=CARTESIAN_POINT('',(0.0153,0.0202316282571331,0.014));
#10692=CARTESIAN_POINT('',(4.30525615942377E-18,0.0202316282571331,0.014));
#10693=CARTESIAN_POINT('',(0.0165,0.0202316282571331,0.014));
#10694=CARTESIAN_POINT('',(0.0165,0.0202316282571331,0.02565));
#10695=CARTESIAN_POINT('',(0.0165,0.0202316282571331,0.00692990333447899));
#10696=CARTESIAN_POINT('',(0.0165,0.0202316282571331,0.006929903334479));
#10697=CARTESIAN_POINT('',(0.0138,0.0202316282571331,0.00692990333447901));
#10698=CARTESIAN_POINT('',(0.0138,0.0202316282571331,0.00138050266856336));
#10699=CARTESIAN_POINT('',(0.0118,0.0202316282571331,0.00138050266856336));
#10700=CARTESIAN_POINT('',(0.0118,0.0202316282571331,0.014002));
#10701=CARTESIAN_POINT('',(-0.1,0.0537704262635402,0.022386269445085));
#10702=CARTESIAN_POINT('',(0.0296344683423948,0.042962450274688,0.00489749609231114));
#10703=CARTESIAN_POINT('',(0.0300501772768924,0.0430566669920032,0.00483998152398685));
#10704=CARTESIAN_POINT('',(0.0304654699082667,0.0429626367917116,0.00489737480481919));
#10705=CARTESIAN_POINT('',(0.0309115302173967,0.042672641339043,0.0050783598026164));
#10706=CARTESIAN_POINT('',(0.0312904157881197,0.0421802736868533,0.00540035286863662));
#10707=CARTESIAN_POINT('',(0.0315611537435092,0.04153848661705,0.00585590947379075));
#10708=CARTESIAN_POINT('',(0.0316739940692946,0.0408932682688188,0.00635298415507861));
#10709=CARTESIAN_POINT('',(0.0316247866450831,0.0402547305985175,0.00688755248689274));
#10710=CARTESIAN_POINT('',(0.031376631400941,0.0396649688493044,0.007423312910163));
#10711=CARTESIAN_POINT('',(0.0308730126082674,0.0391771226941019,0.00790228693909466));
#10712=CARTESIAN_POINT('',(0.0300525897677172,0.0389511268328118,0.00813719411502035));
#10713=CARTESIAN_POINT('',(0.029228703660946,0.0391757056480504,0.00790372679188002));
#10714=CARTESIAN_POINT('',(0.0287234605286135,0.0396647034560424,0.00742349769477176));
#10715=CARTESIAN_POINT('',(0.028475838217618,0.040255188667231,0.0068872747986132));
#10716=CARTESIAN_POINT('',(0.0284257160390844,0.040887550180581,0.00635752822598398));
#10717=CARTESIAN_POINT('',(0.0285396986946686,0.0415412053734744,0.00585383749090795));
#10718=CARTESIAN_POINT('',(0.0288086499391386,0.0421781120293328,0.00540187935573967));
#10719=CARTESIAN_POINT('',(0.0291895954075615,0.0426734981238832,0.0050777965207202));
#10720=CARTESIAN_POINT('',(0.0296344683423948,0.042962450274688,0.00489749609231114));
#10721=CARTESIAN_POINT('',(0.0300501772768924,0.0430566669920032,0.00483998152398685));
#10722=CARTESIAN_POINT('',(0.0304654699082667,0.0429626367917116,0.00489737480481919));
#10723=CARTESIAN_POINT('',(0.0300501078930385,0.0430252925057354,0.00485913283217962));
#10724=CARTESIAN_POINT('',(-2.77555756156289E-17,0.0495231888069885,0.00227111616930237));
#10725=CARTESIAN_POINT('',(0.0165,0.0495231888069885,0.00227111616930236));
#10726=CARTESIAN_POINT('',(0.0205,0.0495231888069885,0.00227111616930236));
#10727=CARTESIAN_POINT('',(0.0165,0.0537704262635402,0.022386269445085));
#10728=CARTESIAN_POINT('',(0.0165,0.035,0.014));
#10729=CARTESIAN_POINT('',(-0.1,0.035,0.014));
#10730=CARTESIAN_POINT('',(0.0225,0.035,0.014));
#10731=CARTESIAN_POINT('',(0.0225,0.0537704262635402,0.022386269445085));
#10732=CARTESIAN_POINT('',(0.0225,0.0362570423777299,0.0116187348067008));
#10733=CARTESIAN_POINT('',(-0.1,0.0362570423777298,0.0116187348067009));
#10734=CARTESIAN_POINT('',(0.0387041547051538,0.0362573931987391,0.0116187321110465));
#10735=CARTESIAN_POINT('',(0.0387036995183791,0.0362570396390418,0.0116187392611753));
#10736=CARTESIAN_POINT('',(0.0377638411770916,0.0374285169858702,0.00971333148925131));
#10737=CARTESIAN_POINT('',(0.036537590241932,0.0389663844754005,0.00791608777464707));
#10738=CARTESIAN_POINT('',(0.0350249467129003,0.0408541161257339,0.00639166567554552));
#10739=CARTESIAN_POINT('',(0.0350248110787406,0.0408539437643857,0.00639158682216347));
#10740=CARTESIAN_POINT('',(0.035024669669358,0.0408540415295339,0.0063917259153779));
#10741=CARTESIAN_POINT('',(0.03484467764108,0.0426022170867625,0.00497998771617192));
#10742=CARTESIAN_POINT('',(0.0346166250216989,0.0448184535219439,0.0036659910239133));
#10743=CARTESIAN_POINT('',(0.0343405118112146,0.0475,0.00280719459988175));
#10744=CARTESIAN_POINT('',(0.0343405118112148,0.0475,0.00280719459988177));
#10745=CARTESIAN_POINT('',(-0.1,0.0475,0.00280719459988177));
#10746=CARTESIAN_POINT('',(0.0210946558445239,0.0475,0.00280719459988179));
#10747=CARTESIAN_POINT('',(0.0210946558445239,0.0475,0.00280719459988176));
#10748=CARTESIAN_POINT('',(0.020854725931988,0.0481478920242279,0.00259969964944226));
#10749=CARTESIAN_POINT('',(0.0206459958744429,0.048817840981126,0.00242004765716268));
#10750=CARTESIAN_POINT('',(0.0205,0.0495231888069885,0.00227111616930236));
#10751=CARTESIAN_POINT('',(0.0300501078930385,0.0612,0.00645913283217962));
#10752=CARTESIAN_POINT('',(0.0300501078930385,0.0372,0.00645913283217962));
#10753=CARTESIAN_POINT('',(0.0300501078930385,0.0372,0.00485913283217962));
#10754=CARTESIAN_POINT('',(0.00214082157202639,0.0372,0.00117956641608981));
#10755=CARTESIAN_POINT('',(0.0300501078930385,0.0372,0.00645913283217962));
#10756=CARTESIAN_POINT('',(0.0300501078930385,0.0372,0.00445913283217962));
#10757=CARTESIAN_POINT('',(0.0225,0.0519934561612659,0.00661827376920501));
#10758=CARTESIAN_POINT('',(0.0205,0.0504684475069498,0.00185651478703664));
#10759=CARTESIAN_POINT('',(0.0205,0.0494475206629247,0.00218347847385746));
#10760=CARTESIAN_POINT('',(0.0207394578403074,0.0484591549112038,0.00250001409244889));
#10761=CARTESIAN_POINT('',(0.0210946558445239,0.0475,0.00280719459988177));
#10762=CARTESIAN_POINT('',(0.0205,0.0504684475069498,0.00185651478703664));
#10763=CARTESIAN_POINT('',(0.0205,0.0519934561612659,0.00661827376920501));
#10764=CARTESIAN_POINT('',(0.,0.0275,0.0018));
#10765=CARTESIAN_POINT('',(0.0479976881047514,0.024008312512224,0.0018));
#10766=CARTESIAN_POINT('',(0.0493726881047514,0.024008312512224,0.0018));
#10767=CARTESIAN_POINT('',(0.035542929038395,0.036222856577996,0.00855423866105035));
#10768=CARTESIAN_POINT('',(0.0366466792001046,0.0350335206458533,0.0100538361718034));
#10769=CARTESIAN_POINT('',(0.0375740826756068,0.0340347170706638,0.0117091249393181));
#10770=CARTESIAN_POINT('',(0.0382900723434219,0.033263714585854,0.0134733581281828));
#10771=CARTESIAN_POINT('',(0.0366047030487767,0.0362214859524728,0.00785235035932635));
#10772=CARTESIAN_POINT('',(0.0377097432831814,0.0349701427160357,0.00942769474199838));
#10773=CARTESIAN_POINT('',(0.0386383539129648,0.0339192360435943,0.0111670143214869));
#10774=CARTESIAN_POINT('',(0.0393553195279835,0.0331080938692144,0.0130208172363254));
#10775=CARTESIAN_POINT('',(0.0376664770591584,0.0362201153269496,0.00715046205760234));
#10776=CARTESIAN_POINT('',(0.0387728073662582,0.0349067647862182,0.00880155331219336));
#10777=CARTESIAN_POINT('',(0.0397026251503229,0.0338037550165249,0.0106249037036558));
#10778=CARTESIAN_POINT('',(0.040420566712545,0.0329524731525748,0.012568276344468));
#10779=CARTESIAN_POINT('',(0.0387282510695402,0.0362187447014265,0.00644857375587834));
#10780=CARTESIAN_POINT('',(0.039835871449335,0.0348433868564007,0.00817541188238834));
#10781=CARTESIAN_POINT('',(0.0407668963876809,0.0336882739894554,0.0100827930858247));
#10782=CARTESIAN_POINT('',(0.0414858138971065,0.0327968524359353,0.0121157354526106));
#10783=CARTESIAN_POINT('',(0.041440952458541,0.0328174035199791,0.0120932251413799));
#10784=CARTESIAN_POINT('',(0.0410820471451296,0.0332660351617433,0.0110713935521302));
#10785=CARTESIAN_POINT('',(0.0406785501094091,0.0337704064563939,0.010104626539442));
#10786=CARTESIAN_POINT('',(0.0402360950843023,0.0343234752377774,0.00918596722652741));
#10787=CARTESIAN_POINT('',(0.041440952458541,0.0328174035199791,0.0120932251413799));
#10788=CARTESIAN_POINT('',(0.0402360950843023,0.0343234752377774,0.00918596722652742));
#10789=CARTESIAN_POINT('',(0.041440952458541,0.0328174035199791,0.0120932251413799));
#10790=CARTESIAN_POINT('',(0.0410292522502816,0.0329481761409482,0.0120585693010801));
#10791=CARTESIAN_POINT('',(0.0402101638059363,0.0332171885277374,0.0119699246637212));
#10792=CARTESIAN_POINT('',(0.039004496379306,0.0336519376589822,0.0117555644546223));
#10793=CARTESIAN_POINT('',(0.0380350470544484,0.0340541868815704,0.0114710724519626));
#10794=CARTESIAN_POINT('',(0.0373417481259766,0.0344142655081053,0.0111120887054353));
#10795=CARTESIAN_POINT('',(0.0370488736640124,0.0346189584298637,0.0108463025276227));
#10796=CARTESIAN_POINT('',(0.036953112393491,0.0347236693799313,0.0106759902762886));
#10797=CARTESIAN_POINT('',(0.0369531123934911,0.0347236693799313,0.0106759902762885));
#10798=CARTESIAN_POINT('',(0.0356002157860772,0.0362,0.00855913283217958));
#10799=CARTESIAN_POINT('',(0.0360805485113324,0.0356766339065863,0.00922418486794095));
#10800=CARTESIAN_POINT('',(0.0365326874880183,0.0351833864559941,0.00992826093040378));
#10801=CARTESIAN_POINT('',(0.0369531123934911,0.0347236693799313,0.0106759902762886));
#10802=CARTESIAN_POINT('',(0.0356002157860771,0.0362,0.00855913283217962));
#10803=CARTESIAN_POINT('',(0.0363317510370913,0.0362,0.00807312730787924));
#10804=CARTESIAN_POINT('',(0.0360878923273067,0.0362,0.00823510863794858));
#10805=CARTESIAN_POINT('',(0.0358440470012685,0.0362,0.00839711011454768));
#10806=CARTESIAN_POINT('',(0.0356002157860771,0.0362,0.00855913283217961));
#10807=CARTESIAN_POINT('',(0.0363317510370914,0.0362,0.00807312730787927));
#10808=CARTESIAN_POINT('',(0.0402360950843065,0.0343234752377721,0.00918596722652222));
#10809=CARTESIAN_POINT('',(0.0400705151670865,0.0345304501342971,0.00884217740754777));
#10810=CARTESIAN_POINT('',(0.0396757290898777,0.034960502511126,0.00820113199491922));
#10811=CARTESIAN_POINT('',(0.0387590137426545,0.0356336874697342,0.00750316094036733));
#10812=CARTESIAN_POINT('',(0.037495985329722,0.036121966010466,0.00744362308063333));
#10813=CARTESIAN_POINT('',(0.0366950781922302,0.0362,0.00783178995359049));
#10814=CARTESIAN_POINT('',(0.0363317510370914,0.0362,0.00807312730787927));
#10815=CARTESIAN_POINT('',(0.0300501078930385,0.0372,0.00645913283217962));
#10816=CARTESIAN_POINT('',(0.0300501078930385,0.0362,0.00645913283217962));
#10817=CARTESIAN_POINT('',(0.0300501078930385,0.0362,0.00445913283217962));
#10818=CARTESIAN_POINT('',(0.0401077924684322,0.034479554686034,0.0153015303915857));
#10819=CARTESIAN_POINT('',(0.0390377642997041,0.0358143957676905,0.0116604240058726));
#10820=CARTESIAN_POINT('',(0.0371214257191536,0.0382049940140181,0.00841389687274643));
#10821=CARTESIAN_POINT('',(0.0346463978707603,0.0412925471708727,0.00606559130723047));
#10822=CARTESIAN_POINT('',(0.0344107462169717,0.0415865184116591,0.00584200509971604));
#10823=CARTESIAN_POINT('',(0.0341750945631831,0.0418804896524455,0.00561841889220162));
#10824=CARTESIAN_POINT('',(0.0339394429093944,0.0421744608932318,0.00539483268468719));
#10825=CARTESIAN_POINT('',(0.0401333486538089,0.0344732632920777,0.0152929550961968));
#10826=CARTESIAN_POINT('',(0.0390633204850809,0.0358097200516704,0.0116474415527092));
#10827=CARTESIAN_POINT('',(0.0371469819045304,0.0382032118535636,0.00839698485648341));
#10828=CARTESIAN_POINT('',(0.0346719540561371,0.0412945021530495,0.00604583692602844));
#10829=CARTESIAN_POINT('',(0.0344363024023484,0.0415888292136066,0.0058219800920647));
#10830=CARTESIAN_POINT('',(0.0342006507485599,0.0418831562741637,0.00559812325810096));
#10831=CARTESIAN_POINT('',(0.0339649990947712,0.0421774833347208,0.00537426642413723));
#10832=CARTESIAN_POINT('',(0.0443817328816169,0.0334274006775747,0.0138674235021017));
#10833=CARTESIAN_POINT('',(0.0433117047128889,0.0350324429306666,0.00948927716140031));
#10834=CARTESIAN_POINT('',(0.0413953661323383,0.0379069508014925,0.00558558158588626));
#10835=CARTESIAN_POINT('',(0.0389203382839451,0.0416194925740824,0.00276192736395696));
#10836=CARTESIAN_POINT('',(0.0386846866301564,0.0419729700547654,0.00249308239416933));
#10837=CARTESIAN_POINT('',(0.0384490349763678,0.0423264475354483,0.0022242374243817));
#10838=CARTESIAN_POINT('',(0.0382133833225792,0.0426799250161312,0.00195539245459406));
#10839=CARTESIAN_POINT('',(0.038706043381607,0.036257555387577,0.0116179002134761));
#10840=CARTESIAN_POINT('',(0.0389297539536477,0.0359770537530476,0.0120743362470061));
#10841=CARTESIAN_POINT('',(0.0397697175225394,0.0354299644746623,0.0126798365275706));
#10842=CARTESIAN_POINT('',(0.0412273030408552,0.0347188531717859,0.0132202293292467));
#10843=CARTESIAN_POINT('',(0.0427741572774032,0.0340659141222851,0.0135693767341113));
#10844=CARTESIAN_POINT('',(0.0438290708066786,0.033658247191307,0.0137207935966932));
#10845=CARTESIAN_POINT('',(0.044360653924326,0.033459019113511,0.0137816803907635));
#10846=CARTESIAN_POINT('',(0.0443606619821559,0.0334590070267662,0.013781684504243));
#10847=CARTESIAN_POINT('',(0.0400005275117689,0.0399992087323467,0.00411039236855564));
#10848=CARTESIAN_POINT('',(0.040970694198023,0.0385439587029655,0.00543295119529398));
#10849=CARTESIAN_POINT('',(0.042258543713951,0.0366121844290735,0.00766655722246143));
#10850=CARTESIAN_POINT('',(0.0436083817832799,0.0345874273250801,0.0110745037431525));
#10851=CARTESIAN_POINT('',(0.0441333913312995,0.0337999130030508,0.0128620974688298));
#10852=CARTESIAN_POINT('',(0.0443606678556258,0.0334589982165612,0.0137816797840431));
#10853=CARTESIAN_POINT('',(0.0400002637558856,0.0399996043661715,0.00411039236855898));
#10854=CARTESIAN_POINT('',(0.0445597263677952,0.0331604104483071,0.0146357426914546));
#10855=CARTESIAN_POINT('',(0.0435326453898154,0.0347010319152769,0.00994684410564918));
#10856=CARTESIAN_POINT('',(0.0415392625050902,0.0376911062423647,0.00574974685000844));
#10857=CARTESIAN_POINT('',(0.0389203382839451,0.0416194925740824,0.00276192736395696));
#10858=CARTESIAN_POINT('',(0.0386846866301564,0.0419729700547654,0.00249308239416933));
#10859=CARTESIAN_POINT('',(0.0384490349763678,0.0423264475354483,0.0022242374243817));
#10860=CARTESIAN_POINT('',(0.0382133833225792,0.0426799250161312,0.00195539245459406));
#10861=CARTESIAN_POINT('',(0.0382133833225792,0.0426799250161312,0.00195539245459407));
#10862=CARTESIAN_POINT('',(0.0382133833225792,0.0426799250161312,0.00195539245459406));
#10863=CARTESIAN_POINT('',(0.0378916336956552,0.0425398110389347,0.00233702596312415));
#10864=CARTESIAN_POINT('',(0.0374388323018405,0.042330392284472,0.00289158904444142));
#10865=CARTESIAN_POINT('',(0.0368832126675983,0.0420466772359206,0.00361097310925395));
#10866=CARTESIAN_POINT('',(0.0365136167919364,0.0418456179015712,0.00410750425110038));
#10867=CARTESIAN_POINT('',(0.0360988954812364,0.0416011140347345,0.00469244447900444));
#10868=CARTESIAN_POINT('',(0.0355975233979927,0.0412766307951481,0.00544124966984075));
#10869=CARTESIAN_POINT('',(0.0352461139990342,0.0410228164257504,0.00601165371929805));
#10870=CARTESIAN_POINT('',(0.0350252705740901,0.0408531271682462,0.00639148917181087));
#10871=CARTESIAN_POINT('',(0.0394277804751684,0.0466758944563694,-0.00112757952716124));
#10872=CARTESIAN_POINT('',(0.0396775623506894,0.04376177257529,-0.000197002584522666));
#10873=CARTESIAN_POINT('',(0.0399120072225573,0.0410265824034981,0.00128550532551368));
#10874=CARTESIAN_POINT('',(0.0401156330428369,0.0386509478335697,0.00321188494576029));
#10875=CARTESIAN_POINT('',(0.0343405118112147,0.0475,0.00280719459988177));
#10876=CARTESIAN_POINT('',(0.0345902936867358,0.0450735231401273,0.00358205011718334));
#10877=CARTESIAN_POINT('',(0.0348247385586036,0.0427960358111669,0.00481647725684335));
#10878=CARTESIAN_POINT('',(0.0350283643788832,0.0408179365597692,0.00642049924446436));
#10879=CARTESIAN_POINT('',(0.0399999707795994,0.040000043830601,0.00219265076194856));
#10880=CARTESIAN_POINT('',(0.0394064122122309,0.0408903816816538,0.00206533864412478));
#10881=CARTESIAN_POINT('',(0.0388108713911969,0.0417836929132047,0.00198653810896377));
#10882=CARTESIAN_POINT('',(0.0382133833225792,0.0426799250161312,0.00195539245459405));
#10883=CARTESIAN_POINT('',(0.0399999853897997,0.0400000219153005,0.00219263439907994));
#10884=CARTESIAN_POINT('',(0.0394277804751683,0.0466758944563694,-0.00112757952716124));
#10885=CARTESIAN_POINT('',(0.03963228878943,0.0442899641233163,-0.000365671877005292));
#10886=CARTESIAN_POINT('',(0.0398230270464104,0.0420646844585448,0.000741060644118894));
#10887=CARTESIAN_POINT('',(0.0399999952461096,0.040000055462055,0.00219261803621132));
#10888=CARTESIAN_POINT('',(0.0394277804751684,0.0466758944563694,-0.00112757952716124));
#10889=CARTESIAN_POINT('',(0.0343405118112147,0.0475,0.00280719459988176));
#10890=CARTESIAN_POINT('',(0.0360362680325326,0.0472252981521231,0.00149560322420076));
#10891=CARTESIAN_POINT('',(0.0377320242538505,0.0469505963042462,0.000184011848519757));
#10892=CARTESIAN_POINT('',(0.0394277804751683,0.0466758944563694,-0.00112757952716124));
#10893=CARTESIAN_POINT('',(0.0363317510370914,0.0312,-0.008));
#10894=CARTESIAN_POINT('',(0.0363317510370914,0.0362,0.));
#10895=CARTESIAN_POINT('',(0.0363317510370914,0.0362,-0.0047));
#10896=CARTESIAN_POINT('',(0.0363317510370914,0.0312,-0.0047));
#10897=CARTESIAN_POINT('',(0.0402360950843065,0.0343234752377721,-0.0047));
#10898=CARTESIAN_POINT('',(0.0402360950843065,0.0343234752377721,-0.008));
#10899=CARTESIAN_POINT('',(0.0322804917021022,0.0715335679396453,-0.00488983484644316));
#10900=CARTESIAN_POINT('',(0.0330414446453041,0.0709951482412487,-0.00531565865251327));
#10901=CARTESIAN_POINT('',(0.032473149877952,0.069285889221398,-0.00416998961482072));
#10902=CARTESIAN_POINT('',(0.0320165759109808,0.0746125855027293,-0.00587592600478986));
#10903=CARTESIAN_POINT('',(0.0394609874320773,0.0462884799590986,-0.0010035055319511));
#10904=CARTESIAN_POINT('',(0.031,0.075,-0.008));
#10905=CARTESIAN_POINT('',(0.0310091955215393,0.069285889221398,-0.00416998961482072));
#10906=CARTESIAN_POINT('',(0.0385,0.0575,-0.008));
#10907=CARTESIAN_POINT('',(0.04,0.04,-0.008));
#10908=CARTESIAN_POINT('',(0.04,0.04,-0.0035));
#10909=CARTESIAN_POINT('',(0.0390877548513982,0.0506428600670202,0.0031144377869347));
#10910=CARTESIAN_POINT('',(-0.0055,0.055,-0.008));
#10911=CARTESIAN_POINT('',(0.0165,0.055,-0.008));
#10912=CARTESIAN_POINT('',(0.0165,0.055,0.000405232436277655));
#10913=CARTESIAN_POINT('',(-0.0055,0.055,0.000405232436277653));
#10914=CARTESIAN_POINT('',(-0.1,0.06125,-0.00159640270005912));
#10915=CARTESIAN_POINT('',(0.0165,0.06125,-0.00159640270005912));
#10916=CARTESIAN_POINT('',(0.0165,0.0504684475069498,0.00185651478703664));
#10917=CARTESIAN_POINT('',(-0.1,0.0504684475069498,0.00185651478703664));
#10918=CARTESIAN_POINT('',(-0.1,0.0519934561612659,0.00661827376920501));
#10919=CARTESIAN_POINT('',(0.0165,0.0519934561612659,0.00661827376920501));
#10920=CARTESIAN_POINT('',(0.0225,0.0360748059227256,0.015891320198198));
#10921=CARTESIAN_POINT('',(0.0225,0.0335988364697003,0.014));
#10922=CARTESIAN_POINT('',(0.0225,0.0319976729394006,0.014));
#10923=CARTESIAN_POINT('',(0.0225,0.0319976729394006,0.009));
#10924=CARTESIAN_POINT('',(0.0479976881047514,0.024008312512224,-0.006202));
#10925=CARTESIAN_POINT('',(0.0431110346407127,0.0259274576141897,-0.006202));
#10926=CARTESIAN_POINT('',(0.0454536410690418,0.027801542756853,-0.008));
#10927=CARTESIAN_POINT('',(0.0454536410690418,0.027801542756853,-0.0047));
#10928=CARTESIAN_POINT('',(0.0431110346407127,0.0259274576141897,-0.0047));
#10929=CARTESIAN_POINT('',(0.0459034080487348,0.0248308032702093,-0.0047));
#10930=CARTESIAN_POINT('',(0.0459034080487348,0.0248308032702093,-0.006202));
#10931=CARTESIAN_POINT('',(0.0425944361430026,0.0313755489144021,-0.008));
#10932=CARTESIAN_POINT('',(0.0425944361430026,0.0313755489144021,-0.0047));
#10933=CARTESIAN_POINT('',(0.0420967369230038,0.0319976729394006,0.014));
#10934=CARTESIAN_POINT('',(0.0420967369230038,0.0319976729394006,0.0122));
#10935=CARTESIAN_POINT('',(0.0420967369230038,0.0319976729394006,0.009));
#10936=CARTESIAN_POINT('',(-0.1,0.0319976729394006,0.009));
#10937=CARTESIAN_POINT('',(0.0095,0.0319976729394006,0.014));
#10938=CARTESIAN_POINT('',(0.0453348847070663,0.0319976729394006,0.009));
#10939=CARTESIAN_POINT('',(0.0095,0.0319976729394006,0.014));
#10940=CARTESIAN_POINT('',(0.0225,0.0319976729394006,0.014));
#10941=CARTESIAN_POINT('',(0.0165,0.0319976729394006,0.014));
#10942=CARTESIAN_POINT('',(0.0165,0.0319976729394006,0.014));
#10943=CARTESIAN_POINT('',(0.0165,0.0319976729394006,0.0122));
#10944=CARTESIAN_POINT('',(0.0274174423535332,0.0319976729394006,0.0122));
#10945=CARTESIAN_POINT('',(-0.1,0.0319976729394006,0.009));
#10946=CARTESIAN_POINT('',(0.0165,0.0319976729394006,0.009));
#10947=CARTESIAN_POINT('',(0.0165,0.0347236693799313,0.0106759902762886));
#10948=CARTESIAN_POINT('',(-0.1,0.0347236693799313,0.0106759902762885));
#10949=CARTESIAN_POINT('',(-0.1,0.0537704262635402,0.022386269445085));
#10950=CARTESIAN_POINT('',(0.0372216314690384,0.0362,0.00855913283217962));
#10951=CARTESIAN_POINT('',(0.0165,0.0362,0.00855913283217961));
#10952=CARTESIAN_POINT('',(0.0165,0.0537704262635402,0.022386269445085));
#10953=CARTESIAN_POINT('',(0.,0.0362,0.));
#10954=CARTESIAN_POINT('',(0.0165,0.0362,0.));
#10955=CARTESIAN_POINT('',(0.0165,0.0362,-0.0047));
#10956=CARTESIAN_POINT('',(0.0363317510370914,0.0362,-0.0047));
#10957=CARTESIAN_POINT('',(0.045,0.0325,-0.008));
#10958=CARTESIAN_POINT('',(0.05,0.025,-0.008));
#10959=CARTESIAN_POINT('',(0.05,0.025,-0.0035));
#10960=CARTESIAN_POINT('',(0.04,0.04,-0.0035));
#10961=CARTESIAN_POINT('',(0.0479976881047514,0.024008312512224,-0.006202));
#10962=CARTESIAN_POINT('',(0.0479976881047514,0.024008312512224,-0.0047));
#10963=CARTESIAN_POINT('',(0.0479792773127247,0.021758387837321,-0.0047));
#10964=CARTESIAN_POINT('',(0.0479792773127247,0.021758387837321,-0.006202));
#10965=CARTESIAN_POINT('',(0.,0.0275,0.014));
#10966=CARTESIAN_POINT('',(0.0165,0.0275,0.014));
#10967=CARTESIAN_POINT('',(0.0479547295900225,0.0187584882707838,-0.006202));
#10968=CARTESIAN_POINT('',(0.0479547295900225,0.0187584882707838,-0.0047));
#10969=CARTESIAN_POINT('',(0.0505833773160525,0.0202042445201003,-0.0047));
#10970=CARTESIAN_POINT('',(0.0505833773160525,0.0202042445201003,-0.008));
#10971=CARTESIAN_POINT('',(0.053,0.0195454545454546,-0.008));
#10972=CARTESIAN_POINT('',(0.05562864772603,0.014766095043582,-0.008));
#10973=CARTESIAN_POINT('',(0.05562864772603,0.014766095043582,-0.00477726854468197));
#10974=CARTESIAN_POINT('',(0.0531989018227632,0.0191838148677032,-0.00422590378268763));
#10975=CARTESIAN_POINT('',(0.045,0.0325,-0.0035));
#10976=CARTESIAN_POINT('',(0.053,0.0133203387942655,-0.00862043361669494));
#10977=CARTESIAN_POINT('',(0.056,0.0133203387942655,-0.00541109676710611));
#10978=CARTESIAN_POINT('',(0.056,0.00628002806687461,-0.0104321475782108));
#10979=CARTESIAN_POINT('',(0.0165,0.03975,0.02565));
#10980=CARTESIAN_POINT('',(0.0165,0.0471,-0.00089476756372235));
#10981=CARTESIAN_POINT('',(0.0165,0.0471,0.00050523243627765));
#10982=CARTESIAN_POINT('',(0.0165,0.0409,0.000405232436277655));
#10983=CARTESIAN_POINT('',(0.0165,0.0409,0.00180523243627765));
#10984=CARTESIAN_POINT('',(0.0165,0.05315,0.01225));
#10985=CARTESIAN_POINT('',(-0.0095,0.036,-0.004));
#10986=CARTESIAN_POINT('',(-0.0095,0.02914446604939,0.022525659389401));
#10987=CARTESIAN_POINT('',(-0.0095,0.02,0.0158304101178275));
#10988=CARTESIAN_POINT('',(-0.0095,0.02,-0.004));
#10989=CARTESIAN_POINT('',(0.0095,0.036,-0.004));
#10990=CARTESIAN_POINT('',(0.0095,0.02914446604939,0.022525659389401));
#10991=CARTESIAN_POINT('',(0.0095,0.02,0.0158304101178275));
#10992=CARTESIAN_POINT('',(0.0095,0.02,0.014));
#10993=CARTESIAN_POINT('',(0.,0.0275,0.014));
#10994=CARTESIAN_POINT('',(0.00425,0.0124,0.014));
#10995=CARTESIAN_POINT('',(0.0067,0.0124,0.014));
#10996=CARTESIAN_POINT('',(0.0098,0.0124,0.014));
#10997=CARTESIAN_POINT('',(0.0067,0.0114,0.014));
#10998=CARTESIAN_POINT('',(0.0067,0.0114,0.014));
#10999=CARTESIAN_POINT('',(0.01155,0.0114,0.014));
#11000=CARTESIAN_POINT('',(0.0098,0.0114,0.014));
#11001=CARTESIAN_POINT('',(0.0098,0.0134,0.014));
#11002=CARTESIAN_POINT('',(0.0118,0.0134,0.014));
#11003=CARTESIAN_POINT('',(0.0118,0.0183522727272727,0.014));
#11004=CARTESIAN_POINT('',(0.0118,0.0153559133790781,0.014));
#11005=CARTESIAN_POINT('',(0.0138,0.0153559133790781,0.014));
#11006=CARTESIAN_POINT('',(0.0138,0.0175,0.014));
#11007=CARTESIAN_POINT('',(0.0165,0.0175,0.014));
#11008=CARTESIAN_POINT('',(0.0165,0.0175,0.014));
#11009=CARTESIAN_POINT('',(0.0165,0.0181329889849161,0.014));
#11010=CARTESIAN_POINT('',(0.0153,0.0352,0.014));
#11011=CARTESIAN_POINT('',(0.0153,0.0187659779698322,0.014));
#11012=CARTESIAN_POINT('',(0.0165,0.0187659779698322,0.014));
#11013=CARTESIAN_POINT('',(0.00923444503127429,0.0187659779698322,0.014));
#11014=CARTESIAN_POINT('',(0.0065,0.02,0.014));
#11015=CARTESIAN_POINT('',(0.0065,0.017,0.014));
#11016=CARTESIAN_POINT('',(0.,0.017,0.014));
#11017=CARTESIAN_POINT('',(-0.0065,0.017,0.014));
#11018=CARTESIAN_POINT('',(-0.0065,0.02,0.014));
#11019=CARTESIAN_POINT('',(-0.00923444503127427,0.0187659779698322,0.014));
#11020=CARTESIAN_POINT('',(-0.0165,0.0187659779698322,0.014));
#11021=CARTESIAN_POINT('',(-0.0153,0.0187659779698322,0.014));
#11022=CARTESIAN_POINT('',(-0.0153,0.0352,0.014));
#11023=CARTESIAN_POINT('',(-0.0165,0.0181329889849161,0.014));
#11024=CARTESIAN_POINT('',(-0.0165,0.0175,0.014));
#11025=CARTESIAN_POINT('',(-0.0165,0.0175,0.014));
#11026=CARTESIAN_POINT('',(-0.0133,0.0175,0.014));
#11027=CARTESIAN_POINT('',(-0.0133,0.0153559133790781,0.014));
#11028=CARTESIAN_POINT('',(-0.0113,0.0153559133790781,0.014));
#11029=CARTESIAN_POINT('',(-0.0113,0.0275,0.014));
#11030=CARTESIAN_POINT('',(-0.0113,0.0152,0.014));
#11031=CARTESIAN_POINT('',(0.,0.0152,0.014));
#11032=CARTESIAN_POINT('',(0.0098,0.0152,0.014));
#11033=CARTESIAN_POINT('',(0.0098,0.0142,0.014));
#11034=CARTESIAN_POINT('',(0.0108,0.0142,0.014));
#11035=CARTESIAN_POINT('',(0.0108,0.0138,0.014));
#11036=CARTESIAN_POINT('',(0.0108,0.0134,0.014));
#11037=CARTESIAN_POINT('',(0.0098,0.0134,0.014));
#11038=CARTESIAN_POINT('',(-0.0113,0.036,-0.004));
#11039=CARTESIAN_POINT('',(-0.0113,0.0234389491857342,-0.00692079855840433));
#11040=CARTESIAN_POINT('',(-0.0113,0.0152,-0.004));
#11041=CARTESIAN_POINT('',(0.0165,0.0216219827888822,0.00333133866406947));
#11042=CARTESIAN_POINT('',(0.0165,0.0216219827888822,0.00333133866406947));
#11043=CARTESIAN_POINT('',(0.0138,0.0253045454545455,-0.0062));
#11044=CARTESIAN_POINT('',(0.0165,0.03975,0.02565));
#11045=CARTESIAN_POINT('',(0.0165,0.02914446604939,0.022525659389401));
#11046=CARTESIAN_POINT('',(0.0065,0.02,0.0158304101178275));
#11047=CARTESIAN_POINT('',(0.00907354330696359,0.018458288337366,0.0147016242674043));
#11048=CARTESIAN_POINT('',(0.0165,0.018458288337366,0.0147016242674043));
#11049=CARTESIAN_POINT('',(0.0153,0.0184582883388613,0.0147016242674043));
#11050=CARTESIAN_POINT('',(0.0153,0.02914446604939,0.022525659389401));
#11051=CARTESIAN_POINT('',(-0.0165,0.02914446604939,0.022525659389401));
#11052=CARTESIAN_POINT('',(-0.0153,0.02914446604939,0.022525659389401));
#11053=CARTESIAN_POINT('',(-0.0153,0.018458288337366,0.0147016242674043));
#11054=CARTESIAN_POINT('',(-0.0165,0.018458288337366,0.0147016242674043));
#11055=CARTESIAN_POINT('',(-0.00907354330696357,0.018458288337366,0.0147016242674043));
#11056=CARTESIAN_POINT('',(-0.0065,0.02,0.0158304101178275));
#11057=CARTESIAN_POINT('',(-0.0165,0.03975,0.02565));
#11058=CARTESIAN_POINT('',(-0.0165,0.0216219827888822,0.00333133866406947));
#11059=CARTESIAN_POINT('',(-0.0165,0.0216219827888822,0.00333133866406947));
#11060=CARTESIAN_POINT('',(-0.0133,0.0175,0.014));
#11061=CARTESIAN_POINT('',(-0.0153,0.0352,0.015));
#11062=CARTESIAN_POINT('',(-0.0153,0.0470000000000295,0.0268000000000128));
#11063=CARTESIAN_POINT('',(-0.0153,0.0184585163856909,0.0147010862739581));
#11064=CARTESIAN_POINT('',(-0.0153,0.0184584023625039,0.0147013552701438));
#11065=CARTESIAN_POINT('',(0.0153,0.0352,0.015));
#11066=CARTESIAN_POINT('',(0.0153,0.0184584023625039,0.0147013552701438));
#11067=CARTESIAN_POINT('',(0.0153,0.018458516390177,0.0147010862739581));
#11068=CARTESIAN_POINT('',(0.0153,0.0470000000000295,0.0268000000000128));
#11069=CARTESIAN_POINT('',(0.0118,0.0183522727272727,0.014002));
#11070=CARTESIAN_POINT('',(0.0118,0.0156344037311888,0.0132792014415957));
#11071=CARTESIAN_POINT('',(0.0118,0.0134,0.014002));
#11072=CARTESIAN_POINT('',(-0.0133,0.019756386520071,0.00261054010566515));
#11073=CARTESIAN_POINT('',(0.0138,0.0157444310652031,0.0129944248123822));
#11074=CARTESIAN_POINT('',(-0.0213,0.0142857864376269,-0.0032));
#11075=CARTESIAN_POINT('',(-0.0216333333333334,0.0152285954792089,-0.0032));
#11076=CARTESIAN_POINT('',(-0.0216333333333334,0.0152285954792089,0.0068));
#11077=CARTESIAN_POINT('',(-0.0213,0.0142857864376269,0.0068));
#11078=CARTESIAN_POINT('',(-0.0223,0.0142857864376269,0.0068));
#11079=CARTESIAN_POINT('',(-0.0223,0.0142857864376269,-0.0032));
#11080=CARTESIAN_POINT('',(-0.0218,0.0157,-0.0032));
#11081=CARTESIAN_POINT('',(-0.0213025062814467,0.01565,-0.0047));
#11082=CARTESIAN_POINT('',(-0.0213025062814467,0.01565,0.0068));
#11083=CARTESIAN_POINT('',(-0.0218,0.0157,0.0068));
#11084=CARTESIAN_POINT('',(-0.0218,0.0156,-0.0032));
#11085=CARTESIAN_POINT('',(-0.0218,0.0161,-0.0032));
#11086=CARTESIAN_POINT('',(-0.0218,0.0161,0.0068));
#11087=CARTESIAN_POINT('',(-0.0218,0.0156,0.0068));
#11088=CARTESIAN_POINT('',(-0.0213,0.0139142135623731,-0.0032));
#11089=CARTESIAN_POINT('',(-0.0223,0.0139142135623731,-0.0062));
#11090=CARTESIAN_POINT('',(-0.0223,0.0139142135623731,0.0068));
#11091=CARTESIAN_POINT('',(-0.0213,0.0139142135623731,0.0068));
#11092=CARTESIAN_POINT('',(-0.0216333333333334,0.012971404520791,0.0068));
#11093=CARTESIAN_POINT('',(-0.0216333333333334,0.012971404520791,-0.0032));
#11094=CARTESIAN_POINT('',(-0.0218,0.0125,-0.0032));
#11095=CARTESIAN_POINT('',(-0.0218,0.0125,0.0068));
#11096=CARTESIAN_POINT('',(-0.0218,0.012,0.0068));
#11097=CARTESIAN_POINT('',(-0.0218,0.012,-0.0032));
#11098=CARTESIAN_POINT('',(-0.0223,0.0141,-0.0032));
#11099=CARTESIAN_POINT('',(-0.0223,0.0141,0.0068));
#11100=CARTESIAN_POINT('',(-0.0228,0.0125,-0.0032));
#11101=CARTESIAN_POINT('',(-0.0228,0.012,-0.0032));
#11102=CARTESIAN_POINT('',(-0.0228,0.012,0.0068));
#11103=CARTESIAN_POINT('',(-0.0228,0.0125,0.0068));
#11104=CARTESIAN_POINT('',(-0.0233,0.0125,0.0068));
#11105=CARTESIAN_POINT('',(-0.0233,0.0125,-0.0032));
#11106=CARTESIAN_POINT('',(-0.0223,0.012,-0.0032));
#11107=CARTESIAN_POINT('',(-0.0223,0.012,0.0068));
#11108=CARTESIAN_POINT('',(-0.0228,0.0156,-0.0032));
#11109=CARTESIAN_POINT('',(-0.0233,0.0156,-0.0032));
#11110=CARTESIAN_POINT('',(-0.0233,0.0156,0.0068));
#11111=CARTESIAN_POINT('',(-0.0228,0.0156,0.0068));
#11112=CARTESIAN_POINT('',(-0.0228,0.0161,0.0068));
#11113=CARTESIAN_POINT('',(-0.0228,0.0161,-0.0032));
#11114=CARTESIAN_POINT('',(-0.0233,0.01405,-0.0032));
#11115=CARTESIAN_POINT('',(-0.0233,0.01405,0.0068));
#11116=CARTESIAN_POINT('',(-0.0223,0.0161,-0.0032));
#11117=CARTESIAN_POINT('',(-0.0223,0.0161,0.0068));
#11118=CARTESIAN_POINT('',(6.93889390390723E-18,0.00897856824782432,-0.0075));
#11119=CARTESIAN_POINT('',(-0.0421985037986162,-0.0114764725559962,-0.0075));
#11120=CARTESIAN_POINT('',(-0.043,-0.0124127184485535,-0.0075));
#11121=CARTESIAN_POINT('',(-0.043000128037651,-0.0124128680122378,-0.0075));
#11122=CARTESIAN_POINT('',(-0.043,-0.0067,-0.0075));
#11123=CARTESIAN_POINT('',(-0.043,-0.0124128681886586,-0.0075));
#11124=CARTESIAN_POINT('',(-0.0413403149055684,-0.0124151550391837,-0.0075));
#11125=CARTESIAN_POINT('',(-0.045,0.0146,0.017));
#11126=CARTESIAN_POINT('',(-0.045,0.0166,0.017));
#11127=CARTESIAN_POINT('',(-0.043,0.0146,0.017));
#11128=CARTESIAN_POINT('',(-0.046,0.0166,0.017));
#11129=CARTESIAN_POINT('',(-0.049,0.0166,0.017));
#11130=CARTESIAN_POINT('',(-0.049,0.0146,0.017));
#11131=CARTESIAN_POINT('',(-0.051,0.0146,0.017));
#11132=CARTESIAN_POINT('',(0.049,0.0146,0.017));
#11133=CARTESIAN_POINT('',(0.049,0.0166,0.017));
#11134=CARTESIAN_POINT('',(0.051,0.0146,0.017));
#11135=CARTESIAN_POINT('',(0.046,0.0166,0.017));
#11136=CARTESIAN_POINT('',(0.045,0.0166,0.017));
#11137=CARTESIAN_POINT('',(0.045,0.0146,0.017));
#11138=CARTESIAN_POINT('',(0.043,0.0146,0.017));
#11139=CARTESIAN_POINT('',(0.0381757452849593,-0.0122673006135869,-0.006202));
#11140=CARTESIAN_POINT('',(0.0396982185712003,-0.0109703522365562,-0.008));
#11141=CARTESIAN_POINT('',(0.0381757452849593,-0.0102673006135869,0.014));
#11142=CARTESIAN_POINT('',(0.0396763424408589,-0.0109446720902674,-0.006202));
#11143=CARTESIAN_POINT('',(0.0405992441920602,-0.0120280561993912,-0.006));
#11144=CARTESIAN_POINT('',(0.0423049867318684,-0.0140304084102082,-0.006));
#11145=CARTESIAN_POINT('',(0.0423049867318684,-0.0140304084102082,-0.011));
#11146=CARTESIAN_POINT('',(0.0274003641777074,-0.0122673006135869,-0.006202));
#11147=CARTESIAN_POINT('',(0.0274003641777074,-0.0102673006135869,-0.008));
#11148=CARTESIAN_POINT('',(0.025882706172584,-0.0109647207966525,0.014));
#11149=CARTESIAN_POINT('',(0.0249434357815471,-0.0120590807808932,-0.006202));
#11150=CARTESIAN_POINT('',(0.0249885250809333,-0.0120065464676256,-0.006));
#11151=CARTESIAN_POINT('',(0.0296366371081333,-0.0102673006135869,-0.006202));
#11152=CARTESIAN_POINT('',(-0.0413403149055684,-0.0124151550391837,-0.0075));
#11153=CARTESIAN_POINT('',(-0.043,-0.0124128681886586,0.017));
#11154=CARTESIAN_POINT('',(-0.0429999999999938,-0.0124128681886586,-0.00575492771293927));
#11155=CARTESIAN_POINT('',(-0.042314786019931,-0.012413812332795,-0.00545));
#11156=CARTESIAN_POINT('',(-0.043000128037651,-0.0124128680122378,-0.00575463983161464));
#11157=CARTESIAN_POINT('',(-0.043000128037651,-0.0124128680122378,-0.0075));
#11158=CARTESIAN_POINT('',(-0.0405952553205466,-0.00960368164351305,-0.006202));
#11159=CARTESIAN_POINT('',(-0.0423136798560965,-0.0116110123211888,-0.00545));
#11160=CARTESIAN_POINT('',(-0.0426402572013238,-0.0119924947256512,-0.00612541874857353));
#11161=CARTESIAN_POINT('',(-0.0426402572013238,-0.0119924947256512,0.014));
#11162=CARTESIAN_POINT('',(-0.040153501917839,-0.00908765947385812,-0.0062));
#11163=CARTESIAN_POINT('',(-0.043,-0.0124127184485535,0.017));
#11164=CARTESIAN_POINT('',(-0.045,-0.0134,0.017));
#11165=CARTESIAN_POINT('',(-0.043,-0.0134,-0.00733732476521681));
#11166=CARTESIAN_POINT('',(-0.043,-0.0137300195245376,-0.00697033670005059));
#11167=CARTESIAN_POINT('',(-0.0430668521273261,-0.0139127760743033,-0.00649328313271339));
#11168=CARTESIAN_POINT('',(-0.0430668521273261,-0.0139127760743033,-0.006));
#11169=CARTESIAN_POINT('',(-0.043,-0.0134,-0.00733732476521681));
#11170=CARTESIAN_POINT('',(-0.0430668521273265,-0.0139127760743033,-0.00545));
#11171=CARTESIAN_POINT('',(-0.0430668521273265,-0.0139127760743033,-0.00556208583724523));
#11172=CARTESIAN_POINT('',(-0.0430179203856803,-0.0137271217275581,-0.00572845533921149));
#11173=CARTESIAN_POINT('',(-0.043,-0.0135106895718835,-0.0057583046596337));
#11174=CARTESIAN_POINT('',(-0.043,-0.0134,-0.00575796598761023));
#11175=CARTESIAN_POINT('',(-0.043,-0.0134,-0.00575796598761023));
#11176=CARTESIAN_POINT('',(-0.043,-0.0134,0.017));
#11177=CARTESIAN_POINT('',(0.056,0.00454545454545457,-0.008));
#11178=CARTESIAN_POINT('',(0.056,0.0006,0.003));
#11179=CARTESIAN_POINT('',(0.056,0.0006,0.0006));
#11180=CARTESIAN_POINT('',(0.056,0.0133203387942655,-0.008));
#11181=CARTESIAN_POINT('',(0.056,-0.005,-0.008));
#11182=CARTESIAN_POINT('',(0.0545,-0.0125,-0.008));
#11183=CARTESIAN_POINT('',(-0.0545,-0.0125,-0.008));
#11184=CARTESIAN_POINT('',(-0.056,-0.005,-0.008));
#11185=CARTESIAN_POINT('',(-0.056,0.00454545454545455,-0.008));
#11186=CARTESIAN_POINT('',(-0.056,0.0006,0.003));
#11187=CARTESIAN_POINT('',(-0.056,0.0006,0.0006));
#11188=CARTESIAN_POINT('',(-0.056,0.0133203387942655,-0.008));
#11189=CARTESIAN_POINT('',(0.043,0.0073,0.017));
#11190=CARTESIAN_POINT('',(0.043,0.00511002804573964,0.003));
#11191=CARTESIAN_POINT('',(0.043,0.00511002804573964,0.0023));
#11192=CARTESIAN_POINT('',(0.043,-0.00388997195426037,0.003));
#11193=CARTESIAN_POINT('',(0.043,-0.00388997195426037,0.0023));
#11194=CARTESIAN_POINT('',(0.043,0.000610028045739637,0.003));
#11195=CARTESIAN_POINT('',(0.043,0.000610028045739637,0.0009));
#11196=CARTESIAN_POINT('',(0.043,0.00588431697169554,0.0058));
#11197=CARTESIAN_POINT('',(0.043,0.00588431697169554,0.0078));
#11198=CARTESIAN_POINT('',(0.043,0.00093431697169554,0.0078));
#11199=CARTESIAN_POINT('',(0.043,-0.00401568302830446,0.0078));
#11200=CARTESIAN_POINT('',(0.043,-0.00401568302830446,0.0058));
#11201=CARTESIAN_POINT('',(0.043,-0.00601568302830446,0.0058));
#11202=CARTESIAN_POINT('',(0.043,-0.00601568302830446,-0.0007));
#11203=CARTESIAN_POINT('',(0.043,0.456025524085173,-0.00545));
#11204=CARTESIAN_POINT('',(0.043,-0.0134,-0.00582964937850498));
#11205=CARTESIAN_POINT('',(0.043,-0.0134,0.017));
#11206=CARTESIAN_POINT('',(0.043,-0.0134,-0.00745836877655755));
#11207=CARTESIAN_POINT('',(0.043,-0.0120313641580507,-0.006));
#11208=CARTESIAN_POINT('',(0.045,-0.0134,0.017));
#11209=CARTESIAN_POINT('',(0.043,-0.0134,-0.00582964937850498));
#11210=CARTESIAN_POINT('',(0.043,-0.0135369973665793,-0.00582932777588992));
#11211=CARTESIAN_POINT('',(0.0430276553463564,-0.0138058750781412,-0.00579385608938695));
#11212=CARTESIAN_POINT('',(0.0431023175026196,-0.0140315070380732,-0.00558864963904758));
#11213=CARTESIAN_POINT('',(0.0431023175026196,-0.0140315070380732,-0.00545));
#11214=CARTESIAN_POINT('',(0.0431023175026196,-0.0140315070380732,-0.00545));
#11215=CARTESIAN_POINT('',(0.0431023175026196,-0.0140315070380732,0.017));
#11216=CARTESIAN_POINT('',(0.0431023175026196,-0.0140315070380732,-0.006));
#11217=CARTESIAN_POINT('',(0.0431023175026196,-0.0140315070380732,-0.006));
#11218=CARTESIAN_POINT('',(0.0431023175026196,-0.0140315070380732,-0.00655074015777997));
#11219=CARTESIAN_POINT('',(0.043,-0.0138015701103139,-0.00708150785398894));
#11220=CARTESIAN_POINT('',(0.043,-0.0134,-0.00745836877655755));
#11221=CARTESIAN_POINT('',(0.051,0.0006,0.017));
#11222=CARTESIAN_POINT('',(0.051,-0.0134,0.017));
#11223=CARTESIAN_POINT('',(0.051,-0.0134,-0.00582966231656832));
#11224=CARTESIAN_POINT('',(0.051,0.456020012559045,-0.00545));
#11225=CARTESIAN_POINT('',(-0.051,-0.0067,0.017));
#11226=CARTESIAN_POINT('',(-0.051,-0.509703343368722,-0.00545));
#11227=CARTESIAN_POINT('',(-0.051,-0.0134,-0.00575798285042941));
#11228=CARTESIAN_POINT('',(-0.051,-0.0134,0.017));
#11229=CARTESIAN_POINT('',(0.049,-0.0134,0.017));
#11230=CARTESIAN_POINT('',(0.0509547633614756,-0.0138229659568245,-0.0058971175472103));
#11231=CARTESIAN_POINT('',(0.0509841873578578,-0.0136869811354743,-0.00585774345347864));
#11232=CARTESIAN_POINT('',(0.051,-0.0135447850974074,-0.00582932244775157));
#11233=CARTESIAN_POINT('',(0.051,-0.0134000000000005,-0.00582966231656546));
#11234=CARTESIAN_POINT('',(-0.049,-0.0134,0.017));
#11235=CARTESIAN_POINT('',(-0.051,-0.0134,-0.00575798285042941));
#11236=CARTESIAN_POINT('',(-0.051,-0.013502319000368,-0.00575829589076549));
#11237=CARTESIAN_POINT('',(-0.0509920817331724,-0.0136031958204214,-0.00577709682544346));
#11238=CARTESIAN_POINT('',(-0.0509773025946283,-0.0137004570672759,-0.00580486418241703));
#11239=CARTESIAN_POINT('',(-0.043,-0.0067,0.017));
#11240=CARTESIAN_POINT('',(-0.043,0.00511002804573964,0.003));
#11241=CARTESIAN_POINT('',(-0.043,0.00511002804573964,0.0037));
#11242=CARTESIAN_POINT('',(-0.043,-0.00388997195426037,0.003));
#11243=CARTESIAN_POINT('',(-0.043,-0.00388997195426037,0.0037));
#11244=CARTESIAN_POINT('',(-0.043,0.000610028045739637,0.003));
#11245=CARTESIAN_POINT('',(-0.043,0.000610028045739637,0.0051));
#11246=CARTESIAN_POINT('',(-0.043,-0.00436497195426036,0.0058));
#11247=CARTESIAN_POINT('',(-0.043,-0.00436497195426036,0.0078));
#11248=CARTESIAN_POINT('',(-0.043,0.000610028045739637,0.0078));
#11249=CARTESIAN_POINT('',(-0.043,0.00558502804573964,0.0078));
#11250=CARTESIAN_POINT('',(-0.043,0.00558502804573964,0.0058));
#11251=CARTESIAN_POINT('',(-0.043,-0.0119128662901002,-0.006));
#11252=CARTESIAN_POINT('',(-0.043,-0.509708854894834,-0.00545));
#11253=CARTESIAN_POINT('',(-5.43878211315837E-5,-0.0119720402840656,-0.006));
#11254=CARTESIAN_POINT('',(-1.45145926297892E-5,-0.0139720971232352,-0.006));
#11255=CARTESIAN_POINT('',(-0.0381844519210782,-0.0121695053451283,-0.006202));
#11256=CARTESIAN_POINT('',(-0.0381816961593233,-0.0101695072436849,-0.008));
#11257=CARTESIAN_POINT('',(-0.0397037669013698,-0.0108688585865262,0.014));
#11258=CARTESIAN_POINT('',(-0.0274090917459021,-0.0121843525219556,-0.006202));
#11259=CARTESIAN_POINT('',(-0.0258882639928077,-0.0108854749505819,-0.006202));
#11260=CARTESIAN_POINT('',(-0.0274063359841471,-0.0101843544205122,-0.006202));
#11261=CARTESIAN_POINT('',(-0.0259084981821881,-0.010861783174352,-0.006202));
#11262=CARTESIAN_POINT('',(-0.0249896160334108,-0.0119376824773212,-0.006));
#11263=CARTESIAN_POINT('',(-0.0296398086913384,-0.0101812769582573,-0.006202));
#11264=CARTESIAN_POINT('',(-0.0396806877492604,-0.0108418993054606,-0.006202));
#11265=CARTESIAN_POINT('',(-0.0406003457969636,-0.0119161727308779,-0.006));
#11266=CARTESIAN_POINT('',(-5.43878211315837E-5,-0.0119720402840656,-0.006));
#11267=CARTESIAN_POINT('',(-5.43878211315837E-5,-0.0119720402840656,-0.006));
#11268=CARTESIAN_POINT('',(0.00329446523957032,-0.011276655368463,0.00297));
#11269=CARTESIAN_POINT('',(-0.00292552885591864,-0.0112680849494051,0.00297));
#11270=CARTESIAN_POINT('',(-0.00292566664400639,-0.0113680848544772,0.00177417392568986));
#11271=CARTESIAN_POINT('',(-0.00292583621266976,-0.0114911495585298,0.0017909147250144));
#11272=CARTESIAN_POINT('',(0.00344432730909081,-0.0113768619556668,0.00177417392568986));
#11273=CARTESIAN_POINT('',(-0.00402566559980022,-0.011366569185512,0.00177417392568986));
#11274=CARTESIAN_POINT('',(-0.00402552781171247,-0.0112665692804399,0.00297));
#11275=CARTESIAN_POINT('',(-0.00402583725687684,-0.0114911495585298,0.00179120247585231));
#11276=CARTESIAN_POINT('',(0.158963935626033,-0.0114911495585298,0.00297));
#11277=CARTESIAN_POINT('',(0.00329446523957032,-0.011276655368463,0.00297));
#11278=CARTESIAN_POINT('',(0.0028944656192816,-0.011276104216112,0.00297));
#11279=CARTESIAN_POINT('',(0.00289416931213524,-0.0114911495585298,0.0017894258121971));
#11280=CARTESIAN_POINT('',(0.00289432783119386,-0.0113761041211842,0.00177417392568986));
#11281=CARTESIAN_POINT('',(0.158963935626033,-0.0114911495585298,0.00297));
#11282=CARTESIAN_POINT('',(0.00399417035634241,-0.0114911495585298,0.00178915073273912));
#11283=CARTESIAN_POINT('',(0.00399446457507551,-0.0112776198850772,0.00297));
#11284=CARTESIAN_POINT('',(0.00399432678698776,-0.0113776197901494,0.00177417392568986));
#11285=CARTESIAN_POINT('',(0.00344432730909081,-0.0113768619556668,0.00177417392568986));
#11286=CARTESIAN_POINT('',(-0.0138103378438515,-0.00945308525630581,-0.006202));
#11287=CARTESIAN_POINT('',(-0.0160117678109412,-0.0114911495585298,-0.006202));
#11288=CARTESIAN_POINT('',(-0.0164441247714215,-0.0108894579169206,-0.006202));
#11289=CARTESIAN_POINT('',(0.0018976356965401,-0.00897472709465859,-0.00046));
#11290=CARTESIAN_POINT('',(0.0018976356965401,-0.00897472709465859,-0.00146));
#11291=CARTESIAN_POINT('',(0.00189515550899865,-0.0107747268098737,-0.00146));
#11292=CARTESIAN_POINT('',(0.0028976347472618,-0.00897610497553607,-0.00046));
#11293=CARTESIAN_POINT('',(0.00289515455972035,-0.0107761046907511,-0.00046));
#11294=CARTESIAN_POINT('',(0.00189515550899865,-0.0107747268098737,-0.00046));
#11295=CARTESIAN_POINT('',(-0.000967361583777551,-0.00897077946594462,-0.00146));
#11296=CARTESIAN_POINT('',(-0.00192236067721677,-0.00896946358970663,-0.00146));
#11297=CARTESIAN_POINT('',(-0.00192484086475822,-0.0107694633049217,-0.00146));
#11298=CARTESIAN_POINT('',(-1.48426778797388E-5,-0.0107720950573977,-0.00146));
#11299=CARTESIAN_POINT('',(-0.00192236067721677,-0.00896946358970663,-0.00046));
#11300=CARTESIAN_POINT('',(-0.00292235972793846,-0.00896808570882915,-0.00046));
#11301=CARTESIAN_POINT('',(-0.00292483991547992,-0.0107680854240442,-0.00046));
#11302=CARTESIAN_POINT('',(-0.00192484086475822,-0.0107694633049217,-0.00046));
#11303=CARTESIAN_POINT('',(-0.00292235972793846,-0.00896808570882915,0.00623));
#11304=CARTESIAN_POINT('',(-0.00292235972793846,-0.00896808570882915,0.00846));
#11305=CARTESIAN_POINT('',(-0.00292583621266977,-0.0114911495585298,0.00846));
#11306=CARTESIAN_POINT('',(-0.00292483991547991,-0.0107680854240442,-0.000395));
#11307=CARTESIAN_POINT('',(-0.00292483991547991,-0.0107680854240442,0.00177417392568986));
#11308=CARTESIAN_POINT('',(-0.00292483991547991,-0.0107680854240442,0.00177417392568986));
#11309=CARTESIAN_POINT('',(-0.00292583621266976,-0.0114911495585298,-0.006202));
#11310=CARTESIAN_POINT('',(0.0028976347472618,-0.00897610497553607,0.00177));
#11311=CARTESIAN_POINT('',(0.0028976347472618,-0.00897610497553607,0.00846));
#11312=CARTESIAN_POINT('',(0.00289416931213522,-0.0114911495585298,0.00846));
#11313=CARTESIAN_POINT('',(0.00289416931213522,-0.0114911495585298,-0.006202));
#11314=CARTESIAN_POINT('',(0.00289515455972035,-0.0107761046907511,0.00177417392568986));
#11315=CARTESIAN_POINT('',(0.00289515455972035,-0.0107761046907511,0.00177417392568986));
#11316=CARTESIAN_POINT('',(0.00289515455972035,-0.0107761046907511,-0.000395));
#11317=CARTESIAN_POINT('',(-1.45145926297892E-5,-0.0139720971232352,-0.006202));
#11318=CARTESIAN_POINT('',(0.0431023175026196,-0.0140315070380732,0.0008));
#11319=CARTESIAN_POINT('',(0.051422811364382,0.0186780007958647,-0.008));
#11320=CARTESIAN_POINT('',(0.051422811364382,0.0186780007958647,-0.0047));
#11321=CARTESIAN_POINT('',(0.0542,0.0136285669129229,-0.0047));
#11322=CARTESIAN_POINT('',(0.0542,0.0136285669129229,-0.008));
#11323=CARTESIAN_POINT('',(-0.051422811364382,0.0186780007958646,-0.008));
#11324=CARTESIAN_POINT('',(-0.0542,0.0136285669129229,-0.008));
#11325=CARTESIAN_POINT('',(-0.0542,0.0136285669129229,-0.0047));
#11326=CARTESIAN_POINT('',(-0.0505898168869724,0.0201925362093367,-0.0047));
#11327=CARTESIAN_POINT('',(-0.00475,0.0152,-0.004));
#11328=CARTESIAN_POINT('',(0.0098,0.0152,-0.004));
#11329=CARTESIAN_POINT('',(-0.0527349547837563,-0.0121469909567513,-0.008));
#11330=CARTESIAN_POINT('',(-0.0542,-0.00482176487553299,-0.008));
#11331=CARTESIAN_POINT('',(-0.0023,0.0119,0.014002));
#11332=CARTESIAN_POINT('',(-0.0023,0.0119,0.0078));
#11333=CARTESIAN_POINT('',(-0.0023,0.01189,0.0078));
#11334=CARTESIAN_POINT('',(-0.0023,0.01191,0.0078));
#11335=CARTESIAN_POINT('',(-0.0023,0.01191,-0.0062));
#11336=CARTESIAN_POINT('',(-0.0023,0.01189,0.014002));
#11337=CARTESIAN_POINT('',(0.01155,0.0114,0.014002));
#11338=CARTESIAN_POINT('',(0.0047,0.0114,0.0119));
#11339=CARTESIAN_POINT('',(0.0047,0.0114,0.00931));
#11340=CARTESIAN_POINT('',(0.0047,0.0114,0.012));
#11341=CARTESIAN_POINT('',(0.01155,0.0114,0.00931));
#11342=CARTESIAN_POINT('',(-0.000299999999999989,0.0114,0.00931));
#11343=CARTESIAN_POINT('',(-0.000299999999999989,0.0114,0.0078));
#11344=CARTESIAN_POINT('',(-0.00181,0.0114,0.0078));
#11345=CARTESIAN_POINT('',(-0.00181,0.0114,0.014002));
#11346=CARTESIAN_POINT('',(0.0098,0.0114,0.014002));
#11347=CARTESIAN_POINT('',(0.0067,0.0114,0.012));
#11348=CARTESIAN_POINT('',(-0.0165,0.0470000000000295,0.0268000000000128));
#11349=CARTESIAN_POINT('',(-0.0165,0.018458516390177,0.0147010862739581));
#11350=CARTESIAN_POINT('',(-0.00907367991029326,0.018458516390177,0.0147010862739581));
#11351=CARTESIAN_POINT('',(-0.00923444503127427,0.0187659779698322,0.014));
#11352=CARTESIAN_POINT('',(-0.00918666421346855,0.0186601013998481,0.0142335407351103));
#11353=CARTESIAN_POINT('',(-0.00913305142147805,0.0185576437922502,0.0144672435352117));
#11354=CARTESIAN_POINT('',(-0.00907367991029326,0.018458516390177,0.0147010862739581));
#11355=CARTESIAN_POINT('',(-0.0165,0.0184584023625039,0.0147013552701438));
#11356=CARTESIAN_POINT('',(-0.0065,0.02,0.0110645170497102));
#11357=CARTESIAN_POINT('',(-0.00475,0.017,-0.004));
#11358=CARTESIAN_POINT('',(0.0065,0.017,-0.004));
#11359=CARTESIAN_POINT('',(-0.0065,0.017,-0.004));
#11360=CARTESIAN_POINT('',(-0.0542,0.00454545454545455,-0.008));
#11361=CARTESIAN_POINT('',(-0.0542,0.0006,0.003));
#11362=CARTESIAN_POINT('',(-0.0542,0.0006,0.0006));
#11363=CARTESIAN_POINT('',(-0.0542,0.00496678428062652,-0.00887427545695445));
#11364=CARTESIAN_POINT('',(0.0527349547837564,-0.0121469909567512,-0.008));
#11365=CARTESIAN_POINT('',(0.0542,-0.00482176487553298,-0.008));
#11366=CARTESIAN_POINT('',(0.0542,0.00454545454545457,-0.008));
#11367=CARTESIAN_POINT('',(0.0542,0.0006,0.003));
#11368=CARTESIAN_POINT('',(0.0542,0.0006,0.0054));
#11369=CARTESIAN_POINT('',(0.0542,0.03967114359351,0.00785040599475408));
#11370=CARTESIAN_POINT('',(0.0165,0.0184584023625039,0.0147013552701438));
#11371=CARTESIAN_POINT('',(0.0165,0.018458516390177,0.0147010862739581));
#11372=CARTESIAN_POINT('',(0.00907367990801559,0.018458516390177,0.0147010862739581));
#11373=CARTESIAN_POINT('',(0.0065,0.02,0.0110645170497102));
#11374=CARTESIAN_POINT('',(0.0165,0.0470000000000295,0.0268000000000128));
#11375=CARTESIAN_POINT('',(0.00907367990801559,0.0184585163863742,0.0147010862723461));
#11376=CARTESIAN_POINT('',(0.00913305141942556,0.018557643788491,0.0144672435334966));
#11377=CARTESIAN_POINT('',(0.00918666421343996,0.0186601013997847,0.0142335407352502));
#11378=CARTESIAN_POINT('',(0.00923444503127429,0.0187659779698322,0.014));
#11379=CARTESIAN_POINT('',(0.0065,0.02,-0.004));
#11380=CARTESIAN_POINT('',(-0.0065,0.02,-0.004));
#11381=CARTESIAN_POINT('',(0.0108,0.0138,0.014002));
#11382=CARTESIAN_POINT('',(0.0108,0.0134,0.014));
#11383=CARTESIAN_POINT('',(0.0108,0.0142,0.014002));
#11384=CARTESIAN_POINT('',(0.00425,0.0124,0.014002));
#11385=CARTESIAN_POINT('',(0.0047,0.0124,0.00931));
#11386=CARTESIAN_POINT('',(-0.000299999999999989,0.0124,0.00931));
#11387=CARTESIAN_POINT('',(0.0047,0.0124,0.00931));
#11388=CARTESIAN_POINT('',(0.0047,0.0124,0.014002));
#11389=CARTESIAN_POINT('',(0.0047,0.0124,0.012));
#11390=CARTESIAN_POINT('',(0.0067,0.0124,0.012));
#11391=CARTESIAN_POINT('',(0.0098,0.0124,-0.0062));
#11392=CARTESIAN_POINT('',(-0.00181,0.0124,0.0078));
#11393=CARTESIAN_POINT('',(-0.00181,0.0124,0.0078));
#11394=CARTESIAN_POINT('',(-0.000299999999999989,0.0124,0.0078));
#11395=CARTESIAN_POINT('',(0.0098,0.0134,0.014002));
#11396=CARTESIAN_POINT('',(0.0012,0.0134,0.0098));
#11397=CARTESIAN_POINT('',(0.0047,0.0134,0.0098));
#11398=CARTESIAN_POINT('',(0.0047,0.01191,0.0098));
#11399=CARTESIAN_POINT('',(0.0047,0.01189,0.0098));
#11400=CARTESIAN_POINT('',(-0.000299999999999989,0.01191,0.0098));
#11401=CARTESIAN_POINT('',(-0.000299999999999989,0.01191,0.0098));
#11402=CARTESIAN_POINT('',(-0.00029999999999999,0.0134,0.0098));
#11403=CARTESIAN_POINT('',(-0.000299999999999989,0.01189,0.0098));
#11404=CARTESIAN_POINT('',(0.0012,0.01189,0.0098));
#11405=CARTESIAN_POINT('',(0.0047,0.0134,0.0119));
#11406=CARTESIAN_POINT('',(0.0047,0.0124,0.012));
#11407=CARTESIAN_POINT('',(0.0047,0.01191,0.00931));
#11408=CARTESIAN_POINT('',(0.0047,0.01189,0.00931));
#11409=CARTESIAN_POINT('',(-0.0510323975111632,0.0110982232407588,0.0008));
#11410=CARTESIAN_POINT('',(-0.0510641610264074,-0.0119541941423535,-0.00545));
#11411=CARTESIAN_POINT('',(-0.0430324051053896,0.011087200193739,0.0008));
#11412=CARTESIAN_POINT('',(-0.0430646419718026,-0.0123087524885457,0.0078));
#11413=CARTESIAN_POINT('',(-0.0430646419718026,-0.0123087524885457,-0.00545));
#11414=CARTESIAN_POINT('',(-0.0430668521273265,-0.0139127760743033,-0.00545));
#11415=CARTESIAN_POINT('',(0.05113675693033,0.0109574461829493,0.0008));
#11416=CARTESIAN_POINT('',(0.0511026733338835,-0.0137787735069472,-0.00545));
#11417=CARTESIAN_POINT('',(0.0431367645245565,0.0109684692299691,0.0008));
#11418=CARTESIAN_POINT('',(0.0431043843219738,-0.0125315098859066,-0.00545));
#11419=CARTESIAN_POINT('',(0.0424094617974648,0.0274415647580939,-0.00545));
#11420=CARTESIAN_POINT('',(-0.0502597016621722,0.0275692519475674,-0.00545));
#11421=CARTESIAN_POINT('',(-0.0422824058173484,0.0110861667830809,-0.00545));
#11422=CARTESIAN_POINT('',(-0.0430646419718026,-0.0123087524885457,-0.00545));
#11423=CARTESIAN_POINT('',(-0.0430646419718026,-0.0123087524885457,-0.00560561466900827));
#11424=CARTESIAN_POINT('',(-0.0429607469576123,-0.0122707451490624,-0.00591294353890054));
#11425=CARTESIAN_POINT('',(-0.0427366636765004,-0.0121051093160187,-0.00607895447289833));
#11426=CARTESIAN_POINT('',(-0.0426402572013238,-0.0119924947256512,-0.00612541874857353));
#11427=CARTESIAN_POINT('',(0.0503867576422888,0.0109584795936074,-0.00545));
#11428=CARTESIAN_POINT('',(-0.053,0.0133203387942655,-0.008));
#11429=CARTESIAN_POINT('',(0.053,0.0133203387942655,-0.008));
#11430=CARTESIAN_POINT('',(-0.0181999827231348,-0.0118470396906637,-0.006202));
#11431=CARTESIAN_POINT('',(-0.0181999827231348,-0.0118470396906637,0.0018));
#11432=CARTESIAN_POINT('',(-0.0168249827231348,-0.0118470396906637,0.0018));
#11433=CARTESIAN_POINT('',(-0.0181999827231348,-0.0118470396906637,-0.006202));
#11434=CARTESIAN_POINT('',(-0.0199531951429356,-0.0108846228313681,-0.006202));
#11435=CARTESIAN_POINT('',(0.0181999827231348,-0.0118971945546038,-0.006202));
#11436=CARTESIAN_POINT('',(0.0181999827231348,-0.0118971945546038,0.0018));
#11437=CARTESIAN_POINT('',(0.0195749827231348,-0.0118971945546038,0.0018));
#11438=CARTESIAN_POINT('',(0.0181999827231348,-0.0118971945546038,-0.006202));
#11439=CARTESIAN_POINT('',(0.0199558406748481,-0.0109396127808606,-0.006202));
#11440=CARTESIAN_POINT('',(0.0164467703033341,-0.0109347776953082,-0.006202));
#11441=CARTESIAN_POINT('',(0.0225896276024181,-0.00950324012024589,-0.006202));
#11442=CARTESIAN_POINT('',(0.0219527992913052,-0.0124348693093087,-0.006202));
#11443=CARTESIAN_POINT('',(0.013816951673633,-0.00949115240636473,-0.006202));
#11444=CARTESIAN_POINT('',(0.0160530221983105,-0.0114911495585298,-0.006202));
#11445=CARTESIAN_POINT('',(-0.0225830137726367,-0.00944099754242464,-0.006202));
#11446=CARTESIAN_POINT('',(-0.0219545429211455,-0.0123744297282483,-0.006202));
#11447=CARTESIAN_POINT('',(0.,0.0275,0.0018));
#11448=CARTESIAN_POINT('',(0.,0.0275,0.0018));
#11449=CARTESIAN_POINT('',(0.0233871165375834,-0.011569253107705,-0.006202));
#11450=CARTESIAN_POINT('',(0.0229239043975712,-0.0121089494880883,-0.006202));
#11451=CARTESIAN_POINT('',(0.0254328340073532,-0.00918575272342628,-0.006202));
#11452=CARTESIAN_POINT('',(0.0292919842709767,-0.00876730061358692,-0.006202));
#11453=CARTESIAN_POINT('',(0.0263434288104272,-0.00876730061358692,-0.006202));
#11454=CARTESIAN_POINT('',(0.0392378451900564,-0.00876730061358692,-0.0062));
#11455=CARTESIAN_POINT('',(0.0405936068487744,-0.00970831644888091,-0.006202));
#11456=CARTESIAN_POINT('',(0.040151329161801,-0.00918913158736851,0.014));
#11457=CARTESIAN_POINT('',(-0.0292936410489341,-0.00868175393648494,-0.006202));
#11458=CARTESIAN_POINT('',(-0.0392402594726112,-0.0086680486681533,0.014));
#11459=CARTESIAN_POINT('',(-0.0263458581681665,-0.00868581563400298,-0.006202));
#11460=CARTESIAN_POINT('',(-0.0249920201323734,-0.00962518106331451,-0.006202));
#11461=CARTESIAN_POINT('',(-0.0229244470815231,-0.0120460577853273,-0.0062));
#11462=CARTESIAN_POINT('',(-0.0254350149733628,-0.00910648795204476,-0.006202));
#11463=CARTESIAN_POINT('',(-0.0435518461894987,-0.0112121066704899,-0.006202));
#11464=CARTESIAN_POINT('',(-0.00192236067721676,-0.00896946358970663,0.00846));
#11465=CARTESIAN_POINT('',(-0.00192236067721677,-0.00896946358970663,0.00946));
#11466=CARTESIAN_POINT('',(-0.00192583526339056,-0.0114911495585298,0.00946));
#11467=CARTESIAN_POINT('',(-0.00192583526339056,-0.0114911495585298,0.00846));
#11468=CARTESIAN_POINT('',(0.000942636603100883,-0.0089734112184206,0.00946));
#11469=CARTESIAN_POINT('',(0.0018976356965401,-0.00897472709465859,0.00946));
#11470=CARTESIAN_POINT('',(0.00189416836285601,-0.0114911495585298,0.00946));
#11471=CARTESIAN_POINT('',(2.06271936846816E-5,-0.0114911495585298,0.00946));
#11472=CARTESIAN_POINT('',(0.0018976356965401,-0.00897472709465859,0.00846));
#11473=CARTESIAN_POINT('',(0.00189416836285601,-0.0114911495585298,0.00846));
#11474=CARTESIAN_POINT('',(0.0263434288104272,-0.00996730061358692,-0.006202));
#11475=CARTESIAN_POINT('',(0.0392378451900564,-0.00996730061358692,-0.006202));
#11476=CARTESIAN_POINT('',(-0.0392419129296642,-0.00986804752901933,-0.006202));
#11477=CARTESIAN_POINT('',(-0.0263475116252195,-0.00988581449486901,-0.006202));
#11478=CARTESIAN_POINT('',(0.0098,0.0134,0.014002));
#11479=CARTESIAN_POINT('',(0.0098,0.0142,0.014002));
#11480=CARTESIAN_POINT('',(2.06271936846816E-5,-0.0114911495585298,-0.006202));
#11481=CARTESIAN_POINT('',(-0.00402583725687685,-0.0114911495585298,-0.006202));
#11482=CARTESIAN_POINT('',(-0.00402583725687685,-0.0114911495585298,-0.00046));
#11483=CARTESIAN_POINT('',(-0.00192583526339052,-0.0114911495585298,-0.00046));
#11484=CARTESIAN_POINT('',(-0.00192583526339052,-0.0114911495585298,-0.00256));
#11485=CARTESIAN_POINT('',(-1.56694064062264E-5,-0.0114911495585298,-0.00256));
#11486=CARTESIAN_POINT('',(0.00189416836285605,-0.0114911495585298,-0.00256));
#11487=CARTESIAN_POINT('',(0.00189416836285605,-0.0114911495585298,-0.00046));
#11488=CARTESIAN_POINT('',(0.00399417035634239,-0.0114911495585298,-0.00046));
#11489=CARTESIAN_POINT('',(0.00399417035634239,-0.0114911495585298,0.000655));
#11490=CARTESIAN_POINT('',(-0.00192566759328466,-0.0113694627353547,-0.00046));
#11491=CARTESIAN_POINT('',(-0.00192566759328466,-0.0113694627353547,-0.00256));
#11492=CARTESIAN_POINT('',(-0.00192484086475817,-0.0107694633049217,-0.00256));
#11493=CARTESIAN_POINT('',(-0.00402566559980022,-0.011366569185512,-0.00046));
#11494=CARTESIAN_POINT('',(-0.00402483887127373,-0.010766569755079,-0.00046));
#11495=CARTESIAN_POINT('',(-0.00192484086475817,-0.0107694633049217,-0.00046));
#11496=CARTESIAN_POINT('',(-1.56694064062264E-5,-0.0113720944878307,-0.00256));
#11497=CARTESIAN_POINT('',(0.00189432878047221,-0.0113747262403067,-0.00256));
#11498=CARTESIAN_POINT('',(0.0018951555089987,-0.0107747268098737,-0.00256));
#11499=CARTESIAN_POINT('',(-1.48426778797415E-5,-0.0107720950573977,-0.00256));
#11500=CARTESIAN_POINT('',(0.00189432878047221,-0.0113747262403067,-0.00046));
#11501=CARTESIAN_POINT('',(0.00399432678698776,-0.0113776197901494,-0.00046));
#11502=CARTESIAN_POINT('',(0.00399515351551425,-0.0107776203597164,-0.00046));
#11503=CARTESIAN_POINT('',(0.0018951555089987,-0.0107747268098737,-0.00046));
#11504=CARTESIAN_POINT('',(0.00399432678698776,-0.0113776197901494,0.000655));
#11505=CARTESIAN_POINT('',(0.00399515351551425,-0.0107776203597164,0.000655));
#11506=CARTESIAN_POINT('',(0.00399515351551425,-0.0107776203597164,0.00177417392568986));
#11507=CARTESIAN_POINT('',(0.00399515351551425,-0.0107776203597164,0.00177417392568986));
#11508=CARTESIAN_POINT('',(-0.00402566559980022,-0.011366569185512,-0.006202));
#11509=CARTESIAN_POINT('',(-0.00402483887127373,-0.010766569755079,0.00177417392568986));
#11510=CARTESIAN_POINT('',(-0.00402483887127373,-0.010766569755079,0.00177417392568986));
#11511=CARTESIAN_POINT('',(-0.00402483887127373,-0.010766569755079,-0.006202));
#11512=CARTESIAN_POINT('',(-1.81495900237364E-5,-0.0131720913552137,0.0002));
#11513=CARTESIAN_POINT('',(0.00344515403761729,-0.0107768625252337,0.00177417392568986));
#11514=CARTESIAN_POINT('',(0.00344515403761729,-0.0107768625252337,0.00177417392568986));
#11515=CARTESIAN_POINT('',(0.00344515403761729,-0.0107768625252337,0.00177417392568986));
#11516=CARTESIAN_POINT('',(0.00344515403761729,-0.0107768625252337,0.00177417392568986));
#11517=CARTESIAN_POINT('',(-1.4842677879739E-5,-0.0107720950573977,-0.000395));
#11518=CARTESIAN_POINT('',(0.0221650753950095,-0.0114576595796211,-0.006202));
#11519=CARTESIAN_POINT('',(-0.0221640332049759,-0.0113966189996404,-0.006202));
#11520=CARTESIAN_POINT('',(-0.0209,0.000610028045739637,0.0068));
#11521=CARTESIAN_POINT('',(-0.0209,0.00433502804573964,0.0003));
#11522=CARTESIAN_POINT('',(-0.0209,-0.00436497195426036,-0.00095));
#11523=CARTESIAN_POINT('',(-0.0351,0.000610028045739637,0.0068));
#11524=CARTESIAN_POINT('',(-0.0351,-0.00436497195426036,-0.00095));
#11525=CARTESIAN_POINT('',(0.0287,0.00193431697169553,-0.0022));
#11526=CARTESIAN_POINT('',(0.0406,-0.00601568302830446,-0.0022));
#11527=CARTESIAN_POINT('',(0.0411,-0.00601568302830446,-0.0022));
#11528=CARTESIAN_POINT('',(0.0411,0.000934316971695538,-0.0022));
#11529=CARTESIAN_POINT('',(0.0287,0.00463431697169554,-0.0022));
#11530=CARTESIAN_POINT('',(0.02,0.000934316971695538,-0.0022));
#11531=CARTESIAN_POINT('',(0.0318,0.000934316971695538,-0.0022));
#11532=CARTESIAN_POINT('',(0.0318,-0.00601568302830446,-0.0022));
#11533=CARTESIAN_POINT('',(0.0323,-0.00601568302830446,-0.0022));
#11534=CARTESIAN_POINT('',(0.0328,-0.00601568302830446,-0.0022));
#11535=CARTESIAN_POINT('',(0.0328,0.000934316971695538,-0.0022));
#11536=CARTESIAN_POINT('',(0.0328,-0.00201568302830446,-0.0022));
#11537=CARTESIAN_POINT('',(0.0287,-0.00201568302830446,-0.0022));
#11538=CARTESIAN_POINT('',(0.0356,-0.00601568302830446,-0.0022));
#11539=CARTESIAN_POINT('',(0.0287,0.00588431697169554,-0.00095));
#11540=CARTESIAN_POINT('',(0.0287,-0.00201568302830446,0.000300000000000137));
#11541=CARTESIAN_POINT('',(0.0328,-0.00201568302830446,0.000300000000000137));
#11542=CARTESIAN_POINT('',(0.0328,-0.00451568302830446,0.0003));
#11543=CARTESIAN_POINT('',(0.0287,-0.00451568302830446,0.0003));
#11544=CARTESIAN_POINT('',(0.0287,-0.00451568302830446,0.00444267855356786));
#11545=CARTESIAN_POINT('',(0.0328,-0.00451568302830446,0.00444267855356786));
#11546=CARTESIAN_POINT('',(0.02,0.00750931697169554,-0.0007));
#11547=CARTESIAN_POINT('',(0.02,-0.00601568302830446,-0.0007));
#11548=CARTESIAN_POINT('',(0.0379,-0.00601568302830446,-0.0007));
#11549=CARTESIAN_POINT('',(0.040102,-0.00601568302830446,-0.0007));
#11550=CARTESIAN_POINT('',(0.0328,-0.00601568302830446,0.0188));
#11551=CARTESIAN_POINT('',(0.0318,-0.00601568302830446,0.0188));
#11552=CARTESIAN_POINT('',(0.0411,-0.00601568302830446,0.0058));
#11553=CARTESIAN_POINT('',(0.0411,-0.00601568302830446,0.0058));
#11554=CARTESIAN_POINT('',(0.0411,-0.00601568302830446,0.0188));
#11555=CARTESIAN_POINT('',(0.0411,0.000934316971695538,0.0068));
#11556=CARTESIAN_POINT('',(0.0411,0.00511002804573964,0.003));
#11557=CARTESIAN_POINT('',(0.0411,0.00511002804573964,0.0023));
#11558=CARTESIAN_POINT('',(0.0411,-0.00388997195426037,0.003));
#11559=CARTESIAN_POINT('',(0.0411,-0.00388997195426037,0.0023));
#11560=CARTESIAN_POINT('',(0.0411,0.000610028045739637,0.003));
#11561=CARTESIAN_POINT('',(0.0411,0.000610028045739637,0.0009));
#11562=CARTESIAN_POINT('',(0.0411,0.000934316971695538,0.0078));
#11563=CARTESIAN_POINT('',(0.0411,0.00588431697169554,0.0078));
#11564=CARTESIAN_POINT('',(0.0411,-0.00401568302830446,0.0078));
#11565=CARTESIAN_POINT('',(0.0411,0.00588431697169554,0.0058));
#11566=CARTESIAN_POINT('',(0.0411,-0.00401568302830446,0.0058));
#11567=CARTESIAN_POINT('',(0.0159632045517855,0.00789657132382168,0.015490652897105));
#11568=CARTESIAN_POINT('',(-0.0244178688079336,0.0741683840113337,-0.0098690487361389));
#11569=CARTESIAN_POINT('',(-0.011,0.055,-0.00373015098511788));
#11570=CARTESIAN_POINT('',(-0.00167858237797611,0.055,-0.0101449257681736));
#11571=CARTESIAN_POINT('',(-0.018,0.065,-0.008));
#11572=CARTESIAN_POINT('',(-0.011,0.055,-0.008));
#11573=CARTESIAN_POINT('',(-0.0055,0.055,-0.008));
#11574=CARTESIAN_POINT('',(-0.00029999999999999,0.0134,0.0078));
#11575=CARTESIAN_POINT('',(-0.000299999999999989,0.01191,0.0078));
#11576=CARTESIAN_POINT('',(-0.000299999999999989,0.01189,0.0078));
#11577=CARTESIAN_POINT('',(0.0067,0.0275,0.012));
#11578=CARTESIAN_POINT('',(-0.00181,0.01191,0.014002));
#11579=CARTESIAN_POINT('',(-0.00181,0.01191,0.0078));
#11580=CARTESIAN_POINT('',(-0.000299999999999989,0.01191,0.0078));
#11581=CARTESIAN_POINT('',(-0.000299999999999989,0.01191,0.00931));
#11582=CARTESIAN_POINT('',(0.0012,0.01191,0.00931));
#11583=CARTESIAN_POINT('',(-0.00181,0.01189,0.014002));
#11584=CARTESIAN_POINT('',(-0.00181,0.01189,0.0078));
#11585=CARTESIAN_POINT('',(-0.000299999999999989,0.01189,0.0078));
#11586=CARTESIAN_POINT('',(-0.000299999999999989,0.01189,0.00931));
#11587=CARTESIAN_POINT('',(0.0012,0.01189,0.00931));
#11588=CARTESIAN_POINT('',(0.0245662033440284,0.0606463463378882,-0.0065));
#11589=CARTESIAN_POINT('',(0.0245662033440284,0.0636463463378882,-0.0065));
#11590=CARTESIAN_POINT('',(0.0245662033440284,0.0636463463378882,-0.0065));
#11591=CARTESIAN_POINT('',(0.0245662033440284,0.0606463463378882,-0.0065));
#11592=CARTESIAN_POINT('',(0.0245662033440284,0.0596463463378882,-0.0065));
#11593=CARTESIAN_POINT('',(0.0245662033440284,0.0596463463378882,-0.0065));
#11594=CARTESIAN_POINT('',(0.0265662033440284,0.0636463463378882,-0.0065));
#11595=CARTESIAN_POINT('',(0.0285662033440284,0.0636463463378882,-0.0065));
#11596=CARTESIAN_POINT('',(0.0285662033440284,0.0636463463378882,-0.0065));
#11597=CARTESIAN_POINT('',(0.0265662033440284,0.0636463463378882,-0.0065));
#11598=CARTESIAN_POINT('',(0.0285662033440284,0.0606463463378882,-0.0065));
#11599=CARTESIAN_POINT('',(0.0285662033440284,0.0596463463378882,-0.0065));
#11600=CARTESIAN_POINT('',(0.0285662033440284,0.0596463463378882,-0.0065));
#11601=CARTESIAN_POINT('',(0.0285662033440284,0.0606463463378882,-0.0065));
#11602=CARTESIAN_POINT('',(0.0265662033440284,0.0596463463378882,-0.0065));
#11603=CARTESIAN_POINT('',(0.0265662033440284,0.0596463463378882,-0.0065));
#11604=CARTESIAN_POINT('',(6.93889390390723E-18,0.0305885170215877,-0.0065));
#11605=CARTESIAN_POINT('',(-0.0265662033440284,0.0596463463378882,-0.0065));
#11606=CARTESIAN_POINT('',(-0.0285662033440284,0.0596463463378882,-0.0065));
#11607=CARTESIAN_POINT('',(-0.0285662033440284,0.0596463463378882,-0.0065));
#11608=CARTESIAN_POINT('',(-0.0265662033440284,0.0596463463378882,-0.0065));
#11609=CARTESIAN_POINT('',(-0.0245662033440284,0.0596463463378882,-0.0065));
#11610=CARTESIAN_POINT('',(-0.0245662033440284,0.0596463463378882,-0.0065));
#11611=CARTESIAN_POINT('',(-0.0285662033440284,0.0626463463378882,-0.0065));
#11612=CARTESIAN_POINT('',(-0.0285662033440284,0.0636463463378882,-0.0065));
#11613=CARTESIAN_POINT('',(-0.0285662033440284,0.0636463463378882,-0.0065));
#11614=CARTESIAN_POINT('',(-0.0285662033440284,0.0626463463378882,-0.0065));
#11615=CARTESIAN_POINT('',(-0.0265662033440284,0.0636463463378882,-0.0065));
#11616=CARTESIAN_POINT('',(-0.0245662033440284,0.0636463463378882,-0.0065));
#11617=CARTESIAN_POINT('',(-0.0245662033440284,0.0636463463378882,-0.0065));
#11618=CARTESIAN_POINT('',(-0.0265662033440284,0.0636463463378882,-0.0065));
#11619=CARTESIAN_POINT('',(-0.0245662033440284,0.0626463463378882,-0.0065));
#11620=CARTESIAN_POINT('',(-0.0245662033440284,0.0626463463378882,-0.0065));
#11621=CARTESIAN_POINT('',(6.93889390390723E-18,0.0305885170215877,-0.0065));
#11622=CARTESIAN_POINT('',(0.0255,0.0409,0.000405232436277655));
#11623=CARTESIAN_POINT('',(0.0255,0.0409,0.000405232436277655));
#11624=CARTESIAN_POINT('',(0.0255,0.0409,0.00180523243627765));
#11625=CARTESIAN_POINT('',(0.0255,0.0434988364697002,0.0039));
#11626=CARTESIAN_POINT('',(0.0255,0.0471,-0.00089476756372235));
#11627=CARTESIAN_POINT('',(0.0255,0.0471,-0.00089476756372235));
#11628=CARTESIAN_POINT('',(0.0255,0.0471,0.00050523243627765));
#11629=CARTESIAN_POINT('',(0.0255,0.0434988364697002,0.0039));
#11630=CARTESIAN_POINT('',(-0.0215,0.0409,0.000405232436277655));
#11631=CARTESIAN_POINT('',(-0.0215,0.0409,0.000405232436277655));
#11632=CARTESIAN_POINT('',(-0.0215,0.0409,0.00180523243627765));
#11633=CARTESIAN_POINT('',(-0.0215,0.0434988364697002,0.0039));
#11634=CARTESIAN_POINT('',(-0.0215,0.0471,-0.00089476756372235));
#11635=CARTESIAN_POINT('',(-0.0215,0.0471,-0.00089476756372235));
#11636=CARTESIAN_POINT('',(-0.0215,0.0471,0.00050523243627765));
#11637=CARTESIAN_POINT('',(-0.0215,0.0434988364697002,0.0039));
#11638=CARTESIAN_POINT('',(1.51951272112008E-5,0.0110278856722513,0.005));
#11639=CARTESIAN_POINT('',(-0.0329,0.000610028045739637,0.0188));
#11640=CARTESIAN_POINT('',(-0.0329,-0.00436497195426036,-0.00095));
#11641=CARTESIAN_POINT('',(-0.0319,0.000610028045739637,0.0188));
#11642=CARTESIAN_POINT('',(-0.0319,-0.00436497195426036,-0.00095));
#11643=CARTESIAN_POINT('',(0.0328,0.000934316971695538,0.0188));
#11644=CARTESIAN_POINT('',(0.0318,0.000934316971695538,0.0188));
#11645=CARTESIAN_POINT('',(-0.0459,0.00433502804573964,0.0003));
#11646=CARTESIAN_POINT('',(-0.0459,0.00433502804573964,0.0003));
#11647=CARTESIAN_POINT('',(6.93889390390723E-18,0.0118343169716955,0.0068));
#11648=CARTESIAN_POINT('',(0.000821300252718847,-0.0379232725096012,0.0093));
#11649=CARTESIAN_POINT('',(0.000848016857015049,-0.0379233093219343,0.0093));
#11650=CARTESIAN_POINT('',(0.00169629942210033,-0.037924478155369,0.0093));
#11651=CARTESIAN_POINT('',(0.000848016857015049,-0.0379233093219343,0.00852812437027638));
#11652=CARTESIAN_POINT('',(0.000848016857015049,-0.0379233093219343,0.00775624874055277));
#11653=CARTESIAN_POINT('',(-5.3698916662645E-5,-0.0379220668638334,0.005));
#11654=CARTESIAN_POINT('',(0.00169390483493351,-0.03792447485591,0.00731427641585469));
#11655=CARTESIAN_POINT('',(0.00219510165387776,-0.0379251654460783,0.00731427641585469));
#11656=CARTESIAN_POINT('',(0.00269629847282202,-0.0379258560362465,0.00731427641585469));
#11657=CARTESIAN_POINT('',(0.00269629847282202,-0.0379258560362465,0.004));
#11658=CARTESIAN_POINT('',(0.00269629847282202,-0.0379258560362465,0.0083));
#11659=CARTESIAN_POINT('',(0.00169629942210033,-0.037924478155369,0.0083));
#11660=CARTESIAN_POINT('',(-0.0018036972554256,-0.0379196555722979,0.0083));
#11661=CARTESIAN_POINT('',(-0.00280369630614729,-0.0379182776914204,0.0083));
#11662=CARTESIAN_POINT('',(-0.0018036972554256,-0.0379196555722979,0.0093));
#11663=CARTESIAN_POINT('',(-0.0028036963061473,-0.0379182776914204,0.004));
#11664=CARTESIAN_POINT('',(-0.00280369630614729,-0.0379182776914204,0.00731427641585469));
#11665=CARTESIAN_POINT('',(-0.00230249948720304,-0.0379189682815886,0.00731427641585469));
#11666=CARTESIAN_POINT('',(-0.00180130266825878,-0.0379196588717568,0.00731427641585469));
#11667=CARTESIAN_POINT('',(-5.36989166626395E-5,-0.0379220668638334,0.005));
#11668=CARTESIAN_POINT('',(-0.000965505974056119,-0.0379208105011324,0.00775292686274812));
#11669=CARTESIAN_POINT('',(-0.000965505974056119,-0.0379208105011324,0.00852646343137406));
#11670=CARTESIAN_POINT('',(-0.00096550597405612,-0.0379208105011324,0.0093));
#11671=CARTESIAN_POINT('',(0.000821300252718847,-0.0379232725096012,0.0093));
#11672=CARTESIAN_POINT('',(-0.0411,0.000610028045739637,-0.008002));
#11673=CARTESIAN_POINT('',(-0.0411,0.00511002804573964,0.003));
#11674=CARTESIAN_POINT('',(-0.0411,0.00511002804573964,0.0023));
#11675=CARTESIAN_POINT('',(-0.0411,-0.00388997195426037,0.003));
#11676=CARTESIAN_POINT('',(-0.0411,-0.00388997195426037,0.0023));
#11677=CARTESIAN_POINT('',(-0.0411,0.000610028045739637,0.003));
#11678=CARTESIAN_POINT('',(-0.0411,0.000610028045739637,0.0009));
#11679=CARTESIAN_POINT('',(-0.0411,0.000610028045739637,0.0078));
#11680=CARTESIAN_POINT('',(-0.0411,-0.00436497195426036,0.0078));
#11681=CARTESIAN_POINT('',(-0.0411,0.00558502804573964,0.0078));
#11682=CARTESIAN_POINT('',(-0.0411,-0.00436497195426036,0.0058));
#11683=CARTESIAN_POINT('',(-0.0411,0.00558502804573964,0.0058));
#11684=CARTESIAN_POINT('',(-0.04205,0.000610028045739638,0.0078));
#11685=CARTESIAN_POINT('',(-0.0411,-0.00436497195426036,0.0078));
#11686=CARTESIAN_POINT('',(-0.04205,0.00558502804573964,0.0078));
#11687=CARTESIAN_POINT('',(-0.04205,-0.00436497195426036,0.0058));
#11688=CARTESIAN_POINT('',(-0.03795,0.00558502804573964,0.0058));
#11689=CARTESIAN_POINT('',(-0.031902,-0.00436497195426036,-0.00095));
#11690=CARTESIAN_POINT('',(-0.035102,-0.00436497195426036,-0.00095));
#11691=CARTESIAN_POINT('',(-0.040102,-0.00436497195426036,-0.00095));
#11692=CARTESIAN_POINT('',(-0.040102,-0.00461497195426036,-0.0007));
#11693=CARTESIAN_POINT('',(0.0315,0.000934316971695538,0.0078));
#11694=CARTESIAN_POINT('',(0.0411,0.00588431697169554,0.0078));
#11695=CARTESIAN_POINT('',(0.043,-0.00401568302830446,0.0078));
#11696=CARTESIAN_POINT('',(0.0375,0.00588431697169554,0.0058));
#11697=CARTESIAN_POINT('',(0.0315,-0.00401568302830446,0.0058));
#11698=CARTESIAN_POINT('',(0.0449,0.000610028045739637,0.003));
#11699=CARTESIAN_POINT('',(0.0449,0.000610028045739637,0.003));
#11700=CARTESIAN_POINT('',(0.0452,-0.00388997195426037,0.003));
#11701=CARTESIAN_POINT('',(0.0452,0.00511002804573964,0.003));
#11702=CARTESIAN_POINT('',(0.0452,-0.00388997195426037,0.003));
#11703=CARTESIAN_POINT('',(0.0452,0.00511002804573964,0.003));
#11704=CARTESIAN_POINT('',(0.,0.0362,-0.0047));
#11705=CARTESIAN_POINT('',(0.0363317510370914,0.0362,-0.0047));
#11706=CARTESIAN_POINT('',(0.0363317510370914,0.0312,-0.0047));
#11707=CARTESIAN_POINT('',(0.0402360950843065,0.0343234752377721,-0.0047));
#11708=CARTESIAN_POINT('',(0.0425944361430026,0.0313755489144021,-0.0047));
#11709=CARTESIAN_POINT('',(0.0454536410690418,0.027801542756853,-0.0047));
#11710=CARTESIAN_POINT('',(0.0431110346407127,0.0259274576141897,-0.0062));
#11711=CARTESIAN_POINT('',(0.0459034080487348,0.0248308032702093,-0.0047));
#11712=CARTESIAN_POINT('',(0.0479976881047514,0.024008312512224,-0.0062));
#11713=CARTESIAN_POINT('',(0.0479792773127247,0.021758387837321,-0.0047));
#11714=CARTESIAN_POINT('',(0.0479547295900225,0.0187584882707838,-0.0062));
#11715=CARTESIAN_POINT('',(0.0505833773160525,0.0202042445201003,-0.0047));
#11716=CARTESIAN_POINT('',(0.0344405412441694,0.0464422976842932,-0.0062));
#11717=CARTESIAN_POINT('',(0.,0.0362,-0.0047));
#11718=CARTESIAN_POINT('',(-0.0363317510370914,0.0347,-0.0062));
#11719=CARTESIAN_POINT('',(-0.0363317510370914,0.0312,-0.0062));
#11720=CARTESIAN_POINT('',(-0.0390647918701419,0.0333864326664405,-0.0062));
#11721=CARTESIAN_POINT('',(-0.0266914256117648,0.0488531404894119,-0.0062));
#11722=CARTESIAN_POINT('',(-0.0442853227325757,0.0268607690883982,-0.0062));
#11723=CARTESIAN_POINT('',(-0.0431140195184112,0.0259237265170666,-0.0062));
#11724=CARTESIAN_POINT('',(-0.0445093145596627,0.0253731343378093,-0.0062));
#11725=CARTESIAN_POINT('',(-0.0479975521627911,0.0239966538896662,-0.0062));
#11726=CARTESIAN_POINT('',(-0.0479715643043278,0.0202467439399191,-0.0062));
#11727=CARTESIAN_POINT('',(-0.0479611691609425,0.0187467799600203,-0.0062));
#11728=CARTESIAN_POINT('',(-0.0492754930239574,0.0194696580846784,-0.0062));
#11729=CARTESIAN_POINT('',(-0.051422811364382,0.0186780007958646,-0.0047));
#11730=CARTESIAN_POINT('',(-0.040102,0.00721002804573964,-0.0007));
#11731=CARTESIAN_POINT('',(-0.040102,-0.00598997195426036,-0.0007));
#11732=CARTESIAN_POINT('',(0.040102,-0.00526568302830446,-0.000699999999999932));
#11733=CARTESIAN_POINT('',(0.040102,0.00667037517286915,-0.0007));
#11734=CARTESIAN_POINT('',(-0.056002,0.0006,0.003));
#11735=CARTESIAN_POINT('',(0.0792,0.0006,0.003));
#11736=MECHANICAL_DESIGN_GEOMETRIC_PRESENTATION_REPRESENTATION('',(#6897),
#11737);
#11737=(
GEOMETRIC_REPRESENTATION_CONTEXT(3)
GLOBAL_UNCERTAINTY_ASSIGNED_CONTEXT((#11738))
GLOBAL_UNIT_ASSIGNED_CONTEXT((#11741,#11740,#11739))
REPRESENTATION_CONTEXT('Chassis','TOP_LEVEL_ASSEMBLY_PART')
);
#11738=UNCERTAINTY_MEASURE_WITH_UNIT(LENGTH_MEASURE(2.E-5),#11741,
'DISTANCE_ACCURACY_VALUE','Maximum Tolerance applied to model');
#11739=(
NAMED_UNIT(*)
SI_UNIT($,.STERADIAN.)
SOLID_ANGLE_UNIT()
);
#11740=(
NAMED_UNIT(*)
PLANE_ANGLE_UNIT()
SI_UNIT($,.RADIAN.)
);
#11741=(
LENGTH_UNIT()
NAMED_UNIT(*)
SI_UNIT($,.METRE.)
);
#11742=PRODUCT_DEFINITION_SHAPE('','',#11743);
#11743=PRODUCT_DEFINITION('','',#11745,#11744);
#11744=PRODUCT_DEFINITION_CONTEXT('',#11751,'design');
#11745=PRODUCT_DEFINITION_FORMATION_WITH_SPECIFIED_SOURCE('','',#11747,
 .NOT_KNOWN.);
#11746=PRODUCT_RELATED_PRODUCT_CATEGORY('','',(#11747));
#11747=PRODUCT('Chassis','Chassis','Chassis',(#11749));
#11748=PRODUCT_CATEGORY('','');
#11749=PRODUCT_CONTEXT('',#11751,'mechanical');
#11750=APPLICATION_PROTOCOL_DEFINITION('international standard',
'ap242_managed_model_based_3d_engineering',2020,#11751);
#11751=APPLICATION_CONTEXT('managed model based 3d engineering');
ENDSEC;
END-ISO-10303-21;
