ISO-10303-21;
HEADER;
/* Generated by software containing ST-Developer
 * from STEP Tools, Inc. (www.steptools.com) 
 */
/* OPTION: using custom renumber hook */

FILE_DESCRIPTION(
/* description */ ('STEP AP242 Edition 2',
'CAx-IF Rec.Pracs.---Representation and Presentation of Product Manufa
cturing Information (PMI)---4.0---2014-10-13',
'CAx-IF Rec.Pracs.---3D Tessellated Geometry---0.4---2014-09-14','2;1',
'CAx-IF Rec.Pracs.---User Defined Attributes---1.5---2016-08-15'),
/* implementation_level */ '2;1');

FILE_NAME(
/* name */ 
'(Cat-Aclysm) Antweight MK3 (Seperate Weapoon Struts) motor mounts V2 
- Left Weapon Strut',
/* time_stamp */ '2026-09-09T10:20:42Z',
/* author */ (''),
/* organization */ (''),
/* preprocessor_version */ 'ST-DEVELOPER v20',
/* originating_system */ 'ONSHAPE BY PTC INC, 1.220',
/* authorisation */ '  ');

FILE_SCHEMA (('AP242_MANAGED_MODEL_BASED_3D_ENGINEERING_MIM_LF { 1 0 10303 442 3 1 4 }'));
ENDSEC;

DATA;
#10=SHAPE_REPRESENTATION_RELATIONSHIP('','',#1502,#11);
#11=ADVANCED_BREP_SHAPE_REPRESENTATION('',(#1500),#2490);
#12=CONICAL_SURFACE('',#1567,0.008,0.982793723247329);
#13=CONICAL_SURFACE('',#1600,0.008,0.982793723247328);
#14=CONICAL_SURFACE('',#1614,0.0027,0.576375220591184);
#15=CONICAL_SURFACE('',#1615,0.0027,0.576375220591185);
#16=B_SPLINE_CURVE_WITH_KNOTS('',3,(#2240,#2241,#2242,#2243,#2244),
 .UNSPECIFIED.,.F.,.F.,(4,1,4),(4.6769097836608E-7,0.00289362677041359,
0.00578678584984881),.UNSPECIFIED.);
#17=CYLINDRICAL_SURFACE('',#1519,0.00091);
#18=CYLINDRICAL_SURFACE('',#1521,0.00091);
#19=CYLINDRICAL_SURFACE('',#1537,0.002);
#20=CYLINDRICAL_SURFACE('',#1539,0.005);
#21=CYLINDRICAL_SURFACE('',#1543,0.0205586579649686);
#22=CYLINDRICAL_SURFACE('',#1560,0.002);
#23=CYLINDRICAL_SURFACE('',#1575,0.005);
#24=CYLINDRICAL_SURFACE('',#1584,0.02);
#25=CYLINDRICAL_SURFACE('',#1586,0.002);
#26=CYLINDRICAL_SURFACE('',#1599,0.002);
#27=CYLINDRICAL_SURFACE('',#1607,0.003);
#28=CYLINDRICAL_SURFACE('',#1610,0.0014);
#29=CYLINDRICAL_SURFACE('',#1612,0.0014);
#30=CYLINDRICAL_SURFACE('',#1616,0.002);
#31=CYLINDRICAL_SURFACE('',#1619,0.002);
#32=CYLINDRICAL_SURFACE('',#1629,0.00532142857142856);
#33=CYLINDRICAL_SURFACE('',#1630,0.0085549638754256);
#34=CYLINDRICAL_SURFACE('',#1636,0.004);
#35=CYLINDRICAL_SURFACE('',#1637,0.002);
#36=CIRCLE('',#1509,0.003);
#37=CIRCLE('',#1510,0.0027);
#38=CIRCLE('',#1511,0.0027);
#39=CIRCLE('',#1512,0.00091);
#40=CIRCLE('',#1513,0.00091);
#41=CIRCLE('',#1514,0.02);
#42=CIRCLE('',#1515,0.005);
#43=CIRCLE('',#1516,0.005);
#44=CIRCLE('',#1518,0.00532142857142856);
#45=CIRCLE('',#1520,0.00091);
#46=CIRCLE('',#1522,0.00091);
#47=CIRCLE('',#1524,0.002);
#48=CIRCLE('',#1525,0.002);
#49=CIRCLE('',#1529,0.0014);
#50=CIRCLE('',#1530,0.0014);
#51=CIRCLE('',#1531,0.005);
#52=CIRCLE('',#1532,0.0205586579649686);
#53=CIRCLE('',#1540,0.005);
#54=CIRCLE('',#1544,0.0205586579649686);
#55=CIRCLE('',#1568,0.005);
#56=CIRCLE('',#1569,0.008);
#57=CIRCLE('',#1585,0.02);
#58=CIRCLE('',#1590,0.002);
#59=CIRCLE('',#1591,0.004);
#60=CIRCLE('',#1592,0.0085549638754256);
#61=CIRCLE('',#1595,0.008);
#62=CIRCLE('',#1608,0.003);
#63=CIRCLE('',#1611,0.0014);
#64=CIRCLE('',#1613,0.0014);
#65=CIRCLE('',#1617,0.002);
#66=CIRCLE('',#1620,0.002);
#67=CIRCLE('',#1623,0.002);
#68=CIRCLE('',#1624,0.00532142857142856);
#69=CIRCLE('',#1625,0.0085549638754256);
#70=CIRCLE('',#1626,0.004);
#71=ELLIPSE('',#1506,0.0106028559856785,0.0085549638754256);
#72=ELLIPSE('',#1527,0.00214408662092195,0.002);
#73=ELLIPSE('',#1535,0.00554940066591565,0.002);
#74=ELLIPSE('',#1546,0.00263066531508667,0.002);
#75=ELLIPSE('',#1549,0.00244131112314675,0.002);
#76=ELLIPSE('',#1552,0.00244131112314674,0.002);
#77=ELLIPSE('',#1554,0.00263066531508667,0.002);
#78=ELLIPSE('',#1556,0.00244131112314674,0.002);
#79=ELLIPSE('',#1559,0.00244131112314674,0.002);
#80=ELLIPSE('',#1561,0.00282842712474619,0.002);
#81=ELLIPSE('',#1562,0.00216478440058479,0.002);
#82=ELLIPSE('',#1563,0.0021097895935556,0.002);
#83=ELLIPSE('',#1572,0.00244131112314674,0.002);
#84=ELLIPSE('',#1587,0.00202376768051274,0.002);
#85=ELLIPSE('',#1588,0.00216478440058479,0.002);
#86=ORIENTED_EDGE('',*,*,#496,.F.);
#87=ORIENTED_EDGE('',*,*,#497,.F.);
#88=ORIENTED_EDGE('',*,*,#498,.F.);
#89=ORIENTED_EDGE('',*,*,#499,.T.);
#90=ORIENTED_EDGE('',*,*,#500,.T.);
#91=ORIENTED_EDGE('',*,*,#501,.T.);
#92=ORIENTED_EDGE('',*,*,#502,.T.);
#93=ORIENTED_EDGE('',*,*,#503,.T.);
#94=ORIENTED_EDGE('',*,*,#499,.F.);
#95=ORIENTED_EDGE('',*,*,#504,.T.);
#96=ORIENTED_EDGE('',*,*,#505,.T.);
#97=ORIENTED_EDGE('',*,*,#506,.T.);
#98=ORIENTED_EDGE('',*,*,#507,.F.);
#99=ORIENTED_EDGE('',*,*,#508,.T.);
#100=ORIENTED_EDGE('',*,*,#509,.F.);
#101=ORIENTED_EDGE('',*,*,#500,.F.);
#102=ORIENTED_EDGE('',*,*,#510,.T.);
#103=ORIENTED_EDGE('',*,*,#511,.T.);
#104=ORIENTED_EDGE('',*,*,#512,.F.);
#105=ORIENTED_EDGE('',*,*,#513,.T.);
#106=ORIENTED_EDGE('',*,*,#514,.T.);
#107=ORIENTED_EDGE('',*,*,#515,.F.);
#108=ORIENTED_EDGE('',*,*,#516,.F.);
#109=ORIENTED_EDGE('',*,*,#517,.F.);
#110=ORIENTED_EDGE('',*,*,#518,.T.);
#111=ORIENTED_EDGE('',*,*,#519,.T.);
#112=ORIENTED_EDGE('',*,*,#520,.F.);
#113=ORIENTED_EDGE('',*,*,#521,.T.);
#114=ORIENTED_EDGE('',*,*,#522,.T.);
#115=ORIENTED_EDGE('',*,*,#523,.T.);
#116=ORIENTED_EDGE('',*,*,#524,.T.);
#117=ORIENTED_EDGE('',*,*,#525,.T.);
#118=ORIENTED_EDGE('',*,*,#526,.F.);
#119=ORIENTED_EDGE('',*,*,#527,.F.);
#120=ORIENTED_EDGE('',*,*,#528,.T.);
#121=ORIENTED_EDGE('',*,*,#529,.T.);
#122=ORIENTED_EDGE('',*,*,#530,.T.);
#123=ORIENTED_EDGE('',*,*,#531,.T.);
#124=ORIENTED_EDGE('',*,*,#532,.F.);
#125=ORIENTED_EDGE('',*,*,#533,.F.);
#126=ORIENTED_EDGE('',*,*,#534,.F.);
#127=ORIENTED_EDGE('',*,*,#535,.F.);
#128=ORIENTED_EDGE('',*,*,#536,.F.);
#129=ORIENTED_EDGE('',*,*,#537,.F.);
#130=ORIENTED_EDGE('',*,*,#538,.T.);
#131=ORIENTED_EDGE('',*,*,#535,.T.);
#132=ORIENTED_EDGE('',*,*,#539,.F.);
#133=ORIENTED_EDGE('',*,*,#540,.F.);
#134=ORIENTED_EDGE('',*,*,#515,.T.);
#135=ORIENTED_EDGE('',*,*,#541,.T.);
#136=ORIENTED_EDGE('',*,*,#516,.T.);
#137=ORIENTED_EDGE('',*,*,#542,.T.);
#138=ORIENTED_EDGE('',*,*,#543,.F.);
#139=ORIENTED_EDGE('',*,*,#544,.T.);
#140=ORIENTED_EDGE('',*,*,#545,.T.);
#141=ORIENTED_EDGE('',*,*,#546,.F.);
#142=ORIENTED_EDGE('',*,*,#547,.T.);
#143=ORIENTED_EDGE('',*,*,#548,.T.);
#144=ORIENTED_EDGE('',*,*,#549,.T.);
#145=ORIENTED_EDGE('',*,*,#550,.T.);
#146=ORIENTED_EDGE('',*,*,#551,.T.);
#147=ORIENTED_EDGE('',*,*,#552,.T.);
#148=ORIENTED_EDGE('',*,*,#553,.F.);
#149=ORIENTED_EDGE('',*,*,#554,.F.);
#150=ORIENTED_EDGE('',*,*,#533,.T.);
#151=ORIENTED_EDGE('',*,*,#555,.T.);
#152=ORIENTED_EDGE('',*,*,#556,.T.);
#153=ORIENTED_EDGE('',*,*,#550,.F.);
#154=ORIENTED_EDGE('',*,*,#557,.T.);
#155=ORIENTED_EDGE('',*,*,#558,.F.);
#156=ORIENTED_EDGE('',*,*,#559,.T.);
#157=ORIENTED_EDGE('',*,*,#560,.T.);
#158=ORIENTED_EDGE('',*,*,#561,.F.);
#159=ORIENTED_EDGE('',*,*,#562,.F.);
#160=ORIENTED_EDGE('',*,*,#563,.T.);
#161=ORIENTED_EDGE('',*,*,#561,.T.);
#162=ORIENTED_EDGE('',*,*,#564,.T.);
#163=ORIENTED_EDGE('',*,*,#565,.F.);
#164=ORIENTED_EDGE('',*,*,#566,.T.);
#165=ORIENTED_EDGE('',*,*,#497,.T.);
#166=ORIENTED_EDGE('',*,*,#567,.T.);
#167=ORIENTED_EDGE('',*,*,#568,.F.);
#168=ORIENTED_EDGE('',*,*,#568,.T.);
#169=ORIENTED_EDGE('',*,*,#569,.T.);
#170=ORIENTED_EDGE('',*,*,#570,.T.);
#171=ORIENTED_EDGE('',*,*,#571,.T.);
#172=ORIENTED_EDGE('',*,*,#539,.T.);
#173=ORIENTED_EDGE('',*,*,#534,.T.);
#174=ORIENTED_EDGE('',*,*,#554,.T.);
#175=ORIENTED_EDGE('',*,*,#572,.F.);
#176=ORIENTED_EDGE('',*,*,#573,.F.);
#177=ORIENTED_EDGE('',*,*,#574,.F.);
#178=ORIENTED_EDGE('',*,*,#562,.T.);
#179=ORIENTED_EDGE('',*,*,#575,.T.);
#180=ORIENTED_EDGE('',*,*,#572,.T.);
#181=ORIENTED_EDGE('',*,*,#553,.T.);
#182=ORIENTED_EDGE('',*,*,#576,.F.);
#183=ORIENTED_EDGE('',*,*,#573,.T.);
#184=ORIENTED_EDGE('',*,*,#575,.F.);
#185=ORIENTED_EDGE('',*,*,#552,.F.);
#186=ORIENTED_EDGE('',*,*,#563,.F.);
#187=ORIENTED_EDGE('',*,*,#574,.T.);
#188=ORIENTED_EDGE('',*,*,#576,.T.);
#189=ORIENTED_EDGE('',*,*,#551,.F.);
#190=ORIENTED_EDGE('',*,*,#559,.F.);
#191=ORIENTED_EDGE('',*,*,#577,.F.);
#192=ORIENTED_EDGE('',*,*,#530,.F.);
#193=ORIENTED_EDGE('',*,*,#578,.F.);
#194=ORIENTED_EDGE('',*,*,#579,.T.);
#195=ORIENTED_EDGE('',*,*,#580,.F.);
#196=ORIENTED_EDGE('',*,*,#577,.T.);
#197=ORIENTED_EDGE('',*,*,#558,.T.);
#198=ORIENTED_EDGE('',*,*,#581,.F.);
#199=ORIENTED_EDGE('',*,*,#531,.F.);
#200=ORIENTED_EDGE('',*,*,#581,.T.);
#201=ORIENTED_EDGE('',*,*,#557,.F.);
#202=ORIENTED_EDGE('',*,*,#549,.F.);
#203=ORIENTED_EDGE('',*,*,#532,.T.);
#204=ORIENTED_EDGE('',*,*,#564,.F.);
#205=ORIENTED_EDGE('',*,*,#560,.F.);
#206=ORIENTED_EDGE('',*,*,#580,.T.);
#207=ORIENTED_EDGE('',*,*,#582,.F.);
#208=ORIENTED_EDGE('',*,*,#583,.F.);
#209=ORIENTED_EDGE('',*,*,#584,.F.);
#210=ORIENTED_EDGE('',*,*,#585,.T.);
#211=ORIENTED_EDGE('',*,*,#586,.F.);
#212=ORIENTED_EDGE('',*,*,#587,.T.);
#213=ORIENTED_EDGE('',*,*,#588,.F.);
#214=ORIENTED_EDGE('',*,*,#589,.T.);
#215=ORIENTED_EDGE('',*,*,#590,.T.);
#216=ORIENTED_EDGE('',*,*,#591,.F.);
#217=ORIENTED_EDGE('',*,*,#587,.F.);
#218=ORIENTED_EDGE('',*,*,#592,.F.);
#219=ORIENTED_EDGE('',*,*,#593,.T.);
#220=ORIENTED_EDGE('',*,*,#547,.F.);
#221=ORIENTED_EDGE('',*,*,#594,.T.);
#222=ORIENTED_EDGE('',*,*,#595,.T.);
#223=ORIENTED_EDGE('',*,*,#593,.F.);
#224=ORIENTED_EDGE('',*,*,#596,.F.);
#225=ORIENTED_EDGE('',*,*,#548,.F.);
#226=ORIENTED_EDGE('',*,*,#595,.F.);
#227=ORIENTED_EDGE('',*,*,#597,.F.);
#228=ORIENTED_EDGE('',*,*,#598,.T.);
#229=ORIENTED_EDGE('',*,*,#599,.F.);
#230=ORIENTED_EDGE('',*,*,#598,.F.);
#231=ORIENTED_EDGE('',*,*,#600,.T.);
#232=ORIENTED_EDGE('',*,*,#601,.F.);
#233=ORIENTED_EDGE('',*,*,#602,.F.);
#234=ORIENTED_EDGE('',*,*,#601,.T.);
#235=ORIENTED_EDGE('',*,*,#603,.F.);
#236=ORIENTED_EDGE('',*,*,#604,.F.);
#237=ORIENTED_EDGE('',*,*,#544,.F.);
#238=ORIENTED_EDGE('',*,*,#604,.T.);
#239=ORIENTED_EDGE('',*,*,#605,.T.);
#240=ORIENTED_EDGE('',*,*,#606,.F.);
#241=ORIENTED_EDGE('',*,*,#607,.F.);
#242=ORIENTED_EDGE('',*,*,#545,.F.);
#243=ORIENTED_EDGE('',*,*,#606,.T.);
#244=ORIENTED_EDGE('',*,*,#608,.F.);
#245=ORIENTED_EDGE('',*,*,#585,.F.);
#246=ORIENTED_EDGE('',*,*,#609,.F.);
#247=ORIENTED_EDGE('',*,*,#610,.T.);
#248=ORIENTED_EDGE('',*,*,#611,.F.);
#249=ORIENTED_EDGE('',*,*,#612,.F.);
#250=ORIENTED_EDGE('',*,*,#589,.F.);
#251=ORIENTED_EDGE('',*,*,#613,.T.);
#252=ORIENTED_EDGE('',*,*,#611,.T.);
#253=ORIENTED_EDGE('',*,*,#614,.F.);
#254=ORIENTED_EDGE('',*,*,#615,.T.);
#255=ORIENTED_EDGE('',*,*,#616,.T.);
#256=ORIENTED_EDGE('',*,*,#615,.F.);
#257=ORIENTED_EDGE('',*,*,#617,.F.);
#258=ORIENTED_EDGE('',*,*,#618,.F.);
#259=ORIENTED_EDGE('',*,*,#619,.T.);
#260=ORIENTED_EDGE('',*,*,#620,.F.);
#261=ORIENTED_EDGE('',*,*,#616,.F.);
#262=ORIENTED_EDGE('',*,*,#621,.F.);
#263=ORIENTED_EDGE('',*,*,#622,.T.);
#264=ORIENTED_EDGE('',*,*,#623,.F.);
#265=ORIENTED_EDGE('',*,*,#619,.F.);
#266=ORIENTED_EDGE('',*,*,#624,.F.);
#267=ORIENTED_EDGE('',*,*,#625,.T.);
#268=ORIENTED_EDGE('',*,*,#626,.F.);
#269=ORIENTED_EDGE('',*,*,#622,.F.);
#270=ORIENTED_EDGE('',*,*,#627,.F.);
#271=ORIENTED_EDGE('',*,*,#586,.T.);
#272=ORIENTED_EDGE('',*,*,#628,.F.);
#273=ORIENTED_EDGE('',*,*,#629,.F.);
#274=ORIENTED_EDGE('',*,*,#630,.F.);
#275=ORIENTED_EDGE('',*,*,#631,.F.);
#276=ORIENTED_EDGE('',*,*,#632,.F.);
#277=ORIENTED_EDGE('',*,*,#504,.F.);
#278=ORIENTED_EDGE('',*,*,#498,.T.);
#279=ORIENTED_EDGE('',*,*,#566,.F.);
#280=ORIENTED_EDGE('',*,*,#633,.F.);
#281=ORIENTED_EDGE('',*,*,#634,.T.);
#282=ORIENTED_EDGE('',*,*,#635,.T.);
#283=ORIENTED_EDGE('',*,*,#626,.T.);
#284=ORIENTED_EDGE('',*,*,#578,.T.);
#285=ORIENTED_EDGE('',*,*,#529,.F.);
#286=ORIENTED_EDGE('',*,*,#528,.F.);
#287=ORIENTED_EDGE('',*,*,#636,.F.);
#288=ORIENTED_EDGE('',*,*,#623,.T.);
#289=ORIENTED_EDGE('',*,*,#635,.F.);
#290=ORIENTED_EDGE('',*,*,#590,.F.);
#291=ORIENTED_EDGE('',*,*,#612,.T.);
#292=ORIENTED_EDGE('',*,*,#613,.F.);
#293=ORIENTED_EDGE('',*,*,#620,.T.);
#294=ORIENTED_EDGE('',*,*,#636,.T.);
#295=ORIENTED_EDGE('',*,*,#527,.T.);
#296=ORIENTED_EDGE('',*,*,#637,.T.);
#297=ORIENTED_EDGE('',*,*,#592,.T.);
#298=ORIENTED_EDGE('',*,*,#631,.T.);
#299=ORIENTED_EDGE('',*,*,#638,.T.);
#300=ORIENTED_EDGE('',*,*,#609,.T.);
#301=ORIENTED_EDGE('',*,*,#588,.T.);
#302=ORIENTED_EDGE('',*,*,#637,.F.);
#303=ORIENTED_EDGE('',*,*,#526,.T.);
#304=ORIENTED_EDGE('',*,*,#639,.T.);
#305=ORIENTED_EDGE('',*,*,#525,.F.);
#306=ORIENTED_EDGE('',*,*,#640,.F.);
#307=ORIENTED_EDGE('',*,*,#594,.F.);
#308=ORIENTED_EDGE('',*,*,#639,.F.);
#309=ORIENTED_EDGE('',*,*,#640,.T.);
#310=ORIENTED_EDGE('',*,*,#524,.F.);
#311=ORIENTED_EDGE('',*,*,#641,.T.);
#312=ORIENTED_EDGE('',*,*,#597,.T.);
#313=ORIENTED_EDGE('',*,*,#600,.F.);
#314=ORIENTED_EDGE('',*,*,#641,.F.);
#315=ORIENTED_EDGE('',*,*,#523,.F.);
#316=ORIENTED_EDGE('',*,*,#642,.F.);
#317=ORIENTED_EDGE('',*,*,#642,.T.);
#318=ORIENTED_EDGE('',*,*,#522,.F.);
#319=ORIENTED_EDGE('',*,*,#643,.T.);
#320=ORIENTED_EDGE('',*,*,#603,.T.);
#321=ORIENTED_EDGE('',*,*,#521,.F.);
#322=ORIENTED_EDGE('',*,*,#644,.F.);
#323=ORIENTED_EDGE('',*,*,#605,.F.);
#324=ORIENTED_EDGE('',*,*,#643,.F.);
#325=ORIENTED_EDGE('',*,*,#645,.T.);
#326=ORIENTED_EDGE('',*,*,#628,.T.);
#327=ORIENTED_EDGE('',*,*,#608,.T.);
#328=ORIENTED_EDGE('',*,*,#644,.T.);
#329=ORIENTED_EDGE('',*,*,#520,.T.);
#330=ORIENTED_EDGE('',*,*,#646,.F.);
#331=ORIENTED_EDGE('',*,*,#647,.F.);
#332=ORIENTED_EDGE('',*,*,#646,.T.);
#333=ORIENTED_EDGE('',*,*,#519,.F.);
#334=ORIENTED_EDGE('',*,*,#648,.F.);
#335=ORIENTED_EDGE('',*,*,#649,.F.);
#336=ORIENTED_EDGE('',*,*,#650,.F.);
#337=ORIENTED_EDGE('',*,*,#651,.F.);
#338=ORIENTED_EDGE('',*,*,#652,.F.);
#339=ORIENTED_EDGE('',*,*,#653,.F.);
#340=ORIENTED_EDGE('',*,*,#649,.T.);
#341=ORIENTED_EDGE('',*,*,#654,.T.);
#342=ORIENTED_EDGE('',*,*,#655,.T.);
#343=ORIENTED_EDGE('',*,*,#656,.T.);
#344=ORIENTED_EDGE('',*,*,#657,.T.);
#345=ORIENTED_EDGE('',*,*,#511,.F.);
#346=ORIENTED_EDGE('',*,*,#658,.T.);
#347=ORIENTED_EDGE('',*,*,#659,.T.);
#348=ORIENTED_EDGE('',*,*,#651,.T.);
#349=ORIENTED_EDGE('',*,*,#660,.F.);
#350=ORIENTED_EDGE('',*,*,#660,.T.);
#351=ORIENTED_EDGE('',*,*,#650,.T.);
#352=ORIENTED_EDGE('',*,*,#661,.T.);
#353=ORIENTED_EDGE('',*,*,#629,.T.);
#354=ORIENTED_EDGE('',*,*,#645,.F.);
#355=ORIENTED_EDGE('',*,*,#647,.T.);
#356=ORIENTED_EDGE('',*,*,#565,.T.);
#357=ORIENTED_EDGE('',*,*,#583,.T.);
#358=ORIENTED_EDGE('',*,*,#662,.T.);
#359=ORIENTED_EDGE('',*,*,#627,.T.);
#360=ORIENTED_EDGE('',*,*,#624,.T.);
#361=ORIENTED_EDGE('',*,*,#621,.T.);
#362=ORIENTED_EDGE('',*,*,#618,.T.);
#363=ORIENTED_EDGE('',*,*,#663,.T.);
#364=ORIENTED_EDGE('',*,*,#633,.T.);
#365=ORIENTED_EDGE('',*,*,#664,.T.);
#366=ORIENTED_EDGE('',*,*,#665,.F.);
#367=ORIENTED_EDGE('',*,*,#505,.F.);
#368=ORIENTED_EDGE('',*,*,#632,.T.);
#369=ORIENTED_EDGE('',*,*,#666,.F.);
#370=ORIENTED_EDGE('',*,*,#667,.F.);
#371=ORIENTED_EDGE('',*,*,#664,.F.);
#372=ORIENTED_EDGE('',*,*,#634,.F.);
#373=ORIENTED_EDGE('',*,*,#663,.F.);
#374=ORIENTED_EDGE('',*,*,#617,.T.);
#375=ORIENTED_EDGE('',*,*,#668,.T.);
#376=ORIENTED_EDGE('',*,*,#669,.F.);
#377=ORIENTED_EDGE('',*,*,#666,.T.);
#378=ORIENTED_EDGE('',*,*,#614,.T.);
#379=ORIENTED_EDGE('',*,*,#653,.T.);
#380=ORIENTED_EDGE('',*,*,#668,.F.);
#381=ORIENTED_EDGE('',*,*,#610,.F.);
#382=ORIENTED_EDGE('',*,*,#638,.F.);
#383=ORIENTED_EDGE('',*,*,#630,.T.);
#384=ORIENTED_EDGE('',*,*,#661,.F.);
#385=ORIENTED_EDGE('',*,*,#662,.F.);
#386=ORIENTED_EDGE('',*,*,#582,.T.);
#387=ORIENTED_EDGE('',*,*,#579,.F.);
#388=ORIENTED_EDGE('',*,*,#625,.F.);
#389=ORIENTED_EDGE('',*,*,#667,.T.);
#390=ORIENTED_EDGE('',*,*,#670,.F.);
#391=ORIENTED_EDGE('',*,*,#671,.F.);
#392=ORIENTED_EDGE('',*,*,#672,.F.);
#393=ORIENTED_EDGE('',*,*,#673,.F.);
#394=ORIENTED_EDGE('',*,*,#672,.T.);
#395=ORIENTED_EDGE('',*,*,#674,.T.);
#396=ORIENTED_EDGE('',*,*,#675,.F.);
#397=ORIENTED_EDGE('',*,*,#507,.T.);
#398=ORIENTED_EDGE('',*,*,#676,.T.);
#399=ORIENTED_EDGE('',*,*,#673,.T.);
#400=ORIENTED_EDGE('',*,*,#676,.F.);
#401=ORIENTED_EDGE('',*,*,#506,.F.);
#402=ORIENTED_EDGE('',*,*,#665,.T.);
#403=ORIENTED_EDGE('',*,*,#669,.T.);
#404=ORIENTED_EDGE('',*,*,#652,.T.);
#405=ORIENTED_EDGE('',*,*,#659,.F.);
#406=ORIENTED_EDGE('',*,*,#670,.T.);
#407=ORIENTED_EDGE('',*,*,#671,.T.);
#408=ORIENTED_EDGE('',*,*,#658,.F.);
#409=ORIENTED_EDGE('',*,*,#677,.F.);
#410=ORIENTED_EDGE('',*,*,#674,.F.);
#411=ORIENTED_EDGE('',*,*,#677,.T.);
#412=ORIENTED_EDGE('',*,*,#510,.F.);
#413=ORIENTED_EDGE('',*,*,#508,.F.);
#414=ORIENTED_EDGE('',*,*,#675,.T.);
#415=ORIENTED_EDGE('',*,*,#512,.T.);
#416=ORIENTED_EDGE('',*,*,#678,.F.);
#417=ORIENTED_EDGE('',*,*,#678,.T.);
#418=ORIENTED_EDGE('',*,*,#679,.T.);
#419=ORIENTED_EDGE('',*,*,#556,.F.);
#420=ORIENTED_EDGE('',*,*,#680,.T.);
#421=ORIENTED_EDGE('',*,*,#555,.F.);
#422=ORIENTED_EDGE('',*,*,#680,.F.);
#423=ORIENTED_EDGE('',*,*,#513,.F.);
#424=ORIENTED_EDGE('',*,*,#679,.F.);
#425=ORIENTED_EDGE('',*,*,#514,.F.);
#426=ORIENTED_EDGE('',*,*,#596,.T.);
#427=ORIENTED_EDGE('',*,*,#599,.T.);
#428=ORIENTED_EDGE('',*,*,#602,.T.);
#429=ORIENTED_EDGE('',*,*,#543,.T.);
#430=ORIENTED_EDGE('',*,*,#681,.F.);
#431=ORIENTED_EDGE('',*,*,#681,.T.);
#432=ORIENTED_EDGE('',*,*,#542,.F.);
#433=ORIENTED_EDGE('',*,*,#591,.T.);
#434=ORIENTED_EDGE('',*,*,#546,.T.);
#435=ORIENTED_EDGE('',*,*,#607,.T.);
#436=ORIENTED_EDGE('',*,*,#584,.T.);
#437=ORIENTED_EDGE('',*,*,#682,.F.);
#438=ORIENTED_EDGE('',*,*,#541,.F.);
#439=ORIENTED_EDGE('',*,*,#682,.T.);
#440=ORIENTED_EDGE('',*,*,#683,.F.);
#441=ORIENTED_EDGE('',*,*,#684,.T.);
#442=ORIENTED_EDGE('',*,*,#685,.T.);
#443=ORIENTED_EDGE('',*,*,#517,.T.);
#444=ORIENTED_EDGE('',*,*,#686,.F.);
#445=ORIENTED_EDGE('',*,*,#687,.T.);
#446=ORIENTED_EDGE('',*,*,#688,.T.);
#447=ORIENTED_EDGE('',*,*,#689,.F.);
#448=ORIENTED_EDGE('',*,*,#570,.F.);
#449=ORIENTED_EDGE('',*,*,#690,.T.);
#450=ORIENTED_EDGE('',*,*,#496,.T.);
#451=ORIENTED_EDGE('',*,*,#503,.F.);
#452=ORIENTED_EDGE('',*,*,#691,.F.);
#453=ORIENTED_EDGE('',*,*,#692,.T.);
#454=ORIENTED_EDGE('',*,*,#538,.F.);
#455=ORIENTED_EDGE('',*,*,#693,.F.);
#456=ORIENTED_EDGE('',*,*,#686,.T.);
#457=ORIENTED_EDGE('',*,*,#536,.T.);
#458=ORIENTED_EDGE('',*,*,#537,.T.);
#459=ORIENTED_EDGE('',*,*,#694,.F.);
#460=ORIENTED_EDGE('',*,*,#687,.F.);
#461=ORIENTED_EDGE('',*,*,#693,.T.);
#462=ORIENTED_EDGE('',*,*,#540,.T.);
#463=ORIENTED_EDGE('',*,*,#695,.F.);
#464=ORIENTED_EDGE('',*,*,#688,.F.);
#465=ORIENTED_EDGE('',*,*,#694,.T.);
#466=ORIENTED_EDGE('',*,*,#657,.F.);
#467=ORIENTED_EDGE('',*,*,#696,.T.);
#468=ORIENTED_EDGE('',*,*,#691,.T.);
#469=ORIENTED_EDGE('',*,*,#502,.F.);
#470=ORIENTED_EDGE('',*,*,#697,.T.);
#471=ORIENTED_EDGE('',*,*,#655,.F.);
#472=ORIENTED_EDGE('',*,*,#698,.T.);
#473=ORIENTED_EDGE('',*,*,#683,.T.);
#474=ORIENTED_EDGE('',*,*,#699,.T.);
#475=ORIENTED_EDGE('',*,*,#685,.F.);
#476=ORIENTED_EDGE('',*,*,#700,.T.);
#477=ORIENTED_EDGE('',*,*,#648,.T.);
#478=ORIENTED_EDGE('',*,*,#518,.F.);
#479=ORIENTED_EDGE('',*,*,#509,.T.);
#480=ORIENTED_EDGE('',*,*,#697,.F.);
#481=ORIENTED_EDGE('',*,*,#501,.F.);
#482=ORIENTED_EDGE('',*,*,#690,.F.);
#483=ORIENTED_EDGE('',*,*,#569,.F.);
#484=ORIENTED_EDGE('',*,*,#567,.F.);
#485=ORIENTED_EDGE('',*,*,#689,.T.);
#486=ORIENTED_EDGE('',*,*,#695,.T.);
#487=ORIENTED_EDGE('',*,*,#571,.F.);
#488=ORIENTED_EDGE('',*,*,#692,.F.);
#489=ORIENTED_EDGE('',*,*,#696,.F.);
#490=ORIENTED_EDGE('',*,*,#656,.F.);
#491=ORIENTED_EDGE('',*,*,#699,.F.);
#492=ORIENTED_EDGE('',*,*,#684,.F.);
#493=ORIENTED_EDGE('',*,*,#698,.F.);
#494=ORIENTED_EDGE('',*,*,#654,.F.);
#495=ORIENTED_EDGE('',*,*,#700,.F.);
#496=EDGE_CURVE('',#701,#702,#834,.T.);
#497=EDGE_CURVE('',#703,#701,#835,.T.);
#498=EDGE_CURVE('',#704,#703,#836,.T.);
#499=EDGE_CURVE('',#704,#702,#837,.T.);
#500=EDGE_CURVE('',#705,#706,#838,.T.);
#501=EDGE_CURVE('',#706,#707,#839,.T.);
#502=EDGE_CURVE('',#707,#708,#71,.T.);
#503=EDGE_CURVE('',#708,#702,#840,.T.);
#504=EDGE_CURVE('',#704,#709,#841,.T.);
#505=EDGE_CURVE('',#709,#710,#842,.T.);
#506=EDGE_CURVE('',#710,#711,#843,.T.);
#507=EDGE_CURVE('',#712,#711,#844,.T.);
#508=EDGE_CURVE('',#712,#705,#845,.T.);
#509=EDGE_CURVE('',#706,#713,#846,.T.);
#510=EDGE_CURVE('',#705,#714,#847,.T.);
#511=EDGE_CURVE('',#714,#713,#848,.T.);
#512=EDGE_CURVE('',#715,#715,#36,.T.);
#513=EDGE_CURVE('',#716,#716,#37,.F.);
#514=EDGE_CURVE('',#717,#717,#38,.F.);
#515=EDGE_CURVE('',#718,#718,#39,.T.);
#516=EDGE_CURVE('',#719,#719,#40,.T.);
#517=EDGE_CURVE('',#720,#721,#849,.T.);
#518=EDGE_CURVE('',#720,#722,#850,.T.);
#519=EDGE_CURVE('',#722,#723,#41,.F.);
#520=EDGE_CURVE('',#724,#723,#851,.T.);
#521=EDGE_CURVE('',#724,#725,#852,.T.);
#522=EDGE_CURVE('',#725,#726,#853,.T.);
#523=EDGE_CURVE('',#726,#727,#854,.F.);
#524=EDGE_CURVE('',#727,#728,#855,.T.);
#525=EDGE_CURVE('',#728,#729,#856,.T.);
#526=EDGE_CURVE('',#730,#729,#857,.T.);
#527=EDGE_CURVE('',#731,#730,#858,.T.);
#528=EDGE_CURVE('',#731,#732,#42,.F.);
#529=EDGE_CURVE('',#732,#733,#859,.F.);
#530=EDGE_CURVE('',#733,#734,#43,.F.);
#531=EDGE_CURVE('',#734,#735,#860,.T.);
#532=EDGE_CURVE('',#736,#735,#861,.T.);
#533=EDGE_CURVE('',#737,#736,#862,.T.);
#534=EDGE_CURVE('',#738,#737,#863,.T.);
#535=EDGE_CURVE('',#739,#738,#864,.T.);
#536=EDGE_CURVE('',#721,#739,#865,.T.);
#537=EDGE_CURVE('',#740,#741,#866,.T.);
#538=EDGE_CURVE('',#740,#739,#867,.T.);
#539=EDGE_CURVE('',#742,#738,#868,.T.);
#540=EDGE_CURVE('',#741,#742,#44,.T.);
#541=EDGE_CURVE('',#743,#743,#45,.T.);
#542=EDGE_CURVE('',#744,#744,#46,.T.);
#543=EDGE_CURVE('',#745,#746,#47,.T.);
#544=EDGE_CURVE('',#745,#747,#869,.T.);
#545=EDGE_CURVE('',#747,#748,#870,.T.);
#546=EDGE_CURVE('',#749,#748,#48,.T.);
#547=EDGE_CURVE('',#749,#750,#871,.T.);
#548=EDGE_CURVE('',#750,#746,#872,.T.);
#549=EDGE_CURVE('',#736,#751,#873,.T.);
#550=EDGE_CURVE('',#751,#752,#874,.T.);
#551=EDGE_CURVE('',#752,#753,#875,.T.);
#552=EDGE_CURVE('',#753,#754,#72,.T.);
#553=EDGE_CURVE('',#755,#754,#876,.T.);
#554=EDGE_CURVE('',#737,#755,#877,.T.);
#555=EDGE_CURVE('',#756,#756,#49,.T.);
#556=EDGE_CURVE('',#757,#757,#50,.T.);
#557=EDGE_CURVE('',#751,#758,#878,.T.);
#558=EDGE_CURVE('',#759,#758,#879,.T.);
#559=EDGE_CURVE('',#759,#760,#51,.F.);
#560=EDGE_CURVE('',#760,#761,#52,.F.);
#561=EDGE_CURVE('',#762,#761,#880,.T.);
#562=EDGE_CURVE('',#763,#762,#881,.T.);
#563=EDGE_CURVE('',#763,#752,#882,.T.);
#564=EDGE_CURVE('',#761,#764,#883,.T.);
#565=EDGE_CURVE('',#765,#764,#884,.T.);
#566=EDGE_CURVE('',#765,#703,#885,.T.);
#567=EDGE_CURVE('',#701,#766,#886,.T.);
#568=EDGE_CURVE('',#762,#766,#887,.T.);
#569=EDGE_CURVE('',#766,#767,#888,.T.);
#570=EDGE_CURVE('',#767,#768,#889,.T.);
#571=EDGE_CURVE('',#768,#742,#890,.T.);
#572=EDGE_CURVE('',#769,#755,#891,.T.);
#573=EDGE_CURVE('',#770,#769,#73,.F.);
#574=EDGE_CURVE('',#763,#770,#892,.T.);
#575=EDGE_CURVE('',#754,#769,#893,.T.);
#576=EDGE_CURVE('',#770,#753,#894,.F.);
#577=EDGE_CURVE('',#734,#759,#895,.F.);
#578=EDGE_CURVE('',#771,#733,#896,.F.);
#579=EDGE_CURVE('',#771,#772,#53,.T.);
#580=EDGE_CURVE('',#760,#772,#897,.T.);
#581=EDGE_CURVE('',#735,#758,#898,.T.);
#582=EDGE_CURVE('',#773,#772,#16,.T.);
#583=EDGE_CURVE('',#764,#773,#54,.T.);
#584=EDGE_CURVE('',#774,#775,#74,.T.);
#585=EDGE_CURVE('',#774,#776,#899,.F.);
#586=EDGE_CURVE('',#777,#776,#900,.T.);
#587=EDGE_CURVE('',#777,#775,#901,.F.);
#588=EDGE_CURVE('',#778,#779,#902,.T.);
#589=EDGE_CURVE('',#778,#780,#903,.T.);
#590=EDGE_CURVE('',#780,#779,#904,.T.);
#591=EDGE_CURVE('',#775,#749,#75,.F.);
#592=EDGE_CURVE('',#781,#777,#905,.T.);
#593=EDGE_CURVE('',#781,#750,#906,.T.);
#594=EDGE_CURVE('',#781,#782,#907,.T.);
#595=EDGE_CURVE('',#782,#750,#908,.T.);
#596=EDGE_CURVE('',#746,#783,#76,.T.);
#597=EDGE_CURVE('',#784,#782,#909,.T.);
#598=EDGE_CURVE('',#784,#783,#910,.F.);
#599=EDGE_CURVE('',#783,#785,#77,.T.);
#600=EDGE_CURVE('',#784,#786,#911,.F.);
#601=EDGE_CURVE('',#785,#786,#912,.F.);
#602=EDGE_CURVE('',#785,#745,#78,.T.);
#603=EDGE_CURVE('',#787,#786,#913,.T.);
#604=EDGE_CURVE('',#747,#787,#914,.T.);
#605=EDGE_CURVE('',#787,#788,#915,.T.);
#606=EDGE_CURVE('',#747,#788,#916,.T.);
#607=EDGE_CURVE('',#748,#774,#79,.F.);
#608=EDGE_CURVE('',#776,#788,#917,.T.);
#609=EDGE_CURVE('',#789,#778,#80,.F.);
#610=EDGE_CURVE('',#789,#790,#81,.T.);
#611=EDGE_CURVE('',#791,#790,#918,.F.);
#612=EDGE_CURVE('',#780,#791,#82,.T.);
#613=EDGE_CURVE('',#792,#791,#919,.T.);
#614=EDGE_CURVE('',#793,#790,#920,.T.);
#615=EDGE_CURVE('',#793,#792,#921,.T.);
#616=EDGE_CURVE('',#794,#792,#922,.T.);
#617=EDGE_CURVE('',#795,#793,#923,.T.);
#618=EDGE_CURVE('',#794,#795,#924,.T.);
#619=EDGE_CURVE('',#796,#797,#925,.T.);
#620=EDGE_CURVE('',#792,#797,#926,.T.);
#621=EDGE_CURVE('',#796,#794,#927,.T.);
#622=EDGE_CURVE('',#798,#799,#928,.T.);
#623=EDGE_CURVE('',#797,#799,#55,.T.);
#624=EDGE_CURVE('',#798,#796,#56,.F.);
#625=EDGE_CURVE('',#800,#771,#929,.T.);
#626=EDGE_CURVE('',#799,#771,#930,.F.);
#627=EDGE_CURVE('',#800,#798,#931,.T.);
#628=EDGE_CURVE('',#801,#776,#932,.T.);
#629=EDGE_CURVE('',#802,#801,#933,.F.);
#630=EDGE_CURVE('',#803,#802,#83,.T.);
#631=EDGE_CURVE('',#777,#803,#934,.T.);
#632=EDGE_CURVE('',#709,#804,#935,.T.);
#633=EDGE_CURVE('',#805,#765,#936,.T.);
#634=EDGE_CURVE('',#805,#804,#937,.T.);
#635=EDGE_CURVE('',#732,#799,#938,.F.);
#636=EDGE_CURVE('',#797,#731,#939,.F.);
#637=EDGE_CURVE('',#730,#779,#940,.T.);
#638=EDGE_CURVE('',#803,#789,#941,.F.);
#639=EDGE_CURVE('',#729,#781,#942,.T.);
#640=EDGE_CURVE('',#782,#728,#943,.T.);
#641=EDGE_CURVE('',#727,#784,#944,.T.);
#642=EDGE_CURVE('',#786,#726,#945,.T.);
#643=EDGE_CURVE('',#725,#787,#946,.T.);
#644=EDGE_CURVE('',#788,#724,#947,.T.);
#645=EDGE_CURVE('',#806,#801,#948,.T.);
#646=EDGE_CURVE('',#806,#723,#949,.T.);
#647=EDGE_CURVE('',#806,#807,#57,.F.);
#648=EDGE_CURVE('',#808,#722,#950,.F.);
#649=EDGE_CURVE('',#807,#808,#951,.F.);
#650=EDGE_CURVE('',#809,#810,#952,.F.);
#651=EDGE_CURVE('',#811,#809,#84,.T.);
#652=EDGE_CURVE('',#812,#811,#953,.T.);
#653=EDGE_CURVE('',#810,#812,#85,.T.);
#654=EDGE_CURVE('',#808,#813,#58,.T.);
#655=EDGE_CURVE('',#813,#814,#954,.T.);
#656=EDGE_CURVE('',#814,#815,#59,.F.);
#657=EDGE_CURVE('',#815,#713,#60,.T.);
#658=EDGE_CURVE('',#714,#816,#955,.T.);
#659=EDGE_CURVE('',#816,#811,#956,.T.);
#660=EDGE_CURVE('',#807,#809,#957,.T.);
#661=EDGE_CURVE('',#810,#802,#958,.F.);
#662=EDGE_CURVE('',#773,#800,#61,.F.);
#663=EDGE_CURVE('',#795,#805,#959,.T.);
#664=EDGE_CURVE('',#804,#817,#960,.T.);
#665=EDGE_CURVE('',#710,#817,#961,.T.);
#666=EDGE_CURVE('',#818,#793,#962,.T.);
#667=EDGE_CURVE('',#817,#818,#963,.T.);
#668=EDGE_CURVE('',#790,#812,#964,.T.);
#669=EDGE_CURVE('',#818,#812,#965,.T.);
#670=EDGE_CURVE('',#816,#818,#966,.T.);
#671=EDGE_CURVE('',#819,#816,#967,.F.);
#672=EDGE_CURVE('',#820,#819,#968,.T.);
#673=EDGE_CURVE('',#817,#820,#969,.T.);
#674=EDGE_CURVE('',#819,#821,#970,.T.);
#675=EDGE_CURVE('',#712,#821,#971,.T.);
#676=EDGE_CURVE('',#711,#820,#972,.T.);
#677=EDGE_CURVE('',#821,#714,#973,.T.);
#678=EDGE_CURVE('',#822,#822,#62,.T.);
#679=EDGE_CURVE('',#823,#823,#63,.T.);
#680=EDGE_CURVE('',#824,#824,#64,.T.);
#681=EDGE_CURVE('',#825,#825,#65,.T.);
#682=EDGE_CURVE('',#826,#826,#66,.T.);
#683=EDGE_CURVE('',#827,#828,#974,.T.);
#684=EDGE_CURVE('',#827,#829,#67,.T.);
#685=EDGE_CURVE('',#829,#720,#975,.F.);
#686=EDGE_CURVE('',#830,#721,#976,.T.);
#687=EDGE_CURVE('',#830,#831,#977,.T.);
#688=EDGE_CURVE('',#831,#832,#68,.T.);
#689=EDGE_CURVE('',#768,#832,#978,.T.);
#690=EDGE_CURVE('',#767,#701,#979,.T.);
#691=EDGE_CURVE('',#833,#708,#69,.T.);
#692=EDGE_CURVE('',#833,#828,#70,.F.);
#693=EDGE_CURVE('',#830,#740,#980,.T.);
#694=EDGE_CURVE('',#831,#741,#981,.T.);
#695=EDGE_CURVE('',#832,#742,#982,.T.);
#696=EDGE_CURVE('',#815,#833,#983,.F.);
#697=EDGE_CURVE('',#707,#713,#984,.T.);
#698=EDGE_CURVE('',#813,#827,#985,.F.);
#699=EDGE_CURVE('',#828,#814,#986,.T.);
#700=EDGE_CURVE('',#829,#808,#987,.T.);
#701=VERTEX_POINT('',#2065);
#702=VERTEX_POINT('',#2066);
#703=VERTEX_POINT('',#2068);
#704=VERTEX_POINT('',#2070);
#705=VERTEX_POINT('',#2074);
#706=VERTEX_POINT('',#2075);
#707=VERTEX_POINT('',#2077);
#708=VERTEX_POINT('',#2079);
#709=VERTEX_POINT('',#2082);
#710=VERTEX_POINT('',#2084);
#711=VERTEX_POINT('',#2086);
#712=VERTEX_POINT('',#2088);
#713=VERTEX_POINT('',#2092);
#714=VERTEX_POINT('',#2094);
#715=VERTEX_POINT('',#2098);
#716=VERTEX_POINT('',#2100);
#717=VERTEX_POINT('',#2102);
#718=VERTEX_POINT('',#2104);
#719=VERTEX_POINT('',#2106);
#720=VERTEX_POINT('',#2108);
#721=VERTEX_POINT('',#2109);
#722=VERTEX_POINT('',#2111);
#723=VERTEX_POINT('',#2113);
#724=VERTEX_POINT('',#2115);
#725=VERTEX_POINT('',#2117);
#726=VERTEX_POINT('',#2119);
#727=VERTEX_POINT('',#2121);
#728=VERTEX_POINT('',#2123);
#729=VERTEX_POINT('',#2125);
#730=VERTEX_POINT('',#2127);
#731=VERTEX_POINT('',#2129);
#732=VERTEX_POINT('',#2131);
#733=VERTEX_POINT('',#2133);
#734=VERTEX_POINT('',#2135);
#735=VERTEX_POINT('',#2137);
#736=VERTEX_POINT('',#2139);
#737=VERTEX_POINT('',#2141);
#738=VERTEX_POINT('',#2143);
#739=VERTEX_POINT('',#2145);
#740=VERTEX_POINT('',#2149);
#741=VERTEX_POINT('',#2150);
#742=VERTEX_POINT('',#2153);
#743=VERTEX_POINT('',#2157);
#744=VERTEX_POINT('',#2160);
#745=VERTEX_POINT('',#2163);
#746=VERTEX_POINT('',#2164);
#747=VERTEX_POINT('',#2166);
#748=VERTEX_POINT('',#2168);
#749=VERTEX_POINT('',#2170);
#750=VERTEX_POINT('',#2172);
#751=VERTEX_POINT('',#2176);
#752=VERTEX_POINT('',#2178);
#753=VERTEX_POINT('',#2180);
#754=VERTEX_POINT('',#2182);
#755=VERTEX_POINT('',#2184);
#756=VERTEX_POINT('',#2188);
#757=VERTEX_POINT('',#2190);
#758=VERTEX_POINT('',#2192);
#759=VERTEX_POINT('',#2194);
#760=VERTEX_POINT('',#2196);
#761=VERTEX_POINT('',#2198);
#762=VERTEX_POINT('',#2200);
#763=VERTEX_POINT('',#2202);
#764=VERTEX_POINT('',#2206);
#765=VERTEX_POINT('',#2208);
#766=VERTEX_POINT('',#2211);
#767=VERTEX_POINT('',#2215);
#768=VERTEX_POINT('',#2217);
#769=VERTEX_POINT('',#2220);
#770=VERTEX_POINT('',#2222);
#771=VERTEX_POINT('',#2232);
#772=VERTEX_POINT('',#2234);
#773=VERTEX_POINT('',#2245);
#774=VERTEX_POINT('',#2249);
#775=VERTEX_POINT('',#2250);
#776=VERTEX_POINT('',#2252);
#777=VERTEX_POINT('',#2254);
#778=VERTEX_POINT('',#2258);
#779=VERTEX_POINT('',#2259);
#780=VERTEX_POINT('',#2261);
#781=VERTEX_POINT('',#2266);
#782=VERTEX_POINT('',#2270);
#783=VERTEX_POINT('',#2274);
#784=VERTEX_POINT('',#2276);
#785=VERTEX_POINT('',#2280);
#786=VERTEX_POINT('',#2282);
#787=VERTEX_POINT('',#2287);
#788=VERTEX_POINT('',#2291);
#789=VERTEX_POINT('',#2298);
#790=VERTEX_POINT('',#2300);
#791=VERTEX_POINT('',#2302);
#792=VERTEX_POINT('',#2306);
#793=VERTEX_POINT('',#2308);
#794=VERTEX_POINT('',#2312);
#795=VERTEX_POINT('',#2314);
#796=VERTEX_POINT('',#2318);
#797=VERTEX_POINT('',#2319);
#798=VERTEX_POINT('',#2324);
#799=VERTEX_POINT('',#2325);
#800=VERTEX_POINT('',#2330);
#801=VERTEX_POINT('',#2335);
#802=VERTEX_POINT('',#2337);
#803=VERTEX_POINT('',#2339);
#804=VERTEX_POINT('',#2343);
#805=VERTEX_POINT('',#2345);
#806=VERTEX_POINT('',#2368);
#807=VERTEX_POINT('',#2372);
#808=VERTEX_POINT('',#2374);
#809=VERTEX_POINT('',#2378);
#810=VERTEX_POINT('',#2379);
#811=VERTEX_POINT('',#2381);
#812=VERTEX_POINT('',#2383);
#813=VERTEX_POINT('',#2387);
#814=VERTEX_POINT('',#2389);
#815=VERTEX_POINT('',#2391);
#816=VERTEX_POINT('',#2394);
#817=VERTEX_POINT('',#2404);
#818=VERTEX_POINT('',#2408);
#819=VERTEX_POINT('',#2418);
#820=VERTEX_POINT('',#2420);
#821=VERTEX_POINT('',#2424);
#822=VERTEX_POINT('',#2434);
#823=VERTEX_POINT('',#2438);
#824=VERTEX_POINT('',#2441);
#825=VERTEX_POINT('',#2446);
#826=VERTEX_POINT('',#2450);
#827=VERTEX_POINT('',#2454);
#828=VERTEX_POINT('',#2455);
#829=VERTEX_POINT('',#2457);
#830=VERTEX_POINT('',#2460);
#831=VERTEX_POINT('',#2462);
#832=VERTEX_POINT('',#2464);
#833=VERTEX_POINT('',#2468);
#834=LINE('',#2064,#988);
#835=LINE('',#2067,#989);
#836=LINE('',#2069,#990);
#837=LINE('',#2071,#991);
#838=LINE('',#2073,#992);
#839=LINE('',#2076,#993);
#840=LINE('',#2080,#994);
#841=LINE('',#2081,#995);
#842=LINE('',#2083,#996);
#843=LINE('',#2085,#997);
#844=LINE('',#2087,#998);
#845=LINE('',#2089,#999);
#846=LINE('',#2091,#1000);
#847=LINE('',#2093,#1001);
#848=LINE('',#2095,#1002);
#849=LINE('',#2107,#1003);
#850=LINE('',#2110,#1004);
#851=LINE('',#2114,#1005);
#852=LINE('',#2116,#1006);
#853=LINE('',#2118,#1007);
#854=LINE('',#2120,#1008);
#855=LINE('',#2122,#1009);
#856=LINE('',#2124,#1010);
#857=LINE('',#2126,#1011);
#858=LINE('',#2128,#1012);
#859=LINE('',#2132,#1013);
#860=LINE('',#2136,#1014);
#861=LINE('',#2138,#1015);
#862=LINE('',#2140,#1016);
#863=LINE('',#2142,#1017);
#864=LINE('',#2144,#1018);
#865=LINE('',#2146,#1019);
#866=LINE('',#2148,#1020);
#867=LINE('',#2151,#1021);
#868=LINE('',#2152,#1022);
#869=LINE('',#2165,#1023);
#870=LINE('',#2167,#1024);
#871=LINE('',#2171,#1025);
#872=LINE('',#2173,#1026);
#873=LINE('',#2175,#1027);
#874=LINE('',#2177,#1028);
#875=LINE('',#2179,#1029);
#876=LINE('',#2183,#1030);
#877=LINE('',#2185,#1031);
#878=LINE('',#2191,#1032);
#879=LINE('',#2193,#1033);
#880=LINE('',#2199,#1034);
#881=LINE('',#2201,#1035);
#882=LINE('',#2203,#1036);
#883=LINE('',#2205,#1037);
#884=LINE('',#2207,#1038);
#885=LINE('',#2209,#1039);
#886=LINE('',#2210,#1040);
#887=LINE('',#2212,#1041);
#888=LINE('',#2214,#1042);
#889=LINE('',#2216,#1043);
#890=LINE('',#2218,#1044);
#891=LINE('',#2219,#1045);
#892=LINE('',#2223,#1046);
#893=LINE('',#2225,#1047);
#894=LINE('',#2227,#1048);
#895=LINE('',#2230,#1049);
#896=LINE('',#2231,#1050);
#897=LINE('',#2235,#1051);
#898=LINE('',#2237,#1052);
#899=LINE('',#2251,#1053);
#900=LINE('',#2253,#1054);
#901=LINE('',#2255,#1055);
#902=LINE('',#2257,#1056);
#903=LINE('',#2260,#1057);
#904=LINE('',#2262,#1058);
#905=LINE('',#2265,#1059);
#906=LINE('',#2267,#1060);
#907=LINE('',#2269,#1061);
#908=LINE('',#2271,#1062);
#909=LINE('',#2275,#1063);
#910=LINE('',#2277,#1064);
#911=LINE('',#2281,#1065);
#912=LINE('',#2283,#1066);
#913=LINE('',#2286,#1067);
#914=LINE('',#2288,#1068);
#915=LINE('',#2290,#1069);
#916=LINE('',#2292,#1070);
#917=LINE('',#2295,#1071);
#918=LINE('',#2301,#1072);
#919=LINE('',#2305,#1073);
#920=LINE('',#2307,#1074);
#921=LINE('',#2309,#1075);
#922=LINE('',#2311,#1076);
#923=LINE('',#2313,#1077);
#924=LINE('',#2315,#1078);
#925=LINE('',#2317,#1079);
#926=LINE('',#2320,#1080);
#927=LINE('',#2321,#1081);
#928=LINE('',#2323,#1082);
#929=LINE('',#2329,#1083);
#930=LINE('',#2331,#1084);
#931=LINE('',#2332,#1085);
#932=LINE('',#2334,#1086);
#933=LINE('',#2336,#1087);
#934=LINE('',#2340,#1088);
#935=LINE('',#2342,#1089);
#936=LINE('',#2344,#1090);
#937=LINE('',#2346,#1091);
#938=LINE('',#2348,#1092);
#939=LINE('',#2350,#1093);
#940=LINE('',#2352,#1094);
#941=LINE('',#2354,#1095);
#942=LINE('',#2355,#1096);
#943=LINE('',#2357,#1097);
#944=LINE('',#2359,#1098);
#945=LINE('',#2361,#1099);
#946=LINE('',#2363,#1100);
#947=LINE('',#2365,#1101);
#948=LINE('',#2367,#1102);
#949=LINE('',#2369,#1103);
#950=LINE('',#2373,#1104);
#951=LINE('',#2375,#1105);
#952=LINE('',#2377,#1106);
#953=LINE('',#2382,#1107);
#954=LINE('',#2388,#1108);
#955=LINE('',#2393,#1109);
#956=LINE('',#2395,#1110);
#957=LINE('',#2396,#1111);
#958=LINE('',#2398,#1112);
#959=LINE('',#2401,#1113);
#960=LINE('',#2403,#1114);
#961=LINE('',#2405,#1115);
#962=LINE('',#2407,#1116);
#963=LINE('',#2409,#1117);
#964=LINE('',#2411,#1118);
#965=LINE('',#2412,#1119);
#966=LINE('',#2416,#1120);
#967=LINE('',#2417,#1121);
#968=LINE('',#2419,#1122);
#969=LINE('',#2421,#1123);
#970=LINE('',#2423,#1124);
#971=LINE('',#2425,#1125);
#972=LINE('',#2426,#1126);
#973=LINE('',#2430,#1127);
#974=LINE('',#2453,#1128);
#975=LINE('',#2458,#1129);
#976=LINE('',#2459,#1130);
#977=LINE('',#2461,#1131);
#978=LINE('',#2465,#1132);
#979=LINE('',#2466,#1133);
#980=LINE('',#2471,#1134);
#981=LINE('',#2473,#1135);
#982=LINE('',#2475,#1136);
#983=LINE('',#2477,#1137);
#984=LINE('',#2478,#1138);
#985=LINE('',#2480,#1139);
#986=LINE('',#2481,#1140);
#987=LINE('',#2483,#1141);
#988=VECTOR('',#1642,1.);
#989=VECTOR('',#1643,1.);
#990=VECTOR('',#1644,1.);
#991=VECTOR('',#1645,1.);
#992=VECTOR('',#1648,1.);
#993=VECTOR('',#1649,1.);
#994=VECTOR('',#1652,1.);
#995=VECTOR('',#1653,1.);
#996=VECTOR('',#1654,1.);
#997=VECTOR('',#1655,1.);
#998=VECTOR('',#1656,1.);
#999=VECTOR('',#1657,1.);
#1000=VECTOR('',#1660,1.);
#1001=VECTOR('',#1661,1.);
#1002=VECTOR('',#1662,1.);
#1003=VECTOR('',#1675,1.);
#1004=VECTOR('',#1676,1.);
#1005=VECTOR('',#1679,1.);
#1006=VECTOR('',#1680,1.);
#1007=VECTOR('',#1681,1.);
#1008=VECTOR('',#1682,1.);
#1009=VECTOR('',#1683,1.);
#1010=VECTOR('',#1684,1.);
#1011=VECTOR('',#1685,1.);
#1012=VECTOR('',#1686,1.);
#1013=VECTOR('',#1689,1.);
#1014=VECTOR('',#1692,1.);
#1015=VECTOR('',#1693,1.);
#1016=VECTOR('',#1694,1.);
#1017=VECTOR('',#1695,1.);
#1018=VECTOR('',#1696,1.);
#1019=VECTOR('',#1697,1.);
#1020=VECTOR('',#1700,1.);
#1021=VECTOR('',#1701,1.);
#1022=VECTOR('',#1702,1.);
#1023=VECTOR('',#1717,1.);
#1024=VECTOR('',#1718,1.);
#1025=VECTOR('',#1721,1.);
#1026=VECTOR('',#1722,1.);
#1027=VECTOR('',#1725,1.);
#1028=VECTOR('',#1726,1.);
#1029=VECTOR('',#1727,1.);
#1030=VECTOR('',#1730,1.);
#1031=VECTOR('',#1731,1.);
#1032=VECTOR('',#1738,1.);
#1033=VECTOR('',#1739,1.);
#1034=VECTOR('',#1744,1.);
#1035=VECTOR('',#1745,1.);
#1036=VECTOR('',#1746,1.);
#1037=VECTOR('',#1749,1.);
#1038=VECTOR('',#1750,1.);
#1039=VECTOR('',#1751,1.);
#1040=VECTOR('',#1752,1.);
#1041=VECTOR('',#1753,1.);
#1042=VECTOR('',#1756,1.);
#1043=VECTOR('',#1757,1.);
#1044=VECTOR('',#1758,1.);
#1045=VECTOR('',#1759,1.);
#1046=VECTOR('',#1762,1.);
#1047=VECTOR('',#1765,1.);
#1048=VECTOR('',#1768,1.);
#1049=VECTOR('',#1773,1.);
#1050=VECTOR('',#1774,1.);
#1051=VECTOR('',#1777,1.);
#1052=VECTOR('',#1780,1.);
#1053=VECTOR('',#1791,1.);
#1054=VECTOR('',#1792,1.);
#1055=VECTOR('',#1793,1.);
#1056=VECTOR('',#1796,1.);
#1057=VECTOR('',#1797,1.);
#1058=VECTOR('',#1798,1.);
#1059=VECTOR('',#1803,1.);
#1060=VECTOR('',#1804,1.);
#1061=VECTOR('',#1807,1.);
#1062=VECTOR('',#1808,1.);
#1063=VECTOR('',#1813,1.);
#1064=VECTOR('',#1814,1.);
#1065=VECTOR('',#1819,1.);
#1066=VECTOR('',#1820,1.);
#1067=VECTOR('',#1825,1.);
#1068=VECTOR('',#1826,1.);
#1069=VECTOR('',#1829,1.);
#1070=VECTOR('',#1830,1.);
#1071=VECTOR('',#1835,1.);
#1072=VECTOR('',#1842,1.);
#1073=VECTOR('',#1847,1.);
#1074=VECTOR('',#1848,1.);
#1075=VECTOR('',#1849,1.);
#1076=VECTOR('',#1852,1.);
#1077=VECTOR('',#1853,1.);
#1078=VECTOR('',#1854,1.);
#1079=VECTOR('',#1857,1.);
#1080=VECTOR('',#1858,1.);
#1081=VECTOR('',#1859,1.);
#1082=VECTOR('',#1862,1.);
#1083=VECTOR('',#1869,1.);
#1084=VECTOR('',#1870,1.);
#1085=VECTOR('',#1871,1.);
#1086=VECTOR('',#1874,1.);
#1087=VECTOR('',#1875,1.);
#1088=VECTOR('',#1878,1.);
#1089=VECTOR('',#1881,1.);
#1090=VECTOR('',#1882,1.);
#1091=VECTOR('',#1883,1.);
#1092=VECTOR('',#1886,1.);
#1093=VECTOR('',#1889,1.);
#1094=VECTOR('',#1892,1.);
#1095=VECTOR('',#1895,1.);
#1096=VECTOR('',#1896,1.);
#1097=VECTOR('',#1899,1.);
#1098=VECTOR('',#1902,1.);
#1099=VECTOR('',#1905,1.);
#1100=VECTOR('',#1908,1.);
#1101=VECTOR('',#1911,1.);
#1102=VECTOR('',#1914,1.);
#1103=VECTOR('',#1915,1.);
#1104=VECTOR('',#1920,1.);
#1105=VECTOR('',#1921,1.);
#1106=VECTOR('',#1924,1.);
#1107=VECTOR('',#1927,1.);
#1108=VECTOR('',#1934,1.);
#1109=VECTOR('',#1939,1.);
#1110=VECTOR('',#1940,1.);
#1111=VECTOR('',#1941,1.);
#1112=VECTOR('',#1944,1.);
#1113=VECTOR('',#1949,1.);
#1114=VECTOR('',#1952,1.);
#1115=VECTOR('',#1953,1.);
#1116=VECTOR('',#1956,1.);
#1117=VECTOR('',#1957,1.);
#1118=VECTOR('',#1960,1.);
#1119=VECTOR('',#1961,1.);
#1120=VECTOR('',#1968,1.);
#1121=VECTOR('',#1969,1.);
#1122=VECTOR('',#1970,1.);
#1123=VECTOR('',#1971,1.);
#1124=VECTOR('',#1974,1.);
#1125=VECTOR('',#1975,1.);
#1126=VECTOR('',#1976,1.);
#1127=VECTOR('',#1983,1.);
#1128=VECTOR('',#2018,1.);
#1129=VECTOR('',#2021,1.);
#1130=VECTOR('',#2022,1.);
#1131=VECTOR('',#2023,1.);
#1132=VECTOR('',#2026,1.);
#1133=VECTOR('',#2027,1.);
#1134=VECTOR('',#2034,1.);
#1135=VECTOR('',#2037,1.);
#1136=VECTOR('',#2040,1.);
#1137=VECTOR('',#2043,1.);
#1138=VECTOR('',#2044,1.);
#1139=VECTOR('',#2047,1.);
#1140=VECTOR('',#2048,1.);
#1141=VECTOR('',#2051,1.);
#1142=EDGE_LOOP('',(#86,#87,#88,#89));
#1143=EDGE_LOOP('',(#90,#91,#92,#93,#94,#95,#96,#97,#98,#99));
#1144=EDGE_LOOP('',(#100,#101,#102,#103));
#1145=EDGE_LOOP('',(#104));
#1146=EDGE_LOOP('',(#105));
#1147=EDGE_LOOP('',(#106));
#1148=EDGE_LOOP('',(#107));
#1149=EDGE_LOOP('',(#108));
#1150=EDGE_LOOP('',(#109,#110,#111,#112,#113,#114,#115,#116,#117,#118,#119,
#120,#121,#122,#123,#124,#125,#126,#127,#128));
#1151=EDGE_LOOP('',(#129,#130,#131,#132,#133));
#1152=EDGE_LOOP('',(#134));
#1153=EDGE_LOOP('',(#135));
#1154=EDGE_LOOP('',(#136));
#1155=EDGE_LOOP('',(#137));
#1156=EDGE_LOOP('',(#138,#139,#140,#141,#142,#143));
#1157=EDGE_LOOP('',(#144,#145,#146,#147,#148,#149,#150));
#1158=EDGE_LOOP('',(#151));
#1159=EDGE_LOOP('',(#152));
#1160=EDGE_LOOP('',(#153,#154,#155,#156,#157,#158,#159,#160));
#1161=EDGE_LOOP('',(#161,#162,#163,#164,#165,#166,#167));
#1162=EDGE_LOOP('',(#168,#169,#170,#171,#172,#173,#174,#175,#176,#177,#178));
#1163=EDGE_LOOP('',(#179,#180,#181));
#1164=EDGE_LOOP('',(#182,#183,#184,#185));
#1165=EDGE_LOOP('',(#186,#187,#188,#189));
#1166=EDGE_LOOP('',(#190,#191,#192,#193,#194,#195));
#1167=EDGE_LOOP('',(#196,#197,#198,#199));
#1168=EDGE_LOOP('',(#200,#201,#202,#203));
#1169=EDGE_LOOP('',(#204,#205,#206,#207,#208));
#1170=EDGE_LOOP('',(#209,#210,#211,#212));
#1171=EDGE_LOOP('',(#213,#214,#215));
#1172=EDGE_LOOP('',(#216,#217,#218,#219,#220));
#1173=EDGE_LOOP('',(#221,#222,#223));
#1174=EDGE_LOOP('',(#224,#225,#226,#227,#228));
#1175=EDGE_LOOP('',(#229,#230,#231,#232));
#1176=EDGE_LOOP('',(#233,#234,#235,#236,#237));
#1177=EDGE_LOOP('',(#238,#239,#240));
#1178=EDGE_LOOP('',(#241,#242,#243,#244,#245));
#1179=EDGE_LOOP('',(#246,#247,#248,#249,#250));
#1180=EDGE_LOOP('',(#251,#252,#253,#254));
#1181=EDGE_LOOP('',(#255,#256,#257,#258));
#1182=EDGE_LOOP('',(#259,#260,#261,#262));
#1183=EDGE_LOOP('',(#263,#264,#265,#266));
#1184=EDGE_LOOP('',(#267,#268,#269,#270));
#1185=EDGE_LOOP('',(#271,#272,#273,#274,#275));
#1186=EDGE_LOOP('',(#276,#277,#278,#279,#280,#281));
#1187=EDGE_LOOP('',(#282,#283,#284,#285));
#1188=EDGE_LOOP('',(#286,#287,#288,#289));
#1189=EDGE_LOOP('',(#290,#291,#292,#293,#294,#295,#296));
#1190=EDGE_LOOP('',(#297,#298,#299,#300,#301,#302,#303,#304));
#1191=EDGE_LOOP('',(#305,#306,#307,#308));
#1192=EDGE_LOOP('',(#309,#310,#311,#312));
#1193=EDGE_LOOP('',(#313,#314,#315,#316));
#1194=EDGE_LOOP('',(#317,#318,#319,#320));
#1195=EDGE_LOOP('',(#321,#322,#323,#324));
#1196=EDGE_LOOP('',(#325,#326,#327,#328,#329,#330));
#1197=EDGE_LOOP('',(#331,#332,#333,#334,#335));
#1198=EDGE_LOOP('',(#336,#337,#338,#339));
#1199=EDGE_LOOP('',(#340,#341,#342,#343,#344,#345,#346,#347,#348,#349));
#1200=EDGE_LOOP('',(#350,#351,#352,#353,#354,#355));
#1201=EDGE_LOOP('',(#356,#357,#358,#359,#360,#361,#362,#363,#364));
#1202=EDGE_LOOP('',(#365,#366,#367,#368));
#1203=EDGE_LOOP('',(#369,#370,#371,#372,#373,#374));
#1204=EDGE_LOOP('',(#375,#376,#377,#378));
#1205=EDGE_LOOP('',(#379,#380,#381,#382,#383,#384));
#1206=EDGE_LOOP('',(#385,#386,#387,#388));
#1207=EDGE_LOOP('',(#389,#390,#391,#392,#393));
#1208=EDGE_LOOP('',(#394,#395,#396,#397,#398));
#1209=EDGE_LOOP('',(#399,#400,#401,#402));
#1210=EDGE_LOOP('',(#403,#404,#405,#406));
#1211=EDGE_LOOP('',(#407,#408,#409,#410));
#1212=EDGE_LOOP('',(#411,#412,#413,#414));
#1213=EDGE_LOOP('',(#415));
#1214=EDGE_LOOP('',(#416));
#1215=EDGE_LOOP('',(#417));
#1216=EDGE_LOOP('',(#418));
#1217=EDGE_LOOP('',(#419));
#1218=EDGE_LOOP('',(#420));
#1219=EDGE_LOOP('',(#421));
#1220=EDGE_LOOP('',(#422));
#1221=EDGE_LOOP('',(#423));
#1222=EDGE_LOOP('',(#424));
#1223=EDGE_LOOP('',(#425));
#1224=EDGE_LOOP('',(#426,#427,#428,#429));
#1225=EDGE_LOOP('',(#430));
#1226=EDGE_LOOP('',(#431));
#1227=EDGE_LOOP('',(#432));
#1228=EDGE_LOOP('',(#433,#434,#435,#436));
#1229=EDGE_LOOP('',(#437));
#1230=EDGE_LOOP('',(#438));
#1231=EDGE_LOOP('',(#439));
#1232=EDGE_LOOP('',(#440,#441,#442,#443,#444,#445,#446,#447,#448,#449,#450,
#451,#452,#453));
#1233=EDGE_LOOP('',(#454,#455,#456,#457));
#1234=EDGE_LOOP('',(#458,#459,#460,#461));
#1235=EDGE_LOOP('',(#462,#463,#464,#465));
#1236=EDGE_LOOP('',(#466,#467,#468,#469,#470));
#1237=EDGE_LOOP('',(#471,#472,#473,#474));
#1238=EDGE_LOOP('',(#475,#476,#477,#478));
#1239=EDGE_LOOP('',(#479,#480,#481));
#1240=EDGE_LOOP('',(#482,#483,#484));
#1241=EDGE_LOOP('',(#485,#486,#487));
#1242=EDGE_LOOP('',(#488,#489,#490,#491));
#1243=EDGE_LOOP('',(#492,#493,#494,#495));
#1244=FACE_BOUND('',#1142,.T.);
#1245=FACE_BOUND('',#1143,.T.);
#1246=FACE_BOUND('',#1144,.T.);
#1247=FACE_BOUND('',#1145,.T.);
#1248=FACE_BOUND('',#1146,.T.);
#1249=FACE_BOUND('',#1147,.T.);
#1250=FACE_BOUND('',#1148,.T.);
#1251=FACE_BOUND('',#1149,.T.);
#1252=FACE_BOUND('',#1150,.T.);
#1253=FACE_BOUND('',#1151,.T.);
#1254=FACE_BOUND('',#1152,.T.);
#1255=FACE_BOUND('',#1153,.T.);
#1256=FACE_BOUND('',#1154,.T.);
#1257=FACE_BOUND('',#1155,.T.);
#1258=FACE_BOUND('',#1156,.T.);
#1259=FACE_BOUND('',#1157,.T.);
#1260=FACE_BOUND('',#1158,.T.);
#1261=FACE_BOUND('',#1159,.T.);
#1262=FACE_BOUND('',#1160,.T.);
#1263=FACE_BOUND('',#1161,.T.);
#1264=FACE_BOUND('',#1162,.T.);
#1265=FACE_BOUND('',#1163,.T.);
#1266=FACE_BOUND('',#1164,.T.);
#1267=FACE_BOUND('',#1165,.T.);
#1268=FACE_BOUND('',#1166,.T.);
#1269=FACE_BOUND('',#1167,.T.);
#1270=FACE_BOUND('',#1168,.T.);
#1271=FACE_BOUND('',#1169,.T.);
#1272=FACE_BOUND('',#1170,.T.);
#1273=FACE_BOUND('',#1171,.T.);
#1274=FACE_BOUND('',#1172,.T.);
#1275=FACE_BOUND('',#1173,.T.);
#1276=FACE_BOUND('',#1174,.T.);
#1277=FACE_BOUND('',#1175,.T.);
#1278=FACE_BOUND('',#1176,.T.);
#1279=FACE_BOUND('',#1177,.T.);
#1280=FACE_BOUND('',#1178,.T.);
#1281=FACE_BOUND('',#1179,.T.);
#1282=FACE_BOUND('',#1180,.T.);
#1283=FACE_BOUND('',#1181,.T.);
#1284=FACE_BOUND('',#1182,.T.);
#1285=FACE_BOUND('',#1183,.T.);
#1286=FACE_BOUND('',#1184,.T.);
#1287=FACE_BOUND('',#1185,.T.);
#1288=FACE_BOUND('',#1186,.T.);
#1289=FACE_BOUND('',#1187,.T.);
#1290=FACE_BOUND('',#1188,.T.);
#1291=FACE_BOUND('',#1189,.T.);
#1292=FACE_BOUND('',#1190,.T.);
#1293=FACE_BOUND('',#1191,.T.);
#1294=FACE_BOUND('',#1192,.T.);
#1295=FACE_BOUND('',#1193,.T.);
#1296=FACE_BOUND('',#1194,.T.);
#1297=FACE_BOUND('',#1195,.T.);
#1298=FACE_BOUND('',#1196,.T.);
#1299=FACE_BOUND('',#1197,.T.);
#1300=FACE_BOUND('',#1198,.T.);
#1301=FACE_BOUND('',#1199,.T.);
#1302=FACE_BOUND('',#1200,.T.);
#1303=FACE_BOUND('',#1201,.T.);
#1304=FACE_BOUND('',#1202,.T.);
#1305=FACE_BOUND('',#1203,.T.);
#1306=FACE_BOUND('',#1204,.T.);
#1307=FACE_BOUND('',#1205,.T.);
#1308=FACE_BOUND('',#1206,.T.);
#1309=FACE_BOUND('',#1207,.T.);
#1310=FACE_BOUND('',#1208,.T.);
#1311=FACE_BOUND('',#1209,.T.);
#1312=FACE_BOUND('',#1210,.T.);
#1313=FACE_BOUND('',#1211,.T.);
#1314=FACE_BOUND('',#1212,.T.);
#1315=FACE_BOUND('',#1213,.T.);
#1316=FACE_BOUND('',#1214,.T.);
#1317=FACE_BOUND('',#1215,.T.);
#1318=FACE_BOUND('',#1216,.T.);
#1319=FACE_BOUND('',#1217,.T.);
#1320=FACE_BOUND('',#1218,.T.);
#1321=FACE_BOUND('',#1219,.T.);
#1322=FACE_BOUND('',#1220,.T.);
#1323=FACE_BOUND('',#1221,.T.);
#1324=FACE_BOUND('',#1222,.T.);
#1325=FACE_BOUND('',#1223,.T.);
#1326=FACE_BOUND('',#1224,.T.);
#1327=FACE_BOUND('',#1225,.T.);
#1328=FACE_BOUND('',#1226,.T.);
#1329=FACE_BOUND('',#1227,.T.);
#1330=FACE_BOUND('',#1228,.T.);
#1331=FACE_BOUND('',#1229,.T.);
#1332=FACE_BOUND('',#1230,.T.);
#1333=FACE_BOUND('',#1231,.T.);
#1334=FACE_BOUND('',#1232,.T.);
#1335=FACE_BOUND('',#1233,.T.);
#1336=FACE_BOUND('',#1234,.T.);
#1337=FACE_BOUND('',#1235,.T.);
#1338=FACE_BOUND('',#1236,.T.);
#1339=FACE_BOUND('',#1237,.T.);
#1340=FACE_BOUND('',#1238,.T.);
#1341=FACE_BOUND('',#1239,.T.);
#1342=FACE_BOUND('',#1240,.T.);
#1343=FACE_BOUND('',#1241,.T.);
#1344=FACE_BOUND('',#1242,.T.);
#1345=FACE_BOUND('',#1243,.T.);
#1346=PLANE('',#1504);
#1347=PLANE('',#1505);
#1348=PLANE('',#1507);
#1349=PLANE('',#1508);
#1350=PLANE('',#1517);
#1351=PLANE('',#1523);
#1352=PLANE('',#1526);
#1353=PLANE('',#1528);
#1354=PLANE('',#1533);
#1355=PLANE('',#1534);
#1356=PLANE('',#1536);
#1357=PLANE('',#1538);
#1358=PLANE('',#1541);
#1359=PLANE('',#1542);
#1360=PLANE('',#1545);
#1361=PLANE('',#1547);
#1362=PLANE('',#1548);
#1363=PLANE('',#1550);
#1364=PLANE('',#1551);
#1365=PLANE('',#1553);
#1366=PLANE('',#1555);
#1367=PLANE('',#1557);
#1368=PLANE('',#1558);
#1369=PLANE('',#1564);
#1370=PLANE('',#1565);
#1371=PLANE('',#1566);
#1372=PLANE('',#1570);
#1373=PLANE('',#1571);
#1374=PLANE('',#1573);
#1375=PLANE('',#1574);
#1376=PLANE('',#1576);
#1377=PLANE('',#1577);
#1378=PLANE('',#1578);
#1379=PLANE('',#1579);
#1380=PLANE('',#1580);
#1381=PLANE('',#1581);
#1382=PLANE('',#1582);
#1383=PLANE('',#1583);
#1384=PLANE('',#1589);
#1385=PLANE('',#1593);
#1386=PLANE('',#1594);
#1387=PLANE('',#1596);
#1388=PLANE('',#1597);
#1389=PLANE('',#1598);
#1390=PLANE('',#1601);
#1391=PLANE('',#1602);
#1392=PLANE('',#1603);
#1393=PLANE('',#1604);
#1394=PLANE('',#1605);
#1395=PLANE('',#1606);
#1396=PLANE('',#1609);
#1397=PLANE('',#1618);
#1398=PLANE('',#1621);
#1399=PLANE('',#1622);
#1400=PLANE('',#1627);
#1401=PLANE('',#1628);
#1402=PLANE('',#1631);
#1403=PLANE('',#1632);
#1404=PLANE('',#1633);
#1405=PLANE('',#1634);
#1406=PLANE('',#1635);
#1407=ADVANCED_FACE('',(#1244),#1346,.F.);
#1408=ADVANCED_FACE('',(#1245),#1347,.T.);
#1409=ADVANCED_FACE('',(#1246),#1348,.F.);
#1410=ADVANCED_FACE('',(#1247,#1248,#1249,#1250,#1251,#1252),#1349,.T.);
#1411=ADVANCED_FACE('',(#1253),#1350,.F.);
#1412=ADVANCED_FACE('',(#1254,#1255),#17,.F.);
#1413=ADVANCED_FACE('',(#1256,#1257),#18,.F.);
#1414=ADVANCED_FACE('',(#1258),#1351,.T.);
#1415=ADVANCED_FACE('',(#1259),#1352,.F.);
#1416=ADVANCED_FACE('',(#1260,#1261,#1262),#1353,.T.);
#1417=ADVANCED_FACE('',(#1263),#1354,.T.);
#1418=ADVANCED_FACE('',(#1264),#1355,.F.);
#1419=ADVANCED_FACE('',(#1265),#1356,.F.);
#1420=ADVANCED_FACE('',(#1266),#19,.F.);
#1421=ADVANCED_FACE('',(#1267),#1357,.F.);
#1422=ADVANCED_FACE('',(#1268),#20,.F.);
#1423=ADVANCED_FACE('',(#1269),#1358,.T.);
#1424=ADVANCED_FACE('',(#1270),#1359,.T.);
#1425=ADVANCED_FACE('',(#1271),#21,.T.);
#1426=ADVANCED_FACE('',(#1272),#1360,.T.);
#1427=ADVANCED_FACE('',(#1273),#1361,.T.);
#1428=ADVANCED_FACE('',(#1274),#1362,.F.);
#1429=ADVANCED_FACE('',(#1275),#1363,.T.);
#1430=ADVANCED_FACE('',(#1276),#1364,.T.);
#1431=ADVANCED_FACE('',(#1277),#1365,.T.);
#1432=ADVANCED_FACE('',(#1278),#1366,.T.);
#1433=ADVANCED_FACE('',(#1279),#1367,.T.);
#1434=ADVANCED_FACE('',(#1280),#1368,.F.);
#1435=ADVANCED_FACE('',(#1281),#22,.F.);
#1436=ADVANCED_FACE('',(#1282),#1369,.T.);
#1437=ADVANCED_FACE('',(#1283),#1370,.F.);
#1438=ADVANCED_FACE('',(#1284),#1371,.T.);
#1439=ADVANCED_FACE('',(#1285),#12,.F.);
#1440=ADVANCED_FACE('',(#1286),#1372,.F.);
#1441=ADVANCED_FACE('',(#1287),#1373,.F.);
#1442=ADVANCED_FACE('',(#1288),#1374,.T.);
#1443=ADVANCED_FACE('',(#1289),#1375,.T.);
#1444=ADVANCED_FACE('',(#1290),#23,.F.);
#1445=ADVANCED_FACE('',(#1291),#1376,.F.);
#1446=ADVANCED_FACE('',(#1292),#1377,.T.);
#1447=ADVANCED_FACE('',(#1293),#1378,.T.);
#1448=ADVANCED_FACE('',(#1294),#1379,.F.);
#1449=ADVANCED_FACE('',(#1295),#1380,.F.);
#1450=ADVANCED_FACE('',(#1296),#1381,.F.);
#1451=ADVANCED_FACE('',(#1297),#1382,.T.);
#1452=ADVANCED_FACE('',(#1298),#1383,.T.);
#1453=ADVANCED_FACE('',(#1299),#24,.F.);
#1454=ADVANCED_FACE('',(#1300),#25,.F.);
#1455=ADVANCED_FACE('',(#1301),#1384,.F.);
#1456=ADVANCED_FACE('',(#1302),#1385,.T.);
#1457=ADVANCED_FACE('',(#1303),#1386,.T.);
#1458=ADVANCED_FACE('',(#1304),#1387,.F.);
#1459=ADVANCED_FACE('',(#1305),#1388,.T.);
#1460=ADVANCED_FACE('',(#1306),#1389,.F.);
#1461=ADVANCED_FACE('',(#1307),#26,.F.);
#1462=ADVANCED_FACE('',(#1308),#13,.F.);
#1463=ADVANCED_FACE('',(#1309),#1390,.T.);
#1464=ADVANCED_FACE('',(#1310),#1391,.T.);
#1465=ADVANCED_FACE('',(#1311),#1392,.F.);
#1466=ADVANCED_FACE('',(#1312),#1393,.F.);
#1467=ADVANCED_FACE('',(#1313),#1394,.T.);
#1468=ADVANCED_FACE('',(#1314),#1395,.F.);
#1469=ADVANCED_FACE('',(#1315,#1316),#27,.F.);
#1470=ADVANCED_FACE('',(#1317),#1396,.T.);
#1471=ADVANCED_FACE('',(#1318,#1319),#28,.F.);
#1472=ADVANCED_FACE('',(#1320,#1321),#29,.F.);
#1473=ADVANCED_FACE('',(#1322,#1323),#14,.F.);
#1474=ADVANCED_FACE('',(#1324,#1325),#15,.F.);
#1475=ADVANCED_FACE('',(#1326,#1327),#30,.F.);
#1476=ADVANCED_FACE('',(#1328,#1329),#1397,.T.);
#1477=ADVANCED_FACE('',(#1330,#1331),#31,.F.);
#1478=ADVANCED_FACE('',(#1332,#1333),#1398,.T.);
#1479=ADVANCED_FACE('',(#1334),#1399,.T.);
#1480=ADVANCED_FACE('',(#1335),#1400,.T.);
#1481=ADVANCED_FACE('',(#1336),#1401,.F.);
#1482=ADVANCED_FACE('',(#1337),#32,.F.);
#1483=ADVANCED_FACE('',(#1338),#33,.T.);
#1484=ADVANCED_FACE('',(#1339),#1402,.T.);
#1485=ADVANCED_FACE('',(#1340),#1403,.F.);
#1486=ADVANCED_FACE('',(#1341),#1404,.T.);
#1487=ADVANCED_FACE('',(#1342),#1405,.F.);
#1488=ADVANCED_FACE('',(#1343),#1406,.F.);
#1489=ADVANCED_FACE('',(#1344),#34,.T.);
#1490=ADVANCED_FACE('',(#1345),#35,.F.);
#1491=CLOSED_SHELL('',(#1407,#1408,#1409,#1410,#1411,#1412,#1413,#1414,
#1415,#1416,#1417,#1418,#1419,#1420,#1421,#1422,#1423,#1424,#1425,#1426,
#1427,#1428,#1429,#1430,#1431,#1432,#1433,#1434,#1435,#1436,#1437,#1438,
#1439,#1440,#1441,#1442,#1443,#1444,#1445,#1446,#1447,#1448,#1449,#1450,
#1451,#1452,#1453,#1454,#1455,#1456,#1457,#1458,#1459,#1460,#1461,#1462,
#1463,#1464,#1465,#1466,#1467,#1468,#1469,#1470,#1471,#1472,#1473,#1474,
#1475,#1476,#1477,#1478,#1479,#1480,#1481,#1482,#1483,#1484,#1485,#1486,
#1487,#1488,#1489,#1490));
#1492=STYLED_ITEM('',(#1493),#1500);
#1493=PRESENTATION_STYLE_ASSIGNMENT((#1494));
#1494=SURFACE_STYLE_USAGE(.BOTH.,#1495);
#1495=SURFACE_SIDE_STYLE('',(#1496));
#1496=SURFACE_STYLE_FILL_AREA(#1497);
#1497=FILL_AREA_STYLE('',(#1498));
#1498=FILL_AREA_STYLE_COLOUR('',#1499);
#1499=COLOUR_RGB('',0.647058823529412,0.647058823529412,0.647058823529412);
#1500=MANIFOLD_SOLID_BREP('Left Weapon Strut',#1491);
#1501=SHAPE_DEFINITION_REPRESENTATION(#2495,#1502);
#1502=SHAPE_REPRESENTATION('Left Weapon Strut',(#1503),#2490);
#1503=AXIS2_PLACEMENT_3D('',#2062,#1638,#1639);
#1504=AXIS2_PLACEMENT_3D('',#2063,#1640,#1641);
#1505=AXIS2_PLACEMENT_3D('',#2072,#1646,#1647);
#1506=AXIS2_PLACEMENT_3D('',#2078,#1650,#1651);
#1507=AXIS2_PLACEMENT_3D('',#2090,#1658,#1659);
#1508=AXIS2_PLACEMENT_3D('',#2096,#1663,#1664);
#1509=AXIS2_PLACEMENT_3D('',#2097,#1665,#1666);
#1510=AXIS2_PLACEMENT_3D('',#2099,#1667,#1668);
#1511=AXIS2_PLACEMENT_3D('',#2101,#1669,#1670);
#1512=AXIS2_PLACEMENT_3D('',#2103,#1671,#1672);
#1513=AXIS2_PLACEMENT_3D('',#2105,#1673,#1674);
#1514=AXIS2_PLACEMENT_3D('',#2112,#1677,#1678);
#1515=AXIS2_PLACEMENT_3D('',#2130,#1687,#1688);
#1516=AXIS2_PLACEMENT_3D('',#2134,#1690,#1691);
#1517=AXIS2_PLACEMENT_3D('',#2147,#1698,#1699);
#1518=AXIS2_PLACEMENT_3D('',#2154,#1703,#1704);
#1519=AXIS2_PLACEMENT_3D('',#2155,#1705,#1706);
#1520=AXIS2_PLACEMENT_3D('',#2156,#1707,#1708);
#1521=AXIS2_PLACEMENT_3D('',#2158,#1709,#1710);
#1522=AXIS2_PLACEMENT_3D('',#2159,#1711,#1712);
#1523=AXIS2_PLACEMENT_3D('',#2161,#1713,#1714);
#1524=AXIS2_PLACEMENT_3D('',#2162,#1715,#1716);
#1525=AXIS2_PLACEMENT_3D('',#2169,#1719,#1720);
#1526=AXIS2_PLACEMENT_3D('',#2174,#1723,#1724);
#1527=AXIS2_PLACEMENT_3D('',#2181,#1728,#1729);
#1528=AXIS2_PLACEMENT_3D('',#2186,#1732,#1733);
#1529=AXIS2_PLACEMENT_3D('',#2187,#1734,#1735);
#1530=AXIS2_PLACEMENT_3D('',#2189,#1736,#1737);
#1531=AXIS2_PLACEMENT_3D('',#2195,#1740,#1741);
#1532=AXIS2_PLACEMENT_3D('',#2197,#1742,#1743);
#1533=AXIS2_PLACEMENT_3D('',#2204,#1747,#1748);
#1534=AXIS2_PLACEMENT_3D('',#2213,#1754,#1755);
#1535=AXIS2_PLACEMENT_3D('',#2221,#1760,#1761);
#1536=AXIS2_PLACEMENT_3D('',#2224,#1763,#1764);
#1537=AXIS2_PLACEMENT_3D('',#2226,#1766,#1767);
#1538=AXIS2_PLACEMENT_3D('',#2228,#1769,#1770);
#1539=AXIS2_PLACEMENT_3D('',#2229,#1771,#1772);
#1540=AXIS2_PLACEMENT_3D('',#2233,#1775,#1776);
#1541=AXIS2_PLACEMENT_3D('',#2236,#1778,#1779);
#1542=AXIS2_PLACEMENT_3D('',#2238,#1781,#1782);
#1543=AXIS2_PLACEMENT_3D('',#2239,#1783,#1784);
#1544=AXIS2_PLACEMENT_3D('',#2246,#1785,#1786);
#1545=AXIS2_PLACEMENT_3D('',#2247,#1787,#1788);
#1546=AXIS2_PLACEMENT_3D('',#2248,#1789,#1790);
#1547=AXIS2_PLACEMENT_3D('',#2256,#1794,#1795);
#1548=AXIS2_PLACEMENT_3D('',#2263,#1799,#1800);
#1549=AXIS2_PLACEMENT_3D('',#2264,#1801,#1802);
#1550=AXIS2_PLACEMENT_3D('',#2268,#1805,#1806);
#1551=AXIS2_PLACEMENT_3D('',#2272,#1809,#1810);
#1552=AXIS2_PLACEMENT_3D('',#2273,#1811,#1812);
#1553=AXIS2_PLACEMENT_3D('',#2278,#1815,#1816);
#1554=AXIS2_PLACEMENT_3D('',#2279,#1817,#1818);
#1555=AXIS2_PLACEMENT_3D('',#2284,#1821,#1822);
#1556=AXIS2_PLACEMENT_3D('',#2285,#1823,#1824);
#1557=AXIS2_PLACEMENT_3D('',#2289,#1827,#1828);
#1558=AXIS2_PLACEMENT_3D('',#2293,#1831,#1832);
#1559=AXIS2_PLACEMENT_3D('',#2294,#1833,#1834);
#1560=AXIS2_PLACEMENT_3D('',#2296,#1836,#1837);
#1561=AXIS2_PLACEMENT_3D('',#2297,#1838,#1839);
#1562=AXIS2_PLACEMENT_3D('',#2299,#1840,#1841);
#1563=AXIS2_PLACEMENT_3D('',#2303,#1843,#1844);
#1564=AXIS2_PLACEMENT_3D('',#2304,#1845,#1846);
#1565=AXIS2_PLACEMENT_3D('',#2310,#1850,#1851);
#1566=AXIS2_PLACEMENT_3D('',#2316,#1855,#1856);
#1567=AXIS2_PLACEMENT_3D('',#2322,#1860,#1861);
#1568=AXIS2_PLACEMENT_3D('',#2326,#1863,#1864);
#1569=AXIS2_PLACEMENT_3D('',#2327,#1865,#1866);
#1570=AXIS2_PLACEMENT_3D('',#2328,#1867,#1868);
#1571=AXIS2_PLACEMENT_3D('',#2333,#1872,#1873);
#1572=AXIS2_PLACEMENT_3D('',#2338,#1876,#1877);
#1573=AXIS2_PLACEMENT_3D('',#2341,#1879,#1880);
#1574=AXIS2_PLACEMENT_3D('',#2347,#1884,#1885);
#1575=AXIS2_PLACEMENT_3D('',#2349,#1887,#1888);
#1576=AXIS2_PLACEMENT_3D('',#2351,#1890,#1891);
#1577=AXIS2_PLACEMENT_3D('',#2353,#1893,#1894);
#1578=AXIS2_PLACEMENT_3D('',#2356,#1897,#1898);
#1579=AXIS2_PLACEMENT_3D('',#2358,#1900,#1901);
#1580=AXIS2_PLACEMENT_3D('',#2360,#1903,#1904);
#1581=AXIS2_PLACEMENT_3D('',#2362,#1906,#1907);
#1582=AXIS2_PLACEMENT_3D('',#2364,#1909,#1910);
#1583=AXIS2_PLACEMENT_3D('',#2366,#1912,#1913);
#1584=AXIS2_PLACEMENT_3D('',#2370,#1916,#1917);
#1585=AXIS2_PLACEMENT_3D('',#2371,#1918,#1919);
#1586=AXIS2_PLACEMENT_3D('',#2376,#1922,#1923);
#1587=AXIS2_PLACEMENT_3D('',#2380,#1925,#1926);
#1588=AXIS2_PLACEMENT_3D('',#2384,#1928,#1929);
#1589=AXIS2_PLACEMENT_3D('',#2385,#1930,#1931);
#1590=AXIS2_PLACEMENT_3D('',#2386,#1932,#1933);
#1591=AXIS2_PLACEMENT_3D('',#2390,#1935,#1936);
#1592=AXIS2_PLACEMENT_3D('',#2392,#1937,#1938);
#1593=AXIS2_PLACEMENT_3D('',#2397,#1942,#1943);
#1594=AXIS2_PLACEMENT_3D('',#2399,#1945,#1946);
#1595=AXIS2_PLACEMENT_3D('',#2400,#1947,#1948);
#1596=AXIS2_PLACEMENT_3D('',#2402,#1950,#1951);
#1597=AXIS2_PLACEMENT_3D('',#2406,#1954,#1955);
#1598=AXIS2_PLACEMENT_3D('',#2410,#1958,#1959);
#1599=AXIS2_PLACEMENT_3D('',#2413,#1962,#1963);
#1600=AXIS2_PLACEMENT_3D('',#2414,#1964,#1965);
#1601=AXIS2_PLACEMENT_3D('',#2415,#1966,#1967);
#1602=AXIS2_PLACEMENT_3D('',#2422,#1972,#1973);
#1603=AXIS2_PLACEMENT_3D('',#2427,#1977,#1978);
#1604=AXIS2_PLACEMENT_3D('',#2428,#1979,#1980);
#1605=AXIS2_PLACEMENT_3D('',#2429,#1981,#1982);
#1606=AXIS2_PLACEMENT_3D('',#2431,#1984,#1985);
#1607=AXIS2_PLACEMENT_3D('',#2432,#1986,#1987);
#1608=AXIS2_PLACEMENT_3D('',#2433,#1988,#1989);
#1609=AXIS2_PLACEMENT_3D('',#2435,#1990,#1991);
#1610=AXIS2_PLACEMENT_3D('',#2436,#1992,#1993);
#1611=AXIS2_PLACEMENT_3D('',#2437,#1994,#1995);
#1612=AXIS2_PLACEMENT_3D('',#2439,#1996,#1997);
#1613=AXIS2_PLACEMENT_3D('',#2440,#1998,#1999);
#1614=AXIS2_PLACEMENT_3D('',#2442,#2000,#2001);
#1615=AXIS2_PLACEMENT_3D('',#2443,#2002,#2003);
#1616=AXIS2_PLACEMENT_3D('',#2444,#2004,#2005);
#1617=AXIS2_PLACEMENT_3D('',#2445,#2006,#2007);
#1618=AXIS2_PLACEMENT_3D('',#2447,#2008,#2009);
#1619=AXIS2_PLACEMENT_3D('',#2448,#2010,#2011);
#1620=AXIS2_PLACEMENT_3D('',#2449,#2012,#2013);
#1621=AXIS2_PLACEMENT_3D('',#2451,#2014,#2015);
#1622=AXIS2_PLACEMENT_3D('',#2452,#2016,#2017);
#1623=AXIS2_PLACEMENT_3D('',#2456,#2019,#2020);
#1624=AXIS2_PLACEMENT_3D('',#2463,#2024,#2025);
#1625=AXIS2_PLACEMENT_3D('',#2467,#2028,#2029);
#1626=AXIS2_PLACEMENT_3D('',#2469,#2030,#2031);
#1627=AXIS2_PLACEMENT_3D('',#2470,#2032,#2033);
#1628=AXIS2_PLACEMENT_3D('',#2472,#2035,#2036);
#1629=AXIS2_PLACEMENT_3D('',#2474,#2038,#2039);
#1630=AXIS2_PLACEMENT_3D('',#2476,#2041,#2042);
#1631=AXIS2_PLACEMENT_3D('',#2479,#2045,#2046);
#1632=AXIS2_PLACEMENT_3D('',#2482,#2049,#2050);
#1633=AXIS2_PLACEMENT_3D('',#2484,#2052,#2053);
#1634=AXIS2_PLACEMENT_3D('',#2485,#2054,#2055);
#1635=AXIS2_PLACEMENT_3D('',#2486,#2056,#2057);
#1636=AXIS2_PLACEMENT_3D('',#2487,#2058,#2059);
#1637=AXIS2_PLACEMENT_3D('',#2488,#2060,#2061);
#1638=DIRECTION('',(0.,0.,1.));
#1639=DIRECTION('',(1.,0.,0.));
#1640=DIRECTION('',(-1.,0.,0.));
#1641=DIRECTION('',(0.,0.,1.));
#1642=DIRECTION('',(0.,0.806854670758608,0.590749981189181));
#1643=DIRECTION('',(0.,-1.,0.));
#1644=DIRECTION('',(0.,0.,-1.));
#1645=DIRECTION('',(0.,-1.,0.));
#1646=DIRECTION('',(0.,0.,-1.));
#1647=DIRECTION('',(-1.,0.,0.));
#1648=DIRECTION('',(-1.,0.,0.));
#1649=DIRECTION('',(0.,1.,0.));
#1650=DIRECTION('',(0.,0.,-1.));
#1651=DIRECTION('',(0.,-1.,0.));
#1652=DIRECTION('',(-1.,0.,0.));
#1653=DIRECTION('',(1.,0.,0.));
#1654=DIRECTION('',(0.,-1.,0.));
#1655=DIRECTION('',(0.426401432711222,-0.90453403373329,0.));
#1656=DIRECTION('',(0.,1.,0.));
#1657=DIRECTION('',(-0.366439080618608,-0.930442045586607,0.));
#1658=DIRECTION('',(0.,1.,0.));
#1659=DIRECTION('',(0.,0.,1.));
#1660=DIRECTION('',(0.,0.,1.));
#1661=DIRECTION('',(0.,0.,1.));
#1662=DIRECTION('',(-1.,0.,0.));
#1663=DIRECTION('',(-1.,-1.3695185336659E-16,0.));
#1664=DIRECTION('',(1.3695185336659E-16,-1.,0.));
#1665=DIRECTION('',(-1.,-1.3695185336659E-16,0.));
#1666=DIRECTION('',(1.3695185336659E-16,-1.,0.));
#1667=DIRECTION('',(-1.,-1.3695185336659E-16,0.));
#1668=DIRECTION('',(1.3695185336659E-16,-1.,0.));
#1669=DIRECTION('',(-1.,-1.3695185336659E-16,0.));
#1670=DIRECTION('',(1.3695185336659E-16,-1.,0.));
#1671=DIRECTION('',(-1.,-1.3695185336659E-16,0.));
#1672=DIRECTION('',(1.3695185336659E-16,-1.,0.));
#1673=DIRECTION('',(-1.,-1.3695185336659E-16,0.));
#1674=DIRECTION('',(1.3695185336659E-16,-1.,0.));
#1675=DIRECTION('',(0.,-0.806854670758608,-0.590749981189181));
#1676=DIRECTION('',(0.,-0.590749981189181,0.806854670758608));
#1677=DIRECTION('',(-1.,-1.3695185336659E-16,0.));
#1678=DIRECTION('',(1.3695185336659E-16,-1.,0.));
#1679=DIRECTION('',(0.,0.,-1.));
#1680=DIRECTION('',(-7.85367308965074E-17,0.573462344363328,0.819231920519041));
#1681=DIRECTION('',(-1.3695185336659E-16,1.,0.));
#1682=DIRECTION('',(7.85367308965074E-17,-0.573462344363328,0.819231920519041));
#1683=DIRECTION('',(0.,0.,-1.));
#1684=DIRECTION('',(7.85367308965074E-17,-0.573462344363328,-0.819231920519041));
#1685=DIRECTION('',(-1.3695185336659E-16,1.,0.));
#1686=DIRECTION('',(0.,0.445178750395652,0.89544172350643));
#1687=DIRECTION('',(-1.,-1.3695185336659E-16,0.));
#1688=DIRECTION('',(1.3695185336659E-16,-1.,0.));
#1689=DIRECTION('',(1.3269601303208E-17,-0.0968924551001747,0.995294856886471));
#1690=DIRECTION('',(-1.,-1.3695185336659E-16,0.));
#1691=DIRECTION('',(1.3695185336659E-16,-1.,0.));
#1692=DIRECTION('',(-1.30426343578593E-16,0.952351796433673,-0.305001730863213));
#1693=DIRECTION('',(0.,0.,1.));
#1694=DIRECTION('',(-1.3695185336659E-16,1.,0.));
#1695=DIRECTION('',(0.,0.,-1.));
#1696=DIRECTION('',(0.,-0.806854670758608,-0.590749981189181));
#1697=DIRECTION('',(0.,-0.590749981189181,0.806854670758608));
#1698=DIRECTION('',(0.,0.590749981189181,-0.806854670758608));
#1699=DIRECTION('',(0.,0.806854670758608,0.590749981189181));
#1700=DIRECTION('',(0.,-0.806854670758608,-0.590749981189181));
#1701=DIRECTION('',(-1.,0.,0.));
#1702=DIRECTION('',(-1.,0.,0.));
#1703=DIRECTION('',(0.,-0.590749981189181,0.806854670758608));
#1704=DIRECTION('',(0.,-0.806854670758608,-0.590749981189181));
#1705=DIRECTION('',(-1.,-1.3695185336659E-16,0.));
#1706=DIRECTION('',(1.3695185336659E-16,-1.,0.));
#1707=DIRECTION('',(1.,0.,0.));
#1708=DIRECTION('',(0.,0.,-1.));
#1709=DIRECTION('',(-1.,-1.3695185336659E-16,0.));
#1710=DIRECTION('',(1.3695185336659E-16,-1.,0.));
#1711=DIRECTION('',(1.,0.,0.));
#1712=DIRECTION('',(0.,0.,-1.));
#1713=DIRECTION('',(1.,0.,0.));
#1714=DIRECTION('',(0.,1.,0.));
#1715=DIRECTION('',(1.,0.,0.));
#1716=DIRECTION('',(0.,0.,-1.));
#1717=DIRECTION('',(0.,-1.,0.));
#1718=DIRECTION('',(0.,0.,-1.));
#1719=DIRECTION('',(1.,0.,0.));
#1720=DIRECTION('',(0.,0.,-1.));
#1721=DIRECTION('',(0.,1.,0.));
#1722=DIRECTION('',(0.,0.,1.));
#1723=DIRECTION('',(0.,0.,1.));
#1724=DIRECTION('',(1.,0.,0.));
#1725=DIRECTION('',(1.,0.,0.));
#1726=DIRECTION('',(0.,-1.,0.));
#1727=DIRECTION('',(-1.,0.,0.));
#1728=DIRECTION('',(0.,0.,1.));
#1729=DIRECTION('',(0.,1.,0.));
#1730=DIRECTION('',(0.,1.,0.));
#1731=DIRECTION('',(1.,0.,0.));
#1732=DIRECTION('',(1.,0.,0.));
#1733=DIRECTION('',(0.,1.,0.));
#1734=DIRECTION('',(-1.,0.,0.));
#1735=DIRECTION('',(0.,0.,1.));
#1736=DIRECTION('',(-1.,0.,0.));
#1737=DIRECTION('',(0.,0.,1.));
#1738=DIRECTION('',(0.,0.,1.));
#1739=DIRECTION('',(0.,0.952351796433673,-0.305001730863213));
#1740=DIRECTION('',(1.,0.,0.));
#1741=DIRECTION('',(0.,0.,-1.));
#1742=DIRECTION('',(1.,0.,0.));
#1743=DIRECTION('',(0.,0.,-1.));
#1744=DIRECTION('',(0.,1.,0.));
#1745=DIRECTION('',(0.,0.,1.));
#1746=DIRECTION('',(0.,0.360399279202163,-0.932798134405597));
#1747=DIRECTION('',(0.,0.,1.));
#1748=DIRECTION('',(1.,0.,0.));
#1749=DIRECTION('',(1.,0.,0.));
#1750=DIRECTION('',(0.,-1.,0.));
#1751=DIRECTION('',(-1.,0.,-2.16840434497101E-16));
#1752=DIRECTION('',(0.,-1.,0.));
#1753=DIRECTION('',(-1.,-5.92327458161301E-16,0.));
#1754=DIRECTION('',(0.,1.,0.));
#1755=DIRECTION('',(0.,0.,1.));
#1756=DIRECTION('',(0.,0.,-1.));
#1757=DIRECTION('',(-1.,0.,0.));
#1758=DIRECTION('',(0.,0.,1.));
#1759=DIRECTION('',(0.,0.,-1.));
#1760=DIRECTION('',(-5.92327458161301E-16,1.,0.));
#1761=DIRECTION('',(2.2885379065323E-16,1.35556384108206E-31,-1.));
#1762=DIRECTION('',(-1.,-5.92327458161301E-16,1.53308283288807E-15));
#1763=DIRECTION('',(-1.,0.,0.));
#1764=DIRECTION('',(0.,0.,1.));
#1765=DIRECTION('',(0.,-0.360399279202163,0.932798134405597));
#1766=DIRECTION('',(0.,0.360399279202163,-0.932798134405597));
#1767=DIRECTION('',(0.,0.932798134405597,0.360399279202163));
#1768=DIRECTION('',(0.,-0.360399279202163,0.932798134405597));
#1769=DIRECTION('',(0.,0.932798134405597,0.360399279202163));
#1770=DIRECTION('',(0.,-0.360399279202163,0.932798134405597));
#1771=DIRECTION('',(-1.,0.,0.));
#1772=DIRECTION('',(0.,0.,1.));
#1773=DIRECTION('',(-1.,0.,0.));
#1774=DIRECTION('',(1.,0.,0.));
#1775=DIRECTION('',(1.,0.,0.));
#1776=DIRECTION('',(0.,0.,-1.));
#1777=DIRECTION('',(1.,0.,0.));
#1778=DIRECTION('',(0.,0.305001730863213,0.952351796433673));
#1779=DIRECTION('',(0.,-0.952351796433673,0.305001730863213));
#1780=DIRECTION('',(1.,0.,0.));
#1781=DIRECTION('',(0.,1.,0.));
#1782=DIRECTION('',(0.,0.,1.));
#1783=DIRECTION('',(1.,0.,0.));
#1784=DIRECTION('',(0.,0.,-1.));
#1785=DIRECTION('',(1.,0.,0.));
#1786=DIRECTION('',(0.,0.,-1.));
#1787=DIRECTION('',(0.760263948640732,-0.532184764048512,-0.372529334833959));
#1788=DIRECTION('',(0.573462344363328,0.819231920519041,0.));
#1789=DIRECTION('',(0.760263948640732,-0.532184764048512,-0.372529334833959));
#1790=DIRECTION('',(0.649614292020428,0.622832494746336,0.435982746322435));
#1791=DIRECTION('',(0.573462344363328,0.819231920519041,-2.77555756156289E-17));
#1792=DIRECTION('',(4.52600544566712E-17,-0.573462344363328,0.819231920519041));
#1793=DIRECTION('',(-0.556890098923011,-0.23866718525272,-0.79555728417573));
#1794=DIRECTION('',(1.,0.,0.));
#1795=DIRECTION('',(0.,1.,0.));
#1796=DIRECTION('',(0.,1.,0.));
#1797=DIRECTION('',(0.,0.707106781186547,-0.707106781186548));
#1798=DIRECTION('',(0.,0.445178750395652,0.89544172350643));
#1799=DIRECTION('',(-0.81923192051904,0.,0.573462344363329));
#1800=DIRECTION('',(0.,1.,0.));
#1801=DIRECTION('',(-0.81923192051904,0.,0.573462344363329));
#1802=DIRECTION('',(0.573462344363329,0.,0.81923192051904));
#1803=DIRECTION('',(0.,-1.,0.));
#1804=DIRECTION('',(0.556890098923011,-0.23866718525272,0.79555728417573));
#1805=DIRECTION('',(0.760263948640732,0.532184764048513,-0.372529334833958));
#1806=DIRECTION('',(-0.573462344363329,0.81923192051904,0.));
#1807=DIRECTION('',(-2.77555756156289E-17,0.573462344363328,0.819231920519041));
#1808=DIRECTION('',(0.573462344363328,-0.819231920519041,-8.81014048659048E-16));
#1809=DIRECTION('',(0.819231920519041,0.573462344363328,0.));
#1810=DIRECTION('',(0.,0.,1.));
#1811=DIRECTION('',(0.819231920519041,0.573462344363328,0.));
#1812=DIRECTION('',(0.573462344363328,-0.819231920519041,0.));
#1813=DIRECTION('',(0.,0.,-1.));
#1814=DIRECTION('',(-0.573462344363328,0.819231920519041,-1.56087533315051E-16));
#1815=DIRECTION('',(0.760263948640732,0.532184764048512,0.372529334833958));
#1816=DIRECTION('',(-0.573462344363328,0.819231920519041,0.));
#1817=DIRECTION('',(0.760263948640732,0.532184764048512,0.372529334833958));
#1818=DIRECTION('',(0.649614292020428,-0.622832494746337,-0.435982746322435));
#1819=DIRECTION('',(2.77555756156289E-17,0.573462344363328,-0.819231920519041));
#1820=DIRECTION('',(0.556890098923011,-0.23866718525272,-0.79555728417573));
#1821=DIRECTION('',(0.819231920519041,0.,0.573462344363328));
#1822=DIRECTION('',(0.,-1.,0.));
#1823=DIRECTION('',(0.819231920519041,0.,0.573462344363328));
#1824=DIRECTION('',(0.573462344363328,0.,-0.819231920519041));
#1825=DIRECTION('',(0.,1.,0.));
#1826=DIRECTION('',(-0.556890098923011,-0.23866718525272,0.79555728417573));
#1827=DIRECTION('',(0.760263948640732,-0.532184764048512,0.372529334833958));
#1828=DIRECTION('',(0.573462344363328,0.819231920519041,0.));
#1829=DIRECTION('',(2.77555756156289E-17,-0.573462344363328,-0.819231920519041));
#1830=DIRECTION('',(-0.573462344363328,-0.819231920519041,-1.56087533315051E-16));
#1831=DIRECTION('',(-0.819231920519041,0.573462344363328,0.));
#1832=DIRECTION('',(0.,0.,-1.));
#1833=DIRECTION('',(-0.819231920519041,0.573462344363328,0.));
#1834=DIRECTION('',(0.573462344363328,0.819231920519041,0.));
#1835=DIRECTION('',(0.,0.,1.));
#1836=DIRECTION('',(0.,-0.707106781186547,0.707106781186548));
#1837=DIRECTION('',(0.,-0.707106781186548,-0.707106781186547));
#1838=DIRECTION('',(0.,0.,1.));
#1839=DIRECTION('',(0.,-1.,0.));
#1840=DIRECTION('',(0.,-0.923879532511287,0.38268343236509));
#1841=DIRECTION('',(0.,-0.38268343236509,-0.923879532511287));
#1842=DIRECTION('',(0.,0.707106781186547,-0.707106781186548));
#1843=DIRECTION('',(0.,-0.89544172350643,0.445178750395652));
#1844=DIRECTION('',(0.,0.445178750395652,0.89544172350643));
#1845=DIRECTION('',(0.,0.707106781186548,0.707106781186547));
#1846=DIRECTION('',(0.,-0.707106781186547,0.707106781186548));
#1847=DIRECTION('',(-1.,0.,0.));
#1848=DIRECTION('',(-1.,0.,0.));
#1849=DIRECTION('',(0.,0.707106781186547,-0.707106781186548));
#1850=DIRECTION('',(-0.832050294337843,-0.392232270276368,-0.392232270276368));
#1851=DIRECTION('',(0.,0.707106781186547,-0.707106781186548));
#1852=DIRECTION('',(-0.476014050456891,0.867921186670039,0.141857102384389));
#1853=DIRECTION('',(-0.524427835967411,0.325837683215511,0.786641753951115));
#1854=DIRECTION('',(0.,-0.707106781186547,0.707106781186548));
#1855=DIRECTION('',(0.832050294337843,0.496701699737275,-0.246940740199771));
#1856=DIRECTION('',(0.,-0.445178750395652,-0.89544172350643));
#1857=DIRECTION('',(-0.554700196225229,0.745052549605911,-0.370411110299656));
#1858=DIRECTION('',(0.,-0.445178750395652,-0.89544172350643));
#1859=DIRECTION('',(0.,0.445178750395652,0.89544172350643));
#1860=DIRECTION('',(1.,0.,0.));
#1861=DIRECTION('',(0.,0.,-1.));
#1862=DIRECTION('',(-0.554700196225231,0.828135378625329,0.0806193957852165));
#1863=DIRECTION('',(1.,0.,0.));
#1864=DIRECTION('',(0.,0.,-1.));
#1865=DIRECTION('',(1.,0.,0.));
#1866=DIRECTION('',(0.,0.,-1.));
#1867=DIRECTION('',(-0.832050294337843,-0.552090252416889,-0.0537462638568113));
#1868=DIRECTION('',(0.,-0.0968924551001747,0.995294856886471));
#1869=DIRECTION('',(-0.55470019622523,0.828135378625329,0.0806193957852166));
#1870=DIRECTION('',(0.,-0.0968924551001747,0.995294856886471));
#1871=DIRECTION('',(0.,-0.0968924551001747,0.995294856886471));
#1872=DIRECTION('',(0.,0.819231920519041,0.573462344363328));
#1873=DIRECTION('',(-1.,0.,0.));
#1874=DIRECTION('',(1.,0.,0.));
#1875=DIRECTION('',(0.,0.573462344363328,-0.819231920519041));
#1876=DIRECTION('',(0.,0.819231920519041,0.573462344363328));
#1877=DIRECTION('',(0.,-0.573462344363328,0.819231920519041));
#1878=DIRECTION('',(-1.,0.,0.));
#1879=DIRECTION('',(0.,-1.,0.));
#1880=DIRECTION('',(1.,0.,0.));
#1881=DIRECTION('',(0.,0.,1.));
#1882=DIRECTION('',(0.,0.,-1.));
#1883=DIRECTION('',(-0.55470019622523,0.,0.832050294337843));
#1884=DIRECTION('',(0.,0.995294856886471,0.0968924551001747));
#1885=DIRECTION('',(1.,0.,0.));
#1886=DIRECTION('',(-1.,0.,0.));
#1887=DIRECTION('',(-1.,0.,0.));
#1888=DIRECTION('',(0.,0.,1.));
#1889=DIRECTION('',(1.,0.,0.));
#1890=DIRECTION('',(0.,-0.89544172350643,0.445178750395652));
#1891=DIRECTION('',(0.,-0.445178750395652,-0.89544172350643));
#1892=DIRECTION('',(1.,0.,0.));
#1893=DIRECTION('',(0.,0.,-1.));
#1894=DIRECTION('',(-1.,0.,0.));
#1895=DIRECTION('',(0.,-1.,0.));
#1896=DIRECTION('',(1.,0.,0.));
#1897=DIRECTION('',(0.,0.819231920519041,-0.573462344363328));
#1898=DIRECTION('',(-1.,0.,0.));
#1899=DIRECTION('',(-1.,0.,0.));
#1900=DIRECTION('',(0.,-1.,0.));
#1901=DIRECTION('',(0.,0.,-1.));
#1902=DIRECTION('',(1.,0.,0.));
#1903=DIRECTION('',(0.,-0.819231920519041,-0.573462344363328));
#1904=DIRECTION('',(1.,0.,0.));
#1905=DIRECTION('',(-1.,0.,0.));
#1906=DIRECTION('',(0.,0.,-1.));
#1907=DIRECTION('',(-1.,0.,0.));
#1908=DIRECTION('',(1.,0.,0.));
#1909=DIRECTION('',(0.,-0.819231920519041,0.573462344363328));
#1910=DIRECTION('',(-1.,0.,0.));
#1911=DIRECTION('',(-1.,0.,0.));
#1912=DIRECTION('',(0.,-1.,0.));
#1913=DIRECTION('',(0.,0.,-1.));
#1914=DIRECTION('',(0.,0.,-1.));
#1915=DIRECTION('',(-1.,0.,0.));
#1916=DIRECTION('',(-1.,0.,0.));
#1917=DIRECTION('',(0.,0.,1.));
#1918=DIRECTION('',(1.,0.,0.));
#1919=DIRECTION('',(0.,0.,-1.));
#1920=DIRECTION('',(1.,0.,0.));
#1921=DIRECTION('',(1.,0.,0.));
#1922=DIRECTION('',(0.,-0.707106781186547,0.707106781186548));
#1923=DIRECTION('',(0.,-0.707106781186548,-0.707106781186547));
#1924=DIRECTION('',(0.,-0.707106781186547,0.707106781186548));
#1925=DIRECTION('',(0.,0.590749981189181,-0.806854670758608));
#1926=DIRECTION('',(0.,-0.806854670758608,-0.590749981189181));
#1927=DIRECTION('',(0.,-0.707106781186547,0.707106781186548));
#1928=DIRECTION('',(0.,-0.923879532511287,0.38268343236509));
#1929=DIRECTION('',(0.,-0.382683432365091,-0.923879532511287));
#1930=DIRECTION('',(0.,0.590749981189181,-0.806854670758608));
#1931=DIRECTION('',(0.,0.806854670758608,0.590749981189181));
#1932=DIRECTION('',(0.,0.590749981189181,-0.806854670758608));
#1933=DIRECTION('',(0.,0.806854670758608,0.590749981189181));
#1934=DIRECTION('',(0.,-0.806854670758608,-0.590749981189181));
#1935=DIRECTION('',(0.,0.590749981189181,-0.806854670758608));
#1936=DIRECTION('',(0.,0.806854670758608,0.590749981189181));
#1937=DIRECTION('',(0.,-0.590749981189181,0.806854670758608));
#1938=DIRECTION('',(0.,-0.806854670758608,-0.590749981189181));
#1939=DIRECTION('',(0.,0.806854670758608,0.590749981189181));
#1940=DIRECTION('',(-1.,0.,0.));
#1941=DIRECTION('',(0.,-0.806854670758608,-0.590749981189181));
#1942=DIRECTION('',(1.,0.,0.));
#1943=DIRECTION('',(0.,1.,0.));
#1944=DIRECTION('',(0.,-1.,0.));
#1945=DIRECTION('',(1.,0.,0.));
#1946=DIRECTION('',(0.,1.,0.));
#1947=DIRECTION('',(1.,0.,0.));
#1948=DIRECTION('',(0.,0.,-1.));
#1949=DIRECTION('',(0.,-1.,0.));
#1950=DIRECTION('',(-1.,0.,0.));
#1951=DIRECTION('',(0.,0.,1.));
#1952=DIRECTION('',(0.,-1.,0.));
#1953=DIRECTION('',(0.,0.,1.));
#1954=DIRECTION('',(0.832050294337843,0.,0.55470019622523));
#1955=DIRECTION('',(0.,1.,0.));
#1956=DIRECTION('',(0.,1.,0.));
#1957=DIRECTION('',(-0.524427835967411,0.32583768321551,0.786641753951115));
#1958=DIRECTION('',(0.,0.,-1.));
#1959=DIRECTION('',(-1.,0.,0.));
#1960=DIRECTION('',(0.,-1.,0.));
#1961=DIRECTION('',(-1.,0.,0.));
#1962=DIRECTION('',(0.,-1.,0.));
#1963=DIRECTION('',(0.,0.,-1.));
#1964=DIRECTION('',(1.,0.,0.));
#1965=DIRECTION('',(0.,0.,-1.));
#1966=DIRECTION('',(0.832050294337843,0.392232270276369,0.392232270276368));
#1967=DIRECTION('',(0.,0.707106781186547,-0.707106781186548));
#1968=DIRECTION('',(0.,0.707106781186547,-0.707106781186548));
#1969=DIRECTION('',(0.451592309217088,-0.0683710378336595,-0.889600914703625));
#1970=DIRECTION('',(0.,-0.707106781186547,0.707106781186548));
#1971=DIRECTION('',(0.426401432711222,-0.90453403373329,0.));
#1972=DIRECTION('',(1.,0.,0.));
#1973=DIRECTION('',(0.,1.,0.));
#1974=DIRECTION('',(0.,-0.806854670758608,-0.590749981189181));
#1975=DIRECTION('',(0.,0.,1.));
#1976=DIRECTION('',(0.,0.,1.));
#1977=DIRECTION('',(-0.90453403373329,-0.426401432711222,0.));
#1978=DIRECTION('',(0.426401432711222,-0.904534033733291,0.));
#1979=DIRECTION('',(0.,-0.707106781186548,-0.707106781186547));
#1980=DIRECTION('',(0.,0.707106781186547,-0.707106781186548));
#1981=DIRECTION('',(0.832050294337843,-0.327689130485689,0.447562444195043));
#1982=DIRECTION('',(0.,0.806854670758608,0.590749981189181));
#1983=DIRECTION('',(-0.366439080618608,-0.930442045586607,0.));
#1984=DIRECTION('',(-0.930442045586607,0.366439080618608,0.));
#1985=DIRECTION('',(-0.366439080618608,-0.930442045586607,0.));
#1986=DIRECTION('',(-1.,-1.3695185336659E-16,0.));
#1987=DIRECTION('',(1.3695185336659E-16,-1.,0.));
#1988=DIRECTION('',(-1.,-1.3695185336659E-16,0.));
#1989=DIRECTION('',(1.3695185336659E-16,-1.,0.));
#1990=DIRECTION('',(-1.,-1.3695185336659E-16,0.));
#1991=DIRECTION('',(1.3695185336659E-16,-1.,0.));
#1992=DIRECTION('',(1.,0.,0.));
#1993=DIRECTION('',(0.,0.,-1.));
#1994=DIRECTION('',(-1.,0.,0.));
#1995=DIRECTION('',(0.,0.,1.));
#1996=DIRECTION('',(1.,0.,0.));
#1997=DIRECTION('',(0.,0.,-1.));
#1998=DIRECTION('',(-1.,0.,0.));
#1999=DIRECTION('',(0.,0.,1.));
#2000=DIRECTION('',(-1.,0.,0.));
#2001=DIRECTION('',(0.,0.,1.));
#2002=DIRECTION('',(-1.,0.,0.));
#2003=DIRECTION('',(0.,0.,1.));
#2004=DIRECTION('',(1.,0.,0.));
#2005=DIRECTION('',(0.,0.,-1.));
#2006=DIRECTION('',(1.,0.,0.));
#2007=DIRECTION('',(0.,0.,-1.));
#2008=DIRECTION('',(1.,0.,0.));
#2009=DIRECTION('',(0.,1.,0.));
#2010=DIRECTION('',(1.,0.,0.));
#2011=DIRECTION('',(0.,0.,-1.));
#2012=DIRECTION('',(1.,0.,0.));
#2013=DIRECTION('',(0.,0.,-1.));
#2014=DIRECTION('',(1.,0.,0.));
#2015=DIRECTION('',(0.,1.,0.));
#2016=DIRECTION('',(0.,-0.590749981189181,0.806854670758608));
#2017=DIRECTION('',(1.,0.,0.));
#2018=DIRECTION('',(0.,-0.806854670758608,-0.590749981189181));
#2019=DIRECTION('',(0.,-0.590749981189181,0.806854670758608));
#2020=DIRECTION('',(0.,-0.806854670758608,-0.590749981189181));
#2021=DIRECTION('',(1.,0.,0.));
#2022=DIRECTION('',(-1.,0.,0.));
#2023=DIRECTION('',(0.,-0.806854670758608,-0.590749981189181));
#2024=DIRECTION('',(0.,-0.590749981189181,0.806854670758608));
#2025=DIRECTION('',(0.,-0.806854670758608,-0.590749981189181));
#2026=DIRECTION('',(0.,0.806854670758608,0.590749981189181));
#2027=DIRECTION('',(0.,0.806854670758608,0.590749981189181));
#2028=DIRECTION('',(0.,-0.590749981189181,0.806854670758608));
#2029=DIRECTION('',(0.,-0.806854670758608,-0.590749981189181));
#2030=DIRECTION('',(0.,-0.590749981189181,0.806854670758608));
#2031=DIRECTION('',(0.,-0.806854670758608,-0.590749981189181));
#2032=DIRECTION('',(0.,0.806854670758608,0.590749981189181));
#2033=DIRECTION('',(0.,-0.590749981189181,0.806854670758608));
#2034=DIRECTION('',(0.,-0.590749981189181,0.806854670758608));
#2035=DIRECTION('',(-1.,0.,0.));
#2036=DIRECTION('',(0.,0.,1.));
#2037=DIRECTION('',(0.,-0.590749981189181,0.806854670758608));
#2038=DIRECTION('',(0.,-0.590749981189181,0.806854670758608));
#2039=DIRECTION('',(0.,-0.806854670758608,-0.590749981189181));
#2040=DIRECTION('',(0.,-0.590749981189181,0.806854670758608));
#2041=DIRECTION('',(0.,-0.590749981189181,0.806854670758608));
#2042=DIRECTION('',(0.,-0.806854670758608,-0.590749981189181));
#2043=DIRECTION('',(0.,-0.590749981189181,0.806854670758608));
#2044=DIRECTION('',(0.,-0.590749981189181,0.806854670758608));
#2045=DIRECTION('',(-1.,0.,0.));
#2046=DIRECTION('',(0.,0.,1.));
#2047=DIRECTION('',(0.,-0.590749981189181,0.806854670758608));
#2048=DIRECTION('',(0.,-0.590749981189181,0.806854670758608));
#2049=DIRECTION('',(0.,0.806854670758608,0.590749981189181));
#2050=DIRECTION('',(0.,-0.590749981189181,0.806854670758608));
#2051=DIRECTION('',(0.,-0.590749981189181,0.806854670758608));
#2052=DIRECTION('',(-1.,0.,0.));
#2053=DIRECTION('',(0.,0.,1.));
#2054=DIRECTION('',(1.,0.,0.));
#2055=DIRECTION('',(0.,0.,-1.));
#2056=DIRECTION('',(-1.,0.,0.));
#2057=DIRECTION('',(0.,0.,1.));
#2058=DIRECTION('',(0.,-0.590749981189181,0.806854670758608));
#2059=DIRECTION('',(0.,-0.806854670758608,-0.590749981189181));
#2060=DIRECTION('',(0.,-0.590749981189181,0.806854670758608));
#2061=DIRECTION('',(0.,-0.806854670758608,-0.590749981189181));
#2062=CARTESIAN_POINT('',(0.,0.,0.));
#2063=CARTESIAN_POINT('',(0.0153,0.0352,0.015));
#2064=CARTESIAN_POINT('',(0.0153,0.0306811052810836,0.0211719702526008));
#2065=CARTESIAN_POINT('',(0.0153,0.0208855269804224,0.014));
#2066=CARTESIAN_POINT('',(0.0153,0.0227976667604156,0.0154));
#2067=CARTESIAN_POINT('',(0.0153,0.0352,0.014));
#2068=CARTESIAN_POINT('',(0.0153,0.0352,0.014));
#2069=CARTESIAN_POINT('',(0.0153,0.0352,0.015));
#2070=CARTESIAN_POINT('',(0.0153,0.0352,0.0154));
#2071=CARTESIAN_POINT('',(0.0153,0.0352,0.0154));
#2072=CARTESIAN_POINT('',(0.0193,0.0352,0.0154));
#2073=CARTESIAN_POINT('',(0.0165,0.0202316282571331,0.0154));
#2074=CARTESIAN_POINT('',(0.0205,0.0202316282571331,0.0154));
#2075=CARTESIAN_POINT('',(0.01975,0.0202316282571331,0.0154));
#2076=CARTESIAN_POINT('',(0.01975,0.0352,0.0154));
#2077=CARTESIAN_POINT('',(0.01975,0.0206709266854117,0.0154));
#2078=CARTESIAN_POINT('',(0.0227585119093017,0.0305965207230245,0.0154));
#2079=CARTESIAN_POINT('',(0.0169627095247333,0.0227976667604156,0.0154));
#2080=CARTESIAN_POINT('',(0.0193,0.0227976667604156,0.0154));
#2081=CARTESIAN_POINT('',(0.0193,0.0352,0.0154));
#2082=CARTESIAN_POINT('',(0.022130461058748,0.0352,0.0154));
#2083=CARTESIAN_POINT('',(0.022130461058748,0.0352,0.0154));
#2084=CARTESIAN_POINT('',(0.022130461058748,0.0325461769994944,0.0154));
#2085=CARTESIAN_POINT('',(0.0205922665536703,0.0358091802954673,0.0154));
#2086=CARTESIAN_POINT('',(0.0225,0.0317622665256789,0.0154));
#2087=CARTESIAN_POINT('',(0.0225,0.0277158141285665,0.0154));
#2088=CARTESIAN_POINT('',(0.0225,0.0253099187277667,0.0154));
#2089=CARTESIAN_POINT('',(0.0254423381319034,0.0327809425760803,0.0154));
#2090=CARTESIAN_POINT('',(0.0165,0.0202316282571331,0.0154));
#2091=CARTESIAN_POINT('',(0.01975,0.0202316282571331,0.0154));
#2092=CARTESIAN_POINT('',(0.01975,0.0202316282571331,0.016));
#2093=CARTESIAN_POINT('',(0.0205,0.0202316282571331,0.0154));
#2094=CARTESIAN_POINT('',(0.0205,0.0202316282571331,0.016));
#2095=CARTESIAN_POINT('',(0.0165,0.0202316282571331,0.016));
#2096=CARTESIAN_POINT('',(0.0095,0.036,-0.004));
#2097=CARTESIAN_POINT('',(0.0095,0.047,0.0268));
#2098=CARTESIAN_POINT('',(0.0095,0.044,0.0268));
#2099=CARTESIAN_POINT('',(0.0095,0.0471,-0.00089476756372235));
#2100=CARTESIAN_POINT('',(0.0095,0.0444,-0.00089476756372235));
#2101=CARTESIAN_POINT('',(0.0095,0.0409,0.000405232436277655));
#2102=CARTESIAN_POINT('',(0.0095,0.0382,0.000405232436277655));
#2103=CARTESIAN_POINT('',(0.0095,0.0427573593128809,0.0225573593128807));
#2104=CARTESIAN_POINT('',(0.0095,0.0418473593128809,0.0225573593128807));
#2105=CARTESIAN_POINT('',(0.0095,0.0512426406871195,0.0310426406871192));
#2106=CARTESIAN_POINT('',(0.0095,0.0503326406871195,0.0310426406871192));
#2107=CARTESIAN_POINT('',(0.0095,0.0303259660117683,0.0209119500478837));
#2108=CARTESIAN_POINT('',(0.0095,0.0383037441807897,0.0267529923992279));
#2109=CARTESIAN_POINT('',(0.0095,0.0358831801685138,0.0249807424556603));
#2110=CARTESIAN_POINT('',(0.0095,0.0383037441807897,0.0267529923992279));
#2111=CARTESIAN_POINT('',(0.0095,0.0371222442184113,0.0283667017407451));
#2112=CARTESIAN_POINT('',(0.0095,0.0253072445946277,0.0445037951559173));
#2113=CARTESIAN_POINT('',(0.0095,0.039,0.0299261256093593));
#2114=CARTESIAN_POINT('',(0.0095,0.039,0.0243630628046797));
#2115=CARTESIAN_POINT('',(0.0095,0.039,0.0318));
#2116=CARTESIAN_POINT('',(0.0095,0.0211946308724834,0.0063637583892616));
#2117=CARTESIAN_POINT('',(0.0095,0.0411,0.0348));
#2118=CARTESIAN_POINT('',(0.0095,0.047,0.0348));
#2119=CARTESIAN_POINT('',(0.0095,0.0529,0.0348));
#2120=CARTESIAN_POINT('',(0.0095,0.0655704697986578,0.0166993288590605));
#2121=CARTESIAN_POINT('',(0.0095,0.055,0.0318));
#2122=CARTESIAN_POINT('',(0.0095,0.055,0.0268));
#2123=CARTESIAN_POINT('',(0.0095,0.055,0.0218));
#2124=CARTESIAN_POINT('',(0.0095,0.0366308724832217,-0.00444161073825516));
#2125=CARTESIAN_POINT('',(0.0095,0.0529,0.0188));
#2126=CARTESIAN_POINT('',(0.0095,0.047,0.0188));
#2127=CARTESIAN_POINT('',(0.0095,0.0519179835883182,0.0188));
#2128=CARTESIAN_POINT('',(0.0095,0.0502195188375851,0.0153836729575261));
#2129=CARTESIAN_POINT('',(0.0095,0.0474265269839395,0.00976579151789068));
#2130=CARTESIAN_POINT('',(0.0095,0.0519037356014716,0.00753989776591243));
#2131=CARTESIAN_POINT('',(0.0095,0.0469272613170393,0.00705543549041155));
#2132=CARTESIAN_POINT('',(0.0095,0.0467883667441932,0.00848218284509627));
#2133=CARTESIAN_POINT('',(0.0095,0.0470169818768335,0.00613381149370414));
#2134=CARTESIAN_POINT('',(0.0095,0.0519934561612659,0.00661827376920501));
#2135=CARTESIAN_POINT('',(0.0095,0.0504684475069498,0.00185651478703664));
#2136=CARTESIAN_POINT('',(0.0095,0.0390470782847468,0.00551434101747456));
#2137=CARTESIAN_POINT('',(0.0095,0.055,0.000405232436277653));
#2138=CARTESIAN_POINT('',(0.0095,0.055,-0.008));
#2139=CARTESIAN_POINT('',(0.0095,0.055,-0.0062));
#2140=CARTESIAN_POINT('',(0.0095,0.036,-0.0062));
#2141=CARTESIAN_POINT('',(0.0095,0.0202316282571331,-0.0062));
#2142=CARTESIAN_POINT('',(0.0095,0.0202316282571331,-0.004));
#2143=CARTESIAN_POINT('',(0.0095,0.0202316282571331,0.016));
#2144=CARTESIAN_POINT('',(0.0095,0.02914446604939,0.022525659389401));
#2145=CARTESIAN_POINT('',(0.0095,0.0347016802061355,0.0265944517971776));
#2146=CARTESIAN_POINT('',(0.0095,0.0358831801685138,0.0249807424556603));
#2147=CARTESIAN_POINT('',(0.0165,0.02914446604939,0.022525659389401));
#2148=CARTESIAN_POINT('',(0.01125,0.0294837909085309,0.0227741008515618));
#2149=CARTESIAN_POINT('',(0.01125,0.0347016802061355,0.0265944517971776));
#2150=CARTESIAN_POINT('',(0.01125,0.0242659016109261,0.0189537499059459));
#2151=CARTESIAN_POINT('',(0.010375,0.0347016802061355,0.0265944517971776));
#2152=CARTESIAN_POINT('',(0.0165,0.0202316282571331,0.016));
#2153=CARTESIAN_POINT('',(0.01475,0.0202316282571331,0.016));
#2154=CARTESIAN_POINT('',(0.0165714285714286,0.0242659016109261,0.0189537499059459));
#2155=CARTESIAN_POINT('',(0.0345,0.0427573593128809,0.0225573593128807));
#2156=CARTESIAN_POINT('',(0.0125,0.0427573593128809,0.0225573593128807));
#2157=CARTESIAN_POINT('',(0.0125,0.0427573593128809,0.0216473593128806));
#2158=CARTESIAN_POINT('',(0.0345,0.0512426406871195,0.0310426406871192));
#2159=CARTESIAN_POINT('',(0.0125,0.0512426406871195,0.0310426406871192));
#2160=CARTESIAN_POINT('',(0.0125,0.0512426406871195,0.0301326406871192));
#2161=CARTESIAN_POINT('',(0.0195,0.0373652667812701,0.0183282573935183));
#2162=CARTESIAN_POINT('',(0.0195,0.0512426406871195,0.0310426406871192));
#2163=CARTESIAN_POINT('',(0.0195,0.0493915850771518,0.0318));
#2164=CARTESIAN_POINT('',(0.0195,0.052,0.0291915850771515));
#2165=CARTESIAN_POINT('',(0.0195,0.039,0.0318));
#2166=CARTESIAN_POINT('',(0.0195,0.042,0.0318));
#2167=CARTESIAN_POINT('',(0.0195,0.042,0.0183282573935183));
#2168=CARTESIAN_POINT('',(0.0195,0.042,0.0244084149228484));
#2169=CARTESIAN_POINT('',(0.0195,0.0427573593128809,0.0225573593128807));
#2170=CARTESIAN_POINT('',(0.0195,0.0446084149228486,0.0218));
#2171=CARTESIAN_POINT('',(0.0195,0.0373652667812701,0.0218));
#2172=CARTESIAN_POINT('',(0.0195,0.052,0.0218));
#2173=CARTESIAN_POINT('',(0.0195,0.052,0.0348));
#2174=CARTESIAN_POINT('',(0.,0.0275,-0.0062));
#2175=CARTESIAN_POINT('',(-0.0055,0.055,-0.0062));
#2176=CARTESIAN_POINT('',(0.0165,0.055,-0.0062));
#2177=CARTESIAN_POINT('',(0.0165,0.03975,-0.0062));
#2178=CARTESIAN_POINT('',(0.0165,0.0253045454545455,-0.0062));
#2179=CARTESIAN_POINT('',(0.,0.0253045454545455,-0.0062));
#2180=CARTESIAN_POINT('',(0.0138,0.0253045454545455,-0.0062));
#2181=CARTESIAN_POINT('',(0.0138,0.0231604588336235,-0.0062));
#2182=CARTESIAN_POINT('',(0.0118,0.0231604588336235,-0.0062));
#2183=CARTESIAN_POINT('',(0.0118,0.0183522727272727,-0.0062));
#2184=CARTESIAN_POINT('',(0.0118,0.0202316282571331,-0.0062));
#2185=CARTESIAN_POINT('',(0.0165,0.0202316282571331,-0.0062));
#2186=CARTESIAN_POINT('',(0.0165,0.03975,0.02565));
#2187=CARTESIAN_POINT('',(0.0165,0.0471,-0.00089476756372235));
#2188=CARTESIAN_POINT('',(0.0165,0.0471,0.00050523243627765));
#2189=CARTESIAN_POINT('',(0.0165,0.0409,0.000405232436277655));
#2190=CARTESIAN_POINT('',(0.0165,0.0409,0.00180523243627765));
#2191=CARTESIAN_POINT('',(0.0165,0.055,0.02565));
#2192=CARTESIAN_POINT('',(0.0165,0.055,0.000405232436277655));
#2193=CARTESIAN_POINT('',(0.0165,0.06125,-0.00159640270005912));
#2194=CARTESIAN_POINT('',(0.0165,0.0504684475069498,0.00185651478703664));
#2195=CARTESIAN_POINT('',(0.0165,0.0519934561612659,0.00661827376920501));
#2196=CARTESIAN_POINT('',(0.0165,0.0495231888069885,0.00227111616930237));
#2197=CARTESIAN_POINT('',(0.0165,0.0537704262635402,0.022386269445085));
#2198=CARTESIAN_POINT('',(0.0165,0.035,0.014));
#2199=CARTESIAN_POINT('',(0.0165,0.0181329889849161,0.014));
#2200=CARTESIAN_POINT('',(0.0165,0.0202316282571331,0.014));
#2201=CARTESIAN_POINT('',(0.0165,0.0202316282571331,0.02565));
#2202=CARTESIAN_POINT('',(0.0165,0.0202316282571331,0.00692990333447899));
#2203=CARTESIAN_POINT('',(0.0165,0.0216219827888822,0.00333133866406947));
#2204=CARTESIAN_POINT('',(0.,0.0275,0.014));
#2205=CARTESIAN_POINT('',(-0.1,0.035,0.014));
#2206=CARTESIAN_POINT('',(0.0225,0.035,0.014));
#2207=CARTESIAN_POINT('',(0.0225,0.0335988364697003,0.014));
#2208=CARTESIAN_POINT('',(0.0225,0.0352,0.014));
#2209=CARTESIAN_POINT('',(0.0193,0.0352,0.014));
#2210=CARTESIAN_POINT('',(0.0153,0.0352,0.014));
#2211=CARTESIAN_POINT('',(0.0153,0.0202316282571331,0.014));
#2212=CARTESIAN_POINT('',(4.30525615942377E-18,0.0202316282571331,0.014));
#2213=CARTESIAN_POINT('',(0.0165,0.0202316282571331,0.0154));
#2214=CARTESIAN_POINT('',(0.0153,0.0202316282571331,0.0154));
#2215=CARTESIAN_POINT('',(0.0153,0.0202316282571331,0.0135212388643427));
#2216=CARTESIAN_POINT('',(0.0165,0.0202316282571331,0.0135212388643427));
#2217=CARTESIAN_POINT('',(0.01475,0.0202316282571331,0.0135212388643427));
#2218=CARTESIAN_POINT('',(0.01475,0.0202316282571331,0.0154));
#2219=CARTESIAN_POINT('',(0.0118,0.0202316282571331,0.014002));
#2220=CARTESIAN_POINT('',(0.0118,0.0202316282571331,0.00138050266856336));
#2221=CARTESIAN_POINT('',(0.0138,0.0202316282571331,0.00138050266856336));
#2222=CARTESIAN_POINT('',(0.0138,0.0202316282571331,0.00692990333447901));
#2223=CARTESIAN_POINT('',(0.0165,0.0202316282571331,0.006929903334479));
#2224=CARTESIAN_POINT('',(0.0118,0.0183522727272727,0.014002));
#2225=CARTESIAN_POINT('',(0.0118,0.0156344037311888,0.0132792014415957));
#2226=CARTESIAN_POINT('',(0.0138,0.0157444310652031,0.0129944248123822));
#2227=CARTESIAN_POINT('',(0.0138,0.0253045454545455,-0.0062));
#2228=CARTESIAN_POINT('',(0.0165,0.0216219827888822,0.00333133866406947));
#2229=CARTESIAN_POINT('',(-0.1,0.0519934561612659,0.00661827376920501));
#2230=CARTESIAN_POINT('',(-0.1,0.0504684475069498,0.00185651478703664));
#2231=CARTESIAN_POINT('',(-0.1,0.0470169818768335,0.00613381149370414));
#2232=CARTESIAN_POINT('',(0.0205,0.0470169818768335,0.00613381149370414));
#2233=CARTESIAN_POINT('',(0.0205,0.0519934561612659,0.00661827376920501));
#2234=CARTESIAN_POINT('',(0.0205,0.0495231888069885,0.00227111616930236));
#2235=CARTESIAN_POINT('',(-2.77555756156289E-17,0.0495231888069885,0.00227111616930237));
#2236=CARTESIAN_POINT('',(-0.1,0.06125,-0.00159640270005912));
#2237=CARTESIAN_POINT('',(-0.0055,0.055,0.000405232436277653));
#2238=CARTESIAN_POINT('',(-0.0055,0.055,-0.008));
#2239=CARTESIAN_POINT('',(-0.1,0.0537704262635402,0.022386269445085));
#2240=CARTESIAN_POINT('',(0.0225,0.0444052884940456,0.0040845588179619));
#2241=CARTESIAN_POINT('',(0.0220876003726495,0.0451918547776145,0.0036820662990634));
#2242=CARTESIAN_POINT('',(0.0213046592517467,0.0468169609400165,0.00297760420448132));
#2243=CARTESIAN_POINT('',(0.0206952768462744,0.0485797505113073,0.00247031954659835));
#2244=CARTESIAN_POINT('',(0.0205,0.0495231888069885,0.00227111616930236));
#2245=CARTESIAN_POINT('',(0.0225,0.0444052884940456,0.0040845588179619));
#2246=CARTESIAN_POINT('',(0.0225,0.0537704262635402,0.022386269445085));
#2247=CARTESIAN_POINT('',(0.0174,0.039,0.0218));
#2248=CARTESIAN_POINT('',(0.020401257582328,0.0427573593128809,0.0225573593128807));
#2249=CARTESIAN_POINT('',(0.0187344125920391,0.0409063037029132,0.0218));
#2250=CARTESIAN_POINT('',(0.0188352753003386,0.0417151179858596,0.0208503932861979));
#2251=CARTESIAN_POINT('',(0.0174,0.039,0.0218));
#2252=CARTESIAN_POINT('',(0.0174,0.039,0.0218));
#2253=CARTESIAN_POINT('',(0.0174,0.039,0.0218));
#2254=CARTESIAN_POINT('',(0.0174,0.0411,0.0188));
#2255=CARTESIAN_POINT('',(0.01845,0.04155,0.0203));
#2256=CARTESIAN_POINT('',(0.0165,0.03975,0.02565));
#2257=CARTESIAN_POINT('',(0.0165,0.047,0.0188));
#2258=CARTESIAN_POINT('',(0.0165,0.0444605849957396,0.0188));
#2259=CARTESIAN_POINT('',(0.0165,0.0519179835883182,0.0188));
#2260=CARTESIAN_POINT('',(0.0165,0.0499165913705571,0.0133439936251824));
#2261=CARTESIAN_POINT('',(0.0165,0.0494416113030409,0.0138189736926986));
#2262=CARTESIAN_POINT('',(0.0165,0.0502195188375851,0.0153836729575261));
#2263=CARTESIAN_POINT('',(0.0195,0.0373652667812701,0.0218));
#2264=CARTESIAN_POINT('',(0.0200301515190165,0.0427573593128809,0.0225573593128807));
#2265=CARTESIAN_POINT('',(0.0174,0.047,0.0188));
#2266=CARTESIAN_POINT('',(0.0174,0.0529,0.0188));
#2267=CARTESIAN_POINT('',(0.0174,0.0529,0.0188));
#2268=CARTESIAN_POINT('',(0.0174,0.0529,0.0188));
#2269=CARTESIAN_POINT('',(0.0174,0.0529,0.0188));
#2270=CARTESIAN_POINT('',(0.0174,0.055,0.0218));
#2271=CARTESIAN_POINT('',(0.018386577181208,0.0535906040268458,0.0218));
#2272=CARTESIAN_POINT('',(0.0174,0.055,0.0268));
#2273=CARTESIAN_POINT('',(0.0200301515190165,0.0512426406871195,0.0310426406871192));
#2274=CARTESIAN_POINT('',(0.0187344125920391,0.0530936962970872,0.0318));
#2275=CARTESIAN_POINT('',(0.0174,0.055,0.0188));
#2276=CARTESIAN_POINT('',(0.0174,0.055,0.0318));
#2277=CARTESIAN_POINT('',(0.0174,0.055,0.0318));
#2278=CARTESIAN_POINT('',(0.0174,0.055,0.0318));
#2279=CARTESIAN_POINT('',(0.020401257582328,0.0512426406871195,0.0310426406871192));
#2280=CARTESIAN_POINT('',(0.0188352753003386,0.0522848820141408,0.0327496067138019));
#2281=CARTESIAN_POINT('',(0.0174,0.055,0.0318));
#2282=CARTESIAN_POINT('',(0.0174,0.0529,0.0348));
#2283=CARTESIAN_POINT('',(0.01845,0.05245,0.0333));
#2284=CARTESIAN_POINT('',(0.0174,0.047,0.0348));
#2285=CARTESIAN_POINT('',(0.0200301515190165,0.0512426406871195,0.0310426406871192));
#2286=CARTESIAN_POINT('',(0.0174,0.055,0.0348));
#2287=CARTESIAN_POINT('',(0.0174,0.0411,0.0348));
#2288=CARTESIAN_POINT('',(0.0174,0.0411,0.0348));
#2289=CARTESIAN_POINT('',(0.0174,0.0411,0.0348));
#2290=CARTESIAN_POINT('',(0.0174,0.0411,0.0348));
#2291=CARTESIAN_POINT('',(0.0174,0.039,0.0318));
#2292=CARTESIAN_POINT('',(0.018386577181208,0.0404093959731546,0.0318));
#2293=CARTESIAN_POINT('',(0.0195,0.042,0.0183282573935183));
#2294=CARTESIAN_POINT('',(0.0200301515190165,0.0427573593128809,0.0225573593128807));
#2295=CARTESIAN_POINT('',(0.0174,0.039,0.0243630628046797));
#2296=CARTESIAN_POINT('',(0.0185,0.0386802924978698,0.0245802924978697));
#2297=CARTESIAN_POINT('',(0.0185,0.0444605849957396,0.0188));
#2298=CARTESIAN_POINT('',(0.0173634705473308,0.0421332256323341,0.0188));
#2299=CARTESIAN_POINT('',(0.0185,0.0428148934076176,0.0204456915881219));
#2300=CARTESIAN_POINT('',(0.0185,0.0419864662828714,0.0184456915881219));
#2301=CARTESIAN_POINT('',(0.0185,0.0419864662828714,0.0184456915881219));
#2302=CARTESIAN_POINT('',(0.0185,0.048502377808184,0.0119297800628093));
#2303=CARTESIAN_POINT('',(0.0185,0.0494416113030409,0.0138189736926986));
#2304=CARTESIAN_POINT('',(0.0225,0.0444864662828714,0.0159456915881219));
#2305=CARTESIAN_POINT('',(0.0225,0.048502377808184,0.0119297800628093));
#2306=CARTESIAN_POINT('',(0.0205,0.048502377808184,0.0119297800628093));
#2307=CARTESIAN_POINT('',(0.0225,0.0419864662828714,0.0184456915881219));
#2308=CARTESIAN_POINT('',(0.0205,0.0419864662828714,0.0184456915881219));
#2309=CARTESIAN_POINT('',(0.0205,0.0444864662828714,0.0159456915881219));
#2310=CARTESIAN_POINT('',(0.0205,0.0444864662828714,0.0159456915881219));
#2311=CARTESIAN_POINT('',(0.022457980695743,0.0449323719915591,0.0113462815972575));
#2312=CARTESIAN_POINT('',(0.0225,0.0448557577731788,0.0113337594106952));
#2313=CARTESIAN_POINT('',(0.0211041462040521,0.0416110979558095,0.0175394722820437));
#2314=CARTESIAN_POINT('',(0.0225,0.0407438255957521,0.0154456915881219));
#2315=CARTESIAN_POINT('',(0.0225,0.0381865014542008,0.0180030157296732));
#2316=CARTESIAN_POINT('',(0.0225,0.0449323004339129,0.0114877188977295));
#2317=CARTESIAN_POINT('',(0.0225,0.0447402018134201,0.0111013277690776));
#2318=CARTESIAN_POINT('',(0.0225,0.0447402018134201,0.0111013277690776));
#2319=CARTESIAN_POINT('',(0.0205,0.0474265269839395,0.00976579151789068));
#2320=CARTESIAN_POINT('',(0.0205,0.0474265269839395,0.00976579151789068));
#2321=CARTESIAN_POINT('',(0.0225,0.0458160526376647,0.0132653163139962));
#2322=CARTESIAN_POINT('',(0.0225,0.0519037356014716,0.00753989776591243));
#2323=CARTESIAN_POINT('',(0.0225,0.0439413767463799,0.00676475812511103));
#2324=CARTESIAN_POINT('',(0.0225,0.0439413767463799,0.00676475812511103));
#2325=CARTESIAN_POINT('',(0.0205,0.0469272613170393,0.00705543549041155));
#2326=CARTESIAN_POINT('',(0.0205,0.0519037356014716,0.00753989776591243));
#2327=CARTESIAN_POINT('',(0.0225,0.0519037356014716,0.00753989776591243));
#2328=CARTESIAN_POINT('',(0.0225,0.0429873899450446,0.0165642637308351));
#2329=CARTESIAN_POINT('',(0.0225,0.0440310973061741,0.00584313412840362));
#2330=CARTESIAN_POINT('',(0.0225,0.0440310973061741,0.00584313412840362));
#2331=CARTESIAN_POINT('',(0.0205,0.0470169818768335,0.00613381149370414));
#2332=CARTESIAN_POINT('',(0.0225,0.0439413767463799,0.00676475812511103));
#2333=CARTESIAN_POINT('',(0.009498,0.0411,0.0188));
#2334=CARTESIAN_POINT('',(0.009498,0.039,0.0218));
#2335=CARTESIAN_POINT('',(0.0165,0.039,0.0218));
#2336=CARTESIAN_POINT('',(0.0165,0.0411,0.0188));
#2337=CARTESIAN_POINT('',(0.0165,0.0399480158883148,0.0204456915881219));
#2338=CARTESIAN_POINT('',(0.0185,0.0399480158883148,0.0204456915881219));
#2339=CARTESIAN_POINT('',(0.0173634705473308,0.0411,0.0188));
#2340=CARTESIAN_POINT('',(0.009498,0.0411,0.0188));
#2341=CARTESIAN_POINT('',(1.04083408558608E-17,0.0352,0.0049));
#2342=CARTESIAN_POINT('',(0.022130461058748,0.0352,0.0154));
#2343=CARTESIAN_POINT('',(0.022130461058748,0.0352,0.016));
#2344=CARTESIAN_POINT('',(0.0225,0.0352,0.015));
#2345=CARTESIAN_POINT('',(0.0225,0.0352,0.0154456915881219));
#2346=CARTESIAN_POINT('',(0.0204441653483639,0.0352,0.018529443565576));
#2347=CARTESIAN_POINT('',(-0.1,0.0467883667441932,0.00848218284509628));
#2348=CARTESIAN_POINT('',(0.0165,0.0469272613170393,0.00705543549041155));
#2349=CARTESIAN_POINT('',(0.0165,0.0519037356014716,0.00753989776591243));
#2350=CARTESIAN_POINT('',(0.0095,0.0474265269839395,0.00976579151789068));
#2351=CARTESIAN_POINT('',(0.0165,0.0502195188375851,0.0153836729575261));
#2352=CARTESIAN_POINT('',(0.0165,0.0519179835883182,0.0188));
#2353=CARTESIAN_POINT('',(0.009498,0.047,0.0188));
#2354=CARTESIAN_POINT('',(0.0173634705473308,0.0377728409537739,0.0188));
#2355=CARTESIAN_POINT('',(0.0195,0.0529,0.0188));
#2356=CARTESIAN_POINT('',(0.009498,0.0529,0.0188));
#2357=CARTESIAN_POINT('',(0.0095,0.055,0.0218));
#2358=CARTESIAN_POINT('',(0.009498,0.055,0.0268));
#2359=CARTESIAN_POINT('',(0.009498,0.055,0.0318));
#2360=CARTESIAN_POINT('',(0.009498,0.055,0.0318));
#2361=CARTESIAN_POINT('',(0.009498,0.0529,0.0348));
#2362=CARTESIAN_POINT('',(0.009498,0.047,0.0348));
#2363=CARTESIAN_POINT('',(0.0195,0.0411,0.0348));
#2364=CARTESIAN_POINT('',(0.009498,0.0411,0.0348));
#2365=CARTESIAN_POINT('',(0.0095,0.039,0.0318));
#2366=CARTESIAN_POINT('',(0.009498,0.039,0.0243630628046797));
#2367=CARTESIAN_POINT('',(0.0165,0.039,0.0243630628046797));
#2368=CARTESIAN_POINT('',(0.0165,0.039,0.0299261256093593));
#2369=CARTESIAN_POINT('',(0.0165,0.039,0.0299261256093593));
#2370=CARTESIAN_POINT('',(0.0165,0.0253072445946277,0.0445037951559173));
#2371=CARTESIAN_POINT('',(0.0165,0.0253072445946277,0.0445037951559173));
#2372=CARTESIAN_POINT('',(0.0165,0.0371222442184113,0.0283667017407451));
#2373=CARTESIAN_POINT('',(0.0095,0.0371222442184113,0.0283667017407451));
#2374=CARTESIAN_POINT('',(0.01275,0.0371222442184113,0.0283667017407451));
#2375=CARTESIAN_POINT('',(0.0095,0.0371222442184113,0.0283667017407451));
#2376=CARTESIAN_POINT('',(0.0185,0.0328626912550672,0.0219706430824773));
#2377=CARTESIAN_POINT('',(0.0165,0.0344666671687722,0.0203666671687722));
#2378=CARTESIAN_POINT('',(0.0165,0.0309706261662638,0.0238627081712806));
#2379=CARTESIAN_POINT('',(0.0165,0.0343876427494225,0.0204456915881219));
#2380=CARTESIAN_POINT('',(0.0185,0.0309706261662638,0.0238627081712806));
#2381=CARTESIAN_POINT('',(0.0185,0.0293377397607118,0.0226671674520865));
#2382=CARTESIAN_POINT('',(0.0185,0.031448477692694,0.0205564295201042));
#2383=CARTESIAN_POINT('',(0.0185,0.0335592156246763,0.0184456915881219));
#2384=CARTESIAN_POINT('',(0.0185,0.0343876427494225,0.0204456915881219));
#2385=CARTESIAN_POINT('',(0.0165,0.02914446604939,0.022525659389401));
#2386=CARTESIAN_POINT('',(0.01275,0.0355085348768941,0.0271852017783668));
#2387=CARTESIAN_POINT('',(0.01475,0.0355085348768941,0.0271852017783668));
#2388=CARTESIAN_POINT('',(0.01475,0.0306940729146687,0.0236602258233455));
#2389=CARTESIAN_POINT('',(0.01475,0.0249479279539915,0.0194531050735346));
#2390=CARTESIAN_POINT('',(0.01875,0.0249479279539915,0.0194531050735346));
#2391=CARTESIAN_POINT('',(0.0152298738089424,0.0234151776703686,0.018330880422636));
#2392=CARTESIAN_POINT('',(0.0227585119093017,0.0266933334969791,0.0207310282597733));
#2393=CARTESIAN_POINT('',(0.0205,0.0293377397607118,0.0226671674520865));
#2394=CARTESIAN_POINT('',(0.0205,0.0293377397607118,0.0226671674520865));
#2395=CARTESIAN_POINT('',(0.0225,0.0293377397607118,0.0226671674520865));
#2396=CARTESIAN_POINT('',(0.0165,0.02914446604939,0.022525659389401));
#2397=CARTESIAN_POINT('',(0.0165,0.03975,0.02565));
#2398=CARTESIAN_POINT('',(0.0165,0.03975,0.0204456915881219));
#2399=CARTESIAN_POINT('',(0.0225,0.0360748059227256,0.015891320198198));
#2400=CARTESIAN_POINT('',(0.0225,0.0519934561612659,0.00661827376920501));
#2401=CARTESIAN_POINT('',(0.0225,0.0335592156246763,0.0154456915881219));
#2402=CARTESIAN_POINT('',(0.022130461058748,0.0352,0.0154));
#2403=CARTESIAN_POINT('',(0.022130461058748,0.0352,0.016));
#2404=CARTESIAN_POINT('',(0.022130461058748,0.0325461769994944,0.016));
#2405=CARTESIAN_POINT('',(0.022130461058748,0.0325461769994944,0.0154));
#2406=CARTESIAN_POINT('',(0.0225,0.0360748059227256,0.0154456915881219));
#2407=CARTESIAN_POINT('',(0.0205,0.0419864662828714,0.0184456915881219));
#2408=CARTESIAN_POINT('',(0.0205,0.0335592156246763,0.0184456915881219));
#2409=CARTESIAN_POINT('',(0.0218577996862565,0.0327155870571262,0.0164089920587371));
#2410=CARTESIAN_POINT('',(0.0225,0.0377728409537739,0.0184456915881219));
#2411=CARTESIAN_POINT('',(0.0185,0.0377728409537739,0.0184456915881219));
#2412=CARTESIAN_POINT('',(0.0225,0.0335592156246763,0.0184456915881219));
#2413=CARTESIAN_POINT('',(0.0185,0.0377728409537739,0.0204456915881219));
#2414=CARTESIAN_POINT('',(0.0225,0.0519934561612659,0.00661827376920501));
#2415=CARTESIAN_POINT('',(0.0225,0.0339728761251033,0.0137893904005757));
#2416=CARTESIAN_POINT('',(0.0205,0.0335592156246763,0.0184456915881219));
#2417=CARTESIAN_POINT('',(0.0243312884324596,0.0287576830125766,0.0151198341064004));
#2418=CARTESIAN_POINT('',(0.0225,0.0290349399280389,0.0187273265976401));
#2419=CARTESIAN_POINT('',(0.0225,0.0272164194171522,0.0205458471085268));
#2420=CARTESIAN_POINT('',(0.0225,0.0317622665256789,0.016));
#2421=CARTESIAN_POINT('',(0.0205922665536703,0.0358091802954673,0.016));
#2422=CARTESIAN_POINT('',(0.0225,0.0360748059227256,0.015891320198198));
#2423=CARTESIAN_POINT('',(0.0225,0.0220038782007007,0.0135794359877242));
#2424=CARTESIAN_POINT('',(0.0225,0.0253099187277667,0.016));
#2425=CARTESIAN_POINT('',(0.0225,0.0253099187277667,0.0154));
#2426=CARTESIAN_POINT('',(0.0225,0.0317622665256789,0.0154));
#2427=CARTESIAN_POINT('',(0.0205922665536703,0.0358091802954673,0.0154));
#2428=CARTESIAN_POINT('',(0.0225,0.031448477692694,0.0205564295201042));
#2429=CARTESIAN_POINT('',(0.0225,0.0322662137886748,0.021093149144832));
#2430=CARTESIAN_POINT('',(0.0254423381319034,0.0327809425760803,0.016));
#2431=CARTESIAN_POINT('',(0.0254423381319034,0.0327809425760803,0.0154));
#2432=CARTESIAN_POINT('',(0.0115,0.047,0.0268));
#2433=CARTESIAN_POINT('',(0.0115,0.047,0.0268));
#2434=CARTESIAN_POINT('',(0.0115,0.044,0.0268));
#2435=CARTESIAN_POINT('',(0.0115,0.0376158141285666,0.0143));
#2436=CARTESIAN_POINT('',(-0.0085,0.0409,0.000405232436277655));
#2437=CARTESIAN_POINT('',(0.0115,0.0409,0.000405232436277655));
#2438=CARTESIAN_POINT('',(0.0115,0.0409,0.00180523243627765));
#2439=CARTESIAN_POINT('',(-0.0085,0.0471,-0.00089476756372235));
#2440=CARTESIAN_POINT('',(0.0115,0.0471,-0.00089476756372235));
#2441=CARTESIAN_POINT('',(0.0115,0.0471,0.00050523243627765));
#2442=CARTESIAN_POINT('',(0.0095,0.0471,-0.00089476756372235));
#2443=CARTESIAN_POINT('',(0.0095,0.0409,0.000405232436277655));
#2444=CARTESIAN_POINT('',(0.0125,0.0512426406871195,0.0310426406871192));
#2445=CARTESIAN_POINT('',(0.0125,0.0512426406871195,0.0310426406871192));
#2446=CARTESIAN_POINT('',(0.0125,0.0512426406871195,0.0290426406871192));
#2447=CARTESIAN_POINT('',(0.0125,0.047,0.0268));
#2448=CARTESIAN_POINT('',(0.0125,0.0427573593128809,0.0225573593128807));
#2449=CARTESIAN_POINT('',(0.0125,0.0427573593128809,0.0225573593128807));
#2450=CARTESIAN_POINT('',(0.0125,0.0427573593128809,0.0205573593128806));
#2451=CARTESIAN_POINT('',(0.0125,0.047,0.0268));
#2452=CARTESIAN_POINT('',(0.015,0.0298584362001506,0.0205696415288554));
#2453=CARTESIAN_POINT('',(0.01475,0.0318755728770471,0.0220465164818283));
#2454=CARTESIAN_POINT('',(0.01475,0.0366900348392725,0.0255714924368495));
#2455=CARTESIAN_POINT('',(0.01475,0.0261294279163698,0.0178393957320174));
#2456=CARTESIAN_POINT('',(0.01275,0.0366900348392725,0.0255714924368495));
#2457=CARTESIAN_POINT('',(0.01275,0.0383037441807897,0.0267529923992279));
#2458=CARTESIAN_POINT('',(0.0095,0.0383037441807897,0.0267529923992279));
#2459=CARTESIAN_POINT('',(0.010375,0.0358831801685138,0.0249807424556603));
#2460=CARTESIAN_POINT('',(0.01125,0.0358831801685138,0.0249807424556603));
#2461=CARTESIAN_POINT('',(0.01125,0.0306652908709092,0.0211603915100445));
#2462=CARTESIAN_POINT('',(0.01125,0.0254474015733045,0.0173400405644287));
#2463=CARTESIAN_POINT('',(0.0165714285714286,0.0254474015733045,0.0173400405644287));
#2464=CARTESIAN_POINT('',(0.01475,0.0214131282195115,0.0143862906584828));
#2465=CARTESIAN_POINT('',(0.01475,0.00124176145054626,-0.00038245887124675));
#2466=CARTESIAN_POINT('',(0.0153,0.00124176145054626,-0.00038245887124675));
#2467=CARTESIAN_POINT('',(0.0227585119093017,0.0278748334593574,0.0191173189182561));
#2468=CARTESIAN_POINT('',(0.0152298738089424,0.0245966776327469,0.0167171710811188));
#2469=CARTESIAN_POINT('',(0.01875,0.0261294279163698,0.0178393957320174));
#2470=CARTESIAN_POINT('',(0.010375,0.0358831801685138,0.0249807424556603));
#2471=CARTESIAN_POINT('',(0.01125,0.0358831801685138,0.0249807424556603));
#2472=CARTESIAN_POINT('',(0.01125,0.0306652908709092,0.0211603915100445));
#2473=CARTESIAN_POINT('',(0.01125,0.0254474015733045,0.0173400405644287));
#2474=CARTESIAN_POINT('',(0.0165714285714286,0.0254474015733045,0.0173400405644287));
#2475=CARTESIAN_POINT('',(0.01475,0.0214131282195115,0.0143862906584828));
#2476=CARTESIAN_POINT('',(0.0227585119093017,0.0278748334593574,0.0191173189182561));
#2477=CARTESIAN_POINT('',(0.0152298738089424,0.0245966776327469,0.0167171710811188));
#2478=CARTESIAN_POINT('',(0.01975,0.0214131282195115,0.0143862906584828));
#2479=CARTESIAN_POINT('',(0.01475,0.0318755728770471,0.0220465164818283));
#2480=CARTESIAN_POINT('',(0.01475,0.0366900348392725,0.0255714924368495));
#2481=CARTESIAN_POINT('',(0.01475,0.0261294279163698,0.0178393957320174));
#2482=CARTESIAN_POINT('',(0.0095,0.0383037441807897,0.0267529923992279));
#2483=CARTESIAN_POINT('',(0.01275,0.0383037441807897,0.0267529923992279));
#2484=CARTESIAN_POINT('',(0.01975,0.00124176145054625,-0.000382458871246747));
#2485=CARTESIAN_POINT('',(0.0153,0.00576065616946266,-0.00655442912384755));
#2486=CARTESIAN_POINT('',(0.01475,0.00124176145054626,-0.00038245887124675));
#2487=CARTESIAN_POINT('',(0.01875,0.0261294279163698,0.0178393957320174));
#2488=CARTESIAN_POINT('',(0.01275,0.0366900348392725,0.0255714924368495));
#2489=MECHANICAL_DESIGN_GEOMETRIC_PRESENTATION_REPRESENTATION('',(#1492),
#2490);
#2490=(
GEOMETRIC_REPRESENTATION_CONTEXT(3)
GLOBAL_UNCERTAINTY_ASSIGNED_CONTEXT((#2491))
GLOBAL_UNIT_ASSIGNED_CONTEXT((#2494,#2493,#2492))
REPRESENTATION_CONTEXT('Left Weapon Strut','TOP_LEVEL_ASSEMBLY_PART')
);
#2491=UNCERTAINTY_MEASURE_WITH_UNIT(LENGTH_MEASURE(2.E-5),#2494,
'DISTANCE_ACCURACY_VALUE','Maximum Tolerance applied to model');
#2492=(
NAMED_UNIT(*)
SI_UNIT($,.STERADIAN.)
SOLID_ANGLE_UNIT()
);
#2493=(
NAMED_UNIT(*)
PLANE_ANGLE_UNIT()
SI_UNIT($,.RADIAN.)
);
#2494=(
LENGTH_UNIT()
NAMED_UNIT(*)
SI_UNIT($,.METRE.)
);
#2495=PRODUCT_DEFINITION_SHAPE('','',#2496);
#2496=PRODUCT_DEFINITION('','',#2498,#2497);
#2497=PRODUCT_DEFINITION_CONTEXT('',#2504,'design');
#2498=PRODUCT_DEFINITION_FORMATION_WITH_SPECIFIED_SOURCE('','',#2500,
 .NOT_KNOWN.);
#2499=PRODUCT_RELATED_PRODUCT_CATEGORY('','',(#2500));
#2500=PRODUCT('Left Weapon Strut','Left Weapon Strut',
'Left Weapon Strut',(#2502));
#2501=PRODUCT_CATEGORY('','');
#2502=PRODUCT_CONTEXT('',#2504,'mechanical');
#2503=APPLICATION_PROTOCOL_DEFINITION('international standard',
'ap242_managed_model_based_3d_engineering',2020,#2504);
#2504=APPLICATION_CONTEXT('managed model based 3d engineering');
ENDSEC;
END-ISO-10303-21;
