ISO-10303-21;
HEADER;
/* Generated by software containing ST-Developer
 * from STEP Tools, Inc. (www.steptools.com) 
 */
/* OPTION: using custom renumber hook */

FILE_DESCRIPTION(
/* description */ ('STEP AP242 Edition 2',
'CAx-IF Rec.Pracs.---Representation and Presentation of Product Manufa
cturing Information (PMI)---4.0---2014-10-13',
'CAx-IF Rec.Pracs.---3D Tessellated Geometry---0.4---2014-09-14','2;1',
'CAx-IF Rec.Pracs.---User Defined Attributes---1.5---2016-08-15'),
/* implementation_level */ '2;1');

FILE_NAME(
/* name */ 
'UNSW Antweight Battle Bot With Protruding back wheels MK2 - Chassis',
/* time_stamp */ '2026-08-11T09:46:03Z',
/* author */ (''),
/* organization */ (''),
/* preprocessor_version */ 'ST-DEVELOPER v20',
/* originating_system */ 'ONSHAPE BY PTC INC, 1.219',
/* authorisation */ '  ');

FILE_SCHEMA (('AP242_MANAGED_MODEL_BASED_3D_ENGINEERING_MIM_LF { 1 0 10303 442 3 1 4 }'));
ENDSEC;

DATA;
#10=SHAPE_REPRESENTATION_RELATIONSHIP('','',#8132,#11);
#11=ADVANCED_BREP_SHAPE_REPRESENTATION('',(#8130),#13895);
#12=(
BOUNDED_SURFACE()
B_SPLINE_SURFACE(3,2,((#13715,#13716,#13717),(#13718,#13719,#13720),(#13721,
#13722,#13723),(#13724,#13725,#13726),(#13727,#13728,#13729),(#13730,#13731,
#13732),(#13733,#13734,#13735)),.UNSPECIFIED.,.F.,.F.,.F.)
B_SPLINE_SURFACE_WITH_KNOTS((4,1,1,1,4),(3,3),(1.5707963267949,1.96349540849362,
2.35619449019234,2.74889357189107,3.14159265358979),(0.,1.),
 .UNSPECIFIED.)
GEOMETRIC_REPRESENTATION_ITEM()
RATIONAL_B_SPLINE_SURFACE(((1.,1.,1.),(1.,0.999999999999744,1.),(1.,0.99063383480416,
1.),(1.,0.955696136194658,1.),(1.,0.919125024831395,1.),(1.,0.908663667258182,
1.),(1.,0.908663667257601,1.)))
REPRESENTATION_ITEM('')
SURFACE()
);
#13=(
BOUNDED_SURFACE()
B_SPLINE_SURFACE(3,2,((#13738,#13739,#13740),(#13741,#13742,#13743),(#13744,
#13745,#13746),(#13747,#13748,#13749),(#13750,#13751,#13752),(#13753,#13754,
#13755),(#13756,#13757,#13758)),.UNSPECIFIED.,.F.,.F.,.F.)
B_SPLINE_SURFACE_WITH_KNOTS((4,1,1,1,4),(3,3),(4.71238898038469,5.10508806208341,
5.49778714378214,5.89048622548086,6.28318530717959),(0.,1.),
 .UNSPECIFIED.)
GEOMETRIC_REPRESENTATION_ITEM()
RATIONAL_B_SPLINE_SURFACE(((1.,1.,1.),(1.,0.999999999999712,1.),(1.,0.990556090401537,
1.),(1.,0.955319661375794,1.),(1.,0.918420408279702,1.),(1.,0.907861468184784,
1.),(1.,0.907861468184436,1.)))
REPRESENTATION_ITEM('')
SURFACE()
);
#14=(
BOUNDED_SURFACE()
B_SPLINE_SURFACE(3,2,((#13761,#13762,#13763),(#13764,#13765,#13766),(#13767,
#13768,#13769),(#13770,#13771,#13772),(#13773,#13774,#13775),(#13776,#13777,
#13778),(#13779,#13780,#13781)),.UNSPECIFIED.,.F.,.F.,.F.)
B_SPLINE_SURFACE_WITH_KNOTS((4,1,1,1,4),(3,3),(6.28318530717959,6.67588438887831,
7.06858347057703,7.46128255227576,7.85398163397448),(0.,1.),
 .UNSPECIFIED.)
GEOMETRIC_REPRESENTATION_ITEM()
RATIONAL_B_SPLINE_SURFACE(((1.,0.908089978628797,1.),(1.,0.908089978629901,
1.),(1.,0.918621110635048,1.),(1.,0.955426878702599,1.),(1.,0.990578228373492,
1.),(1.,0.999999999999744,1.),(1.,1.,1.)))
REPRESENTATION_ITEM('')
SURFACE()
);
#15=(
BOUNDED_SURFACE()
B_SPLINE_SURFACE(3,2,((#13784,#13785,#13786),(#13787,#13788,#13789),(#13790,
#13791,#13792),(#13793,#13794,#13795),(#13796,#13797,#13798),(#13799,#13800,
#13801),(#13802,#13803,#13804)),.UNSPECIFIED.,.F.,.F.,.F.)
B_SPLINE_SURFACE_WITH_KNOTS((4,1,1,1,4),(3,3),(3.14159265358979,3.53429173528852,
3.92699081698724,4.31968989868597,4.71238898038469),(0.,1.),
 .UNSPECIFIED.)
GEOMETRIC_REPRESENTATION_ITEM()
RATIONAL_B_SPLINE_SURFACE(((1.,0.908434675009861,1.),(1.,0.908434675010181,
1.),(1.,0.918923876838732,1.),(1.,0.955588645888744,1.),(1.,0.990611634303234,
1.),(1.,0.999999999999808,1.),(1.,1.,1.)))
REPRESENTATION_ITEM('')
SURFACE()
);
#16=SPHERICAL_SURFACE('',#8765,0.002);
#17=SPHERICAL_SURFACE('',#8767,0.002);
#18=SPHERICAL_SURFACE('',#8780,0.002);
#19=SPHERICAL_SURFACE('',#8782,0.002);
#20=TOROIDAL_SURFACE('',#8721,0.001,0.0005);
#21=TOROIDAL_SURFACE('',#8727,0.001,0.0005);
#22=CONICAL_SURFACE('',#8449,0.008,0.982793723247328);
#23=CONICAL_SURFACE('',#8451,0.008,0.982793723247329);
#24=CONICAL_SURFACE('',#8494,0.008,0.982793723247329);
#25=CONICAL_SURFACE('',#8503,0.008,0.982793723247328);
#26=CONICAL_SURFACE('',#8819,0.0018,0.785398163397452);
#27=CONICAL_SURFACE('',#8822,0.0018,0.785398163397451);
#28=B_SPLINE_SURFACE_WITH_KNOTS('',1,3,((#12367,#12368,#12369,#12370),(#12371,
#12372,#12373,#12374)),.RULED_SURF.,.F.,.F.,.F.,(2,2),(4,4),(0.,1.),(5.02232922712442,
5.39396422382124),.PIECEWISE_BEZIER_KNOTS.);
#29=B_SPLINE_SURFACE_WITH_KNOTS('',1,3,((#12392,#12393,#12394,#12395,#12396,
#12397,#12398),(#12399,#12400,#12401,#12402,#12403,#12404,#12405),(#12406,
#12407,#12408,#12409,#12410,#12411,#12412)),.RULED_SURF.,.F.,.F.,.F.,(2,
1,2),(4,3,4),(-0.00601550707431052,0.,1.),(0.35224230054743,0.918710905506305,
0.972645354633634),.PIECEWISE_BEZIER_KNOTS.);
#30=B_SPLINE_SURFACE_WITH_KNOTS('',3,3,((#12585,#12586,#12587,#12588),(#12589,
#12590,#12591,#12592),(#12593,#12594,#12595,#12596),(#12597,#12598,#12599,
#12600)),.UNSPECIFIED.,.F.,.F.,.F.,(4,4),(4,4),(0.0479657019806638,0.886056652724916),
(2.46150380734353,2.73624684323699),.UNSPECIFIED.);
#31=B_SPLINE_SURFACE_WITH_KNOTS('',3,3,((#12911,#12912,#12913,#12914),(#12915,
#12916,#12917,#12918),(#12919,#12920,#12921,#12922),(#12923,#12924,#12925,
#12926)),.UNSPECIFIED.,.F.,.F.,.F.,(4,4),(4,4),(0.0479657019806638,0.886056652724916),
(2.46150380734353,2.73624684323699),.UNSPECIFIED.);
#32=B_SPLINE_SURFACE_WITH_KNOTS('',1,3,((#12927,#12928,#12929,#12930),(#12931,
#12932,#12933,#12934)),.RULED_SURF.,.F.,.F.,.F.,(2,2),(4,4),(0.,1.),(5.02232922712442,
5.39396422382124),.PIECEWISE_BEZIER_KNOTS.);
#33=B_SPLINE_SURFACE_WITH_KNOTS('',1,3,((#12957,#12958,#12959,#12960,#12961,
#12962,#12963),(#12964,#12965,#12966,#12967,#12968,#12969,#12970),(#12971,
#12972,#12973,#12974,#12975,#12976,#12977)),.RULED_SURF.,.F.,.F.,.F.,(2,
1,2),(4,3,4),(-0.00601550707431052,0.,1.),(0.35224230054743,0.918710905506305,
0.972645354633634),.PIECEWISE_BEZIER_KNOTS.);
#34=ELLIPSE('',#8211,0.00214408662092195,0.002);
#35=ELLIPSE('',#8214,0.00214408662092195,0.002);
#36=ELLIPSE('',#8287,0.00448218696620299,0.0035);
#37=ELLIPSE('',#8309,0.00307531978059831,0.002);
#38=ELLIPSE('',#8311,0.525878598006084,0.00075);
#39=ELLIPSE('',#8323,0.00214408662092195,0.002);
#40=ELLIPSE('',#8326,0.00214408662092195,0.002);
#41=ELLIPSE('',#8328,0.00554940066591565,0.002);
#42=ELLIPSE('',#8344,0.00448218696620299,0.0035);
#43=ELLIPSE('',#8351,0.00244131112314674,0.002);
#44=ELLIPSE('',#8352,0.00216478440058479,0.002);
#45=ELLIPSE('',#8353,0.00216478440058479,0.002);
#46=ELLIPSE('',#8355,0.00282842712474619,0.002);
#47=ELLIPSE('',#8356,0.0021097895935556,0.002);
#48=ELLIPSE('',#8360,0.00600925212577332,0.005);
#49=ELLIPSE('',#8364,0.00202376768051274,0.002);
#50=ELLIPSE('',#8365,0.00371814170348594,0.003);
#51=ELLIPSE('',#8369,0.00768698229051553,0.003);
#52=ELLIPSE('',#8371,0.00202376768051274,0.002);
#53=ELLIPSE('',#8372,0.00371814170348594,0.003);
#54=ELLIPSE('',#8393,0.0021097895935556,0.002);
#55=ELLIPSE('',#8399,0.00600925212577332,0.005);
#56=ELLIPSE('',#8420,0.00768698229051553,0.003);
#57=ELLIPSE('',#8506,0.00282842712474619,0.002);
#58=ELLIPSE('',#8508,0.00244131112314674,0.002);
#59=ELLIPSE('',#8510,0.00216478440058479,0.002);
#60=ELLIPSE('',#8512,0.00216478440058479,0.002);
#61=ELLIPSE('',#8524,0.525878598006084,0.00075);
#62=ELLIPSE('',#8532,0.525878598006084,0.00075);
#63=ELLIPSE('',#8536,0.00308439732695352,0.002);
#64=ELLIPSE('',#8540,0.525878598006084,0.00075);
#65=ELLIPSE('',#8578,0.00115517047936504,0.00075);
#66=ELLIPSE('',#8716,0.000707106781186548,0.0005);
#67=ELLIPSE('',#8730,0.000707106781186548,0.0005);
#68=ELLIPSE('',#8770,0.00272258530887316,0.002);
#69=ELLIPSE('',#8772,0.0027162860527242,0.002);
#70=ELLIPSE('',#8774,0.0027162860527242,0.002);
#71=ELLIPSE('',#8775,0.00272258530887316,0.002);
#72=ELLIPSE('',#8785,0.00271808399711245,0.002);
#73=ELLIPSE('',#8787,0.00272079071988015,0.002);
#74=ELLIPSE('',#8789,0.00272079071988015,0.002);
#75=ELLIPSE('',#8790,0.00271808399711245,0.002);
#76=ELLIPSE('',#8818,0.00169705627484772,0.0012);
#77=ELLIPSE('',#8825,0.00169705627484772,0.0012);
#78=B_SPLINE_CURVE_WITH_KNOTS('',3,(#11422,#11423,#11424,#11425),
 .UNSPECIFIED.,.F.,.F.,(4,4),(0.00140473915155912,0.00222387522657219),
 .UNSPECIFIED.);
#79=B_SPLINE_CURVE_WITH_KNOTS('',3,(#11434,#11435,#11436,#11437),
 .UNSPECIFIED.,.F.,.F.,(4,4),(0.,0.00111991777759932),.UNSPECIFIED.);
#80=B_SPLINE_CURVE_WITH_KNOTS('',3,(#11614,#11615,#11616,#11617,#11618,
#11619,#11620,#11621,#11622,#11623,#11624,#11625,#11626,#11627,#11628,#11629,
#11630,#11631,#11632,#11633),.UNSPECIFIED.,.T.,.F.,(1,1,1,1,1,1,1,1,1,1,
1,1,1,1,1,1,1,1,1,1,1,1,1,1),(-0.00164858282196691,-0.000824291410983453,
-0.000412145705491727,0.,0.000824291410983454,0.00164858282196691,0.00247287423295036,
0.00329716564393382,0.00412145705491727,0.00494574846590073,0.00577003987688418,
0.00659433128786763,0.00741862269885109,0.00824291410983454,0.009067205520818,
0.00989149693180145,0.0107157883427849,0.0115400797537684,0.0123643711647518,
0.0127765168702435,0.0131886625757353,0.0140129539867187,0.0148372453977022,
0.0156615368086856),.UNSPECIFIED.);
#81=B_SPLINE_CURVE_WITH_KNOTS('',3,(#11638,#11639,#11640,#11641,#11642,
#11643,#11644,#11645,#11646,#11647,#11648,#11649,#11650,#11651,#11652,#11653,
#11654,#11655,#11656,#11657),.UNSPECIFIED.,.T.,.F.,(1,1,1,1,1,1,1,1,1,1,
1,1,1,1,1,1,1,1,1,1,1,1,1,1),(-0.00164858282196688,-0.00082429141098344,
-0.00041214570549172,0.,0.000824291410983439,0.00164858282196688,0.00247287423295032,
0.00329716564393376,0.0041214570549172,0.00494574846590064,0.00577003987688408,
0.00659433128786752,0.00741862269885095,0.00824291410983439,0.00906720552081783,
0.00989149693180127,0.0107157883427847,0.0115400797537682,0.0123643711647516,
0.0127765168702433,0.013188662575735,0.0140129539867185,0.0148372453977019,
0.0156615368086853),.UNSPECIFIED.);
#82=B_SPLINE_CURVE_WITH_KNOTS('',3,(#11876,#11877,#11878,#11879),
 .UNSPECIFIED.,.F.,.F.,(4,4),(0.,0.00380131821660905),.UNSPECIFIED.);
#83=B_SPLINE_CURVE_WITH_KNOTS('',3,(#11982,#11983,#11984,#11985,#11986),
 .UNSPECIFIED.,.F.,.F.,(4,1,4),(0.,0.00139559678494796,0.00279119356989592),
 .UNSPECIFIED.);
#84=B_SPLINE_CURVE_WITH_KNOTS('',3,(#11990,#11991,#11992,#11993),
 .UNSPECIFIED.,.F.,.F.,(4,4),(0.000371272270230237,0.00124585540877959),
 .UNSPECIFIED.);
#85=B_SPLINE_CURVE_WITH_KNOTS('',3,(#11999,#12000,#12001,#12002),
 .UNSPECIFIED.,.F.,.F.,(4,4),(-0.000465054717259162,0.000442547917637372),
 .UNSPECIFIED.);
#86=B_SPLINE_CURVE_WITH_KNOTS('',3,(#12006,#12007,#12008,#12009),
 .UNSPECIFIED.,.F.,.F.,(4,4),(-0.000531369719838203,0.000539753708047668),
 .UNSPECIFIED.);
#87=B_SPLINE_CURVE_WITH_KNOTS('',3,(#12086,#12087,#12088,#12089),
 .UNSPECIFIED.,.F.,.F.,(4,4),(0.,0.00299875091495577),.UNSPECIFIED.);
#88=B_SPLINE_CURVE_WITH_KNOTS('',3,(#12145,#12146,#12147,#12148),
 .UNSPECIFIED.,.F.,.F.,(4,4),(0.,0.00363096279876961),.UNSPECIFIED.);
#89=B_SPLINE_CURVE_WITH_KNOTS('',3,(#12153,#12154,#12155,#12156),
 .UNSPECIFIED.,.F.,.F.,(4,4),(1.08873434780623E-5,1.),.UNSPECIFIED.);
#90=B_SPLINE_CURVE_WITH_KNOTS('',3,(#12158,#12159,#12160,#12161),
 .UNSPECIFIED.,.F.,.F.,(4,4),(0.290082340091086,0.99999998377254),
 .UNSPECIFIED.);
#91=B_SPLINE_CURVE_WITH_KNOTS('',3,(#12174,#12175,#12176,#12177,#12178,
#12179,#12180,#12181),.UNSPECIFIED.,.F.,.F.,(4,1,1,1,1,4),(0.,0.00135956716440213,
0.00271913432880425,0.00407870149320638,0.00475848507540744,0.0054382686576085),
 .UNSPECIFIED.);
#92=B_SPLINE_CURVE_WITH_KNOTS('',3,(#12190,#12191,#12192,#12193),
 .UNSPECIFIED.,.F.,.F.,(4,4),(0.0028827058214128,0.00393148666379957),
 .UNSPECIFIED.);
#93=B_SPLINE_CURVE_WITH_KNOTS('',3,(#12244,#12245,#12246,#12247,#12248,
#12249,#12250),.UNSPECIFIED.,.F.,.F.,(4,1,1,1,4),(0.,0.00170199874219517,
0.00340399748439034,0.00510599622658552,0.00680799496878069),
 .UNSPECIFIED.);
#94=B_SPLINE_CURVE_WITH_KNOTS('',3,(#12279,#12280,#12281,#12282),
 .UNSPECIFIED.,.F.,.F.,(4,4),(1.90029435765254E-17,0.000782240379052696),
 .UNSPECIFIED.);
#95=B_SPLINE_CURVE_WITH_KNOTS('',3,(#12340,#12341,#12342,#12343),
 .UNSPECIFIED.,.F.,.F.,(4,4),(0.,1.),.UNSPECIFIED.);
#96=B_SPLINE_CURVE_WITH_KNOTS('',3,(#12349,#12350,#12351,#12352),
 .UNSPECIFIED.,.F.,.F.,(4,4),(0.,1.),.UNSPECIFIED.);
#97=B_SPLINE_CURVE_WITH_KNOTS('',3,(#12361,#12362,#12363,#12364),
 .UNSPECIFIED.,.F.,.F.,(4,4),(0.,0.00317378480299884),.UNSPECIFIED.);
#98=B_SPLINE_CURVE_WITH_KNOTS('',3,(#12375,#12376,#12377,#12378),
 .UNSPECIFIED.,.F.,.F.,(4,4),(0.,0.00322954322072787),.UNSPECIFIED.);
#99=B_SPLINE_CURVE_WITH_KNOTS('',3,(#12380,#12381,#12382,#12383),
 .UNSPECIFIED.,.F.,.F.,(4,4),(1.08873434732536E-5,1.),.UNSPECIFIED.);
#100=B_SPLINE_CURVE_WITH_KNOTS('',3,(#12385,#12386,#12387,#12388,#12389,
#12390,#12391),.UNSPECIFIED.,.F.,.F.,(4,1,1,1,4),(1.07035713796828E-5,0.250008027678535,
0.50000535178569,0.750002675892845,1.),.UNSPECIFIED.);
#101=B_SPLINE_CURVE_WITH_KNOTS('',3,(#12413,#12414,#12415,#12416),
 .UNSPECIFIED.,.F.,.F.,(4,4),(0.29008234009108,0.999999983772536),
 .UNSPECIFIED.);
#102=B_SPLINE_CURVE_WITH_KNOTS('',3,(#12417,#12418,#12419,#12420,#12421,
#12422),.UNSPECIFIED.,.F.,.F.,(4,1,1,4),(0.,0.4903387005028,0.735508050754201,
0.980677401005601),.UNSPECIFIED.);
#103=B_SPLINE_CURVE_WITH_KNOTS('',3,(#12424,#12425,#12426,#12427),
 .UNSPECIFIED.,.F.,.F.,(4,4),(0.319308215549425,0.918710905506305),
 .PIECEWISE_BEZIER_KNOTS.);
#104=B_SPLINE_CURVE_WITH_KNOTS('',3,(#12429,#12430,#12431,#12432),
 .UNSPECIFIED.,.F.,.F.,(4,4),(0.,0.00363096279876961),.UNSPECIFIED.);
#105=B_SPLINE_CURVE_WITH_KNOTS('',3,(#12483,#12484,#12485,#12486),
 .UNSPECIFIED.,.F.,.F.,(4,4),(0.,0.00317378480299884),.UNSPECIFIED.);
#106=B_SPLINE_CURVE_WITH_KNOTS('',3,(#12519,#12520,#12521,#12522,#12523,
#12524,#12525),.UNSPECIFIED.,.F.,.F.,(4,1,1,1,4),(0.,0.00170199874219517,
0.00340399748439034,0.00510599622658552,0.00680799496878069),
 .UNSPECIFIED.);
#107=B_SPLINE_CURVE_WITH_KNOTS('',3,(#12533,#12534,#12535,#12536,#12537,
#12538,#12539,#12540),.UNSPECIFIED.,.F.,.F.,(4,1,1,1,1,4),(0.,0.00135956716440213,
0.00271913432880425,0.00407870149320638,0.00475848507540744,0.0054382686576085),
 .UNSPECIFIED.);
#108=B_SPLINE_CURVE_WITH_KNOTS('',3,(#12546,#12547,#12548,#12549),
 .UNSPECIFIED.,.F.,.F.,(4,4),(1.11076499342709E-17,0.00299875091495577),
 .UNSPECIFIED.);
#109=B_SPLINE_CURVE_WITH_KNOTS('',3,(#12553,#12554,#12555,#12556),
 .UNSPECIFIED.,.F.,.F.,(4,4),(0.0028827058214128,0.00393148666379957),
 .UNSPECIFIED.);
#110=B_SPLINE_CURVE_WITH_KNOTS('',3,(#12601,#12602,#12603,#12604,#12605,
#12606,#12607),.UNSPECIFIED.,.F.,.F.,(4,1,1,1,4),(6.2697235880985E-16,0.00129157057740575,
0.00258314115481087,0.00387471173221599,0.00516628230962111),
 .UNSPECIFIED.);
#111=B_SPLINE_CURVE_WITH_KNOTS('',3,(#12618,#12619,#12620,#12621),
 .UNSPECIFIED.,.F.,.F.,(4,4),(4.99947911605149E-14,0.000782240379570779),
 .UNSPECIFIED.);
#112=B_SPLINE_CURVE_WITH_KNOTS('',3,(#12897,#12898,#12899,#12900),
 .UNSPECIFIED.,.F.,.F.,(4,4),(0.,0.00380131821660905),.UNSPECIFIED.);
#113=B_SPLINE_CURVE_WITH_KNOTS('',3,(#12904,#12905,#12906,#12907,#12908,
#12909,#12910),.UNSPECIFIED.,.F.,.F.,(4,1,1,1,4),(6.2697235880985E-16,0.00129157057740575,
0.00258314115481087,0.00387471173221599,0.00516628230962111),
 .UNSPECIFIED.);
#114=B_SPLINE_CURVE_WITH_KNOTS('',3,(#12935,#12936,#12937,#12938),
 .UNSPECIFIED.,.F.,.F.,(4,4),(0.,0.00322954322072787),.UNSPECIFIED.);
#115=B_SPLINE_CURVE_WITH_KNOTS('',3,(#12941,#12942,#12943,#12944,#12945,
#12946,#12947),.UNSPECIFIED.,.F.,.F.,(4,1,1,1,4),(1.07035713796828E-5,0.250008027678535,
0.50000535178569,0.750002675892845,1.),.UNSPECIFIED.);
#116=B_SPLINE_CURVE_WITH_KNOTS('',3,(#12948,#12949,#12950,#12951),
 .UNSPECIFIED.,.F.,.F.,(4,4),(0.,1.),.UNSPECIFIED.);
#117=B_SPLINE_CURVE_WITH_KNOTS('',3,(#12953,#12954,#12955,#12956),
 .UNSPECIFIED.,.F.,.F.,(4,4),(0.,1.),.UNSPECIFIED.);
#118=B_SPLINE_CURVE_WITH_KNOTS('',3,(#12978,#12979,#12980,#12981,#12982,
#12983,#12984,#12985,#12986,#12987,#12988,#12989,#12990,#12991),
 .UNSPECIFIED.,.F.,.F.,(4,1,1,1,1,1,1,1,1,1,1,4),(4.46572182150183E-8,0.125000039075066,
0.250000033492914,0.375000027910761,0.437500025119685,0.468750023724147,
0.500000022328609,0.531250020933071,0.562500019537533,0.625000016746457,
0.750000011164305,1.),.UNSPECIFIED.);
#119=B_SPLINE_CURVE_WITH_KNOTS('',3,(#12993,#12994,#12995,#12996,#12997,
#12998),.UNSPECIFIED.,.F.,.F.,(4,1,1,4),(9.93608670670458E-5,0.490388380936334,
0.735532890970968,0.980677401005601),.UNSPECIFIED.);
#120=B_SPLINE_CURVE_WITH_KNOTS('',3,(#13023,#13024,#13025,#13026),
 .UNSPECIFIED.,.F.,.F.,(4,4),(0.,0.00139396219368843),.UNSPECIFIED.);
#121=B_SPLINE_CURVE_WITH_KNOTS('',3,(#13029,#13030,#13031,#13032,#13033,
#13034),.UNSPECIFIED.,.F.,.F.,(4,1,1,4),(0.,0.000362567548564871,0.000725135097129741,
0.00145027019425948),.UNSPECIFIED.);
#122=B_SPLINE_CURVE_WITH_KNOTS('',3,(#13043,#13044,#13045,#13046),
 .UNSPECIFIED.,.F.,.F.,(4,4),(7.35980840008019E-18,0.00124834163888879),
 .UNSPECIFIED.);
#123=B_SPLINE_CURVE_WITH_KNOTS('',3,(#13050,#13051,#13052,#13053,#13054,
#13055),.UNSPECIFIED.,.F.,.F.,(4,1,1,4),(0.,0.000808568174923445,0.00121285226238517,
0.00161713634984689),.UNSPECIFIED.);
#124=B_SPLINE_CURVE_WITH_KNOTS('',3,(#13112,#13113,#13114,#13115),
 .UNSPECIFIED.,.F.,.F.,(4,4),(1.73472347597681E-18,0.00261485559369944),
 .UNSPECIFIED.);
#125=B_SPLINE_CURVE_WITH_KNOTS('',3,(#13119,#13120,#13121,#13122),
 .UNSPECIFIED.,.F.,.F.,(4,4),(7.61106836183478E-18,0.000973159841711243),
 .UNSPECIFIED.);
#126=B_SPLINE_CURVE_WITH_KNOTS('',3,(#13129,#13130,#13131,#13132),
 .UNSPECIFIED.,.F.,.F.,(4,4),(0.,0.00115810010673538),.UNSPECIFIED.);
#127=B_SPLINE_CURVE_WITH_KNOTS('',3,(#13133,#13134,#13135,#13136,#13137),
 .UNSPECIFIED.,.F.,.F.,(4,1,4),(0.,0.00137402175318875,0.0027480435063775),
 .UNSPECIFIED.);
#128=B_SPLINE_CURVE_WITH_KNOTS('',3,(#13139,#13140,#13141,#13142),
 .UNSPECIFIED.,.F.,.F.,(4,4),(0.,0.00264490721374216),.UNSPECIFIED.);
#129=B_SPLINE_CURVE_WITH_KNOTS('',3,(#13146,#13147,#13148,#13149),
 .UNSPECIFIED.,.F.,.F.,(4,4),(0.,0.000750857634353965),.UNSPECIFIED.);
#130=B_SPLINE_CURVE_WITH_KNOTS('',3,(#13173,#13174,#13175,#13176),
 .UNSPECIFIED.,.F.,.F.,(4,4),(0.,0.00095349151736437),.UNSPECIFIED.);
#131=B_SPLINE_CURVE_WITH_KNOTS('',3,(#13191,#13192,#13193,#13194),
 .UNSPECIFIED.,.F.,.F.,(4,4),(0.,0.00143811312478758),.UNSPECIFIED.);
#132=B_SPLINE_CURVE_WITH_KNOTS('',3,(#13196,#13197,#13198,#13199),
 .UNSPECIFIED.,.F.,.F.,(4,4),(1.67515375840039E-17,0.000855221671217602),
 .UNSPECIFIED.);
#133=B_SPLINE_CURVE_WITH_KNOTS('',3,(#13204,#13205,#13206,#13207,#13208),
 .UNSPECIFIED.,.F.,.F.,(4,1,4),(0.,0.000610986049291522,0.00122197209858304),
 .UNSPECIFIED.);
#134=CYLINDRICAL_SURFACE('',#8193,0.002);
#135=CYLINDRICAL_SURFACE('',#8196,0.002);
#136=CYLINDRICAL_SURFACE('',#8198,0.002);
#137=CYLINDRICAL_SURFACE('',#8237,0.0016);
#138=CYLINDRICAL_SURFACE('',#8239,0.0016);
#139=CYLINDRICAL_SURFACE('',#8316,0.00499618628387384);
#140=CYLINDRICAL_SURFACE('',#8317,0.002);
#141=CYLINDRICAL_SURFACE('',#8318,0.002);
#142=CYLINDRICAL_SURFACE('',#8330,0.00225);
#143=CYLINDRICAL_SURFACE('',#8333,0.0220586579649686);
#144=CYLINDRICAL_SURFACE('',#8340,0.0205586579649686);
#145=CYLINDRICAL_SURFACE('',#8343,0.0035);
#146=CYLINDRICAL_SURFACE('',#8350,0.002);
#147=CYLINDRICAL_SURFACE('',#8354,0.002);
#148=CYLINDRICAL_SURFACE('',#8359,0.005);
#149=CYLINDRICAL_SURFACE('',#8366,0.0310000000000321);
#150=CYLINDRICAL_SURFACE('',#8381,0.0205586579649686);
#151=CYLINDRICAL_SURFACE('',#8398,0.005);
#152=CYLINDRICAL_SURFACE('',#8402,0.0035);
#153=CYLINDRICAL_SURFACE('',#8403,0.0220586579649686);
#154=CYLINDRICAL_SURFACE('',#8421,0.0310000000000321);
#155=CYLINDRICAL_SURFACE('',#8427,0.005);
#156=CYLINDRICAL_SURFACE('',#8430,0.005);
#157=CYLINDRICAL_SURFACE('',#8432,0.005);
#158=CYLINDRICAL_SURFACE('',#8434,0.005);
#159=CYLINDRICAL_SURFACE('',#8436,0.005);
#160=CYLINDRICAL_SURFACE('',#8441,0.02);
#161=CYLINDRICAL_SURFACE('',#8442,0.02);
#162=CYLINDRICAL_SURFACE('',#8457,0.002);
#163=CYLINDRICAL_SURFACE('',#8509,0.002);
#164=CYLINDRICAL_SURFACE('',#8511,0.002);
#165=CYLINDRICAL_SURFACE('',#8513,0.002);
#166=CYLINDRICAL_SURFACE('',#8515,0.005);
#167=CYLINDRICAL_SURFACE('',#8525,0.002);
#168=CYLINDRICAL_SURFACE('',#8527,0.002);
#169=CYLINDRICAL_SURFACE('',#8528,0.002);
#170=CYLINDRICAL_SURFACE('',#8530,0.002);
#171=CYLINDRICAL_SURFACE('',#8533,0.002);
#172=CYLINDRICAL_SURFACE('',#8541,0.002);
#173=CYLINDRICAL_SURFACE('',#8542,0.00225);
#174=CYLINDRICAL_SURFACE('',#8543,0.003);
#175=CYLINDRICAL_SURFACE('',#8544,0.003);
#176=CYLINDRICAL_SURFACE('',#8550,0.002);
#177=CYLINDRICAL_SURFACE('',#8551,0.002);
#178=CYLINDRICAL_SURFACE('',#8552,0.002);
#179=CYLINDRICAL_SURFACE('',#8556,0.00075);
#180=CYLINDRICAL_SURFACE('',#8557,0.00075);
#181=CYLINDRICAL_SURFACE('',#8558,0.00635194027563285);
#182=CYLINDRICAL_SURFACE('',#8559,0.00645016831473975);
#183=CYLINDRICAL_SURFACE('',#8560,0.00489186728423816);
#184=CYLINDRICAL_SURFACE('',#8566,0.002);
#185=CYLINDRICAL_SURFACE('',#8568,0.002);
#186=CYLINDRICAL_SURFACE('',#8570,0.002);
#187=CYLINDRICAL_SURFACE('',#8573,0.002);
#188=CYLINDRICAL_SURFACE('',#8574,0.00075);
#189=CYLINDRICAL_SURFACE('',#8575,0.00075);
#190=CYLINDRICAL_SURFACE('',#8576,0.00075);
#191=CYLINDRICAL_SURFACE('',#8579,0.00075);
#192=CYLINDRICAL_SURFACE('',#8593,0.0025);
#193=CYLINDRICAL_SURFACE('',#8596,0.0024999999999999);
#194=CYLINDRICAL_SURFACE('',#8598,0.0025);
#195=CYLINDRICAL_SURFACE('',#8601,0.0024999999999999);
#196=CYLINDRICAL_SURFACE('',#8602,0.0024999999999999);
#197=CYLINDRICAL_SURFACE('',#8606,0.0025);
#198=CYLINDRICAL_SURFACE('',#8611,0.00250000000000026);
#199=CYLINDRICAL_SURFACE('',#8615,0.00250000000000026);
#200=CYLINDRICAL_SURFACE('',#8618,0.00250000000000026);
#201=CYLINDRICAL_SURFACE('',#8632,0.0002);
#202=CYLINDRICAL_SURFACE('',#8633,0.0002);
#203=CYLINDRICAL_SURFACE('',#8634,0.0002);
#204=CYLINDRICAL_SURFACE('',#8635,0.0002);
#205=CYLINDRICAL_SURFACE('',#8636,0.0002);
#206=CYLINDRICAL_SURFACE('',#8637,0.0002);
#207=CYLINDRICAL_SURFACE('',#8638,0.0002);
#208=CYLINDRICAL_SURFACE('',#8639,0.0002);
#209=CYLINDRICAL_SURFACE('',#8640,0.0002);
#210=CYLINDRICAL_SURFACE('',#8641,0.0002);
#211=CYLINDRICAL_SURFACE('',#8642,0.0002);
#212=CYLINDRICAL_SURFACE('',#8643,0.0002);
#213=CYLINDRICAL_SURFACE('',#8644,0.0002);
#214=CYLINDRICAL_SURFACE('',#8645,0.0002);
#215=CYLINDRICAL_SURFACE('',#8646,0.0002);
#216=CYLINDRICAL_SURFACE('',#8647,0.0002);
#217=CYLINDRICAL_SURFACE('',#8652,0.001);
#218=CYLINDRICAL_SURFACE('',#8654,0.001);
#219=CYLINDRICAL_SURFACE('',#8656,0.001);
#220=CYLINDRICAL_SURFACE('',#8658,0.001);
#221=CYLINDRICAL_SURFACE('',#8660,0.003);
#222=CYLINDRICAL_SURFACE('',#8661,0.003);
#223=CYLINDRICAL_SURFACE('',#8662,0.0013);
#224=CYLINDRICAL_SURFACE('',#8664,0.00225);
#225=CYLINDRICAL_SURFACE('',#8665,0.0013);
#226=CYLINDRICAL_SURFACE('',#8667,0.00225);
#227=CYLINDRICAL_SURFACE('',#8668,0.0013);
#228=CYLINDRICAL_SURFACE('',#8670,0.002);
#229=CYLINDRICAL_SURFACE('',#8671,0.0013);
#230=CYLINDRICAL_SURFACE('',#8673,0.002);
#231=CYLINDRICAL_SURFACE('',#8674,0.003);
#232=CYLINDRICAL_SURFACE('',#8675,0.003);
#233=CYLINDRICAL_SURFACE('',#8676,0.003);
#234=CYLINDRICAL_SURFACE('',#8677,0.003);
#235=CYLINDRICAL_SURFACE('',#8678,0.003);
#236=CYLINDRICAL_SURFACE('',#8679,0.003);
#237=CYLINDRICAL_SURFACE('',#8680,0.003);
#238=CYLINDRICAL_SURFACE('',#8681,0.003);
#239=CYLINDRICAL_SURFACE('',#8713,0.0005);
#240=CYLINDRICAL_SURFACE('',#8714,0.0005);
#241=CYLINDRICAL_SURFACE('',#8715,0.0005);
#242=CYLINDRICAL_SURFACE('',#8717,0.0005);
#243=CYLINDRICAL_SURFACE('',#8719,0.0005);
#244=CYLINDRICAL_SURFACE('',#8723,0.0005);
#245=CYLINDRICAL_SURFACE('',#8725,0.0005);
#246=CYLINDRICAL_SURFACE('',#8729,0.0005);
#247=CYLINDRICAL_SURFACE('',#8731,0.0005);
#248=CYLINDRICAL_SURFACE('',#8741,0.002);
#249=CYLINDRICAL_SURFACE('',#8746,0.002);
#250=CYLINDRICAL_SURFACE('',#8761,0.002);
#251=CYLINDRICAL_SURFACE('',#8763,0.002);
#252=CYLINDRICAL_SURFACE('',#8769,0.002);
#253=CYLINDRICAL_SURFACE('',#8771,0.002);
#254=CYLINDRICAL_SURFACE('',#8773,0.002);
#255=CYLINDRICAL_SURFACE('',#8776,0.002);
#256=CYLINDRICAL_SURFACE('',#8778,0.002);
#257=CYLINDRICAL_SURFACE('',#8784,0.002);
#258=CYLINDRICAL_SURFACE('',#8786,0.002);
#259=CYLINDRICAL_SURFACE('',#8788,0.002);
#260=CYLINDRICAL_SURFACE('',#8791,0.002);
#261=CYLINDRICAL_SURFACE('',#8792,0.002);
#262=CYLINDRICAL_SURFACE('',#8793,0.002);
#263=CYLINDRICAL_SURFACE('',#8794,0.0012);
#264=CYLINDRICAL_SURFACE('',#8795,0.002);
#265=CYLINDRICAL_SURFACE('',#8797,0.002);
#266=CYLINDRICAL_SURFACE('',#8799,0.002);
#267=CYLINDRICAL_SURFACE('',#8801,0.002);
#268=CYLINDRICAL_SURFACE('',#8805,0.001);
#269=CYLINDRICAL_SURFACE('',#8808,0.001);
#270=CYLINDRICAL_SURFACE('',#8812,0.001);
#271=CYLINDRICAL_SURFACE('',#8814,0.001);
#272=CYLINDRICAL_SURFACE('',#8832,0.0021);
#273=CYLINDRICAL_SURFACE('',#8835,0.0021);
#274=CYLINDRICAL_SURFACE('',#8839,0.0012);
#275=CYLINDRICAL_SURFACE('',#8840,0.001);
#276=CYLINDRICAL_SURFACE('',#8841,0.0012);
#277=CYLINDRICAL_SURFACE('',#8842,0.0012);
#278=CYLINDRICAL_SURFACE('',#8843,0.0012);
#279=CYLINDRICAL_SURFACE('',#8844,0.0012);
#280=CIRCLE('',#8135,0.001);
#281=CIRCLE('',#8136,0.001);
#282=CIRCLE('',#8137,0.001);
#283=CIRCLE('',#8138,0.001);
#284=CIRCLE('',#8141,0.0013);
#285=CIRCLE('',#8142,0.0013);
#286=CIRCLE('',#8143,0.0013);
#287=CIRCLE('',#8144,0.0013);
#288=CIRCLE('',#8145,0.0012);
#289=CIRCLE('',#8146,0.002);
#290=CIRCLE('',#8147,0.003);
#291=CIRCLE('',#8148,0.002);
#292=CIRCLE('',#8149,0.003);
#293=CIRCLE('',#8150,0.003);
#294=CIRCLE('',#8151,0.002);
#295=CIRCLE('',#8152,0.003);
#296=CIRCLE('',#8153,0.002);
#297=CIRCLE('',#8154,0.0012);
#298=CIRCLE('',#8155,0.0012);
#299=CIRCLE('',#8156,0.0012);
#300=CIRCLE('',#8157,0.00489186728423816);
#301=CIRCLE('',#8158,0.003);
#302=CIRCLE('',#8159,0.00225);
#303=CIRCLE('',#8160,0.003);
#304=CIRCLE('',#8161,0.003);
#305=CIRCLE('',#8162,0.00635194027563285);
#306=CIRCLE('',#8163,0.002);
#307=CIRCLE('',#8164,0.002);
#308=CIRCLE('',#8165,0.002);
#309=CIRCLE('',#8166,0.002);
#310=CIRCLE('',#8167,0.002);
#311=CIRCLE('',#8168,0.002);
#312=CIRCLE('',#8169,0.002);
#313=CIRCLE('',#8170,0.002);
#314=CIRCLE('',#8171,0.00645016831473975);
#315=CIRCLE('',#8172,0.003);
#316=CIRCLE('',#8173,0.003);
#317=CIRCLE('',#8174,0.00225);
#318=CIRCLE('',#8175,0.003);
#319=CIRCLE('',#8176,0.00499618628387384);
#320=CIRCLE('',#8177,0.002);
#321=CIRCLE('',#8178,0.0012);
#322=CIRCLE('',#8180,0.002);
#323=CIRCLE('',#8181,0.002);
#324=CIRCLE('',#8183,0.002);
#325=CIRCLE('',#8184,0.002);
#326=CIRCLE('',#8185,0.002);
#327=CIRCLE('',#8186,0.00635194027563263);
#328=CIRCLE('',#8187,0.003);
#329=CIRCLE('',#8188,0.003);
#330=CIRCLE('',#8189,0.00645016831473975);
#331=CIRCLE('',#8190,0.002);
#332=CIRCLE('',#8191,0.002);
#333=CIRCLE('',#8192,0.002);
#334=CIRCLE('',#8194,0.002);
#335=CIRCLE('',#8195,0.002);
#336=CIRCLE('',#8197,0.002);
#337=CIRCLE('',#8199,0.002);
#338=CIRCLE('',#8201,0.002);
#339=CIRCLE('',#8202,0.002);
#340=CIRCLE('',#8204,0.002);
#341=CIRCLE('',#8205,0.002);
#342=CIRCLE('',#8206,0.00499618628387384);
#343=CIRCLE('',#8207,0.003);
#344=CIRCLE('',#8208,0.00225);
#345=CIRCLE('',#8209,0.003);
#346=CIRCLE('',#8210,0.005);
#347=CIRCLE('',#8212,0.002);
#348=CIRCLE('',#8213,0.00075);
#349=CIRCLE('',#8215,0.005);
#350=CIRCLE('',#8216,0.003);
#351=CIRCLE('',#8217,0.00225);
#352=CIRCLE('',#8218,0.003);
#353=CIRCLE('',#8219,0.00489186728423816);
#354=CIRCLE('',#8220,0.002);
#355=CIRCLE('',#8221,0.002);
#356=CIRCLE('',#8222,0.0012);
#357=CIRCLE('',#8223,0.0012);
#358=CIRCLE('',#8224,0.002);
#359=CIRCLE('',#8225,0.003);
#360=CIRCLE('',#8226,0.002);
#361=CIRCLE('',#8227,0.003);
#362=CIRCLE('',#8228,0.003);
#363=CIRCLE('',#8229,0.002);
#364=CIRCLE('',#8230,0.003);
#365=CIRCLE('',#8231,0.002);
#366=CIRCLE('',#8232,0.0012);
#367=CIRCLE('',#8233,0.0012);
#368=CIRCLE('',#8234,0.002);
#369=CIRCLE('',#8235,0.001);
#370=CIRCLE('',#8236,0.001);
#371=CIRCLE('',#8238,0.0016);
#372=CIRCLE('',#8240,0.0016);
#373=CIRCLE('',#8242,0.0002);
#374=CIRCLE('',#8244,0.0002);
#375=CIRCLE('',#8246,0.0002);
#376=CIRCLE('',#8248,0.0002);
#377=CIRCLE('',#8250,0.0002);
#378=CIRCLE('',#8252,0.0002);
#379=CIRCLE('',#8254,0.0002);
#380=CIRCLE('',#8256,0.0002);
#381=CIRCLE('',#8258,0.0002);
#382=CIRCLE('',#8260,0.0002);
#383=CIRCLE('',#8262,0.0002);
#384=CIRCLE('',#8264,0.0002);
#385=CIRCLE('',#8266,0.0002);
#386=CIRCLE('',#8268,0.00250000000000026);
#387=CIRCLE('',#8270,0.00250000000000026);
#388=CIRCLE('',#8272,0.00250000000000026);
#389=CIRCLE('',#8274,0.00250000000000026);
#390=CIRCLE('',#8277,0.001);
#391=CIRCLE('',#8278,0.001);
#392=CIRCLE('',#8279,0.0028);
#393=CIRCLE('',#8280,0.0028);
#394=CIRCLE('',#8282,0.002);
#395=CIRCLE('',#8283,0.002);
#396=CIRCLE('',#8289,0.0002);
#397=CIRCLE('',#8290,0.0002);
#398=CIRCLE('',#8291,0.0002);
#399=CIRCLE('',#8292,0.0002);
#400=CIRCLE('',#8294,0.0002);
#401=CIRCLE('',#8295,0.0002);
#402=CIRCLE('',#8296,0.0002);
#403=CIRCLE('',#8297,0.0002);
#404=CIRCLE('',#8299,0.0002);
#405=CIRCLE('',#8300,0.0002);
#406=CIRCLE('',#8301,0.0002);
#407=CIRCLE('',#8302,0.0002);
#408=CIRCLE('',#8304,0.0002);
#409=CIRCLE('',#8305,0.0002);
#410=CIRCLE('',#8306,0.0002);
#411=CIRCLE('',#8307,0.0002);
#412=CIRCLE('',#8310,0.0019867287097868);
#413=CIRCLE('',#8312,0.001);
#414=CIRCLE('',#8313,0.0024999999999999);
#415=CIRCLE('',#8314,0.0025);
#416=CIRCLE('',#8315,0.001);
#417=CIRCLE('',#8321,0.00075);
#418=CIRCLE('',#8322,0.002);
#419=CIRCLE('',#8324,0.003);
#420=CIRCLE('',#8325,0.003);
#421=CIRCLE('',#8331,0.00225);
#422=CIRCLE('',#8332,0.00225);
#423=CIRCLE('',#8334,0.0220586579649686);
#424=CIRCLE('',#8337,0.02);
#425=CIRCLE('',#8341,0.0205586579649686);
#426=CIRCLE('',#8345,0.0035);
#427=CIRCLE('',#8347,0.002);
#428=CIRCLE('',#8349,0.02);
#429=CIRCLE('',#8361,0.005);
#430=CIRCLE('',#8367,0.0310000000000321);
#431=CIRCLE('',#8374,0.02);
#432=CIRCLE('',#8375,0.005);
#433=CIRCLE('',#8376,0.005);
#434=CIRCLE('',#8382,0.0205586579649686);
#435=CIRCLE('',#8386,0.005);
#436=CIRCLE('',#8387,0.005);
#437=CIRCLE('',#8388,0.02);
#438=CIRCLE('',#8395,0.0035);
#439=CIRCLE('',#8396,0.0220586579649686);
#440=CIRCLE('',#8400,0.005);
#441=CIRCLE('',#8405,0.002);
#442=CIRCLE('',#8408,0.00225);
#443=CIRCLE('',#8414,0.00225);
#444=CIRCLE('',#8422,0.0310000000000321);
#445=CIRCLE('',#8425,0.003);
#446=CIRCLE('',#8426,0.003);
#447=CIRCLE('',#8431,0.005);
#448=CIRCLE('',#8433,0.005);
#449=CIRCLE('',#8435,0.005);
#450=CIRCLE('',#8437,0.005);
#451=CIRCLE('',#8447,0.008);
#452=CIRCLE('',#8448,0.008);
#453=CIRCLE('',#8495,0.008);
#454=CIRCLE('',#8502,0.008);
#455=CIRCLE('',#8535,0.00198677347043143);
#456=CIRCLE('',#8537,0.001);
#457=CIRCLE('',#8538,0.00250000000000026);
#458=CIRCLE('',#8539,0.001);
#459=CIRCLE('',#8554,0.00075);
#460=CIRCLE('',#8555,0.00075);
#461=CIRCLE('',#8562,0.002);
#462=CIRCLE('',#8563,0.002);
#463=CIRCLE('',#8577,0.00075);
#464=CIRCLE('',#8581,0.0024999999999999);
#465=CIRCLE('',#8582,0.0025);
#466=CIRCLE('',#8584,0.0024999999999999);
#467=CIRCLE('',#8585,0.0025);
#468=CIRCLE('',#8587,0.0025);
#469=CIRCLE('',#8588,0.0024999999999999);
#470=CIRCLE('',#8590,0.0025);
#471=CIRCLE('',#8591,0.0024999999999999);
#472=CIRCLE('',#8603,0.0024999999999999);
#473=CIRCLE('',#8607,0.0025);
#474=CIRCLE('',#8619,0.00250000000000026);
#475=CIRCLE('',#8623,0.0002);
#476=CIRCLE('',#8627,0.0002);
#477=CIRCLE('',#8631,0.0002);
#478=CIRCLE('',#8653,0.001);
#479=CIRCLE('',#8655,0.001);
#480=CIRCLE('',#8657,0.001);
#481=CIRCLE('',#8659,0.001);
#482=CIRCLE('',#8663,0.0013);
#483=CIRCLE('',#8666,0.0013);
#484=CIRCLE('',#8669,0.0013);
#485=CIRCLE('',#8672,0.0013);
#486=CIRCLE('',#8697,0.0005);
#487=CIRCLE('',#8698,0.0005);
#488=CIRCLE('',#8701,0.0005);
#489=CIRCLE('',#8704,0.0005);
#490=CIRCLE('',#8707,0.0005);
#491=CIRCLE('',#8708,0.0005);
#492=CIRCLE('',#8711,0.0005);
#493=CIRCLE('',#8712,0.0005);
#494=CIRCLE('',#8718,0.0005);
#495=CIRCLE('',#8720,0.0005);
#496=CIRCLE('',#8722,0.0005);
#497=CIRCLE('',#8724,0.0005);
#498=CIRCLE('',#8726,0.0005);
#499=CIRCLE('',#8728,0.0005);
#500=CIRCLE('',#8742,0.002);
#501=CIRCLE('',#8745,0.002);
#502=CIRCLE('',#8762,0.002);
#503=CIRCLE('',#8764,0.002);
#504=CIRCLE('',#8766,0.002);
#505=CIRCLE('',#8768,0.002);
#506=CIRCLE('',#8777,0.002);
#507=CIRCLE('',#8779,0.002);
#508=CIRCLE('',#8781,0.002);
#509=CIRCLE('',#8783,0.002);
#510=CIRCLE('',#8796,0.002);
#511=CIRCLE('',#8798,0.002);
#512=CIRCLE('',#8800,0.002);
#513=CIRCLE('',#8802,0.002);
#514=CIRCLE('',#8806,0.001);
#515=CIRCLE('',#8809,0.001);
#516=CIRCLE('',#8811,0.0012);
#517=CIRCLE('',#8816,0.0012);
#518=CIRCLE('',#8820,0.0021);
#519=CIRCLE('',#8823,0.0021);
#520=CIRCLE('',#8827,0.001);
#521=CIRCLE('',#8829,0.0012);
#522=CIRCLE('',#8831,0.0012);
#523=CIRCLE('',#8833,0.0021);
#524=CIRCLE('',#8836,0.0021);
#525=CIRCLE('',#8838,0.001);
#526=ORIENTED_EDGE('',*,*,#2888,.T.);
#527=ORIENTED_EDGE('',*,*,#2889,.T.);
#528=ORIENTED_EDGE('',*,*,#2890,.T.);
#529=ORIENTED_EDGE('',*,*,#2891,.T.);
#530=ORIENTED_EDGE('',*,*,#2892,.F.);
#531=ORIENTED_EDGE('',*,*,#2893,.F.);
#532=ORIENTED_EDGE('',*,*,#2894,.F.);
#533=ORIENTED_EDGE('',*,*,#2895,.F.);
#534=ORIENTED_EDGE('',*,*,#2896,.F.);
#535=ORIENTED_EDGE('',*,*,#2897,.F.);
#536=ORIENTED_EDGE('',*,*,#2898,.F.);
#537=ORIENTED_EDGE('',*,*,#2899,.F.);
#538=ORIENTED_EDGE('',*,*,#2900,.F.);
#539=ORIENTED_EDGE('',*,*,#2901,.T.);
#540=ORIENTED_EDGE('',*,*,#2902,.F.);
#541=ORIENTED_EDGE('',*,*,#2903,.T.);
#542=ORIENTED_EDGE('',*,*,#2904,.T.);
#543=ORIENTED_EDGE('',*,*,#2905,.T.);
#544=ORIENTED_EDGE('',*,*,#2906,.F.);
#545=ORIENTED_EDGE('',*,*,#2907,.T.);
#546=ORIENTED_EDGE('',*,*,#2908,.T.);
#547=ORIENTED_EDGE('',*,*,#2909,.F.);
#548=ORIENTED_EDGE('',*,*,#2910,.F.);
#549=ORIENTED_EDGE('',*,*,#2911,.T.);
#550=ORIENTED_EDGE('',*,*,#2912,.T.);
#551=ORIENTED_EDGE('',*,*,#2913,.T.);
#552=ORIENTED_EDGE('',*,*,#2914,.F.);
#553=ORIENTED_EDGE('',*,*,#2915,.T.);
#554=ORIENTED_EDGE('',*,*,#2916,.T.);
#555=ORIENTED_EDGE('',*,*,#2917,.F.);
#556=ORIENTED_EDGE('',*,*,#2918,.F.);
#557=ORIENTED_EDGE('',*,*,#2919,.F.);
#558=ORIENTED_EDGE('',*,*,#2920,.F.);
#559=ORIENTED_EDGE('',*,*,#2921,.F.);
#560=ORIENTED_EDGE('',*,*,#2922,.F.);
#561=ORIENTED_EDGE('',*,*,#2923,.F.);
#562=ORIENTED_EDGE('',*,*,#2924,.T.);
#563=ORIENTED_EDGE('',*,*,#2925,.T.);
#564=ORIENTED_EDGE('',*,*,#2926,.T.);
#565=ORIENTED_EDGE('',*,*,#2927,.T.);
#566=ORIENTED_EDGE('',*,*,#2928,.T.);
#567=ORIENTED_EDGE('',*,*,#2929,.T.);
#568=ORIENTED_EDGE('',*,*,#2930,.T.);
#569=ORIENTED_EDGE('',*,*,#2931,.T.);
#570=ORIENTED_EDGE('',*,*,#2932,.T.);
#571=ORIENTED_EDGE('',*,*,#2933,.T.);
#572=ORIENTED_EDGE('',*,*,#2934,.T.);
#573=ORIENTED_EDGE('',*,*,#2935,.T.);
#574=ORIENTED_EDGE('',*,*,#2936,.F.);
#575=ORIENTED_EDGE('',*,*,#2937,.T.);
#576=ORIENTED_EDGE('',*,*,#2938,.F.);
#577=ORIENTED_EDGE('',*,*,#2939,.T.);
#578=ORIENTED_EDGE('',*,*,#2940,.T.);
#579=ORIENTED_EDGE('',*,*,#2941,.T.);
#580=ORIENTED_EDGE('',*,*,#2942,.T.);
#581=ORIENTED_EDGE('',*,*,#2943,.F.);
#582=ORIENTED_EDGE('',*,*,#2944,.F.);
#583=ORIENTED_EDGE('',*,*,#2945,.T.);
#584=ORIENTED_EDGE('',*,*,#2946,.T.);
#585=ORIENTED_EDGE('',*,*,#2947,.T.);
#586=ORIENTED_EDGE('',*,*,#2948,.T.);
#587=ORIENTED_EDGE('',*,*,#2949,.T.);
#588=ORIENTED_EDGE('',*,*,#2950,.F.);
#589=ORIENTED_EDGE('',*,*,#2951,.T.);
#590=ORIENTED_EDGE('',*,*,#2952,.F.);
#591=ORIENTED_EDGE('',*,*,#2953,.F.);
#592=ORIENTED_EDGE('',*,*,#2954,.T.);
#593=ORIENTED_EDGE('',*,*,#2955,.F.);
#594=ORIENTED_EDGE('',*,*,#2956,.T.);
#595=ORIENTED_EDGE('',*,*,#2957,.T.);
#596=ORIENTED_EDGE('',*,*,#2958,.F.);
#597=ORIENTED_EDGE('',*,*,#2959,.T.);
#598=ORIENTED_EDGE('',*,*,#2960,.T.);
#599=ORIENTED_EDGE('',*,*,#2961,.T.);
#600=ORIENTED_EDGE('',*,*,#2962,.T.);
#601=ORIENTED_EDGE('',*,*,#2963,.T.);
#602=ORIENTED_EDGE('',*,*,#2964,.F.);
#603=ORIENTED_EDGE('',*,*,#2965,.T.);
#604=ORIENTED_EDGE('',*,*,#2890,.F.);
#605=ORIENTED_EDGE('',*,*,#2966,.T.);
#606=ORIENTED_EDGE('',*,*,#2967,.F.);
#607=ORIENTED_EDGE('',*,*,#2968,.T.);
#608=ORIENTED_EDGE('',*,*,#2969,.F.);
#609=ORIENTED_EDGE('',*,*,#2970,.T.);
#610=ORIENTED_EDGE('',*,*,#2971,.F.);
#611=ORIENTED_EDGE('',*,*,#2972,.T.);
#612=ORIENTED_EDGE('',*,*,#2973,.F.);
#613=ORIENTED_EDGE('',*,*,#2974,.T.);
#614=ORIENTED_EDGE('',*,*,#2975,.T.);
#615=ORIENTED_EDGE('',*,*,#2976,.T.);
#616=ORIENTED_EDGE('',*,*,#2977,.T.);
#617=ORIENTED_EDGE('',*,*,#2978,.T.);
#618=ORIENTED_EDGE('',*,*,#2979,.T.);
#619=ORIENTED_EDGE('',*,*,#2980,.T.);
#620=ORIENTED_EDGE('',*,*,#2981,.T.);
#621=ORIENTED_EDGE('',*,*,#2982,.T.);
#622=ORIENTED_EDGE('',*,*,#2983,.T.);
#623=ORIENTED_EDGE('',*,*,#2984,.T.);
#624=ORIENTED_EDGE('',*,*,#2985,.F.);
#625=ORIENTED_EDGE('',*,*,#2986,.F.);
#626=ORIENTED_EDGE('',*,*,#2987,.F.);
#627=ORIENTED_EDGE('',*,*,#2988,.F.);
#628=ORIENTED_EDGE('',*,*,#2989,.T.);
#629=ORIENTED_EDGE('',*,*,#2990,.T.);
#630=ORIENTED_EDGE('',*,*,#2991,.F.);
#631=ORIENTED_EDGE('',*,*,#2992,.T.);
#632=ORIENTED_EDGE('',*,*,#2973,.T.);
#633=ORIENTED_EDGE('',*,*,#2993,.T.);
#634=ORIENTED_EDGE('',*,*,#2994,.T.);
#635=ORIENTED_EDGE('',*,*,#2995,.F.);
#636=ORIENTED_EDGE('',*,*,#2996,.T.);
#637=ORIENTED_EDGE('',*,*,#2997,.F.);
#638=ORIENTED_EDGE('',*,*,#2998,.T.);
#639=ORIENTED_EDGE('',*,*,#2999,.F.);
#640=ORIENTED_EDGE('',*,*,#3000,.T.);
#641=ORIENTED_EDGE('',*,*,#3001,.T.);
#642=ORIENTED_EDGE('',*,*,#3002,.T.);
#643=ORIENTED_EDGE('',*,*,#3003,.T.);
#644=ORIENTED_EDGE('',*,*,#3004,.T.);
#645=ORIENTED_EDGE('',*,*,#3005,.F.);
#646=ORIENTED_EDGE('',*,*,#3006,.F.);
#647=ORIENTED_EDGE('',*,*,#3007,.F.);
#648=ORIENTED_EDGE('',*,*,#3008,.F.);
#649=ORIENTED_EDGE('',*,*,#3009,.T.);
#650=ORIENTED_EDGE('',*,*,#3010,.F.);
#651=ORIENTED_EDGE('',*,*,#3011,.F.);
#652=ORIENTED_EDGE('',*,*,#3012,.F.);
#653=ORIENTED_EDGE('',*,*,#3013,.T.);
#654=ORIENTED_EDGE('',*,*,#3014,.T.);
#655=ORIENTED_EDGE('',*,*,#3015,.T.);
#656=ORIENTED_EDGE('',*,*,#3016,.T.);
#657=ORIENTED_EDGE('',*,*,#3017,.F.);
#658=ORIENTED_EDGE('',*,*,#3018,.F.);
#659=ORIENTED_EDGE('',*,*,#3019,.T.);
#660=ORIENTED_EDGE('',*,*,#3020,.T.);
#661=ORIENTED_EDGE('',*,*,#3021,.T.);
#662=ORIENTED_EDGE('',*,*,#3022,.F.);
#663=ORIENTED_EDGE('',*,*,#3023,.F.);
#664=ORIENTED_EDGE('',*,*,#3024,.F.);
#665=ORIENTED_EDGE('',*,*,#3025,.T.);
#666=ORIENTED_EDGE('',*,*,#3026,.T.);
#667=ORIENTED_EDGE('',*,*,#3027,.T.);
#668=ORIENTED_EDGE('',*,*,#3028,.F.);
#669=ORIENTED_EDGE('',*,*,#3029,.F.);
#670=ORIENTED_EDGE('',*,*,#3030,.T.);
#671=ORIENTED_EDGE('',*,*,#3031,.F.);
#672=ORIENTED_EDGE('',*,*,#3032,.F.);
#673=ORIENTED_EDGE('',*,*,#3033,.F.);
#674=ORIENTED_EDGE('',*,*,#3034,.F.);
#675=ORIENTED_EDGE('',*,*,#3035,.F.);
#676=ORIENTED_EDGE('',*,*,#3036,.F.);
#677=ORIENTED_EDGE('',*,*,#3037,.F.);
#678=ORIENTED_EDGE('',*,*,#3038,.F.);
#679=ORIENTED_EDGE('',*,*,#3039,.T.);
#680=ORIENTED_EDGE('',*,*,#3040,.T.);
#681=ORIENTED_EDGE('',*,*,#3041,.T.);
#682=ORIENTED_EDGE('',*,*,#3042,.T.);
#683=ORIENTED_EDGE('',*,*,#3001,.F.);
#684=ORIENTED_EDGE('',*,*,#3043,.T.);
#685=ORIENTED_EDGE('',*,*,#2888,.F.);
#686=ORIENTED_EDGE('',*,*,#3044,.T.);
#687=ORIENTED_EDGE('',*,*,#3045,.F.);
#688=ORIENTED_EDGE('',*,*,#3046,.T.);
#689=ORIENTED_EDGE('',*,*,#3047,.F.);
#690=ORIENTED_EDGE('',*,*,#2994,.F.);
#691=ORIENTED_EDGE('',*,*,#3048,.T.);
#692=ORIENTED_EDGE('',*,*,#3049,.F.);
#693=ORIENTED_EDGE('',*,*,#3050,.F.);
#694=ORIENTED_EDGE('',*,*,#3051,.T.);
#695=ORIENTED_EDGE('',*,*,#2989,.F.);
#696=ORIENTED_EDGE('',*,*,#3052,.F.);
#697=ORIENTED_EDGE('',*,*,#3053,.F.);
#698=ORIENTED_EDGE('',*,*,#3054,.T.);
#699=ORIENTED_EDGE('',*,*,#3055,.T.);
#700=ORIENTED_EDGE('',*,*,#3056,.F.);
#701=ORIENTED_EDGE('',*,*,#3057,.T.);
#702=ORIENTED_EDGE('',*,*,#3058,.T.);
#703=ORIENTED_EDGE('',*,*,#3059,.F.);
#704=ORIENTED_EDGE('',*,*,#3060,.F.);
#705=ORIENTED_EDGE('',*,*,#3061,.F.);
#706=ORIENTED_EDGE('',*,*,#3062,.F.);
#707=ORIENTED_EDGE('',*,*,#3063,.F.);
#708=ORIENTED_EDGE('',*,*,#3064,.T.);
#709=ORIENTED_EDGE('',*,*,#3065,.T.);
#710=ORIENTED_EDGE('',*,*,#3066,.T.);
#711=ORIENTED_EDGE('',*,*,#3067,.T.);
#712=ORIENTED_EDGE('',*,*,#3068,.T.);
#713=ORIENTED_EDGE('',*,*,#3069,.T.);
#714=ORIENTED_EDGE('',*,*,#3070,.F.);
#715=ORIENTED_EDGE('',*,*,#3071,.F.);
#716=ORIENTED_EDGE('',*,*,#3072,.F.);
#717=ORIENTED_EDGE('',*,*,#3073,.F.);
#718=ORIENTED_EDGE('',*,*,#3074,.T.);
#719=ORIENTED_EDGE('',*,*,#3075,.T.);
#720=ORIENTED_EDGE('',*,*,#3076,.F.);
#721=ORIENTED_EDGE('',*,*,#3077,.T.);
#722=ORIENTED_EDGE('',*,*,#3078,.F.);
#723=ORIENTED_EDGE('',*,*,#3079,.T.);
#724=ORIENTED_EDGE('',*,*,#3080,.T.);
#725=ORIENTED_EDGE('',*,*,#3081,.T.);
#726=ORIENTED_EDGE('',*,*,#3082,.T.);
#727=ORIENTED_EDGE('',*,*,#3083,.F.);
#728=ORIENTED_EDGE('',*,*,#3084,.T.);
#729=ORIENTED_EDGE('',*,*,#3085,.F.);
#730=ORIENTED_EDGE('',*,*,#3086,.T.);
#731=ORIENTED_EDGE('',*,*,#3087,.F.);
#732=ORIENTED_EDGE('',*,*,#3088,.T.);
#733=ORIENTED_EDGE('',*,*,#3089,.T.);
#734=ORIENTED_EDGE('',*,*,#3090,.T.);
#735=ORIENTED_EDGE('',*,*,#3091,.T.);
#736=ORIENTED_EDGE('',*,*,#3092,.T.);
#737=ORIENTED_EDGE('',*,*,#3093,.F.);
#738=ORIENTED_EDGE('',*,*,#3094,.F.);
#739=ORIENTED_EDGE('',*,*,#3095,.T.);
#740=ORIENTED_EDGE('',*,*,#3096,.F.);
#741=ORIENTED_EDGE('',*,*,#3097,.T.);
#742=ORIENTED_EDGE('',*,*,#3098,.F.);
#743=ORIENTED_EDGE('',*,*,#3099,.F.);
#744=ORIENTED_EDGE('',*,*,#3100,.F.);
#745=ORIENTED_EDGE('',*,*,#3101,.F.);
#746=ORIENTED_EDGE('',*,*,#3102,.T.);
#747=ORIENTED_EDGE('',*,*,#3103,.T.);
#748=ORIENTED_EDGE('',*,*,#3104,.T.);
#749=ORIENTED_EDGE('',*,*,#3105,.F.);
#750=ORIENTED_EDGE('',*,*,#3106,.T.);
#751=ORIENTED_EDGE('',*,*,#3107,.T.);
#752=ORIENTED_EDGE('',*,*,#3108,.F.);
#753=ORIENTED_EDGE('',*,*,#3109,.T.);
#754=ORIENTED_EDGE('',*,*,#3110,.F.);
#755=ORIENTED_EDGE('',*,*,#3111,.T.);
#756=ORIENTED_EDGE('',*,*,#3112,.T.);
#757=ORIENTED_EDGE('',*,*,#3113,.T.);
#758=ORIENTED_EDGE('',*,*,#3114,.T.);
#759=ORIENTED_EDGE('',*,*,#3115,.T.);
#760=ORIENTED_EDGE('',*,*,#3116,.T.);
#761=ORIENTED_EDGE('',*,*,#3117,.T.);
#762=ORIENTED_EDGE('',*,*,#3118,.T.);
#763=ORIENTED_EDGE('',*,*,#3119,.T.);
#764=ORIENTED_EDGE('',*,*,#3120,.T.);
#765=ORIENTED_EDGE('',*,*,#3121,.T.);
#766=ORIENTED_EDGE('',*,*,#3122,.T.);
#767=ORIENTED_EDGE('',*,*,#3123,.T.);
#768=ORIENTED_EDGE('',*,*,#3124,.F.);
#769=ORIENTED_EDGE('',*,*,#3125,.T.);
#770=ORIENTED_EDGE('',*,*,#3126,.T.);
#771=ORIENTED_EDGE('',*,*,#3127,.T.);
#772=ORIENTED_EDGE('',*,*,#3128,.T.);
#773=ORIENTED_EDGE('',*,*,#3129,.T.);
#774=ORIENTED_EDGE('',*,*,#3130,.T.);
#775=ORIENTED_EDGE('',*,*,#3131,.T.);
#776=ORIENTED_EDGE('',*,*,#3132,.T.);
#777=ORIENTED_EDGE('',*,*,#3133,.F.);
#778=ORIENTED_EDGE('',*,*,#3134,.T.);
#779=ORIENTED_EDGE('',*,*,#3135,.F.);
#780=ORIENTED_EDGE('',*,*,#3136,.T.);
#781=ORIENTED_EDGE('',*,*,#3137,.F.);
#782=ORIENTED_EDGE('',*,*,#3138,.F.);
#783=ORIENTED_EDGE('',*,*,#3139,.F.);
#784=ORIENTED_EDGE('',*,*,#3140,.T.);
#785=ORIENTED_EDGE('',*,*,#2904,.F.);
#786=ORIENTED_EDGE('',*,*,#3141,.F.);
#787=ORIENTED_EDGE('',*,*,#3142,.T.);
#788=ORIENTED_EDGE('',*,*,#2908,.F.);
#789=ORIENTED_EDGE('',*,*,#3143,.T.);
#790=ORIENTED_EDGE('',*,*,#3144,.F.);
#791=ORIENTED_EDGE('',*,*,#2912,.F.);
#792=ORIENTED_EDGE('',*,*,#3145,.F.);
#793=ORIENTED_EDGE('',*,*,#3146,.T.);
#794=ORIENTED_EDGE('',*,*,#3147,.F.);
#795=ORIENTED_EDGE('',*,*,#3148,.F.);
#796=ORIENTED_EDGE('',*,*,#3149,.T.);
#797=ORIENTED_EDGE('',*,*,#3150,.F.);
#798=ORIENTED_EDGE('',*,*,#3151,.T.);
#799=ORIENTED_EDGE('',*,*,#3152,.F.);
#800=ORIENTED_EDGE('',*,*,#3153,.F.);
#801=ORIENTED_EDGE('',*,*,#3154,.F.);
#802=ORIENTED_EDGE('',*,*,#3155,.T.);
#803=ORIENTED_EDGE('',*,*,#3156,.F.);
#804=ORIENTED_EDGE('',*,*,#3157,.T.);
#805=ORIENTED_EDGE('',*,*,#3158,.T.);
#806=ORIENTED_EDGE('',*,*,#3159,.T.);
#807=ORIENTED_EDGE('',*,*,#3160,.T.);
#808=ORIENTED_EDGE('',*,*,#3161,.F.);
#809=ORIENTED_EDGE('',*,*,#3162,.F.);
#810=ORIENTED_EDGE('',*,*,#3163,.T.);
#811=ORIENTED_EDGE('',*,*,#3164,.T.);
#812=ORIENTED_EDGE('',*,*,#3165,.T.);
#813=ORIENTED_EDGE('',*,*,#3166,.T.);
#814=ORIENTED_EDGE('',*,*,#3167,.F.);
#815=ORIENTED_EDGE('',*,*,#3168,.F.);
#816=ORIENTED_EDGE('',*,*,#3169,.F.);
#817=ORIENTED_EDGE('',*,*,#3170,.T.);
#818=ORIENTED_EDGE('',*,*,#3171,.F.);
#819=ORIENTED_EDGE('',*,*,#3172,.T.);
#820=ORIENTED_EDGE('',*,*,#3173,.F.);
#821=ORIENTED_EDGE('',*,*,#3174,.F.);
#822=ORIENTED_EDGE('',*,*,#3175,.F.);
#823=ORIENTED_EDGE('',*,*,#3176,.T.);
#824=ORIENTED_EDGE('',*,*,#3177,.F.);
#825=ORIENTED_EDGE('',*,*,#3178,.T.);
#826=ORIENTED_EDGE('',*,*,#3179,.T.);
#827=ORIENTED_EDGE('',*,*,#3180,.T.);
#828=ORIENTED_EDGE('',*,*,#3181,.T.);
#829=ORIENTED_EDGE('',*,*,#3182,.F.);
#830=ORIENTED_EDGE('',*,*,#3183,.T.);
#831=ORIENTED_EDGE('',*,*,#3141,.T.);
#832=ORIENTED_EDGE('',*,*,#2903,.F.);
#833=ORIENTED_EDGE('',*,*,#3184,.T.);
#834=ORIENTED_EDGE('',*,*,#3185,.T.);
#835=ORIENTED_EDGE('',*,*,#3186,.F.);
#836=ORIENTED_EDGE('',*,*,#3187,.F.);
#837=ORIENTED_EDGE('',*,*,#3188,.T.);
#838=ORIENTED_EDGE('',*,*,#3189,.T.);
#839=ORIENTED_EDGE('',*,*,#3190,.F.);
#840=ORIENTED_EDGE('',*,*,#3191,.F.);
#841=ORIENTED_EDGE('',*,*,#2909,.T.);
#842=ORIENTED_EDGE('',*,*,#3144,.T.);
#843=ORIENTED_EDGE('',*,*,#3192,.T.);
#844=ORIENTED_EDGE('',*,*,#3193,.T.);
#845=ORIENTED_EDGE('',*,*,#3194,.T.);
#846=ORIENTED_EDGE('',*,*,#3154,.T.);
#847=ORIENTED_EDGE('',*,*,#3195,.F.);
#848=ORIENTED_EDGE('',*,*,#3196,.F.);
#849=ORIENTED_EDGE('',*,*,#3197,.T.);
#850=ORIENTED_EDGE('',*,*,#3198,.T.);
#851=ORIENTED_EDGE('',*,*,#3152,.T.);
#852=ORIENTED_EDGE('',*,*,#3199,.T.);
#853=ORIENTED_EDGE('',*,*,#3200,.F.);
#854=ORIENTED_EDGE('',*,*,#3201,.T.);
#855=ORIENTED_EDGE('',*,*,#3145,.T.);
#856=ORIENTED_EDGE('',*,*,#2911,.F.);
#857=ORIENTED_EDGE('',*,*,#3202,.T.);
#858=ORIENTED_EDGE('',*,*,#3203,.T.);
#859=ORIENTED_EDGE('',*,*,#3204,.F.);
#860=ORIENTED_EDGE('',*,*,#3205,.F.);
#861=ORIENTED_EDGE('',*,*,#3206,.T.);
#862=ORIENTED_EDGE('',*,*,#3207,.T.);
#863=ORIENTED_EDGE('',*,*,#3208,.F.);
#864=ORIENTED_EDGE('',*,*,#3209,.F.);
#865=ORIENTED_EDGE('',*,*,#2917,.T.);
#866=ORIENTED_EDGE('',*,*,#3210,.T.);
#867=ORIENTED_EDGE('',*,*,#3211,.T.);
#868=ORIENTED_EDGE('',*,*,#3212,.T.);
#869=ORIENTED_EDGE('',*,*,#3213,.T.);
#870=ORIENTED_EDGE('',*,*,#3148,.T.);
#871=ORIENTED_EDGE('',*,*,#3214,.F.);
#872=ORIENTED_EDGE('',*,*,#3215,.F.);
#873=ORIENTED_EDGE('',*,*,#3216,.T.);
#874=ORIENTED_EDGE('',*,*,#3217,.T.);
#875=ORIENTED_EDGE('',*,*,#3218,.F.);
#876=ORIENTED_EDGE('',*,*,#3219,.T.);
#877=ORIENTED_EDGE('',*,*,#3220,.T.);
#878=ORIENTED_EDGE('',*,*,#3221,.T.);
#879=ORIENTED_EDGE('',*,*,#3222,.T.);
#880=ORIENTED_EDGE('',*,*,#3223,.F.);
#881=ORIENTED_EDGE('',*,*,#3224,.F.);
#882=ORIENTED_EDGE('',*,*,#3225,.F.);
#883=ORIENTED_EDGE('',*,*,#3226,.F.);
#884=ORIENTED_EDGE('',*,*,#3227,.F.);
#885=ORIENTED_EDGE('',*,*,#3228,.T.);
#886=ORIENTED_EDGE('',*,*,#3229,.T.);
#887=ORIENTED_EDGE('',*,*,#3230,.T.);
#888=ORIENTED_EDGE('',*,*,#3231,.T.);
#889=ORIENTED_EDGE('',*,*,#3232,.T.);
#890=ORIENTED_EDGE('',*,*,#2931,.F.);
#891=ORIENTED_EDGE('',*,*,#3233,.T.);
#892=ORIENTED_EDGE('',*,*,#3115,.F.);
#893=ORIENTED_EDGE('',*,*,#3234,.T.);
#894=ORIENTED_EDGE('',*,*,#2942,.F.);
#895=ORIENTED_EDGE('',*,*,#3235,.T.);
#896=ORIENTED_EDGE('',*,*,#3236,.F.);
#897=ORIENTED_EDGE('',*,*,#3237,.T.);
#898=ORIENTED_EDGE('',*,*,#3238,.F.);
#899=ORIENTED_EDGE('',*,*,#3239,.T.);
#900=ORIENTED_EDGE('',*,*,#2985,.T.);
#901=ORIENTED_EDGE('',*,*,#3240,.T.);
#902=ORIENTED_EDGE('',*,*,#3066,.F.);
#903=ORIENTED_EDGE('',*,*,#3241,.T.);
#904=ORIENTED_EDGE('',*,*,#3093,.T.);
#905=ORIENTED_EDGE('',*,*,#3242,.T.);
#906=ORIENTED_EDGE('',*,*,#2946,.F.);
#907=ORIENTED_EDGE('',*,*,#3243,.F.);
#908=ORIENTED_EDGE('',*,*,#2950,.T.);
#909=ORIENTED_EDGE('',*,*,#3244,.T.);
#910=ORIENTED_EDGE('',*,*,#3089,.F.);
#911=ORIENTED_EDGE('',*,*,#3245,.T.);
#912=ORIENTED_EDGE('',*,*,#3246,.F.);
#913=ORIENTED_EDGE('',*,*,#3247,.F.);
#914=ORIENTED_EDGE('',*,*,#3248,.T.);
#915=ORIENTED_EDGE('',*,*,#2906,.T.);
#916=ORIENTED_EDGE('',*,*,#3249,.T.);
#917=ORIENTED_EDGE('',*,*,#3182,.T.);
#918=ORIENTED_EDGE('',*,*,#3250,.T.);
#919=ORIENTED_EDGE('',*,*,#3251,.T.);
#920=ORIENTED_EDGE('',*,*,#3252,.T.);
#921=ORIENTED_EDGE('',*,*,#3193,.F.);
#922=ORIENTED_EDGE('',*,*,#3253,.T.);
#923=ORIENTED_EDGE('',*,*,#3200,.T.);
#924=ORIENTED_EDGE('',*,*,#3254,.T.);
#925=ORIENTED_EDGE('',*,*,#3255,.T.);
#926=ORIENTED_EDGE('',*,*,#3256,.T.);
#927=ORIENTED_EDGE('',*,*,#3212,.F.);
#928=ORIENTED_EDGE('',*,*,#3257,.T.);
#929=ORIENTED_EDGE('',*,*,#2914,.T.);
#930=ORIENTED_EDGE('',*,*,#3258,.T.);
#931=ORIENTED_EDGE('',*,*,#3259,.T.);
#932=ORIENTED_EDGE('',*,*,#3260,.T.);
#933=ORIENTED_EDGE('',*,*,#3261,.T.);
#934=ORIENTED_EDGE('',*,*,#3262,.T.);
#935=ORIENTED_EDGE('',*,*,#3263,.F.);
#936=ORIENTED_EDGE('',*,*,#3264,.T.);
#937=ORIENTED_EDGE('',*,*,#3265,.F.);
#938=ORIENTED_EDGE('',*,*,#3266,.T.);
#939=ORIENTED_EDGE('',*,*,#3267,.T.);
#940=ORIENTED_EDGE('',*,*,#3268,.T.);
#941=ORIENTED_EDGE('',*,*,#3269,.F.);
#942=ORIENTED_EDGE('',*,*,#3270,.T.);
#943=ORIENTED_EDGE('',*,*,#3271,.F.);
#944=ORIENTED_EDGE('',*,*,#3272,.T.);
#945=ORIENTED_EDGE('',*,*,#3273,.T.);
#946=ORIENTED_EDGE('',*,*,#3274,.T.);
#947=ORIENTED_EDGE('',*,*,#3005,.T.);
#948=ORIENTED_EDGE('',*,*,#3275,.T.);
#949=ORIENTED_EDGE('',*,*,#3276,.T.);
#950=ORIENTED_EDGE('',*,*,#3277,.F.);
#951=ORIENTED_EDGE('',*,*,#3278,.T.);
#952=ORIENTED_EDGE('',*,*,#3279,.F.);
#953=ORIENTED_EDGE('',*,*,#3280,.F.);
#954=ORIENTED_EDGE('',*,*,#3281,.T.);
#955=ORIENTED_EDGE('',*,*,#3105,.T.);
#956=ORIENTED_EDGE('',*,*,#3282,.T.);
#957=ORIENTED_EDGE('',*,*,#3283,.T.);
#958=ORIENTED_EDGE('',*,*,#3284,.F.);
#959=ORIENTED_EDGE('',*,*,#3285,.F.);
#960=ORIENTED_EDGE('',*,*,#3286,.T.);
#961=ORIENTED_EDGE('',*,*,#3287,.F.);
#962=ORIENTED_EDGE('',*,*,#3288,.T.);
#963=ORIENTED_EDGE('',*,*,#3289,.F.);
#964=ORIENTED_EDGE('',*,*,#3290,.T.);
#965=ORIENTED_EDGE('',*,*,#3291,.F.);
#966=ORIENTED_EDGE('',*,*,#3292,.F.);
#967=ORIENTED_EDGE('',*,*,#3293,.T.);
#968=ORIENTED_EDGE('',*,*,#3294,.T.);
#969=ORIENTED_EDGE('',*,*,#3295,.T.);
#970=ORIENTED_EDGE('',*,*,#3296,.T.);
#971=ORIENTED_EDGE('',*,*,#3101,.T.);
#972=ORIENTED_EDGE('',*,*,#3297,.T.);
#973=ORIENTED_EDGE('',*,*,#3298,.F.);
#974=ORIENTED_EDGE('',*,*,#3299,.T.);
#975=ORIENTED_EDGE('',*,*,#3052,.T.);
#976=ORIENTED_EDGE('',*,*,#2988,.T.);
#977=ORIENTED_EDGE('',*,*,#3300,.F.);
#978=ORIENTED_EDGE('',*,*,#3063,.T.);
#979=ORIENTED_EDGE('',*,*,#3301,.T.);
#980=ORIENTED_EDGE('',*,*,#3302,.T.);
#981=ORIENTED_EDGE('',*,*,#3303,.F.);
#982=ORIENTED_EDGE('',*,*,#3010,.T.);
#983=ORIENTED_EDGE('',*,*,#3304,.F.);
#984=ORIENTED_EDGE('',*,*,#3305,.T.);
#985=ORIENTED_EDGE('',*,*,#3306,.F.);
#986=ORIENTED_EDGE('',*,*,#3307,.T.);
#987=ORIENTED_EDGE('',*,*,#3308,.T.);
#988=ORIENTED_EDGE('',*,*,#3034,.T.);
#989=ORIENTED_EDGE('',*,*,#3309,.F.);
#990=ORIENTED_EDGE('',*,*,#3310,.T.);
#991=ORIENTED_EDGE('',*,*,#3311,.F.);
#992=ORIENTED_EDGE('',*,*,#3312,.T.);
#993=ORIENTED_EDGE('',*,*,#3078,.T.);
#994=ORIENTED_EDGE('',*,*,#3313,.T.);
#995=ORIENTED_EDGE('',*,*,#3314,.F.);
#996=ORIENTED_EDGE('',*,*,#3315,.T.);
#997=ORIENTED_EDGE('',*,*,#3309,.T.);
#998=ORIENTED_EDGE('',*,*,#3316,.T.);
#999=ORIENTED_EDGE('',*,*,#3317,.T.);
#1000=ORIENTED_EDGE('',*,*,#3318,.T.);
#1001=ORIENTED_EDGE('',*,*,#3319,.F.);
#1002=ORIENTED_EDGE('',*,*,#3320,.T.);
#1003=ORIENTED_EDGE('',*,*,#3321,.F.);
#1004=ORIENTED_EDGE('',*,*,#3322,.F.);
#1005=ORIENTED_EDGE('',*,*,#3323,.T.);
#1006=ORIENTED_EDGE('',*,*,#3324,.T.);
#1007=ORIENTED_EDGE('',*,*,#3325,.T.);
#1008=ORIENTED_EDGE('',*,*,#3326,.T.);
#1009=ORIENTED_EDGE('',*,*,#3327,.T.);
#1010=ORIENTED_EDGE('',*,*,#3328,.T.);
#1011=ORIENTED_EDGE('',*,*,#3329,.F.);
#1012=ORIENTED_EDGE('',*,*,#3330,.F.);
#1013=ORIENTED_EDGE('',*,*,#3220,.F.);
#1014=ORIENTED_EDGE('',*,*,#3331,.T.);
#1015=ORIENTED_EDGE('',*,*,#3332,.F.);
#1016=ORIENTED_EDGE('',*,*,#3333,.F.);
#1017=ORIENTED_EDGE('',*,*,#3334,.T.);
#1018=ORIENTED_EDGE('',*,*,#3335,.T.);
#1019=ORIENTED_EDGE('',*,*,#3336,.F.);
#1020=ORIENTED_EDGE('',*,*,#3337,.F.);
#1021=ORIENTED_EDGE('',*,*,#3338,.F.);
#1022=ORIENTED_EDGE('',*,*,#3336,.T.);
#1023=ORIENTED_EDGE('',*,*,#3339,.T.);
#1024=ORIENTED_EDGE('',*,*,#3340,.F.);
#1025=ORIENTED_EDGE('',*,*,#3082,.F.);
#1026=ORIENTED_EDGE('',*,*,#3319,.T.);
#1027=ORIENTED_EDGE('',*,*,#3341,.T.);
#1028=ORIENTED_EDGE('',*,*,#3074,.F.);
#1029=ORIENTED_EDGE('',*,*,#3342,.F.);
#1030=ORIENTED_EDGE('',*,*,#3343,.F.);
#1031=ORIENTED_EDGE('',*,*,#3344,.F.);
#1032=ORIENTED_EDGE('',*,*,#3345,.F.);
#1033=ORIENTED_EDGE('',*,*,#3346,.T.);
#1034=ORIENTED_EDGE('',*,*,#3347,.F.);
#1035=ORIENTED_EDGE('',*,*,#3348,.F.);
#1036=ORIENTED_EDGE('',*,*,#3349,.F.);
#1037=ORIENTED_EDGE('',*,*,#3350,.T.);
#1038=ORIENTED_EDGE('',*,*,#3351,.F.);
#1039=ORIENTED_EDGE('',*,*,#3352,.F.);
#1040=ORIENTED_EDGE('',*,*,#3353,.F.);
#1041=ORIENTED_EDGE('',*,*,#3354,.T.);
#1042=ORIENTED_EDGE('',*,*,#3355,.T.);
#1043=ORIENTED_EDGE('',*,*,#3356,.F.);
#1044=ORIENTED_EDGE('',*,*,#3357,.F.);
#1045=ORIENTED_EDGE('',*,*,#3358,.F.);
#1046=ORIENTED_EDGE('',*,*,#3359,.F.);
#1047=ORIENTED_EDGE('',*,*,#3360,.F.);
#1048=ORIENTED_EDGE('',*,*,#3361,.T.);
#1049=ORIENTED_EDGE('',*,*,#3362,.T.);
#1050=ORIENTED_EDGE('',*,*,#3363,.T.);
#1051=ORIENTED_EDGE('',*,*,#3364,.F.);
#1052=ORIENTED_EDGE('',*,*,#3360,.T.);
#1053=ORIENTED_EDGE('',*,*,#3365,.F.);
#1054=ORIENTED_EDGE('',*,*,#3366,.F.);
#1055=ORIENTED_EDGE('',*,*,#3022,.T.);
#1056=ORIENTED_EDGE('',*,*,#3367,.T.);
#1057=ORIENTED_EDGE('',*,*,#3368,.T.);
#1058=ORIENTED_EDGE('',*,*,#3369,.F.);
#1059=ORIENTED_EDGE('',*,*,#3370,.T.);
#1060=ORIENTED_EDGE('',*,*,#3371,.T.);
#1061=ORIENTED_EDGE('',*,*,#3372,.F.);
#1062=ORIENTED_EDGE('',*,*,#3137,.T.);
#1063=ORIENTED_EDGE('',*,*,#3373,.F.);
#1064=ORIENTED_EDGE('',*,*,#3374,.F.);
#1065=ORIENTED_EDGE('',*,*,#3375,.F.);
#1066=ORIENTED_EDGE('',*,*,#3376,.F.);
#1067=ORIENTED_EDGE('',*,*,#3377,.T.);
#1068=ORIENTED_EDGE('',*,*,#3378,.F.);
#1069=ORIENTED_EDGE('',*,*,#3379,.T.);
#1070=ORIENTED_EDGE('',*,*,#3380,.T.);
#1071=ORIENTED_EDGE('',*,*,#3321,.T.);
#1072=ORIENTED_EDGE('',*,*,#3381,.T.);
#1073=ORIENTED_EDGE('',*,*,#3382,.F.);
#1074=ORIENTED_EDGE('',*,*,#3383,.F.);
#1075=ORIENTED_EDGE('',*,*,#3384,.F.);
#1076=ORIENTED_EDGE('',*,*,#3382,.T.);
#1077=ORIENTED_EDGE('',*,*,#3385,.T.);
#1078=ORIENTED_EDGE('',*,*,#3347,.T.);
#1079=ORIENTED_EDGE('',*,*,#3386,.F.);
#1080=ORIENTED_EDGE('',*,*,#3387,.F.);
#1081=ORIENTED_EDGE('',*,*,#3388,.T.);
#1082=ORIENTED_EDGE('',*,*,#3345,.T.);
#1083=ORIENTED_EDGE('',*,*,#3389,.F.);
#1084=ORIENTED_EDGE('',*,*,#3072,.T.);
#1085=ORIENTED_EDGE('',*,*,#3390,.F.);
#1086=ORIENTED_EDGE('',*,*,#3391,.T.);
#1087=ORIENTED_EDGE('',*,*,#3392,.T.);
#1088=ORIENTED_EDGE('',*,*,#3393,.T.);
#1089=ORIENTED_EDGE('',*,*,#3394,.T.);
#1090=ORIENTED_EDGE('',*,*,#3395,.T.);
#1091=ORIENTED_EDGE('',*,*,#3396,.F.);
#1092=ORIENTED_EDGE('',*,*,#3397,.T.);
#1093=ORIENTED_EDGE('',*,*,#3394,.F.);
#1094=ORIENTED_EDGE('',*,*,#3398,.T.);
#1095=ORIENTED_EDGE('',*,*,#3399,.F.);
#1096=ORIENTED_EDGE('',*,*,#3400,.F.);
#1097=ORIENTED_EDGE('',*,*,#3401,.F.);
#1098=ORIENTED_EDGE('',*,*,#3400,.T.);
#1099=ORIENTED_EDGE('',*,*,#3402,.F.);
#1100=ORIENTED_EDGE('',*,*,#3403,.F.);
#1101=ORIENTED_EDGE('',*,*,#3404,.F.);
#1102=ORIENTED_EDGE('',*,*,#3405,.T.);
#1103=ORIENTED_EDGE('',*,*,#3406,.T.);
#1104=ORIENTED_EDGE('',*,*,#3407,.F.);
#1105=ORIENTED_EDGE('',*,*,#3408,.T.);
#1106=ORIENTED_EDGE('',*,*,#3409,.T.);
#1107=ORIENTED_EDGE('',*,*,#3410,.F.);
#1108=ORIENTED_EDGE('',*,*,#3404,.T.);
#1109=ORIENTED_EDGE('',*,*,#3411,.T.);
#1110=ORIENTED_EDGE('',*,*,#3380,.F.);
#1111=ORIENTED_EDGE('',*,*,#2980,.F.);
#1112=ORIENTED_EDGE('',*,*,#3412,.F.);
#1113=ORIENTED_EDGE('',*,*,#3413,.F.);
#1114=ORIENTED_EDGE('',*,*,#3414,.F.);
#1115=ORIENTED_EDGE('',*,*,#3415,.T.);
#1116=ORIENTED_EDGE('',*,*,#3381,.F.);
#1117=ORIENTED_EDGE('',*,*,#3320,.F.);
#1118=ORIENTED_EDGE('',*,*,#3342,.T.);
#1119=ORIENTED_EDGE('',*,*,#3073,.T.);
#1120=ORIENTED_EDGE('',*,*,#3389,.T.);
#1121=ORIENTED_EDGE('',*,*,#3348,.T.);
#1122=ORIENTED_EDGE('',*,*,#3385,.F.);
#1123=ORIENTED_EDGE('',*,*,#3416,.T.);
#1124=ORIENTED_EDGE('',*,*,#3392,.F.);
#1125=ORIENTED_EDGE('',*,*,#3417,.T.);
#1126=ORIENTED_EDGE('',*,*,#3418,.T.);
#1127=ORIENTED_EDGE('',*,*,#3419,.T.);
#1128=ORIENTED_EDGE('',*,*,#3420,.F.);
#1129=ORIENTED_EDGE('',*,*,#3421,.T.);
#1130=ORIENTED_EDGE('',*,*,#3422,.F.);
#1131=ORIENTED_EDGE('',*,*,#3423,.T.);
#1132=ORIENTED_EDGE('',*,*,#3424,.T.);
#1133=ORIENTED_EDGE('',*,*,#3425,.F.);
#1134=ORIENTED_EDGE('',*,*,#3426,.T.);
#1135=ORIENTED_EDGE('',*,*,#3329,.T.);
#1136=ORIENTED_EDGE('',*,*,#3427,.T.);
#1137=ORIENTED_EDGE('',*,*,#3428,.F.);
#1138=ORIENTED_EDGE('',*,*,#3429,.T.);
#1139=ORIENTED_EDGE('',*,*,#3425,.T.);
#1140=ORIENTED_EDGE('',*,*,#3430,.T.);
#1141=ORIENTED_EDGE('',*,*,#3431,.F.);
#1142=ORIENTED_EDGE('',*,*,#3432,.T.);
#1143=ORIENTED_EDGE('',*,*,#3353,.T.);
#1144=ORIENTED_EDGE('',*,*,#3433,.F.);
#1145=ORIENTED_EDGE('',*,*,#3434,.F.);
#1146=ORIENTED_EDGE('',*,*,#3435,.F.);
#1147=ORIENTED_EDGE('',*,*,#3436,.F.);
#1148=ORIENTED_EDGE('',*,*,#3437,.T.);
#1149=ORIENTED_EDGE('',*,*,#3428,.T.);
#1150=ORIENTED_EDGE('',*,*,#3438,.T.);
#1151=ORIENTED_EDGE('',*,*,#3362,.F.);
#1152=ORIENTED_EDGE('',*,*,#3439,.T.);
#1153=ORIENTED_EDGE('',*,*,#3440,.T.);
#1154=ORIENTED_EDGE('',*,*,#3441,.T.);
#1155=ORIENTED_EDGE('',*,*,#3418,.F.);
#1156=ORIENTED_EDGE('',*,*,#3442,.T.);
#1157=ORIENTED_EDGE('',*,*,#3443,.F.);
#1158=ORIENTED_EDGE('',*,*,#3444,.T.);
#1159=ORIENTED_EDGE('',*,*,#3445,.T.);
#1160=ORIENTED_EDGE('',*,*,#3446,.T.);
#1161=ORIENTED_EDGE('',*,*,#3447,.T.);
#1162=ORIENTED_EDGE('',*,*,#3448,.T.);
#1163=ORIENTED_EDGE('',*,*,#3449,.F.);
#1164=ORIENTED_EDGE('',*,*,#3450,.F.);
#1165=ORIENTED_EDGE('',*,*,#3451,.T.);
#1166=ORIENTED_EDGE('',*,*,#3452,.T.);
#1167=ORIENTED_EDGE('',*,*,#3453,.T.);
#1168=ORIENTED_EDGE('',*,*,#3454,.T.);
#1169=ORIENTED_EDGE('',*,*,#3026,.F.);
#1170=ORIENTED_EDGE('',*,*,#3455,.T.);
#1171=ORIENTED_EDGE('',*,*,#3456,.F.);
#1172=ORIENTED_EDGE('',*,*,#3457,.T.);
#1173=ORIENTED_EDGE('',*,*,#3458,.F.);
#1174=ORIENTED_EDGE('',*,*,#3359,.T.);
#1175=ORIENTED_EDGE('',*,*,#3459,.T.);
#1176=ORIENTED_EDGE('',*,*,#3365,.T.);
#1177=ORIENTED_EDGE('',*,*,#3027,.F.);
#1178=ORIENTED_EDGE('',*,*,#3458,.T.);
#1179=ORIENTED_EDGE('',*,*,#3460,.T.);
#1180=ORIENTED_EDGE('',*,*,#3461,.F.);
#1181=ORIENTED_EDGE('',*,*,#3456,.T.);
#1182=ORIENTED_EDGE('',*,*,#3462,.T.);
#1183=ORIENTED_EDGE('',*,*,#3463,.F.);
#1184=ORIENTED_EDGE('',*,*,#3363,.F.);
#1185=ORIENTED_EDGE('',*,*,#3454,.F.);
#1186=ORIENTED_EDGE('',*,*,#3464,.T.);
#1187=ORIENTED_EDGE('',*,*,#3465,.T.);
#1188=ORIENTED_EDGE('',*,*,#3466,.T.);
#1189=ORIENTED_EDGE('',*,*,#3467,.F.);
#1190=ORIENTED_EDGE('',*,*,#3460,.F.);
#1191=ORIENTED_EDGE('',*,*,#3457,.F.);
#1192=ORIENTED_EDGE('',*,*,#3468,.F.);
#1193=ORIENTED_EDGE('',*,*,#3469,.T.);
#1194=ORIENTED_EDGE('',*,*,#3470,.F.);
#1195=ORIENTED_EDGE('',*,*,#3413,.T.);
#1196=ORIENTED_EDGE('',*,*,#3471,.F.);
#1197=ORIENTED_EDGE('',*,*,#3472,.F.);
#1198=ORIENTED_EDGE('',*,*,#3469,.F.);
#1199=ORIENTED_EDGE('',*,*,#3139,.T.);
#1200=ORIENTED_EDGE('',*,*,#3414,.T.);
#1201=ORIENTED_EDGE('',*,*,#3470,.T.);
#1202=ORIENTED_EDGE('',*,*,#3468,.T.);
#1203=ORIENTED_EDGE('',*,*,#3466,.F.);
#1204=ORIENTED_EDGE('',*,*,#3473,.T.);
#1205=ORIENTED_EDGE('',*,*,#3474,.T.);
#1206=ORIENTED_EDGE('',*,*,#3471,.T.);
#1207=ORIENTED_EDGE('',*,*,#3412,.T.);
#1208=ORIENTED_EDGE('',*,*,#2979,.F.);
#1209=ORIENTED_EDGE('',*,*,#3475,.F.);
#1210=ORIENTED_EDGE('',*,*,#3028,.T.);
#1211=ORIENTED_EDGE('',*,*,#3461,.T.);
#1212=ORIENTED_EDGE('',*,*,#3467,.T.);
#1213=ORIENTED_EDGE('',*,*,#3472,.T.);
#1214=ORIENTED_EDGE('',*,*,#3411,.F.);
#1215=ORIENTED_EDGE('',*,*,#3403,.T.);
#1216=ORIENTED_EDGE('',*,*,#3476,.F.);
#1217=ORIENTED_EDGE('',*,*,#3477,.T.);
#1218=ORIENTED_EDGE('',*,*,#3478,.T.);
#1219=ORIENTED_EDGE('',*,*,#3450,.T.);
#1220=ORIENTED_EDGE('',*,*,#3479,.T.);
#1221=ORIENTED_EDGE('',*,*,#3431,.T.);
#1222=ORIENTED_EDGE('',*,*,#3480,.T.);
#1223=ORIENTED_EDGE('',*,*,#3481,.F.);
#1224=ORIENTED_EDGE('',*,*,#3482,.T.);
#1225=ORIENTED_EDGE('',*,*,#3372,.T.);
#1226=ORIENTED_EDGE('',*,*,#3483,.F.);
#1227=ORIENTED_EDGE('',*,*,#3484,.T.);
#1228=ORIENTED_EDGE('',*,*,#3485,.T.);
#1229=ORIENTED_EDGE('',*,*,#3486,.T.);
#1230=ORIENTED_EDGE('',*,*,#3487,.T.);
#1231=ORIENTED_EDGE('',*,*,#3488,.T.);
#1232=ORIENTED_EDGE('',*,*,#3489,.F.);
#1233=ORIENTED_EDGE('',*,*,#3490,.F.);
#1234=ORIENTED_EDGE('',*,*,#3491,.F.);
#1235=ORIENTED_EDGE('',*,*,#3492,.F.);
#1236=ORIENTED_EDGE('',*,*,#3493,.F.);
#1237=ORIENTED_EDGE('',*,*,#3494,.T.);
#1238=ORIENTED_EDGE('',*,*,#3495,.T.);
#1239=ORIENTED_EDGE('',*,*,#3021,.F.);
#1240=ORIENTED_EDGE('',*,*,#3496,.T.);
#1241=ORIENTED_EDGE('',*,*,#3367,.F.);
#1242=ORIENTED_EDGE('',*,*,#3497,.T.);
#1243=ORIENTED_EDGE('',*,*,#3498,.T.);
#1244=ORIENTED_EDGE('',*,*,#3499,.F.);
#1245=ORIENTED_EDGE('',*,*,#3374,.T.);
#1246=ORIENTED_EDGE('',*,*,#3500,.F.);
#1247=ORIENTED_EDGE('',*,*,#3501,.T.);
#1248=ORIENTED_EDGE('',*,*,#3483,.T.);
#1249=ORIENTED_EDGE('',*,*,#3371,.F.);
#1250=ORIENTED_EDGE('',*,*,#3020,.F.);
#1251=ORIENTED_EDGE('',*,*,#3502,.T.);
#1252=ORIENTED_EDGE('',*,*,#3497,.F.);
#1253=ORIENTED_EDGE('',*,*,#3370,.F.);
#1254=ORIENTED_EDGE('',*,*,#3503,.F.);
#1255=ORIENTED_EDGE('',*,*,#3504,.T.);
#1256=ORIENTED_EDGE('',*,*,#3496,.F.);
#1257=ORIENTED_EDGE('',*,*,#3505,.F.);
#1258=ORIENTED_EDGE('',*,*,#3487,.F.);
#1259=ORIENTED_EDGE('',*,*,#3506,.T.);
#1260=ORIENTED_EDGE('',*,*,#3507,.F.);
#1261=ORIENTED_EDGE('',*,*,#3508,.T.);
#1262=ORIENTED_EDGE('',*,*,#3509,.F.);
#1263=ORIENTED_EDGE('',*,*,#3351,.T.);
#1264=ORIENTED_EDGE('',*,*,#3333,.T.);
#1265=ORIENTED_EDGE('',*,*,#3510,.T.);
#1266=ORIENTED_EDGE('',*,*,#3511,.T.);
#1267=ORIENTED_EDGE('',*,*,#3512,.F.);
#1268=ORIENTED_EDGE('',*,*,#3513,.F.);
#1269=ORIENTED_EDGE('',*,*,#3086,.F.);
#1270=ORIENTED_EDGE('',*,*,#3514,.F.);
#1271=ORIENTED_EDGE('',*,*,#3327,.F.);
#1272=ORIENTED_EDGE('',*,*,#3515,.T.);
#1273=ORIENTED_EDGE('',*,*,#3516,.T.);
#1274=ORIENTED_EDGE('',*,*,#3517,.T.);
#1275=ORIENTED_EDGE('',*,*,#3377,.F.);
#1276=ORIENTED_EDGE('',*,*,#3518,.T.);
#1277=ORIENTED_EDGE('',*,*,#3519,.T.);
#1278=ORIENTED_EDGE('',*,*,#2951,.F.);
#1279=ORIENTED_EDGE('',*,*,#3520,.F.);
#1280=ORIENTED_EDGE('',*,*,#3521,.F.);
#1281=ORIENTED_EDGE('',*,*,#3510,.F.);
#1282=ORIENTED_EDGE('',*,*,#3332,.T.);
#1283=ORIENTED_EDGE('',*,*,#3520,.T.);
#1284=ORIENTED_EDGE('',*,*,#3248,.F.);
#1285=ORIENTED_EDGE('',*,*,#3522,.F.);
#1286=ORIENTED_EDGE('',*,*,#3511,.F.);
#1287=ORIENTED_EDGE('',*,*,#3522,.T.);
#1288=ORIENTED_EDGE('',*,*,#3247,.T.);
#1289=ORIENTED_EDGE('',*,*,#3523,.T.);
#1290=ORIENTED_EDGE('',*,*,#3524,.T.);
#1291=ORIENTED_EDGE('',*,*,#3525,.F.);
#1292=ORIENTED_EDGE('',*,*,#3512,.T.);
#1293=ORIENTED_EDGE('',*,*,#3524,.F.);
#1294=ORIENTED_EDGE('',*,*,#3526,.F.);
#1295=ORIENTED_EDGE('',*,*,#3527,.F.);
#1296=ORIENTED_EDGE('',*,*,#3528,.F.);
#1297=ORIENTED_EDGE('',*,*,#3529,.T.);
#1298=ORIENTED_EDGE('',*,*,#3087,.T.);
#1299=ORIENTED_EDGE('',*,*,#3513,.T.);
#1300=ORIENTED_EDGE('',*,*,#3525,.T.);
#1301=ORIENTED_EDGE('',*,*,#3015,.F.);
#1302=ORIENTED_EDGE('',*,*,#3530,.T.);
#1303=ORIENTED_EDGE('',*,*,#2953,.T.);
#1304=ORIENTED_EDGE('',*,*,#3531,.F.);
#1305=ORIENTED_EDGE('',*,*,#3532,.F.);
#1306=ORIENTED_EDGE('',*,*,#2955,.T.);
#1307=ORIENTED_EDGE('',*,*,#3533,.T.);
#1308=ORIENTED_EDGE('',*,*,#3013,.F.);
#1309=ORIENTED_EDGE('',*,*,#3534,.T.);
#1310=ORIENTED_EDGE('',*,*,#3535,.T.);
#1311=ORIENTED_EDGE('',*,*,#2956,.F.);
#1312=ORIENTED_EDGE('',*,*,#3534,.F.);
#1313=ORIENTED_EDGE('',*,*,#3012,.T.);
#1314=ORIENTED_EDGE('',*,*,#3536,.F.);
#1315=ORIENTED_EDGE('',*,*,#3032,.T.);
#1316=ORIENTED_EDGE('',*,*,#3537,.T.);
#1317=ORIENTED_EDGE('',*,*,#2975,.F.);
#1318=ORIENTED_EDGE('',*,*,#3344,.T.);
#1319=ORIENTED_EDGE('',*,*,#3031,.T.);
#1320=ORIENTED_EDGE('',*,*,#3538,.T.);
#1321=ORIENTED_EDGE('',*,*,#2976,.F.);
#1322=ORIENTED_EDGE('',*,*,#3537,.F.);
#1323=ORIENTED_EDGE('',*,*,#2978,.F.);
#1324=ORIENTED_EDGE('',*,*,#3539,.T.);
#1325=ORIENTED_EDGE('',*,*,#3029,.T.);
#1326=ORIENTED_EDGE('',*,*,#3475,.T.);
#1327=ORIENTED_EDGE('',*,*,#3540,.F.);
#1328=ORIENTED_EDGE('',*,*,#3541,.F.);
#1329=ORIENTED_EDGE('',*,*,#3094,.T.);
#1330=ORIENTED_EDGE('',*,*,#3243,.T.);
#1331=ORIENTED_EDGE('',*,*,#2945,.F.);
#1332=ORIENTED_EDGE('',*,*,#2944,.T.);
#1333=ORIENTED_EDGE('',*,*,#3542,.F.);
#1334=ORIENTED_EDGE('',*,*,#3095,.F.);
#1335=ORIENTED_EDGE('',*,*,#3541,.T.);
#1336=ORIENTED_EDGE('',*,*,#3064,.F.);
#1337=ORIENTED_EDGE('',*,*,#3300,.T.);
#1338=ORIENTED_EDGE('',*,*,#2987,.T.);
#1339=ORIENTED_EDGE('',*,*,#3543,.F.);
#1340=ORIENTED_EDGE('',*,*,#3343,.T.);
#1341=ORIENTED_EDGE('',*,*,#3241,.F.);
#1342=ORIENTED_EDGE('',*,*,#3065,.F.);
#1343=ORIENTED_EDGE('',*,*,#3543,.T.);
#1344=ORIENTED_EDGE('',*,*,#2986,.T.);
#1345=ORIENTED_EDGE('',*,*,#3246,.T.);
#1346=ORIENTED_EDGE('',*,*,#3544,.T.);
#1347=ORIENTED_EDGE('',*,*,#3528,.T.);
#1348=ORIENTED_EDGE('',*,*,#3526,.T.);
#1349=ORIENTED_EDGE('',*,*,#3523,.F.);
#1350=ORIENTED_EDGE('',*,*,#3340,.T.);
#1351=ORIENTED_EDGE('',*,*,#3545,.T.);
#1352=ORIENTED_EDGE('',*,*,#3083,.T.);
#1353=ORIENTED_EDGE('',*,*,#3546,.F.);
#1354=ORIENTED_EDGE('',*,*,#3547,.T.);
#1355=ORIENTED_EDGE('',*,*,#3420,.T.);
#1356=ORIENTED_EDGE('',*,*,#3548,.T.);
#1357=ORIENTED_EDGE('',*,*,#3325,.F.);
#1358=ORIENTED_EDGE('',*,*,#3549,.T.);
#1359=ORIENTED_EDGE('',*,*,#3546,.T.);
#1360=ORIENTED_EDGE('',*,*,#3550,.T.);
#1361=ORIENTED_EDGE('',*,*,#3085,.T.);
#1362=ORIENTED_EDGE('',*,*,#3551,.T.);
#1363=ORIENTED_EDGE('',*,*,#3334,.F.);
#1364=ORIENTED_EDGE('',*,*,#3514,.T.);
#1365=ORIENTED_EDGE('',*,*,#3440,.F.);
#1366=ORIENTED_EDGE('',*,*,#3552,.T.);
#1367=ORIENTED_EDGE('',*,*,#3481,.T.);
#1368=ORIENTED_EDGE('',*,*,#3553,.T.);
#1369=ORIENTED_EDGE('',*,*,#3516,.F.);
#1370=ORIENTED_EDGE('',*,*,#3554,.T.);
#1371=ORIENTED_EDGE('',*,*,#3088,.F.);
#1372=ORIENTED_EDGE('',*,*,#3529,.F.);
#1373=ORIENTED_EDGE('',*,*,#3544,.F.);
#1374=ORIENTED_EDGE('',*,*,#3245,.F.);
#1375=ORIENTED_EDGE('',*,*,#3555,.T.);
#1376=ORIENTED_EDGE('',*,*,#3556,.T.);
#1377=ORIENTED_EDGE('',*,*,#3557,.T.);
#1378=ORIENTED_EDGE('',*,*,#3452,.F.);
#1379=ORIENTED_EDGE('',*,*,#3558,.T.);
#1380=ORIENTED_EDGE('',*,*,#3559,.F.);
#1381=ORIENTED_EDGE('',*,*,#3560,.T.);
#1382=ORIENTED_EDGE('',*,*,#3485,.F.);
#1383=ORIENTED_EDGE('',*,*,#3501,.F.);
#1384=ORIENTED_EDGE('',*,*,#3561,.F.);
#1385=ORIENTED_EDGE('',*,*,#3558,.F.);
#1386=ORIENTED_EDGE('',*,*,#3484,.F.);
#1387=ORIENTED_EDGE('',*,*,#3453,.F.);
#1388=ORIENTED_EDGE('',*,*,#3557,.F.);
#1389=ORIENTED_EDGE('',*,*,#3562,.T.);
#1390=ORIENTED_EDGE('',*,*,#3464,.F.);
#1391=ORIENTED_EDGE('',*,*,#3486,.F.);
#1392=ORIENTED_EDGE('',*,*,#3560,.F.);
#1393=ORIENTED_EDGE('',*,*,#3563,.F.);
#1394=ORIENTED_EDGE('',*,*,#3506,.F.);
#1395=ORIENTED_EDGE('',*,*,#3451,.F.);
#1396=ORIENTED_EDGE('',*,*,#3478,.F.);
#1397=ORIENTED_EDGE('',*,*,#3564,.T.);
#1398=ORIENTED_EDGE('',*,*,#3555,.F.);
#1399=ORIENTED_EDGE('',*,*,#3565,.F.);
#1400=ORIENTED_EDGE('',*,*,#3566,.F.);
#1401=ORIENTED_EDGE('',*,*,#3215,.T.);
#1402=ORIENTED_EDGE('',*,*,#3330,.T.);
#1403=ORIENTED_EDGE('',*,*,#3426,.F.);
#1404=ORIENTED_EDGE('',*,*,#3429,.F.);
#1405=ORIENTED_EDGE('',*,*,#3437,.F.);
#1406=ORIENTED_EDGE('',*,*,#3567,.F.);
#1407=ORIENTED_EDGE('',*,*,#3568,.T.);
#1408=ORIENTED_EDGE('',*,*,#3569,.T.);
#1409=ORIENTED_EDGE('',*,*,#3421,.F.);
#1410=ORIENTED_EDGE('',*,*,#3547,.F.);
#1411=ORIENTED_EDGE('',*,*,#3549,.F.);
#1412=ORIENTED_EDGE('',*,*,#3324,.F.);
#1413=ORIENTED_EDGE('',*,*,#3570,.F.);
#1414=ORIENTED_EDGE('',*,*,#3571,.F.);
#1415=ORIENTED_EDGE('',*,*,#3567,.T.);
#1416=ORIENTED_EDGE('',*,*,#3323,.F.);
#1417=ORIENTED_EDGE('',*,*,#3572,.F.);
#1418=ORIENTED_EDGE('',*,*,#3573,.T.);
#1419=ORIENTED_EDGE('',*,*,#3391,.F.);
#1420=ORIENTED_EDGE('',*,*,#3574,.T.);
#1421=ORIENTED_EDGE('',*,*,#3442,.F.);
#1422=ORIENTED_EDGE('',*,*,#3417,.F.);
#1423=ORIENTED_EDGE('',*,*,#3495,.F.);
#1424=ORIENTED_EDGE('',*,*,#3575,.F.);
#1425=ORIENTED_EDGE('',*,*,#3354,.F.);
#1426=ORIENTED_EDGE('',*,*,#3432,.F.);
#1427=ORIENTED_EDGE('',*,*,#3576,.T.);
#1428=ORIENTED_EDGE('',*,*,#3399,.T.);
#1429=ORIENTED_EDGE('',*,*,#3577,.F.);
#1430=ORIENTED_EDGE('',*,*,#3578,.T.);
#1431=ORIENTED_EDGE('',*,*,#3577,.T.);
#1432=ORIENTED_EDGE('',*,*,#3579,.T.);
#1433=ORIENTED_EDGE('',*,*,#3424,.F.);
#1434=ORIENTED_EDGE('',*,*,#3580,.T.);
#1435=ORIENTED_EDGE('',*,*,#3476,.T.);
#1436=ORIENTED_EDGE('',*,*,#3402,.T.);
#1437=ORIENTED_EDGE('',*,*,#3576,.F.);
#1438=ORIENTED_EDGE('',*,*,#3581,.T.);
#1439=ORIENTED_EDGE('',*,*,#3582,.T.);
#1440=ORIENTED_EDGE('',*,*,#3583,.T.);
#1441=ORIENTED_EDGE('',*,*,#3572,.T.);
#1442=ORIENTED_EDGE('',*,*,#3322,.T.);
#1443=ORIENTED_EDGE('',*,*,#3415,.F.);
#1444=ORIENTED_EDGE('',*,*,#3474,.F.);
#1445=ORIENTED_EDGE('',*,*,#3584,.T.);
#1446=ORIENTED_EDGE('',*,*,#3585,.T.);
#1447=ORIENTED_EDGE('',*,*,#3586,.T.);
#1448=ORIENTED_EDGE('',*,*,#3587,.T.);
#1449=ORIENTED_EDGE('',*,*,#3465,.F.);
#1450=ORIENTED_EDGE('',*,*,#3562,.F.);
#1451=ORIENTED_EDGE('',*,*,#3588,.F.);
#1452=ORIENTED_EDGE('',*,*,#3584,.F.);
#1453=ORIENTED_EDGE('',*,*,#3473,.F.);
#1454=ORIENTED_EDGE('',*,*,#3588,.T.);
#1455=ORIENTED_EDGE('',*,*,#3556,.F.);
#1456=ORIENTED_EDGE('',*,*,#3589,.F.);
#1457=ORIENTED_EDGE('',*,*,#3585,.F.);
#1458=ORIENTED_EDGE('',*,*,#3589,.T.);
#1459=ORIENTED_EDGE('',*,*,#3564,.F.);
#1460=ORIENTED_EDGE('',*,*,#3590,.F.);
#1461=ORIENTED_EDGE('',*,*,#3586,.F.);
#1462=ORIENTED_EDGE('',*,*,#3590,.T.);
#1463=ORIENTED_EDGE('',*,*,#3477,.F.);
#1464=ORIENTED_EDGE('',*,*,#3591,.F.);
#1465=ORIENTED_EDGE('',*,*,#3587,.F.);
#1466=ORIENTED_EDGE('',*,*,#3591,.T.);
#1467=ORIENTED_EDGE('',*,*,#3581,.F.);
#1468=ORIENTED_EDGE('',*,*,#3592,.F.);
#1469=ORIENTED_EDGE('',*,*,#3582,.F.);
#1470=ORIENTED_EDGE('',*,*,#3592,.T.);
#1471=ORIENTED_EDGE('',*,*,#3578,.F.);
#1472=ORIENTED_EDGE('',*,*,#3593,.F.);
#1473=ORIENTED_EDGE('',*,*,#3594,.F.);
#1474=ORIENTED_EDGE('',*,*,#3573,.F.);
#1475=ORIENTED_EDGE('',*,*,#3583,.F.);
#1476=ORIENTED_EDGE('',*,*,#3593,.T.);
#1477=ORIENTED_EDGE('',*,*,#3580,.F.);
#1478=ORIENTED_EDGE('',*,*,#3595,.F.);
#1479=ORIENTED_EDGE('',*,*,#3405,.F.);
#1480=ORIENTED_EDGE('',*,*,#3596,.F.);
#1481=ORIENTED_EDGE('',*,*,#3595,.T.);
#1482=ORIENTED_EDGE('',*,*,#3423,.F.);
#1483=ORIENTED_EDGE('',*,*,#3597,.F.);
#1484=ORIENTED_EDGE('',*,*,#3406,.F.);
#1485=ORIENTED_EDGE('',*,*,#3416,.F.);
#1486=ORIENTED_EDGE('',*,*,#3579,.F.);
#1487=ORIENTED_EDGE('',*,*,#3398,.F.);
#1488=ORIENTED_EDGE('',*,*,#3393,.F.);
#1489=ORIENTED_EDGE('',*,*,#3598,.T.);
#1490=ORIENTED_EDGE('',*,*,#3447,.F.);
#1491=ORIENTED_EDGE('',*,*,#3599,.T.);
#1492=ORIENTED_EDGE('',*,*,#3600,.T.);
#1493=ORIENTED_EDGE('',*,*,#3601,.T.);
#1494=ORIENTED_EDGE('',*,*,#3445,.F.);
#1495=ORIENTED_EDGE('',*,*,#3602,.T.);
#1496=ORIENTED_EDGE('',*,*,#3603,.T.);
#1497=ORIENTED_EDGE('',*,*,#3390,.T.);
#1498=ORIENTED_EDGE('',*,*,#3604,.T.);
#1499=ORIENTED_EDGE('',*,*,#3605,.T.);
#1500=ORIENTED_EDGE('',*,*,#3606,.T.);
#1501=ORIENTED_EDGE('',*,*,#3443,.T.);
#1502=ORIENTED_EDGE('',*,*,#3574,.F.);
#1503=ORIENTED_EDGE('',*,*,#3607,.T.);
#1504=ORIENTED_EDGE('',*,*,#3608,.T.);
#1505=ORIENTED_EDGE('',*,*,#3396,.T.);
#1506=ORIENTED_EDGE('',*,*,#3401,.T.);
#1507=ORIENTED_EDGE('',*,*,#3410,.T.);
#1508=ORIENTED_EDGE('',*,*,#3479,.F.);
#1509=ORIENTED_EDGE('',*,*,#3449,.T.);
#1510=ORIENTED_EDGE('',*,*,#3609,.T.);
#1511=ORIENTED_EDGE('',*,*,#3610,.T.);
#1512=ORIENTED_EDGE('',*,*,#3611,.T.);
#1513=ORIENTED_EDGE('',*,*,#3612,.T.);
#1514=ORIENTED_EDGE('',*,*,#3613,.T.);
#1515=ORIENTED_EDGE('',*,*,#3614,.F.);
#1516=ORIENTED_EDGE('',*,*,#3599,.F.);
#1517=ORIENTED_EDGE('',*,*,#3446,.F.);
#1518=ORIENTED_EDGE('',*,*,#3601,.F.);
#1519=ORIENTED_EDGE('',*,*,#3615,.F.);
#1520=ORIENTED_EDGE('',*,*,#3614,.T.);
#1521=ORIENTED_EDGE('',*,*,#3616,.F.);
#1522=ORIENTED_EDGE('',*,*,#3444,.F.);
#1523=ORIENTED_EDGE('',*,*,#3606,.F.);
#1524=ORIENTED_EDGE('',*,*,#3617,.F.);
#1525=ORIENTED_EDGE('',*,*,#3602,.F.);
#1526=ORIENTED_EDGE('',*,*,#3616,.T.);
#1527=ORIENTED_EDGE('',*,*,#3603,.F.);
#1528=ORIENTED_EDGE('',*,*,#3618,.F.);
#1529=ORIENTED_EDGE('',*,*,#3613,.F.);
#1530=ORIENTED_EDGE('',*,*,#3615,.T.);
#1531=ORIENTED_EDGE('',*,*,#3612,.F.);
#1532=ORIENTED_EDGE('',*,*,#3619,.F.);
#1533=ORIENTED_EDGE('',*,*,#3600,.F.);
#1534=ORIENTED_EDGE('',*,*,#3448,.F.);
#1535=ORIENTED_EDGE('',*,*,#3598,.F.);
#1536=ORIENTED_EDGE('',*,*,#3620,.F.);
#1537=ORIENTED_EDGE('',*,*,#3609,.F.);
#1538=ORIENTED_EDGE('',*,*,#3618,.T.);
#1539=ORIENTED_EDGE('',*,*,#3617,.T.);
#1540=ORIENTED_EDGE('',*,*,#3621,.F.);
#1541=ORIENTED_EDGE('',*,*,#3620,.T.);
#1542=ORIENTED_EDGE('',*,*,#3619,.T.);
#1543=ORIENTED_EDGE('',*,*,#3622,.F.);
#1544=ORIENTED_EDGE('',*,*,#3621,.T.);
#1545=ORIENTED_EDGE('',*,*,#3605,.F.);
#1546=ORIENTED_EDGE('',*,*,#3623,.F.);
#1547=ORIENTED_EDGE('',*,*,#3610,.F.);
#1548=ORIENTED_EDGE('',*,*,#3622,.T.);
#1549=ORIENTED_EDGE('',*,*,#3611,.F.);
#1550=ORIENTED_EDGE('',*,*,#3624,.F.);
#1551=ORIENTED_EDGE('',*,*,#3607,.F.);
#1552=ORIENTED_EDGE('',*,*,#3624,.T.);
#1553=ORIENTED_EDGE('',*,*,#3623,.T.);
#1554=ORIENTED_EDGE('',*,*,#3625,.F.);
#1555=ORIENTED_EDGE('',*,*,#3625,.T.);
#1556=ORIENTED_EDGE('',*,*,#3604,.F.);
#1557=ORIENTED_EDGE('',*,*,#3395,.F.);
#1558=ORIENTED_EDGE('',*,*,#3397,.F.);
#1559=ORIENTED_EDGE('',*,*,#3608,.F.);
#1560=ORIENTED_EDGE('',*,*,#3626,.T.);
#1561=ORIENTED_EDGE('',*,*,#3627,.T.);
#1562=ORIENTED_EDGE('',*,*,#3628,.F.);
#1563=ORIENTED_EDGE('',*,*,#3626,.F.);
#1564=ORIENTED_EDGE('',*,*,#3629,.T.);
#1565=ORIENTED_EDGE('',*,*,#3630,.T.);
#1566=ORIENTED_EDGE('',*,*,#3631,.T.);
#1567=ORIENTED_EDGE('',*,*,#3632,.F.);
#1568=ORIENTED_EDGE('',*,*,#3633,.T.);
#1569=ORIENTED_EDGE('',*,*,#3630,.F.);
#1570=ORIENTED_EDGE('',*,*,#3627,.F.);
#1571=ORIENTED_EDGE('',*,*,#3634,.T.);
#1572=ORIENTED_EDGE('',*,*,#3635,.T.);
#1573=ORIENTED_EDGE('',*,*,#3636,.T.);
#1574=ORIENTED_EDGE('',*,*,#3637,.F.);
#1575=ORIENTED_EDGE('',*,*,#3634,.F.);
#1576=ORIENTED_EDGE('',*,*,#3631,.F.);
#1577=ORIENTED_EDGE('',*,*,#3638,.F.);
#1578=ORIENTED_EDGE('',*,*,#3635,.F.);
#1579=ORIENTED_EDGE('',*,*,#3639,.T.);
#1580=ORIENTED_EDGE('',*,*,#3640,.F.);
#1581=ORIENTED_EDGE('',*,*,#3641,.F.);
#1582=ORIENTED_EDGE('',*,*,#3642,.F.);
#1583=ORIENTED_EDGE('',*,*,#3643,.T.);
#1584=ORIENTED_EDGE('',*,*,#3644,.F.);
#1585=ORIENTED_EDGE('',*,*,#3628,.T.);
#1586=ORIENTED_EDGE('',*,*,#3645,.T.);
#1587=ORIENTED_EDGE('',*,*,#3491,.T.);
#1588=ORIENTED_EDGE('',*,*,#3646,.T.);
#1589=ORIENTED_EDGE('',*,*,#3643,.F.);
#1590=ORIENTED_EDGE('',*,*,#3647,.F.);
#1591=ORIENTED_EDGE('',*,*,#3434,.T.);
#1592=ORIENTED_EDGE('',*,*,#3648,.F.);
#1593=ORIENTED_EDGE('',*,*,#3508,.F.);
#1594=ORIENTED_EDGE('',*,*,#3649,.F.);
#1595=ORIENTED_EDGE('',*,*,#3641,.T.);
#1596=ORIENTED_EDGE('',*,*,#3650,.F.);
#1597=ORIENTED_EDGE('',*,*,#3651,.F.);
#1598=ORIENTED_EDGE('',*,*,#3652,.T.);
#1599=ORIENTED_EDGE('',*,*,#3653,.T.);
#1600=ORIENTED_EDGE('',*,*,#3654,.T.);
#1601=ORIENTED_EDGE('',*,*,#3647,.T.);
#1602=ORIENTED_EDGE('',*,*,#3653,.F.);
#1603=ORIENTED_EDGE('',*,*,#3655,.F.);
#1604=ORIENTED_EDGE('',*,*,#3656,.F.);
#1605=ORIENTED_EDGE('',*,*,#3657,.T.);
#1606=ORIENTED_EDGE('',*,*,#3658,.F.);
#1607=ORIENTED_EDGE('',*,*,#3654,.F.);
#1608=ORIENTED_EDGE('',*,*,#3658,.T.);
#1609=ORIENTED_EDGE('',*,*,#3659,.T.);
#1610=ORIENTED_EDGE('',*,*,#3435,.T.);
#1611=ORIENTED_EDGE('',*,*,#3660,.F.);
#1612=ORIENTED_EDGE('',*,*,#3661,.T.);
#1613=ORIENTED_EDGE('',*,*,#3662,.F.);
#1614=ORIENTED_EDGE('',*,*,#3629,.F.);
#1615=ORIENTED_EDGE('',*,*,#3646,.F.);
#1616=ORIENTED_EDGE('',*,*,#3490,.T.);
#1617=ORIENTED_EDGE('',*,*,#3663,.F.);
#1618=ORIENTED_EDGE('',*,*,#3489,.T.);
#1619=ORIENTED_EDGE('',*,*,#3664,.T.);
#1620=ORIENTED_EDGE('',*,*,#3632,.T.);
#1621=ORIENTED_EDGE('',*,*,#3663,.T.);
#1622=ORIENTED_EDGE('',*,*,#3633,.F.);
#1623=ORIENTED_EDGE('',*,*,#3665,.T.);
#1624=ORIENTED_EDGE('',*,*,#3660,.T.);
#1625=ORIENTED_EDGE('',*,*,#3638,.T.);
#1626=ORIENTED_EDGE('',*,*,#3666,.F.);
#1627=ORIENTED_EDGE('',*,*,#3667,.T.);
#1628=ORIENTED_EDGE('',*,*,#3218,.T.);
#1629=ORIENTED_EDGE('',*,*,#3668,.T.);
#1630=ORIENTED_EDGE('',*,*,#3651,.T.);
#1631=ORIENTED_EDGE('',*,*,#3642,.T.);
#1632=ORIENTED_EDGE('',*,*,#3669,.F.);
#1633=ORIENTED_EDGE('',*,*,#3670,.T.);
#1634=ORIENTED_EDGE('',*,*,#3671,.T.);
#1635=ORIENTED_EDGE('',*,*,#3559,.T.);
#1636=ORIENTED_EDGE('',*,*,#3671,.F.);
#1637=ORIENTED_EDGE('',*,*,#3672,.T.);
#1638=ORIENTED_EDGE('',*,*,#3673,.T.);
#1639=ORIENTED_EDGE('',*,*,#3563,.T.);
#1640=ORIENTED_EDGE('',*,*,#3673,.F.);
#1641=ORIENTED_EDGE('',*,*,#3674,.T.);
#1642=ORIENTED_EDGE('',*,*,#3675,.T.);
#1643=ORIENTED_EDGE('',*,*,#3507,.T.);
#1644=ORIENTED_EDGE('',*,*,#3675,.F.);
#1645=ORIENTED_EDGE('',*,*,#3676,.T.);
#1646=ORIENTED_EDGE('',*,*,#3666,.T.);
#1647=ORIENTED_EDGE('',*,*,#3649,.T.);
#1648=ORIENTED_EDGE('',*,*,#3636,.F.);
#1649=ORIENTED_EDGE('',*,*,#3677,.F.);
#1650=ORIENTED_EDGE('',*,*,#3492,.T.);
#1651=ORIENTED_EDGE('',*,*,#3645,.F.);
#1652=ORIENTED_EDGE('',*,*,#3639,.F.);
#1653=ORIENTED_EDGE('',*,*,#3637,.T.);
#1654=ORIENTED_EDGE('',*,*,#3662,.T.);
#1655=ORIENTED_EDGE('',*,*,#3678,.T.);
#1656=ORIENTED_EDGE('',*,*,#3493,.T.);
#1657=ORIENTED_EDGE('',*,*,#3677,.T.);
#1658=ORIENTED_EDGE('',*,*,#3640,.T.);
#1659=ORIENTED_EDGE('',*,*,#3679,.T.);
#1660=ORIENTED_EDGE('',*,*,#3676,.F.);
#1661=ORIENTED_EDGE('',*,*,#3674,.F.);
#1662=ORIENTED_EDGE('',*,*,#3672,.F.);
#1663=ORIENTED_EDGE('',*,*,#3670,.F.);
#1664=ORIENTED_EDGE('',*,*,#3680,.F.);
#1665=ORIENTED_EDGE('',*,*,#3378,.T.);
#1666=ORIENTED_EDGE('',*,*,#3521,.T.);
#1667=ORIENTED_EDGE('',*,*,#3331,.F.);
#1668=ORIENTED_EDGE('',*,*,#3219,.F.);
#1669=ORIENTED_EDGE('',*,*,#3667,.F.);
#1670=ORIENTED_EDGE('',*,*,#3500,.T.);
#1671=ORIENTED_EDGE('',*,*,#3373,.T.);
#1672=ORIENTED_EDGE('',*,*,#3680,.T.);
#1673=ORIENTED_EDGE('',*,*,#3669,.T.);
#1674=ORIENTED_EDGE('',*,*,#3561,.T.);
#1675=ORIENTED_EDGE('',*,*,#3355,.F.);
#1676=ORIENTED_EDGE('',*,*,#3575,.T.);
#1677=ORIENTED_EDGE('',*,*,#3494,.F.);
#1678=ORIENTED_EDGE('',*,*,#3679,.F.);
#1679=ORIENTED_EDGE('',*,*,#3678,.F.);
#1680=ORIENTED_EDGE('',*,*,#3681,.F.);
#1681=ORIENTED_EDGE('',*,*,#3665,.F.);
#1682=ORIENTED_EDGE('',*,*,#3664,.F.);
#1683=ORIENTED_EDGE('',*,*,#3488,.F.);
#1684=ORIENTED_EDGE('',*,*,#3505,.T.);
#1685=ORIENTED_EDGE('',*,*,#3350,.F.);
#1686=ORIENTED_EDGE('',*,*,#3682,.F.);
#1687=ORIENTED_EDGE('',*,*,#3683,.F.);
#1688=ORIENTED_EDGE('',*,*,#3684,.F.);
#1689=ORIENTED_EDGE('',*,*,#3661,.F.);
#1690=ORIENTED_EDGE('',*,*,#3684,.T.);
#1691=ORIENTED_EDGE('',*,*,#3685,.T.);
#1692=ORIENTED_EDGE('',*,*,#3356,.T.);
#1693=ORIENTED_EDGE('',*,*,#3681,.T.);
#1694=ORIENTED_EDGE('',*,*,#3682,.T.);
#1695=ORIENTED_EDGE('',*,*,#3349,.T.);
#1696=ORIENTED_EDGE('',*,*,#3509,.T.);
#1697=ORIENTED_EDGE('',*,*,#3650,.T.);
#1698=ORIENTED_EDGE('',*,*,#3686,.F.);
#1699=ORIENTED_EDGE('',*,*,#3433,.T.);
#1700=ORIENTED_EDGE('',*,*,#3352,.T.);
#1701=ORIENTED_EDGE('',*,*,#3687,.T.);
#1702=ORIENTED_EDGE('',*,*,#3648,.T.);
#1703=ORIENTED_EDGE('',*,*,#3683,.T.);
#1704=ORIENTED_EDGE('',*,*,#3686,.T.);
#1705=ORIENTED_EDGE('',*,*,#3644,.T.);
#1706=ORIENTED_EDGE('',*,*,#3687,.F.);
#1707=ORIENTED_EDGE('',*,*,#3357,.T.);
#1708=ORIENTED_EDGE('',*,*,#3685,.F.);
#1709=ORIENTED_EDGE('',*,*,#3070,.T.);
#1710=ORIENTED_EDGE('',*,*,#3688,.T.);
#1711=ORIENTED_EDGE('',*,*,#2981,.F.);
#1712=ORIENTED_EDGE('',*,*,#3379,.F.);
#1713=ORIENTED_EDGE('',*,*,#3384,.T.);
#1714=ORIENTED_EDGE('',*,*,#3689,.T.);
#1715=ORIENTED_EDGE('',*,*,#3690,.F.);
#1716=ORIENTED_EDGE('',*,*,#3071,.T.);
#1717=ORIENTED_EDGE('',*,*,#3690,.T.);
#1718=ORIENTED_EDGE('',*,*,#3691,.T.);
#1719=ORIENTED_EDGE('',*,*,#3387,.T.);
#1720=ORIENTED_EDGE('',*,*,#3689,.F.);
#1721=ORIENTED_EDGE('',*,*,#3383,.T.);
#1722=ORIENTED_EDGE('',*,*,#3346,.F.);
#1723=ORIENTED_EDGE('',*,*,#3388,.F.);
#1724=ORIENTED_EDGE('',*,*,#3691,.F.);
#1725=ORIENTED_EDGE('',*,*,#3692,.T.);
#1726=ORIENTED_EDGE('',*,*,#3693,.F.);
#1727=ORIENTED_EDGE('',*,*,#3375,.T.);
#1728=ORIENTED_EDGE('',*,*,#3694,.T.);
#1729=ORIENTED_EDGE('',*,*,#3695,.T.);
#1730=ORIENTED_EDGE('',*,*,#3376,.T.);
#1731=ORIENTED_EDGE('',*,*,#3693,.T.);
#1732=ORIENTED_EDGE('',*,*,#3696,.T.);
#1733=ORIENTED_EDGE('',*,*,#3697,.T.);
#1734=ORIENTED_EDGE('',*,*,#3518,.F.);
#1735=ORIENTED_EDGE('',*,*,#3499,.T.);
#1736=ORIENTED_EDGE('',*,*,#3698,.T.);
#1737=ORIENTED_EDGE('',*,*,#3018,.T.);
#1738=ORIENTED_EDGE('',*,*,#3699,.T.);
#1739=ORIENTED_EDGE('',*,*,#3694,.F.);
#1740=ORIENTED_EDGE('',*,*,#3017,.T.);
#1741=ORIENTED_EDGE('',*,*,#3700,.T.);
#1742=ORIENTED_EDGE('',*,*,#3695,.F.);
#1743=ORIENTED_EDGE('',*,*,#3699,.F.);
#1744=ORIENTED_EDGE('',*,*,#3697,.F.);
#1745=ORIENTED_EDGE('',*,*,#3696,.F.);
#1746=ORIENTED_EDGE('',*,*,#3692,.F.);
#1747=ORIENTED_EDGE('',*,*,#3700,.F.);
#1748=ORIENTED_EDGE('',*,*,#3016,.F.);
#1749=ORIENTED_EDGE('',*,*,#3531,.T.);
#1750=ORIENTED_EDGE('',*,*,#2952,.T.);
#1751=ORIENTED_EDGE('',*,*,#3519,.F.);
#1752=ORIENTED_EDGE('',*,*,#3504,.F.);
#1753=ORIENTED_EDGE('',*,*,#3701,.F.);
#1754=ORIENTED_EDGE('',*,*,#3368,.F.);
#1755=ORIENTED_EDGE('',*,*,#3701,.T.);
#1756=ORIENTED_EDGE('',*,*,#3503,.T.);
#1757=ORIENTED_EDGE('',*,*,#3369,.T.);
#1758=ORIENTED_EDGE('',*,*,#3023,.T.);
#1759=ORIENTED_EDGE('',*,*,#3366,.T.);
#1760=ORIENTED_EDGE('',*,*,#3702,.F.);
#1761=ORIENTED_EDGE('',*,*,#3463,.T.);
#1762=ORIENTED_EDGE('',*,*,#3703,.T.);
#1763=ORIENTED_EDGE('',*,*,#3024,.T.);
#1764=ORIENTED_EDGE('',*,*,#3702,.T.);
#1765=ORIENTED_EDGE('',*,*,#3459,.F.);
#1766=ORIENTED_EDGE('',*,*,#3358,.T.);
#1767=ORIENTED_EDGE('',*,*,#3364,.T.);
#1768=ORIENTED_EDGE('',*,*,#3304,.T.);
#1769=ORIENTED_EDGE('',*,*,#3009,.F.);
#1770=ORIENTED_EDGE('',*,*,#3704,.F.);
#1771=ORIENTED_EDGE('',*,*,#3097,.F.);
#1772=ORIENTED_EDGE('',*,*,#3705,.T.);
#1773=ORIENTED_EDGE('',*,*,#3706,.T.);
#1774=ORIENTED_EDGE('',*,*,#3098,.T.);
#1775=ORIENTED_EDGE('',*,*,#3704,.T.);
#1776=ORIENTED_EDGE('',*,*,#3008,.T.);
#1777=ORIENTED_EDGE('',*,*,#3707,.F.);
#1778=ORIENTED_EDGE('',*,*,#3099,.T.);
#1779=ORIENTED_EDGE('',*,*,#3707,.T.);
#1780=ORIENTED_EDGE('',*,*,#3007,.T.);
#1781=ORIENTED_EDGE('',*,*,#3708,.F.);
#1782=ORIENTED_EDGE('',*,*,#3100,.T.);
#1783=ORIENTED_EDGE('',*,*,#3708,.T.);
#1784=ORIENTED_EDGE('',*,*,#3006,.T.);
#1785=ORIENTED_EDGE('',*,*,#3297,.F.);
#1786=ORIENTED_EDGE('',*,*,#3277,.T.);
#1787=ORIENTED_EDGE('',*,*,#3709,.T.);
#1788=ORIENTED_EDGE('',*,*,#3045,.T.);
#1789=ORIENTED_EDGE('',*,*,#3710,.T.);
#1790=ORIENTED_EDGE('',*,*,#3711,.T.);
#1791=ORIENTED_EDGE('',*,*,#3060,.T.);
#1792=ORIENTED_EDGE('',*,*,#3712,.T.);
#1793=ORIENTED_EDGE('',*,*,#3037,.T.);
#1794=ORIENTED_EDGE('',*,*,#3713,.F.);
#1795=ORIENTED_EDGE('',*,*,#3061,.T.);
#1796=ORIENTED_EDGE('',*,*,#3713,.T.);
#1797=ORIENTED_EDGE('',*,*,#3036,.T.);
#1798=ORIENTED_EDGE('',*,*,#3714,.F.);
#1799=ORIENTED_EDGE('',*,*,#3308,.F.);
#1800=ORIENTED_EDGE('',*,*,#3715,.T.);
#1801=ORIENTED_EDGE('',*,*,#3301,.F.);
#1802=ORIENTED_EDGE('',*,*,#3062,.T.);
#1803=ORIENTED_EDGE('',*,*,#3714,.T.);
#1804=ORIENTED_EDGE('',*,*,#3035,.T.);
#1805=ORIENTED_EDGE('',*,*,#3049,.T.);
#1806=ORIENTED_EDGE('',*,*,#3716,.T.);
#1807=ORIENTED_EDGE('',*,*,#3717,.F.);
#1808=ORIENTED_EDGE('',*,*,#3718,.T.);
#1809=ORIENTED_EDGE('',*,*,#2995,.T.);
#1810=ORIENTED_EDGE('',*,*,#3719,.T.);
#1811=ORIENTED_EDGE('',*,*,#3720,.T.);
#1812=ORIENTED_EDGE('',*,*,#3039,.F.);
#1813=ORIENTED_EDGE('',*,*,#3721,.F.);
#1814=ORIENTED_EDGE('',*,*,#3058,.F.);
#1815=ORIENTED_EDGE('',*,*,#3722,.T.);
#1816=ORIENTED_EDGE('',*,*,#3723,.T.);
#1817=ORIENTED_EDGE('',*,*,#3724,.F.);
#1818=ORIENTED_EDGE('',*,*,#3725,.F.);
#1819=ORIENTED_EDGE('',*,*,#2919,.T.);
#1820=ORIENTED_EDGE('',*,*,#3726,.T.);
#1821=ORIENTED_EDGE('',*,*,#3727,.T.);
#1822=ORIENTED_EDGE('',*,*,#3728,.F.);
#1823=ORIENTED_EDGE('',*,*,#3729,.F.);
#1824=ORIENTED_EDGE('',*,*,#3730,.F.);
#1825=ORIENTED_EDGE('',*,*,#3731,.T.);
#1826=ORIENTED_EDGE('',*,*,#3732,.T.);
#1827=ORIENTED_EDGE('',*,*,#3733,.T.);
#1828=ORIENTED_EDGE('',*,*,#3126,.F.);
#1829=ORIENTED_EDGE('',*,*,#3734,.T.);
#1830=ORIENTED_EDGE('',*,*,#3735,.T.);
#1831=ORIENTED_EDGE('',*,*,#3717,.T.);
#1832=ORIENTED_EDGE('',*,*,#3059,.T.);
#1833=ORIENTED_EDGE('',*,*,#3721,.T.);
#1834=ORIENTED_EDGE('',*,*,#3038,.T.);
#1835=ORIENTED_EDGE('',*,*,#3712,.F.);
#1836=ORIENTED_EDGE('',*,*,#3540,.T.);
#1837=ORIENTED_EDGE('',*,*,#3532,.T.);
#1838=ORIENTED_EDGE('',*,*,#3554,.F.);
#1839=ORIENTED_EDGE('',*,*,#3515,.F.);
#1840=ORIENTED_EDGE('',*,*,#3326,.F.);
#1841=ORIENTED_EDGE('',*,*,#3550,.F.);
#1842=ORIENTED_EDGE('',*,*,#3548,.F.);
#1843=ORIENTED_EDGE('',*,*,#3419,.F.);
#1844=ORIENTED_EDGE('',*,*,#3441,.F.);
#1845=ORIENTED_EDGE('',*,*,#3553,.F.);
#1846=ORIENTED_EDGE('',*,*,#3480,.F.);
#1847=ORIENTED_EDGE('',*,*,#3438,.F.);
#1848=ORIENTED_EDGE('',*,*,#3430,.F.);
#1849=ORIENTED_EDGE('',*,*,#3427,.F.);
#1850=ORIENTED_EDGE('',*,*,#3328,.F.);
#1851=ORIENTED_EDGE('',*,*,#3517,.F.);
#1852=ORIENTED_EDGE('',*,*,#3703,.F.);
#1853=ORIENTED_EDGE('',*,*,#3462,.F.);
#1854=ORIENTED_EDGE('',*,*,#3455,.F.);
#1855=ORIENTED_EDGE('',*,*,#3025,.F.);
#1856=ORIENTED_EDGE('',*,*,#3698,.F.);
#1857=ORIENTED_EDGE('',*,*,#3498,.F.);
#1858=ORIENTED_EDGE('',*,*,#3502,.F.);
#1859=ORIENTED_EDGE('',*,*,#3019,.F.);
#1860=ORIENTED_EDGE('',*,*,#3076,.T.);
#1861=ORIENTED_EDGE('',*,*,#3736,.T.);
#1862=ORIENTED_EDGE('',*,*,#3317,.F.);
#1863=ORIENTED_EDGE('',*,*,#3737,.T.);
#1864=ORIENTED_EDGE('',*,*,#3738,.F.);
#1865=ORIENTED_EDGE('',*,*,#3337,.T.);
#1866=ORIENTED_EDGE('',*,*,#3338,.T.);
#1867=ORIENTED_EDGE('',*,*,#3081,.F.);
#1868=ORIENTED_EDGE('',*,*,#3739,.F.);
#1869=ORIENTED_EDGE('',*,*,#3740,.T.);
#1870=ORIENTED_EDGE('',*,*,#3314,.T.);
#1871=ORIENTED_EDGE('',*,*,#3738,.T.);
#1872=ORIENTED_EDGE('',*,*,#3080,.F.);
#1873=ORIENTED_EDGE('',*,*,#3741,.T.);
#1874=ORIENTED_EDGE('',*,*,#3084,.F.);
#1875=ORIENTED_EDGE('',*,*,#3545,.F.);
#1876=ORIENTED_EDGE('',*,*,#3339,.F.);
#1877=ORIENTED_EDGE('',*,*,#3335,.F.);
#1878=ORIENTED_EDGE('',*,*,#3551,.F.);
#1879=ORIENTED_EDGE('',*,*,#3075,.F.);
#1880=ORIENTED_EDGE('',*,*,#3341,.F.);
#1881=ORIENTED_EDGE('',*,*,#3318,.F.);
#1882=ORIENTED_EDGE('',*,*,#3736,.F.);
#1883=ORIENTED_EDGE('',*,*,#3316,.F.);
#1884=ORIENTED_EDGE('',*,*,#3313,.F.);
#1885=ORIENTED_EDGE('',*,*,#3077,.F.);
#1886=ORIENTED_EDGE('',*,*,#3737,.F.);
#1887=ORIENTED_EDGE('',*,*,#3742,.T.);
#1888=ORIENTED_EDGE('',*,*,#3311,.T.);
#1889=ORIENTED_EDGE('',*,*,#3743,.T.);
#1890=ORIENTED_EDGE('',*,*,#3739,.T.);
#1891=ORIENTED_EDGE('',*,*,#3310,.F.);
#1892=ORIENTED_EDGE('',*,*,#3315,.F.);
#1893=ORIENTED_EDGE('',*,*,#3740,.F.);
#1894=ORIENTED_EDGE('',*,*,#3743,.F.);
#1895=ORIENTED_EDGE('',*,*,#3741,.F.);
#1896=ORIENTED_EDGE('',*,*,#3079,.F.);
#1897=ORIENTED_EDGE('',*,*,#3312,.F.);
#1898=ORIENTED_EDGE('',*,*,#3742,.F.);
#1899=ORIENTED_EDGE('',*,*,#3744,.F.);
#1900=ORIENTED_EDGE('',*,*,#3745,.T.);
#1901=ORIENTED_EDGE('',*,*,#2957,.F.);
#1902=ORIENTED_EDGE('',*,*,#3535,.F.);
#1903=ORIENTED_EDGE('',*,*,#3011,.T.);
#1904=ORIENTED_EDGE('',*,*,#3303,.T.);
#1905=ORIENTED_EDGE('',*,*,#3746,.T.);
#1906=ORIENTED_EDGE('',*,*,#3747,.T.);
#1907=ORIENTED_EDGE('',*,*,#3748,.T.);
#1908=ORIENTED_EDGE('',*,*,#3749,.T.);
#1909=ORIENTED_EDGE('',*,*,#3306,.T.);
#1910=ORIENTED_EDGE('',*,*,#3033,.T.);
#1911=ORIENTED_EDGE('',*,*,#3536,.T.);
#1912=ORIENTED_EDGE('',*,*,#2974,.F.);
#1913=ORIENTED_EDGE('',*,*,#3000,.F.);
#1914=ORIENTED_EDGE('',*,*,#3750,.F.);
#1915=ORIENTED_EDGE('',*,*,#3239,.F.);
#1916=ORIENTED_EDGE('',*,*,#3751,.T.);
#1917=ORIENTED_EDGE('',*,*,#3752,.F.);
#1918=ORIENTED_EDGE('',*,*,#3753,.T.);
#1919=ORIENTED_EDGE('',*,*,#3705,.F.);
#1920=ORIENTED_EDGE('',*,*,#3096,.T.);
#1921=ORIENTED_EDGE('',*,*,#3542,.T.);
#1922=ORIENTED_EDGE('',*,*,#2943,.T.);
#1923=ORIENTED_EDGE('',*,*,#3047,.T.);
#1924=ORIENTED_EDGE('',*,*,#3754,.T.);
#1925=ORIENTED_EDGE('',*,*,#2958,.T.);
#1926=ORIENTED_EDGE('',*,*,#3745,.F.);
#1927=ORIENTED_EDGE('',*,*,#3755,.F.);
#1928=ORIENTED_EDGE('',*,*,#3756,.T.);
#1929=ORIENTED_EDGE('',*,*,#3757,.F.);
#1930=ORIENTED_EDGE('',*,*,#3758,.T.);
#1931=ORIENTED_EDGE('',*,*,#3710,.F.);
#1932=ORIENTED_EDGE('',*,*,#3747,.F.);
#1933=ORIENTED_EDGE('',*,*,#3759,.T.);
#1934=ORIENTED_EDGE('',*,*,#3752,.T.);
#1935=ORIENTED_EDGE('',*,*,#3760,.T.);
#1936=ORIENTED_EDGE('',*,*,#3761,.T.);
#1937=ORIENTED_EDGE('',*,*,#3756,.F.);
#1938=ORIENTED_EDGE('',*,*,#3762,.F.);
#1939=ORIENTED_EDGE('',*,*,#3237,.F.);
#1940=ORIENTED_EDGE('',*,*,#3744,.T.);
#1941=ORIENTED_EDGE('',*,*,#3760,.F.);
#1942=ORIENTED_EDGE('',*,*,#3751,.F.);
#1943=ORIENTED_EDGE('',*,*,#3238,.T.);
#1944=ORIENTED_EDGE('',*,*,#3762,.T.);
#1945=ORIENTED_EDGE('',*,*,#3755,.T.);
#1946=ORIENTED_EDGE('',*,*,#3763,.F.);
#1947=ORIENTED_EDGE('',*,*,#3764,.T.);
#1948=ORIENTED_EDGE('',*,*,#3765,.T.);
#1949=ORIENTED_EDGE('',*,*,#3758,.F.);
#1950=ORIENTED_EDGE('',*,*,#3236,.T.);
#1951=ORIENTED_EDGE('',*,*,#3766,.T.);
#1952=ORIENTED_EDGE('',*,*,#3763,.T.);
#1953=ORIENTED_EDGE('',*,*,#3757,.T.);
#1954=ORIENTED_EDGE('',*,*,#3761,.F.);
#1955=ORIENTED_EDGE('',*,*,#3298,.T.);
#1956=ORIENTED_EDGE('',*,*,#3767,.T.);
#1957=ORIENTED_EDGE('',*,*,#3748,.F.);
#1958=ORIENTED_EDGE('',*,*,#3768,.F.);
#1959=ORIENTED_EDGE('',*,*,#3750,.T.);
#1960=ORIENTED_EDGE('',*,*,#2999,.T.);
#1961=ORIENTED_EDGE('',*,*,#3769,.F.);
#1962=ORIENTED_EDGE('',*,*,#3053,.T.);
#1963=ORIENTED_EDGE('',*,*,#3299,.F.);
#1964=ORIENTED_EDGE('',*,*,#3768,.T.);
#1965=ORIENTED_EDGE('',*,*,#2996,.F.);
#1966=ORIENTED_EDGE('',*,*,#3770,.T.);
#1967=ORIENTED_EDGE('',*,*,#3771,.T.);
#1968=ORIENTED_EDGE('',*,*,#3772,.T.);
#1969=ORIENTED_EDGE('',*,*,#3769,.T.);
#1970=ORIENTED_EDGE('',*,*,#2998,.F.);
#1971=ORIENTED_EDGE('',*,*,#3773,.F.);
#1972=ORIENTED_EDGE('',*,*,#3054,.F.);
#1973=ORIENTED_EDGE('',*,*,#3772,.F.);
#1974=ORIENTED_EDGE('',*,*,#3774,.T.);
#1975=ORIENTED_EDGE('',*,*,#3050,.T.);
#1976=ORIENTED_EDGE('',*,*,#3773,.T.);
#1977=ORIENTED_EDGE('',*,*,#2997,.T.);
#1978=ORIENTED_EDGE('',*,*,#3735,.F.);
#1979=ORIENTED_EDGE('',*,*,#3775,.T.);
#1980=ORIENTED_EDGE('',*,*,#3770,.F.);
#1981=ORIENTED_EDGE('',*,*,#3718,.F.);
#1982=ORIENTED_EDGE('',*,*,#3753,.F.);
#1983=ORIENTED_EDGE('',*,*,#3759,.F.);
#1984=ORIENTED_EDGE('',*,*,#3746,.F.);
#1985=ORIENTED_EDGE('',*,*,#3305,.F.);
#1986=ORIENTED_EDGE('',*,*,#3706,.F.);
#1987=ORIENTED_EDGE('',*,*,#3776,.F.);
#1988=ORIENTED_EDGE('',*,*,#3278,.F.);
#1989=ORIENTED_EDGE('',*,*,#3711,.F.);
#1990=ORIENTED_EDGE('',*,*,#3765,.F.);
#1991=ORIENTED_EDGE('',*,*,#3777,.T.);
#1992=ORIENTED_EDGE('',*,*,#3778,.F.);
#1993=ORIENTED_EDGE('',*,*,#3715,.F.);
#1994=ORIENTED_EDGE('',*,*,#3307,.F.);
#1995=ORIENTED_EDGE('',*,*,#3749,.F.);
#1996=ORIENTED_EDGE('',*,*,#3767,.F.);
#1997=ORIENTED_EDGE('',*,*,#3302,.F.);
#1998=ORIENTED_EDGE('',*,*,#3269,.T.);
#1999=ORIENTED_EDGE('',*,*,#3779,.T.);
#2000=ORIENTED_EDGE('',*,*,#3169,.T.);
#2001=ORIENTED_EDGE('',*,*,#3780,.F.);
#2002=ORIENTED_EDGE('',*,*,#3781,.T.);
#2003=ORIENTED_EDGE('',*,*,#3782,.F.);
#2004=ORIENTED_EDGE('',*,*,#3783,.T.);
#2005=ORIENTED_EDGE('',*,*,#3784,.F.);
#2006=ORIENTED_EDGE('',*,*,#3785,.T.);
#2007=ORIENTED_EDGE('',*,*,#3786,.T.);
#2008=ORIENTED_EDGE('',*,*,#3156,.T.);
#2009=ORIENTED_EDGE('',*,*,#3787,.T.);
#2010=ORIENTED_EDGE('',*,*,#3263,.T.);
#2011=ORIENTED_EDGE('',*,*,#3788,.T.);
#2012=ORIENTED_EDGE('',*,*,#3175,.T.);
#2013=ORIENTED_EDGE('',*,*,#3789,.F.);
#2014=ORIENTED_EDGE('',*,*,#3790,.T.);
#2015=ORIENTED_EDGE('',*,*,#3791,.F.);
#2016=ORIENTED_EDGE('',*,*,#3792,.T.);
#2017=ORIENTED_EDGE('',*,*,#3793,.F.);
#2018=ORIENTED_EDGE('',*,*,#3794,.T.);
#2019=ORIENTED_EDGE('',*,*,#3795,.T.);
#2020=ORIENTED_EDGE('',*,*,#3162,.T.);
#2021=ORIENTED_EDGE('',*,*,#3796,.T.);
#2022=ORIENTED_EDGE('',*,*,#3173,.T.);
#2023=ORIENTED_EDGE('',*,*,#3797,.T.);
#2024=ORIENTED_EDGE('',*,*,#3273,.F.);
#2025=ORIENTED_EDGE('',*,*,#3798,.T.);
#2026=ORIENTED_EDGE('',*,*,#3161,.T.);
#2027=ORIENTED_EDGE('',*,*,#3799,.F.);
#2028=ORIENTED_EDGE('',*,*,#3800,.F.);
#2029=ORIENTED_EDGE('',*,*,#3801,.T.);
#2030=ORIENTED_EDGE('',*,*,#3802,.F.);
#2031=ORIENTED_EDGE('',*,*,#3803,.T.);
#2032=ORIENTED_EDGE('',*,*,#3804,.F.);
#2033=ORIENTED_EDGE('',*,*,#3805,.T.);
#2034=ORIENTED_EDGE('',*,*,#3806,.T.);
#2035=ORIENTED_EDGE('',*,*,#3807,.T.);
#2036=ORIENTED_EDGE('',*,*,#3259,.F.);
#2037=ORIENTED_EDGE('',*,*,#3808,.T.);
#2038=ORIENTED_EDGE('',*,*,#3167,.T.);
#2039=ORIENTED_EDGE('',*,*,#3809,.F.);
#2040=ORIENTED_EDGE('',*,*,#3810,.F.);
#2041=ORIENTED_EDGE('',*,*,#3811,.T.);
#2042=ORIENTED_EDGE('',*,*,#3812,.F.);
#2043=ORIENTED_EDGE('',*,*,#3813,.T.);
#2044=ORIENTED_EDGE('',*,*,#3814,.F.);
#2045=ORIENTED_EDGE('',*,*,#3815,.T.);
#2046=ORIENTED_EDGE('',*,*,#3816,.T.);
#2047=ORIENTED_EDGE('',*,*,#3288,.F.);
#2048=ORIENTED_EDGE('',*,*,#3817,.F.);
#2049=ORIENTED_EDGE('',*,*,#3813,.F.);
#2050=ORIENTED_EDGE('',*,*,#3812,.T.);
#2051=ORIENTED_EDGE('',*,*,#3818,.T.);
#2052=ORIENTED_EDGE('',*,*,#3289,.T.);
#2053=ORIENTED_EDGE('',*,*,#3816,.F.);
#2054=ORIENTED_EDGE('',*,*,#3819,.T.);
#2055=ORIENTED_EDGE('',*,*,#3290,.F.);
#2056=ORIENTED_EDGE('',*,*,#3818,.F.);
#2057=ORIENTED_EDGE('',*,*,#3811,.F.);
#2058=ORIENTED_EDGE('',*,*,#3810,.T.);
#2059=ORIENTED_EDGE('',*,*,#3820,.T.);
#2060=ORIENTED_EDGE('',*,*,#3291,.T.);
#2061=ORIENTED_EDGE('',*,*,#3819,.F.);
#2062=ORIENTED_EDGE('',*,*,#3814,.T.);
#2063=ORIENTED_EDGE('',*,*,#3817,.T.);
#2064=ORIENTED_EDGE('',*,*,#3287,.T.);
#2065=ORIENTED_EDGE('',*,*,#3821,.F.);
#2066=ORIENTED_EDGE('',*,*,#3791,.T.);
#2067=ORIENTED_EDGE('',*,*,#3822,.F.);
#2068=ORIENTED_EDGE('',*,*,#3803,.F.);
#2069=ORIENTED_EDGE('',*,*,#3823,.T.);
#2070=ORIENTED_EDGE('',*,*,#3823,.F.);
#2071=ORIENTED_EDGE('',*,*,#3802,.T.);
#2072=ORIENTED_EDGE('',*,*,#3824,.T.);
#2073=ORIENTED_EDGE('',*,*,#3792,.F.);
#2074=ORIENTED_EDGE('',*,*,#3793,.T.);
#2075=ORIENTED_EDGE('',*,*,#3824,.F.);
#2076=ORIENTED_EDGE('',*,*,#3801,.F.);
#2077=ORIENTED_EDGE('',*,*,#3825,.T.);
#2078=ORIENTED_EDGE('',*,*,#3825,.F.);
#2079=ORIENTED_EDGE('',*,*,#3800,.T.);
#2080=ORIENTED_EDGE('',*,*,#3826,.T.);
#2081=ORIENTED_EDGE('',*,*,#3794,.F.);
#2082=ORIENTED_EDGE('',*,*,#3827,.F.);
#2083=ORIENTED_EDGE('',*,*,#3804,.T.);
#2084=ORIENTED_EDGE('',*,*,#3822,.T.);
#2085=ORIENTED_EDGE('',*,*,#3790,.F.);
#2086=ORIENTED_EDGE('',*,*,#3828,.F.);
#2087=ORIENTED_EDGE('',*,*,#3829,.T.);
#2088=ORIENTED_EDGE('',*,*,#3830,.T.);
#2089=ORIENTED_EDGE('',*,*,#3781,.F.);
#2090=ORIENTED_EDGE('',*,*,#3831,.F.);
#2091=ORIENTED_EDGE('',*,*,#3832,.T.);
#2092=ORIENTED_EDGE('',*,*,#3833,.T.);
#2093=ORIENTED_EDGE('',*,*,#3785,.F.);
#2094=ORIENTED_EDGE('',*,*,#3784,.T.);
#2095=ORIENTED_EDGE('',*,*,#3834,.F.);
#2096=ORIENTED_EDGE('',*,*,#3835,.F.);
#2097=ORIENTED_EDGE('',*,*,#3831,.T.);
#2098=ORIENTED_EDGE('',*,*,#3836,.F.);
#2099=ORIENTED_EDGE('',*,*,#3837,.T.);
#2100=ORIENTED_EDGE('',*,*,#3834,.T.);
#2101=ORIENTED_EDGE('',*,*,#3783,.F.);
#2102=ORIENTED_EDGE('',*,*,#3782,.T.);
#2103=ORIENTED_EDGE('',*,*,#3830,.F.);
#2104=ORIENTED_EDGE('',*,*,#3838,.F.);
#2105=ORIENTED_EDGE('',*,*,#3836,.T.);
#2106=ORIENTED_EDGE('',*,*,#3209,.T.);
#2107=ORIENTED_EDGE('',*,*,#3839,.T.);
#2108=ORIENTED_EDGE('',*,*,#3726,.F.);
#2109=ORIENTED_EDGE('',*,*,#2918,.T.);
#2110=ORIENTED_EDGE('',*,*,#3208,.T.);
#2111=ORIENTED_EDGE('',*,*,#3840,.T.);
#2112=ORIENTED_EDGE('',*,*,#3727,.F.);
#2113=ORIENTED_EDGE('',*,*,#3839,.F.);
#2114=ORIENTED_EDGE('',*,*,#3841,.T.);
#2115=ORIENTED_EDGE('',*,*,#3728,.T.);
#2116=ORIENTED_EDGE('',*,*,#3840,.F.);
#2117=ORIENTED_EDGE('',*,*,#3207,.F.);
#2118=ORIENTED_EDGE('',*,*,#3206,.F.);
#2119=ORIENTED_EDGE('',*,*,#3842,.T.);
#2120=ORIENTED_EDGE('',*,*,#3729,.T.);
#2121=ORIENTED_EDGE('',*,*,#3841,.F.);
#2122=ORIENTED_EDGE('',*,*,#3191,.T.);
#2123=ORIENTED_EDGE('',*,*,#3843,.T.);
#2124=ORIENTED_EDGE('',*,*,#3202,.F.);
#2125=ORIENTED_EDGE('',*,*,#2910,.T.);
#2126=ORIENTED_EDGE('',*,*,#3190,.T.);
#2127=ORIENTED_EDGE('',*,*,#3844,.T.);
#2128=ORIENTED_EDGE('',*,*,#3203,.F.);
#2129=ORIENTED_EDGE('',*,*,#3843,.F.);
#2130=ORIENTED_EDGE('',*,*,#3845,.T.);
#2131=ORIENTED_EDGE('',*,*,#3204,.T.);
#2132=ORIENTED_EDGE('',*,*,#3844,.F.);
#2133=ORIENTED_EDGE('',*,*,#3189,.F.);
#2134=ORIENTED_EDGE('',*,*,#3188,.F.);
#2135=ORIENTED_EDGE('',*,*,#3846,.T.);
#2136=ORIENTED_EDGE('',*,*,#3196,.T.);
#2137=ORIENTED_EDGE('',*,*,#3845,.F.);
#2138=ORIENTED_EDGE('',*,*,#3847,.F.);
#2139=ORIENTED_EDGE('',*,*,#3848,.T.);
#2140=ORIENTED_EDGE('',*,*,#3849,.T.);
#2141=ORIENTED_EDGE('',*,*,#3177,.T.);
#2142=ORIENTED_EDGE('',*,*,#3847,.T.);
#2143=ORIENTED_EDGE('',*,*,#3186,.T.);
#2144=ORIENTED_EDGE('',*,*,#3850,.F.);
#2145=ORIENTED_EDGE('',*,*,#3851,.T.);
#2146=ORIENTED_EDGE('',*,*,#3852,.F.);
#2147=ORIENTED_EDGE('',*,*,#3853,.F.);
#2148=ORIENTED_EDGE('',*,*,#3850,.T.);
#2149=ORIENTED_EDGE('',*,*,#3185,.F.);
#2150=ORIENTED_EDGE('',*,*,#2902,.T.);
#2151=ORIENTED_EDGE('',*,*,#3854,.F.);
#2152=ORIENTED_EDGE('',*,*,#3852,.T.);
#2153=ORIENTED_EDGE('',*,*,#3184,.F.);
#2154=ORIENTED_EDGE('',*,*,#2916,.F.);
#2155=ORIENTED_EDGE('',*,*,#3855,.T.);
#2156=ORIENTED_EDGE('',*,*,#3210,.F.);
#2157=ORIENTED_EDGE('',*,*,#3856,.T.);
#2158=ORIENTED_EDGE('',*,*,#3857,.T.);
#2159=ORIENTED_EDGE('',*,*,#3179,.F.);
#2160=ORIENTED_EDGE('',*,*,#3858,.F.);
#2161=ORIENTED_EDGE('',*,*,#3195,.T.);
#2162=ORIENTED_EDGE('',*,*,#3153,.T.);
#2163=ORIENTED_EDGE('',*,*,#3859,.T.);
#2164=ORIENTED_EDGE('',*,*,#3251,.F.);
#2165=ORIENTED_EDGE('',*,*,#3255,.F.);
#2166=ORIENTED_EDGE('',*,*,#3860,.T.);
#2167=ORIENTED_EDGE('',*,*,#3150,.T.);
#2168=ORIENTED_EDGE('',*,*,#3198,.F.);
#2169=ORIENTED_EDGE('',*,*,#3861,.F.);
#2170=ORIENTED_EDGE('',*,*,#3214,.T.);
#2171=ORIENTED_EDGE('',*,*,#3147,.T.);
#2172=ORIENTED_EDGE('',*,*,#3862,.T.);
#2173=ORIENTED_EDGE('',*,*,#3857,.F.);
#2174=ORIENTED_EDGE('',*,*,#3863,.T.);
#2175=ORIENTED_EDGE('',*,*,#3180,.F.);
#2176=ORIENTED_EDGE('',*,*,#3864,.T.);
#2177=ORIENTED_EDGE('',*,*,#3157,.F.);
#2178=ORIENTED_EDGE('',*,*,#3786,.F.);
#2179=ORIENTED_EDGE('',*,*,#3833,.F.);
#2180=ORIENTED_EDGE('',*,*,#3865,.F.);
#2181=ORIENTED_EDGE('',*,*,#3866,.T.);
#2182=ORIENTED_EDGE('',*,*,#3292,.T.);
#2183=ORIENTED_EDGE('',*,*,#3820,.F.);
#2184=ORIENTED_EDGE('',*,*,#3809,.T.);
#2185=ORIENTED_EDGE('',*,*,#3166,.F.);
#2186=ORIENTED_EDGE('',*,*,#3867,.T.);
#2187=ORIENTED_EDGE('',*,*,#3265,.T.);
#2188=ORIENTED_EDGE('',*,*,#3868,.T.);
#2189=ORIENTED_EDGE('',*,*,#3163,.F.);
#2190=ORIENTED_EDGE('',*,*,#3795,.F.);
#2191=ORIENTED_EDGE('',*,*,#3826,.F.);
#2192=ORIENTED_EDGE('',*,*,#3799,.T.);
#2193=ORIENTED_EDGE('',*,*,#3160,.F.);
#2194=ORIENTED_EDGE('',*,*,#3869,.T.);
#2195=ORIENTED_EDGE('',*,*,#3271,.T.);
#2196=ORIENTED_EDGE('',*,*,#3870,.T.);
#2197=ORIENTED_EDGE('',*,*,#3171,.T.);
#2198=ORIENTED_EDGE('',*,*,#3805,.F.);
#2199=ORIENTED_EDGE('',*,*,#3827,.T.);
#2200=ORIENTED_EDGE('',*,*,#3789,.T.);
#2201=ORIENTED_EDGE('',*,*,#3174,.T.);
#2202=ORIENTED_EDGE('',*,*,#3871,.T.);
#2203=ORIENTED_EDGE('',*,*,#3261,.F.);
#2204=ORIENTED_EDGE('',*,*,#3872,.T.);
#2205=ORIENTED_EDGE('',*,*,#3873,.T.);
#2206=ORIENTED_EDGE('',*,*,#3815,.F.);
#2207=ORIENTED_EDGE('',*,*,#3821,.T.);
#2208=ORIENTED_EDGE('',*,*,#3286,.F.);
#2209=ORIENTED_EDGE('',*,*,#3874,.F.);
#2210=ORIENTED_EDGE('',*,*,#3875,.T.);
#2211=ORIENTED_EDGE('',*,*,#3828,.T.);
#2212=ORIENTED_EDGE('',*,*,#3780,.T.);
#2213=ORIENTED_EDGE('',*,*,#3168,.T.);
#2214=ORIENTED_EDGE('',*,*,#3876,.T.);
#2215=ORIENTED_EDGE('',*,*,#3267,.F.);
#2216=ORIENTED_EDGE('',*,*,#3873,.F.);
#2217=ORIENTED_EDGE('',*,*,#3877,.T.);
#2218=ORIENTED_EDGE('',*,*,#3806,.F.);
#2219=ORIENTED_EDGE('',*,*,#3151,.F.);
#2220=ORIENTED_EDGE('',*,*,#3860,.F.);
#2221=ORIENTED_EDGE('',*,*,#3254,.F.);
#2222=ORIENTED_EDGE('',*,*,#3199,.F.);
#2223=ORIENTED_EDGE('',*,*,#3149,.F.);
#2224=ORIENTED_EDGE('',*,*,#3213,.F.);
#2225=ORIENTED_EDGE('',*,*,#3256,.F.);
#2226=ORIENTED_EDGE('',*,*,#3862,.F.);
#2227=ORIENTED_EDGE('',*,*,#3855,.F.);
#2228=ORIENTED_EDGE('',*,*,#2915,.F.);
#2229=ORIENTED_EDGE('',*,*,#3257,.F.);
#2230=ORIENTED_EDGE('',*,*,#3211,.F.);
#2231=ORIENTED_EDGE('',*,*,#3146,.F.);
#2232=ORIENTED_EDGE('',*,*,#3201,.F.);
#2233=ORIENTED_EDGE('',*,*,#3258,.F.);
#2234=ORIENTED_EDGE('',*,*,#2913,.F.);
#2235=ORIENTED_EDGE('',*,*,#3142,.F.);
#2236=ORIENTED_EDGE('',*,*,#3183,.F.);
#2237=ORIENTED_EDGE('',*,*,#3249,.F.);
#2238=ORIENTED_EDGE('',*,*,#2905,.F.);
#2239=ORIENTED_EDGE('',*,*,#3143,.F.);
#2240=ORIENTED_EDGE('',*,*,#2907,.F.);
#2241=ORIENTED_EDGE('',*,*,#3253,.F.);
#2242=ORIENTED_EDGE('',*,*,#3192,.F.);
#2243=ORIENTED_EDGE('',*,*,#3155,.F.);
#2244=ORIENTED_EDGE('',*,*,#3194,.F.);
#2245=ORIENTED_EDGE('',*,*,#3252,.F.);
#2246=ORIENTED_EDGE('',*,*,#3859,.F.);
#2247=ORIENTED_EDGE('',*,*,#3863,.F.);
#2248=ORIENTED_EDGE('',*,*,#3856,.F.);
#2249=ORIENTED_EDGE('',*,*,#3250,.F.);
#2250=ORIENTED_EDGE('',*,*,#3181,.F.);
#2251=ORIENTED_EDGE('',*,*,#3877,.F.);
#2252=ORIENTED_EDGE('',*,*,#3872,.F.);
#2253=ORIENTED_EDGE('',*,*,#3260,.F.);
#2254=ORIENTED_EDGE('',*,*,#3807,.F.);
#2255=ORIENTED_EDGE('',*,*,#3176,.F.);
#2256=ORIENTED_EDGE('',*,*,#3788,.F.);
#2257=ORIENTED_EDGE('',*,*,#3262,.F.);
#2258=ORIENTED_EDGE('',*,*,#3871,.F.);
#2259=ORIENTED_EDGE('',*,*,#3170,.F.);
#2260=ORIENTED_EDGE('',*,*,#3779,.F.);
#2261=ORIENTED_EDGE('',*,*,#3268,.F.);
#2262=ORIENTED_EDGE('',*,*,#3876,.F.);
#2263=ORIENTED_EDGE('',*,*,#3172,.F.);
#2264=ORIENTED_EDGE('',*,*,#3870,.F.);
#2265=ORIENTED_EDGE('',*,*,#3274,.F.);
#2266=ORIENTED_EDGE('',*,*,#3797,.F.);
#2267=ORIENTED_EDGE('',*,*,#3164,.F.);
#2268=ORIENTED_EDGE('',*,*,#3868,.F.);
#2269=ORIENTED_EDGE('',*,*,#3264,.F.);
#2270=ORIENTED_EDGE('',*,*,#3796,.F.);
#2271=ORIENTED_EDGE('',*,*,#3165,.F.);
#2272=ORIENTED_EDGE('',*,*,#3808,.F.);
#2273=ORIENTED_EDGE('',*,*,#3266,.F.);
#2274=ORIENTED_EDGE('',*,*,#3867,.F.);
#2275=ORIENTED_EDGE('',*,*,#3159,.F.);
#2276=ORIENTED_EDGE('',*,*,#3798,.F.);
#2277=ORIENTED_EDGE('',*,*,#3272,.F.);
#2278=ORIENTED_EDGE('',*,*,#3869,.F.);
#2279=ORIENTED_EDGE('',*,*,#3158,.F.);
#2280=ORIENTED_EDGE('',*,*,#3864,.F.);
#2281=ORIENTED_EDGE('',*,*,#3270,.F.);
#2282=ORIENTED_EDGE('',*,*,#3787,.F.);
#2283=ORIENTED_EDGE('',*,*,#3283,.F.);
#2284=ORIENTED_EDGE('',*,*,#3878,.T.);
#2285=ORIENTED_EDGE('',*,*,#3879,.F.);
#2286=ORIENTED_EDGE('',*,*,#3880,.F.);
#2287=ORIENTED_EDGE('',*,*,#3881,.T.);
#2288=ORIENTED_EDGE('',*,*,#3882,.F.);
#2289=ORIENTED_EDGE('',*,*,#3883,.T.);
#2290=ORIENTED_EDGE('',*,*,#3295,.F.);
#2291=ORIENTED_EDGE('',*,*,#3884,.F.);
#2292=ORIENTED_EDGE('',*,*,#3885,.T.);
#2293=ORIENTED_EDGE('',*,*,#3886,.T.);
#2294=ORIENTED_EDGE('',*,*,#3732,.F.);
#2295=ORIENTED_EDGE('',*,*,#3723,.F.);
#2296=ORIENTED_EDGE('',*,*,#3887,.T.);
#2297=ORIENTED_EDGE('',*,*,#3888,.F.);
#2298=ORIENTED_EDGE('',*,*,#3889,.F.);
#2299=ORIENTED_EDGE('',*,*,#3104,.F.);
#2300=ORIENTED_EDGE('',*,*,#3890,.F.);
#2301=ORIENTED_EDGE('',*,*,#3878,.F.);
#2302=ORIENTED_EDGE('',*,*,#3282,.F.);
#2303=ORIENTED_EDGE('',*,*,#3296,.F.);
#2304=ORIENTED_EDGE('',*,*,#3883,.F.);
#2305=ORIENTED_EDGE('',*,*,#3891,.F.);
#2306=ORIENTED_EDGE('',*,*,#3102,.F.);
#2307=ORIENTED_EDGE('',*,*,#3057,.F.);
#2308=ORIENTED_EDGE('',*,*,#3892,.F.);
#2309=ORIENTED_EDGE('',*,*,#3887,.F.);
#2310=ORIENTED_EDGE('',*,*,#3722,.F.);
#2311=ORIENTED_EDGE('',*,*,#3733,.F.);
#2312=ORIENTED_EDGE('',*,*,#3886,.F.);
#2313=ORIENTED_EDGE('',*,*,#3893,.T.);
#2314=ORIENTED_EDGE('',*,*,#3055,.F.);
#2315=ORIENTED_EDGE('',*,*,#3014,.F.);
#2316=ORIENTED_EDGE('',*,*,#3533,.F.);
#2317=ORIENTED_EDGE('',*,*,#2954,.F.);
#2318=ORIENTED_EDGE('',*,*,#3530,.F.);
#2319=ORIENTED_EDGE('',*,*,#3030,.F.);
#2320=ORIENTED_EDGE('',*,*,#3539,.F.);
#2321=ORIENTED_EDGE('',*,*,#2977,.F.);
#2322=ORIENTED_EDGE('',*,*,#3538,.F.);
#2323=ORIENTED_EDGE('',*,*,#3894,.T.);
#2324=ORIENTED_EDGE('',*,*,#2920,.T.);
#2325=ORIENTED_EDGE('',*,*,#3068,.F.);
#2326=ORIENTED_EDGE('',*,*,#3895,.T.);
#2327=ORIENTED_EDGE('',*,*,#2983,.F.);
#2328=ORIENTED_EDGE('',*,*,#3896,.T.);
#2329=ORIENTED_EDGE('',*,*,#3897,.T.);
#2330=ORIENTED_EDGE('',*,*,#2923,.T.);
#2331=ORIENTED_EDGE('',*,*,#3091,.F.);
#2332=ORIENTED_EDGE('',*,*,#3898,.T.);
#2333=ORIENTED_EDGE('',*,*,#2948,.F.);
#2334=ORIENTED_EDGE('',*,*,#3899,.T.);
#2335=ORIENTED_EDGE('',*,*,#3900,.T.);
#2336=ORIENTED_EDGE('',*,*,#2922,.T.);
#2337=ORIENTED_EDGE('',*,*,#2933,.F.);
#2338=ORIENTED_EDGE('',*,*,#3901,.T.);
#2339=ORIENTED_EDGE('',*,*,#3113,.F.);
#2340=ORIENTED_EDGE('',*,*,#3902,.T.);
#2341=ORIENTED_EDGE('',*,*,#3903,.T.);
#2342=ORIENTED_EDGE('',*,*,#2921,.T.);
#2343=ORIENTED_EDGE('',*,*,#2929,.F.);
#2344=ORIENTED_EDGE('',*,*,#3904,.T.);
#2345=ORIENTED_EDGE('',*,*,#3117,.F.);
#2346=ORIENTED_EDGE('',*,*,#3905,.T.);
#2347=ORIENTED_EDGE('',*,*,#3067,.F.);
#2348=ORIENTED_EDGE('',*,*,#3240,.F.);
#2349=ORIENTED_EDGE('',*,*,#2984,.F.);
#2350=ORIENTED_EDGE('',*,*,#3895,.F.);
#2351=ORIENTED_EDGE('',*,*,#3069,.F.);
#2352=ORIENTED_EDGE('',*,*,#3896,.F.);
#2353=ORIENTED_EDGE('',*,*,#2982,.F.);
#2354=ORIENTED_EDGE('',*,*,#3688,.F.);
#2355=ORIENTED_EDGE('',*,*,#2928,.F.);
#2356=ORIENTED_EDGE('',*,*,#3906,.T.);
#2357=ORIENTED_EDGE('',*,*,#3118,.F.);
#2358=ORIENTED_EDGE('',*,*,#3904,.F.);
#2359=ORIENTED_EDGE('',*,*,#3116,.F.);
#2360=ORIENTED_EDGE('',*,*,#3233,.F.);
#2361=ORIENTED_EDGE('',*,*,#2930,.F.);
#2362=ORIENTED_EDGE('',*,*,#3905,.F.);
#2363=ORIENTED_EDGE('',*,*,#3114,.F.);
#2364=ORIENTED_EDGE('',*,*,#3901,.F.);
#2365=ORIENTED_EDGE('',*,*,#2932,.F.);
#2366=ORIENTED_EDGE('',*,*,#3234,.F.);
#2367=ORIENTED_EDGE('',*,*,#3112,.F.);
#2368=ORIENTED_EDGE('',*,*,#3907,.T.);
#2369=ORIENTED_EDGE('',*,*,#2934,.F.);
#2370=ORIENTED_EDGE('',*,*,#3902,.F.);
#2371=ORIENTED_EDGE('',*,*,#3090,.F.);
#2372=ORIENTED_EDGE('',*,*,#3244,.F.);
#2373=ORIENTED_EDGE('',*,*,#2949,.F.);
#2374=ORIENTED_EDGE('',*,*,#3898,.F.);
#2375=ORIENTED_EDGE('',*,*,#3092,.F.);
#2376=ORIENTED_EDGE('',*,*,#3899,.F.);
#2377=ORIENTED_EDGE('',*,*,#2947,.F.);
#2378=ORIENTED_EDGE('',*,*,#3242,.F.);
#2379=ORIENTED_EDGE('',*,*,#3903,.F.);
#2380=ORIENTED_EDGE('',*,*,#3900,.F.);
#2381=ORIENTED_EDGE('',*,*,#3897,.F.);
#2382=ORIENTED_EDGE('',*,*,#3894,.F.);
#2383=ORIENTED_EDGE('',*,*,#3594,.T.);
#2384=ORIENTED_EDGE('',*,*,#3908,.F.);
#2385=ORIENTED_EDGE('',*,*,#3909,.F.);
#2386=ORIENTED_EDGE('',*,*,#3570,.T.);
#2387=ORIENTED_EDGE('',*,*,#3596,.T.);
#2388=ORIENTED_EDGE('',*,*,#3409,.F.);
#2389=ORIENTED_EDGE('',*,*,#3910,.F.);
#2390=ORIENTED_EDGE('',*,*,#3908,.T.);
#2391=ORIENTED_EDGE('',*,*,#3597,.T.);
#2392=ORIENTED_EDGE('',*,*,#3911,.F.);
#2393=ORIENTED_EDGE('',*,*,#3912,.F.);
#2394=ORIENTED_EDGE('',*,*,#3407,.T.);
#2395=ORIENTED_EDGE('',*,*,#3422,.T.);
#2396=ORIENTED_EDGE('',*,*,#3569,.F.);
#2397=ORIENTED_EDGE('',*,*,#3913,.F.);
#2398=ORIENTED_EDGE('',*,*,#3911,.T.);
#2399=ORIENTED_EDGE('',*,*,#3571,.T.);
#2400=ORIENTED_EDGE('',*,*,#3909,.T.);
#2401=ORIENTED_EDGE('',*,*,#3910,.T.);
#2402=ORIENTED_EDGE('',*,*,#3408,.F.);
#2403=ORIENTED_EDGE('',*,*,#3912,.T.);
#2404=ORIENTED_EDGE('',*,*,#3913,.T.);
#2405=ORIENTED_EDGE('',*,*,#3568,.F.);
#2406=ORIENTED_EDGE('',*,*,#3436,.T.);
#2407=ORIENTED_EDGE('',*,*,#3914,.F.);
#2408=ORIENTED_EDGE('',*,*,#3915,.F.);
#2409=ORIENTED_EDGE('',*,*,#3565,.T.);
#2410=ORIENTED_EDGE('',*,*,#3659,.F.);
#2411=ORIENTED_EDGE('',*,*,#3657,.F.);
#2412=ORIENTED_EDGE('',*,*,#3916,.T.);
#2413=ORIENTED_EDGE('',*,*,#3914,.T.);
#2414=ORIENTED_EDGE('',*,*,#3652,.F.);
#2415=ORIENTED_EDGE('',*,*,#3917,.F.);
#2416=ORIENTED_EDGE('',*,*,#3918,.T.);
#2417=ORIENTED_EDGE('',*,*,#3655,.T.);
#2418=ORIENTED_EDGE('',*,*,#3668,.F.);
#2419=ORIENTED_EDGE('',*,*,#3217,.F.);
#2420=ORIENTED_EDGE('',*,*,#3919,.T.);
#2421=ORIENTED_EDGE('',*,*,#3917,.T.);
#2422=ORIENTED_EDGE('',*,*,#3216,.F.);
#2423=ORIENTED_EDGE('',*,*,#3566,.T.);
#2424=ORIENTED_EDGE('',*,*,#3915,.T.);
#2425=ORIENTED_EDGE('',*,*,#3916,.F.);
#2426=ORIENTED_EDGE('',*,*,#3656,.T.);
#2427=ORIENTED_EDGE('',*,*,#3918,.F.);
#2428=ORIENTED_EDGE('',*,*,#3919,.F.);
#2429=ORIENTED_EDGE('',*,*,#3920,.F.);
#2430=ORIENTED_EDGE('',*,*,#3921,.T.);
#2431=ORIENTED_EDGE('',*,*,#3922,.T.);
#2432=ORIENTED_EDGE('',*,*,#3923,.T.);
#2433=ORIENTED_EDGE('',*,*,#3128,.F.);
#2434=ORIENTED_EDGE('',*,*,#3924,.T.);
#2435=ORIENTED_EDGE('',*,*,#3925,.F.);
#2436=ORIENTED_EDGE('',*,*,#3926,.T.);
#2437=ORIENTED_EDGE('',*,*,#3920,.T.);
#2438=ORIENTED_EDGE('',*,*,#3927,.T.);
#2439=ORIENTED_EDGE('',*,*,#3928,.T.);
#2440=ORIENTED_EDGE('',*,*,#3929,.T.);
#2441=ORIENTED_EDGE('',*,*,#3925,.T.);
#2442=ORIENTED_EDGE('',*,*,#3930,.T.);
#2443=ORIENTED_EDGE('',*,*,#3931,.T.);
#2444=ORIENTED_EDGE('',*,*,#3932,.T.);
#2445=ORIENTED_EDGE('',*,*,#3933,.T.);
#2446=ORIENTED_EDGE('',*,*,#3934,.T.);
#2447=ORIENTED_EDGE('',*,*,#3935,.T.);
#2448=ORIENTED_EDGE('',*,*,#3936,.F.);
#2449=ORIENTED_EDGE('',*,*,#3937,.T.);
#2450=ORIENTED_EDGE('',*,*,#3938,.T.);
#2451=ORIENTED_EDGE('',*,*,#3939,.T.);
#2452=ORIENTED_EDGE('',*,*,#3940,.T.);
#2453=ORIENTED_EDGE('',*,*,#3941,.F.);
#2454=ORIENTED_EDGE('',*,*,#3942,.T.);
#2455=ORIENTED_EDGE('',*,*,#3936,.T.);
#2456=ORIENTED_EDGE('',*,*,#3943,.T.);
#2457=ORIENTED_EDGE('',*,*,#3944,.T.);
#2458=ORIENTED_EDGE('',*,*,#3945,.T.);
#2459=ORIENTED_EDGE('',*,*,#3941,.T.);
#2460=ORIENTED_EDGE('',*,*,#3946,.T.);
#2461=ORIENTED_EDGE('',*,*,#3130,.F.);
#2462=ORIENTED_EDGE('',*,*,#3947,.F.);
#2463=ORIENTED_EDGE('',*,*,#3129,.F.);
#2464=ORIENTED_EDGE('',*,*,#3923,.F.);
#2465=ORIENTED_EDGE('',*,*,#3948,.T.);
#2466=ORIENTED_EDGE('',*,*,#3947,.T.);
#2467=ORIENTED_EDGE('',*,*,#3922,.F.);
#2468=ORIENTED_EDGE('',*,*,#3949,.T.);
#2469=ORIENTED_EDGE('',*,*,#3928,.F.);
#2470=ORIENTED_EDGE('',*,*,#3950,.T.);
#2471=ORIENTED_EDGE('',*,*,#3932,.F.);
#2472=ORIENTED_EDGE('',*,*,#3951,.T.);
#2473=ORIENTED_EDGE('',*,*,#3938,.F.);
#2474=ORIENTED_EDGE('',*,*,#3952,.T.);
#2475=ORIENTED_EDGE('',*,*,#3944,.F.);
#2476=ORIENTED_EDGE('',*,*,#3948,.F.);
#2477=ORIENTED_EDGE('',*,*,#3929,.F.);
#2478=ORIENTED_EDGE('',*,*,#3949,.F.);
#2479=ORIENTED_EDGE('',*,*,#3921,.F.);
#2480=ORIENTED_EDGE('',*,*,#3926,.F.);
#2481=ORIENTED_EDGE('',*,*,#3945,.F.);
#2482=ORIENTED_EDGE('',*,*,#3952,.F.);
#2483=ORIENTED_EDGE('',*,*,#3937,.F.);
#2484=ORIENTED_EDGE('',*,*,#3942,.F.);
#2485=ORIENTED_EDGE('',*,*,#3924,.F.);
#2486=ORIENTED_EDGE('',*,*,#3127,.F.);
#2487=ORIENTED_EDGE('',*,*,#3953,.F.);
#2488=ORIENTED_EDGE('',*,*,#3927,.F.);
#2489=ORIENTED_EDGE('',*,*,#3953,.T.);
#2490=ORIENTED_EDGE('',*,*,#3136,.F.);
#2491=ORIENTED_EDGE('',*,*,#3954,.F.);
#2492=ORIENTED_EDGE('',*,*,#3930,.F.);
#2493=ORIENTED_EDGE('',*,*,#3950,.F.);
#2494=ORIENTED_EDGE('',*,*,#3931,.F.);
#2495=ORIENTED_EDGE('',*,*,#3955,.F.);
#2496=ORIENTED_EDGE('',*,*,#3933,.F.);
#2497=ORIENTED_EDGE('',*,*,#3954,.T.);
#2498=ORIENTED_EDGE('',*,*,#3135,.T.);
#2499=ORIENTED_EDGE('',*,*,#3956,.F.);
#2500=ORIENTED_EDGE('',*,*,#3955,.T.);
#2501=ORIENTED_EDGE('',*,*,#3956,.T.);
#2502=ORIENTED_EDGE('',*,*,#3134,.F.);
#2503=ORIENTED_EDGE('',*,*,#3957,.F.);
#2504=ORIENTED_EDGE('',*,*,#3934,.F.);
#2505=ORIENTED_EDGE('',*,*,#3951,.F.);
#2506=ORIENTED_EDGE('',*,*,#3935,.F.);
#2507=ORIENTED_EDGE('',*,*,#3958,.F.);
#2508=ORIENTED_EDGE('',*,*,#3939,.F.);
#2509=ORIENTED_EDGE('',*,*,#3957,.T.);
#2510=ORIENTED_EDGE('',*,*,#3133,.T.);
#2511=ORIENTED_EDGE('',*,*,#3959,.F.);
#2512=ORIENTED_EDGE('',*,*,#3958,.T.);
#2513=ORIENTED_EDGE('',*,*,#3959,.T.);
#2514=ORIENTED_EDGE('',*,*,#3132,.F.);
#2515=ORIENTED_EDGE('',*,*,#3960,.F.);
#2516=ORIENTED_EDGE('',*,*,#3940,.F.);
#2517=ORIENTED_EDGE('',*,*,#3946,.F.);
#2518=ORIENTED_EDGE('',*,*,#3943,.F.);
#2519=ORIENTED_EDGE('',*,*,#3960,.T.);
#2520=ORIENTED_EDGE('',*,*,#3131,.F.);
#2521=ORIENTED_EDGE('',*,*,#3849,.F.);
#2522=ORIENTED_EDGE('',*,*,#3961,.F.);
#2523=ORIENTED_EDGE('',*,*,#3962,.T.);
#2524=ORIENTED_EDGE('',*,*,#3730,.T.);
#2525=ORIENTED_EDGE('',*,*,#3842,.F.);
#2526=ORIENTED_EDGE('',*,*,#3205,.T.);
#2527=ORIENTED_EDGE('',*,*,#3861,.T.);
#2528=ORIENTED_EDGE('',*,*,#3197,.F.);
#2529=ORIENTED_EDGE('',*,*,#3846,.F.);
#2530=ORIENTED_EDGE('',*,*,#3187,.T.);
#2531=ORIENTED_EDGE('',*,*,#3858,.T.);
#2532=ORIENTED_EDGE('',*,*,#3178,.F.);
#2533=ORIENTED_EDGE('',*,*,#3963,.F.);
#2534=ORIENTED_EDGE('',*,*,#3724,.T.);
#2535=ORIENTED_EDGE('',*,*,#3889,.T.);
#2536=ORIENTED_EDGE('',*,*,#3964,.F.);
#2537=ORIENTED_EDGE('',*,*,#3725,.T.);
#2538=ORIENTED_EDGE('',*,*,#3963,.T.);
#2539=ORIENTED_EDGE('',*,*,#3965,.T.);
#2540=ORIENTED_EDGE('',*,*,#2900,.T.);
#2541=ORIENTED_EDGE('',*,*,#3294,.F.);
#2542=ORIENTED_EDGE('',*,*,#3966,.T.);
#2543=ORIENTED_EDGE('',*,*,#3967,.T.);
#2544=ORIENTED_EDGE('',*,*,#3881,.F.);
#2545=ORIENTED_EDGE('',*,*,#3866,.F.);
#2546=ORIENTED_EDGE('',*,*,#3968,.F.);
#2547=ORIENTED_EDGE('',*,*,#3966,.F.);
#2548=ORIENTED_EDGE('',*,*,#3293,.F.);
#2549=ORIENTED_EDGE('',*,*,#3969,.F.);
#2550=ORIENTED_EDGE('',*,*,#3284,.T.);
#2551=ORIENTED_EDGE('',*,*,#3880,.T.);
#2552=ORIENTED_EDGE('',*,*,#3970,.F.);
#2553=ORIENTED_EDGE('',*,*,#3969,.T.);
#2554=ORIENTED_EDGE('',*,*,#3971,.T.);
#2555=ORIENTED_EDGE('',*,*,#3874,.T.);
#2556=ORIENTED_EDGE('',*,*,#3285,.T.);
#2557=ORIENTED_EDGE('',*,*,#3962,.F.);
#2558=ORIENTED_EDGE('',*,*,#3972,.F.);
#2559=ORIENTED_EDGE('',*,*,#3884,.T.);
#2560=ORIENTED_EDGE('',*,*,#3731,.F.);
#2561=ORIENTED_EDGE('',*,*,#3482,.F.);
#2562=ORIENTED_EDGE('',*,*,#3552,.F.);
#2563=ORIENTED_EDGE('',*,*,#3439,.F.);
#2564=ORIENTED_EDGE('',*,*,#3361,.F.);
#2565=ORIENTED_EDGE('',*,*,#3973,.F.);
#2566=ORIENTED_EDGE('',*,*,#3386,.T.);
#2567=ORIENTED_EDGE('',*,*,#3140,.F.);
#2568=ORIENTED_EDGE('',*,*,#3973,.T.);
#2569=ORIENTED_EDGE('',*,*,#3974,.T.);
#2570=ORIENTED_EDGE('',*,*,#3138,.T.);
#2571=ORIENTED_EDGE('',*,*,#3974,.F.);
#2572=ORIENTED_EDGE('',*,*,#3527,.T.);
#2573=ORIENTED_EDGE('',*,*,#2926,.F.);
#2574=ORIENTED_EDGE('',*,*,#3975,.T.);
#2575=ORIENTED_EDGE('',*,*,#3120,.F.);
#2576=ORIENTED_EDGE('',*,*,#3976,.T.);
#2577=ORIENTED_EDGE('',*,*,#3977,.T.);
#2578=ORIENTED_EDGE('',*,*,#3978,.T.);
#2579=ORIENTED_EDGE('',*,*,#2967,.T.);
#2580=ORIENTED_EDGE('',*,*,#3979,.T.);
#2581=ORIENTED_EDGE('',*,*,#3122,.F.);
#2582=ORIENTED_EDGE('',*,*,#3980,.T.);
#2583=ORIENTED_EDGE('',*,*,#2924,.F.);
#2584=ORIENTED_EDGE('',*,*,#3981,.T.);
#2585=ORIENTED_EDGE('',*,*,#3124,.T.);
#2586=ORIENTED_EDGE('',*,*,#3982,.T.);
#2587=ORIENTED_EDGE('',*,*,#2991,.T.);
#2588=ORIENTED_EDGE('',*,*,#3983,.T.);
#2589=ORIENTED_EDGE('',*,*,#2971,.T.);
#2590=ORIENTED_EDGE('',*,*,#3984,.T.);
#2591=ORIENTED_EDGE('',*,*,#3985,.T.);
#2592=ORIENTED_EDGE('',*,*,#3986,.T.);
#2593=ORIENTED_EDGE('',*,*,#2969,.T.);
#2594=ORIENTED_EDGE('',*,*,#3987,.T.);
#2595=ORIENTED_EDGE('',*,*,#3988,.T.);
#2596=ORIENTED_EDGE('',*,*,#3989,.T.);
#2597=ORIENTED_EDGE('',*,*,#2964,.T.);
#2598=ORIENTED_EDGE('',*,*,#3990,.T.);
#2599=ORIENTED_EDGE('',*,*,#3991,.T.);
#2600=ORIENTED_EDGE('',*,*,#3992,.T.);
#2601=ORIENTED_EDGE('',*,*,#2962,.F.);
#2602=ORIENTED_EDGE('',*,*,#3993,.T.);
#2603=ORIENTED_EDGE('',*,*,#3994,.T.);
#2604=ORIENTED_EDGE('',*,*,#3995,.T.);
#2605=ORIENTED_EDGE('',*,*,#3996,.T.);
#2606=ORIENTED_EDGE('',*,*,#3997,.T.);
#2607=ORIENTED_EDGE('',*,*,#2960,.F.);
#2608=ORIENTED_EDGE('',*,*,#3998,.T.);
#2609=ORIENTED_EDGE('',*,*,#2940,.F.);
#2610=ORIENTED_EDGE('',*,*,#3999,.T.);
#2611=ORIENTED_EDGE('',*,*,#3106,.F.);
#2612=ORIENTED_EDGE('',*,*,#3281,.F.);
#2613=ORIENTED_EDGE('',*,*,#4000,.T.);
#2614=ORIENTED_EDGE('',*,*,#4001,.T.);
#2615=ORIENTED_EDGE('',*,*,#3778,.T.);
#2616=ORIENTED_EDGE('',*,*,#4002,.T.);
#2617=ORIENTED_EDGE('',*,*,#3108,.T.);
#2618=ORIENTED_EDGE('',*,*,#4003,.T.);
#2619=ORIENTED_EDGE('',*,*,#2938,.T.);
#2620=ORIENTED_EDGE('',*,*,#4004,.T.);
#2621=ORIENTED_EDGE('',*,*,#3110,.T.);
#2622=ORIENTED_EDGE('',*,*,#4005,.T.);
#2623=ORIENTED_EDGE('',*,*,#2936,.T.);
#2624=ORIENTED_EDGE('',*,*,#4006,.T.);
#2625=ORIENTED_EDGE('',*,*,#4000,.F.);
#2626=ORIENTED_EDGE('',*,*,#3280,.T.);
#2627=ORIENTED_EDGE('',*,*,#4007,.T.);
#2628=ORIENTED_EDGE('',*,*,#3279,.T.);
#2629=ORIENTED_EDGE('',*,*,#3776,.T.);
#2630=ORIENTED_EDGE('',*,*,#4001,.F.);
#2631=ORIENTED_EDGE('',*,*,#4007,.F.);
#2632=ORIENTED_EDGE('',*,*,#2972,.F.);
#2633=ORIENTED_EDGE('',*,*,#3986,.F.);
#2634=ORIENTED_EDGE('',*,*,#4008,.F.);
#2635=ORIENTED_EDGE('',*,*,#2993,.F.);
#2636=ORIENTED_EDGE('',*,*,#2966,.F.);
#2637=ORIENTED_EDGE('',*,*,#2889,.F.);
#2638=ORIENTED_EDGE('',*,*,#4009,.F.);
#2639=ORIENTED_EDGE('',*,*,#3979,.F.);
#2640=ORIENTED_EDGE('',*,*,#3048,.F.);
#2641=ORIENTED_EDGE('',*,*,#4008,.T.);
#2642=ORIENTED_EDGE('',*,*,#4010,.F.);
#2643=ORIENTED_EDGE('',*,*,#3719,.F.);
#2644=ORIENTED_EDGE('',*,*,#3716,.F.);
#2645=ORIENTED_EDGE('',*,*,#4009,.T.);
#2646=ORIENTED_EDGE('',*,*,#3043,.F.);
#2647=ORIENTED_EDGE('',*,*,#4011,.F.);
#2648=ORIENTED_EDGE('',*,*,#3985,.F.);
#2649=ORIENTED_EDGE('',*,*,#4012,.T.);
#2650=ORIENTED_EDGE('',*,*,#3040,.F.);
#2651=ORIENTED_EDGE('',*,*,#3720,.F.);
#2652=ORIENTED_EDGE('',*,*,#4010,.T.);
#2653=ORIENTED_EDGE('',*,*,#3042,.F.);
#2654=ORIENTED_EDGE('',*,*,#4013,.T.);
#2655=ORIENTED_EDGE('',*,*,#3977,.F.);
#2656=ORIENTED_EDGE('',*,*,#4011,.T.);
#2657=ORIENTED_EDGE('',*,*,#3988,.F.);
#2658=ORIENTED_EDGE('',*,*,#4014,.T.);
#2659=ORIENTED_EDGE('',*,*,#3041,.F.);
#2660=ORIENTED_EDGE('',*,*,#4015,.T.);
#2661=ORIENTED_EDGE('',*,*,#2965,.F.);
#2662=ORIENTED_EDGE('',*,*,#3992,.F.);
#2663=ORIENTED_EDGE('',*,*,#4016,.F.);
#2664=ORIENTED_EDGE('',*,*,#2891,.F.);
#2665=ORIENTED_EDGE('',*,*,#2959,.F.);
#2666=ORIENTED_EDGE('',*,*,#3754,.F.);
#2667=ORIENTED_EDGE('',*,*,#4017,.F.);
#2668=ORIENTED_EDGE('',*,*,#3998,.F.);
#2669=ORIENTED_EDGE('',*,*,#3044,.F.);
#2670=ORIENTED_EDGE('',*,*,#4016,.T.);
#2671=ORIENTED_EDGE('',*,*,#4018,.F.);
#2672=ORIENTED_EDGE('',*,*,#3709,.F.);
#2673=ORIENTED_EDGE('',*,*,#3276,.F.);
#2674=ORIENTED_EDGE('',*,*,#4019,.F.);
#2675=ORIENTED_EDGE('',*,*,#4017,.T.);
#2676=ORIENTED_EDGE('',*,*,#3046,.F.);
#2677=ORIENTED_EDGE('',*,*,#3991,.F.);
#2678=ORIENTED_EDGE('',*,*,#4020,.T.);
#2679=ORIENTED_EDGE('',*,*,#3002,.F.);
#2680=ORIENTED_EDGE('',*,*,#4018,.T.);
#2681=ORIENTED_EDGE('',*,*,#3004,.F.);
#2682=ORIENTED_EDGE('',*,*,#4021,.T.);
#2683=ORIENTED_EDGE('',*,*,#3996,.F.);
#2684=ORIENTED_EDGE('',*,*,#4019,.T.);
#2685=ORIENTED_EDGE('',*,*,#3275,.F.);
#2686=ORIENTED_EDGE('',*,*,#3994,.F.);
#2687=ORIENTED_EDGE('',*,*,#4022,.T.);
#2688=ORIENTED_EDGE('',*,*,#3003,.F.);
#2689=ORIENTED_EDGE('',*,*,#4023,.T.);
#2690=ORIENTED_EDGE('',*,*,#2935,.F.);
#2691=ORIENTED_EDGE('',*,*,#3907,.F.);
#2692=ORIENTED_EDGE('',*,*,#3111,.F.);
#2693=ORIENTED_EDGE('',*,*,#4006,.F.);
#2694=ORIENTED_EDGE('',*,*,#3119,.F.);
#2695=ORIENTED_EDGE('',*,*,#3906,.F.);
#2696=ORIENTED_EDGE('',*,*,#2927,.F.);
#2697=ORIENTED_EDGE('',*,*,#3976,.F.);
#2698=ORIENTED_EDGE('',*,*,#3125,.F.);
#2699=ORIENTED_EDGE('',*,*,#3983,.F.);
#2700=ORIENTED_EDGE('',*,*,#2990,.F.);
#2701=ORIENTED_EDGE('',*,*,#3051,.F.);
#2702=ORIENTED_EDGE('',*,*,#3774,.F.);
#2703=ORIENTED_EDGE('',*,*,#3771,.F.);
#2704=ORIENTED_EDGE('',*,*,#3775,.F.);
#2705=ORIENTED_EDGE('',*,*,#3734,.F.);
#2706=ORIENTED_EDGE('',*,*,#3766,.F.);
#2707=ORIENTED_EDGE('',*,*,#3235,.F.);
#2708=ORIENTED_EDGE('',*,*,#2941,.F.);
#2709=ORIENTED_EDGE('',*,*,#4002,.F.);
#2710=ORIENTED_EDGE('',*,*,#3777,.F.);
#2711=ORIENTED_EDGE('',*,*,#3764,.F.);
#2712=ORIENTED_EDGE('',*,*,#2968,.F.);
#2713=ORIENTED_EDGE('',*,*,#3978,.F.);
#2714=ORIENTED_EDGE('',*,*,#4024,.F.);
#2715=ORIENTED_EDGE('',*,*,#3987,.F.);
#2716=ORIENTED_EDGE('',*,*,#4024,.T.);
#2717=ORIENTED_EDGE('',*,*,#4013,.F.);
#2718=ORIENTED_EDGE('',*,*,#4014,.F.);
#2719=ORIENTED_EDGE('',*,*,#2970,.F.);
#2720=ORIENTED_EDGE('',*,*,#3989,.F.);
#2721=ORIENTED_EDGE('',*,*,#4025,.F.);
#2722=ORIENTED_EDGE('',*,*,#3984,.F.);
#2723=ORIENTED_EDGE('',*,*,#4015,.F.);
#2724=ORIENTED_EDGE('',*,*,#4012,.F.);
#2725=ORIENTED_EDGE('',*,*,#4025,.T.);
#2726=ORIENTED_EDGE('',*,*,#2961,.F.);
#2727=ORIENTED_EDGE('',*,*,#3997,.F.);
#2728=ORIENTED_EDGE('',*,*,#4026,.F.);
#2729=ORIENTED_EDGE('',*,*,#3993,.F.);
#2730=ORIENTED_EDGE('',*,*,#4026,.T.);
#2731=ORIENTED_EDGE('',*,*,#4021,.F.);
#2732=ORIENTED_EDGE('',*,*,#4022,.F.);
#2733=ORIENTED_EDGE('',*,*,#2963,.F.);
#2734=ORIENTED_EDGE('',*,*,#3995,.F.);
#2735=ORIENTED_EDGE('',*,*,#4027,.F.);
#2736=ORIENTED_EDGE('',*,*,#3990,.F.);
#2737=ORIENTED_EDGE('',*,*,#4023,.F.);
#2738=ORIENTED_EDGE('',*,*,#4020,.F.);
#2739=ORIENTED_EDGE('',*,*,#4027,.T.);
#2740=ORIENTED_EDGE('',*,*,#3829,.F.);
#2741=ORIENTED_EDGE('',*,*,#3875,.F.);
#2742=ORIENTED_EDGE('',*,*,#3971,.F.);
#2743=ORIENTED_EDGE('',*,*,#3970,.T.);
#2744=ORIENTED_EDGE('',*,*,#3879,.T.);
#2745=ORIENTED_EDGE('',*,*,#3890,.T.);
#2746=ORIENTED_EDGE('',*,*,#3103,.F.);
#2747=ORIENTED_EDGE('',*,*,#3891,.T.);
#2748=ORIENTED_EDGE('',*,*,#3882,.T.);
#2749=ORIENTED_EDGE('',*,*,#3967,.F.);
#2750=ORIENTED_EDGE('',*,*,#3968,.T.);
#2751=ORIENTED_EDGE('',*,*,#3865,.T.);
#2752=ORIENTED_EDGE('',*,*,#3832,.F.);
#2753=ORIENTED_EDGE('',*,*,#3835,.T.);
#2754=ORIENTED_EDGE('',*,*,#3837,.F.);
#2755=ORIENTED_EDGE('',*,*,#3838,.T.);
#2756=ORIENTED_EDGE('',*,*,#3056,.T.);
#2757=ORIENTED_EDGE('',*,*,#3893,.F.);
#2758=ORIENTED_EDGE('',*,*,#3885,.F.);
#2759=ORIENTED_EDGE('',*,*,#3972,.T.);
#2760=ORIENTED_EDGE('',*,*,#3961,.T.);
#2761=ORIENTED_EDGE('',*,*,#3848,.F.);
#2762=ORIENTED_EDGE('',*,*,#3851,.F.);
#2763=ORIENTED_EDGE('',*,*,#3853,.T.);
#2764=ORIENTED_EDGE('',*,*,#3854,.T.);
#2765=ORIENTED_EDGE('',*,*,#2901,.F.);
#2766=ORIENTED_EDGE('',*,*,#3965,.F.);
#2767=ORIENTED_EDGE('',*,*,#3964,.T.);
#2768=ORIENTED_EDGE('',*,*,#3888,.T.);
#2769=ORIENTED_EDGE('',*,*,#3892,.T.);
#2770=ORIENTED_EDGE('',*,*,#4028,.F.);
#2771=ORIENTED_EDGE('',*,*,#4029,.T.);
#2772=ORIENTED_EDGE('',*,*,#4030,.T.);
#2773=ORIENTED_EDGE('',*,*,#2894,.T.);
#2774=ORIENTED_EDGE('',*,*,#4030,.F.);
#2775=ORIENTED_EDGE('',*,*,#4031,.T.);
#2776=ORIENTED_EDGE('',*,*,#4032,.T.);
#2777=ORIENTED_EDGE('',*,*,#2895,.T.);
#2778=ORIENTED_EDGE('',*,*,#4032,.F.);
#2779=ORIENTED_EDGE('',*,*,#4033,.T.);
#2780=ORIENTED_EDGE('',*,*,#4034,.T.);
#2781=ORIENTED_EDGE('',*,*,#2896,.T.);
#2782=ORIENTED_EDGE('',*,*,#4034,.F.);
#2783=ORIENTED_EDGE('',*,*,#4035,.T.);
#2784=ORIENTED_EDGE('',*,*,#4036,.T.);
#2785=ORIENTED_EDGE('',*,*,#3227,.T.);
#2786=ORIENTED_EDGE('',*,*,#4037,.T.);
#2787=ORIENTED_EDGE('',*,*,#2897,.T.);
#2788=ORIENTED_EDGE('',*,*,#3226,.T.);
#2789=ORIENTED_EDGE('',*,*,#4038,.T.);
#2790=ORIENTED_EDGE('',*,*,#2898,.T.);
#2791=ORIENTED_EDGE('',*,*,#4037,.F.);
#2792=ORIENTED_EDGE('',*,*,#3225,.T.);
#2793=ORIENTED_EDGE('',*,*,#4039,.T.);
#2794=ORIENTED_EDGE('',*,*,#2899,.T.);
#2795=ORIENTED_EDGE('',*,*,#4038,.F.);
#2796=ORIENTED_EDGE('',*,*,#3224,.T.);
#2797=ORIENTED_EDGE('',*,*,#4040,.T.);
#2798=ORIENTED_EDGE('',*,*,#2892,.T.);
#2799=ORIENTED_EDGE('',*,*,#4039,.F.);
#2800=ORIENTED_EDGE('',*,*,#3223,.T.);
#2801=ORIENTED_EDGE('',*,*,#4041,.T.);
#2802=ORIENTED_EDGE('',*,*,#4042,.T.);
#2803=ORIENTED_EDGE('',*,*,#4028,.T.);
#2804=ORIENTED_EDGE('',*,*,#2893,.T.);
#2805=ORIENTED_EDGE('',*,*,#4040,.F.);
#2806=ORIENTED_EDGE('',*,*,#4043,.F.);
#2807=ORIENTED_EDGE('',*,*,#4044,.T.);
#2808=ORIENTED_EDGE('',*,*,#3221,.F.);
#2809=ORIENTED_EDGE('',*,*,#4045,.F.);
#2810=ORIENTED_EDGE('',*,*,#4045,.T.);
#2811=ORIENTED_EDGE('',*,*,#3232,.F.);
#2812=ORIENTED_EDGE('',*,*,#4046,.F.);
#2813=ORIENTED_EDGE('',*,*,#4047,.F.);
#2814=ORIENTED_EDGE('',*,*,#4046,.T.);
#2815=ORIENTED_EDGE('',*,*,#3231,.F.);
#2816=ORIENTED_EDGE('',*,*,#4048,.F.);
#2817=ORIENTED_EDGE('',*,*,#4049,.F.);
#2818=ORIENTED_EDGE('',*,*,#4048,.T.);
#2819=ORIENTED_EDGE('',*,*,#3230,.F.);
#2820=ORIENTED_EDGE('',*,*,#4050,.F.);
#2821=ORIENTED_EDGE('',*,*,#4051,.F.);
#2822=ORIENTED_EDGE('',*,*,#3229,.F.);
#2823=ORIENTED_EDGE('',*,*,#4052,.T.);
#2824=ORIENTED_EDGE('',*,*,#4053,.F.);
#2825=ORIENTED_EDGE('',*,*,#4050,.T.);
#2826=ORIENTED_EDGE('',*,*,#4054,.F.);
#2827=ORIENTED_EDGE('',*,*,#4042,.F.);
#2828=ORIENTED_EDGE('',*,*,#4055,.T.);
#2829=ORIENTED_EDGE('',*,*,#4035,.F.);
#2830=ORIENTED_EDGE('',*,*,#4033,.F.);
#2831=ORIENTED_EDGE('',*,*,#4031,.F.);
#2832=ORIENTED_EDGE('',*,*,#4029,.F.);
#2833=ORIENTED_EDGE('',*,*,#4053,.T.);
#2834=ORIENTED_EDGE('',*,*,#4056,.T.);
#2835=ORIENTED_EDGE('',*,*,#4057,.F.);
#2836=ORIENTED_EDGE('',*,*,#4058,.T.);
#2837=ORIENTED_EDGE('',*,*,#4043,.T.);
#2838=ORIENTED_EDGE('',*,*,#4059,.F.);
#2839=ORIENTED_EDGE('',*,*,#4060,.F.);
#2840=ORIENTED_EDGE('',*,*,#4061,.T.);
#2841=ORIENTED_EDGE('',*,*,#4047,.T.);
#2842=ORIENTED_EDGE('',*,*,#4062,.F.);
#2843=ORIENTED_EDGE('',*,*,#4063,.F.);
#2844=ORIENTED_EDGE('',*,*,#4059,.T.);
#2845=ORIENTED_EDGE('',*,*,#4049,.T.);
#2846=ORIENTED_EDGE('',*,*,#4064,.F.);
#2847=ORIENTED_EDGE('',*,*,#4065,.F.);
#2848=ORIENTED_EDGE('',*,*,#4062,.T.);
#2849=ORIENTED_EDGE('',*,*,#4051,.T.);
#2850=ORIENTED_EDGE('',*,*,#4058,.F.);
#2851=ORIENTED_EDGE('',*,*,#4066,.F.);
#2852=ORIENTED_EDGE('',*,*,#4064,.T.);
#2853=ORIENTED_EDGE('',*,*,#4067,.F.);
#2854=ORIENTED_EDGE('',*,*,#4057,.T.);
#2855=ORIENTED_EDGE('',*,*,#4068,.T.);
#2856=ORIENTED_EDGE('',*,*,#4060,.T.);
#2857=ORIENTED_EDGE('',*,*,#4063,.T.);
#2858=ORIENTED_EDGE('',*,*,#4065,.T.);
#2859=ORIENTED_EDGE('',*,*,#4066,.T.);
#2860=ORIENTED_EDGE('',*,*,#4041,.F.);
#2861=ORIENTED_EDGE('',*,*,#3222,.F.);
#2862=ORIENTED_EDGE('',*,*,#4044,.F.);
#2863=ORIENTED_EDGE('',*,*,#4061,.F.);
#2864=ORIENTED_EDGE('',*,*,#4068,.F.);
#2865=ORIENTED_EDGE('',*,*,#4056,.F.);
#2866=ORIENTED_EDGE('',*,*,#4052,.F.);
#2867=ORIENTED_EDGE('',*,*,#3228,.F.);
#2868=ORIENTED_EDGE('',*,*,#4036,.F.);
#2869=ORIENTED_EDGE('',*,*,#4055,.F.);
#2870=ORIENTED_EDGE('',*,*,#4067,.T.);
#2871=ORIENTED_EDGE('',*,*,#4054,.T.);
#2872=ORIENTED_EDGE('',*,*,#3121,.F.);
#2873=ORIENTED_EDGE('',*,*,#3975,.F.);
#2874=ORIENTED_EDGE('',*,*,#2925,.F.);
#2875=ORIENTED_EDGE('',*,*,#3980,.F.);
#2876=ORIENTED_EDGE('',*,*,#3123,.F.);
#2877=ORIENTED_EDGE('',*,*,#3981,.F.);
#2878=ORIENTED_EDGE('',*,*,#2992,.F.);
#2879=ORIENTED_EDGE('',*,*,#3982,.F.);
#2880=ORIENTED_EDGE('',*,*,#3107,.F.);
#2881=ORIENTED_EDGE('',*,*,#3999,.F.);
#2882=ORIENTED_EDGE('',*,*,#2939,.F.);
#2883=ORIENTED_EDGE('',*,*,#4003,.F.);
#2884=ORIENTED_EDGE('',*,*,#3109,.F.);
#2885=ORIENTED_EDGE('',*,*,#4004,.F.);
#2886=ORIENTED_EDGE('',*,*,#2937,.F.);
#2887=ORIENTED_EDGE('',*,*,#4005,.F.);
#2888=EDGE_CURVE('',#4069,#4070,#4835,.F.);
#2889=EDGE_CURVE('',#4070,#4071,#4836,.T.);
#2890=EDGE_CURVE('',#4071,#4072,#4837,.T.);
#2891=EDGE_CURVE('',#4072,#4069,#4838,.F.);
#2892=EDGE_CURVE('',#4073,#4074,#280,.T.);
#2893=EDGE_CURVE('',#4075,#4073,#4839,.T.);
#2894=EDGE_CURVE('',#4076,#4075,#281,.T.);
#2895=EDGE_CURVE('',#4077,#4076,#4840,.T.);
#2896=EDGE_CURVE('',#4078,#4077,#282,.T.);
#2897=EDGE_CURVE('',#4079,#4078,#4841,.T.);
#2898=EDGE_CURVE('',#4080,#4079,#283,.T.);
#2899=EDGE_CURVE('',#4074,#4080,#4842,.T.);
#2900=EDGE_CURVE('',#4081,#4082,#4843,.T.);
#2901=EDGE_CURVE('',#4081,#4083,#4844,.T.);
#2902=EDGE_CURVE('',#4084,#4083,#4845,.T.);
#2903=EDGE_CURVE('',#4084,#4085,#4846,.T.);
#2904=EDGE_CURVE('',#4085,#4086,#4847,.T.);
#2905=EDGE_CURVE('',#4086,#4087,#4848,.T.);
#2906=EDGE_CURVE('',#4088,#4087,#4849,.T.);
#2907=EDGE_CURVE('',#4088,#4089,#4850,.F.);
#2908=EDGE_CURVE('',#4089,#4090,#4851,.T.);
#2909=EDGE_CURVE('',#4091,#4090,#4852,.T.);
#2910=EDGE_CURVE('',#4092,#4091,#4853,.T.);
#2911=EDGE_CURVE('',#4092,#4093,#4854,.T.);
#2912=EDGE_CURVE('',#4093,#4094,#4855,.T.);
#2913=EDGE_CURVE('',#4094,#4095,#4856,.T.);
#2914=EDGE_CURVE('',#4096,#4095,#4857,.T.);
#2915=EDGE_CURVE('',#4096,#4097,#4858,.F.);
#2916=EDGE_CURVE('',#4097,#4098,#4859,.T.);
#2917=EDGE_CURVE('',#4099,#4098,#4860,.T.);
#2918=EDGE_CURVE('',#4100,#4099,#4861,.T.);
#2919=EDGE_CURVE('',#4082,#4100,#4862,.T.);
#2920=EDGE_CURVE('',#4101,#4101,#284,.T.);
#2921=EDGE_CURVE('',#4102,#4102,#285,.T.);
#2922=EDGE_CURVE('',#4103,#4103,#286,.T.);
#2923=EDGE_CURVE('',#4104,#4104,#287,.T.);
#2924=EDGE_CURVE('',#4105,#4106,#4863,.T.);
#2925=EDGE_CURVE('',#4106,#4107,#288,.T.);
#2926=EDGE_CURVE('',#4107,#4108,#4864,.T.);
#2927=EDGE_CURVE('',#4108,#4109,#289,.F.);
#2928=EDGE_CURVE('',#4109,#4110,#290,.F.);
#2929=EDGE_CURVE('',#4110,#4111,#291,.T.);
#2930=EDGE_CURVE('',#4111,#4112,#292,.F.);
#2931=EDGE_CURVE('',#4112,#4113,#4865,.T.);
#2932=EDGE_CURVE('',#4113,#4114,#293,.F.);
#2933=EDGE_CURVE('',#4114,#4115,#294,.T.);
#2934=EDGE_CURVE('',#4115,#4116,#295,.F.);
#2935=EDGE_CURVE('',#4116,#4117,#296,.F.);
#2936=EDGE_CURVE('',#4118,#4117,#4866,.T.);
#2937=EDGE_CURVE('',#4118,#4119,#297,.T.);
#2938=EDGE_CURVE('',#4120,#4119,#4867,.T.);
#2939=EDGE_CURVE('',#4120,#4121,#298,.T.);
#2940=EDGE_CURVE('',#4121,#4122,#4868,.T.);
#2941=EDGE_CURVE('',#4122,#4123,#299,.F.);
#2942=EDGE_CURVE('',#4123,#4124,#4869,.T.);
#2943=EDGE_CURVE('',#4125,#4124,#300,.T.);
#2944=EDGE_CURVE('',#4126,#4125,#4870,.T.);
#2945=EDGE_CURVE('',#4126,#4127,#4871,.T.);
#2946=EDGE_CURVE('',#4127,#4128,#4872,.T.);
#2947=EDGE_CURVE('',#4128,#4129,#301,.F.);
#2948=EDGE_CURVE('',#4129,#4130,#302,.T.);
#2949=EDGE_CURVE('',#4130,#4131,#303,.F.);
#2950=EDGE_CURVE('',#4132,#4131,#4873,.T.);
#2951=EDGE_CURVE('',#4132,#4133,#4874,.T.);
#2952=EDGE_CURVE('',#4134,#4133,#4875,.T.);
#2953=EDGE_CURVE('',#4135,#4134,#4876,.T.);
#2954=EDGE_CURVE('',#4135,#4136,#304,.T.);
#2955=EDGE_CURVE('',#4137,#4136,#4877,.T.);
#2956=EDGE_CURVE('',#4137,#4138,#4878,.T.);
#2957=EDGE_CURVE('',#4138,#4139,#305,.T.);
#2958=EDGE_CURVE('',#4140,#4139,#4879,.T.);
#2959=EDGE_CURVE('',#4140,#4141,#306,.T.);
#2960=EDGE_CURVE('',#4141,#4142,#4880,.T.);
#2961=EDGE_CURVE('',#4142,#4143,#307,.F.);
#2962=EDGE_CURVE('',#4143,#4144,#4881,.T.);
#2963=EDGE_CURVE('',#4144,#4145,#308,.F.);
#2964=EDGE_CURVE('',#4146,#4145,#4882,.T.);
#2965=EDGE_CURVE('',#4146,#4072,#309,.T.);
#2966=EDGE_CURVE('',#4071,#4147,#310,.T.);
#2967=EDGE_CURVE('',#4148,#4147,#4883,.T.);
#2968=EDGE_CURVE('',#4148,#4149,#311,.F.);
#2969=EDGE_CURVE('',#4150,#4149,#4884,.T.);
#2970=EDGE_CURVE('',#4150,#4151,#312,.F.);
#2971=EDGE_CURVE('',#4152,#4151,#4885,.T.);
#2972=EDGE_CURVE('',#4152,#4153,#313,.T.);
#2973=EDGE_CURVE('',#4154,#4153,#4886,.T.);
#2974=EDGE_CURVE('',#4154,#4155,#314,.T.);
#2975=EDGE_CURVE('',#4155,#4156,#4887,.T.);
#2976=EDGE_CURVE('',#4156,#4157,#4888,.T.);
#2977=EDGE_CURVE('',#4157,#4158,#315,.T.);
#2978=EDGE_CURVE('',#4158,#4159,#4889,.T.);
#2979=EDGE_CURVE('',#4159,#4160,#4890,.T.);
#2980=EDGE_CURVE('',#4160,#4161,#4891,.T.);
#2981=EDGE_CURVE('',#4161,#4162,#4892,.T.);
#2982=EDGE_CURVE('',#4162,#4163,#316,.F.);
#2983=EDGE_CURVE('',#4163,#4164,#317,.T.);
#2984=EDGE_CURVE('',#4164,#4165,#318,.F.);
#2985=EDGE_CURVE('',#4166,#4165,#4893,.T.);
#2986=EDGE_CURVE('',#4167,#4166,#4894,.T.);
#2987=EDGE_CURVE('',#4168,#4167,#4895,.T.);
#2988=EDGE_CURVE('',#4169,#4168,#319,.T.);
#2989=EDGE_CURVE('',#4169,#4170,#4896,.T.);
#2990=EDGE_CURVE('',#4170,#4171,#320,.F.);
#2991=EDGE_CURVE('',#4172,#4171,#4897,.T.);
#2992=EDGE_CURVE('',#4172,#4105,#321,.T.);
#2993=EDGE_CURVE('',#4153,#4173,#4898,.F.);
#2994=EDGE_CURVE('',#4173,#4174,#4899,.F.);
#2995=EDGE_CURVE('',#4175,#4174,#4900,.T.);
#2996=EDGE_CURVE('',#4175,#4176,#4901,.T.);
#2997=EDGE_CURVE('',#4177,#4176,#322,.T.);
#2998=EDGE_CURVE('',#4177,#4178,#4902,.T.);
#2999=EDGE_CURVE('',#4179,#4178,#323,.T.);
#3000=EDGE_CURVE('',#4179,#4154,#4903,.T.);
#3001=EDGE_CURVE('',#4180,#4181,#4904,.T.);
#3002=EDGE_CURVE('',#4181,#4182,#4905,.F.);
#3003=EDGE_CURVE('',#4182,#4183,#4906,.T.);
#3004=EDGE_CURVE('',#4183,#4184,#4907,.F.);
#3005=EDGE_CURVE('',#4185,#4184,#4908,.T.);
#3006=EDGE_CURVE('',#4186,#4185,#324,.T.);
#3007=EDGE_CURVE('',#4187,#4186,#4909,.T.);
#3008=EDGE_CURVE('',#4188,#4187,#325,.T.);
#3009=EDGE_CURVE('',#4188,#4189,#4910,.T.);
#3010=EDGE_CURVE('',#4190,#4189,#326,.T.);
#3011=EDGE_CURVE('',#4191,#4190,#327,.T.);
#3012=EDGE_CURVE('',#4192,#4191,#4911,.T.);
#3013=EDGE_CURVE('',#4192,#4193,#4912,.T.);
#3014=EDGE_CURVE('',#4193,#4194,#328,.F.);
#3015=EDGE_CURVE('',#4194,#4195,#4913,.T.);
#3016=EDGE_CURVE('',#4195,#4196,#4914,.T.);
#3017=EDGE_CURVE('',#4197,#4196,#4915,.T.);
#3018=EDGE_CURVE('',#4198,#4197,#4916,.T.);
#3019=EDGE_CURVE('',#4198,#4199,#4917,.T.);
#3020=EDGE_CURVE('',#4199,#4200,#4918,.T.);
#3021=EDGE_CURVE('',#4200,#4201,#4919,.T.);
#3022=EDGE_CURVE('',#4202,#4201,#4920,.T.);
#3023=EDGE_CURVE('',#4203,#4202,#4921,.T.);
#3024=EDGE_CURVE('',#4204,#4203,#4922,.T.);
#3025=EDGE_CURVE('',#4204,#4205,#4923,.T.);
#3026=EDGE_CURVE('',#4205,#4206,#4924,.T.);
#3027=EDGE_CURVE('',#4206,#4207,#4925,.T.);
#3028=EDGE_CURVE('',#4208,#4207,#4926,.T.);
#3029=EDGE_CURVE('',#4209,#4208,#4927,.T.);
#3030=EDGE_CURVE('',#4209,#4210,#329,.F.);
#3031=EDGE_CURVE('',#4211,#4210,#4928,.T.);
#3032=EDGE_CURVE('',#4212,#4211,#4929,.T.);
#3033=EDGE_CURVE('',#4213,#4212,#330,.T.);
#3034=EDGE_CURVE('',#4214,#4213,#331,.T.);
#3035=EDGE_CURVE('',#4215,#4214,#4930,.T.);
#3036=EDGE_CURVE('',#4216,#4215,#332,.T.);
#3037=EDGE_CURVE('',#4217,#4216,#4931,.T.);
#3038=EDGE_CURVE('',#4218,#4217,#333,.T.);
#3039=EDGE_CURVE('',#4218,#4219,#4932,.T.);
#3040=EDGE_CURVE('',#4219,#4220,#4933,.F.);
#3041=EDGE_CURVE('',#4220,#4221,#4934,.T.);
#3042=EDGE_CURVE('',#4221,#4180,#4935,.F.);
#3043=EDGE_CURVE('',#4180,#4070,#334,.T.);
#3044=EDGE_CURVE('',#4069,#4181,#335,.F.);
#3045=EDGE_CURVE('',#4222,#4223,#78,.T.);
#3046=EDGE_CURVE('',#4222,#4224,#336,.T.);
#3047=EDGE_CURVE('',#4223,#4224,#4936,.F.);
#3048=EDGE_CURVE('',#4173,#4225,#337,.F.);
#3049=EDGE_CURVE('',#4174,#4225,#79,.T.);
#3050=EDGE_CURVE('',#4226,#4227,#338,.T.);
#3051=EDGE_CURVE('',#4226,#4170,#4937,.T.);
#3052=EDGE_CURVE('',#4228,#4169,#4938,.T.);
#3053=EDGE_CURVE('',#4229,#4228,#339,.T.);
#3054=EDGE_CURVE('',#4229,#4227,#4939,.T.);
#3055=EDGE_CURVE('',#4230,#4231,#4940,.T.);
#3056=EDGE_CURVE('',#4232,#4231,#4941,.T.);
#3057=EDGE_CURVE('',#4232,#4233,#4942,.T.);
#3058=EDGE_CURVE('',#4233,#4234,#4943,.T.);
#3059=EDGE_CURVE('',#4235,#4234,#340,.T.);
#3060=EDGE_CURVE('',#4236,#4235,#4944,.T.);
#3061=EDGE_CURVE('',#4237,#4236,#341,.T.);
#3062=EDGE_CURVE('',#4238,#4237,#4945,.T.);
#3063=EDGE_CURVE('',#4239,#4238,#342,.F.);
#3064=EDGE_CURVE('',#4239,#4240,#4946,.T.);
#3065=EDGE_CURVE('',#4240,#4241,#4947,.T.);
#3066=EDGE_CURVE('',#4241,#4242,#4948,.T.);
#3067=EDGE_CURVE('',#4242,#4243,#343,.T.);
#3068=EDGE_CURVE('',#4243,#4244,#344,.F.);
#3069=EDGE_CURVE('',#4244,#4245,#345,.T.);
#3070=EDGE_CURVE('',#4246,#4245,#4949,.T.);
#3071=EDGE_CURVE('',#4247,#4246,#346,.T.);
#3072=EDGE_CURVE('',#4248,#4247,#4950,.T.);
#3073=EDGE_CURVE('',#4249,#4248,#4951,.T.);
#3074=EDGE_CURVE('',#4249,#4250,#4952,.T.);
#3075=EDGE_CURVE('',#4250,#4251,#34,.T.);
#3076=EDGE_CURVE('',#4252,#4251,#4953,.T.);
#3077=EDGE_CURVE('',#4252,#4253,#347,.F.);
#3078=EDGE_CURVE('',#4254,#4253,#4954,.T.);
#3079=EDGE_CURVE('',#4254,#4255,#348,.F.);
#3080=EDGE_CURVE('',#4255,#4256,#4955,.T.);
#3081=EDGE_CURVE('',#4256,#4257,#4956,.T.);
#3082=EDGE_CURVE('',#4257,#4258,#4957,.T.);
#3083=EDGE_CURVE('',#4259,#4258,#4958,.T.);
#3084=EDGE_CURVE('',#4259,#4260,#35,.T.);
#3085=EDGE_CURVE('',#4261,#4260,#4959,.T.);
#3086=EDGE_CURVE('',#4261,#4262,#4960,.T.);
#3087=EDGE_CURVE('',#4263,#4262,#4961,.T.);
#3088=EDGE_CURVE('',#4263,#4264,#349,.T.);
#3089=EDGE_CURVE('',#4264,#4265,#4962,.T.);
#3090=EDGE_CURVE('',#4265,#4266,#350,.T.);
#3091=EDGE_CURVE('',#4266,#4267,#351,.F.);
#3092=EDGE_CURVE('',#4267,#4268,#352,.T.);
#3093=EDGE_CURVE('',#4269,#4268,#4963,.T.);
#3094=EDGE_CURVE('',#4270,#4269,#4964,.T.);
#3095=EDGE_CURVE('',#4270,#4271,#4965,.T.);
#3096=EDGE_CURVE('',#4272,#4271,#353,.F.);
#3097=EDGE_CURVE('',#4272,#4273,#4966,.T.);
#3098=EDGE_CURVE('',#4274,#4273,#354,.T.);
#3099=EDGE_CURVE('',#4275,#4274,#4967,.T.);
#3100=EDGE_CURVE('',#4276,#4275,#355,.T.);
#3101=EDGE_CURVE('',#4277,#4276,#4968,.T.);
#3102=EDGE_CURVE('',#4277,#4278,#4969,.F.);
#3103=EDGE_CURVE('',#4278,#4279,#4970,.T.);
#3104=EDGE_CURVE('',#4279,#4280,#4971,.T.);
#3105=EDGE_CURVE('',#4281,#4280,#4972,.T.);
#3106=EDGE_CURVE('',#4281,#4282,#4973,.T.);
#3107=EDGE_CURVE('',#4282,#4283,#356,.F.);
#3108=EDGE_CURVE('',#4284,#4283,#4974,.T.);
#3109=EDGE_CURVE('',#4284,#4285,#357,.F.);
#3110=EDGE_CURVE('',#4286,#4285,#4975,.T.);
#3111=EDGE_CURVE('',#4286,#4287,#358,.T.);
#3112=EDGE_CURVE('',#4287,#4288,#359,.T.);
#3113=EDGE_CURVE('',#4288,#4289,#360,.F.);
#3114=EDGE_CURVE('',#4289,#4290,#361,.T.);
#3115=EDGE_CURVE('',#4290,#4291,#4976,.T.);
#3116=EDGE_CURVE('',#4291,#4292,#362,.T.);
#3117=EDGE_CURVE('',#4292,#4293,#363,.F.);
#3118=EDGE_CURVE('',#4293,#4294,#364,.T.);
#3119=EDGE_CURVE('',#4294,#4295,#365,.T.);
#3120=EDGE_CURVE('',#4295,#4296,#4977,.T.);
#3121=EDGE_CURVE('',#4296,#4297,#366,.F.);
#3122=EDGE_CURVE('',#4297,#4298,#4978,.T.);
#3123=EDGE_CURVE('',#4298,#4299,#367,.F.);
#3124=EDGE_CURVE('',#4300,#4299,#4979,.T.);
#3125=EDGE_CURVE('',#4300,#4301,#368,.T.);
#3126=EDGE_CURVE('',#4301,#4230,#4980,.T.);
#3127=EDGE_CURVE('',#4302,#4303,#4981,.T.);
#3128=EDGE_CURVE('',#4303,#4304,#4982,.T.);
#3129=EDGE_CURVE('',#4304,#4305,#4983,.T.);
#3130=EDGE_CURVE('',#4305,#4306,#4984,.T.);
#3131=EDGE_CURVE('',#4306,#4307,#4985,.T.);
#3132=EDGE_CURVE('',#4307,#4308,#4986,.T.);
#3133=EDGE_CURVE('',#4309,#4308,#369,.T.);
#3134=EDGE_CURVE('',#4309,#4310,#4987,.T.);
#3135=EDGE_CURVE('',#4311,#4310,#370,.T.);
#3136=EDGE_CURVE('',#4311,#4302,#4988,.T.);
#3137=EDGE_CURVE('',#4312,#4312,#80,.T.);
#3138=EDGE_CURVE('',#4313,#4313,#371,.F.);
#3139=EDGE_CURVE('',#4314,#4314,#81,.T.);
#3140=EDGE_CURVE('',#4315,#4315,#372,.T.);
#3141=EDGE_CURVE('',#4316,#4085,#4989,.T.);
#3142=EDGE_CURVE('',#4316,#4086,#373,.F.);
#3143=EDGE_CURVE('',#4089,#4317,#374,.F.);
#3144=EDGE_CURVE('',#4090,#4317,#4990,.T.);
#3145=EDGE_CURVE('',#4318,#4093,#4991,.T.);
#3146=EDGE_CURVE('',#4318,#4094,#375,.F.);
#3147=EDGE_CURVE('',#4319,#4320,#4992,.T.);
#3148=EDGE_CURVE('',#4321,#4319,#4993,.T.);
#3149=EDGE_CURVE('',#4321,#4320,#376,.F.);
#3150=EDGE_CURVE('',#4322,#4323,#4994,.T.);
#3151=EDGE_CURVE('',#4322,#4324,#377,.F.);
#3152=EDGE_CURVE('',#4323,#4324,#4995,.T.);
#3153=EDGE_CURVE('',#4325,#4326,#4996,.T.);
#3154=EDGE_CURVE('',#4327,#4325,#4997,.T.);
#3155=EDGE_CURVE('',#4327,#4326,#378,.F.);
#3156=EDGE_CURVE('',#4328,#4329,#4998,.T.);
#3157=EDGE_CURVE('',#4328,#4330,#4999,.T.);
#3158=EDGE_CURVE('',#4330,#4329,#379,.F.);
#3159=EDGE_CURVE('',#4331,#4332,#380,.F.);
#3160=EDGE_CURVE('',#4332,#4333,#5000,.T.);
#3161=EDGE_CURVE('',#4331,#4333,#5001,.T.);
#3162=EDGE_CURVE('',#4334,#4335,#5002,.T.);
#3163=EDGE_CURVE('',#4334,#4336,#5003,.T.);
#3164=EDGE_CURVE('',#4336,#4335,#381,.F.);
#3165=EDGE_CURVE('',#4337,#4338,#382,.F.);
#3166=EDGE_CURVE('',#4338,#4339,#5004,.T.);
#3167=EDGE_CURVE('',#4337,#4339,#5005,.T.);
#3168=EDGE_CURVE('',#4340,#4341,#5006,.T.);
#3169=EDGE_CURVE('',#4342,#4340,#5007,.T.);
#3170=EDGE_CURVE('',#4342,#4341,#383,.F.);
#3171=EDGE_CURVE('',#4343,#4344,#5008,.T.);
#3172=EDGE_CURVE('',#4343,#4345,#384,.F.);
#3173=EDGE_CURVE('',#4344,#4345,#5009,.T.);
#3174=EDGE_CURVE('',#4346,#4347,#5010,.T.);
#3175=EDGE_CURVE('',#4348,#4346,#5011,.T.);
#3176=EDGE_CURVE('',#4348,#4347,#385,.F.);
#3177=EDGE_CURVE('',#4349,#4350,#5012,.T.);
#3178=EDGE_CURVE('',#4349,#4351,#5013,.T.);
#3179=EDGE_CURVE('',#4351,#4352,#5014,.T.);
#3180=EDGE_CURVE('',#4352,#4353,#5015,.T.);
#3181=EDGE_CURVE('',#4353,#4354,#5016,.T.);
#3182=EDGE_CURVE('',#4355,#4354,#5017,.T.);
#3183=EDGE_CURVE('',#4355,#4316,#5018,.F.);
#3184=EDGE_CURVE('',#4084,#4356,#5019,.T.);
#3185=EDGE_CURVE('',#4356,#4357,#5020,.T.);
#3186=EDGE_CURVE('',#4350,#4357,#386,.T.);
#3187=EDGE_CURVE('',#4358,#4359,#5021,.T.);
#3188=EDGE_CURVE('',#4358,#4360,#5022,.T.);
#3189=EDGE_CURVE('',#4360,#4361,#387,.T.);
#3190=EDGE_CURVE('',#4362,#4361,#5023,.T.);
#3191=EDGE_CURVE('',#4091,#4362,#5024,.T.);
#3192=EDGE_CURVE('',#4317,#4363,#5025,.T.);
#3193=EDGE_CURVE('',#4363,#4364,#5026,.T.);
#3194=EDGE_CURVE('',#4364,#4327,#5027,.F.);
#3195=EDGE_CURVE('',#4359,#4325,#5028,.T.);
#3196=EDGE_CURVE('',#4365,#4366,#5029,.T.);
#3197=EDGE_CURVE('',#4365,#4367,#5030,.T.);
#3198=EDGE_CURVE('',#4367,#4323,#5031,.T.);
#3199=EDGE_CURVE('',#4324,#4368,#5032,.T.);
#3200=EDGE_CURVE('',#4369,#4368,#5033,.T.);
#3201=EDGE_CURVE('',#4369,#4318,#5034,.F.);
#3202=EDGE_CURVE('',#4092,#4370,#5035,.T.);
#3203=EDGE_CURVE('',#4370,#4371,#5036,.T.);
#3204=EDGE_CURVE('',#4366,#4371,#388,.T.);
#3205=EDGE_CURVE('',#4372,#4373,#5037,.T.);
#3206=EDGE_CURVE('',#4372,#4374,#5038,.T.);
#3207=EDGE_CURVE('',#4374,#4375,#389,.T.);
#3208=EDGE_CURVE('',#4376,#4375,#5039,.T.);
#3209=EDGE_CURVE('',#4099,#4376,#5040,.T.);
#3210=EDGE_CURVE('',#4098,#4377,#5041,.T.);
#3211=EDGE_CURVE('',#4377,#4378,#5042,.T.);
#3212=EDGE_CURVE('',#4378,#4379,#5043,.T.);
#3213=EDGE_CURVE('',#4379,#4321,#5044,.F.);
#3214=EDGE_CURVE('',#4373,#4319,#5045,.T.);
#3215=EDGE_CURVE('',#4380,#4381,#5046,.T.);
#3216=EDGE_CURVE('',#4380,#4382,#5047,.T.);
#3217=EDGE_CURVE('',#4382,#4383,#5048,.T.);
#3218=EDGE_CURVE('',#4384,#4383,#5049,.T.);
#3219=EDGE_CURVE('',#4384,#4385,#5050,.T.);
#3220=EDGE_CURVE('',#4385,#4381,#5051,.T.);
#3221=EDGE_CURVE('',#4386,#4387,#5052,.T.);
#3222=EDGE_CURVE('',#4387,#4388,#5053,.F.);
#3223=EDGE_CURVE('',#4389,#4388,#5054,.T.);
#3224=EDGE_CURVE('',#4390,#4389,#390,.T.);
#3225=EDGE_CURVE('',#4391,#4390,#5055,.T.);
#3226=EDGE_CURVE('',#4392,#4391,#391,.T.);
#3227=EDGE_CURVE('',#4393,#4392,#5056,.T.);
#3228=EDGE_CURVE('',#4393,#4394,#5057,.F.);
#3229=EDGE_CURVE('',#4394,#4395,#5058,.T.);
#3230=EDGE_CURVE('',#4395,#4396,#392,.F.);
#3231=EDGE_CURVE('',#4396,#4397,#5059,.T.);
#3232=EDGE_CURVE('',#4397,#4386,#393,.F.);
#3233=EDGE_CURVE('',#4112,#4291,#5060,.T.);
#3234=EDGE_CURVE('',#4290,#4113,#5061,.F.);
#3235=EDGE_CURVE('',#4123,#4398,#5062,.F.);
#3236=EDGE_CURVE('',#4399,#4398,#394,.T.);
#3237=EDGE_CURVE('',#4399,#4400,#5063,.T.);
#3238=EDGE_CURVE('',#4401,#4400,#395,.T.);
#3239=EDGE_CURVE('',#4401,#4124,#5064,.T.);
#3240=EDGE_CURVE('',#4165,#4242,#5065,.F.);
#3241=EDGE_CURVE('',#4241,#4166,#5066,.T.);
#3242=EDGE_CURVE('',#4268,#4128,#5067,.F.);
#3243=EDGE_CURVE('',#4269,#4127,#5068,.T.);
#3244=EDGE_CURVE('',#4131,#4265,#5069,.F.);
#3245=EDGE_CURVE('',#4264,#4402,#5070,.T.);
#3246=EDGE_CURVE('',#4403,#4402,#82,.T.);
#3247=EDGE_CURVE('',#4404,#4403,#36,.T.);
#3248=EDGE_CURVE('',#4404,#4132,#5071,.T.);
#3249=EDGE_CURVE('',#4087,#4355,#396,.T.);
#3250=EDGE_CURVE('',#4354,#4405,#397,.T.);
#3251=EDGE_CURVE('',#4405,#4406,#5072,.T.);
#3252=EDGE_CURVE('',#4406,#4364,#398,.T.);
#3253=EDGE_CURVE('',#4363,#4088,#399,.T.);
#3254=EDGE_CURVE('',#4368,#4407,#400,.T.);
#3255=EDGE_CURVE('',#4407,#4408,#5073,.T.);
#3256=EDGE_CURVE('',#4408,#4379,#401,.T.);
#3257=EDGE_CURVE('',#4378,#4096,#402,.T.);
#3258=EDGE_CURVE('',#4095,#4369,#403,.T.);
#3259=EDGE_CURVE('',#4409,#4410,#5074,.T.);
#3260=EDGE_CURVE('',#4410,#4411,#404,.T.);
#3261=EDGE_CURVE('',#4411,#4412,#5075,.T.);
#3262=EDGE_CURVE('',#4412,#4413,#405,.T.);
#3263=EDGE_CURVE('',#4414,#4413,#5076,.T.);
#3264=EDGE_CURVE('',#4414,#4415,#406,.T.);
#3265=EDGE_CURVE('',#4416,#4415,#5077,.T.);
#3266=EDGE_CURVE('',#4416,#4409,#407,.T.);
#3267=EDGE_CURVE('',#4417,#4418,#5078,.T.);
#3268=EDGE_CURVE('',#4418,#4419,#408,.T.);
#3269=EDGE_CURVE('',#4420,#4419,#5079,.T.);
#3270=EDGE_CURVE('',#4420,#4421,#409,.T.);
#3271=EDGE_CURVE('',#4422,#4421,#5080,.T.);
#3272=EDGE_CURVE('',#4422,#4423,#410,.T.);
#3273=EDGE_CURVE('',#4423,#4424,#5081,.T.);
#3274=EDGE_CURVE('',#4424,#4417,#411,.T.);
#3275=EDGE_CURVE('',#4184,#4425,#37,.F.);
#3276=EDGE_CURVE('',#4425,#4426,#412,.F.);
#3277=EDGE_CURVE('',#4427,#4426,#5082,.T.);
#3278=EDGE_CURVE('',#4427,#4428,#38,.T.);
#3279=EDGE_CURVE('',#4429,#4428,#5083,.T.);
#3280=EDGE_CURVE('',#4430,#4429,#5084,.T.);
#3281=EDGE_CURVE('',#4430,#4281,#5085,.T.);
#3282=EDGE_CURVE('',#4280,#4431,#413,.T.);
#3283=EDGE_CURVE('',#4431,#4432,#5086,.T.);
#3284=EDGE_CURVE('',#4433,#4432,#5087,.T.);
#3285=EDGE_CURVE('',#4434,#4433,#5088,.T.);
#3286=EDGE_CURVE('',#4434,#4435,#5089,.T.);
#3287=EDGE_CURVE('',#4436,#4435,#414,.T.);
#3288=EDGE_CURVE('',#4436,#4437,#5090,.T.);
#3289=EDGE_CURVE('',#4438,#4437,#415,.T.);
#3290=EDGE_CURVE('',#4438,#4439,#5091,.T.);
#3291=EDGE_CURVE('',#4440,#4439,#5092,.T.);
#3292=EDGE_CURVE('',#4441,#4440,#5093,.T.);
#3293=EDGE_CURVE('',#4441,#4442,#5094,.T.);
#3294=EDGE_CURVE('',#4442,#4443,#5095,.T.);
#3295=EDGE_CURVE('',#4443,#4444,#5096,.F.);
#3296=EDGE_CURVE('',#4444,#4277,#416,.T.);
#3297=EDGE_CURVE('',#4276,#4185,#5097,.T.);
#3298=EDGE_CURVE('',#4445,#4446,#5098,.F.);
#3299=EDGE_CURVE('',#4445,#4228,#83,.T.);
#3300=EDGE_CURVE('',#4239,#4168,#5099,.T.);
#3301=EDGE_CURVE('',#4238,#4447,#5100,.T.);
#3302=EDGE_CURVE('',#4447,#4446,#84,.T.);
#3303=EDGE_CURVE('',#4190,#4448,#5101,.T.);
#3304=EDGE_CURVE('',#4449,#4189,#5102,.T.);
#3305=EDGE_CURVE('',#4449,#4448,#85,.T.);
#3306=EDGE_CURVE('',#4450,#4213,#5103,.F.);
#3307=EDGE_CURVE('',#4450,#4451,#86,.T.);
#3308=EDGE_CURVE('',#4451,#4214,#5104,.T.);
#3309=EDGE_CURVE('',#4452,#4453,#5105,.T.);
#3310=EDGE_CURVE('',#4452,#4454,#5106,.F.);
#3311=EDGE_CURVE('',#4455,#4454,#5107,.T.);
#3312=EDGE_CURVE('',#4455,#4254,#5108,.T.);
#3313=EDGE_CURVE('',#4253,#4453,#5109,.F.);
#3314=EDGE_CURVE('',#4456,#4457,#5110,.T.);
#3315=EDGE_CURVE('',#4456,#4452,#417,.T.);
#3316=EDGE_CURVE('',#4453,#4458,#418,.T.);
#3317=EDGE_CURVE('',#4458,#4459,#5111,.T.);
#3318=EDGE_CURVE('',#4459,#4460,#39,.F.);
#3319=EDGE_CURVE('',#4461,#4460,#5112,.T.);
#3320=EDGE_CURVE('',#4461,#4462,#5113,.T.);
#3321=EDGE_CURVE('',#4463,#4462,#5114,.T.);
#3322=EDGE_CURVE('',#4464,#4463,#5115,.T.);
#3323=EDGE_CURVE('',#4464,#4465,#5116,.T.);
#3324=EDGE_CURVE('',#4465,#4466,#5117,.T.);
#3325=EDGE_CURVE('',#4466,#4467,#5118,.T.);
#3326=EDGE_CURVE('',#4467,#4468,#419,.F.);
#3327=EDGE_CURVE('',#4468,#4469,#5119,.T.);
#3328=EDGE_CURVE('',#4469,#4470,#420,.F.);
#3329=EDGE_CURVE('',#4471,#4470,#5120,.T.);
#3330=EDGE_CURVE('',#4381,#4471,#5121,.T.);
#3331=EDGE_CURVE('',#4385,#4472,#5122,.T.);
#3332=EDGE_CURVE('',#4473,#4472,#5123,.T.);
#3333=EDGE_CURVE('',#4474,#4473,#5124,.T.);
#3334=EDGE_CURVE('',#4474,#4475,#5125,.T.);
#3335=EDGE_CURVE('',#4475,#4476,#40,.F.);
#3336=EDGE_CURVE('',#4477,#4476,#5126,.T.);
#3337=EDGE_CURVE('',#4457,#4477,#5127,.T.);
#3338=EDGE_CURVE('',#4477,#4257,#5128,.T.);
#3339=EDGE_CURVE('',#4476,#4478,#41,.T.);
#3340=EDGE_CURVE('',#4258,#4478,#5129,.T.);
#3341=EDGE_CURVE('',#4460,#4250,#5130,.F.);
#3342=EDGE_CURVE('',#4461,#4249,#5131,.T.);
#3343=EDGE_CURVE('',#4479,#4479,#421,.T.);
#3344=EDGE_CURVE('',#4480,#4480,#422,.T.);
#3345=EDGE_CURVE('',#4481,#4482,#5132,.F.);
#3346=EDGE_CURVE('',#4481,#4483,#87,.T.);
#3347=EDGE_CURVE('',#4484,#4483,#5133,.T.);
#3348=EDGE_CURVE('',#4482,#4484,#423,.F.);
#3349=EDGE_CURVE('',#4485,#4486,#5134,.T.);
#3350=EDGE_CURVE('',#4485,#4487,#5135,.T.);
#3351=EDGE_CURVE('',#4486,#4487,#5136,.T.);
#3352=EDGE_CURVE('',#4488,#4489,#5137,.F.);
#3353=EDGE_CURVE('',#4490,#4488,#5138,.T.);
#3354=EDGE_CURVE('',#4490,#4491,#424,.T.);
#3355=EDGE_CURVE('',#4491,#4492,#5139,.T.);
#3356=EDGE_CURVE('',#4493,#4492,#5140,.F.);
#3357=EDGE_CURVE('',#4489,#4493,#5141,.F.);
#3358=EDGE_CURVE('',#4494,#4495,#5142,.T.);
#3359=EDGE_CURVE('',#4496,#4494,#5143,.T.);
#3360=EDGE_CURVE('',#4495,#4496,#5144,.T.);
#3361=EDGE_CURVE('',#4497,#4498,#5145,.T.);
#3362=EDGE_CURVE('',#4498,#4499,#5146,.T.);
#3363=EDGE_CURVE('',#4499,#4500,#5147,.T.);
#3364=EDGE_CURVE('',#4495,#4500,#5148,.T.);
#3365=EDGE_CURVE('',#4501,#4496,#5149,.T.);
#3366=EDGE_CURVE('',#4202,#4501,#5150,.T.);
#3367=EDGE_CURVE('',#4201,#4502,#5151,.T.);
#3368=EDGE_CURVE('',#4502,#4503,#5152,.T.);
#3369=EDGE_CURVE('',#4504,#4503,#5153,.T.);
#3370=EDGE_CURVE('',#4504,#4505,#5154,.T.);
#3371=EDGE_CURVE('',#4505,#4506,#5155,.T.);
#3372=EDGE_CURVE('',#4497,#4506,#5156,.T.);
#3373=EDGE_CURVE('',#4507,#4508,#88,.T.);
#3374=EDGE_CURVE('',#4509,#4507,#5157,.T.);
#3375=EDGE_CURVE('',#4510,#4509,#89,.T.);
#3376=EDGE_CURVE('',#4511,#4510,#90,.T.);
#3377=EDGE_CURVE('',#4511,#4512,#5158,.T.);
#3378=EDGE_CURVE('',#4508,#4512,#425,.F.);
#3379=EDGE_CURVE('',#4513,#4161,#5159,.T.);
#3380=EDGE_CURVE('',#4161,#4463,#5160,.T.);
#3381=EDGE_CURVE('',#4462,#4514,#5161,.T.);
#3382=EDGE_CURVE('',#4513,#4514,#5162,.F.);
#3383=EDGE_CURVE('',#4515,#4483,#91,.T.);
#3384=EDGE_CURVE('',#4513,#4515,#42,.T.);
#3385=EDGE_CURVE('',#4514,#4484,#426,.F.);
#3386=EDGE_CURVE('',#4516,#4516,#427,.T.);
#3387=EDGE_CURVE('',#4517,#4247,#5163,.F.);
#3388=EDGE_CURVE('',#4517,#4481,#92,.T.);
#3389=EDGE_CURVE('',#4248,#4482,#5164,.T.);
#3390=EDGE_CURVE('',#4518,#4519,#5165,.T.);
#3391=EDGE_CURVE('',#4518,#4520,#428,.F.);
#3392=EDGE_CURVE('',#4520,#4521,#5166,.T.);
#3393=EDGE_CURVE('',#4521,#4522,#5167,.F.);
#3394=EDGE_CURVE('',#4522,#4523,#5168,.F.);
#3395=EDGE_CURVE('',#4523,#4519,#5169,.F.);
#3396=EDGE_CURVE('',#4524,#4525,#5170,.F.);
#3397=EDGE_CURVE('',#4524,#4523,#43,.T.);
#3398=EDGE_CURVE('',#4522,#4526,#44,.T.);
#3399=EDGE_CURVE('',#4527,#4526,#5171,.T.);
#3400=EDGE_CURVE('',#4525,#4527,#45,.T.);
#3401=EDGE_CURVE('',#4525,#4528,#46,.F.);
#3402=EDGE_CURVE('',#4529,#4527,#5172,.F.);
#3403=EDGE_CURVE('',#4530,#4529,#47,.T.);
#3404=EDGE_CURVE('',#4528,#4530,#5173,.T.);
#3405=EDGE_CURVE('',#4531,#4532,#5174,.T.);
#3406=EDGE_CURVE('',#4532,#4533,#5175,.T.);
#3407=EDGE_CURVE('',#4534,#4533,#5176,.T.);
#3408=EDGE_CURVE('',#4534,#4535,#5177,.T.);
#3409=EDGE_CURVE('',#4535,#4531,#5178,.T.);
#3410=EDGE_CURVE('',#4528,#4536,#5179,.T.);
#3411=EDGE_CURVE('',#4530,#4536,#5180,.T.);
#3412=EDGE_CURVE('',#4537,#4160,#48,.T.);
#3413=EDGE_CURVE('',#4538,#4537,#93,.T.);
#3414=EDGE_CURVE('',#4539,#4538,#5181,.T.);
#3415=EDGE_CURVE('',#4539,#4463,#429,.T.);
#3416=EDGE_CURVE('',#4540,#4521,#49,.T.);
#3417=EDGE_CURVE('',#4520,#4541,#5182,.F.);
#3418=EDGE_CURVE('',#4541,#4542,#5183,.T.);
#3419=EDGE_CURVE('',#4542,#4543,#50,.T.);
#3420=EDGE_CURVE('',#4544,#4543,#5184,.T.);
#3421=EDGE_CURVE('',#4544,#4545,#5185,.T.);
#3422=EDGE_CURVE('',#4546,#4545,#5186,.T.);
#3423=EDGE_CURVE('',#4546,#4547,#5187,.T.);
#3424=EDGE_CURVE('',#4547,#4540,#5188,.T.);
#3425=EDGE_CURVE('',#4548,#4549,#5189,.T.);
#3426=EDGE_CURVE('',#4548,#4471,#430,.F.);
#3427=EDGE_CURVE('',#4470,#4549,#94,.T.);
#3428=EDGE_CURVE('',#4550,#4551,#5190,.T.);
#3429=EDGE_CURVE('',#4550,#4548,#5191,.T.);
#3430=EDGE_CURVE('',#4549,#4551,#51,.F.);
#3431=EDGE_CURVE('',#4552,#4553,#5192,.T.);
#3432=EDGE_CURVE('',#4552,#4490,#5193,.T.);
#3433=EDGE_CURVE('',#4554,#4488,#52,.T.);
#3434=EDGE_CURVE('',#4555,#4554,#5194,.T.);
#3435=EDGE_CURVE('',#4556,#4555,#5195,.T.);
#3436=EDGE_CURVE('',#4557,#4556,#5196,.T.);
#3437=EDGE_CURVE('',#4557,#4550,#5197,.T.);
#3438=EDGE_CURVE('',#4551,#4553,#53,.F.);
#3439=EDGE_CURVE('',#4498,#4558,#5198,.F.);
#3440=EDGE_CURVE('',#4558,#4559,#5199,.T.);
#3441=EDGE_CURVE('',#4559,#4542,#5200,.T.);
#3442=EDGE_CURVE('',#4541,#4560,#431,.F.);
#3443=EDGE_CURVE('',#4561,#4560,#5201,.T.);
#3444=EDGE_CURVE('',#4561,#4562,#5202,.T.);
#3445=EDGE_CURVE('',#4562,#4563,#5203,.T.);
#3446=EDGE_CURVE('',#4563,#4564,#5204,.F.);
#3447=EDGE_CURVE('',#4564,#4565,#5205,.T.);
#3448=EDGE_CURVE('',#4565,#4566,#5206,.T.);
#3449=EDGE_CURVE('',#4567,#4566,#5207,.T.);
#3450=EDGE_CURVE('',#4568,#4567,#5208,.T.);
#3451=EDGE_CURVE('',#4568,#4569,#432,.F.);
#3452=EDGE_CURVE('',#4569,#4570,#5209,.F.);
#3453=EDGE_CURVE('',#4570,#4571,#433,.F.);
#3454=EDGE_CURVE('',#4571,#4499,#5210,.T.);
#3455=EDGE_CURVE('',#4205,#4572,#5211,.T.);
#3456=EDGE_CURVE('',#4573,#4572,#5212,.T.);
#3457=EDGE_CURVE('',#4573,#4574,#95,.T.);
#3458=EDGE_CURVE('',#4206,#4574,#5213,.T.);
#3459=EDGE_CURVE('',#4494,#4501,#5214,.T.);
#3460=EDGE_CURVE('',#4574,#4575,#96,.T.);
#3461=EDGE_CURVE('',#4207,#4575,#5215,.T.);
#3462=EDGE_CURVE('',#4572,#4576,#5216,.T.);
#3463=EDGE_CURVE('',#4500,#4576,#5217,.T.);
#3464=EDGE_CURVE('',#4571,#4577,#5218,.F.);
#3465=EDGE_CURVE('',#4577,#4578,#97,.T.);
#3466=EDGE_CURVE('',#4578,#4573,#5219,.T.);
#3467=EDGE_CURVE('',#4575,#4579,#98,.T.);
#3468=EDGE_CURVE('',#4580,#4573,#99,.T.);
#3469=EDGE_CURVE('',#4580,#4579,#100,.T.);
#3470=EDGE_CURVE('',#4538,#4580,#101,.T.);
#3471=EDGE_CURVE('',#4581,#4537,#102,.T.);
#3472=EDGE_CURVE('',#4579,#4581,#103,.F.);
#3473=EDGE_CURVE('',#4578,#4582,#104,.T.);
#3474=EDGE_CURVE('',#4582,#4539,#434,.F.);
#3475=EDGE_CURVE('',#4208,#4159,#5220,.T.);
#3476=EDGE_CURVE('',#4583,#4529,#5221,.T.);
#3477=EDGE_CURVE('',#4583,#4584,#5222,.T.);
#3478=EDGE_CURVE('',#4584,#4568,#5223,.F.);
#3479=EDGE_CURVE('',#4567,#4536,#5224,.T.);
#3480=EDGE_CURVE('',#4553,#4585,#5225,.F.);
#3481=EDGE_CURVE('',#4586,#4585,#5226,.T.);
#3482=EDGE_CURVE('',#4586,#4497,#5227,.F.);
#3483=EDGE_CURVE('',#4587,#4506,#5228,.T.);
#3484=EDGE_CURVE('',#4587,#4588,#435,.T.);
#3485=EDGE_CURVE('',#4588,#4589,#5229,.T.);
#3486=EDGE_CURVE('',#4589,#4590,#436,.T.);
#3487=EDGE_CURVE('',#4590,#4591,#5230,.T.);
#3488=EDGE_CURVE('',#4591,#4592,#5231,.T.);
#3489=EDGE_CURVE('',#4593,#4592,#5232,.T.);
#3490=EDGE_CURVE('',#4594,#4593,#5233,.T.);
#3491=EDGE_CURVE('',#4595,#4594,#5234,.F.);
#3492=EDGE_CURVE('',#4596,#4595,#5235,.T.);
#3493=EDGE_CURVE('',#4597,#4596,#5236,.T.);
#3494=EDGE_CURVE('',#4597,#4598,#5237,.T.);
#3495=EDGE_CURVE('',#4598,#4552,#437,.T.);
#3496=EDGE_CURVE('',#4200,#4502,#5238,.T.);
#3497=EDGE_CURVE('',#4505,#4599,#5239,.T.);
#3498=EDGE_CURVE('',#4599,#4600,#5240,.T.);
#3499=EDGE_CURVE('',#4509,#4600,#5241,.T.);
#3500=EDGE_CURVE('',#4601,#4507,#105,.T.);
#3501=EDGE_CURVE('',#4601,#4587,#5242,.T.);
#3502=EDGE_CURVE('',#4199,#4599,#5243,.T.);
#3503=EDGE_CURVE('',#4602,#4504,#5244,.T.);
#3504=EDGE_CURVE('',#4602,#4502,#5245,.T.);
#3505=EDGE_CURVE('',#4591,#4487,#5246,.T.);
#3506=EDGE_CURVE('',#4590,#4603,#5247,.T.);
#3507=EDGE_CURVE('',#4604,#4603,#5248,.T.);
#3508=EDGE_CURVE('',#4604,#4605,#5249,.T.);
#3509=EDGE_CURVE('',#4486,#4605,#54,.T.);
#3510=EDGE_CURVE('',#4473,#4606,#5250,.T.);
#3511=EDGE_CURVE('',#4606,#4607,#438,.F.);
#3512=EDGE_CURVE('',#4608,#4607,#439,.F.);
#3513=EDGE_CURVE('',#4262,#4608,#5251,.T.);
#3514=EDGE_CURVE('',#4474,#4261,#5252,.T.);
#3515=EDGE_CURVE('',#4468,#4609,#5253,.F.);
#3516=EDGE_CURVE('',#4609,#4610,#5254,.T.);
#3517=EDGE_CURVE('',#4610,#4469,#5255,.T.);
#3518=EDGE_CURVE('',#4511,#4611,#106,.T.);
#3519=EDGE_CURVE('',#4611,#4133,#55,.T.);
#3520=EDGE_CURVE('',#4472,#4132,#5256,.T.);
#3521=EDGE_CURVE('',#4512,#4472,#440,.T.);
#3522=EDGE_CURVE('',#4606,#4404,#5257,.F.);
#3523=EDGE_CURVE('',#4403,#4612,#107,.T.);
#3524=EDGE_CURVE('',#4612,#4607,#5258,.T.);
#3525=EDGE_CURVE('',#4608,#4613,#5259,.F.);
#3526=EDGE_CURVE('',#4613,#4612,#108,.T.);
#3527=EDGE_CURVE('',#4614,#4614,#441,.T.);
#3528=EDGE_CURVE('',#4615,#4613,#109,.T.);
#3529=EDGE_CURVE('',#4615,#4263,#5260,.F.);
#3530=EDGE_CURVE('',#4194,#4135,#5261,.T.);
#3531=EDGE_CURVE('',#4195,#4134,#5262,.T.);
#3532=EDGE_CURVE('',#4616,#4616,#442,.T.);
#3533=EDGE_CURVE('',#4136,#4193,#5263,.F.);
#3534=EDGE_CURVE('',#4192,#4137,#5264,.T.);
#3535=EDGE_CURVE('',#4191,#4138,#5265,.T.);
#3536=EDGE_CURVE('',#4212,#4155,#5266,.T.);
#3537=EDGE_CURVE('',#4211,#4156,#5267,.T.);
#3538=EDGE_CURVE('',#4210,#4157,#5268,.T.);
#3539=EDGE_CURVE('',#4158,#4209,#5269,.F.);
#3540=EDGE_CURVE('',#4617,#4617,#443,.T.);
#3541=EDGE_CURVE('',#4270,#4126,#5270,.T.);
#3542=EDGE_CURVE('',#4271,#4125,#5271,.T.);
#3543=EDGE_CURVE('',#4240,#4167,#5272,.T.);
#3544=EDGE_CURVE('',#4402,#4615,#110,.T.);
#3545=EDGE_CURVE('',#4478,#4259,#5273,.F.);
#3546=EDGE_CURVE('',#4618,#4619,#5274,.T.);
#3547=EDGE_CURVE('',#4618,#4544,#5275,.T.);
#3548=EDGE_CURVE('',#4543,#4619,#56,.T.);
#3549=EDGE_CURVE('',#4466,#4618,#444,.T.);
#3550=EDGE_CURVE('',#4619,#4467,#111,.T.);
#3551=EDGE_CURVE('',#4260,#4475,#5276,.T.);
#3552=EDGE_CURVE('',#4558,#4586,#5277,.T.);
#3553=EDGE_CURVE('',#4585,#4610,#445,.T.);
#3554=EDGE_CURVE('',#4609,#4559,#446,.T.);
#3555=EDGE_CURVE('',#4569,#4620,#5278,.F.);
#3556=EDGE_CURVE('',#4620,#4621,#5279,.F.);
#3557=EDGE_CURVE('',#4621,#4570,#5280,.F.);
#3558=EDGE_CURVE('',#4588,#4622,#5281,.F.);
#3559=EDGE_CURVE('',#4623,#4622,#5282,.F.);
#3560=EDGE_CURVE('',#4623,#4589,#5283,.F.);
#3561=EDGE_CURVE('',#4622,#4601,#447,.T.);
#3562=EDGE_CURVE('',#4621,#4577,#448,.T.);
#3563=EDGE_CURVE('',#4603,#4623,#449,.T.);
#3564=EDGE_CURVE('',#4584,#4620,#450,.T.);
#3565=EDGE_CURVE('',#4624,#4557,#5284,.T.);
#3566=EDGE_CURVE('',#4380,#4624,#5285,.T.);
#3567=EDGE_CURVE('',#4625,#4465,#5286,.T.);
#3568=EDGE_CURVE('',#4625,#4626,#5287,.T.);
#3569=EDGE_CURVE('',#4626,#4545,#5288,.T.);
#3570=EDGE_CURVE('',#4627,#4628,#5289,.T.);
#3571=EDGE_CURVE('',#4625,#4627,#5290,.T.);
#3572=EDGE_CURVE('',#4629,#4464,#5291,.T.);
#3573=EDGE_CURVE('',#4629,#4628,#5292,.T.);
#3574=EDGE_CURVE('',#4518,#4560,#5293,.T.);
#3575=EDGE_CURVE('',#4491,#4598,#5294,.T.);
#3576=EDGE_CURVE('',#4630,#4527,#5295,.T.);
#3577=EDGE_CURVE('',#4631,#4526,#5296,.T.);
#3578=EDGE_CURVE('',#4631,#4630,#5297,.T.);
#3579=EDGE_CURVE('',#4526,#4540,#5298,.T.);
#3580=EDGE_CURVE('',#4547,#4631,#5299,.T.);
#3581=EDGE_CURVE('',#4630,#4583,#5300,.T.);
#3582=EDGE_CURVE('',#4632,#4633,#5301,.T.);
#3583=EDGE_CURVE('',#4633,#4629,#5302,.T.);
#3584=EDGE_CURVE('',#4582,#4634,#451,.F.);
#3585=EDGE_CURVE('',#4634,#4635,#5303,.T.);
#3586=EDGE_CURVE('',#4635,#4636,#452,.F.);
#3587=EDGE_CURVE('',#4636,#4632,#5304,.T.);
#3588=EDGE_CURVE('',#4634,#4621,#5305,.T.);
#3589=EDGE_CURVE('',#4635,#4620,#5306,.T.);
#3590=EDGE_CURVE('',#4636,#4584,#5307,.T.);
#3591=EDGE_CURVE('',#4632,#4583,#5308,.T.);
#3592=EDGE_CURVE('',#4633,#4630,#5309,.T.);
#3593=EDGE_CURVE('',#4637,#4631,#5310,.T.);
#3594=EDGE_CURVE('',#4628,#4637,#5311,.T.);
#3595=EDGE_CURVE('',#4532,#4547,#5312,.F.);
#3596=EDGE_CURVE('',#4637,#4531,#5313,.T.);
#3597=EDGE_CURVE('',#4533,#4546,#5314,.T.);
#3598=EDGE_CURVE('',#4638,#4565,#5315,.T.);
#3599=EDGE_CURVE('',#4564,#4639,#5316,.T.);
#3600=EDGE_CURVE('',#4639,#4638,#5317,.T.);
#3601=EDGE_CURVE('',#4640,#4563,#5318,.T.);
#3602=EDGE_CURVE('',#4562,#4641,#5319,.T.);
#3603=EDGE_CURVE('',#4641,#4640,#5320,.T.);
#3604=EDGE_CURVE('',#4519,#4642,#5321,.T.);
#3605=EDGE_CURVE('',#4642,#4643,#5322,.T.);
#3606=EDGE_CURVE('',#4643,#4561,#5323,.T.);
#3607=EDGE_CURVE('',#4644,#4645,#5324,.T.);
#3608=EDGE_CURVE('',#4645,#4524,#5325,.T.);
#3609=EDGE_CURVE('',#4566,#4644,#5326,.T.);
#3610=EDGE_CURVE('',#4646,#4647,#5327,.T.);
#3611=EDGE_CURVE('',#4647,#4648,#5328,.T.);
#3612=EDGE_CURVE('',#4648,#4649,#5329,.T.);
#3613=EDGE_CURVE('',#4649,#4646,#5330,.T.);
#3614=EDGE_CURVE('',#4639,#4640,#5331,.F.);
#3615=EDGE_CURVE('',#4639,#4649,#5332,.F.);
#3616=EDGE_CURVE('',#4649,#4640,#5333,.F.);
#3617=EDGE_CURVE('',#4641,#4643,#5334,.T.);
#3618=EDGE_CURVE('',#4646,#4641,#5335,.T.);
#3619=EDGE_CURVE('',#4638,#4648,#5336,.T.);
#3620=EDGE_CURVE('',#4644,#4638,#5337,.T.);
#3621=EDGE_CURVE('',#4646,#4643,#5338,.T.);
#3622=EDGE_CURVE('',#4644,#4648,#5339,.T.);
#3623=EDGE_CURVE('',#4647,#4642,#5340,.F.);
#3624=EDGE_CURVE('',#4645,#4647,#5341,.F.);
#3625=EDGE_CURVE('',#4645,#4642,#5342,.T.);
#3626=EDGE_CURVE('',#4650,#4651,#5343,.F.);
#3627=EDGE_CURVE('',#4651,#4652,#5344,.F.);
#3628=EDGE_CURVE('',#4650,#4652,#5345,.F.);
#3629=EDGE_CURVE('',#4650,#4653,#5346,.T.);
#3630=EDGE_CURVE('',#4653,#4654,#5347,.T.);
#3631=EDGE_CURVE('',#4654,#4651,#5348,.T.);
#3632=EDGE_CURVE('',#4655,#4653,#5349,.T.);
#3633=EDGE_CURVE('',#4655,#4654,#5350,.T.);
#3634=EDGE_CURVE('',#4651,#4656,#5351,.T.);
#3635=EDGE_CURVE('',#4656,#4657,#5352,.T.);
#3636=EDGE_CURVE('',#4657,#4652,#5353,.T.);
#3637=EDGE_CURVE('',#4656,#4658,#5354,.T.);
#3638=EDGE_CURVE('',#4658,#4654,#5355,.T.);
#3639=EDGE_CURVE('',#4656,#4659,#5356,.T.);
#3640=EDGE_CURVE('',#4657,#4659,#5357,.T.);
#3641=EDGE_CURVE('',#4660,#4661,#5358,.T.);
#3642=EDGE_CURVE('',#4662,#4660,#5359,.T.);
#3643=EDGE_CURVE('',#4662,#4663,#5360,.T.);
#3644=EDGE_CURVE('',#4661,#4663,#5361,.T.);
#3645=EDGE_CURVE('',#4652,#4595,#5362,.T.);
#3646=EDGE_CURVE('',#4594,#4650,#5363,.T.);
#3647=EDGE_CURVE('',#4555,#4662,#5364,.T.);
#3648=EDGE_CURVE('',#4663,#4554,#5365,.T.);
#3649=EDGE_CURVE('',#4660,#4604,#5366,.T.);
#3650=EDGE_CURVE('',#4605,#4661,#5367,.F.);
#3651=EDGE_CURVE('',#4664,#4662,#5368,.T.);
#3652=EDGE_CURVE('',#4664,#4665,#5369,.T.);
#3653=EDGE_CURVE('',#4665,#4666,#5370,.T.);
#3654=EDGE_CURVE('',#4666,#4555,#5371,.F.);
#3655=EDGE_CURVE('',#4667,#4665,#5372,.T.);
#3656=EDGE_CURVE('',#4668,#4667,#5373,.T.);
#3657=EDGE_CURVE('',#4668,#4669,#5374,.T.);
#3658=EDGE_CURVE('',#4666,#4669,#5375,.T.);
#3659=EDGE_CURVE('',#4669,#4556,#5376,.T.);
#3660=EDGE_CURVE('',#4670,#4658,#5377,.F.);
#3661=EDGE_CURVE('',#4670,#4671,#5378,.T.);
#3662=EDGE_CURVE('',#4658,#4671,#5379,.F.);
#3663=EDGE_CURVE('',#4653,#4593,#5380,.T.);
#3664=EDGE_CURVE('',#4592,#4655,#5381,.T.);
#3665=EDGE_CURVE('',#4655,#4670,#5382,.T.);
#3666=EDGE_CURVE('',#4672,#4660,#5383,.T.);
#3667=EDGE_CURVE('',#4672,#4384,#5384,.T.);
#3668=EDGE_CURVE('',#4383,#4664,#5385,.T.);
#3669=EDGE_CURVE('',#4673,#4622,#5386,.T.);
#3670=EDGE_CURVE('',#4673,#4674,#5387,.T.);
#3671=EDGE_CURVE('',#4674,#4623,#5388,.T.);
#3672=EDGE_CURVE('',#4674,#4675,#453,.F.);
#3673=EDGE_CURVE('',#4675,#4603,#5389,.T.);
#3674=EDGE_CURVE('',#4675,#4676,#5390,.T.);
#3675=EDGE_CURVE('',#4676,#4604,#5391,.T.);
#3676=EDGE_CURVE('',#4676,#4672,#5392,.T.);
#3677=EDGE_CURVE('',#4596,#4657,#5393,.T.);
#3678=EDGE_CURVE('',#4671,#4659,#5394,.T.);
#3679=EDGE_CURVE('',#4659,#4597,#5395,.T.);
#3680=EDGE_CURVE('',#4508,#4673,#454,.F.);
#3681=EDGE_CURVE('',#4492,#4671,#5396,.T.);
#3682=EDGE_CURVE('',#4677,#4485,#57,.F.);
#3683=EDGE_CURVE('',#4678,#4677,#5397,.F.);
#3684=EDGE_CURVE('',#4670,#4678,#5398,.T.);
#3685=EDGE_CURVE('',#4678,#4493,#58,.T.);
#3686=EDGE_CURVE('',#4677,#4661,#59,.T.);
#3687=EDGE_CURVE('',#4489,#4663,#60,.T.);
#3688=EDGE_CURVE('',#4245,#4162,#5399,.T.);
#3689=EDGE_CURVE('',#4515,#4679,#112,.T.);
#3690=EDGE_CURVE('',#4246,#4679,#5400,.T.);
#3691=EDGE_CURVE('',#4679,#4517,#113,.T.);
#3692=EDGE_CURVE('',#4680,#4681,#114,.F.);
#3693=EDGE_CURVE('',#4510,#4681,#115,.T.);
#3694=EDGE_CURVE('',#4509,#4682,#116,.T.);
#3695=EDGE_CURVE('',#4682,#4680,#117,.T.);
#3696=EDGE_CURVE('',#4681,#4683,#118,.T.);
#3697=EDGE_CURVE('',#4683,#4611,#119,.T.);
#3698=EDGE_CURVE('',#4600,#4198,#5401,.T.);
#3699=EDGE_CURVE('',#4197,#4682,#5402,.T.);
#3700=EDGE_CURVE('',#4196,#4680,#5403,.T.);
#3701=EDGE_CURVE('',#4503,#4602,#5404,.T.);
#3702=EDGE_CURVE('',#4203,#4501,#5405,.T.);
#3703=EDGE_CURVE('',#4576,#4204,#5406,.T.);
#3704=EDGE_CURVE('',#4273,#4188,#5407,.T.);
#3705=EDGE_CURVE('',#4272,#4684,#5408,.T.);
#3706=EDGE_CURVE('',#4684,#4449,#61,.F.);
#3707=EDGE_CURVE('',#4274,#4187,#5409,.T.);
#3708=EDGE_CURVE('',#4275,#4186,#5410,.T.);
#3709=EDGE_CURVE('',#4426,#4222,#120,.T.);
#3710=EDGE_CURVE('',#4223,#4685,#5411,.F.);
#3711=EDGE_CURVE('',#4685,#4427,#121,.T.);
#3712=EDGE_CURVE('',#4235,#4217,#5412,.T.);
#3713=EDGE_CURVE('',#4236,#4216,#5413,.T.);
#3714=EDGE_CURVE('',#4237,#4215,#5414,.T.);
#3715=EDGE_CURVE('',#4451,#4447,#62,.T.);
#3716=EDGE_CURVE('',#4225,#4686,#122,.T.);
#3717=EDGE_CURVE('',#4687,#4686,#5415,.T.);
#3718=EDGE_CURVE('',#4687,#4175,#123,.T.);
#3719=EDGE_CURVE('',#4686,#4688,#455,.T.);
#3720=EDGE_CURVE('',#4688,#4219,#63,.T.);
#3721=EDGE_CURVE('',#4234,#4218,#5416,.T.);
#3722=EDGE_CURVE('',#4233,#4689,#456,.F.);
#3723=EDGE_CURVE('',#4689,#4690,#5417,.T.);
#3724=EDGE_CURVE('',#4691,#4690,#5418,.T.);
#3725=EDGE_CURVE('',#4082,#4691,#5419,.T.);
#3726=EDGE_CURVE('',#4100,#4692,#5420,.T.);
#3727=EDGE_CURVE('',#4692,#4693,#5421,.T.);
#3728=EDGE_CURVE('',#4694,#4693,#457,.T.);
#3729=EDGE_CURVE('',#4695,#4694,#5422,.T.);
#3730=EDGE_CURVE('',#4696,#4695,#5423,.T.);
#3731=EDGE_CURVE('',#4696,#4697,#5424,.T.);
#3732=EDGE_CURVE('',#4697,#4698,#5425,.T.);
#3733=EDGE_CURVE('',#4698,#4230,#458,.F.);
#3734=EDGE_CURVE('',#4301,#4699,#5426,.T.);
#3735=EDGE_CURVE('',#4699,#4687,#64,.F.);
#3736=EDGE_CURVE('',#4251,#4459,#5427,.T.);
#3737=EDGE_CURVE('',#4458,#4252,#5428,.T.);
#3738=EDGE_CURVE('',#4457,#4256,#5429,.T.);
#3739=EDGE_CURVE('',#4700,#4701,#5430,.T.);
#3740=EDGE_CURVE('',#4700,#4456,#5431,.F.);
#3741=EDGE_CURVE('',#4255,#4701,#5432,.F.);
#3742=EDGE_CURVE('',#4701,#4455,#459,.F.);
#3743=EDGE_CURVE('',#4454,#4700,#460,.T.);
#3744=EDGE_CURVE('',#4702,#4703,#124,.T.);
#3745=EDGE_CURVE('',#4702,#4139,#5433,.T.);
#3746=EDGE_CURVE('',#4448,#4704,#125,.T.);
#3747=EDGE_CURVE('',#4704,#4703,#5434,.T.);
#3748=EDGE_CURVE('',#4705,#4706,#5435,.F.);
#3749=EDGE_CURVE('',#4706,#4450,#126,.T.);
#3750=EDGE_CURVE('',#4705,#4179,#127,.T.);
#3751=EDGE_CURVE('',#4401,#4707,#128,.T.);
#3752=EDGE_CURVE('',#4708,#4707,#5436,.T.);
#3753=EDGE_CURVE('',#4708,#4684,#129,.T.);
#3754=EDGE_CURVE('',#4224,#4140,#5437,.T.);
#3755=EDGE_CURVE('',#4709,#4702,#461,.T.);
#3756=EDGE_CURVE('',#4709,#4710,#5438,.T.);
#3757=EDGE_CURVE('',#4711,#4710,#462,.T.);
#3758=EDGE_CURVE('',#4711,#4685,#5439,.T.);
#3759=EDGE_CURVE('',#4704,#4708,#5440,.F.);
#3760=EDGE_CURVE('',#4707,#4703,#5441,.T.);
#3761=EDGE_CURVE('',#4399,#4710,#5442,.T.);
#3762=EDGE_CURVE('',#4400,#4709,#5443,.T.);
#3763=EDGE_CURVE('',#4712,#4711,#5444,.T.);
#3764=EDGE_CURVE('',#4712,#4713,#5445,.T.);
#3765=EDGE_CURVE('',#4713,#4685,#5446,.T.);
#3766=EDGE_CURVE('',#4398,#4712,#130,.T.);
#3767=EDGE_CURVE('',#4446,#4706,#5447,.T.);
#3768=EDGE_CURVE('',#4445,#4705,#5448,.T.);
#3769=EDGE_CURVE('',#4229,#4178,#5449,.T.);
#3770=EDGE_CURVE('',#4175,#4714,#5450,.F.);
#3771=EDGE_CURVE('',#4714,#4715,#5451,.T.);
#3772=EDGE_CURVE('',#4715,#4176,#5452,.T.);
#3773=EDGE_CURVE('',#4227,#4177,#5453,.T.);
#3774=EDGE_CURVE('',#4715,#4226,#131,.T.);
#3775=EDGE_CURVE('',#4699,#4714,#132,.T.);
#3776=EDGE_CURVE('',#4428,#4716,#463,.T.);
#3777=EDGE_CURVE('',#4713,#4717,#133,.T.);
#3778=EDGE_CURVE('',#4716,#4717,#65,.F.);
#3779=EDGE_CURVE('',#4419,#4342,#5454,.F.);
#3780=EDGE_CURVE('',#4718,#4340,#5455,.T.);
#3781=EDGE_CURVE('',#4718,#4719,#464,.T.);
#3782=EDGE_CURVE('',#4720,#4719,#5456,.T.);
#3783=EDGE_CURVE('',#4720,#4721,#465,.T.);
#3784=EDGE_CURVE('',#4722,#4721,#5457,.T.);
#3785=EDGE_CURVE('',#4722,#4723,#5458,.T.);
#3786=EDGE_CURVE('',#4723,#4328,#5459,.T.);
#3787=EDGE_CURVE('',#4329,#4420,#5460,.T.);
#3788=EDGE_CURVE('',#4413,#4348,#5461,.F.);
#3789=EDGE_CURVE('',#4724,#4346,#5462,.T.);
#3790=EDGE_CURVE('',#4724,#4725,#466,.T.);
#3791=EDGE_CURVE('',#4726,#4725,#5463,.T.);
#3792=EDGE_CURVE('',#4726,#4727,#467,.T.);
#3793=EDGE_CURVE('',#4728,#4727,#5464,.T.);
#3794=EDGE_CURVE('',#4728,#4729,#5465,.T.);
#3795=EDGE_CURVE('',#4729,#4334,#5466,.T.);
#3796=EDGE_CURVE('',#4335,#4414,#5467,.T.);
#3797=EDGE_CURVE('',#4345,#4424,#5468,.T.);
#3798=EDGE_CURVE('',#4423,#4331,#5469,.F.);
#3799=EDGE_CURVE('',#4730,#4333,#5470,.T.);
#3800=EDGE_CURVE('',#4731,#4730,#5471,.T.);
#3801=EDGE_CURVE('',#4731,#4732,#5472,.T.);
#3802=EDGE_CURVE('',#4733,#4732,#468,.T.);
#3803=EDGE_CURVE('',#4733,#4734,#5473,.T.);
#3804=EDGE_CURVE('',#4735,#4734,#469,.T.);
#3805=EDGE_CURVE('',#4735,#4344,#5474,.T.);
#3806=EDGE_CURVE('',#4736,#4737,#5475,.T.);
#3807=EDGE_CURVE('',#4737,#4410,#5476,.T.);
#3808=EDGE_CURVE('',#4409,#4337,#5477,.F.);
#3809=EDGE_CURVE('',#4738,#4339,#5478,.T.);
#3810=EDGE_CURVE('',#4739,#4738,#5479,.T.);
#3811=EDGE_CURVE('',#4739,#4740,#5480,.T.);
#3812=EDGE_CURVE('',#4741,#4740,#470,.T.);
#3813=EDGE_CURVE('',#4741,#4742,#5481,.T.);
#3814=EDGE_CURVE('',#4743,#4742,#471,.T.);
#3815=EDGE_CURVE('',#4743,#4736,#5482,.T.);
#3816=EDGE_CURVE('',#4741,#4437,#5483,.T.);
#3817=EDGE_CURVE('',#4742,#4436,#5484,.T.);
#3818=EDGE_CURVE('',#4740,#4438,#5485,.T.);
#3819=EDGE_CURVE('',#4739,#4439,#5486,.T.);
#3820=EDGE_CURVE('',#4738,#4440,#5487,.T.);
#3821=EDGE_CURVE('',#4743,#4435,#5488,.T.);
#3822=EDGE_CURVE('',#4734,#4725,#5489,.T.);
#3823=EDGE_CURVE('',#4733,#4726,#5490,.T.);
#3824=EDGE_CURVE('',#4732,#4727,#5491,.T.);
#3825=EDGE_CURVE('',#4731,#4728,#5492,.T.);
#3826=EDGE_CURVE('',#4730,#4729,#5493,.T.);
#3827=EDGE_CURVE('',#4735,#4724,#5494,.T.);
#3828=EDGE_CURVE('',#4744,#4718,#5495,.T.);
#3829=EDGE_CURVE('',#4744,#4745,#472,.T.);
#3830=EDGE_CURVE('',#4745,#4719,#5496,.T.);
#3831=EDGE_CURVE('',#4746,#4722,#5497,.T.);
#3832=EDGE_CURVE('',#4746,#4747,#5498,.T.);
#3833=EDGE_CURVE('',#4747,#4723,#5499,.T.);
#3834=EDGE_CURVE('',#4748,#4721,#5500,.T.);
#3835=EDGE_CURVE('',#4746,#4748,#5501,.T.);
#3836=EDGE_CURVE('',#4749,#4720,#5502,.T.);
#3837=EDGE_CURVE('',#4749,#4748,#473,.T.);
#3838=EDGE_CURVE('',#4749,#4745,#5503,.T.);
#3839=EDGE_CURVE('',#4376,#4692,#5504,.T.);
#3840=EDGE_CURVE('',#4375,#4693,#5505,.T.);
#3841=EDGE_CURVE('',#4374,#4694,#5506,.T.);
#3842=EDGE_CURVE('',#4372,#4695,#5507,.T.);
#3843=EDGE_CURVE('',#4362,#4370,#5508,.T.);
#3844=EDGE_CURVE('',#4361,#4371,#5509,.T.);
#3845=EDGE_CURVE('',#4360,#4366,#5510,.T.);
#3846=EDGE_CURVE('',#4358,#4365,#5511,.T.);
#3847=EDGE_CURVE('',#4750,#4350,#5512,.T.);
#3848=EDGE_CURVE('',#4750,#4751,#5513,.T.);
#3849=EDGE_CURVE('',#4751,#4349,#5514,.T.);
#3850=EDGE_CURVE('',#4752,#4357,#5515,.T.);
#3851=EDGE_CURVE('',#4752,#4750,#474,.F.);
#3852=EDGE_CURVE('',#4753,#4356,#5516,.T.);
#3853=EDGE_CURVE('',#4752,#4753,#5517,.T.);
#3854=EDGE_CURVE('',#4753,#4083,#5518,.T.);
#3855=EDGE_CURVE('',#4097,#4377,#475,.F.);
#3856=EDGE_CURVE('',#4405,#4754,#5519,.F.);
#3857=EDGE_CURVE('',#4754,#4352,#5520,.T.);
#3858=EDGE_CURVE('',#4359,#4351,#5521,.T.);
#3859=EDGE_CURVE('',#4326,#4406,#5522,.T.);
#3860=EDGE_CURVE('',#4407,#4322,#5523,.F.);
#3861=EDGE_CURVE('',#4373,#4367,#5524,.T.);
#3862=EDGE_CURVE('',#4320,#4408,#5525,.T.);
#3863=EDGE_CURVE('',#4754,#4353,#476,.F.);
#3864=EDGE_CURVE('',#4421,#4330,#5526,.F.);
#3865=EDGE_CURVE('',#4755,#4747,#5527,.T.);
#3866=EDGE_CURVE('',#4755,#4441,#5528,.T.);
#3867=EDGE_CURVE('',#4338,#4416,#5529,.T.);
#3868=EDGE_CURVE('',#4415,#4336,#5530,.F.);
#3869=EDGE_CURVE('',#4332,#4422,#5531,.T.);
#3870=EDGE_CURVE('',#4417,#4343,#5532,.F.);
#3871=EDGE_CURVE('',#4347,#4412,#5533,.T.);
#3872=EDGE_CURVE('',#4411,#4756,#5534,.F.);
#3873=EDGE_CURVE('',#4756,#4736,#5535,.T.);
#3874=EDGE_CURVE('',#4757,#4434,#5536,.T.);
#3875=EDGE_CURVE('',#4757,#4744,#5537,.T.);
#3876=EDGE_CURVE('',#4341,#4418,#5538,.T.);
#3877=EDGE_CURVE('',#4756,#4737,#477,.F.);
#3878=EDGE_CURVE('',#4431,#4758,#5539,.F.);
#3879=EDGE_CURVE('',#4759,#4758,#5540,.T.);
#3880=EDGE_CURVE('',#4432,#4759,#5541,.T.);
#3881=EDGE_CURVE('',#4443,#4760,#5542,.T.);
#3882=EDGE_CURVE('',#4761,#4760,#5543,.F.);
#3883=EDGE_CURVE('',#4761,#4444,#5544,.F.);
#3884=EDGE_CURVE('',#4762,#4697,#5545,.T.);
#3885=EDGE_CURVE('',#4762,#4763,#5546,.T.);
#3886=EDGE_CURVE('',#4763,#4698,#5547,.F.);
#3887=EDGE_CURVE('',#4689,#4764,#5548,.F.);
#3888=EDGE_CURVE('',#4765,#4764,#5549,.T.);
#3889=EDGE_CURVE('',#4690,#4765,#5550,.T.);
#3890=EDGE_CURVE('',#4758,#4279,#478,.F.);
#3891=EDGE_CURVE('',#4278,#4761,#479,.F.);
#3892=EDGE_CURVE('',#4764,#4232,#480,.T.);
#3893=EDGE_CURVE('',#4763,#4231,#481,.F.);
#3894=EDGE_CURVE('',#4766,#4766,#482,.F.);
#3895=EDGE_CURVE('',#4243,#4164,#5551,.T.);
#3896=EDGE_CURVE('',#4163,#4244,#5552,.F.);
#3897=EDGE_CURVE('',#4767,#4767,#483,.F.);
#3898=EDGE_CURVE('',#4266,#4130,#5553,.T.);
#3899=EDGE_CURVE('',#4129,#4267,#5554,.F.);
#3900=EDGE_CURVE('',#4768,#4768,#484,.F.);
#3901=EDGE_CURVE('',#4114,#4289,#5555,.F.);
#3902=EDGE_CURVE('',#4288,#4115,#5556,.T.);
#3903=EDGE_CURVE('',#4769,#4769,#485,.F.);
#3904=EDGE_CURVE('',#4110,#4293,#5557,.F.);
#3905=EDGE_CURVE('',#4292,#4111,#5558,.T.);
#3906=EDGE_CURVE('',#4109,#4294,#5559,.F.);
#3907=EDGE_CURVE('',#4287,#4116,#5560,.T.);
#3908=EDGE_CURVE('',#4770,#4637,#5561,.T.);
#3909=EDGE_CURVE('',#4627,#4770,#5562,.T.);
#3910=EDGE_CURVE('',#4770,#4535,#5563,.T.);
#3911=EDGE_CURVE('',#4771,#4546,#5564,.T.);
#3912=EDGE_CURVE('',#4534,#4771,#5565,.T.);
#3913=EDGE_CURVE('',#4771,#4626,#5566,.T.);
#3914=EDGE_CURVE('',#4772,#4556,#5567,.T.);
#3915=EDGE_CURVE('',#4624,#4772,#5568,.T.);
#3916=EDGE_CURVE('',#4668,#4772,#5569,.T.);
#3917=EDGE_CURVE('',#4773,#4664,#5570,.T.);
#3918=EDGE_CURVE('',#4773,#4667,#5571,.T.);
#3919=EDGE_CURVE('',#4382,#4773,#5572,.T.);
#3920=EDGE_CURVE('',#4774,#4775,#5573,.T.);
#3921=EDGE_CURVE('',#4774,#4776,#486,.T.);
#3922=EDGE_CURVE('',#4776,#4777,#5574,.T.);
#3923=EDGE_CURVE('',#4777,#4304,#5575,.T.);
#3924=EDGE_CURVE('',#4303,#4775,#487,.F.);
#3925=EDGE_CURVE('',#4778,#4779,#5576,.T.);
#3926=EDGE_CURVE('',#4778,#4774,#5577,.T.);
#3927=EDGE_CURVE('',#4775,#4779,#5578,.F.);
#3928=EDGE_CURVE('',#4780,#4781,#5579,.T.);
#3929=EDGE_CURVE('',#4781,#4778,#488,.T.);
#3930=EDGE_CURVE('',#4779,#4782,#5580,.F.);
#3931=EDGE_CURVE('',#4782,#4780,#5581,.F.);
#3932=EDGE_CURVE('',#4783,#4784,#5582,.T.);
#3933=EDGE_CURVE('',#4784,#4785,#5583,.T.);
#3934=EDGE_CURVE('',#4785,#4786,#5584,.F.);
#3935=EDGE_CURVE('',#4786,#4783,#5585,.F.);
#3936=EDGE_CURVE('',#4787,#4788,#5586,.T.);
#3937=EDGE_CURVE('',#4787,#4789,#489,.T.);
#3938=EDGE_CURVE('',#4789,#4790,#5587,.T.);
#3939=EDGE_CURVE('',#4790,#4791,#5588,.T.);
#3940=EDGE_CURVE('',#4791,#4788,#5589,.F.);
#3941=EDGE_CURVE('',#4792,#4793,#5590,.T.);
#3942=EDGE_CURVE('',#4792,#4787,#5591,.T.);
#3943=EDGE_CURVE('',#4788,#4793,#5592,.F.);
#3944=EDGE_CURVE('',#4794,#4795,#5593,.T.);
#3945=EDGE_CURVE('',#4795,#4792,#490,.T.);
#3946=EDGE_CURVE('',#4793,#4306,#491,.F.);
#3947=EDGE_CURVE('',#4794,#4305,#5594,.T.);
#3948=EDGE_CURVE('',#4777,#4794,#5595,.T.);
#3949=EDGE_CURVE('',#4776,#4781,#5596,.F.);
#3950=EDGE_CURVE('',#4780,#4784,#492,.T.);
#3951=EDGE_CURVE('',#4783,#4790,#493,.T.);
#3952=EDGE_CURVE('',#4789,#4795,#5597,.F.);
#3953=EDGE_CURVE('',#4779,#4302,#66,.F.);
#3954=EDGE_CURVE('',#4782,#4311,#494,.T.);
#3955=EDGE_CURVE('',#4785,#4782,#495,.F.);
#3956=EDGE_CURVE('',#4785,#4310,#496,.F.);
#3957=EDGE_CURVE('',#4786,#4309,#497,.T.);
#3958=EDGE_CURVE('',#4791,#4786,#498,.F.);
#3959=EDGE_CURVE('',#4791,#4308,#499,.F.);
#3960=EDGE_CURVE('',#4788,#4307,#67,.F.);
#3961=EDGE_CURVE('',#4796,#4751,#5598,.T.);
#3962=EDGE_CURVE('',#4796,#4696,#5599,.T.);
#3963=EDGE_CURVE('',#4691,#4797,#5600,.T.);
#3964=EDGE_CURVE('',#4797,#4765,#5601,.T.);
#3965=EDGE_CURVE('',#4797,#4081,#5602,.T.);
#3966=EDGE_CURVE('',#4442,#4798,#5603,.T.);
#3967=EDGE_CURVE('',#4798,#4760,#5604,.T.);
#3968=EDGE_CURVE('',#4798,#4755,#5605,.T.);
#3969=EDGE_CURVE('',#4433,#4799,#5606,.T.);
#3970=EDGE_CURVE('',#4799,#4759,#5607,.T.);
#3971=EDGE_CURVE('',#4799,#4757,#5608,.T.);
#3972=EDGE_CURVE('',#4762,#4796,#5609,.T.);
#3973=EDGE_CURVE('',#4800,#4800,#500,.T.);
#3974=EDGE_CURVE('',#4801,#4801,#501,.T.);
#3975=EDGE_CURVE('',#4107,#4296,#5610,.F.);
#3976=EDGE_CURVE('',#4295,#4108,#5611,.T.);
#3977=EDGE_CURVE('',#4802,#4803,#5612,.T.);
#3978=EDGE_CURVE('',#4803,#4148,#5613,.T.);
#3979=EDGE_CURVE('',#4147,#4802,#5614,.F.);
#3980=EDGE_CURVE('',#4297,#4106,#5615,.T.);
#3981=EDGE_CURVE('',#4105,#4298,#5616,.F.);
#3982=EDGE_CURVE('',#4299,#4172,#5617,.T.);
#3983=EDGE_CURVE('',#4171,#4300,#5618,.F.);
#3984=EDGE_CURVE('',#4151,#4804,#5619,.F.);
#3985=EDGE_CURVE('',#4804,#4805,#5620,.T.);
#3986=EDGE_CURVE('',#4805,#4152,#5621,.T.);
#3987=EDGE_CURVE('',#4149,#4806,#5622,.F.);
#3988=EDGE_CURVE('',#4806,#4807,#5623,.F.);
#3989=EDGE_CURVE('',#4807,#4150,#5624,.T.);
#3990=EDGE_CURVE('',#4145,#4808,#5625,.F.);
#3991=EDGE_CURVE('',#4808,#4809,#5626,.T.);
#3992=EDGE_CURVE('',#4809,#4146,#5627,.T.);
#3993=EDGE_CURVE('',#4143,#4810,#5628,.F.);
#3994=EDGE_CURVE('',#4810,#4811,#5629,.F.);
#3995=EDGE_CURVE('',#4811,#4144,#5630,.T.);
#3996=EDGE_CURVE('',#4812,#4813,#5631,.T.);
#3997=EDGE_CURVE('',#4813,#4142,#5632,.T.);
#3998=EDGE_CURVE('',#4141,#4812,#5633,.F.);
#3999=EDGE_CURVE('',#4121,#4282,#5634,.F.);
#4000=EDGE_CURVE('',#4430,#4814,#5635,.T.);
#4001=EDGE_CURVE('',#4814,#4716,#5636,.T.);
#4002=EDGE_CURVE('',#4717,#4122,#5637,.T.);
#4003=EDGE_CURVE('',#4283,#4120,#5638,.T.);
#4004=EDGE_CURVE('',#4119,#4284,#5639,.F.);
#4005=EDGE_CURVE('',#4285,#4118,#5640,.T.);
#4006=EDGE_CURVE('',#4117,#4286,#5641,.T.);
#4007=EDGE_CURVE('',#4429,#4814,#5642,.T.);
#4008=EDGE_CURVE('',#4173,#4805,#502,.T.);
#4009=EDGE_CURVE('',#4802,#4070,#503,.T.);
#4010=EDGE_CURVE('',#4688,#4805,#504,.F.);
#4011=EDGE_CURVE('',#4802,#4180,#505,.T.);
#4012=EDGE_CURVE('',#4804,#4220,#68,.T.);
#4013=EDGE_CURVE('',#4221,#4803,#69,.F.);
#4014=EDGE_CURVE('',#4806,#4221,#70,.T.);
#4015=EDGE_CURVE('',#4220,#4807,#71,.F.);
#4016=EDGE_CURVE('',#4069,#4809,#506,.T.);
#4017=EDGE_CURVE('',#4812,#4224,#507,.T.);
#4018=EDGE_CURVE('',#4181,#4809,#508,.T.);
#4019=EDGE_CURVE('',#4812,#4425,#509,.F.);
#4020=EDGE_CURVE('',#4808,#4182,#72,.F.);
#4021=EDGE_CURVE('',#4183,#4813,#73,.T.);
#4022=EDGE_CURVE('',#4810,#4183,#74,.F.);
#4023=EDGE_CURVE('',#4182,#4811,#75,.T.);
#4024=EDGE_CURVE('',#4806,#4803,#510,.T.);
#4025=EDGE_CURVE('',#4804,#4807,#511,.T.);
#4026=EDGE_CURVE('',#4810,#4813,#512,.T.);
#4027=EDGE_CURVE('',#4808,#4811,#513,.T.);
#4028=EDGE_CURVE('',#4815,#4075,#5643,.T.);
#4029=EDGE_CURVE('',#4815,#4816,#514,.T.);
#4030=EDGE_CURVE('',#4816,#4076,#5644,.T.);
#4031=EDGE_CURVE('',#4816,#4817,#5645,.T.);
#4032=EDGE_CURVE('',#4817,#4077,#5646,.T.);
#4033=EDGE_CURVE('',#4817,#4818,#515,.T.);
#4034=EDGE_CURVE('',#4818,#4078,#5647,.T.);
#4035=EDGE_CURVE('',#4818,#4819,#5648,.T.);
#4036=EDGE_CURVE('',#4819,#4393,#516,.T.);
#4037=EDGE_CURVE('',#4392,#4079,#5649,.T.);
#4038=EDGE_CURVE('',#4391,#4080,#5650,.T.);
#4039=EDGE_CURVE('',#4390,#4074,#5651,.T.);
#4040=EDGE_CURVE('',#4389,#4073,#5652,.T.);
#4041=EDGE_CURVE('',#4388,#4820,#517,.T.);
#4042=EDGE_CURVE('',#4820,#4815,#5653,.T.);
#4043=EDGE_CURVE('',#4821,#4822,#5654,.T.);
#4044=EDGE_CURVE('',#4821,#4387,#76,.T.);
#4045=EDGE_CURVE('',#4822,#4386,#5655,.T.);
#4046=EDGE_CURVE('',#4823,#4397,#5656,.T.);
#4047=EDGE_CURVE('',#4822,#4823,#518,.T.);
#4048=EDGE_CURVE('',#4824,#4396,#5657,.T.);
#4049=EDGE_CURVE('',#4823,#4824,#5658,.T.);
#4050=EDGE_CURVE('',#4825,#4395,#5659,.T.);
#4051=EDGE_CURVE('',#4824,#4825,#519,.T.);
#4052=EDGE_CURVE('',#4394,#4826,#77,.F.);
#4053=EDGE_CURVE('',#4825,#4826,#5660,.F.);
#4054=EDGE_CURVE('',#4827,#4827,#520,.T.);
#4055=EDGE_CURVE('',#4820,#4819,#5661,.F.);
#4056=EDGE_CURVE('',#4826,#4828,#521,.T.);
#4057=EDGE_CURVE('',#4829,#4828,#5662,.F.);
#4058=EDGE_CURVE('',#4829,#4825,#5663,.T.);
#4059=EDGE_CURVE('',#4830,#4822,#5664,.T.);
#4060=EDGE_CURVE('',#4831,#4830,#5665,.T.);
#4061=EDGE_CURVE('',#4831,#4821,#522,.T.);
#4062=EDGE_CURVE('',#4832,#4823,#5666,.T.);
#4063=EDGE_CURVE('',#4830,#4832,#523,.T.);
#4064=EDGE_CURVE('',#4833,#4824,#5667,.T.);
#4065=EDGE_CURVE('',#4832,#4833,#5668,.T.);
#4066=EDGE_CURVE('',#4833,#4829,#524,.T.);
#4067=EDGE_CURVE('',#4834,#4834,#525,.T.);
#4068=EDGE_CURVE('',#4828,#4831,#5669,.T.);
#4069=VERTEX_POINT('',#11107);
#4070=VERTEX_POINT('',#11108);
#4071=VERTEX_POINT('',#11110);
#4072=VERTEX_POINT('',#11112);
#4073=VERTEX_POINT('',#11115);
#4074=VERTEX_POINT('',#11116);
#4075=VERTEX_POINT('',#11118);
#4076=VERTEX_POINT('',#11120);
#4077=VERTEX_POINT('',#11122);
#4078=VERTEX_POINT('',#11124);
#4079=VERTEX_POINT('',#11126);
#4080=VERTEX_POINT('',#11128);
#4081=VERTEX_POINT('',#11132);
#4082=VERTEX_POINT('',#11133);
#4083=VERTEX_POINT('',#11135);
#4084=VERTEX_POINT('',#11137);
#4085=VERTEX_POINT('',#11139);
#4086=VERTEX_POINT('',#11141);
#4087=VERTEX_POINT('',#11143);
#4088=VERTEX_POINT('',#11145);
#4089=VERTEX_POINT('',#11147);
#4090=VERTEX_POINT('',#11149);
#4091=VERTEX_POINT('',#11151);
#4092=VERTEX_POINT('',#11153);
#4093=VERTEX_POINT('',#11155);
#4094=VERTEX_POINT('',#11157);
#4095=VERTEX_POINT('',#11159);
#4096=VERTEX_POINT('',#11161);
#4097=VERTEX_POINT('',#11163);
#4098=VERTEX_POINT('',#11165);
#4099=VERTEX_POINT('',#11167);
#4100=VERTEX_POINT('',#11169);
#4101=VERTEX_POINT('',#11173);
#4102=VERTEX_POINT('',#11175);
#4103=VERTEX_POINT('',#11177);
#4104=VERTEX_POINT('',#11179);
#4105=VERTEX_POINT('',#11181);
#4106=VERTEX_POINT('',#11182);
#4107=VERTEX_POINT('',#11184);
#4108=VERTEX_POINT('',#11186);
#4109=VERTEX_POINT('',#11188);
#4110=VERTEX_POINT('',#11190);
#4111=VERTEX_POINT('',#11192);
#4112=VERTEX_POINT('',#11194);
#4113=VERTEX_POINT('',#11196);
#4114=VERTEX_POINT('',#11198);
#4115=VERTEX_POINT('',#11200);
#4116=VERTEX_POINT('',#11202);
#4117=VERTEX_POINT('',#11204);
#4118=VERTEX_POINT('',#11206);
#4119=VERTEX_POINT('',#11208);
#4120=VERTEX_POINT('',#11210);
#4121=VERTEX_POINT('',#11212);
#4122=VERTEX_POINT('',#11214);
#4123=VERTEX_POINT('',#11216);
#4124=VERTEX_POINT('',#11218);
#4125=VERTEX_POINT('',#11220);
#4126=VERTEX_POINT('',#11222);
#4127=VERTEX_POINT('',#11224);
#4128=VERTEX_POINT('',#11226);
#4129=VERTEX_POINT('',#11228);
#4130=VERTEX_POINT('',#11230);
#4131=VERTEX_POINT('',#11232);
#4132=VERTEX_POINT('',#11234);
#4133=VERTEX_POINT('',#11236);
#4134=VERTEX_POINT('',#11238);
#4135=VERTEX_POINT('',#11240);
#4136=VERTEX_POINT('',#11242);
#4137=VERTEX_POINT('',#11244);
#4138=VERTEX_POINT('',#11246);
#4139=VERTEX_POINT('',#11248);
#4140=VERTEX_POINT('',#11250);
#4141=VERTEX_POINT('',#11252);
#4142=VERTEX_POINT('',#11254);
#4143=VERTEX_POINT('',#11256);
#4144=VERTEX_POINT('',#11258);
#4145=VERTEX_POINT('',#11260);
#4146=VERTEX_POINT('',#11262);
#4147=VERTEX_POINT('',#11265);
#4148=VERTEX_POINT('',#11267);
#4149=VERTEX_POINT('',#11269);
#4150=VERTEX_POINT('',#11271);
#4151=VERTEX_POINT('',#11273);
#4152=VERTEX_POINT('',#11275);
#4153=VERTEX_POINT('',#11277);
#4154=VERTEX_POINT('',#11279);
#4155=VERTEX_POINT('',#11281);
#4156=VERTEX_POINT('',#11283);
#4157=VERTEX_POINT('',#11285);
#4158=VERTEX_POINT('',#11287);
#4159=VERTEX_POINT('',#11289);
#4160=VERTEX_POINT('',#11291);
#4161=VERTEX_POINT('',#11293);
#4162=VERTEX_POINT('',#11295);
#4163=VERTEX_POINT('',#11297);
#4164=VERTEX_POINT('',#11299);
#4165=VERTEX_POINT('',#11301);
#4166=VERTEX_POINT('',#11303);
#4167=VERTEX_POINT('',#11305);
#4168=VERTEX_POINT('',#11307);
#4169=VERTEX_POINT('',#11309);
#4170=VERTEX_POINT('',#11311);
#4171=VERTEX_POINT('',#11313);
#4172=VERTEX_POINT('',#11315);
#4173=VERTEX_POINT('',#11319);
#4174=VERTEX_POINT('',#11321);
#4175=VERTEX_POINT('',#11323);
#4176=VERTEX_POINT('',#11325);
#4177=VERTEX_POINT('',#11327);
#4178=VERTEX_POINT('',#11329);
#4179=VERTEX_POINT('',#11331);
#4180=VERTEX_POINT('',#11335);
#4181=VERTEX_POINT('',#11336);
#4182=VERTEX_POINT('',#11338);
#4183=VERTEX_POINT('',#11340);
#4184=VERTEX_POINT('',#11342);
#4185=VERTEX_POINT('',#11344);
#4186=VERTEX_POINT('',#11346);
#4187=VERTEX_POINT('',#11348);
#4188=VERTEX_POINT('',#11350);
#4189=VERTEX_POINT('',#11352);
#4190=VERTEX_POINT('',#11354);
#4191=VERTEX_POINT('',#11356);
#4192=VERTEX_POINT('',#11358);
#4193=VERTEX_POINT('',#11360);
#4194=VERTEX_POINT('',#11362);
#4195=VERTEX_POINT('',#11364);
#4196=VERTEX_POINT('',#11366);
#4197=VERTEX_POINT('',#11368);
#4198=VERTEX_POINT('',#11370);
#4199=VERTEX_POINT('',#11372);
#4200=VERTEX_POINT('',#11374);
#4201=VERTEX_POINT('',#11376);
#4202=VERTEX_POINT('',#11378);
#4203=VERTEX_POINT('',#11380);
#4204=VERTEX_POINT('',#11382);
#4205=VERTEX_POINT('',#11384);
#4206=VERTEX_POINT('',#11386);
#4207=VERTEX_POINT('',#11388);
#4208=VERTEX_POINT('',#11390);
#4209=VERTEX_POINT('',#11392);
#4210=VERTEX_POINT('',#11394);
#4211=VERTEX_POINT('',#11396);
#4212=VERTEX_POINT('',#11398);
#4213=VERTEX_POINT('',#11400);
#4214=VERTEX_POINT('',#11402);
#4215=VERTEX_POINT('',#11404);
#4216=VERTEX_POINT('',#11406);
#4217=VERTEX_POINT('',#11408);
#4218=VERTEX_POINT('',#11410);
#4219=VERTEX_POINT('',#11412);
#4220=VERTEX_POINT('',#11414);
#4221=VERTEX_POINT('',#11416);
#4222=VERTEX_POINT('',#11426);
#4223=VERTEX_POINT('',#11427);
#4224=VERTEX_POINT('',#11429);
#4225=VERTEX_POINT('',#11433);
#4226=VERTEX_POINT('',#11440);
#4227=VERTEX_POINT('',#11441);
#4228=VERTEX_POINT('',#11444);
#4229=VERTEX_POINT('',#11446);
#4230=VERTEX_POINT('',#11450);
#4231=VERTEX_POINT('',#11451);
#4232=VERTEX_POINT('',#11453);
#4233=VERTEX_POINT('',#11455);
#4234=VERTEX_POINT('',#11457);
#4235=VERTEX_POINT('',#11459);
#4236=VERTEX_POINT('',#11461);
#4237=VERTEX_POINT('',#11463);
#4238=VERTEX_POINT('',#11465);
#4239=VERTEX_POINT('',#11467);
#4240=VERTEX_POINT('',#11469);
#4241=VERTEX_POINT('',#11471);
#4242=VERTEX_POINT('',#11473);
#4243=VERTEX_POINT('',#11475);
#4244=VERTEX_POINT('',#11477);
#4245=VERTEX_POINT('',#11479);
#4246=VERTEX_POINT('',#11481);
#4247=VERTEX_POINT('',#11483);
#4248=VERTEX_POINT('',#11485);
#4249=VERTEX_POINT('',#11487);
#4250=VERTEX_POINT('',#11489);
#4251=VERTEX_POINT('',#11491);
#4252=VERTEX_POINT('',#11493);
#4253=VERTEX_POINT('',#11495);
#4254=VERTEX_POINT('',#11497);
#4255=VERTEX_POINT('',#11499);
#4256=VERTEX_POINT('',#11501);
#4257=VERTEX_POINT('',#11503);
#4258=VERTEX_POINT('',#11505);
#4259=VERTEX_POINT('',#11507);
#4260=VERTEX_POINT('',#11509);
#4261=VERTEX_POINT('',#11511);
#4262=VERTEX_POINT('',#11513);
#4263=VERTEX_POINT('',#11515);
#4264=VERTEX_POINT('',#11517);
#4265=VERTEX_POINT('',#11519);
#4266=VERTEX_POINT('',#11521);
#4267=VERTEX_POINT('',#11523);
#4268=VERTEX_POINT('',#11525);
#4269=VERTEX_POINT('',#11527);
#4270=VERTEX_POINT('',#11529);
#4271=VERTEX_POINT('',#11531);
#4272=VERTEX_POINT('',#11533);
#4273=VERTEX_POINT('',#11535);
#4274=VERTEX_POINT('',#11537);
#4275=VERTEX_POINT('',#11539);
#4276=VERTEX_POINT('',#11541);
#4277=VERTEX_POINT('',#11543);
#4278=VERTEX_POINT('',#11545);
#4279=VERTEX_POINT('',#11547);
#4280=VERTEX_POINT('',#11549);
#4281=VERTEX_POINT('',#11551);
#4282=VERTEX_POINT('',#11553);
#4283=VERTEX_POINT('',#11555);
#4284=VERTEX_POINT('',#11557);
#4285=VERTEX_POINT('',#11559);
#4286=VERTEX_POINT('',#11561);
#4287=VERTEX_POINT('',#11563);
#4288=VERTEX_POINT('',#11565);
#4289=VERTEX_POINT('',#11567);
#4290=VERTEX_POINT('',#11569);
#4291=VERTEX_POINT('',#11571);
#4292=VERTEX_POINT('',#11573);
#4293=VERTEX_POINT('',#11575);
#4294=VERTEX_POINT('',#11577);
#4295=VERTEX_POINT('',#11579);
#4296=VERTEX_POINT('',#11581);
#4297=VERTEX_POINT('',#11583);
#4298=VERTEX_POINT('',#11585);
#4299=VERTEX_POINT('',#11587);
#4300=VERTEX_POINT('',#11589);
#4301=VERTEX_POINT('',#11591);
#4302=VERTEX_POINT('',#11594);
#4303=VERTEX_POINT('',#11595);
#4304=VERTEX_POINT('',#11597);
#4305=VERTEX_POINT('',#11599);
#4306=VERTEX_POINT('',#11601);
#4307=VERTEX_POINT('',#11603);
#4308=VERTEX_POINT('',#11605);
#4309=VERTEX_POINT('',#11607);
#4310=VERTEX_POINT('',#11609);
#4311=VERTEX_POINT('',#11611);
#4312=VERTEX_POINT('',#11634);
#4313=VERTEX_POINT('',#11636);
#4314=VERTEX_POINT('',#11658);
#4315=VERTEX_POINT('',#11660);
#4316=VERTEX_POINT('',#11663);
#4317=VERTEX_POINT('',#11667);
#4318=VERTEX_POINT('',#11671);
#4319=VERTEX_POINT('',#11675);
#4320=VERTEX_POINT('',#11676);
#4321=VERTEX_POINT('',#11678);
#4322=VERTEX_POINT('',#11682);
#4323=VERTEX_POINT('',#11683);
#4324=VERTEX_POINT('',#11685);
#4325=VERTEX_POINT('',#11689);
#4326=VERTEX_POINT('',#11690);
#4327=VERTEX_POINT('',#11692);
#4328=VERTEX_POINT('',#11696);
#4329=VERTEX_POINT('',#11697);
#4330=VERTEX_POINT('',#11699);
#4331=VERTEX_POINT('',#11703);
#4332=VERTEX_POINT('',#11704);
#4333=VERTEX_POINT('',#11706);
#4334=VERTEX_POINT('',#11710);
#4335=VERTEX_POINT('',#11711);
#4336=VERTEX_POINT('',#11713);
#4337=VERTEX_POINT('',#11717);
#4338=VERTEX_POINT('',#11718);
#4339=VERTEX_POINT('',#11720);
#4340=VERTEX_POINT('',#11724);
#4341=VERTEX_POINT('',#11725);
#4342=VERTEX_POINT('',#11727);
#4343=VERTEX_POINT('',#11731);
#4344=VERTEX_POINT('',#11732);
#4345=VERTEX_POINT('',#11734);
#4346=VERTEX_POINT('',#11738);
#4347=VERTEX_POINT('',#11739);
#4348=VERTEX_POINT('',#11741);
#4349=VERTEX_POINT('',#11745);
#4350=VERTEX_POINT('',#11746);
#4351=VERTEX_POINT('',#11748);
#4352=VERTEX_POINT('',#11750);
#4353=VERTEX_POINT('',#11752);
#4354=VERTEX_POINT('',#11754);
#4355=VERTEX_POINT('',#11756);
#4356=VERTEX_POINT('',#11759);
#4357=VERTEX_POINT('',#11761);
#4358=VERTEX_POINT('',#11765);
#4359=VERTEX_POINT('',#11766);
#4360=VERTEX_POINT('',#11768);
#4361=VERTEX_POINT('',#11770);
#4362=VERTEX_POINT('',#11772);
#4363=VERTEX_POINT('',#11775);
#4364=VERTEX_POINT('',#11777);
#4365=VERTEX_POINT('',#11782);
#4366=VERTEX_POINT('',#11783);
#4367=VERTEX_POINT('',#11785);
#4368=VERTEX_POINT('',#11788);
#4369=VERTEX_POINT('',#11790);
#4370=VERTEX_POINT('',#11793);
#4371=VERTEX_POINT('',#11795);
#4372=VERTEX_POINT('',#11799);
#4373=VERTEX_POINT('',#11800);
#4374=VERTEX_POINT('',#11802);
#4375=VERTEX_POINT('',#11804);
#4376=VERTEX_POINT('',#11806);
#4377=VERTEX_POINT('',#11809);
#4378=VERTEX_POINT('',#11811);
#4379=VERTEX_POINT('',#11813);
#4380=VERTEX_POINT('',#11818);
#4381=VERTEX_POINT('',#11819);
#4382=VERTEX_POINT('',#11821);
#4383=VERTEX_POINT('',#11823);
#4384=VERTEX_POINT('',#11825);
#4385=VERTEX_POINT('',#11827);
#4386=VERTEX_POINT('',#11831);
#4387=VERTEX_POINT('',#11832);
#4388=VERTEX_POINT('',#11834);
#4389=VERTEX_POINT('',#11836);
#4390=VERTEX_POINT('',#11838);
#4391=VERTEX_POINT('',#11840);
#4392=VERTEX_POINT('',#11842);
#4393=VERTEX_POINT('',#11844);
#4394=VERTEX_POINT('',#11846);
#4395=VERTEX_POINT('',#11848);
#4396=VERTEX_POINT('',#11850);
#4397=VERTEX_POINT('',#11852);
#4398=VERTEX_POINT('',#11858);
#4399=VERTEX_POINT('',#11860);
#4400=VERTEX_POINT('',#11862);
#4401=VERTEX_POINT('',#11864);
#4402=VERTEX_POINT('',#11875);
#4403=VERTEX_POINT('',#11880);
#4404=VERTEX_POINT('',#11882);
#4405=VERTEX_POINT('',#11887);
#4406=VERTEX_POINT('',#11889);
#4407=VERTEX_POINT('',#11894);
#4408=VERTEX_POINT('',#11896);
#4409=VERTEX_POINT('',#11902);
#4410=VERTEX_POINT('',#11903);
#4411=VERTEX_POINT('',#11905);
#4412=VERTEX_POINT('',#11907);
#4413=VERTEX_POINT('',#11909);
#4414=VERTEX_POINT('',#11911);
#4415=VERTEX_POINT('',#11913);
#4416=VERTEX_POINT('',#11915);
#4417=VERTEX_POINT('',#11919);
#4418=VERTEX_POINT('',#11920);
#4419=VERTEX_POINT('',#11922);
#4420=VERTEX_POINT('',#11924);
#4421=VERTEX_POINT('',#11926);
#4422=VERTEX_POINT('',#11928);
#4423=VERTEX_POINT('',#11930);
#4424=VERTEX_POINT('',#11932);
#4425=VERTEX_POINT('',#11936);
#4426=VERTEX_POINT('',#11938);
#4427=VERTEX_POINT('',#11940);
#4428=VERTEX_POINT('',#11942);
#4429=VERTEX_POINT('',#11944);
#4430=VERTEX_POINT('',#11946);
#4431=VERTEX_POINT('',#11949);
#4432=VERTEX_POINT('',#11951);
#4433=VERTEX_POINT('',#11953);
#4434=VERTEX_POINT('',#11955);
#4435=VERTEX_POINT('',#11957);
#4436=VERTEX_POINT('',#11959);
#4437=VERTEX_POINT('',#11961);
#4438=VERTEX_POINT('',#11963);
#4439=VERTEX_POINT('',#11965);
#4440=VERTEX_POINT('',#11967);
#4441=VERTEX_POINT('',#11969);
#4442=VERTEX_POINT('',#11971);
#4443=VERTEX_POINT('',#11973);
#4444=VERTEX_POINT('',#11975);
#4445=VERTEX_POINT('',#11980);
#4446=VERTEX_POINT('',#11981);
#4447=VERTEX_POINT('',#11989);
#4448=VERTEX_POINT('',#11996);
#4449=VERTEX_POINT('',#11998);
#4450=VERTEX_POINT('',#12005);
#4451=VERTEX_POINT('',#12010);
#4452=VERTEX_POINT('',#12014);
#4453=VERTEX_POINT('',#12015);
#4454=VERTEX_POINT('',#12017);
#4455=VERTEX_POINT('',#12019);
#4456=VERTEX_POINT('',#12024);
#4457=VERTEX_POINT('',#12025);
#4458=VERTEX_POINT('',#12028);
#4459=VERTEX_POINT('',#12030);
#4460=VERTEX_POINT('',#12032);
#4461=VERTEX_POINT('',#12034);
#4462=VERTEX_POINT('',#12036);
#4463=VERTEX_POINT('',#12038);
#4464=VERTEX_POINT('',#12040);
#4465=VERTEX_POINT('',#12042);
#4466=VERTEX_POINT('',#12044);
#4467=VERTEX_POINT('',#12046);
#4468=VERTEX_POINT('',#12048);
#4469=VERTEX_POINT('',#12050);
#4470=VERTEX_POINT('',#12052);
#4471=VERTEX_POINT('',#12054);
#4472=VERTEX_POINT('',#12057);
#4473=VERTEX_POINT('',#12059);
#4474=VERTEX_POINT('',#12061);
#4475=VERTEX_POINT('',#12063);
#4476=VERTEX_POINT('',#12065);
#4477=VERTEX_POINT('',#12067);
#4478=VERTEX_POINT('',#12072);
#4479=VERTEX_POINT('',#12079);
#4480=VERTEX_POINT('',#12081);
#4481=VERTEX_POINT('',#12084);
#4482=VERTEX_POINT('',#12085);
#4483=VERTEX_POINT('',#12090);
#4484=VERTEX_POINT('',#12092);
#4485=VERTEX_POINT('',#12096);
#4486=VERTEX_POINT('',#12097);
#4487=VERTEX_POINT('',#12099);
#4488=VERTEX_POINT('',#12103);
#4489=VERTEX_POINT('',#12104);
#4490=VERTEX_POINT('',#12106);
#4491=VERTEX_POINT('',#12108);
#4492=VERTEX_POINT('',#12110);
#4493=VERTEX_POINT('',#12112);
#4494=VERTEX_POINT('',#12116);
#4495=VERTEX_POINT('',#12117);
#4496=VERTEX_POINT('',#12119);
#4497=VERTEX_POINT('',#12123);
#4498=VERTEX_POINT('',#12124);
#4499=VERTEX_POINT('',#12126);
#4500=VERTEX_POINT('',#12128);
#4501=VERTEX_POINT('',#12131);
#4502=VERTEX_POINT('',#12134);
#4503=VERTEX_POINT('',#12136);
#4504=VERTEX_POINT('',#12138);
#4505=VERTEX_POINT('',#12140);
#4506=VERTEX_POINT('',#12142);
#4507=VERTEX_POINT('',#12149);
#4508=VERTEX_POINT('',#12150);
#4509=VERTEX_POINT('',#12152);
#4510=VERTEX_POINT('',#12157);
#4511=VERTEX_POINT('',#12162);
#4512=VERTEX_POINT('',#12164);
#4513=VERTEX_POINT('',#12168);
#4514=VERTEX_POINT('',#12171);
#4515=VERTEX_POINT('',#12182);
#4516=VERTEX_POINT('',#12187);
#4517=VERTEX_POINT('',#12189);
#4518=VERTEX_POINT('',#12197);
#4519=VERTEX_POINT('',#12198);
#4520=VERTEX_POINT('',#12200);
#4521=VERTEX_POINT('',#12202);
#4522=VERTEX_POINT('',#12204);
#4523=VERTEX_POINT('',#12206);
#4524=VERTEX_POINT('',#12210);
#4525=VERTEX_POINT('',#12211);
#4526=VERTEX_POINT('',#12214);
#4527=VERTEX_POINT('',#12216);
#4528=VERTEX_POINT('',#12220);
#4529=VERTEX_POINT('',#12222);
#4530=VERTEX_POINT('',#12224);
#4531=VERTEX_POINT('',#12228);
#4532=VERTEX_POINT('',#12229);
#4533=VERTEX_POINT('',#12231);
#4534=VERTEX_POINT('',#12233);
#4535=VERTEX_POINT('',#12235);
#4536=VERTEX_POINT('',#12239);
#4537=VERTEX_POINT('',#12243);
#4538=VERTEX_POINT('',#12251);
#4539=VERTEX_POINT('',#12253);
#4540=VERTEX_POINT('',#12258);
#4541=VERTEX_POINT('',#12260);
#4542=VERTEX_POINT('',#12262);
#4543=VERTEX_POINT('',#12264);
#4544=VERTEX_POINT('',#12266);
#4545=VERTEX_POINT('',#12268);
#4546=VERTEX_POINT('',#12270);
#4547=VERTEX_POINT('',#12272);
#4548=VERTEX_POINT('',#12276);
#4549=VERTEX_POINT('',#12277);
#4550=VERTEX_POINT('',#12285);
#4551=VERTEX_POINT('',#12286);
#4552=VERTEX_POINT('',#12291);
#4553=VERTEX_POINT('',#12292);
#4554=VERTEX_POINT('',#12295);
#4555=VERTEX_POINT('',#12297);
#4556=VERTEX_POINT('',#12299);
#4557=VERTEX_POINT('',#12301);
#4558=VERTEX_POINT('',#12306);
#4559=VERTEX_POINT('',#12308);
#4560=VERTEX_POINT('',#12311);
#4561=VERTEX_POINT('',#12313);
#4562=VERTEX_POINT('',#12315);
#4563=VERTEX_POINT('',#12317);
#4564=VERTEX_POINT('',#12319);
#4565=VERTEX_POINT('',#12321);
#4566=VERTEX_POINT('',#12323);
#4567=VERTEX_POINT('',#12325);
#4568=VERTEX_POINT('',#12327);
#4569=VERTEX_POINT('',#12329);
#4570=VERTEX_POINT('',#12331);
#4571=VERTEX_POINT('',#12333);
#4572=VERTEX_POINT('',#12337);
#4573=VERTEX_POINT('',#12339);
#4574=VERTEX_POINT('',#12344);
#4575=VERTEX_POINT('',#12353);
#4576=VERTEX_POINT('',#12357);
#4577=VERTEX_POINT('',#12360);
#4578=VERTEX_POINT('',#12365);
#4579=VERTEX_POINT('',#12379);
#4580=VERTEX_POINT('',#12384);
#4581=VERTEX_POINT('',#12423);
#4582=VERTEX_POINT('',#12433);
#4583=VERTEX_POINT('',#12439);
#4584=VERTEX_POINT('',#12441);
#4585=VERTEX_POINT('',#12446);
#4586=VERTEX_POINT('',#12448);
#4587=VERTEX_POINT('',#12451);
#4588=VERTEX_POINT('',#12453);
#4589=VERTEX_POINT('',#12455);
#4590=VERTEX_POINT('',#12457);
#4591=VERTEX_POINT('',#12459);
#4592=VERTEX_POINT('',#12461);
#4593=VERTEX_POINT('',#12463);
#4594=VERTEX_POINT('',#12465);
#4595=VERTEX_POINT('',#12467);
#4596=VERTEX_POINT('',#12469);
#4597=VERTEX_POINT('',#12471);
#4598=VERTEX_POINT('',#12473);
#4599=VERTEX_POINT('',#12479);
#4600=VERTEX_POINT('',#12481);
#4601=VERTEX_POINT('',#12487);
#4602=VERTEX_POINT('',#12492);
#4603=VERTEX_POINT('',#12497);
#4604=VERTEX_POINT('',#12499);
#4605=VERTEX_POINT('',#12501);
#4606=VERTEX_POINT('',#12505);
#4607=VERTEX_POINT('',#12507);
#4608=VERTEX_POINT('',#12509);
#4609=VERTEX_POINT('',#12514);
#4610=VERTEX_POINT('',#12516);
#4611=VERTEX_POINT('',#12526);
#4612=VERTEX_POINT('',#12541);
#4613=VERTEX_POINT('',#12545);
#4614=VERTEX_POINT('',#12552);
#4615=VERTEX_POINT('',#12557);
#4616=VERTEX_POINT('',#12564);
#4617=VERTEX_POINT('',#12578);
#4618=VERTEX_POINT('',#12612);
#4619=VERTEX_POINT('',#12613);
#4620=VERTEX_POINT('',#12631);
#4621=VERTEX_POINT('',#12633);
#4622=VERTEX_POINT('',#12637);
#4623=VERTEX_POINT('',#12639);
#4624=VERTEX_POINT('',#12651);
#4625=VERTEX_POINT('',#12655);
#4626=VERTEX_POINT('',#12657);
#4627=VERTEX_POINT('',#12661);
#4628=VERTEX_POINT('',#12662);
#4629=VERTEX_POINT('',#12665);
#4630=VERTEX_POINT('',#12673);
#4631=VERTEX_POINT('',#12675);
#4632=VERTEX_POINT('',#12684);
#4633=VERTEX_POINT('',#12685);
#4634=VERTEX_POINT('',#12688);
#4635=VERTEX_POINT('',#12690);
#4636=VERTEX_POINT('',#12692);
#4637=VERTEX_POINT('',#12706);
#4638=VERTEX_POINT('',#12716);
#4639=VERTEX_POINT('',#12718);
#4640=VERTEX_POINT('',#12722);
#4641=VERTEX_POINT('',#12724);
#4642=VERTEX_POINT('',#12728);
#4643=VERTEX_POINT('',#12730);
#4644=VERTEX_POINT('',#12734);
#4645=VERTEX_POINT('',#12735);
#4646=VERTEX_POINT('',#12740);
#4647=VERTEX_POINT('',#12741);
#4648=VERTEX_POINT('',#12743);
#4649=VERTEX_POINT('',#12745);
#4650=VERTEX_POINT('',#12773);
#4651=VERTEX_POINT('',#12774);
#4652=VERTEX_POINT('',#12776);
#4653=VERTEX_POINT('',#12780);
#4654=VERTEX_POINT('',#12782);
#4655=VERTEX_POINT('',#12786);
#4656=VERTEX_POINT('',#12790);
#4657=VERTEX_POINT('',#12792);
#4658=VERTEX_POINT('',#12796);
#4659=VERTEX_POINT('',#12800);
#4660=VERTEX_POINT('',#12804);
#4661=VERTEX_POINT('',#12805);
#4662=VERTEX_POINT('',#12807);
#4663=VERTEX_POINT('',#12809);
#4664=VERTEX_POINT('',#12822);
#4665=VERTEX_POINT('',#12824);
#4666=VERTEX_POINT('',#12826);
#4667=VERTEX_POINT('',#12830);
#4668=VERTEX_POINT('',#12832);
#4669=VERTEX_POINT('',#12834);
#4670=VERTEX_POINT('',#12840);
#4671=VERTEX_POINT('',#12842);
#4672=VERTEX_POINT('',#12852);
#4673=VERTEX_POINT('',#12857);
#4674=VERTEX_POINT('',#12859);
#4675=VERTEX_POINT('',#12863);
#4676=VERTEX_POINT('',#12867);
#4677=VERTEX_POINT('',#12884);
#4678=VERTEX_POINT('',#12886);
#4679=VERTEX_POINT('',#12901);
#4680=VERTEX_POINT('',#12939);
#4681=VERTEX_POINT('',#12940);
#4682=VERTEX_POINT('',#12952);
#4683=VERTEX_POINT('',#12992);
#4684=VERTEX_POINT('',#13015);
#4685=VERTEX_POINT('',#13028);
#4686=VERTEX_POINT('',#13047);
#4687=VERTEX_POINT('',#13049);
#4688=VERTEX_POINT('',#13058);
#4689=VERTEX_POINT('',#13062);
#4690=VERTEX_POINT('',#13064);
#4691=VERTEX_POINT('',#13066);
#4692=VERTEX_POINT('',#13069);
#4693=VERTEX_POINT('',#13071);
#4694=VERTEX_POINT('',#13073);
#4695=VERTEX_POINT('',#13075);
#4696=VERTEX_POINT('',#13077);
#4697=VERTEX_POINT('',#13079);
#4698=VERTEX_POINT('',#13081);
#4699=VERTEX_POINT('',#13084);
#4700=VERTEX_POINT('',#13099);
#4701=VERTEX_POINT('',#13100);
#4702=VERTEX_POINT('',#13116);
#4703=VERTEX_POINT('',#13117);
#4704=VERTEX_POINT('',#13123);
#4705=VERTEX_POINT('',#13127);
#4706=VERTEX_POINT('',#13128);
#4707=VERTEX_POINT('',#13143);
#4708=VERTEX_POINT('',#13145);
#4709=VERTEX_POINT('',#13153);
#4710=VERTEX_POINT('',#13155);
#4711=VERTEX_POINT('',#13157);
#4712=VERTEX_POINT('',#13168);
#4713=VERTEX_POINT('',#13170);
#4714=VERTEX_POINT('',#13184);
#4715=VERTEX_POINT('',#13186);
#4716=VERTEX_POINT('',#13203);
#4717=VERTEX_POINT('',#13209);
#4718=VERTEX_POINT('',#13215);
#4719=VERTEX_POINT('',#13217);
#4720=VERTEX_POINT('',#13219);
#4721=VERTEX_POINT('',#13221);
#4722=VERTEX_POINT('',#13223);
#4723=VERTEX_POINT('',#13225);
#4724=VERTEX_POINT('',#13231);
#4725=VERTEX_POINT('',#13233);
#4726=VERTEX_POINT('',#13235);
#4727=VERTEX_POINT('',#13237);
#4728=VERTEX_POINT('',#13239);
#4729=VERTEX_POINT('',#13241);
#4730=VERTEX_POINT('',#13248);
#4731=VERTEX_POINT('',#13250);
#4732=VERTEX_POINT('',#13252);
#4733=VERTEX_POINT('',#13254);
#4734=VERTEX_POINT('',#13256);
#4735=VERTEX_POINT('',#13258);
#4736=VERTEX_POINT('',#13262);
#4737=VERTEX_POINT('',#13263);
#4738=VERTEX_POINT('',#13267);
#4739=VERTEX_POINT('',#13269);
#4740=VERTEX_POINT('',#13271);
#4741=VERTEX_POINT('',#13273);
#4742=VERTEX_POINT('',#13275);
#4743=VERTEX_POINT('',#13277);
#4744=VERTEX_POINT('',#13303);
#4745=VERTEX_POINT('',#13305);
#4746=VERTEX_POINT('',#13309);
#4747=VERTEX_POINT('',#13311);
#4748=VERTEX_POINT('',#13315);
#4749=VERTEX_POINT('',#13319);
#4750=VERTEX_POINT('',#13341);
#4751=VERTEX_POINT('',#13343);
#4752=VERTEX_POINT('',#13347);
#4753=VERTEX_POINT('',#13351);
#4754=VERTEX_POINT('',#13359);
#4755=VERTEX_POINT('',#13372);
#4756=VERTEX_POINT('',#13381);
#4757=VERTEX_POINT('',#13384);
#4758=VERTEX_POINT('',#13407);
#4759=VERTEX_POINT('',#13409);
#4760=VERTEX_POINT('',#13413);
#4761=VERTEX_POINT('',#13415);
#4762=VERTEX_POINT('',#13419);
#4763=VERTEX_POINT('',#13421);
#4764=VERTEX_POINT('',#13425);
#4765=VERTEX_POINT('',#13427);
#4766=VERTEX_POINT('',#13441);
#4767=VERTEX_POINT('',#13447);
#4768=VERTEX_POINT('',#13453);
#4769=VERTEX_POINT('',#13459);
#4770=VERTEX_POINT('',#13479);
#4771=VERTEX_POINT('',#13485);
#4772=VERTEX_POINT('',#13492);
#4773=VERTEX_POINT('',#13498);
#4774=VERTEX_POINT('',#13505);
#4775=VERTEX_POINT('',#13506);
#4776=VERTEX_POINT('',#13508);
#4777=VERTEX_POINT('',#13510);
#4778=VERTEX_POINT('',#13515);
#4779=VERTEX_POINT('',#13516);
#4780=VERTEX_POINT('',#13521);
#4781=VERTEX_POINT('',#13522);
#4782=VERTEX_POINT('',#13525);
#4783=VERTEX_POINT('',#13529);
#4784=VERTEX_POINT('',#13530);
#4785=VERTEX_POINT('',#13532);
#4786=VERTEX_POINT('',#13534);
#4787=VERTEX_POINT('',#13538);
#4788=VERTEX_POINT('',#13539);
#4789=VERTEX_POINT('',#13541);
#4790=VERTEX_POINT('',#13543);
#4791=VERTEX_POINT('',#13545);
#4792=VERTEX_POINT('',#13549);
#4793=VERTEX_POINT('',#13550);
#4794=VERTEX_POINT('',#13555);
#4795=VERTEX_POINT('',#13556);
#4796=VERTEX_POINT('',#13588);
#4797=VERTEX_POINT('',#13592);
#4798=VERTEX_POINT('',#13598);
#4799=VERTEX_POINT('',#13604);
#4800=VERTEX_POINT('',#13613);
#4801=VERTEX_POINT('',#13617);
#4802=VERTEX_POINT('',#13624);
#4803=VERTEX_POINT('',#13625);
#4804=VERTEX_POINT('',#13636);
#4805=VERTEX_POINT('',#13638);
#4806=VERTEX_POINT('',#13642);
#4807=VERTEX_POINT('',#13644);
#4808=VERTEX_POINT('',#13648);
#4809=VERTEX_POINT('',#13650);
#4810=VERTEX_POINT('',#13654);
#4811=VERTEX_POINT('',#13656);
#4812=VERTEX_POINT('',#13660);
#4813=VERTEX_POINT('',#13661);
#4814=VERTEX_POINT('',#13667);
#4815=VERTEX_POINT('',#13809);
#4816=VERTEX_POINT('',#13811);
#4817=VERTEX_POINT('',#13815);
#4818=VERTEX_POINT('',#13819);
#4819=VERTEX_POINT('',#13823);
#4820=VERTEX_POINT('',#13834);
#4821=VERTEX_POINT('',#13838);
#4822=VERTEX_POINT('',#13839);
#4823=VERTEX_POINT('',#13844);
#4824=VERTEX_POINT('',#13848);
#4825=VERTEX_POINT('',#13852);
#4826=VERTEX_POINT('',#13856);
#4827=VERTEX_POINT('',#13860);
#4828=VERTEX_POINT('',#13864);
#4829=VERTEX_POINT('',#13866);
#4830=VERTEX_POINT('',#13870);
#4831=VERTEX_POINT('',#13872);
#4832=VERTEX_POINT('',#13876);
#4833=VERTEX_POINT('',#13880);
#4834=VERTEX_POINT('',#13886);
#4835=LINE('',#11106,#5670);
#4836=LINE('',#11109,#5671);
#4837=LINE('',#11111,#5672);
#4838=LINE('',#11113,#5673);
#4839=LINE('',#11117,#5674);
#4840=LINE('',#11121,#5675);
#4841=LINE('',#11125,#5676);
#4842=LINE('',#11129,#5677);
#4843=LINE('',#11131,#5678);
#4844=LINE('',#11134,#5679);
#4845=LINE('',#11136,#5680);
#4846=LINE('',#11138,#5681);
#4847=LINE('',#11140,#5682);
#4848=LINE('',#11142,#5683);
#4849=LINE('',#11144,#5684);
#4850=LINE('',#11146,#5685);
#4851=LINE('',#11148,#5686);
#4852=LINE('',#11150,#5687);
#4853=LINE('',#11152,#5688);
#4854=LINE('',#11154,#5689);
#4855=LINE('',#11156,#5690);
#4856=LINE('',#11158,#5691);
#4857=LINE('',#11160,#5692);
#4858=LINE('',#11162,#5693);
#4859=LINE('',#11164,#5694);
#4860=LINE('',#11166,#5695);
#4861=LINE('',#11168,#5696);
#4862=LINE('',#11170,#5697);
#4863=LINE('',#11180,#5698);
#4864=LINE('',#11185,#5699);
#4865=LINE('',#11195,#5700);
#4866=LINE('',#11205,#5701);
#4867=LINE('',#11209,#5702);
#4868=LINE('',#11213,#5703);
#4869=LINE('',#11217,#5704);
#4870=LINE('',#11221,#5705);
#4871=LINE('',#11223,#5706);
#4872=LINE('',#11225,#5707);
#4873=LINE('',#11233,#5708);
#4874=LINE('',#11235,#5709);
#4875=LINE('',#11237,#5710);
#4876=LINE('',#11239,#5711);
#4877=LINE('',#11243,#5712);
#4878=LINE('',#11245,#5713);
#4879=LINE('',#11249,#5714);
#4880=LINE('',#11253,#5715);
#4881=LINE('',#11257,#5716);
#4882=LINE('',#11261,#5717);
#4883=LINE('',#11266,#5718);
#4884=LINE('',#11270,#5719);
#4885=LINE('',#11274,#5720);
#4886=LINE('',#11278,#5721);
#4887=LINE('',#11282,#5722);
#4888=LINE('',#11284,#5723);
#4889=LINE('',#11288,#5724);
#4890=LINE('',#11290,#5725);
#4891=LINE('',#11292,#5726);
#4892=LINE('',#11294,#5727);
#4893=LINE('',#11302,#5728);
#4894=LINE('',#11304,#5729);
#4895=LINE('',#11306,#5730);
#4896=LINE('',#11310,#5731);
#4897=LINE('',#11314,#5732);
#4898=LINE('',#11318,#5733);
#4899=LINE('',#11320,#5734);
#4900=LINE('',#11322,#5735);
#4901=LINE('',#11324,#5736);
#4902=LINE('',#11328,#5737);
#4903=LINE('',#11332,#5738);
#4904=LINE('',#11334,#5739);
#4905=LINE('',#11337,#5740);
#4906=LINE('',#11339,#5741);
#4907=LINE('',#11341,#5742);
#4908=LINE('',#11343,#5743);
#4909=LINE('',#11347,#5744);
#4910=LINE('',#11351,#5745);
#4911=LINE('',#11357,#5746);
#4912=LINE('',#11359,#5747);
#4913=LINE('',#11363,#5748);
#4914=LINE('',#11365,#5749);
#4915=LINE('',#11367,#5750);
#4916=LINE('',#11369,#5751);
#4917=LINE('',#11371,#5752);
#4918=LINE('',#11373,#5753);
#4919=LINE('',#11375,#5754);
#4920=LINE('',#11377,#5755);
#4921=LINE('',#11379,#5756);
#4922=LINE('',#11381,#5757);
#4923=LINE('',#11383,#5758);
#4924=LINE('',#11385,#5759);
#4925=LINE('',#11387,#5760);
#4926=LINE('',#11389,#5761);
#4927=LINE('',#11391,#5762);
#4928=LINE('',#11395,#5763);
#4929=LINE('',#11397,#5764);
#4930=LINE('',#11403,#5765);
#4931=LINE('',#11407,#5766);
#4932=LINE('',#11411,#5767);
#4933=LINE('',#11413,#5768);
#4934=LINE('',#11415,#5769);
#4935=LINE('',#11417,#5770);
#4936=LINE('',#11430,#5771);
#4937=LINE('',#11442,#5772);
#4938=LINE('',#11443,#5773);
#4939=LINE('',#11447,#5774);
#4940=LINE('',#11449,#5775);
#4941=LINE('',#11452,#5776);
#4942=LINE('',#11454,#5777);
#4943=LINE('',#11456,#5778);
#4944=LINE('',#11460,#5779);
#4945=LINE('',#11464,#5780);
#4946=LINE('',#11468,#5781);
#4947=LINE('',#11470,#5782);
#4948=LINE('',#11472,#5783);
#4949=LINE('',#11480,#5784);
#4950=LINE('',#11484,#5785);
#4951=LINE('',#11486,#5786);
#4952=LINE('',#11488,#5787);
#4953=LINE('',#11492,#5788);
#4954=LINE('',#11496,#5789);
#4955=LINE('',#11500,#5790);
#4956=LINE('',#11502,#5791);
#4957=LINE('',#11504,#5792);
#4958=LINE('',#11506,#5793);
#4959=LINE('',#11510,#5794);
#4960=LINE('',#11512,#5795);
#4961=LINE('',#11514,#5796);
#4962=LINE('',#11518,#5797);
#4963=LINE('',#11526,#5798);
#4964=LINE('',#11528,#5799);
#4965=LINE('',#11530,#5800);
#4966=LINE('',#11534,#5801);
#4967=LINE('',#11538,#5802);
#4968=LINE('',#11542,#5803);
#4969=LINE('',#11544,#5804);
#4970=LINE('',#11546,#5805);
#4971=LINE('',#11548,#5806);
#4972=LINE('',#11550,#5807);
#4973=LINE('',#11552,#5808);
#4974=LINE('',#11556,#5809);
#4975=LINE('',#11560,#5810);
#4976=LINE('',#11570,#5811);
#4977=LINE('',#11580,#5812);
#4978=LINE('',#11584,#5813);
#4979=LINE('',#11588,#5814);
#4980=LINE('',#11592,#5815);
#4981=LINE('',#11593,#5816);
#4982=LINE('',#11596,#5817);
#4983=LINE('',#11598,#5818);
#4984=LINE('',#11600,#5819);
#4985=LINE('',#11602,#5820);
#4986=LINE('',#11604,#5821);
#4987=LINE('',#11608,#5822);
#4988=LINE('',#11612,#5823);
#4989=LINE('',#11662,#5824);
#4990=LINE('',#11668,#5825);
#4991=LINE('',#11670,#5826);
#4992=LINE('',#11674,#5827);
#4993=LINE('',#11677,#5828);
#4994=LINE('',#11681,#5829);
#4995=LINE('',#11686,#5830);
#4996=LINE('',#11688,#5831);
#4997=LINE('',#11691,#5832);
#4998=LINE('',#11695,#5833);
#4999=LINE('',#11698,#5834);
#5000=LINE('',#11705,#5835);
#5001=LINE('',#11707,#5836);
#5002=LINE('',#11709,#5837);
#5003=LINE('',#11712,#5838);
#5004=LINE('',#11719,#5839);
#5005=LINE('',#11721,#5840);
#5006=LINE('',#11723,#5841);
#5007=LINE('',#11726,#5842);
#5008=LINE('',#11730,#5843);
#5009=LINE('',#11735,#5844);
#5010=LINE('',#11737,#5845);
#5011=LINE('',#11740,#5846);
#5012=LINE('',#11744,#5847);
#5013=LINE('',#11747,#5848);
#5014=LINE('',#11749,#5849);
#5015=LINE('',#11751,#5850);
#5016=LINE('',#11753,#5851);
#5017=LINE('',#11755,#5852);
#5018=LINE('',#11757,#5853);
#5019=LINE('',#11758,#5854);
#5020=LINE('',#11760,#5855);
#5021=LINE('',#11764,#5856);
#5022=LINE('',#11767,#5857);
#5023=LINE('',#11771,#5858);
#5024=LINE('',#11773,#5859);
#5025=LINE('',#11774,#5860);
#5026=LINE('',#11776,#5861);
#5027=LINE('',#11778,#5862);
#5028=LINE('',#11779,#5863);
#5029=LINE('',#11781,#5864);
#5030=LINE('',#11784,#5865);
#5031=LINE('',#11786,#5866);
#5032=LINE('',#11787,#5867);
#5033=LINE('',#11789,#5868);
#5034=LINE('',#11791,#5869);
#5035=LINE('',#11792,#5870);
#5036=LINE('',#11794,#5871);
#5037=LINE('',#11798,#5872);
#5038=LINE('',#11801,#5873);
#5039=LINE('',#11805,#5874);
#5040=LINE('',#11807,#5875);
#5041=LINE('',#11808,#5876);
#5042=LINE('',#11810,#5877);
#5043=LINE('',#11812,#5878);
#5044=LINE('',#11814,#5879);
#5045=LINE('',#11815,#5880);
#5046=LINE('',#11817,#5881);
#5047=LINE('',#11820,#5882);
#5048=LINE('',#11822,#5883);
#5049=LINE('',#11824,#5884);
#5050=LINE('',#11826,#5885);
#5051=LINE('',#11828,#5886);
#5052=LINE('',#11830,#5887);
#5053=LINE('',#11833,#5888);
#5054=LINE('',#11835,#5889);
#5055=LINE('',#11839,#5890);
#5056=LINE('',#11843,#5891);
#5057=LINE('',#11845,#5892);
#5058=LINE('',#11847,#5893);
#5059=LINE('',#11851,#5894);
#5060=LINE('',#11854,#5895);
#5061=LINE('',#11855,#5896);
#5062=LINE('',#11857,#5897);
#5063=LINE('',#11861,#5898);
#5064=LINE('',#11865,#5899);
#5065=LINE('',#11867,#5900);
#5066=LINE('',#11868,#5901);
#5067=LINE('',#11870,#5902);
#5068=LINE('',#11871,#5903);
#5069=LINE('',#11873,#5904);
#5070=LINE('',#11874,#5905);
#5071=LINE('',#11883,#5906);
#5072=LINE('',#11888,#5907);
#5073=LINE('',#11895,#5908);
#5074=LINE('',#11901,#5909);
#5075=LINE('',#11906,#5910);
#5076=LINE('',#11910,#5911);
#5077=LINE('',#11914,#5912);
#5078=LINE('',#11918,#5913);
#5079=LINE('',#11923,#5914);
#5080=LINE('',#11927,#5915);
#5081=LINE('',#11931,#5916);
#5082=LINE('',#11939,#5917);
#5083=LINE('',#11943,#5918);
#5084=LINE('',#11945,#5919);
#5085=LINE('',#11947,#5920);
#5086=LINE('',#11950,#5921);
#5087=LINE('',#11952,#5922);
#5088=LINE('',#11954,#5923);
#5089=LINE('',#11956,#5924);
#5090=LINE('',#11960,#5925);
#5091=LINE('',#11964,#5926);
#5092=LINE('',#11966,#5927);
#5093=LINE('',#11968,#5928);
#5094=LINE('',#11970,#5929);
#5095=LINE('',#11972,#5930);
#5096=LINE('',#11974,#5931);
#5097=LINE('',#11977,#5932);
#5098=LINE('',#11979,#5933);
#5099=LINE('',#11987,#5934);
#5100=LINE('',#11988,#5935);
#5101=LINE('',#11995,#5936);
#5102=LINE('',#11997,#5937);
#5103=LINE('',#12004,#5938);
#5104=LINE('',#12011,#5939);
#5105=LINE('',#12013,#5940);
#5106=LINE('',#12016,#5941);
#5107=LINE('',#12018,#5942);
#5108=LINE('',#12020,#5943);
#5109=LINE('',#12021,#5944);
#5110=LINE('',#12023,#5945);
#5111=LINE('',#12029,#5946);
#5112=LINE('',#12033,#5947);
#5113=LINE('',#12035,#5948);
#5114=LINE('',#12037,#5949);
#5115=LINE('',#12039,#5950);
#5116=LINE('',#12041,#5951);
#5117=LINE('',#12043,#5952);
#5118=LINE('',#12045,#5953);
#5119=LINE('',#12049,#5954);
#5120=LINE('',#12053,#5955);
#5121=LINE('',#12055,#5956);
#5122=LINE('',#12056,#5957);
#5123=LINE('',#12058,#5958);
#5124=LINE('',#12060,#5959);
#5125=LINE('',#12062,#5960);
#5126=LINE('',#12066,#5961);
#5127=LINE('',#12068,#5962);
#5128=LINE('',#12070,#5963);
#5129=LINE('',#12073,#5964);
#5130=LINE('',#12075,#5965);
#5131=LINE('',#12076,#5966);
#5132=LINE('',#12083,#5967);
#5133=LINE('',#12091,#5968);
#5134=LINE('',#12095,#5969);
#5135=LINE('',#12098,#5970);
#5136=LINE('',#12100,#5971);
#5137=LINE('',#12102,#5972);
#5138=LINE('',#12105,#5973);
#5139=LINE('',#12109,#5974);
#5140=LINE('',#12111,#5975);
#5141=LINE('',#12113,#5976);
#5142=LINE('',#12115,#5977);
#5143=LINE('',#12118,#5978);
#5144=LINE('',#12120,#5979);
#5145=LINE('',#12122,#5980);
#5146=LINE('',#12125,#5981);
#5147=LINE('',#12127,#5982);
#5148=LINE('',#12129,#5983);
#5149=LINE('',#12130,#5984);
#5150=LINE('',#12132,#5985);
#5151=LINE('',#12133,#5986);
#5152=LINE('',#12135,#5987);
#5153=LINE('',#12137,#5988);
#5154=LINE('',#12139,#5989);
#5155=LINE('',#12141,#5990);
#5156=LINE('',#12143,#5991);
#5157=LINE('',#12151,#5992);
#5158=LINE('',#12163,#5993);
#5159=LINE('',#12167,#5994);
#5160=LINE('',#12169,#5995);
#5161=LINE('',#12170,#5996);
#5162=LINE('',#12172,#5997);
#5163=LINE('',#12188,#5998);
#5164=LINE('',#12194,#5999);
#5165=LINE('',#12196,#6000);
#5166=LINE('',#12201,#6001);
#5167=LINE('',#12203,#6002);
#5168=LINE('',#12205,#6003);
#5169=LINE('',#12207,#6004);
#5170=LINE('',#12209,#6005);
#5171=LINE('',#12215,#6006);
#5172=LINE('',#12221,#6007);
#5173=LINE('',#12225,#6008);
#5174=LINE('',#12227,#6009);
#5175=LINE('',#12230,#6010);
#5176=LINE('',#12232,#6011);
#5177=LINE('',#12234,#6012);
#5178=LINE('',#12236,#6013);
#5179=LINE('',#12238,#6014);
#5180=LINE('',#12240,#6015);
#5181=LINE('',#12252,#6016);
#5182=LINE('',#12259,#6017);
#5183=LINE('',#12261,#6018);
#5184=LINE('',#12265,#6019);
#5185=LINE('',#12267,#6020);
#5186=LINE('',#12269,#6021);
#5187=LINE('',#12271,#6022);
#5188=LINE('',#12273,#6023);
#5189=LINE('',#12275,#6024);
#5190=LINE('',#12284,#6025);
#5191=LINE('',#12287,#6026);
#5192=LINE('',#12290,#6027);
#5193=LINE('',#12293,#6028);
#5194=LINE('',#12296,#6029);
#5195=LINE('',#12298,#6030);
#5196=LINE('',#12300,#6031);
#5197=LINE('',#12302,#6032);
#5198=LINE('',#12305,#6033);
#5199=LINE('',#12307,#6034);
#5200=LINE('',#12309,#6035);
#5201=LINE('',#12312,#6036);
#5202=LINE('',#12314,#6037);
#5203=LINE('',#12316,#6038);
#5204=LINE('',#12318,#6039);
#5205=LINE('',#12320,#6040);
#5206=LINE('',#12322,#6041);
#5207=LINE('',#12324,#6042);
#5208=LINE('',#12326,#6043);
#5209=LINE('',#12330,#6044);
#5210=LINE('',#12334,#6045);
#5211=LINE('',#12336,#6046);
#5212=LINE('',#12338,#6047);
#5213=LINE('',#12345,#6048);
#5214=LINE('',#12347,#6049);
#5215=LINE('',#12354,#6050);
#5216=LINE('',#12356,#6051);
#5217=LINE('',#12358,#6052);
#5218=LINE('',#12359,#6053);
#5219=LINE('',#12366,#6054);
#5220=LINE('',#12436,#6055);
#5221=LINE('',#12438,#6056);
#5222=LINE('',#12440,#6057);
#5223=LINE('',#12442,#6058);
#5224=LINE('',#12443,#6059);
#5225=LINE('',#12445,#6060);
#5226=LINE('',#12447,#6061);
#5227=LINE('',#12449,#6062);
#5228=LINE('',#12450,#6063);
#5229=LINE('',#12454,#6064);
#5230=LINE('',#12458,#6065);
#5231=LINE('',#12460,#6066);
#5232=LINE('',#12462,#6067);
#5233=LINE('',#12464,#6068);
#5234=LINE('',#12466,#6069);
#5235=LINE('',#12468,#6070);
#5236=LINE('',#12470,#6071);
#5237=LINE('',#12472,#6072);
#5238=LINE('',#12476,#6073);
#5239=LINE('',#12478,#6074);
#5240=LINE('',#12480,#6075);
#5241=LINE('',#12482,#6076);
#5242=LINE('',#12488,#6077);
#5243=LINE('',#12490,#6078);
#5244=LINE('',#12491,#6079);
#5245=LINE('',#12493,#6080);
#5246=LINE('',#12495,#6081);
#5247=LINE('',#12496,#6082);
#5248=LINE('',#12498,#6083);
#5249=LINE('',#12500,#6084);
#5250=LINE('',#12504,#6085);
#5251=LINE('',#12510,#6086);
#5252=LINE('',#12511,#6087);
#5253=LINE('',#12513,#6088);
#5254=LINE('',#12515,#6089);
#5255=LINE('',#12517,#6090);
#5256=LINE('',#12528,#6091);
#5257=LINE('',#12531,#6092);
#5258=LINE('',#12542,#6093);
#5259=LINE('',#12544,#6094);
#5260=LINE('',#12558,#6095);
#5261=LINE('',#12560,#6096);
#5262=LINE('',#12561,#6097);
#5263=LINE('',#12565,#6098);
#5264=LINE('',#12566,#6099);
#5265=LINE('',#12568,#6100);
#5266=LINE('',#12570,#6101);
#5267=LINE('',#12571,#6102);
#5268=LINE('',#12573,#6103);
#5269=LINE('',#12575,#6104);
#5270=LINE('',#12579,#6105);
#5271=LINE('',#12581,#6106);
#5272=LINE('',#12583,#6107);
#5273=LINE('',#12609,#6108);
#5274=LINE('',#12611,#6109);
#5275=LINE('',#12614,#6110);
#5276=LINE('',#12623,#6111);
#5277=LINE('',#12625,#6112);
#5278=LINE('',#12630,#6113);
#5279=LINE('',#12632,#6114);
#5280=LINE('',#12634,#6115);
#5281=LINE('',#12636,#6116);
#5282=LINE('',#12638,#6117);
#5283=LINE('',#12640,#6118);
#5284=LINE('',#12650,#6119);
#5285=LINE('',#12652,#6120);
#5286=LINE('',#12654,#6121);
#5287=LINE('',#12656,#6122);
#5288=LINE('',#12658,#6123);
#5289=LINE('',#12660,#6124);
#5290=LINE('',#12663,#6125);
#5291=LINE('',#12664,#6126);
#5292=LINE('',#12666,#6127);
#5293=LINE('',#12668,#6128);
#5294=LINE('',#12670,#6129);
#5295=LINE('',#12672,#6130);
#5296=LINE('',#12674,#6131);
#5297=LINE('',#12676,#6132);
#5298=LINE('',#12678,#6133);
#5299=LINE('',#12679,#6134);
#5300=LINE('',#12681,#6135);
#5301=LINE('',#12683,#6136);
#5302=LINE('',#12686,#6137);
#5303=LINE('',#12689,#6138);
#5304=LINE('',#12693,#6139);
#5305=LINE('',#12695,#6140);
#5306=LINE('',#12697,#6141);
#5307=LINE('',#12699,#6142);
#5308=LINE('',#12701,#6143);
#5309=LINE('',#12703,#6144);
#5310=LINE('',#12705,#6145);
#5311=LINE('',#12707,#6146);
#5312=LINE('',#12709,#6147);
#5313=LINE('',#12710,#6148);
#5314=LINE('',#12712,#6149);
#5315=LINE('',#12715,#6150);
#5316=LINE('',#12717,#6151);
#5317=LINE('',#12719,#6152);
#5318=LINE('',#12721,#6153);
#5319=LINE('',#12723,#6154);
#5320=LINE('',#12725,#6155);
#5321=LINE('',#12727,#6156);
#5322=LINE('',#12729,#6157);
#5323=LINE('',#12731,#6158);
#5324=LINE('',#12733,#6159);
#5325=LINE('',#12736,#6160);
#5326=LINE('',#12737,#6161);
#5327=LINE('',#12739,#6162);
#5328=LINE('',#12742,#6163);
#5329=LINE('',#12744,#6164);
#5330=LINE('',#12746,#6165);
#5331=LINE('',#12748,#6166);
#5332=LINE('',#12750,#6167);
#5333=LINE('',#12751,#6168);
#5334=LINE('',#12753,#6169);
#5335=LINE('',#12755,#6170);
#5336=LINE('',#12757,#6171);
#5337=LINE('',#12759,#6172);
#5338=LINE('',#12761,#6173);
#5339=LINE('',#12763,#6174);
#5340=LINE('',#12765,#6175);
#5341=LINE('',#12767,#6176);
#5342=LINE('',#12769,#6177);
#5343=LINE('',#12772,#6178);
#5344=LINE('',#12775,#6179);
#5345=LINE('',#12777,#6180);
#5346=LINE('',#12779,#6181);
#5347=LINE('',#12781,#6182);
#5348=LINE('',#12783,#6183);
#5349=LINE('',#12785,#6184);
#5350=LINE('',#12787,#6185);
#5351=LINE('',#12789,#6186);
#5352=LINE('',#12791,#6187);
#5353=LINE('',#12793,#6188);
#5354=LINE('',#12795,#6189);
#5355=LINE('',#12797,#6190);
#5356=LINE('',#12799,#6191);
#5357=LINE('',#12801,#6192);
#5358=LINE('',#12803,#6193);
#5359=LINE('',#12806,#6194);
#5360=LINE('',#12808,#6195);
#5361=LINE('',#12810,#6196);
#5362=LINE('',#12812,#6197);
#5363=LINE('',#12813,#6198);
#5364=LINE('',#12815,#6199);
#5365=LINE('',#12816,#6200);
#5366=LINE('',#12818,#6201);
#5367=LINE('',#12819,#6202);
#5368=LINE('',#12821,#6203);
#5369=LINE('',#12823,#6204);
#5370=LINE('',#12825,#6205);
#5371=LINE('',#12827,#6206);
#5372=LINE('',#12829,#6207);
#5373=LINE('',#12831,#6208);
#5374=LINE('',#12833,#6209);
#5375=LINE('',#12835,#6210);
#5376=LINE('',#12837,#6211);
#5377=LINE('',#12839,#6212);
#5378=LINE('',#12841,#6213);
#5379=LINE('',#12843,#6214);
#5380=LINE('',#12845,#6215);
#5381=LINE('',#12847,#6216);
#5382=LINE('',#12849,#6217);
#5383=LINE('',#12851,#6218);
#5384=LINE('',#12853,#6219);
#5385=LINE('',#12854,#6220);
#5386=LINE('',#12856,#6221);
#5387=LINE('',#12858,#6222);
#5388=LINE('',#12860,#6223);
#5389=LINE('',#12864,#6224);
#5390=LINE('',#12866,#6225);
#5391=LINE('',#12868,#6226);
#5392=LINE('',#12870,#6227);
#5393=LINE('',#12872,#6228);
#5394=LINE('',#12874,#6229);
#5395=LINE('',#12876,#6230);
#5396=LINE('',#12881,#6231);
#5397=LINE('',#12885,#6232);
#5398=LINE('',#12887,#6233);
#5399=LINE('',#12896,#6234);
#5400=LINE('',#12902,#6235);
#5401=LINE('',#13000,#6236);
#5402=LINE('',#13001,#6237);
#5403=LINE('',#13003,#6238);
#5404=LINE('',#13006,#6239);
#5405=LINE('',#13009,#6240);
#5406=LINE('',#13011,#6241);
#5407=LINE('',#13013,#6242);
#5408=LINE('',#13014,#6243);
#5409=LINE('',#13018,#6244);
#5410=LINE('',#13020,#6245);
#5411=LINE('',#13027,#6246);
#5412=LINE('',#13036,#6247);
#5413=LINE('',#13037,#6248);
#5414=LINE('',#13039,#6249);
#5415=LINE('',#13048,#6250);
#5416=LINE('',#13060,#6251);
#5417=LINE('',#13063,#6252);
#5418=LINE('',#13065,#6253);
#5419=LINE('',#13067,#6254);
#5420=LINE('',#13068,#6255);
#5421=LINE('',#13070,#6256);
#5422=LINE('',#13074,#6257);
#5423=LINE('',#13076,#6258);
#5424=LINE('',#13078,#6259);
#5425=LINE('',#13080,#6260);
#5426=LINE('',#13083,#6261);
#5427=LINE('',#13093,#6262);
#5428=LINE('',#13094,#6263);
#5429=LINE('',#13096,#6264);
#5430=LINE('',#13098,#6265);
#5431=LINE('',#13101,#6266);
#5432=LINE('',#13102,#6267);
#5433=LINE('',#13118,#6268);
#5434=LINE('',#13124,#6269);
#5435=LINE('',#13126,#6270);
#5436=LINE('',#13144,#6271);
#5437=LINE('',#13151,#6272);
#5438=LINE('',#13154,#6273);
#5439=LINE('',#13158,#6274);
#5440=LINE('',#13160,#6275);
#5441=LINE('',#13161,#6276);
#5442=LINE('',#13163,#6277);
#5443=LINE('',#13164,#6278);
#5444=LINE('',#13167,#6279);
#5445=LINE('',#13169,#6280);
#5446=LINE('',#13171,#6281);
#5447=LINE('',#13178,#6282);
#5448=LINE('',#13179,#6283);
#5449=LINE('',#13181,#6284);
#5450=LINE('',#13183,#6285);
#5451=LINE('',#13185,#6286);
#5452=LINE('',#13187,#6287);
#5453=LINE('',#13189,#6288);
#5454=LINE('',#13213,#6289);
#5455=LINE('',#13214,#6290);
#5456=LINE('',#13218,#6291);
#5457=LINE('',#13222,#6292);
#5458=LINE('',#13224,#6293);
#5459=LINE('',#13226,#6294);
#5460=LINE('',#13227,#6295);
#5461=LINE('',#13229,#6296);
#5462=LINE('',#13230,#6297);
#5463=LINE('',#13234,#6298);
#5464=LINE('',#13238,#6299);
#5465=LINE('',#13240,#6300);
#5466=LINE('',#13242,#6301);
#5467=LINE('',#13243,#6302);
#5468=LINE('',#13245,#6303);
#5469=LINE('',#13246,#6304);
#5470=LINE('',#13247,#6305);
#5471=LINE('',#13249,#6306);
#5472=LINE('',#13251,#6307);
#5473=LINE('',#13255,#6308);
#5474=LINE('',#13259,#6309);
#5475=LINE('',#13261,#6310);
#5476=LINE('',#13264,#6311);
#5477=LINE('',#13265,#6312);
#5478=LINE('',#13266,#6313);
#5479=LINE('',#13268,#6314);
#5480=LINE('',#13270,#6315);
#5481=LINE('',#13274,#6316);
#5482=LINE('',#13278,#6317);
#5483=LINE('',#13280,#6318);
#5484=LINE('',#13281,#6319);
#5485=LINE('',#13283,#6320);
#5486=LINE('',#13285,#6321);
#5487=LINE('',#13287,#6322);
#5488=LINE('',#13289,#6323);
#5489=LINE('',#13291,#6324);
#5490=LINE('',#13292,#6325);
#5491=LINE('',#13294,#6326);
#5492=LINE('',#13296,#6327);
#5493=LINE('',#13298,#6328);
#5494=LINE('',#13300,#6329);
#5495=LINE('',#13302,#6330);
#5496=LINE('',#13306,#6331);
#5497=LINE('',#13308,#6332);
#5498=LINE('',#13310,#6333);
#5499=LINE('',#13312,#6334);
#5500=LINE('',#13314,#6335);
#5501=LINE('',#13316,#6336);
#5502=LINE('',#13318,#6337);
#5503=LINE('',#13322,#6338);
#5504=LINE('',#13324,#6339);
#5505=LINE('',#13326,#6340);
#5506=LINE('',#13328,#6341);
#5507=LINE('',#13330,#6342);
#5508=LINE('',#13332,#6343);
#5509=LINE('',#13334,#6344);
#5510=LINE('',#13336,#6345);
#5511=LINE('',#13338,#6346);
#5512=LINE('',#13340,#6347);
#5513=LINE('',#13342,#6348);
#5514=LINE('',#13344,#6349);
#5515=LINE('',#13346,#6350);
#5516=LINE('',#13350,#6351);
#5517=LINE('',#13352,#6352);
#5518=LINE('',#13354,#6353);
#5519=LINE('',#13358,#6354);
#5520=LINE('',#13360,#6355);
#5521=LINE('',#13361,#6356);
#5522=LINE('',#13362,#6357);
#5523=LINE('',#13364,#6358);
#5524=LINE('',#13365,#6359);
#5525=LINE('',#13366,#6360);
#5526=LINE('',#13370,#6361);
#5527=LINE('',#13371,#6362);
#5528=LINE('',#13373,#6363);
#5529=LINE('',#13374,#6364);
#5530=LINE('',#13375,#6365);
#5531=LINE('',#13376,#6366);
#5532=LINE('',#13378,#6367);
#5533=LINE('',#13379,#6368);
#5534=LINE('',#13380,#6369);
#5535=LINE('',#13382,#6370);
#5536=LINE('',#13383,#6371);
#5537=LINE('',#13385,#6372);
#5538=LINE('',#13386,#6373);
#5539=LINE('',#13406,#6374);
#5540=LINE('',#13408,#6375);
#5541=LINE('',#13410,#6376);
#5542=LINE('',#13412,#6377);
#5543=LINE('',#13414,#6378);
#5544=LINE('',#13416,#6379);
#5545=LINE('',#13418,#6380);
#5546=LINE('',#13420,#6381);
#5547=LINE('',#13422,#6382);
#5548=LINE('',#13424,#6383);
#5549=LINE('',#13426,#6384);
#5550=LINE('',#13428,#6385);
#5551=LINE('',#13443,#6386);
#5552=LINE('',#13444,#6387);
#5553=LINE('',#13449,#6388);
#5554=LINE('',#13450,#6389);
#5555=LINE('',#13455,#6390);
#5556=LINE('',#13456,#6391);
#5557=LINE('',#13461,#6392);
#5558=LINE('',#13462,#6393);
#5559=LINE('',#13466,#6394);
#5560=LINE('',#13470,#6395);
#5561=LINE('',#13478,#6396);
#5562=LINE('',#13480,#6397);
#5563=LINE('',#13482,#6398);
#5564=LINE('',#13484,#6399);
#5565=LINE('',#13486,#6400);
#5566=LINE('',#13488,#6401);
#5567=LINE('',#13491,#6402);
#5568=LINE('',#13493,#6403);
#5569=LINE('',#13495,#6404);
#5570=LINE('',#13497,#6405);
#5571=LINE('',#13499,#6406);
#5572=LINE('',#13501,#6407);
#5573=LINE('',#13504,#6408);
#5574=LINE('',#13509,#6409);
#5575=LINE('',#13511,#6410);
#5576=LINE('',#13514,#6411);
#5577=LINE('',#13517,#6412);
#5578=LINE('',#13518,#6413);
#5579=LINE('',#13520,#6414);
#5580=LINE('',#13524,#6415);
#5581=LINE('',#13526,#6416);
#5582=LINE('',#13528,#6417);
#5583=LINE('',#13531,#6418);
#5584=LINE('',#13533,#6419);
#5585=LINE('',#13535,#6420);
#5586=LINE('',#13537,#6421);
#5587=LINE('',#13542,#6422);
#5588=LINE('',#13544,#6423);
#5589=LINE('',#13546,#6424);
#5590=LINE('',#13548,#6425);
#5591=LINE('',#13551,#6426);
#5592=LINE('',#13552,#6427);
#5593=LINE('',#13554,#6428);
#5594=LINE('',#13559,#6429);
#5595=LINE('',#13561,#6430);
#5596=LINE('',#13563,#6431);
#5597=LINE('',#13566,#6432);
#5598=LINE('',#13587,#6433);
#5599=LINE('',#13589,#6434);
#5600=LINE('',#13591,#6435);
#5601=LINE('',#13593,#6436);
#5602=LINE('',#13595,#6437);
#5603=LINE('',#13597,#6438);
#5604=LINE('',#13599,#6439);
#5605=LINE('',#13601,#6440);
#5606=LINE('',#13603,#6441);
#5607=LINE('',#13605,#6442);
#5608=LINE('',#13607,#6443);
#5609=LINE('',#13609,#6444);
#5610=LINE('',#13620,#6445);
#5611=LINE('',#13621,#6446);
#5612=LINE('',#13623,#6447);
#5613=LINE('',#13626,#6448);
#5614=LINE('',#13627,#6449);
#5615=LINE('',#13629,#6450);
#5616=LINE('',#13630,#6451);
#5617=LINE('',#13632,#6452);
#5618=LINE('',#13633,#6453);
#5619=LINE('',#13635,#6454);
#5620=LINE('',#13637,#6455);
#5621=LINE('',#13639,#6456);
#5622=LINE('',#13641,#6457);
#5623=LINE('',#13643,#6458);
#5624=LINE('',#13645,#6459);
#5625=LINE('',#13647,#6460);
#5626=LINE('',#13649,#6461);
#5627=LINE('',#13651,#6462);
#5628=LINE('',#13653,#6463);
#5629=LINE('',#13655,#6464);
#5630=LINE('',#13657,#6465);
#5631=LINE('',#13659,#6466);
#5632=LINE('',#13662,#6467);
#5633=LINE('',#13663,#6468);
#5634=LINE('',#13665,#6469);
#5635=LINE('',#13666,#6470);
#5636=LINE('',#13668,#6471);
#5637=LINE('',#13669,#6472);
#5638=LINE('',#13671,#6473);
#5639=LINE('',#13672,#6474);
#5640=LINE('',#13674,#6475);
#5641=LINE('',#13675,#6476);
#5642=LINE('',#13677,#6477);
#5643=LINE('',#13808,#6478);
#5644=LINE('',#13812,#6479);
#5645=LINE('',#13814,#6480);
#5646=LINE('',#13816,#6481);
#5647=LINE('',#13820,#6482);
#5648=LINE('',#13822,#6483);
#5649=LINE('',#13825,#6484);
#5650=LINE('',#13827,#6485);
#5651=LINE('',#13829,#6486);
#5652=LINE('',#13831,#6487);
#5653=LINE('',#13835,#6488);
#5654=LINE('',#13837,#6489);
#5655=LINE('',#13841,#6490);
#5656=LINE('',#13843,#6491);
#5657=LINE('',#13847,#6492);
#5658=LINE('',#13849,#6493);
#5659=LINE('',#13851,#6494);
#5660=LINE('',#13857,#6495);
#5661=LINE('',#13861,#6496);
#5662=LINE('',#13865,#6497);
#5663=LINE('',#13867,#6498);
#5664=LINE('',#13869,#6499);
#5665=LINE('',#13871,#6500);
#5666=LINE('',#13875,#6501);
#5667=LINE('',#13879,#6502);
#5668=LINE('',#13881,#6503);
#5669=LINE('',#13887,#6504);
#5670=VECTOR('',#8849,1.);
#5671=VECTOR('',#8850,1.);
#5672=VECTOR('',#8851,1.);
#5673=VECTOR('',#8852,1.);
#5674=VECTOR('',#8855,1.);
#5675=VECTOR('',#8858,1.);
#5676=VECTOR('',#8861,1.);
#5677=VECTOR('',#8864,1.);
#5678=VECTOR('',#8867,1.);
#5679=VECTOR('',#8868,1.);
#5680=VECTOR('',#8869,1.);
#5681=VECTOR('',#8870,1.);
#5682=VECTOR('',#8871,1.);
#5683=VECTOR('',#8872,1.);
#5684=VECTOR('',#8873,1.);
#5685=VECTOR('',#8874,1.);
#5686=VECTOR('',#8875,1.);
#5687=VECTOR('',#8876,1.);
#5688=VECTOR('',#8877,1.);
#5689=VECTOR('',#8878,1.);
#5690=VECTOR('',#8879,1.);
#5691=VECTOR('',#8880,1.);
#5692=VECTOR('',#8881,1.);
#5693=VECTOR('',#8882,1.);
#5694=VECTOR('',#8883,1.);
#5695=VECTOR('',#8884,1.);
#5696=VECTOR('',#8885,1.);
#5697=VECTOR('',#8886,1.);
#5698=VECTOR('',#8897,1.);
#5699=VECTOR('',#8900,1.);
#5700=VECTOR('',#8909,1.);
#5701=VECTOR('',#8918,1.);
#5702=VECTOR('',#8921,1.);
#5703=VECTOR('',#8924,1.);
#5704=VECTOR('',#8927,1.);
#5705=VECTOR('',#8930,1.);
#5706=VECTOR('',#8931,1.);
#5707=VECTOR('',#8932,1.);
#5708=VECTOR('',#8939,1.);
#5709=VECTOR('',#8940,1.);
#5710=VECTOR('',#8941,1.);
#5711=VECTOR('',#8942,1.);
#5712=VECTOR('',#8945,1.);
#5713=VECTOR('',#8946,1.);
#5714=VECTOR('',#8949,1.);
#5715=VECTOR('',#8952,1.);
#5716=VECTOR('',#8955,1.);
#5717=VECTOR('',#8958,1.);
#5718=VECTOR('',#8963,1.);
#5719=VECTOR('',#8966,1.);
#5720=VECTOR('',#8969,1.);
#5721=VECTOR('',#8972,1.);
#5722=VECTOR('',#8975,1.);
#5723=VECTOR('',#8976,1.);
#5724=VECTOR('',#8979,1.);
#5725=VECTOR('',#8980,1.);
#5726=VECTOR('',#8981,1.);
#5727=VECTOR('',#8982,1.);
#5728=VECTOR('',#8989,1.);
#5729=VECTOR('',#8990,1.);
#5730=VECTOR('',#8991,1.);
#5731=VECTOR('',#8994,1.);
#5732=VECTOR('',#8997,1.);
#5733=VECTOR('',#9002,1.);
#5734=VECTOR('',#9003,1.);
#5735=VECTOR('',#9004,1.);
#5736=VECTOR('',#9005,1.);
#5737=VECTOR('',#9008,1.);
#5738=VECTOR('',#9011,1.);
#5739=VECTOR('',#9014,1.);
#5740=VECTOR('',#9015,1.);
#5741=VECTOR('',#9016,1.);
#5742=VECTOR('',#9017,1.);
#5743=VECTOR('',#9018,1.);
#5744=VECTOR('',#9021,1.);
#5745=VECTOR('',#9024,1.);
#5746=VECTOR('',#9029,1.);
#5747=VECTOR('',#9030,1.);
#5748=VECTOR('',#9033,1.);
#5749=VECTOR('',#9034,1.);
#5750=VECTOR('',#9035,1.);
#5751=VECTOR('',#9036,1.);
#5752=VECTOR('',#9037,1.);
#5753=VECTOR('',#9038,1.);
#5754=VECTOR('',#9039,1.);
#5755=VECTOR('',#9040,1.);
#5756=VECTOR('',#9041,1.);
#5757=VECTOR('',#9042,1.);
#5758=VECTOR('',#9043,1.);
#5759=VECTOR('',#9044,1.);
#5760=VECTOR('',#9045,1.);
#5761=VECTOR('',#9046,1.);
#5762=VECTOR('',#9047,1.);
#5763=VECTOR('',#9050,1.);
#5764=VECTOR('',#9051,1.);
#5765=VECTOR('',#9056,1.);
#5766=VECTOR('',#9059,1.);
#5767=VECTOR('',#9062,1.);
#5768=VECTOR('',#9063,1.);
#5769=VECTOR('',#9064,1.);
#5770=VECTOR('',#9065,1.);
#5771=VECTOR('',#9076,1.);
#5772=VECTOR('',#9085,1.);
#5773=VECTOR('',#9086,1.);
#5774=VECTOR('',#9089,1.);
#5775=VECTOR('',#9092,1.);
#5776=VECTOR('',#9093,1.);
#5777=VECTOR('',#9094,1.);
#5778=VECTOR('',#9095,1.);
#5779=VECTOR('',#9098,1.);
#5780=VECTOR('',#9101,1.);
#5781=VECTOR('',#9104,1.);
#5782=VECTOR('',#9105,1.);
#5783=VECTOR('',#9106,1.);
#5784=VECTOR('',#9113,1.);
#5785=VECTOR('',#9116,1.);
#5786=VECTOR('',#9117,1.);
#5787=VECTOR('',#9118,1.);
#5788=VECTOR('',#9121,1.);
#5789=VECTOR('',#9124,1.);
#5790=VECTOR('',#9127,1.);
#5791=VECTOR('',#9128,1.);
#5792=VECTOR('',#9129,1.);
#5793=VECTOR('',#9130,1.);
#5794=VECTOR('',#9133,1.);
#5795=VECTOR('',#9134,1.);
#5796=VECTOR('',#9135,1.);
#5797=VECTOR('',#9138,1.);
#5798=VECTOR('',#9145,1.);
#5799=VECTOR('',#9146,1.);
#5800=VECTOR('',#9147,1.);
#5801=VECTOR('',#9150,1.);
#5802=VECTOR('',#9153,1.);
#5803=VECTOR('',#9156,1.);
#5804=VECTOR('',#9157,1.);
#5805=VECTOR('',#9158,1.);
#5806=VECTOR('',#9159,1.);
#5807=VECTOR('',#9160,1.);
#5808=VECTOR('',#9161,1.);
#5809=VECTOR('',#9164,1.);
#5810=VECTOR('',#9167,1.);
#5811=VECTOR('',#9176,1.);
#5812=VECTOR('',#9185,1.);
#5813=VECTOR('',#9188,1.);
#5814=VECTOR('',#9191,1.);
#5815=VECTOR('',#9194,1.);
#5816=VECTOR('',#9195,1.);
#5817=VECTOR('',#9196,1.);
#5818=VECTOR('',#9197,1.);
#5819=VECTOR('',#9198,1.);
#5820=VECTOR('',#9199,1.);
#5821=VECTOR('',#9200,1.);
#5822=VECTOR('',#9203,1.);
#5823=VECTOR('',#9206,1.);
#5824=VECTOR('',#9217,1.);
#5825=VECTOR('',#9224,1.);
#5826=VECTOR('',#9227,1.);
#5827=VECTOR('',#9232,1.);
#5828=VECTOR('',#9233,1.);
#5829=VECTOR('',#9238,1.);
#5830=VECTOR('',#9241,1.);
#5831=VECTOR('',#9244,1.);
#5832=VECTOR('',#9245,1.);
#5833=VECTOR('',#9250,1.);
#5834=VECTOR('',#9251,1.);
#5835=VECTOR('',#9258,1.);
#5836=VECTOR('',#9259,1.);
#5837=VECTOR('',#9262,1.);
#5838=VECTOR('',#9263,1.);
#5839=VECTOR('',#9270,1.);
#5840=VECTOR('',#9271,1.);
#5841=VECTOR('',#9274,1.);
#5842=VECTOR('',#9275,1.);
#5843=VECTOR('',#9280,1.);
#5844=VECTOR('',#9283,1.);
#5845=VECTOR('',#9286,1.);
#5846=VECTOR('',#9287,1.);
#5847=VECTOR('',#9292,1.);
#5848=VECTOR('',#9293,1.);
#5849=VECTOR('',#9294,1.);
#5850=VECTOR('',#9295,1.);
#5851=VECTOR('',#9296,1.);
#5852=VECTOR('',#9297,1.);
#5853=VECTOR('',#9298,1.);
#5854=VECTOR('',#9299,1.);
#5855=VECTOR('',#9300,1.);
#5856=VECTOR('',#9305,1.);
#5857=VECTOR('',#9306,1.);
#5858=VECTOR('',#9309,1.);
#5859=VECTOR('',#9310,1.);
#5860=VECTOR('',#9311,1.);
#5861=VECTOR('',#9312,1.);
#5862=VECTOR('',#9313,1.);
#5863=VECTOR('',#9314,1.);
#5864=VECTOR('',#9317,1.);
#5865=VECTOR('',#9318,1.);
#5866=VECTOR('',#9319,1.);
#5867=VECTOR('',#9320,1.);
#5868=VECTOR('',#9321,1.);
#5869=VECTOR('',#9322,1.);
#5870=VECTOR('',#9323,1.);
#5871=VECTOR('',#9324,1.);
#5872=VECTOR('',#9329,1.);
#5873=VECTOR('',#9330,1.);
#5874=VECTOR('',#9333,1.);
#5875=VECTOR('',#9334,1.);
#5876=VECTOR('',#9335,1.);
#5877=VECTOR('',#9336,1.);
#5878=VECTOR('',#9337,1.);
#5879=VECTOR('',#9338,1.);
#5880=VECTOR('',#9339,1.);
#5881=VECTOR('',#9342,1.);
#5882=VECTOR('',#9343,1.);
#5883=VECTOR('',#9344,1.);
#5884=VECTOR('',#9345,1.);
#5885=VECTOR('',#9346,1.);
#5886=VECTOR('',#9347,1.);
#5887=VECTOR('',#9350,1.);
#5888=VECTOR('',#9351,1.);
#5889=VECTOR('',#9352,1.);
#5890=VECTOR('',#9355,1.);
#5891=VECTOR('',#9358,1.);
#5892=VECTOR('',#9359,1.);
#5893=VECTOR('',#9360,1.);
#5894=VECTOR('',#9363,1.);
#5895=VECTOR('',#9366,1.);
#5896=VECTOR('',#9367,1.);
#5897=VECTOR('',#9370,1.);
#5898=VECTOR('',#9373,1.);
#5899=VECTOR('',#9376,1.);
#5900=VECTOR('',#9379,1.);
#5901=VECTOR('',#9380,1.);
#5902=VECTOR('',#9383,1.);
#5903=VECTOR('',#9384,1.);
#5904=VECTOR('',#9387,1.);
#5905=VECTOR('',#9388,1.);
#5906=VECTOR('',#9391,1.);
#5907=VECTOR('',#9398,1.);
#5908=VECTOR('',#9407,1.);
#5909=VECTOR('',#9416,1.);
#5910=VECTOR('',#9419,1.);
#5911=VECTOR('',#9422,1.);
#5912=VECTOR('',#9425,1.);
#5913=VECTOR('',#9430,1.);
#5914=VECTOR('',#9433,1.);
#5915=VECTOR('',#9436,1.);
#5916=VECTOR('',#9439,1.);
#5917=VECTOR('',#9448,1.);
#5918=VECTOR('',#9451,1.);
#5919=VECTOR('',#9452,1.);
#5920=VECTOR('',#9453,1.);
#5921=VECTOR('',#9456,1.);
#5922=VECTOR('',#9457,1.);
#5923=VECTOR('',#9458,1.);
#5924=VECTOR('',#9459,1.);
#5925=VECTOR('',#9462,1.);
#5926=VECTOR('',#9465,1.);
#5927=VECTOR('',#9466,1.);
#5928=VECTOR('',#9467,1.);
#5929=VECTOR('',#9468,1.);
#5930=VECTOR('',#9469,1.);
#5931=VECTOR('',#9470,1.);
#5932=VECTOR('',#9473,1.);
#5933=VECTOR('',#9476,1.);
#5934=VECTOR('',#9477,1.);
#5935=VECTOR('',#9478,1.);
#5936=VECTOR('',#9481,1.);
#5937=VECTOR('',#9482,1.);
#5938=VECTOR('',#9485,1.);
#5939=VECTOR('',#9486,1.);
#5940=VECTOR('',#9489,1.);
#5941=VECTOR('',#9490,1.);
#5942=VECTOR('',#9491,1.);
#5943=VECTOR('',#9492,1.);
#5944=VECTOR('',#9493,1.);
#5945=VECTOR('',#9496,1.);
#5946=VECTOR('',#9501,1.);
#5947=VECTOR('',#9504,1.);
#5948=VECTOR('',#9505,1.);
#5949=VECTOR('',#9506,1.);
#5950=VECTOR('',#9507,1.);
#5951=VECTOR('',#9508,1.);
#5952=VECTOR('',#9509,1.);
#5953=VECTOR('',#9510,1.);
#5954=VECTOR('',#9513,1.);
#5955=VECTOR('',#9516,1.);
#5956=VECTOR('',#9517,1.);
#5957=VECTOR('',#9518,1.);
#5958=VECTOR('',#9519,1.);
#5959=VECTOR('',#9520,1.);
#5960=VECTOR('',#9521,1.);
#5961=VECTOR('',#9524,1.);
#5962=VECTOR('',#9525,1.);
#5963=VECTOR('',#9528,1.);
#5964=VECTOR('',#9531,1.);
#5965=VECTOR('',#9534,1.);
#5966=VECTOR('',#9535,1.);
#5967=VECTOR('',#9544,1.);
#5968=VECTOR('',#9545,1.);
#5969=VECTOR('',#9550,1.);
#5970=VECTOR('',#9551,1.);
#5971=VECTOR('',#9552,1.);
#5972=VECTOR('',#9555,1.);
#5973=VECTOR('',#9556,1.);
#5974=VECTOR('',#9559,1.);
#5975=VECTOR('',#9560,1.);
#5976=VECTOR('',#9561,1.);
#5977=VECTOR('',#9564,1.);
#5978=VECTOR('',#9565,1.);
#5979=VECTOR('',#9566,1.);
#5980=VECTOR('',#9569,1.);
#5981=VECTOR('',#9570,1.);
#5982=VECTOR('',#9571,1.);
#5983=VECTOR('',#9572,1.);
#5984=VECTOR('',#9573,1.);
#5985=VECTOR('',#9574,1.);
#5986=VECTOR('',#9575,1.);
#5987=VECTOR('',#9576,1.);
#5988=VECTOR('',#9577,1.);
#5989=VECTOR('',#9578,1.);
#5990=VECTOR('',#9579,1.);
#5991=VECTOR('',#9580,1.);
#5992=VECTOR('',#9583,1.);
#5993=VECTOR('',#9584,1.);
#5994=VECTOR('',#9589,1.);
#5995=VECTOR('',#9590,1.);
#5996=VECTOR('',#9591,1.);
#5997=VECTOR('',#9592,1.);
#5998=VECTOR('',#9603,1.);
#5999=VECTOR('',#9604,1.);
#6000=VECTOR('',#9607,1.);
#6001=VECTOR('',#9610,1.);
#6002=VECTOR('',#9611,1.);
#6003=VECTOR('',#9612,1.);
#6004=VECTOR('',#9613,1.);
#6005=VECTOR('',#9616,1.);
#6006=VECTOR('',#9621,1.);
#6007=VECTOR('',#9628,1.);
#6008=VECTOR('',#9631,1.);
#6009=VECTOR('',#9634,1.);
#6010=VECTOR('',#9635,1.);
#6011=VECTOR('',#9636,1.);
#6012=VECTOR('',#9637,1.);
#6013=VECTOR('',#9638,1.);
#6014=VECTOR('',#9641,1.);
#6015=VECTOR('',#9642,1.);
#6016=VECTOR('',#9647,1.);
#6017=VECTOR('',#9656,1.);
#6018=VECTOR('',#9657,1.);
#6019=VECTOR('',#9660,1.);
#6020=VECTOR('',#9661,1.);
#6021=VECTOR('',#9662,1.);
#6022=VECTOR('',#9663,1.);
#6023=VECTOR('',#9664,1.);
#6024=VECTOR('',#9667,1.);
#6025=VECTOR('',#9672,1.);
#6026=VECTOR('',#9673,1.);
#6027=VECTOR('',#9678,1.);
#6028=VECTOR('',#9679,1.);
#6029=VECTOR('',#9682,1.);
#6030=VECTOR('',#9683,1.);
#6031=VECTOR('',#9684,1.);
#6032=VECTOR('',#9685,1.);
#6033=VECTOR('',#9690,1.);
#6034=VECTOR('',#9691,1.);
#6035=VECTOR('',#9692,1.);
#6036=VECTOR('',#9695,1.);
#6037=VECTOR('',#9696,1.);
#6038=VECTOR('',#9697,1.);
#6039=VECTOR('',#9698,1.);
#6040=VECTOR('',#9699,1.);
#6041=VECTOR('',#9700,1.);
#6042=VECTOR('',#9701,1.);
#6043=VECTOR('',#9702,1.);
#6044=VECTOR('',#9705,1.);
#6045=VECTOR('',#9708,1.);
#6046=VECTOR('',#9711,1.);
#6047=VECTOR('',#9712,1.);
#6048=VECTOR('',#9713,1.);
#6049=VECTOR('',#9716,1.);
#6050=VECTOR('',#9719,1.);
#6051=VECTOR('',#9722,1.);
#6052=VECTOR('',#9723,1.);
#6053=VECTOR('',#9724,1.);
#6054=VECTOR('',#9725,1.);
#6055=VECTOR('',#9732,1.);
#6056=VECTOR('',#9735,1.);
#6057=VECTOR('',#9736,1.);
#6058=VECTOR('',#9737,1.);
#6059=VECTOR('',#9738,1.);
#6060=VECTOR('',#9741,1.);
#6061=VECTOR('',#9742,1.);
#6062=VECTOR('',#9743,1.);
#6063=VECTOR('',#9744,1.);
#6064=VECTOR('',#9747,1.);
#6065=VECTOR('',#9750,1.);
#6066=VECTOR('',#9751,1.);
#6067=VECTOR('',#9752,1.);
#6068=VECTOR('',#9753,1.);
#6069=VECTOR('',#9754,1.);
#6070=VECTOR('',#9755,1.);
#6071=VECTOR('',#9756,1.);
#6072=VECTOR('',#9757,1.);
#6073=VECTOR('',#9762,1.);
#6074=VECTOR('',#9765,1.);
#6075=VECTOR('',#9766,1.);
#6076=VECTOR('',#9767,1.);
#6077=VECTOR('',#9768,1.);
#6078=VECTOR('',#9771,1.);
#6079=VECTOR('',#9772,1.);
#6080=VECTOR('',#9773,1.);
#6081=VECTOR('',#9776,1.);
#6082=VECTOR('',#9777,1.);
#6083=VECTOR('',#9778,1.);
#6084=VECTOR('',#9779,1.);
#6085=VECTOR('',#9784,1.);
#6086=VECTOR('',#9789,1.);
#6087=VECTOR('',#9790,1.);
#6088=VECTOR('',#9793,1.);
#6089=VECTOR('',#9794,1.);
#6090=VECTOR('',#9795,1.);
#6091=VECTOR('',#9800,1.);
#6092=VECTOR('',#9805,1.);
#6093=VECTOR('',#9808,1.);
#6094=VECTOR('',#9811,1.);
#6095=VECTOR('',#9816,1.);
#6096=VECTOR('',#9819,1.);
#6097=VECTOR('',#9820,1.);
#6098=VECTOR('',#9825,1.);
#6099=VECTOR('',#9826,1.);
#6100=VECTOR('',#9829,1.);
#6101=VECTOR('',#9832,1.);
#6102=VECTOR('',#9833,1.);
#6103=VECTOR('',#9836,1.);
#6104=VECTOR('',#9839,1.);
#6105=VECTOR('',#9844,1.);
#6106=VECTOR('',#9847,1.);
#6107=VECTOR('',#9850,1.);
#6108=VECTOR('',#9855,1.);
#6109=VECTOR('',#9858,1.);
#6110=VECTOR('',#9859,1.);
#6111=VECTOR('',#9868,1.);
#6112=VECTOR('',#9871,1.);
#6113=VECTOR('',#9880,1.);
#6114=VECTOR('',#9881,1.);
#6115=VECTOR('',#9882,1.);
#6116=VECTOR('',#9885,1.);
#6117=VECTOR('',#9886,1.);
#6118=VECTOR('',#9887,1.);
#6119=VECTOR('',#9906,1.);
#6120=VECTOR('',#9907,1.);
#6121=VECTOR('',#9910,1.);
#6122=VECTOR('',#9911,1.);
#6123=VECTOR('',#9912,1.);
#6124=VECTOR('',#9915,1.);
#6125=VECTOR('',#9916,1.);
#6126=VECTOR('',#9917,1.);
#6127=VECTOR('',#9918,1.);
#6128=VECTOR('',#9921,1.);
#6129=VECTOR('',#9924,1.);
#6130=VECTOR('',#9927,1.);
#6131=VECTOR('',#9928,1.);
#6132=VECTOR('',#9929,1.);
#6133=VECTOR('',#9932,1.);
#6134=VECTOR('',#9933,1.);
#6135=VECTOR('',#9936,1.);
#6136=VECTOR('',#9939,1.);
#6137=VECTOR('',#9940,1.);
#6138=VECTOR('',#9943,1.);
#6139=VECTOR('',#9946,1.);
#6140=VECTOR('',#9949,1.);
#6141=VECTOR('',#9952,1.);
#6142=VECTOR('',#9955,1.);
#6143=VECTOR('',#9958,1.);
#6144=VECTOR('',#9961,1.);
#6145=VECTOR('',#9964,1.);
#6146=VECTOR('',#9965,1.);
#6147=VECTOR('',#9968,1.);
#6148=VECTOR('',#9969,1.);
#6149=VECTOR('',#9972,1.);
#6150=VECTOR('',#9977,1.);
#6151=VECTOR('',#9978,1.);
#6152=VECTOR('',#9979,1.);
#6153=VECTOR('',#9982,1.);
#6154=VECTOR('',#9983,1.);
#6155=VECTOR('',#9984,1.);
#6156=VECTOR('',#9987,1.);
#6157=VECTOR('',#9988,1.);
#6158=VECTOR('',#9989,1.);
#6159=VECTOR('',#9992,1.);
#6160=VECTOR('',#9993,1.);
#6161=VECTOR('',#9994,1.);
#6162=VECTOR('',#9997,1.);
#6163=VECTOR('',#9998,1.);
#6164=VECTOR('',#9999,1.);
#6165=VECTOR('',#10000,1.);
#6166=VECTOR('',#10003,1.);
#6167=VECTOR('',#10006,1.);
#6168=VECTOR('',#10007,1.);
#6169=VECTOR('',#10010,1.);
#6170=VECTOR('',#10013,1.);
#6171=VECTOR('',#10016,1.);
#6172=VECTOR('',#10019,1.);
#6173=VECTOR('',#10022,1.);
#6174=VECTOR('',#10025,1.);
#6175=VECTOR('',#10028,1.);
#6176=VECTOR('',#10031,1.);
#6177=VECTOR('',#10034,1.);
#6178=VECTOR('',#10039,1.);
#6179=VECTOR('',#10040,1.);
#6180=VECTOR('',#10041,1.);
#6181=VECTOR('',#10044,1.);
#6182=VECTOR('',#10045,1.);
#6183=VECTOR('',#10046,1.);
#6184=VECTOR('',#10049,1.);
#6185=VECTOR('',#10050,1.);
#6186=VECTOR('',#10053,1.);
#6187=VECTOR('',#10054,1.);
#6188=VECTOR('',#10055,1.);
#6189=VECTOR('',#10058,1.);
#6190=VECTOR('',#10059,1.);
#6191=VECTOR('',#10062,1.);
#6192=VECTOR('',#10063,1.);
#6193=VECTOR('',#10066,1.);
#6194=VECTOR('',#10067,1.);
#6195=VECTOR('',#10068,1.);
#6196=VECTOR('',#10069,1.);
#6197=VECTOR('',#10072,1.);
#6198=VECTOR('',#10073,1.);
#6199=VECTOR('',#10076,1.);
#6200=VECTOR('',#10077,1.);
#6201=VECTOR('',#10080,1.);
#6202=VECTOR('',#10081,1.);
#6203=VECTOR('',#10084,1.);
#6204=VECTOR('',#10085,1.);
#6205=VECTOR('',#10086,1.);
#6206=VECTOR('',#10087,1.);
#6207=VECTOR('',#10090,1.);
#6208=VECTOR('',#10091,1.);
#6209=VECTOR('',#10092,1.);
#6210=VECTOR('',#10093,1.);
#6211=VECTOR('',#10096,1.);
#6212=VECTOR('',#10099,1.);
#6213=VECTOR('',#10100,1.);
#6214=VECTOR('',#10101,1.);
#6215=VECTOR('',#10104,1.);
#6216=VECTOR('',#10107,1.);
#6217=VECTOR('',#10110,1.);
#6218=VECTOR('',#10113,1.);
#6219=VECTOR('',#10114,1.);
#6220=VECTOR('',#10115,1.);
#6221=VECTOR('',#10118,1.);
#6222=VECTOR('',#10119,1.);
#6223=VECTOR('',#10120,1.);
#6224=VECTOR('',#10125,1.);
#6225=VECTOR('',#10128,1.);
#6226=VECTOR('',#10129,1.);
#6227=VECTOR('',#10132,1.);
#6228=VECTOR('',#10135,1.);
#6229=VECTOR('',#10138,1.);
#6230=VECTOR('',#10141,1.);
#6231=VECTOR('',#10150,1.);
#6232=VECTOR('',#10155,1.);
#6233=VECTOR('',#10156,1.);
#6234=VECTOR('',#10173,1.);
#6235=VECTOR('',#10174,1.);
#6236=VECTOR('',#10179,1.);
#6237=VECTOR('',#10180,1.);
#6238=VECTOR('',#10183,1.);
#6239=VECTOR('',#10188,1.);
#6240=VECTOR('',#10193,1.);
#6241=VECTOR('',#10196,1.);
#6242=VECTOR('',#10199,1.);
#6243=VECTOR('',#10200,1.);
#6244=VECTOR('',#10205,1.);
#6245=VECTOR('',#10208,1.);
#6246=VECTOR('',#10213,1.);
#6247=VECTOR('',#10216,1.);
#6248=VECTOR('',#10217,1.);
#6249=VECTOR('',#10220,1.);
#6250=VECTOR('',#10227,1.);
#6251=VECTOR('',#10234,1.);
#6252=VECTOR('',#10237,1.);
#6253=VECTOR('',#10238,1.);
#6254=VECTOR('',#10239,1.);
#6255=VECTOR('',#10240,1.);
#6256=VECTOR('',#10241,1.);
#6257=VECTOR('',#10244,1.);
#6258=VECTOR('',#10245,1.);
#6259=VECTOR('',#10246,1.);
#6260=VECTOR('',#10247,1.);
#6261=VECTOR('',#10250,1.);
#6262=VECTOR('',#10267,1.);
#6263=VECTOR('',#10268,1.);
#6264=VECTOR('',#10271,1.);
#6265=VECTOR('',#10274,1.);
#6266=VECTOR('',#10275,1.);
#6267=VECTOR('',#10276,1.);
#6268=VECTOR('',#10295,1.);
#6269=VECTOR('',#10296,1.);
#6270=VECTOR('',#10299,1.);
#6271=VECTOR('',#10302,1.);
#6272=VECTOR('',#10305,1.);
#6273=VECTOR('',#10308,1.);
#6274=VECTOR('',#10311,1.);
#6275=VECTOR('',#10314,1.);
#6276=VECTOR('',#10315,1.);
#6277=VECTOR('',#10318,1.);
#6278=VECTOR('',#10319,1.);
#6279=VECTOR('',#10324,1.);
#6280=VECTOR('',#10325,1.);
#6281=VECTOR('',#10326,1.);
#6282=VECTOR('',#10331,1.);
#6283=VECTOR('',#10332,1.);
#6284=VECTOR('',#10335,1.);
#6285=VECTOR('',#10338,1.);
#6286=VECTOR('',#10339,1.);
#6287=VECTOR('',#10340,1.);
#6288=VECTOR('',#10343,1.);
#6289=VECTOR('',#10360,1.);
#6290=VECTOR('',#10361,1.);
#6291=VECTOR('',#10364,1.);
#6292=VECTOR('',#10367,1.);
#6293=VECTOR('',#10368,1.);
#6294=VECTOR('',#10369,1.);
#6295=VECTOR('',#10370,1.);
#6296=VECTOR('',#10373,1.);
#6297=VECTOR('',#10374,1.);
#6298=VECTOR('',#10377,1.);
#6299=VECTOR('',#10380,1.);
#6300=VECTOR('',#10381,1.);
#6301=VECTOR('',#10382,1.);
#6302=VECTOR('',#10383,1.);
#6303=VECTOR('',#10386,1.);
#6304=VECTOR('',#10387,1.);
#6305=VECTOR('',#10388,1.);
#6306=VECTOR('',#10389,1.);
#6307=VECTOR('',#10390,1.);
#6308=VECTOR('',#10393,1.);
#6309=VECTOR('',#10396,1.);
#6310=VECTOR('',#10399,1.);
#6311=VECTOR('',#10400,1.);
#6312=VECTOR('',#10401,1.);
#6313=VECTOR('',#10402,1.);
#6314=VECTOR('',#10403,1.);
#6315=VECTOR('',#10404,1.);
#6316=VECTOR('',#10407,1.);
#6317=VECTOR('',#10410,1.);
#6318=VECTOR('',#10413,1.);
#6319=VECTOR('',#10414,1.);
#6320=VECTOR('',#10417,1.);
#6321=VECTOR('',#10420,1.);
#6322=VECTOR('',#10423,1.);
#6323=VECTOR('',#10426,1.);
#6324=VECTOR('',#10429,1.);
#6325=VECTOR('',#10430,1.);
#6326=VECTOR('',#10433,1.);
#6327=VECTOR('',#10436,1.);
#6328=VECTOR('',#10439,1.);
#6329=VECTOR('',#10442,1.);
#6330=VECTOR('',#10445,1.);
#6331=VECTOR('',#10448,1.);
#6332=VECTOR('',#10451,1.);
#6333=VECTOR('',#10452,1.);
#6334=VECTOR('',#10453,1.);
#6335=VECTOR('',#10456,1.);
#6336=VECTOR('',#10457,1.);
#6337=VECTOR('',#10460,1.);
#6338=VECTOR('',#10465,1.);
#6339=VECTOR('',#10468,1.);
#6340=VECTOR('',#10471,1.);
#6341=VECTOR('',#10474,1.);
#6342=VECTOR('',#10477,1.);
#6343=VECTOR('',#10480,1.);
#6344=VECTOR('',#10483,1.);
#6345=VECTOR('',#10486,1.);
#6346=VECTOR('',#10489,1.);
#6347=VECTOR('',#10492,1.);
#6348=VECTOR('',#10493,1.);
#6349=VECTOR('',#10494,1.);
#6350=VECTOR('',#10497,1.);
#6351=VECTOR('',#10502,1.);
#6352=VECTOR('',#10503,1.);
#6353=VECTOR('',#10506,1.);
#6354=VECTOR('',#10513,1.);
#6355=VECTOR('',#10514,1.);
#6356=VECTOR('',#10515,1.);
#6357=VECTOR('',#10516,1.);
#6358=VECTOR('',#10519,1.);
#6359=VECTOR('',#10520,1.);
#6360=VECTOR('',#10521,1.);
#6361=VECTOR('',#10528,1.);
#6362=VECTOR('',#10529,1.);
#6363=VECTOR('',#10530,1.);
#6364=VECTOR('',#10531,1.);
#6365=VECTOR('',#10532,1.);
#6366=VECTOR('',#10533,1.);
#6367=VECTOR('',#10536,1.);
#6368=VECTOR('',#10537,1.);
#6369=VECTOR('',#10538,1.);
#6370=VECTOR('',#10539,1.);
#6371=VECTOR('',#10540,1.);
#6372=VECTOR('',#10541,1.);
#6373=VECTOR('',#10542,1.);
#6374=VECTOR('',#10581,1.);
#6375=VECTOR('',#10582,1.);
#6376=VECTOR('',#10583,1.);
#6377=VECTOR('',#10586,1.);
#6378=VECTOR('',#10587,1.);
#6379=VECTOR('',#10588,1.);
#6380=VECTOR('',#10591,1.);
#6381=VECTOR('',#10592,1.);
#6382=VECTOR('',#10593,1.);
#6383=VECTOR('',#10596,1.);
#6384=VECTOR('',#10597,1.);
#6385=VECTOR('',#10598,1.);
#6386=VECTOR('',#10625,1.);
#6387=VECTOR('',#10626,1.);
#6388=VECTOR('',#10633,1.);
#6389=VECTOR('',#10634,1.);
#6390=VECTOR('',#10641,1.);
#6391=VECTOR('',#10642,1.);
#6392=VECTOR('',#10649,1.);
#6393=VECTOR('',#10650,1.);
#6394=VECTOR('',#10657,1.);
#6395=VECTOR('',#10664,1.);
#6396=VECTOR('',#10679,1.);
#6397=VECTOR('',#10680,1.);
#6398=VECTOR('',#10683,1.);
#6399=VECTOR('',#10686,1.);
#6400=VECTOR('',#10687,1.);
#6401=VECTOR('',#10690,1.);
#6402=VECTOR('',#10695,1.);
#6403=VECTOR('',#10696,1.);
#6404=VECTOR('',#10699,1.);
#6405=VECTOR('',#10702,1.);
#6406=VECTOR('',#10703,1.);
#6407=VECTOR('',#10706,1.);
#6408=VECTOR('',#10711,1.);
#6409=VECTOR('',#10714,1.);
#6410=VECTOR('',#10715,1.);
#6411=VECTOR('',#10720,1.);
#6412=VECTOR('',#10721,1.);
#6413=VECTOR('',#10722,1.);
#6414=VECTOR('',#10725,1.);
#6415=VECTOR('',#10728,1.);
#6416=VECTOR('',#10729,1.);
#6417=VECTOR('',#10732,1.);
#6418=VECTOR('',#10733,1.);
#6419=VECTOR('',#10734,1.);
#6420=VECTOR('',#10735,1.);
#6421=VECTOR('',#10738,1.);
#6422=VECTOR('',#10741,1.);
#6423=VECTOR('',#10742,1.);
#6424=VECTOR('',#10743,1.);
#6425=VECTOR('',#10746,1.);
#6426=VECTOR('',#10747,1.);
#6427=VECTOR('',#10748,1.);
#6428=VECTOR('',#10751,1.);
#6429=VECTOR('',#10756,1.);
#6430=VECTOR('',#10759,1.);
#6431=VECTOR('',#10762,1.);
#6432=VECTOR('',#10767,1.);
#6433=VECTOR('',#10808,1.);
#6434=VECTOR('',#10809,1.);
#6435=VECTOR('',#10812,1.);
#6436=VECTOR('',#10813,1.);
#6437=VECTOR('',#10816,1.);
#6438=VECTOR('',#10819,1.);
#6439=VECTOR('',#10820,1.);
#6440=VECTOR('',#10823,1.);
#6441=VECTOR('',#10826,1.);
#6442=VECTOR('',#10827,1.);
#6443=VECTOR('',#10830,1.);
#6444=VECTOR('',#10833,1.);
#6445=VECTOR('',#10850,1.);
#6446=VECTOR('',#10851,1.);
#6447=VECTOR('',#10854,1.);
#6448=VECTOR('',#10855,1.);
#6449=VECTOR('',#10856,1.);
#6450=VECTOR('',#10859,1.);
#6451=VECTOR('',#10860,1.);
#6452=VECTOR('',#10863,1.);
#6453=VECTOR('',#10864,1.);
#6454=VECTOR('',#10867,1.);
#6455=VECTOR('',#10868,1.);
#6456=VECTOR('',#10869,1.);
#6457=VECTOR('',#10872,1.);
#6458=VECTOR('',#10873,1.);
#6459=VECTOR('',#10874,1.);
#6460=VECTOR('',#10877,1.);
#6461=VECTOR('',#10878,1.);
#6462=VECTOR('',#10879,1.);
#6463=VECTOR('',#10882,1.);
#6464=VECTOR('',#10883,1.);
#6465=VECTOR('',#10884,1.);
#6466=VECTOR('',#10887,1.);
#6467=VECTOR('',#10888,1.);
#6468=VECTOR('',#10889,1.);
#6469=VECTOR('',#10892,1.);
#6470=VECTOR('',#10893,1.);
#6471=VECTOR('',#10894,1.);
#6472=VECTOR('',#10895,1.);
#6473=VECTOR('',#10898,1.);
#6474=VECTOR('',#10899,1.);
#6475=VECTOR('',#10902,1.);
#6476=VECTOR('',#10903,1.);
#6477=VECTOR('',#10906,1.);
#6478=VECTOR('',#10999,1.);
#6479=VECTOR('',#11002,1.);
#6480=VECTOR('',#11005,1.);
#6481=VECTOR('',#11006,1.);
#6482=VECTOR('',#11011,1.);
#6483=VECTOR('',#11014,1.);
#6484=VECTOR('',#11017,1.);
#6485=VECTOR('',#11020,1.);
#6486=VECTOR('',#11023,1.);
#6487=VECTOR('',#11026,1.);
#6488=VECTOR('',#11031,1.);
#6489=VECTOR('',#11034,1.);
#6490=VECTOR('',#11037,1.);
#6491=VECTOR('',#11040,1.);
#6492=VECTOR('',#11045,1.);
#6493=VECTOR('',#11046,1.);
#6494=VECTOR('',#11049,1.);
#6495=VECTOR('',#11056,1.);
#6496=VECTOR('',#11061,1.);
#6497=VECTOR('',#11066,1.);
#6498=VECTOR('',#11067,1.);
#6499=VECTOR('',#11070,1.);
#6500=VECTOR('',#11071,1.);
#6501=VECTOR('',#11076,1.);
#6502=VECTOR('',#11081,1.);
#6503=VECTOR('',#11082,1.);
#6504=VECTOR('',#11091,1.);
#6505=EDGE_LOOP('',(#526,#527,#528,#529));
#6506=EDGE_LOOP('',(#530,#531,#532,#533,#534,#535,#536,#537));
#6507=EDGE_LOOP('',(#538,#539,#540,#541,#542,#543,#544,#545,#546,#547,#548,
#549,#550,#551,#552,#553,#554,#555,#556,#557));
#6508=EDGE_LOOP('',(#558));
#6509=EDGE_LOOP('',(#559));
#6510=EDGE_LOOP('',(#560));
#6511=EDGE_LOOP('',(#561));
#6512=EDGE_LOOP('',(#562,#563,#564,#565,#566,#567,#568,#569,#570,#571,#572,
#573,#574,#575,#576,#577,#578,#579,#580,#581,#582,#583,#584,#585,#586,#587,
#588,#589,#590,#591,#592,#593,#594,#595,#596,#597,#598,#599,#600,#601,#602,
#603,#604,#605,#606,#607,#608,#609,#610,#611,#612,#613,#614,#615,#616,#617,
#618,#619,#620,#621,#622,#623,#624,#625,#626,#627,#628,#629,#630,#631));
#6513=EDGE_LOOP('',(#632,#633,#634,#635,#636,#637,#638,#639,#640));
#6514=EDGE_LOOP('',(#641,#642,#643,#644,#645,#646,#647,#648,#649,#650,#651,
#652,#653,#654,#655,#656,#657,#658,#659,#660,#661,#662,#663,#664,#665,#666,
#667,#668,#669,#670,#671,#672,#673,#674,#675,#676,#677,#678,#679,#680,#681,
#682));
#6515=EDGE_LOOP('',(#683,#684,#685,#686));
#6516=EDGE_LOOP('',(#687,#688,#689));
#6517=EDGE_LOOP('',(#690,#691,#692));
#6518=EDGE_LOOP('',(#693,#694,#695,#696,#697,#698));
#6519=EDGE_LOOP('',(#699,#700,#701,#702,#703,#704,#705,#706,#707,#708,#709,
#710,#711,#712,#713,#714,#715,#716,#717,#718,#719,#720,#721,#722,#723,#724,
#725,#726,#727,#728,#729,#730,#731,#732,#733,#734,#735,#736,#737,#738,#739,
#740,#741,#742,#743,#744,#745,#746,#747,#748,#749,#750,#751,#752,#753,#754,
#755,#756,#757,#758,#759,#760,#761,#762,#763,#764,#765,#766,#767,#768,#769,
#770));
#6520=EDGE_LOOP('',(#771,#772,#773,#774,#775,#776,#777,#778,#779,#780));
#6521=EDGE_LOOP('',(#781));
#6522=EDGE_LOOP('',(#782));
#6523=EDGE_LOOP('',(#783));
#6524=EDGE_LOOP('',(#784));
#6525=EDGE_LOOP('',(#785,#786,#787));
#6526=EDGE_LOOP('',(#788,#789,#790));
#6527=EDGE_LOOP('',(#791,#792,#793));
#6528=EDGE_LOOP('',(#794,#795,#796));
#6529=EDGE_LOOP('',(#797,#798,#799));
#6530=EDGE_LOOP('',(#800,#801,#802));
#6531=EDGE_LOOP('',(#803,#804,#805));
#6532=EDGE_LOOP('',(#806,#807,#808));
#6533=EDGE_LOOP('',(#809,#810,#811));
#6534=EDGE_LOOP('',(#812,#813,#814));
#6535=EDGE_LOOP('',(#815,#816,#817));
#6536=EDGE_LOOP('',(#818,#819,#820));
#6537=EDGE_LOOP('',(#821,#822,#823));
#6538=EDGE_LOOP('',(#824,#825,#826,#827,#828,#829,#830,#831,#832,#833,#834,
#835));
#6539=EDGE_LOOP('',(#836,#837,#838,#839,#840,#841,#842,#843,#844,#845,#846,
#847));
#6540=EDGE_LOOP('',(#848,#849,#850,#851,#852,#853,#854,#855,#856,#857,#858,
#859));
#6541=EDGE_LOOP('',(#860,#861,#862,#863,#864,#865,#866,#867,#868,#869,#870,
#871));
#6542=EDGE_LOOP('',(#872,#873,#874,#875,#876,#877));
#6543=EDGE_LOOP('',(#878,#879,#880,#881,#882,#883,#884,#885,#886,#887,#888,
#889));
#6544=EDGE_LOOP('',(#890,#891,#892,#893));
#6545=EDGE_LOOP('',(#894,#895,#896,#897,#898,#899));
#6546=EDGE_LOOP('',(#900,#901,#902,#903));
#6547=EDGE_LOOP('',(#904,#905,#906,#907));
#6548=EDGE_LOOP('',(#908,#909,#910,#911,#912,#913,#914));
#6549=EDGE_LOOP('',(#915,#916,#917,#918,#919,#920,#921,#922));
#6550=EDGE_LOOP('',(#923,#924,#925,#926,#927,#928,#929,#930));
#6551=EDGE_LOOP('',(#931,#932,#933,#934,#935,#936,#937,#938));
#6552=EDGE_LOOP('',(#939,#940,#941,#942,#943,#944,#945,#946));
#6553=EDGE_LOOP('',(#947,#948,#949,#950,#951,#952,#953,#954,#955,#956,#957,
#958,#959,#960,#961,#962,#963,#964,#965,#966,#967,#968,#969,#970,#971,#972));
#6554=EDGE_LOOP('',(#973,#974,#975,#976,#977,#978,#979,#980));
#6555=EDGE_LOOP('',(#981,#982,#983,#984));
#6556=EDGE_LOOP('',(#985,#986,#987,#988));
#6557=EDGE_LOOP('',(#989,#990,#991,#992,#993,#994));
#6558=EDGE_LOOP('',(#995,#996,#997,#998,#999,#1000,#1001,#1002,#1003,#1004,
#1005,#1006,#1007,#1008,#1009,#1010,#1011,#1012,#1013,#1014,#1015,#1016,
#1017,#1018,#1019,#1020));
#6559=EDGE_LOOP('',(#1021,#1022,#1023,#1024,#1025));
#6560=EDGE_LOOP('',(#1026,#1027,#1028,#1029));
#6561=EDGE_LOOP('',(#1030));
#6562=EDGE_LOOP('',(#1031));
#6563=EDGE_LOOP('',(#1032,#1033,#1034,#1035));
#6564=EDGE_LOOP('',(#1036,#1037,#1038));
#6565=EDGE_LOOP('',(#1039,#1040,#1041,#1042,#1043,#1044));
#6566=EDGE_LOOP('',(#1045,#1046,#1047));
#6567=EDGE_LOOP('',(#1048,#1049,#1050,#1051,#1052,#1053,#1054,#1055,#1056,
#1057,#1058,#1059,#1060,#1061));
#6568=EDGE_LOOP('',(#1062));
#6569=EDGE_LOOP('',(#1063,#1064,#1065,#1066,#1067,#1068));
#6570=EDGE_LOOP('',(#1069,#1070,#1071,#1072,#1073));
#6571=EDGE_LOOP('',(#1074,#1075,#1076,#1077,#1078));
#6572=EDGE_LOOP('',(#1079));
#6573=EDGE_LOOP('',(#1080,#1081,#1082,#1083,#1084));
#6574=EDGE_LOOP('',(#1085,#1086,#1087,#1088,#1089,#1090));
#6575=EDGE_LOOP('',(#1091,#1092,#1093,#1094,#1095,#1096));
#6576=EDGE_LOOP('',(#1097,#1098,#1099,#1100,#1101));
#6577=EDGE_LOOP('',(#1102,#1103,#1104,#1105,#1106));
#6578=EDGE_LOOP('',(#1107,#1108,#1109));
#6579=EDGE_LOOP('',(#1110,#1111,#1112,#1113,#1114,#1115));
#6580=EDGE_LOOP('',(#1116,#1117,#1118,#1119,#1120,#1121,#1122));
#6581=EDGE_LOOP('',(#1123,#1124,#1125,#1126,#1127,#1128,#1129,#1130,#1131,
#1132));
#6582=EDGE_LOOP('',(#1133,#1134,#1135,#1136));
#6583=EDGE_LOOP('',(#1137,#1138,#1139,#1140));
#6584=EDGE_LOOP('',(#1141,#1142,#1143,#1144,#1145,#1146,#1147,#1148,#1149,
#1150));
#6585=EDGE_LOOP('',(#1151,#1152,#1153,#1154,#1155,#1156,#1157,#1158,#1159,
#1160,#1161,#1162,#1163,#1164,#1165,#1166,#1167,#1168));
#6586=EDGE_LOOP('',(#1169,#1170,#1171,#1172,#1173));
#6587=EDGE_LOOP('',(#1174,#1175,#1176));
#6588=EDGE_LOOP('',(#1177,#1178,#1179,#1180));
#6589=EDGE_LOOP('',(#1181,#1182,#1183,#1184,#1185,#1186,#1187,#1188));
#6590=EDGE_LOOP('',(#1189,#1190,#1191,#1192,#1193));
#6591=EDGE_LOOP('',(#1194,#1195,#1196,#1197,#1198));
#6592=EDGE_LOOP('',(#1199));
#6593=EDGE_LOOP('',(#1200,#1201,#1202,#1203,#1204,#1205));
#6594=EDGE_LOOP('',(#1206,#1207,#1208,#1209,#1210,#1211,#1212,#1213));
#6595=EDGE_LOOP('',(#1214,#1215,#1216,#1217,#1218,#1219,#1220));
#6596=EDGE_LOOP('',(#1221,#1222,#1223,#1224,#1225,#1226,#1227,#1228,#1229,
#1230,#1231,#1232,#1233,#1234,#1235,#1236,#1237,#1238));
#6597=EDGE_LOOP('',(#1239,#1240,#1241));
#6598=EDGE_LOOP('',(#1242,#1243,#1244,#1245,#1246,#1247,#1248,#1249));
#6599=EDGE_LOOP('',(#1250,#1251,#1252,#1253,#1254,#1255,#1256));
#6600=EDGE_LOOP('',(#1257,#1258,#1259,#1260,#1261,#1262,#1263));
#6601=EDGE_LOOP('',(#1264,#1265,#1266,#1267,#1268,#1269,#1270));
#6602=EDGE_LOOP('',(#1271,#1272,#1273,#1274));
#6603=EDGE_LOOP('',(#1275,#1276,#1277,#1278,#1279,#1280));
#6604=EDGE_LOOP('',(#1281,#1282,#1283,#1284,#1285));
#6605=EDGE_LOOP('',(#1286,#1287,#1288,#1289,#1290));
#6606=EDGE_LOOP('',(#1291,#1292,#1293,#1294));
#6607=EDGE_LOOP('',(#1295));
#6608=EDGE_LOOP('',(#1296,#1297,#1298,#1299,#1300));
#6609=EDGE_LOOP('',(#1301,#1302,#1303,#1304));
#6610=EDGE_LOOP('',(#1305));
#6611=EDGE_LOOP('',(#1306,#1307,#1308,#1309));
#6612=EDGE_LOOP('',(#1310,#1311,#1312,#1313));
#6613=EDGE_LOOP('',(#1314,#1315,#1316,#1317));
#6614=EDGE_LOOP('',(#1318));
#6615=EDGE_LOOP('',(#1319,#1320,#1321,#1322));
#6616=EDGE_LOOP('',(#1323,#1324,#1325,#1326));
#6617=EDGE_LOOP('',(#1327));
#6618=EDGE_LOOP('',(#1328,#1329,#1330,#1331));
#6619=EDGE_LOOP('',(#1332,#1333,#1334,#1335));
#6620=EDGE_LOOP('',(#1336,#1337,#1338,#1339));
#6621=EDGE_LOOP('',(#1340));
#6622=EDGE_LOOP('',(#1341,#1342,#1343,#1344));
#6623=EDGE_LOOP('',(#1345,#1346,#1347,#1348,#1349));
#6624=EDGE_LOOP('',(#1350,#1351,#1352));
#6625=EDGE_LOOP('',(#1353,#1354,#1355,#1356));
#6626=EDGE_LOOP('',(#1357,#1358,#1359,#1360));
#6627=EDGE_LOOP('',(#1361,#1362,#1363,#1364));
#6628=EDGE_LOOP('',(#1365,#1366,#1367,#1368,#1369,#1370));
#6629=EDGE_LOOP('',(#1371,#1372,#1373,#1374));
#6630=EDGE_LOOP('',(#1375,#1376,#1377,#1378));
#6631=EDGE_LOOP('',(#1379,#1380,#1381,#1382));
#6632=EDGE_LOOP('',(#1383,#1384,#1385,#1386));
#6633=EDGE_LOOP('',(#1387,#1388,#1389,#1390));
#6634=EDGE_LOOP('',(#1391,#1392,#1393,#1394));
#6635=EDGE_LOOP('',(#1395,#1396,#1397,#1398));
#6636=EDGE_LOOP('',(#1399,#1400,#1401,#1402,#1403,#1404,#1405));
#6637=EDGE_LOOP('',(#1406,#1407,#1408,#1409,#1410,#1411,#1412));
#6638=EDGE_LOOP('',(#1413,#1414,#1415,#1416,#1417,#1418));
#6639=EDGE_LOOP('',(#1419,#1420,#1421,#1422));
#6640=EDGE_LOOP('',(#1423,#1424,#1425,#1426));
#6641=EDGE_LOOP('',(#1427,#1428,#1429,#1430));
#6642=EDGE_LOOP('',(#1431,#1432,#1433,#1434));
#6643=EDGE_LOOP('',(#1435,#1436,#1437,#1438));
#6644=EDGE_LOOP('',(#1439,#1440,#1441,#1442,#1443,#1444,#1445,#1446,#1447,
#1448));
#6645=EDGE_LOOP('',(#1449,#1450,#1451,#1452,#1453));
#6646=EDGE_LOOP('',(#1454,#1455,#1456,#1457));
#6647=EDGE_LOOP('',(#1458,#1459,#1460,#1461));
#6648=EDGE_LOOP('',(#1462,#1463,#1464,#1465));
#6649=EDGE_LOOP('',(#1466,#1467,#1468,#1469));
#6650=EDGE_LOOP('',(#1470,#1471,#1472,#1473,#1474,#1475));
#6651=EDGE_LOOP('',(#1476,#1477,#1478,#1479,#1480));
#6652=EDGE_LOOP('',(#1481,#1482,#1483,#1484));
#6653=EDGE_LOOP('',(#1485,#1486,#1487,#1488));
#6654=EDGE_LOOP('',(#1489,#1490,#1491,#1492));
#6655=EDGE_LOOP('',(#1493,#1494,#1495,#1496));
#6656=EDGE_LOOP('',(#1497,#1498,#1499,#1500,#1501,#1502));
#6657=EDGE_LOOP('',(#1503,#1504,#1505,#1506,#1507,#1508,#1509,#1510));
#6658=EDGE_LOOP('',(#1511,#1512,#1513,#1514));
#6659=EDGE_LOOP('',(#1515,#1516,#1517,#1518));
#6660=EDGE_LOOP('',(#1519,#1520,#1521));
#6661=EDGE_LOOP('',(#1522,#1523,#1524,#1525));
#6662=EDGE_LOOP('',(#1526,#1527,#1528,#1529));
#6663=EDGE_LOOP('',(#1530,#1531,#1532,#1533));
#6664=EDGE_LOOP('',(#1534,#1535,#1536,#1537));
#6665=EDGE_LOOP('',(#1538,#1539,#1540));
#6666=EDGE_LOOP('',(#1541,#1542,#1543));
#6667=EDGE_LOOP('',(#1544,#1545,#1546,#1547));
#6668=EDGE_LOOP('',(#1548,#1549,#1550,#1551));
#6669=EDGE_LOOP('',(#1552,#1553,#1554));
#6670=EDGE_LOOP('',(#1555,#1556,#1557,#1558,#1559));
#6671=EDGE_LOOP('',(#1560,#1561,#1562));
#6672=EDGE_LOOP('',(#1563,#1564,#1565,#1566));
#6673=EDGE_LOOP('',(#1567,#1568,#1569));
#6674=EDGE_LOOP('',(#1570,#1571,#1572,#1573));
#6675=EDGE_LOOP('',(#1574,#1575,#1576,#1577));
#6676=EDGE_LOOP('',(#1578,#1579,#1580));
#6677=EDGE_LOOP('',(#1581,#1582,#1583,#1584));
#6678=EDGE_LOOP('',(#1585,#1586,#1587,#1588));
#6679=EDGE_LOOP('',(#1589,#1590,#1591,#1592));
#6680=EDGE_LOOP('',(#1593,#1594,#1595,#1596));
#6681=EDGE_LOOP('',(#1597,#1598,#1599,#1600,#1601));
#6682=EDGE_LOOP('',(#1602,#1603,#1604,#1605,#1606));
#6683=EDGE_LOOP('',(#1607,#1608,#1609,#1610));
#6684=EDGE_LOOP('',(#1611,#1612,#1613));
#6685=EDGE_LOOP('',(#1614,#1615,#1616,#1617));
#6686=EDGE_LOOP('',(#1618,#1619,#1620,#1621));
#6687=EDGE_LOOP('',(#1622,#1623,#1624,#1625));
#6688=EDGE_LOOP('',(#1626,#1627,#1628,#1629,#1630,#1631));
#6689=EDGE_LOOP('',(#1632,#1633,#1634,#1635));
#6690=EDGE_LOOP('',(#1636,#1637,#1638,#1639));
#6691=EDGE_LOOP('',(#1640,#1641,#1642,#1643));
#6692=EDGE_LOOP('',(#1644,#1645,#1646,#1647));
#6693=EDGE_LOOP('',(#1648,#1649,#1650,#1651));
#6694=EDGE_LOOP('',(#1652,#1653,#1654,#1655));
#6695=EDGE_LOOP('',(#1656,#1657,#1658,#1659));
#6696=EDGE_LOOP('',(#1660,#1661,#1662,#1663,#1664,#1665,#1666,#1667,#1668,
#1669));
#6697=EDGE_LOOP('',(#1670,#1671,#1672,#1673,#1674));
#6698=EDGE_LOOP('',(#1675,#1676,#1677,#1678,#1679,#1680));
#6699=EDGE_LOOP('',(#1681,#1682,#1683,#1684,#1685,#1686,#1687,#1688));
#6700=EDGE_LOOP('',(#1689,#1690,#1691,#1692,#1693));
#6701=EDGE_LOOP('',(#1694,#1695,#1696,#1697,#1698));
#6702=EDGE_LOOP('',(#1699,#1700,#1701,#1702));
#6703=EDGE_LOOP('',(#1703,#1704,#1705,#1706,#1707,#1708));
#6704=EDGE_LOOP('',(#1709,#1710,#1711,#1712,#1713,#1714,#1715));
#6705=EDGE_LOOP('',(#1716,#1717,#1718,#1719));
#6706=EDGE_LOOP('',(#1720,#1721,#1722,#1723,#1724));
#6707=EDGE_LOOP('',(#1725,#1726,#1727,#1728,#1729));
#6708=EDGE_LOOP('',(#1730,#1731,#1732,#1733,#1734));
#6709=EDGE_LOOP('',(#1735,#1736,#1737,#1738,#1739));
#6710=EDGE_LOOP('',(#1740,#1741,#1742,#1743));
#6711=EDGE_LOOP('',(#1744,#1745,#1746,#1747,#1748,#1749,#1750,#1751));
#6712=EDGE_LOOP('',(#1752,#1753,#1754));
#6713=EDGE_LOOP('',(#1755,#1756,#1757));
#6714=EDGE_LOOP('',(#1758,#1759,#1760));
#6715=EDGE_LOOP('',(#1761,#1762,#1763,#1764,#1765,#1766,#1767));
#6716=EDGE_LOOP('',(#1768,#1769,#1770,#1771,#1772,#1773));
#6717=EDGE_LOOP('',(#1774,#1775,#1776,#1777));
#6718=EDGE_LOOP('',(#1778,#1779,#1780,#1781));
#6719=EDGE_LOOP('',(#1782,#1783,#1784,#1785));
#6720=EDGE_LOOP('',(#1786,#1787,#1788,#1789,#1790));
#6721=EDGE_LOOP('',(#1791,#1792,#1793,#1794));
#6722=EDGE_LOOP('',(#1795,#1796,#1797,#1798));
#6723=EDGE_LOOP('',(#1799,#1800,#1801,#1802,#1803,#1804));
#6724=EDGE_LOOP('',(#1805,#1806,#1807,#1808,#1809));
#6725=EDGE_LOOP('',(#1810,#1811,#1812,#1813,#1814,#1815,#1816,#1817,#1818,
#1819,#1820,#1821,#1822,#1823,#1824,#1825,#1826,#1827,#1828,#1829,#1830,
#1831));
#6726=EDGE_LOOP('',(#1832,#1833,#1834,#1835));
#6727=EDGE_LOOP('',(#1836));
#6728=EDGE_LOOP('',(#1837));
#6729=EDGE_LOOP('',(#1838,#1839,#1840,#1841,#1842,#1843,#1844));
#6730=EDGE_LOOP('',(#1845,#1846,#1847,#1848,#1849,#1850,#1851));
#6731=EDGE_LOOP('',(#1852,#1853,#1854,#1855));
#6732=EDGE_LOOP('',(#1856,#1857,#1858,#1859));
#6733=EDGE_LOOP('',(#1860,#1861,#1862,#1863));
#6734=EDGE_LOOP('',(#1864,#1865,#1866,#1867));
#6735=EDGE_LOOP('',(#1868,#1869,#1870,#1871,#1872,#1873));
#6736=EDGE_LOOP('',(#1874,#1875,#1876,#1877,#1878));
#6737=EDGE_LOOP('',(#1879,#1880,#1881,#1882));
#6738=EDGE_LOOP('',(#1883,#1884,#1885,#1886));
#6739=EDGE_LOOP('',(#1887,#1888,#1889,#1890));
#6740=EDGE_LOOP('',(#1891,#1892,#1893,#1894));
#6741=EDGE_LOOP('',(#1895,#1896,#1897,#1898));
#6742=EDGE_LOOP('',(#1899,#1900,#1901,#1902,#1903,#1904,#1905,#1906));
#6743=EDGE_LOOP('',(#1907,#1908,#1909,#1910,#1911,#1912,#1913,#1914));
#6744=EDGE_LOOP('',(#1915,#1916,#1917,#1918,#1919,#1920,#1921,#1922));
#6745=EDGE_LOOP('',(#1923,#1924,#1925,#1926,#1927,#1928,#1929,#1930,#1931));
#6746=EDGE_LOOP('',(#1932,#1933,#1934,#1935));
#6747=EDGE_LOOP('',(#1936,#1937,#1938,#1939));
#6748=EDGE_LOOP('',(#1940,#1941,#1942,#1943,#1944,#1945));
#6749=EDGE_LOOP('',(#1946,#1947,#1948,#1949));
#6750=EDGE_LOOP('',(#1950,#1951,#1952,#1953,#1954));
#6751=EDGE_LOOP('',(#1955,#1956,#1957,#1958));
#6752=EDGE_LOOP('',(#1959,#1960,#1961,#1962,#1963,#1964));
#6753=EDGE_LOOP('',(#1965,#1966,#1967,#1968));
#6754=EDGE_LOOP('',(#1969,#1970,#1971,#1972));
#6755=EDGE_LOOP('',(#1973,#1974,#1975,#1976,#1977));
#6756=EDGE_LOOP('',(#1978,#1979,#1980,#1981));
#6757=EDGE_LOOP('',(#1982,#1983,#1984,#1985,#1986));
#6758=EDGE_LOOP('',(#1987,#1988,#1989,#1990,#1991,#1992));
#6759=EDGE_LOOP('',(#1993,#1994,#1995,#1996,#1997));
#6760=EDGE_LOOP('',(#1998,#1999,#2000,#2001,#2002,#2003,#2004,#2005,#2006,
#2007,#2008,#2009));
#6761=EDGE_LOOP('',(#2010,#2011,#2012,#2013,#2014,#2015,#2016,#2017,#2018,
#2019,#2020,#2021));
#6762=EDGE_LOOP('',(#2022,#2023,#2024,#2025,#2026,#2027,#2028,#2029,#2030,
#2031,#2032,#2033));
#6763=EDGE_LOOP('',(#2034,#2035,#2036,#2037,#2038,#2039,#2040,#2041,#2042,
#2043,#2044,#2045));
#6764=EDGE_LOOP('',(#2046,#2047,#2048,#2049));
#6765=EDGE_LOOP('',(#2050,#2051,#2052,#2053));
#6766=EDGE_LOOP('',(#2054,#2055,#2056,#2057));
#6767=EDGE_LOOP('',(#2058,#2059,#2060,#2061));
#6768=EDGE_LOOP('',(#2062,#2063,#2064,#2065));
#6769=EDGE_LOOP('',(#2066,#2067,#2068,#2069));
#6770=EDGE_LOOP('',(#2070,#2071,#2072,#2073));
#6771=EDGE_LOOP('',(#2074,#2075,#2076,#2077));
#6772=EDGE_LOOP('',(#2078,#2079,#2080,#2081));
#6773=EDGE_LOOP('',(#2082,#2083,#2084,#2085));
#6774=EDGE_LOOP('',(#2086,#2087,#2088,#2089));
#6775=EDGE_LOOP('',(#2090,#2091,#2092,#2093));
#6776=EDGE_LOOP('',(#2094,#2095,#2096,#2097));
#6777=EDGE_LOOP('',(#2098,#2099,#2100,#2101));
#6778=EDGE_LOOP('',(#2102,#2103,#2104,#2105));
#6779=EDGE_LOOP('',(#2106,#2107,#2108,#2109));
#6780=EDGE_LOOP('',(#2110,#2111,#2112,#2113));
#6781=EDGE_LOOP('',(#2114,#2115,#2116,#2117));
#6782=EDGE_LOOP('',(#2118,#2119,#2120,#2121));
#6783=EDGE_LOOP('',(#2122,#2123,#2124,#2125));
#6784=EDGE_LOOP('',(#2126,#2127,#2128,#2129));
#6785=EDGE_LOOP('',(#2130,#2131,#2132,#2133));
#6786=EDGE_LOOP('',(#2134,#2135,#2136,#2137));
#6787=EDGE_LOOP('',(#2138,#2139,#2140,#2141));
#6788=EDGE_LOOP('',(#2142,#2143,#2144,#2145));
#6789=EDGE_LOOP('',(#2146,#2147,#2148,#2149));
#6790=EDGE_LOOP('',(#2150,#2151,#2152,#2153));
#6791=EDGE_LOOP('',(#2154,#2155,#2156));
#6792=EDGE_LOOP('',(#2157,#2158,#2159,#2160,#2161,#2162,#2163,#2164));
#6793=EDGE_LOOP('',(#2165,#2166,#2167,#2168,#2169,#2170,#2171,#2172));
#6794=EDGE_LOOP('',(#2173,#2174,#2175));
#6795=EDGE_LOOP('',(#2176,#2177,#2178,#2179,#2180,#2181,#2182,#2183,#2184,
#2185,#2186,#2187,#2188,#2189,#2190,#2191,#2192,#2193,#2194,#2195));
#6796=EDGE_LOOP('',(#2196,#2197,#2198,#2199,#2200,#2201,#2202,#2203,#2204,
#2205,#2206,#2207,#2208,#2209,#2210,#2211,#2212,#2213,#2214,#2215));
#6797=EDGE_LOOP('',(#2216,#2217,#2218));
#6798=EDGE_LOOP('',(#2219,#2220,#2221,#2222));
#6799=EDGE_LOOP('',(#2223,#2224,#2225,#2226));
#6800=EDGE_LOOP('',(#2227,#2228,#2229,#2230));
#6801=EDGE_LOOP('',(#2231,#2232,#2233,#2234));
#6802=EDGE_LOOP('',(#2235,#2236,#2237,#2238));
#6803=EDGE_LOOP('',(#2239,#2240,#2241,#2242));
#6804=EDGE_LOOP('',(#2243,#2244,#2245,#2246));
#6805=EDGE_LOOP('',(#2247,#2248,#2249,#2250));
#6806=EDGE_LOOP('',(#2251,#2252,#2253,#2254));
#6807=EDGE_LOOP('',(#2255,#2256,#2257,#2258));
#6808=EDGE_LOOP('',(#2259,#2260,#2261,#2262));
#6809=EDGE_LOOP('',(#2263,#2264,#2265,#2266));
#6810=EDGE_LOOP('',(#2267,#2268,#2269,#2270));
#6811=EDGE_LOOP('',(#2271,#2272,#2273,#2274));
#6812=EDGE_LOOP('',(#2275,#2276,#2277,#2278));
#6813=EDGE_LOOP('',(#2279,#2280,#2281,#2282));
#6814=EDGE_LOOP('',(#2283,#2284,#2285,#2286));
#6815=EDGE_LOOP('',(#2287,#2288,#2289,#2290));
#6816=EDGE_LOOP('',(#2291,#2292,#2293,#2294));
#6817=EDGE_LOOP('',(#2295,#2296,#2297,#2298));
#6818=EDGE_LOOP('',(#2299,#2300,#2301,#2302));
#6819=EDGE_LOOP('',(#2303,#2304,#2305,#2306));
#6820=EDGE_LOOP('',(#2307,#2308,#2309,#2310));
#6821=EDGE_LOOP('',(#2311,#2312,#2313,#2314));
#6822=EDGE_LOOP('',(#2315,#2316,#2317,#2318));
#6823=EDGE_LOOP('',(#2319,#2320,#2321,#2322));
#6824=EDGE_LOOP('',(#2323));
#6825=EDGE_LOOP('',(#2324));
#6826=EDGE_LOOP('',(#2325,#2326,#2327,#2328));
#6827=EDGE_LOOP('',(#2329));
#6828=EDGE_LOOP('',(#2330));
#6829=EDGE_LOOP('',(#2331,#2332,#2333,#2334));
#6830=EDGE_LOOP('',(#2335));
#6831=EDGE_LOOP('',(#2336));
#6832=EDGE_LOOP('',(#2337,#2338,#2339,#2340));
#6833=EDGE_LOOP('',(#2341));
#6834=EDGE_LOOP('',(#2342));
#6835=EDGE_LOOP('',(#2343,#2344,#2345,#2346));
#6836=EDGE_LOOP('',(#2347,#2348,#2349,#2350));
#6837=EDGE_LOOP('',(#2351,#2352,#2353,#2354));
#6838=EDGE_LOOP('',(#2355,#2356,#2357,#2358));
#6839=EDGE_LOOP('',(#2359,#2360,#2361,#2362));
#6840=EDGE_LOOP('',(#2363,#2364,#2365,#2366));
#6841=EDGE_LOOP('',(#2367,#2368,#2369,#2370));
#6842=EDGE_LOOP('',(#2371,#2372,#2373,#2374));
#6843=EDGE_LOOP('',(#2375,#2376,#2377,#2378));
#6844=EDGE_LOOP('',(#2379));
#6845=EDGE_LOOP('',(#2380));
#6846=EDGE_LOOP('',(#2381));
#6847=EDGE_LOOP('',(#2382));
#6848=EDGE_LOOP('',(#2383,#2384,#2385,#2386));
#6849=EDGE_LOOP('',(#2387,#2388,#2389,#2390));
#6850=EDGE_LOOP('',(#2391,#2392,#2393,#2394));
#6851=EDGE_LOOP('',(#2395,#2396,#2397,#2398));
#6852=EDGE_LOOP('',(#2399,#2400,#2401,#2402,#2403,#2404,#2405));
#6853=EDGE_LOOP('',(#2406,#2407,#2408,#2409));
#6854=EDGE_LOOP('',(#2410,#2411,#2412,#2413));
#6855=EDGE_LOOP('',(#2414,#2415,#2416,#2417));
#6856=EDGE_LOOP('',(#2418,#2419,#2420,#2421));
#6857=EDGE_LOOP('',(#2422,#2423,#2424,#2425,#2426,#2427,#2428));
#6858=EDGE_LOOP('',(#2429,#2430,#2431,#2432,#2433,#2434));
#6859=EDGE_LOOP('',(#2435,#2436,#2437,#2438));
#6860=EDGE_LOOP('',(#2439,#2440,#2441,#2442,#2443));
#6861=EDGE_LOOP('',(#2444,#2445,#2446,#2447));
#6862=EDGE_LOOP('',(#2448,#2449,#2450,#2451,#2452));
#6863=EDGE_LOOP('',(#2453,#2454,#2455,#2456));
#6864=EDGE_LOOP('',(#2457,#2458,#2459,#2460,#2461,#2462));
#6865=EDGE_LOOP('',(#2463,#2464,#2465,#2466));
#6866=EDGE_LOOP('',(#2467,#2468,#2469,#2470,#2471,#2472,#2473,#2474,#2475,
#2476));
#6867=EDGE_LOOP('',(#2477,#2478,#2479,#2480));
#6868=EDGE_LOOP('',(#2481,#2482,#2483,#2484));
#6869=EDGE_LOOP('',(#2485,#2486,#2487,#2488));
#6870=EDGE_LOOP('',(#2489,#2490,#2491,#2492));
#6871=EDGE_LOOP('',(#2493,#2494,#2495,#2496));
#6872=EDGE_LOOP('',(#2497,#2498,#2499,#2500));
#6873=EDGE_LOOP('',(#2501,#2502,#2503,#2504));
#6874=EDGE_LOOP('',(#2505,#2506,#2507,#2508));
#6875=EDGE_LOOP('',(#2509,#2510,#2511,#2512));
#6876=EDGE_LOOP('',(#2513,#2514,#2515,#2516));
#6877=EDGE_LOOP('',(#2517,#2518,#2519,#2520));
#6878=EDGE_LOOP('',(#2521,#2522,#2523,#2524,#2525,#2526,#2527,#2528,#2529,
#2530,#2531,#2532));
#6879=EDGE_LOOP('',(#2533,#2534,#2535,#2536));
#6880=EDGE_LOOP('',(#2537,#2538,#2539,#2540));
#6881=EDGE_LOOP('',(#2541,#2542,#2543,#2544));
#6882=EDGE_LOOP('',(#2545,#2546,#2547,#2548));
#6883=EDGE_LOOP('',(#2549,#2550,#2551,#2552));
#6884=EDGE_LOOP('',(#2553,#2554,#2555,#2556));
#6885=EDGE_LOOP('',(#2557,#2558,#2559,#2560));
#6886=EDGE_LOOP('',(#2561,#2562,#2563,#2564));
#6887=EDGE_LOOP('',(#2565));
#6888=EDGE_LOOP('',(#2566));
#6889=EDGE_LOOP('',(#2567));
#6890=EDGE_LOOP('',(#2568));
#6891=EDGE_LOOP('',(#2569));
#6892=EDGE_LOOP('',(#2570));
#6893=EDGE_LOOP('',(#2571));
#6894=EDGE_LOOP('',(#2572));
#6895=EDGE_LOOP('',(#2573,#2574,#2575,#2576));
#6896=EDGE_LOOP('',(#2577,#2578,#2579,#2580));
#6897=EDGE_LOOP('',(#2581,#2582,#2583,#2584));
#6898=EDGE_LOOP('',(#2585,#2586,#2587,#2588));
#6899=EDGE_LOOP('',(#2589,#2590,#2591,#2592));
#6900=EDGE_LOOP('',(#2593,#2594,#2595,#2596));
#6901=EDGE_LOOP('',(#2597,#2598,#2599,#2600));
#6902=EDGE_LOOP('',(#2601,#2602,#2603,#2604));
#6903=EDGE_LOOP('',(#2605,#2606,#2607,#2608));
#6904=EDGE_LOOP('',(#2609,#2610,#2611,#2612,#2613,#2614,#2615,#2616));
#6905=EDGE_LOOP('',(#2617,#2618,#2619,#2620));
#6906=EDGE_LOOP('',(#2621,#2622,#2623,#2624));
#6907=EDGE_LOOP('',(#2625,#2626,#2627));
#6908=EDGE_LOOP('',(#2628,#2629,#2630,#2631));
#6909=EDGE_LOOP('',(#2632,#2633,#2634,#2635));
#6910=EDGE_LOOP('',(#2636,#2637,#2638,#2639));
#6911=EDGE_LOOP('',(#2640,#2641,#2642,#2643,#2644));
#6912=EDGE_LOOP('',(#2645,#2646,#2647));
#6913=EDGE_LOOP('',(#2648,#2649,#2650,#2651,#2652));
#6914=EDGE_LOOP('',(#2653,#2654,#2655,#2656));
#6915=EDGE_LOOP('',(#2657,#2658,#2659,#2660));
#6916=EDGE_LOOP('',(#2661,#2662,#2663,#2664));
#6917=EDGE_LOOP('',(#2665,#2666,#2667,#2668));
#6918=EDGE_LOOP('',(#2669,#2670,#2671));
#6919=EDGE_LOOP('',(#2672,#2673,#2674,#2675,#2676));
#6920=EDGE_LOOP('',(#2677,#2678,#2679,#2680));
#6921=EDGE_LOOP('',(#2681,#2682,#2683,#2684,#2685));
#6922=EDGE_LOOP('',(#2686,#2687,#2688,#2689));
#6923=EDGE_LOOP('',(#2690,#2691,#2692,#2693));
#6924=EDGE_LOOP('',(#2694,#2695,#2696,#2697));
#6925=EDGE_LOOP('',(#2698,#2699,#2700,#2701,#2702,#2703,#2704,#2705));
#6926=EDGE_LOOP('',(#2706,#2707,#2708,#2709,#2710,#2711));
#6927=EDGE_LOOP('',(#2712,#2713,#2714,#2715));
#6928=EDGE_LOOP('',(#2716,#2717,#2718));
#6929=EDGE_LOOP('',(#2719,#2720,#2721,#2722));
#6930=EDGE_LOOP('',(#2723,#2724,#2725));
#6931=EDGE_LOOP('',(#2726,#2727,#2728,#2729));
#6932=EDGE_LOOP('',(#2730,#2731,#2732));
#6933=EDGE_LOOP('',(#2733,#2734,#2735,#2736));
#6934=EDGE_LOOP('',(#2737,#2738,#2739));
#6935=EDGE_LOOP('',(#2740,#2741,#2742,#2743,#2744,#2745,#2746,#2747,#2748,
#2749,#2750,#2751,#2752,#2753,#2754,#2755));
#6936=EDGE_LOOP('',(#2756,#2757,#2758,#2759,#2760,#2761,#2762,#2763,#2764,
#2765,#2766,#2767,#2768,#2769));
#6937=EDGE_LOOP('',(#2770,#2771,#2772,#2773));
#6938=EDGE_LOOP('',(#2774,#2775,#2776,#2777));
#6939=EDGE_LOOP('',(#2778,#2779,#2780,#2781));
#6940=EDGE_LOOP('',(#2782,#2783,#2784,#2785,#2786,#2787));
#6941=EDGE_LOOP('',(#2788,#2789,#2790,#2791));
#6942=EDGE_LOOP('',(#2792,#2793,#2794,#2795));
#6943=EDGE_LOOP('',(#2796,#2797,#2798,#2799));
#6944=EDGE_LOOP('',(#2800,#2801,#2802,#2803,#2804,#2805));
#6945=EDGE_LOOP('',(#2806,#2807,#2808,#2809));
#6946=EDGE_LOOP('',(#2810,#2811,#2812,#2813));
#6947=EDGE_LOOP('',(#2814,#2815,#2816,#2817));
#6948=EDGE_LOOP('',(#2818,#2819,#2820,#2821));
#6949=EDGE_LOOP('',(#2822,#2823,#2824,#2825));
#6950=EDGE_LOOP('',(#2826));
#6951=EDGE_LOOP('',(#2827,#2828,#2829,#2830,#2831,#2832));
#6952=EDGE_LOOP('',(#2833,#2834,#2835,#2836));
#6953=EDGE_LOOP('',(#2837,#2838,#2839,#2840));
#6954=EDGE_LOOP('',(#2841,#2842,#2843,#2844));
#6955=EDGE_LOOP('',(#2845,#2846,#2847,#2848));
#6956=EDGE_LOOP('',(#2849,#2850,#2851,#2852));
#6957=EDGE_LOOP('',(#2853));
#6958=EDGE_LOOP('',(#2854,#2855,#2856,#2857,#2858,#2859));
#6959=EDGE_LOOP('',(#2860,#2861,#2862,#2863,#2864,#2865,#2866,#2867,#2868,
#2869));
#6960=EDGE_LOOP('',(#2870));
#6961=EDGE_LOOP('',(#2871));
#6962=EDGE_LOOP('',(#2872,#2873,#2874,#2875));
#6963=EDGE_LOOP('',(#2876,#2877,#2878,#2879));
#6964=EDGE_LOOP('',(#2880,#2881,#2882,#2883));
#6965=EDGE_LOOP('',(#2884,#2885,#2886,#2887));
#6966=FACE_BOUND('',#6505,.T.);
#6967=FACE_BOUND('',#6506,.T.);
#6968=FACE_BOUND('',#6507,.T.);
#6969=FACE_BOUND('',#6508,.T.);
#6970=FACE_BOUND('',#6509,.T.);
#6971=FACE_BOUND('',#6510,.T.);
#6972=FACE_BOUND('',#6511,.T.);
#6973=FACE_BOUND('',#6512,.T.);
#6974=FACE_BOUND('',#6513,.T.);
#6975=FACE_BOUND('',#6514,.T.);
#6976=FACE_BOUND('',#6515,.T.);
#6977=FACE_BOUND('',#6516,.T.);
#6978=FACE_BOUND('',#6517,.T.);
#6979=FACE_BOUND('',#6518,.T.);
#6980=FACE_BOUND('',#6519,.T.);
#6981=FACE_BOUND('',#6520,.T.);
#6982=FACE_BOUND('',#6521,.T.);
#6983=FACE_BOUND('',#6522,.T.);
#6984=FACE_BOUND('',#6523,.T.);
#6985=FACE_BOUND('',#6524,.T.);
#6986=FACE_BOUND('',#6525,.T.);
#6987=FACE_BOUND('',#6526,.T.);
#6988=FACE_BOUND('',#6527,.T.);
#6989=FACE_BOUND('',#6528,.T.);
#6990=FACE_BOUND('',#6529,.T.);
#6991=FACE_BOUND('',#6530,.T.);
#6992=FACE_BOUND('',#6531,.T.);
#6993=FACE_BOUND('',#6532,.T.);
#6994=FACE_BOUND('',#6533,.T.);
#6995=FACE_BOUND('',#6534,.T.);
#6996=FACE_BOUND('',#6535,.T.);
#6997=FACE_BOUND('',#6536,.T.);
#6998=FACE_BOUND('',#6537,.T.);
#6999=FACE_BOUND('',#6538,.T.);
#7000=FACE_BOUND('',#6539,.T.);
#7001=FACE_BOUND('',#6540,.T.);
#7002=FACE_BOUND('',#6541,.T.);
#7003=FACE_BOUND('',#6542,.T.);
#7004=FACE_BOUND('',#6543,.T.);
#7005=FACE_BOUND('',#6544,.T.);
#7006=FACE_BOUND('',#6545,.T.);
#7007=FACE_BOUND('',#6546,.T.);
#7008=FACE_BOUND('',#6547,.T.);
#7009=FACE_BOUND('',#6548,.T.);
#7010=FACE_BOUND('',#6549,.T.);
#7011=FACE_BOUND('',#6550,.T.);
#7012=FACE_BOUND('',#6551,.T.);
#7013=FACE_BOUND('',#6552,.T.);
#7014=FACE_BOUND('',#6553,.T.);
#7015=FACE_BOUND('',#6554,.T.);
#7016=FACE_BOUND('',#6555,.T.);
#7017=FACE_BOUND('',#6556,.T.);
#7018=FACE_BOUND('',#6557,.T.);
#7019=FACE_BOUND('',#6558,.T.);
#7020=FACE_BOUND('',#6559,.T.);
#7021=FACE_BOUND('',#6560,.T.);
#7022=FACE_BOUND('',#6561,.T.);
#7023=FACE_BOUND('',#6562,.T.);
#7024=FACE_BOUND('',#6563,.T.);
#7025=FACE_BOUND('',#6564,.T.);
#7026=FACE_BOUND('',#6565,.T.);
#7027=FACE_BOUND('',#6566,.T.);
#7028=FACE_BOUND('',#6567,.T.);
#7029=FACE_BOUND('',#6568,.T.);
#7030=FACE_BOUND('',#6569,.T.);
#7031=FACE_BOUND('',#6570,.T.);
#7032=FACE_BOUND('',#6571,.T.);
#7033=FACE_BOUND('',#6572,.T.);
#7034=FACE_BOUND('',#6573,.T.);
#7035=FACE_BOUND('',#6574,.T.);
#7036=FACE_BOUND('',#6575,.T.);
#7037=FACE_BOUND('',#6576,.T.);
#7038=FACE_BOUND('',#6577,.T.);
#7039=FACE_BOUND('',#6578,.T.);
#7040=FACE_BOUND('',#6579,.T.);
#7041=FACE_BOUND('',#6580,.T.);
#7042=FACE_BOUND('',#6581,.T.);
#7043=FACE_BOUND('',#6582,.T.);
#7044=FACE_BOUND('',#6583,.T.);
#7045=FACE_BOUND('',#6584,.T.);
#7046=FACE_BOUND('',#6585,.T.);
#7047=FACE_BOUND('',#6586,.T.);
#7048=FACE_BOUND('',#6587,.T.);
#7049=FACE_BOUND('',#6588,.T.);
#7050=FACE_BOUND('',#6589,.T.);
#7051=FACE_BOUND('',#6590,.T.);
#7052=FACE_BOUND('',#6591,.T.);
#7053=FACE_BOUND('',#6592,.T.);
#7054=FACE_BOUND('',#6593,.T.);
#7055=FACE_BOUND('',#6594,.T.);
#7056=FACE_BOUND('',#6595,.T.);
#7057=FACE_BOUND('',#6596,.T.);
#7058=FACE_BOUND('',#6597,.T.);
#7059=FACE_BOUND('',#6598,.T.);
#7060=FACE_BOUND('',#6599,.T.);
#7061=FACE_BOUND('',#6600,.T.);
#7062=FACE_BOUND('',#6601,.T.);
#7063=FACE_BOUND('',#6602,.T.);
#7064=FACE_BOUND('',#6603,.T.);
#7065=FACE_BOUND('',#6604,.T.);
#7066=FACE_BOUND('',#6605,.T.);
#7067=FACE_BOUND('',#6606,.T.);
#7068=FACE_BOUND('',#6607,.T.);
#7069=FACE_BOUND('',#6608,.T.);
#7070=FACE_BOUND('',#6609,.T.);
#7071=FACE_BOUND('',#6610,.T.);
#7072=FACE_BOUND('',#6611,.T.);
#7073=FACE_BOUND('',#6612,.T.);
#7074=FACE_BOUND('',#6613,.T.);
#7075=FACE_BOUND('',#6614,.T.);
#7076=FACE_BOUND('',#6615,.T.);
#7077=FACE_BOUND('',#6616,.T.);
#7078=FACE_BOUND('',#6617,.T.);
#7079=FACE_BOUND('',#6618,.T.);
#7080=FACE_BOUND('',#6619,.T.);
#7081=FACE_BOUND('',#6620,.T.);
#7082=FACE_BOUND('',#6621,.T.);
#7083=FACE_BOUND('',#6622,.T.);
#7084=FACE_BOUND('',#6623,.T.);
#7085=FACE_BOUND('',#6624,.T.);
#7086=FACE_BOUND('',#6625,.T.);
#7087=FACE_BOUND('',#6626,.T.);
#7088=FACE_BOUND('',#6627,.T.);
#7089=FACE_BOUND('',#6628,.T.);
#7090=FACE_BOUND('',#6629,.T.);
#7091=FACE_BOUND('',#6630,.T.);
#7092=FACE_BOUND('',#6631,.T.);
#7093=FACE_BOUND('',#6632,.T.);
#7094=FACE_BOUND('',#6633,.T.);
#7095=FACE_BOUND('',#6634,.T.);
#7096=FACE_BOUND('',#6635,.T.);
#7097=FACE_BOUND('',#6636,.T.);
#7098=FACE_BOUND('',#6637,.T.);
#7099=FACE_BOUND('',#6638,.T.);
#7100=FACE_BOUND('',#6639,.T.);
#7101=FACE_BOUND('',#6640,.T.);
#7102=FACE_BOUND('',#6641,.T.);
#7103=FACE_BOUND('',#6642,.T.);
#7104=FACE_BOUND('',#6643,.T.);
#7105=FACE_BOUND('',#6644,.T.);
#7106=FACE_BOUND('',#6645,.T.);
#7107=FACE_BOUND('',#6646,.T.);
#7108=FACE_BOUND('',#6647,.T.);
#7109=FACE_BOUND('',#6648,.T.);
#7110=FACE_BOUND('',#6649,.T.);
#7111=FACE_BOUND('',#6650,.T.);
#7112=FACE_BOUND('',#6651,.T.);
#7113=FACE_BOUND('',#6652,.T.);
#7114=FACE_BOUND('',#6653,.T.);
#7115=FACE_BOUND('',#6654,.T.);
#7116=FACE_BOUND('',#6655,.T.);
#7117=FACE_BOUND('',#6656,.T.);
#7118=FACE_BOUND('',#6657,.T.);
#7119=FACE_BOUND('',#6658,.T.);
#7120=FACE_BOUND('',#6659,.T.);
#7121=FACE_BOUND('',#6660,.T.);
#7122=FACE_BOUND('',#6661,.T.);
#7123=FACE_BOUND('',#6662,.T.);
#7124=FACE_BOUND('',#6663,.T.);
#7125=FACE_BOUND('',#6664,.T.);
#7126=FACE_BOUND('',#6665,.T.);
#7127=FACE_BOUND('',#6666,.T.);
#7128=FACE_BOUND('',#6667,.T.);
#7129=FACE_BOUND('',#6668,.T.);
#7130=FACE_BOUND('',#6669,.T.);
#7131=FACE_BOUND('',#6670,.T.);
#7132=FACE_BOUND('',#6671,.T.);
#7133=FACE_BOUND('',#6672,.T.);
#7134=FACE_BOUND('',#6673,.T.);
#7135=FACE_BOUND('',#6674,.T.);
#7136=FACE_BOUND('',#6675,.T.);
#7137=FACE_BOUND('',#6676,.T.);
#7138=FACE_BOUND('',#6677,.T.);
#7139=FACE_BOUND('',#6678,.T.);
#7140=FACE_BOUND('',#6679,.T.);
#7141=FACE_BOUND('',#6680,.T.);
#7142=FACE_BOUND('',#6681,.T.);
#7143=FACE_BOUND('',#6682,.T.);
#7144=FACE_BOUND('',#6683,.T.);
#7145=FACE_BOUND('',#6684,.T.);
#7146=FACE_BOUND('',#6685,.T.);
#7147=FACE_BOUND('',#6686,.T.);
#7148=FACE_BOUND('',#6687,.T.);
#7149=FACE_BOUND('',#6688,.T.);
#7150=FACE_BOUND('',#6689,.T.);
#7151=FACE_BOUND('',#6690,.T.);
#7152=FACE_BOUND('',#6691,.T.);
#7153=FACE_BOUND('',#6692,.T.);
#7154=FACE_BOUND('',#6693,.T.);
#7155=FACE_BOUND('',#6694,.T.);
#7156=FACE_BOUND('',#6695,.T.);
#7157=FACE_BOUND('',#6696,.T.);
#7158=FACE_BOUND('',#6697,.T.);
#7159=FACE_BOUND('',#6698,.T.);
#7160=FACE_BOUND('',#6699,.T.);
#7161=FACE_BOUND('',#6700,.T.);
#7162=FACE_BOUND('',#6701,.T.);
#7163=FACE_BOUND('',#6702,.T.);
#7164=FACE_BOUND('',#6703,.T.);
#7165=FACE_BOUND('',#6704,.T.);
#7166=FACE_BOUND('',#6705,.T.);
#7167=FACE_BOUND('',#6706,.T.);
#7168=FACE_BOUND('',#6707,.T.);
#7169=FACE_BOUND('',#6708,.T.);
#7170=FACE_BOUND('',#6709,.T.);
#7171=FACE_BOUND('',#6710,.T.);
#7172=FACE_BOUND('',#6711,.T.);
#7173=FACE_BOUND('',#6712,.T.);
#7174=FACE_BOUND('',#6713,.T.);
#7175=FACE_BOUND('',#6714,.T.);
#7176=FACE_BOUND('',#6715,.T.);
#7177=FACE_BOUND('',#6716,.T.);
#7178=FACE_BOUND('',#6717,.T.);
#7179=FACE_BOUND('',#6718,.T.);
#7180=FACE_BOUND('',#6719,.T.);
#7181=FACE_BOUND('',#6720,.T.);
#7182=FACE_BOUND('',#6721,.T.);
#7183=FACE_BOUND('',#6722,.T.);
#7184=FACE_BOUND('',#6723,.T.);
#7185=FACE_BOUND('',#6724,.T.);
#7186=FACE_BOUND('',#6725,.T.);
#7187=FACE_BOUND('',#6726,.T.);
#7188=FACE_BOUND('',#6727,.T.);
#7189=FACE_BOUND('',#6728,.T.);
#7190=FACE_BOUND('',#6729,.T.);
#7191=FACE_BOUND('',#6730,.T.);
#7192=FACE_BOUND('',#6731,.T.);
#7193=FACE_BOUND('',#6732,.T.);
#7194=FACE_BOUND('',#6733,.T.);
#7195=FACE_BOUND('',#6734,.T.);
#7196=FACE_BOUND('',#6735,.T.);
#7197=FACE_BOUND('',#6736,.T.);
#7198=FACE_BOUND('',#6737,.T.);
#7199=FACE_BOUND('',#6738,.T.);
#7200=FACE_BOUND('',#6739,.T.);
#7201=FACE_BOUND('',#6740,.T.);
#7202=FACE_BOUND('',#6741,.T.);
#7203=FACE_BOUND('',#6742,.T.);
#7204=FACE_BOUND('',#6743,.T.);
#7205=FACE_BOUND('',#6744,.T.);
#7206=FACE_BOUND('',#6745,.T.);
#7207=FACE_BOUND('',#6746,.T.);
#7208=FACE_BOUND('',#6747,.T.);
#7209=FACE_BOUND('',#6748,.T.);
#7210=FACE_BOUND('',#6749,.T.);
#7211=FACE_BOUND('',#6750,.T.);
#7212=FACE_BOUND('',#6751,.T.);
#7213=FACE_BOUND('',#6752,.T.);
#7214=FACE_BOUND('',#6753,.T.);
#7215=FACE_BOUND('',#6754,.T.);
#7216=FACE_BOUND('',#6755,.T.);
#7217=FACE_BOUND('',#6756,.T.);
#7218=FACE_BOUND('',#6757,.T.);
#7219=FACE_BOUND('',#6758,.T.);
#7220=FACE_BOUND('',#6759,.T.);
#7221=FACE_BOUND('',#6760,.T.);
#7222=FACE_BOUND('',#6761,.T.);
#7223=FACE_BOUND('',#6762,.T.);
#7224=FACE_BOUND('',#6763,.T.);
#7225=FACE_BOUND('',#6764,.T.);
#7226=FACE_BOUND('',#6765,.T.);
#7227=FACE_BOUND('',#6766,.T.);
#7228=FACE_BOUND('',#6767,.T.);
#7229=FACE_BOUND('',#6768,.T.);
#7230=FACE_BOUND('',#6769,.T.);
#7231=FACE_BOUND('',#6770,.T.);
#7232=FACE_BOUND('',#6771,.T.);
#7233=FACE_BOUND('',#6772,.T.);
#7234=FACE_BOUND('',#6773,.T.);
#7235=FACE_BOUND('',#6774,.T.);
#7236=FACE_BOUND('',#6775,.T.);
#7237=FACE_BOUND('',#6776,.T.);
#7238=FACE_BOUND('',#6777,.T.);
#7239=FACE_BOUND('',#6778,.T.);
#7240=FACE_BOUND('',#6779,.T.);
#7241=FACE_BOUND('',#6780,.T.);
#7242=FACE_BOUND('',#6781,.T.);
#7243=FACE_BOUND('',#6782,.T.);
#7244=FACE_BOUND('',#6783,.T.);
#7245=FACE_BOUND('',#6784,.T.);
#7246=FACE_BOUND('',#6785,.T.);
#7247=FACE_BOUND('',#6786,.T.);
#7248=FACE_BOUND('',#6787,.T.);
#7249=FACE_BOUND('',#6788,.T.);
#7250=FACE_BOUND('',#6789,.T.);
#7251=FACE_BOUND('',#6790,.T.);
#7252=FACE_BOUND('',#6791,.T.);
#7253=FACE_BOUND('',#6792,.T.);
#7254=FACE_BOUND('',#6793,.T.);
#7255=FACE_BOUND('',#6794,.T.);
#7256=FACE_BOUND('',#6795,.T.);
#7257=FACE_BOUND('',#6796,.T.);
#7258=FACE_BOUND('',#6797,.T.);
#7259=FACE_BOUND('',#6798,.T.);
#7260=FACE_BOUND('',#6799,.T.);
#7261=FACE_BOUND('',#6800,.T.);
#7262=FACE_BOUND('',#6801,.T.);
#7263=FACE_BOUND('',#6802,.T.);
#7264=FACE_BOUND('',#6803,.T.);
#7265=FACE_BOUND('',#6804,.T.);
#7266=FACE_BOUND('',#6805,.T.);
#7267=FACE_BOUND('',#6806,.T.);
#7268=FACE_BOUND('',#6807,.T.);
#7269=FACE_BOUND('',#6808,.T.);
#7270=FACE_BOUND('',#6809,.T.);
#7271=FACE_BOUND('',#6810,.T.);
#7272=FACE_BOUND('',#6811,.T.);
#7273=FACE_BOUND('',#6812,.T.);
#7274=FACE_BOUND('',#6813,.T.);
#7275=FACE_BOUND('',#6814,.T.);
#7276=FACE_BOUND('',#6815,.T.);
#7277=FACE_BOUND('',#6816,.T.);
#7278=FACE_BOUND('',#6817,.T.);
#7279=FACE_BOUND('',#6818,.T.);
#7280=FACE_BOUND('',#6819,.T.);
#7281=FACE_BOUND('',#6820,.T.);
#7282=FACE_BOUND('',#6821,.T.);
#7283=FACE_BOUND('',#6822,.T.);
#7284=FACE_BOUND('',#6823,.T.);
#7285=FACE_BOUND('',#6824,.T.);
#7286=FACE_BOUND('',#6825,.T.);
#7287=FACE_BOUND('',#6826,.T.);
#7288=FACE_BOUND('',#6827,.T.);
#7289=FACE_BOUND('',#6828,.T.);
#7290=FACE_BOUND('',#6829,.T.);
#7291=FACE_BOUND('',#6830,.T.);
#7292=FACE_BOUND('',#6831,.T.);
#7293=FACE_BOUND('',#6832,.T.);
#7294=FACE_BOUND('',#6833,.T.);
#7295=FACE_BOUND('',#6834,.T.);
#7296=FACE_BOUND('',#6835,.T.);
#7297=FACE_BOUND('',#6836,.T.);
#7298=FACE_BOUND('',#6837,.T.);
#7299=FACE_BOUND('',#6838,.T.);
#7300=FACE_BOUND('',#6839,.T.);
#7301=FACE_BOUND('',#6840,.T.);
#7302=FACE_BOUND('',#6841,.T.);
#7303=FACE_BOUND('',#6842,.T.);
#7304=FACE_BOUND('',#6843,.T.);
#7305=FACE_BOUND('',#6844,.T.);
#7306=FACE_BOUND('',#6845,.T.);
#7307=FACE_BOUND('',#6846,.T.);
#7308=FACE_BOUND('',#6847,.T.);
#7309=FACE_BOUND('',#6848,.T.);
#7310=FACE_BOUND('',#6849,.T.);
#7311=FACE_BOUND('',#6850,.T.);
#7312=FACE_BOUND('',#6851,.T.);
#7313=FACE_BOUND('',#6852,.T.);
#7314=FACE_BOUND('',#6853,.T.);
#7315=FACE_BOUND('',#6854,.T.);
#7316=FACE_BOUND('',#6855,.T.);
#7317=FACE_BOUND('',#6856,.T.);
#7318=FACE_BOUND('',#6857,.T.);
#7319=FACE_BOUND('',#6858,.T.);
#7320=FACE_BOUND('',#6859,.T.);
#7321=FACE_BOUND('',#6860,.T.);
#7322=FACE_BOUND('',#6861,.T.);
#7323=FACE_BOUND('',#6862,.T.);
#7324=FACE_BOUND('',#6863,.T.);
#7325=FACE_BOUND('',#6864,.T.);
#7326=FACE_BOUND('',#6865,.T.);
#7327=FACE_BOUND('',#6866,.T.);
#7328=FACE_BOUND('',#6867,.T.);
#7329=FACE_BOUND('',#6868,.T.);
#7330=FACE_BOUND('',#6869,.T.);
#7331=FACE_BOUND('',#6870,.T.);
#7332=FACE_BOUND('',#6871,.T.);
#7333=FACE_BOUND('',#6872,.T.);
#7334=FACE_BOUND('',#6873,.T.);
#7335=FACE_BOUND('',#6874,.T.);
#7336=FACE_BOUND('',#6875,.T.);
#7337=FACE_BOUND('',#6876,.T.);
#7338=FACE_BOUND('',#6877,.T.);
#7339=FACE_BOUND('',#6878,.T.);
#7340=FACE_BOUND('',#6879,.T.);
#7341=FACE_BOUND('',#6880,.T.);
#7342=FACE_BOUND('',#6881,.T.);
#7343=FACE_BOUND('',#6882,.T.);
#7344=FACE_BOUND('',#6883,.T.);
#7345=FACE_BOUND('',#6884,.T.);
#7346=FACE_BOUND('',#6885,.T.);
#7347=FACE_BOUND('',#6886,.T.);
#7348=FACE_BOUND('',#6887,.T.);
#7349=FACE_BOUND('',#6888,.T.);
#7350=FACE_BOUND('',#6889,.T.);
#7351=FACE_BOUND('',#6890,.T.);
#7352=FACE_BOUND('',#6891,.T.);
#7353=FACE_BOUND('',#6892,.T.);
#7354=FACE_BOUND('',#6893,.T.);
#7355=FACE_BOUND('',#6894,.T.);
#7356=FACE_BOUND('',#6895,.T.);
#7357=FACE_BOUND('',#6896,.T.);
#7358=FACE_BOUND('',#6897,.T.);
#7359=FACE_BOUND('',#6898,.T.);
#7360=FACE_BOUND('',#6899,.T.);
#7361=FACE_BOUND('',#6900,.T.);
#7362=FACE_BOUND('',#6901,.T.);
#7363=FACE_BOUND('',#6902,.T.);
#7364=FACE_BOUND('',#6903,.T.);
#7365=FACE_BOUND('',#6904,.T.);
#7366=FACE_BOUND('',#6905,.T.);
#7367=FACE_BOUND('',#6906,.T.);
#7368=FACE_BOUND('',#6907,.T.);
#7369=FACE_BOUND('',#6908,.T.);
#7370=FACE_BOUND('',#6909,.T.);
#7371=FACE_BOUND('',#6910,.T.);
#7372=FACE_BOUND('',#6911,.T.);
#7373=FACE_BOUND('',#6912,.T.);
#7374=FACE_BOUND('',#6913,.T.);
#7375=FACE_BOUND('',#6914,.T.);
#7376=FACE_BOUND('',#6915,.T.);
#7377=FACE_BOUND('',#6916,.T.);
#7378=FACE_BOUND('',#6917,.T.);
#7379=FACE_BOUND('',#6918,.T.);
#7380=FACE_BOUND('',#6919,.T.);
#7381=FACE_BOUND('',#6920,.T.);
#7382=FACE_BOUND('',#6921,.T.);
#7383=FACE_BOUND('',#6922,.T.);
#7384=FACE_BOUND('',#6923,.T.);
#7385=FACE_BOUND('',#6924,.T.);
#7386=FACE_BOUND('',#6925,.T.);
#7387=FACE_BOUND('',#6926,.T.);
#7388=FACE_BOUND('',#6927,.T.);
#7389=FACE_BOUND('',#6928,.T.);
#7390=FACE_BOUND('',#6929,.T.);
#7391=FACE_BOUND('',#6930,.T.);
#7392=FACE_BOUND('',#6931,.T.);
#7393=FACE_BOUND('',#6932,.T.);
#7394=FACE_BOUND('',#6933,.T.);
#7395=FACE_BOUND('',#6934,.T.);
#7396=FACE_BOUND('',#6935,.T.);
#7397=FACE_BOUND('',#6936,.T.);
#7398=FACE_BOUND('',#6937,.T.);
#7399=FACE_BOUND('',#6938,.T.);
#7400=FACE_BOUND('',#6939,.T.);
#7401=FACE_BOUND('',#6940,.T.);
#7402=FACE_BOUND('',#6941,.T.);
#7403=FACE_BOUND('',#6942,.T.);
#7404=FACE_BOUND('',#6943,.T.);
#7405=FACE_BOUND('',#6944,.T.);
#7406=FACE_BOUND('',#6945,.T.);
#7407=FACE_BOUND('',#6946,.T.);
#7408=FACE_BOUND('',#6947,.T.);
#7409=FACE_BOUND('',#6948,.T.);
#7410=FACE_BOUND('',#6949,.T.);
#7411=FACE_BOUND('',#6950,.T.);
#7412=FACE_BOUND('',#6951,.T.);
#7413=FACE_BOUND('',#6952,.T.);
#7414=FACE_BOUND('',#6953,.T.);
#7415=FACE_BOUND('',#6954,.T.);
#7416=FACE_BOUND('',#6955,.T.);
#7417=FACE_BOUND('',#6956,.T.);
#7418=FACE_BOUND('',#6957,.T.);
#7419=FACE_BOUND('',#6958,.T.);
#7420=FACE_BOUND('',#6959,.T.);
#7421=FACE_BOUND('',#6960,.T.);
#7422=FACE_BOUND('',#6961,.T.);
#7423=FACE_BOUND('',#6962,.T.);
#7424=FACE_BOUND('',#6963,.T.);
#7425=FACE_BOUND('',#6964,.T.);
#7426=FACE_BOUND('',#6965,.T.);
#7427=PLANE('',#8134);
#7428=PLANE('',#8139);
#7429=PLANE('',#8140);
#7430=PLANE('',#8179);
#7431=PLANE('',#8182);
#7432=PLANE('',#8200);
#7433=PLANE('',#8203);
#7434=PLANE('',#8241);
#7435=PLANE('',#8243);
#7436=PLANE('',#8245);
#7437=PLANE('',#8247);
#7438=PLANE('',#8249);
#7439=PLANE('',#8251);
#7440=PLANE('',#8253);
#7441=PLANE('',#8255);
#7442=PLANE('',#8257);
#7443=PLANE('',#8259);
#7444=PLANE('',#8261);
#7445=PLANE('',#8263);
#7446=PLANE('',#8265);
#7447=PLANE('',#8267);
#7448=PLANE('',#8269);
#7449=PLANE('',#8271);
#7450=PLANE('',#8273);
#7451=PLANE('',#8275);
#7452=PLANE('',#8276);
#7453=PLANE('',#8281);
#7454=PLANE('',#8284);
#7455=PLANE('',#8285);
#7456=PLANE('',#8286);
#7457=PLANE('',#8288);
#7458=PLANE('',#8293);
#7459=PLANE('',#8298);
#7460=PLANE('',#8303);
#7461=PLANE('',#8308);
#7462=PLANE('',#8319);
#7463=PLANE('',#8320);
#7464=PLANE('',#8327);
#7465=PLANE('',#8329);
#7466=PLANE('',#8335);
#7467=PLANE('',#8336);
#7468=PLANE('',#8338);
#7469=PLANE('',#8339);
#7470=PLANE('',#8342);
#7471=PLANE('',#8346);
#7472=PLANE('',#8348);
#7473=PLANE('',#8357);
#7474=PLANE('',#8358);
#7475=PLANE('',#8362);
#7476=PLANE('',#8363);
#7477=PLANE('',#8368);
#7478=PLANE('',#8370);
#7479=PLANE('',#8373);
#7480=PLANE('',#8377);
#7481=PLANE('',#8378);
#7482=PLANE('',#8379);
#7483=PLANE('',#8380);
#7484=PLANE('',#8383);
#7485=PLANE('',#8384);
#7486=PLANE('',#8385);
#7487=PLANE('',#8389);
#7488=PLANE('',#8390);
#7489=PLANE('',#8391);
#7490=PLANE('',#8392);
#7491=PLANE('',#8394);
#7492=PLANE('',#8397);
#7493=PLANE('',#8401);
#7494=PLANE('',#8404);
#7495=PLANE('',#8406);
#7496=PLANE('',#8407);
#7497=PLANE('',#8409);
#7498=PLANE('',#8410);
#7499=PLANE('',#8411);
#7500=PLANE('',#8412);
#7501=PLANE('',#8413);
#7502=PLANE('',#8415);
#7503=PLANE('',#8416);
#7504=PLANE('',#8417);
#7505=PLANE('',#8418);
#7506=PLANE('',#8419);
#7507=PLANE('',#8423);
#7508=PLANE('',#8424);
#7509=PLANE('',#8428);
#7510=PLANE('',#8429);
#7511=PLANE('',#8438);
#7512=PLANE('',#8439);
#7513=PLANE('',#8440);
#7514=PLANE('',#8443);
#7515=PLANE('',#8444);
#7516=PLANE('',#8445);
#7517=PLANE('',#8446);
#7518=PLANE('',#8450);
#7519=PLANE('',#8452);
#7520=PLANE('',#8453);
#7521=PLANE('',#8454);
#7522=PLANE('',#8455);
#7523=PLANE('',#8456);
#7524=PLANE('',#8458);
#7525=PLANE('',#8459);
#7526=PLANE('',#8460);
#7527=PLANE('',#8461);
#7528=PLANE('',#8462);
#7529=PLANE('',#8463);
#7530=PLANE('',#8464);
#7531=PLANE('',#8465);
#7532=PLANE('',#8466);
#7533=PLANE('',#8467);
#7534=PLANE('',#8468);
#7535=PLANE('',#8469);
#7536=PLANE('',#8470);
#7537=PLANE('',#8471);
#7538=PLANE('',#8472);
#7539=PLANE('',#8473);
#7540=PLANE('',#8474);
#7541=PLANE('',#8475);
#7542=PLANE('',#8476);
#7543=PLANE('',#8477);
#7544=PLANE('',#8478);
#7545=PLANE('',#8479);
#7546=PLANE('',#8480);
#7547=PLANE('',#8481);
#7548=PLANE('',#8482);
#7549=PLANE('',#8483);
#7550=PLANE('',#8484);
#7551=PLANE('',#8485);
#7552=PLANE('',#8486);
#7553=PLANE('',#8487);
#7554=PLANE('',#8488);
#7555=PLANE('',#8489);
#7556=PLANE('',#8490);
#7557=PLANE('',#8491);
#7558=PLANE('',#8492);
#7559=PLANE('',#8493);
#7560=PLANE('',#8496);
#7561=PLANE('',#8497);
#7562=PLANE('',#8498);
#7563=PLANE('',#8499);
#7564=PLANE('',#8500);
#7565=PLANE('',#8501);
#7566=PLANE('',#8504);
#7567=PLANE('',#8505);
#7568=PLANE('',#8507);
#7569=PLANE('',#8514);
#7570=PLANE('',#8516);
#7571=PLANE('',#8517);
#7572=PLANE('',#8518);
#7573=PLANE('',#8519);
#7574=PLANE('',#8520);
#7575=PLANE('',#8521);
#7576=PLANE('',#8522);
#7577=PLANE('',#8523);
#7578=PLANE('',#8526);
#7579=PLANE('',#8529);
#7580=PLANE('',#8531);
#7581=PLANE('',#8534);
#7582=PLANE('',#8545);
#7583=PLANE('',#8546);
#7584=PLANE('',#8547);
#7585=PLANE('',#8548);
#7586=PLANE('',#8549);
#7587=PLANE('',#8553);
#7588=PLANE('',#8561);
#7589=PLANE('',#8564);
#7590=PLANE('',#8565);
#7591=PLANE('',#8567);
#7592=PLANE('',#8569);
#7593=PLANE('',#8571);
#7594=PLANE('',#8572);
#7595=PLANE('',#8580);
#7596=PLANE('',#8583);
#7597=PLANE('',#8586);
#7598=PLANE('',#8589);
#7599=PLANE('',#8592);
#7600=PLANE('',#8594);
#7601=PLANE('',#8595);
#7602=PLANE('',#8597);
#7603=PLANE('',#8599);
#7604=PLANE('',#8600);
#7605=PLANE('',#8604);
#7606=PLANE('',#8605);
#7607=PLANE('',#8608);
#7608=PLANE('',#8609);
#7609=PLANE('',#8610);
#7610=PLANE('',#8612);
#7611=PLANE('',#8613);
#7612=PLANE('',#8614);
#7613=PLANE('',#8616);
#7614=PLANE('',#8617);
#7615=PLANE('',#8620);
#7616=PLANE('',#8621);
#7617=PLANE('',#8622);
#7618=PLANE('',#8624);
#7619=PLANE('',#8625);
#7620=PLANE('',#8626);
#7621=PLANE('',#8628);
#7622=PLANE('',#8629);
#7623=PLANE('',#8630);
#7624=PLANE('',#8648);
#7625=PLANE('',#8649);
#7626=PLANE('',#8650);
#7627=PLANE('',#8651);
#7628=PLANE('',#8682);
#7629=PLANE('',#8683);
#7630=PLANE('',#8684);
#7631=PLANE('',#8685);
#7632=PLANE('',#8686);
#7633=PLANE('',#8687);
#7634=PLANE('',#8688);
#7635=PLANE('',#8689);
#7636=PLANE('',#8690);
#7637=PLANE('',#8691);
#7638=PLANE('',#8692);
#7639=PLANE('',#8693);
#7640=PLANE('',#8694);
#7641=PLANE('',#8695);
#7642=PLANE('',#8696);
#7643=PLANE('',#8699);
#7644=PLANE('',#8700);
#7645=PLANE('',#8702);
#7646=PLANE('',#8703);
#7647=PLANE('',#8705);
#7648=PLANE('',#8706);
#7649=PLANE('',#8709);
#7650=PLANE('',#8710);
#7651=PLANE('',#8732);
#7652=PLANE('',#8733);
#7653=PLANE('',#8734);
#7654=PLANE('',#8735);
#7655=PLANE('',#8736);
#7656=PLANE('',#8737);
#7657=PLANE('',#8738);
#7658=PLANE('',#8739);
#7659=PLANE('',#8740);
#7660=PLANE('',#8743);
#7661=PLANE('',#8744);
#7662=PLANE('',#8747);
#7663=PLANE('',#8748);
#7664=PLANE('',#8749);
#7665=PLANE('',#8750);
#7666=PLANE('',#8751);
#7667=PLANE('',#8752);
#7668=PLANE('',#8753);
#7669=PLANE('',#8754);
#7670=PLANE('',#8755);
#7671=PLANE('',#8756);
#7672=PLANE('',#8757);
#7673=PLANE('',#8758);
#7674=PLANE('',#8759);
#7675=PLANE('',#8760);
#7676=PLANE('',#8803);
#7677=PLANE('',#8804);
#7678=PLANE('',#8807);
#7679=PLANE('',#8810);
#7680=PLANE('',#8813);
#7681=PLANE('',#8815);
#7682=PLANE('',#8817);
#7683=PLANE('',#8821);
#7684=PLANE('',#8824);
#7685=PLANE('',#8826);
#7686=PLANE('',#8828);
#7687=PLANE('',#8830);
#7688=PLANE('',#8834);
#7689=PLANE('',#8837);
#7690=ADVANCED_FACE('',(#6966,#6967),#7427,.F.);
#7691=ADVANCED_FACE('',(#6968),#7428,.T.);
#7692=ADVANCED_FACE('',(#6969,#6970,#6971,#6972,#6973),#7429,.T.);
#7693=ADVANCED_FACE('',(#6974),#7430,.F.);
#7694=ADVANCED_FACE('',(#6975),#7431,.F.);
#7695=ADVANCED_FACE('',(#6976),#134,.T.);
#7696=ADVANCED_FACE('',(#6977),#135,.T.);
#7697=ADVANCED_FACE('',(#6978),#136,.T.);
#7698=ADVANCED_FACE('',(#6979),#7432,.T.);
#7699=ADVANCED_FACE('',(#6980,#6981),#7433,.T.);
#7700=ADVANCED_FACE('',(#6982,#6983),#137,.F.);
#7701=ADVANCED_FACE('',(#6984,#6985),#138,.F.);
#7702=ADVANCED_FACE('',(#6986),#7434,.T.);
#7703=ADVANCED_FACE('',(#6987),#7435,.T.);
#7704=ADVANCED_FACE('',(#6988),#7436,.T.);
#7705=ADVANCED_FACE('',(#6989),#7437,.T.);
#7706=ADVANCED_FACE('',(#6990),#7438,.T.);
#7707=ADVANCED_FACE('',(#6991),#7439,.T.);
#7708=ADVANCED_FACE('',(#6992),#7440,.T.);
#7709=ADVANCED_FACE('',(#6993),#7441,.T.);
#7710=ADVANCED_FACE('',(#6994),#7442,.T.);
#7711=ADVANCED_FACE('',(#6995),#7443,.T.);
#7712=ADVANCED_FACE('',(#6996),#7444,.T.);
#7713=ADVANCED_FACE('',(#6997),#7445,.T.);
#7714=ADVANCED_FACE('',(#6998),#7446,.T.);
#7715=ADVANCED_FACE('',(#6999),#7447,.T.);
#7716=ADVANCED_FACE('',(#7000),#7448,.F.);
#7717=ADVANCED_FACE('',(#7001),#7449,.T.);
#7718=ADVANCED_FACE('',(#7002),#7450,.F.);
#7719=ADVANCED_FACE('',(#7003),#7451,.T.);
#7720=ADVANCED_FACE('',(#7004,#7005),#7452,.T.);
#7721=ADVANCED_FACE('',(#7006),#7453,.T.);
#7722=ADVANCED_FACE('',(#7007),#7454,.F.);
#7723=ADVANCED_FACE('',(#7008),#7455,.T.);
#7724=ADVANCED_FACE('',(#7009),#7456,.F.);
#7725=ADVANCED_FACE('',(#7010),#7457,.T.);
#7726=ADVANCED_FACE('',(#7011),#7458,.T.);
#7727=ADVANCED_FACE('',(#7012),#7459,.T.);
#7728=ADVANCED_FACE('',(#7013),#7460,.T.);
#7729=ADVANCED_FACE('',(#7014),#7461,.F.);
#7730=ADVANCED_FACE('',(#7015),#139,.F.);
#7731=ADVANCED_FACE('',(#7016),#140,.F.);
#7732=ADVANCED_FACE('',(#7017),#141,.F.);
#7733=ADVANCED_FACE('',(#7018),#7462,.F.);
#7734=ADVANCED_FACE('',(#7019),#7463,.T.);
#7735=ADVANCED_FACE('',(#7020),#7464,.F.);
#7736=ADVANCED_FACE('',(#7021),#7465,.F.);
#7737=ADVANCED_FACE('',(#7022,#7023),#142,.F.);
#7738=ADVANCED_FACE('',(#7024),#143,.T.);
#7739=ADVANCED_FACE('',(#7025),#7466,.F.);
#7740=ADVANCED_FACE('',(#7026),#7467,.F.);
#7741=ADVANCED_FACE('',(#7027),#7468,.T.);
#7742=ADVANCED_FACE('',(#7028),#7469,.T.);
#7743=ADVANCED_FACE('',(#7029,#7030),#144,.F.);
#7744=ADVANCED_FACE('',(#7031),#7470,.F.);
#7745=ADVANCED_FACE('',(#7032),#145,.F.);
#7746=ADVANCED_FACE('',(#7033,#7034),#7471,.T.);
#7747=ADVANCED_FACE('',(#7035),#7472,.T.);
#7748=ADVANCED_FACE('',(#7036),#146,.F.);
#7749=ADVANCED_FACE('',(#7037),#147,.F.);
#7750=ADVANCED_FACE('',(#7038),#7473,.T.);
#7751=ADVANCED_FACE('',(#7039),#7474,.T.);
#7752=ADVANCED_FACE('',(#7040),#148,.T.);
#7753=ADVANCED_FACE('',(#7041),#7475,.T.);
#7754=ADVANCED_FACE('',(#7042),#7476,.F.);
#7755=ADVANCED_FACE('',(#7043),#149,.T.);
#7756=ADVANCED_FACE('',(#7044),#7477,.T.);
#7757=ADVANCED_FACE('',(#7045),#7478,.T.);
#7758=ADVANCED_FACE('',(#7046),#7479,.T.);
#7759=ADVANCED_FACE('',(#7047),#7480,.T.);
#7760=ADVANCED_FACE('',(#7048),#7481,.F.);
#7761=ADVANCED_FACE('',(#7049),#7482,.F.);
#7762=ADVANCED_FACE('',(#7050),#7483,.T.);
#7763=ADVANCED_FACE('',(#7051),#28,.T.);
#7764=ADVANCED_FACE('',(#7052),#29,.T.);
#7765=ADVANCED_FACE('',(#7053,#7054),#150,.F.);
#7766=ADVANCED_FACE('',(#7055),#7484,.T.);
#7767=ADVANCED_FACE('',(#7056),#7485,.F.);
#7768=ADVANCED_FACE('',(#7057),#7486,.F.);
#7769=ADVANCED_FACE('',(#7058),#7487,.F.);
#7770=ADVANCED_FACE('',(#7059),#7488,.T.);
#7771=ADVANCED_FACE('',(#7060),#7489,.T.);
#7772=ADVANCED_FACE('',(#7061),#7490,.T.);
#7773=ADVANCED_FACE('',(#7062),#7491,.F.);
#7774=ADVANCED_FACE('',(#7063),#7492,.T.);
#7775=ADVANCED_FACE('',(#7064),#151,.T.);
#7776=ADVANCED_FACE('',(#7065),#7493,.F.);
#7777=ADVANCED_FACE('',(#7066),#152,.F.);
#7778=ADVANCED_FACE('',(#7067),#153,.T.);
#7779=ADVANCED_FACE('',(#7068,#7069),#7494,.T.);
#7780=ADVANCED_FACE('',(#7070),#7495,.F.);
#7781=ADVANCED_FACE('',(#7071,#7072),#7496,.F.);
#7782=ADVANCED_FACE('',(#7073),#7497,.T.);
#7783=ADVANCED_FACE('',(#7074),#7498,.T.);
#7784=ADVANCED_FACE('',(#7075,#7076),#7499,.T.);
#7785=ADVANCED_FACE('',(#7077),#7500,.T.);
#7786=ADVANCED_FACE('',(#7078,#7079),#7501,.T.);
#7787=ADVANCED_FACE('',(#7080),#7502,.F.);
#7788=ADVANCED_FACE('',(#7081),#7503,.F.);
#7789=ADVANCED_FACE('',(#7082,#7083),#7504,.F.);
#7790=ADVANCED_FACE('',(#7084),#30,.F.);
#7791=ADVANCED_FACE('',(#7085),#7505,.T.);
#7792=ADVANCED_FACE('',(#7086),#7506,.F.);
#7793=ADVANCED_FACE('',(#7087),#154,.T.);
#7794=ADVANCED_FACE('',(#7088),#7507,.T.);
#7795=ADVANCED_FACE('',(#7089),#7508,.T.);
#7796=ADVANCED_FACE('',(#7090),#155,.F.);
#7797=ADVANCED_FACE('',(#7091),#7509,.T.);
#7798=ADVANCED_FACE('',(#7092),#7510,.F.);
#7799=ADVANCED_FACE('',(#7093),#156,.F.);
#7800=ADVANCED_FACE('',(#7094),#157,.F.);
#7801=ADVANCED_FACE('',(#7095),#158,.F.);
#7802=ADVANCED_FACE('',(#7096),#159,.F.);
#7803=ADVANCED_FACE('',(#7097),#7511,.T.);
#7804=ADVANCED_FACE('',(#7098),#7512,.F.);
#7805=ADVANCED_FACE('',(#7099),#7513,.T.);
#7806=ADVANCED_FACE('',(#7100),#160,.F.);
#7807=ADVANCED_FACE('',(#7101),#161,.F.);
#7808=ADVANCED_FACE('',(#7102),#7514,.F.);
#7809=ADVANCED_FACE('',(#7103),#7515,.F.);
#7810=ADVANCED_FACE('',(#7104),#7516,.T.);
#7811=ADVANCED_FACE('',(#7105),#7517,.T.);
#7812=ADVANCED_FACE('',(#7106),#22,.F.);
#7813=ADVANCED_FACE('',(#7107),#7518,.F.);
#7814=ADVANCED_FACE('',(#7108),#23,.F.);
#7815=ADVANCED_FACE('',(#7109),#7519,.T.);
#7816=ADVANCED_FACE('',(#7110),#7520,.F.);
#7817=ADVANCED_FACE('',(#7111),#7521,.T.);
#7818=ADVANCED_FACE('',(#7112),#7522,.T.);
#7819=ADVANCED_FACE('',(#7113),#7523,.T.);
#7820=ADVANCED_FACE('',(#7114),#162,.F.);
#7821=ADVANCED_FACE('',(#7115),#7524,.F.);
#7822=ADVANCED_FACE('',(#7116),#7525,.F.);
#7823=ADVANCED_FACE('',(#7117),#7526,.T.);
#7824=ADVANCED_FACE('',(#7118),#7527,.T.);
#7825=ADVANCED_FACE('',(#7119),#7528,.T.);
#7826=ADVANCED_FACE('',(#7120),#7529,.F.);
#7827=ADVANCED_FACE('',(#7121),#7530,.T.);
#7828=ADVANCED_FACE('',(#7122),#7531,.T.);
#7829=ADVANCED_FACE('',(#7123),#7532,.T.);
#7830=ADVANCED_FACE('',(#7124),#7533,.T.);
#7831=ADVANCED_FACE('',(#7125),#7534,.T.);
#7832=ADVANCED_FACE('',(#7126),#7535,.T.);
#7833=ADVANCED_FACE('',(#7127),#7536,.T.);
#7834=ADVANCED_FACE('',(#7128),#7537,.F.);
#7835=ADVANCED_FACE('',(#7129),#7538,.F.);
#7836=ADVANCED_FACE('',(#7130),#7539,.T.);
#7837=ADVANCED_FACE('',(#7131),#7540,.F.);
#7838=ADVANCED_FACE('',(#7132),#7541,.T.);
#7839=ADVANCED_FACE('',(#7133),#7542,.T.);
#7840=ADVANCED_FACE('',(#7134),#7543,.T.);
#7841=ADVANCED_FACE('',(#7135),#7544,.T.);
#7842=ADVANCED_FACE('',(#7136),#7545,.T.);
#7843=ADVANCED_FACE('',(#7137),#7546,.T.);
#7844=ADVANCED_FACE('',(#7138),#7547,.F.);
#7845=ADVANCED_FACE('',(#7139),#7548,.F.);
#7846=ADVANCED_FACE('',(#7140),#7549,.F.);
#7847=ADVANCED_FACE('',(#7141),#7550,.T.);
#7848=ADVANCED_FACE('',(#7142),#7551,.T.);
#7849=ADVANCED_FACE('',(#7143),#7552,.T.);
#7850=ADVANCED_FACE('',(#7144),#7553,.T.);
#7851=ADVANCED_FACE('',(#7145),#7554,.T.);
#7852=ADVANCED_FACE('',(#7146),#7555,.F.);
#7853=ADVANCED_FACE('',(#7147),#7556,.T.);
#7854=ADVANCED_FACE('',(#7148),#7557,.F.);
#7855=ADVANCED_FACE('',(#7149),#7558,.T.);
#7856=ADVANCED_FACE('',(#7150),#7559,.F.);
#7857=ADVANCED_FACE('',(#7151),#24,.F.);
#7858=ADVANCED_FACE('',(#7152),#7560,.T.);
#7859=ADVANCED_FACE('',(#7153),#7561,.F.);
#7860=ADVANCED_FACE('',(#7154),#7562,.F.);
#7861=ADVANCED_FACE('',(#7155),#7563,.F.);
#7862=ADVANCED_FACE('',(#7156),#7564,.T.);
#7863=ADVANCED_FACE('',(#7157),#7565,.T.);
#7864=ADVANCED_FACE('',(#7158),#25,.F.);
#7865=ADVANCED_FACE('',(#7159),#7566,.T.);
#7866=ADVANCED_FACE('',(#7160),#7567,.T.);
#7867=ADVANCED_FACE('',(#7161),#7568,.F.);
#7868=ADVANCED_FACE('',(#7162),#163,.F.);
#7869=ADVANCED_FACE('',(#7163),#164,.F.);
#7870=ADVANCED_FACE('',(#7164),#165,.F.);
#7871=ADVANCED_FACE('',(#7165),#7569,.F.);
#7872=ADVANCED_FACE('',(#7166),#166,.F.);
#7873=ADVANCED_FACE('',(#7167),#31,.T.);
#7874=ADVANCED_FACE('',(#7168),#32,.F.);
#7875=ADVANCED_FACE('',(#7169),#33,.F.);
#7876=ADVANCED_FACE('',(#7170),#7570,.T.);
#7877=ADVANCED_FACE('',(#7171),#7571,.F.);
#7878=ADVANCED_FACE('',(#7172),#7572,.T.);
#7879=ADVANCED_FACE('',(#7173),#7573,.F.);
#7880=ADVANCED_FACE('',(#7174),#7574,.T.);
#7881=ADVANCED_FACE('',(#7175),#7575,.F.);
#7882=ADVANCED_FACE('',(#7176),#7576,.T.);
#7883=ADVANCED_FACE('',(#7177),#7577,.T.);
#7884=ADVANCED_FACE('',(#7178),#167,.F.);
#7885=ADVANCED_FACE('',(#7179),#7578,.F.);
#7886=ADVANCED_FACE('',(#7180),#168,.F.);
#7887=ADVANCED_FACE('',(#7181),#169,.F.);
#7888=ADVANCED_FACE('',(#7182),#7579,.F.);
#7889=ADVANCED_FACE('',(#7183),#170,.F.);
#7890=ADVANCED_FACE('',(#7184),#7580,.F.);
#7891=ADVANCED_FACE('',(#7185),#171,.F.);
#7892=ADVANCED_FACE('',(#7186),#7581,.T.);
#7893=ADVANCED_FACE('',(#7187),#172,.F.);
#7894=ADVANCED_FACE('',(#7188,#7189),#173,.F.);
#7895=ADVANCED_FACE('',(#7190),#174,.F.);
#7896=ADVANCED_FACE('',(#7191),#175,.F.);
#7897=ADVANCED_FACE('',(#7192),#7582,.T.);
#7898=ADVANCED_FACE('',(#7193),#7583,.T.);
#7899=ADVANCED_FACE('',(#7194),#7584,.F.);
#7900=ADVANCED_FACE('',(#7195),#7585,.T.);
#7901=ADVANCED_FACE('',(#7196),#7586,.T.);
#7902=ADVANCED_FACE('',(#7197),#176,.F.);
#7903=ADVANCED_FACE('',(#7198),#177,.F.);
#7904=ADVANCED_FACE('',(#7199),#178,.T.);
#7905=ADVANCED_FACE('',(#7200),#7587,.F.);
#7906=ADVANCED_FACE('',(#7201),#179,.T.);
#7907=ADVANCED_FACE('',(#7202),#180,.T.);
#7908=ADVANCED_FACE('',(#7203),#181,.T.);
#7909=ADVANCED_FACE('',(#7204),#182,.T.);
#7910=ADVANCED_FACE('',(#7205),#183,.F.);
#7911=ADVANCED_FACE('',(#7206),#7588,.F.);
#7912=ADVANCED_FACE('',(#7207),#7589,.T.);
#7913=ADVANCED_FACE('',(#7208),#7590,.T.);
#7914=ADVANCED_FACE('',(#7209),#184,.F.);
#7915=ADVANCED_FACE('',(#7210),#7591,.T.);
#7916=ADVANCED_FACE('',(#7211),#185,.F.);
#7917=ADVANCED_FACE('',(#7212),#7592,.T.);
#7918=ADVANCED_FACE('',(#7213),#186,.F.);
#7919=ADVANCED_FACE('',(#7214),#7593,.T.);
#7920=ADVANCED_FACE('',(#7215),#7594,.T.);
#7921=ADVANCED_FACE('',(#7216),#187,.F.);
#7922=ADVANCED_FACE('',(#7217),#188,.T.);
#7923=ADVANCED_FACE('',(#7218),#189,.F.);
#7924=ADVANCED_FACE('',(#7219),#190,.T.);
#7925=ADVANCED_FACE('',(#7220),#191,.F.);
#7926=ADVANCED_FACE('',(#7221),#7595,.F.);
#7927=ADVANCED_FACE('',(#7222),#7596,.F.);
#7928=ADVANCED_FACE('',(#7223),#7597,.T.);
#7929=ADVANCED_FACE('',(#7224),#7598,.T.);
#7930=ADVANCED_FACE('',(#7225),#7599,.T.);
#7931=ADVANCED_FACE('',(#7226),#192,.F.);
#7932=ADVANCED_FACE('',(#7227),#7600,.T.);
#7933=ADVANCED_FACE('',(#7228),#7601,.F.);
#7934=ADVANCED_FACE('',(#7229),#193,.F.);
#7935=ADVANCED_FACE('',(#7230),#7602,.T.);
#7936=ADVANCED_FACE('',(#7231),#194,.F.);
#7937=ADVANCED_FACE('',(#7232),#7603,.T.);
#7938=ADVANCED_FACE('',(#7233),#7604,.F.);
#7939=ADVANCED_FACE('',(#7234),#195,.F.);
#7940=ADVANCED_FACE('',(#7235),#196,.F.);
#7941=ADVANCED_FACE('',(#7236),#7605,.F.);
#7942=ADVANCED_FACE('',(#7237),#7606,.T.);
#7943=ADVANCED_FACE('',(#7238),#197,.F.);
#7944=ADVANCED_FACE('',(#7239),#7607,.T.);
#7945=ADVANCED_FACE('',(#7240),#7608,.T.);
#7946=ADVANCED_FACE('',(#7241),#7609,.T.);
#7947=ADVANCED_FACE('',(#7242),#198,.F.);
#7948=ADVANCED_FACE('',(#7243),#7610,.F.);
#7949=ADVANCED_FACE('',(#7244),#7611,.T.);
#7950=ADVANCED_FACE('',(#7245),#7612,.T.);
#7951=ADVANCED_FACE('',(#7246),#199,.F.);
#7952=ADVANCED_FACE('',(#7247),#7613,.F.);
#7953=ADVANCED_FACE('',(#7248),#7614,.F.);
#7954=ADVANCED_FACE('',(#7249),#200,.F.);
#7955=ADVANCED_FACE('',(#7250),#7615,.T.);
#7956=ADVANCED_FACE('',(#7251),#7616,.T.);
#7957=ADVANCED_FACE('',(#7252),#7617,.T.);
#7958=ADVANCED_FACE('',(#7253),#7618,.T.);
#7959=ADVANCED_FACE('',(#7254),#7619,.T.);
#7960=ADVANCED_FACE('',(#7255),#7620,.T.);
#7961=ADVANCED_FACE('',(#7256),#7621,.F.);
#7962=ADVANCED_FACE('',(#7257),#7622,.T.);
#7963=ADVANCED_FACE('',(#7258),#7623,.T.);
#7964=ADVANCED_FACE('',(#7259),#201,.F.);
#7965=ADVANCED_FACE('',(#7260),#202,.F.);
#7966=ADVANCED_FACE('',(#7261),#203,.F.);
#7967=ADVANCED_FACE('',(#7262),#204,.F.);
#7968=ADVANCED_FACE('',(#7263),#205,.F.);
#7969=ADVANCED_FACE('',(#7264),#206,.F.);
#7970=ADVANCED_FACE('',(#7265),#207,.F.);
#7971=ADVANCED_FACE('',(#7266),#208,.F.);
#7972=ADVANCED_FACE('',(#7267),#209,.F.);
#7973=ADVANCED_FACE('',(#7268),#210,.F.);
#7974=ADVANCED_FACE('',(#7269),#211,.F.);
#7975=ADVANCED_FACE('',(#7270),#212,.F.);
#7976=ADVANCED_FACE('',(#7271),#213,.F.);
#7977=ADVANCED_FACE('',(#7272),#214,.F.);
#7978=ADVANCED_FACE('',(#7273),#215,.F.);
#7979=ADVANCED_FACE('',(#7274),#216,.F.);
#7980=ADVANCED_FACE('',(#7275),#7624,.F.);
#7981=ADVANCED_FACE('',(#7276),#7625,.T.);
#7982=ADVANCED_FACE('',(#7277),#7626,.F.);
#7983=ADVANCED_FACE('',(#7278),#7627,.F.);
#7984=ADVANCED_FACE('',(#7279),#217,.F.);
#7985=ADVANCED_FACE('',(#7280),#218,.F.);
#7986=ADVANCED_FACE('',(#7281),#219,.F.);
#7987=ADVANCED_FACE('',(#7282),#220,.F.);
#7988=ADVANCED_FACE('',(#7283),#221,.T.);
#7989=ADVANCED_FACE('',(#7284),#222,.T.);
#7990=ADVANCED_FACE('',(#7285,#7286),#223,.F.);
#7991=ADVANCED_FACE('',(#7287),#224,.T.);
#7992=ADVANCED_FACE('',(#7288,#7289),#225,.F.);
#7993=ADVANCED_FACE('',(#7290),#226,.T.);
#7994=ADVANCED_FACE('',(#7291,#7292),#227,.F.);
#7995=ADVANCED_FACE('',(#7293),#228,.T.);
#7996=ADVANCED_FACE('',(#7294,#7295),#229,.F.);
#7997=ADVANCED_FACE('',(#7296),#230,.T.);
#7998=ADVANCED_FACE('',(#7297),#231,.F.);
#7999=ADVANCED_FACE('',(#7298),#232,.F.);
#8000=ADVANCED_FACE('',(#7299),#233,.F.);
#8001=ADVANCED_FACE('',(#7300),#234,.F.);
#8002=ADVANCED_FACE('',(#7301),#235,.F.);
#8003=ADVANCED_FACE('',(#7302),#236,.F.);
#8004=ADVANCED_FACE('',(#7303),#237,.F.);
#8005=ADVANCED_FACE('',(#7304),#238,.F.);
#8006=ADVANCED_FACE('',(#7305),#7628,.T.);
#8007=ADVANCED_FACE('',(#7306),#7629,.T.);
#8008=ADVANCED_FACE('',(#7307),#7630,.T.);
#8009=ADVANCED_FACE('',(#7308),#7631,.T.);
#8010=ADVANCED_FACE('',(#7309),#7632,.F.);
#8011=ADVANCED_FACE('',(#7310),#7633,.F.);
#8012=ADVANCED_FACE('',(#7311),#7634,.F.);
#8013=ADVANCED_FACE('',(#7312),#7635,.F.);
#8014=ADVANCED_FACE('',(#7313),#7636,.T.);
#8015=ADVANCED_FACE('',(#7314),#7637,.F.);
#8016=ADVANCED_FACE('',(#7315),#7638,.T.);
#8017=ADVANCED_FACE('',(#7316),#7639,.T.);
#8018=ADVANCED_FACE('',(#7317),#7640,.T.);
#8019=ADVANCED_FACE('',(#7318),#7641,.F.);
#8020=ADVANCED_FACE('',(#7319),#7642,.T.);
#8021=ADVANCED_FACE('',(#7320),#7643,.T.);
#8022=ADVANCED_FACE('',(#7321),#7644,.T.);
#8023=ADVANCED_FACE('',(#7322),#7645,.T.);
#8024=ADVANCED_FACE('',(#7323),#7646,.T.);
#8025=ADVANCED_FACE('',(#7324),#7647,.T.);
#8026=ADVANCED_FACE('',(#7325),#7648,.T.);
#8027=ADVANCED_FACE('',(#7326),#7649,.T.);
#8028=ADVANCED_FACE('',(#7327),#7650,.T.);
#8029=ADVANCED_FACE('',(#7328),#239,.T.);
#8030=ADVANCED_FACE('',(#7329),#240,.T.);
#8031=ADVANCED_FACE('',(#7330),#241,.F.);
#8032=ADVANCED_FACE('',(#7331),#242,.F.);
#8033=ADVANCED_FACE('',(#7332),#243,.T.);
#8034=ADVANCED_FACE('',(#7333),#20,.F.);
#8035=ADVANCED_FACE('',(#7334),#244,.F.);
#8036=ADVANCED_FACE('',(#7335),#245,.T.);
#8037=ADVANCED_FACE('',(#7336),#21,.F.);
#8038=ADVANCED_FACE('',(#7337),#246,.F.);
#8039=ADVANCED_FACE('',(#7338),#247,.F.);
#8040=ADVANCED_FACE('',(#7339),#7651,.T.);
#8041=ADVANCED_FACE('',(#7340),#7652,.F.);
#8042=ADVANCED_FACE('',(#7341),#7653,.T.);
#8043=ADVANCED_FACE('',(#7342),#7654,.T.);
#8044=ADVANCED_FACE('',(#7343),#7655,.T.);
#8045=ADVANCED_FACE('',(#7344),#7656,.F.);
#8046=ADVANCED_FACE('',(#7345),#7657,.T.);
#8047=ADVANCED_FACE('',(#7346),#7658,.F.);
#8048=ADVANCED_FACE('',(#7347),#7659,.F.);
#8049=ADVANCED_FACE('',(#7348,#7349),#248,.F.);
#8050=ADVANCED_FACE('',(#7350,#7351),#7660,.T.);
#8051=ADVANCED_FACE('',(#7352,#7353),#7661,.T.);
#8052=ADVANCED_FACE('',(#7354,#7355),#249,.F.);
#8053=ADVANCED_FACE('',(#7356),#7662,.T.);
#8054=ADVANCED_FACE('',(#7357),#7663,.F.);
#8055=ADVANCED_FACE('',(#7358),#7664,.T.);
#8056=ADVANCED_FACE('',(#7359),#7665,.F.);
#8057=ADVANCED_FACE('',(#7360),#7666,.F.);
#8058=ADVANCED_FACE('',(#7361),#7667,.F.);
#8059=ADVANCED_FACE('',(#7362),#7668,.F.);
#8060=ADVANCED_FACE('',(#7363),#7669,.T.);
#8061=ADVANCED_FACE('',(#7364),#7670,.T.);
#8062=ADVANCED_FACE('',(#7365),#7671,.T.);
#8063=ADVANCED_FACE('',(#7366),#7672,.F.);
#8064=ADVANCED_FACE('',(#7367),#7673,.F.);
#8065=ADVANCED_FACE('',(#7368),#7674,.F.);
#8066=ADVANCED_FACE('',(#7369),#7675,.F.);
#8067=ADVANCED_FACE('',(#7370),#250,.T.);
#8068=ADVANCED_FACE('',(#7371),#251,.T.);
#8069=ADVANCED_FACE('',(#7372),#16,.T.);
#8070=ADVANCED_FACE('',(#7373),#17,.T.);
#8071=ADVANCED_FACE('',(#7374),#252,.T.);
#8072=ADVANCED_FACE('',(#7375),#253,.T.);
#8073=ADVANCED_FACE('',(#7376),#254,.T.);
#8074=ADVANCED_FACE('',(#7377),#255,.T.);
#8075=ADVANCED_FACE('',(#7378),#256,.T.);
#8076=ADVANCED_FACE('',(#7379),#18,.T.);
#8077=ADVANCED_FACE('',(#7380),#19,.T.);
#8078=ADVANCED_FACE('',(#7381),#257,.T.);
#8079=ADVANCED_FACE('',(#7382),#258,.T.);
#8080=ADVANCED_FACE('',(#7383),#259,.T.);
#8081=ADVANCED_FACE('',(#7384),#260,.F.);
#8082=ADVANCED_FACE('',(#7385),#261,.F.);
#8083=ADVANCED_FACE('',(#7386),#262,.F.);
#8084=ADVANCED_FACE('',(#7387),#263,.F.);
#8085=ADVANCED_FACE('',(#7388),#264,.F.);
#8086=ADVANCED_FACE('',(#7389),#12,.F.);
#8087=ADVANCED_FACE('',(#7390),#265,.F.);
#8088=ADVANCED_FACE('',(#7391),#13,.F.);
#8089=ADVANCED_FACE('',(#7392),#266,.F.);
#8090=ADVANCED_FACE('',(#7393),#14,.F.);
#8091=ADVANCED_FACE('',(#7394),#267,.F.);
#8092=ADVANCED_FACE('',(#7395),#15,.F.);
#8093=ADVANCED_FACE('',(#7396),#7676,.T.);
#8094=ADVANCED_FACE('',(#7397),#7677,.F.);
#8095=ADVANCED_FACE('',(#7398),#268,.F.);
#8096=ADVANCED_FACE('',(#7399),#7678,.F.);
#8097=ADVANCED_FACE('',(#7400),#269,.F.);
#8098=ADVANCED_FACE('',(#7401),#7679,.F.);
#8099=ADVANCED_FACE('',(#7402),#270,.F.);
#8100=ADVANCED_FACE('',(#7403),#7680,.F.);
#8101=ADVANCED_FACE('',(#7404),#271,.F.);
#8102=ADVANCED_FACE('',(#7405),#7681,.F.);
#8103=ADVANCED_FACE('',(#7406),#7682,.F.);
#8104=ADVANCED_FACE('',(#7407),#26,.T.);
#8105=ADVANCED_FACE('',(#7408),#7683,.F.);
#8106=ADVANCED_FACE('',(#7409),#27,.T.);
#8107=ADVANCED_FACE('',(#7410),#7684,.T.);
#8108=ADVANCED_FACE('',(#7411,#7412),#7685,.F.);
#8109=ADVANCED_FACE('',(#7413),#7686,.F.);
#8110=ADVANCED_FACE('',(#7414),#7687,.F.);
#8111=ADVANCED_FACE('',(#7415),#272,.T.);
#8112=ADVANCED_FACE('',(#7416),#7688,.F.);
#8113=ADVANCED_FACE('',(#7417),#273,.T.);
#8114=ADVANCED_FACE('',(#7418,#7419),#7689,.T.);
#8115=ADVANCED_FACE('',(#7420),#274,.F.);
#8116=ADVANCED_FACE('',(#7421,#7422),#275,.F.);
#8117=ADVANCED_FACE('',(#7423),#276,.T.);
#8118=ADVANCED_FACE('',(#7424),#277,.T.);
#8119=ADVANCED_FACE('',(#7425),#278,.T.);
#8120=ADVANCED_FACE('',(#7426),#279,.T.);
#8121=CLOSED_SHELL('',(#7690,#7691,#7692,#7693,#7694,#7695,#7696,#7697,
#7698,#7699,#7700,#7701,#7702,#7703,#7704,#7705,#7706,#7707,#7708,#7709,
#7710,#7711,#7712,#7713,#7714,#7715,#7716,#7717,#7718,#7719,#7720,#7721,
#7722,#7723,#7724,#7725,#7726,#7727,#7728,#7729,#7730,#7731,#7732,#7733,
#7734,#7735,#7736,#7737,#7738,#7739,#7740,#7741,#7742,#7743,#7744,#7745,
#7746,#7747,#7748,#7749,#7750,#7751,#7752,#7753,#7754,#7755,#7756,#7757,
#7758,#7759,#7760,#7761,#7762,#7763,#7764,#7765,#7766,#7767,#7768,#7769,
#7770,#7771,#7772,#7773,#7774,#7775,#7776,#7777,#7778,#7779,#7780,#7781,
#7782,#7783,#7784,#7785,#7786,#7787,#7788,#7789,#7790,#7791,#7792,#7793,
#7794,#7795,#7796,#7797,#7798,#7799,#7800,#7801,#7802,#7803,#7804,#7805,
#7806,#7807,#7808,#7809,#7810,#7811,#7812,#7813,#7814,#7815,#7816,#7817,
#7818,#7819,#7820,#7821,#7822,#7823,#7824,#7825,#7826,#7827,#7828,#7829,
#7830,#7831,#7832,#7833,#7834,#7835,#7836,#7837,#7838,#7839,#7840,#7841,
#7842,#7843,#7844,#7845,#7846,#7847,#7848,#7849,#7850,#7851,#7852,#7853,
#7854,#7855,#7856,#7857,#7858,#7859,#7860,#7861,#7862,#7863,#7864,#7865,
#7866,#7867,#7868,#7869,#7870,#7871,#7872,#7873,#7874,#7875,#7876,#7877,
#7878,#7879,#7880,#7881,#7882,#7883,#7884,#7885,#7886,#7887,#7888,#7889,
#7890,#7891,#7892,#7893,#7894,#7895,#7896,#7897,#7898,#7899,#7900,#7901,
#7902,#7903,#7904,#7905,#7906,#7907,#7908,#7909,#7910,#7911,#7912,#7913,
#7914,#7915,#7916,#7917,#7918,#7919,#7920,#7921,#7922,#7923,#7924,#7925,
#7926,#7927,#7928,#7929,#7930,#7931,#7932,#7933,#7934,#7935,#7936,#7937,
#7938,#7939,#7940,#7941,#7942,#7943,#7944,#7945,#7946,#7947,#7948,#7949,
#7950,#7951,#7952,#7953,#7954,#7955,#7956,#7957,#7958,#7959,#7960,#7961,
#7962,#7963,#7964,#7965,#7966,#7967,#7968,#7969,#7970,#7971,#7972,#7973,
#7974,#7975,#7976,#7977,#7978,#7979,#7980,#7981,#7982,#7983,#7984,#7985,
#7986,#7987,#7988,#7989,#7990,#7991,#7992,#7993,#7994,#7995,#7996,#7997,
#7998,#7999,#8000,#8001,#8002,#8003,#8004,#8005,#8006,#8007,#8008,#8009,
#8010,#8011,#8012,#8013,#8014,#8015,#8016,#8017,#8018,#8019,#8020,#8021,
#8022,#8023,#8024,#8025,#8026,#8027,#8028,#8029,#8030,#8031,#8032,#8033,
#8034,#8035,#8036,#8037,#8038,#8039,#8040,#8041,#8042,#8043,#8044,#8045,
#8046,#8047,#8048,#8049,#8050,#8051,#8052,#8053,#8054,#8055,#8056,#8057,
#8058,#8059,#8060,#8061,#8062,#8063,#8064,#8065,#8066,#8067,#8068,#8069,
#8070,#8071,#8072,#8073,#8074,#8075,#8076,#8077,#8078,#8079,#8080,#8081,
#8082,#8083,#8084,#8085,#8086,#8087,#8088,#8089,#8090,#8091,#8092,#8093,
#8094,#8095,#8096,#8097,#8098,#8099,#8100,#8101,#8102,#8103,#8104,#8105,
#8106,#8107,#8108,#8109,#8110,#8111,#8112,#8113,#8114,#8115,#8116,#8117,
#8118,#8119,#8120));
#8122=STYLED_ITEM('',(#8123),#8130);
#8123=PRESENTATION_STYLE_ASSIGNMENT((#8124));
#8124=SURFACE_STYLE_USAGE(.BOTH.,#8125);
#8125=SURFACE_SIDE_STYLE('',(#8126));
#8126=SURFACE_STYLE_FILL_AREA(#8127);
#8127=FILL_AREA_STYLE('',(#8128));
#8128=FILL_AREA_STYLE_COLOUR('',#8129);
#8129=COLOUR_RGB('',0.647058823529412,0.647058823529412,0.647058823529412);
#8130=MANIFOLD_SOLID_BREP('Chassis',#8121);
#8131=SHAPE_DEFINITION_REPRESENTATION(#13900,#8132);
#8132=SHAPE_REPRESENTATION('Chassis',(#8133),#13895);
#8133=AXIS2_PLACEMENT_3D('',#11104,#8845,#8846);
#8134=AXIS2_PLACEMENT_3D('',#11105,#8847,#8848);
#8135=AXIS2_PLACEMENT_3D('',#11114,#8853,#8854);
#8136=AXIS2_PLACEMENT_3D('',#11119,#8856,#8857);
#8137=AXIS2_PLACEMENT_3D('',#11123,#8859,#8860);
#8138=AXIS2_PLACEMENT_3D('',#11127,#8862,#8863);
#8139=AXIS2_PLACEMENT_3D('',#11130,#8865,#8866);
#8140=AXIS2_PLACEMENT_3D('',#11171,#8887,#8888);
#8141=AXIS2_PLACEMENT_3D('',#11172,#8889,#8890);
#8142=AXIS2_PLACEMENT_3D('',#11174,#8891,#8892);
#8143=AXIS2_PLACEMENT_3D('',#11176,#8893,#8894);
#8144=AXIS2_PLACEMENT_3D('',#11178,#8895,#8896);
#8145=AXIS2_PLACEMENT_3D('',#11183,#8898,#8899);
#8146=AXIS2_PLACEMENT_3D('',#11187,#8901,#8902);
#8147=AXIS2_PLACEMENT_3D('',#11189,#8903,#8904);
#8148=AXIS2_PLACEMENT_3D('',#11191,#8905,#8906);
#8149=AXIS2_PLACEMENT_3D('',#11193,#8907,#8908);
#8150=AXIS2_PLACEMENT_3D('',#11197,#8910,#8911);
#8151=AXIS2_PLACEMENT_3D('',#11199,#8912,#8913);
#8152=AXIS2_PLACEMENT_3D('',#11201,#8914,#8915);
#8153=AXIS2_PLACEMENT_3D('',#11203,#8916,#8917);
#8154=AXIS2_PLACEMENT_3D('',#11207,#8919,#8920);
#8155=AXIS2_PLACEMENT_3D('',#11211,#8922,#8923);
#8156=AXIS2_PLACEMENT_3D('',#11215,#8925,#8926);
#8157=AXIS2_PLACEMENT_3D('',#11219,#8928,#8929);
#8158=AXIS2_PLACEMENT_3D('',#11227,#8933,#8934);
#8159=AXIS2_PLACEMENT_3D('',#11229,#8935,#8936);
#8160=AXIS2_PLACEMENT_3D('',#11231,#8937,#8938);
#8161=AXIS2_PLACEMENT_3D('',#11241,#8943,#8944);
#8162=AXIS2_PLACEMENT_3D('',#11247,#8947,#8948);
#8163=AXIS2_PLACEMENT_3D('',#11251,#8950,#8951);
#8164=AXIS2_PLACEMENT_3D('',#11255,#8953,#8954);
#8165=AXIS2_PLACEMENT_3D('',#11259,#8956,#8957);
#8166=AXIS2_PLACEMENT_3D('',#11263,#8959,#8960);
#8167=AXIS2_PLACEMENT_3D('',#11264,#8961,#8962);
#8168=AXIS2_PLACEMENT_3D('',#11268,#8964,#8965);
#8169=AXIS2_PLACEMENT_3D('',#11272,#8967,#8968);
#8170=AXIS2_PLACEMENT_3D('',#11276,#8970,#8971);
#8171=AXIS2_PLACEMENT_3D('',#11280,#8973,#8974);
#8172=AXIS2_PLACEMENT_3D('',#11286,#8977,#8978);
#8173=AXIS2_PLACEMENT_3D('',#11296,#8983,#8984);
#8174=AXIS2_PLACEMENT_3D('',#11298,#8985,#8986);
#8175=AXIS2_PLACEMENT_3D('',#11300,#8987,#8988);
#8176=AXIS2_PLACEMENT_3D('',#11308,#8992,#8993);
#8177=AXIS2_PLACEMENT_3D('',#11312,#8995,#8996);
#8178=AXIS2_PLACEMENT_3D('',#11316,#8998,#8999);
#8179=AXIS2_PLACEMENT_3D('',#11317,#9000,#9001);
#8180=AXIS2_PLACEMENT_3D('',#11326,#9006,#9007);
#8181=AXIS2_PLACEMENT_3D('',#11330,#9009,#9010);
#8182=AXIS2_PLACEMENT_3D('',#11333,#9012,#9013);
#8183=AXIS2_PLACEMENT_3D('',#11345,#9019,#9020);
#8184=AXIS2_PLACEMENT_3D('',#11349,#9022,#9023);
#8185=AXIS2_PLACEMENT_3D('',#11353,#9025,#9026);
#8186=AXIS2_PLACEMENT_3D('',#11355,#9027,#9028);
#8187=AXIS2_PLACEMENT_3D('',#11361,#9031,#9032);
#8188=AXIS2_PLACEMENT_3D('',#11393,#9048,#9049);
#8189=AXIS2_PLACEMENT_3D('',#11399,#9052,#9053);
#8190=AXIS2_PLACEMENT_3D('',#11401,#9054,#9055);
#8191=AXIS2_PLACEMENT_3D('',#11405,#9057,#9058);
#8192=AXIS2_PLACEMENT_3D('',#11409,#9060,#9061);
#8193=AXIS2_PLACEMENT_3D('',#11418,#9066,#9067);
#8194=AXIS2_PLACEMENT_3D('',#11419,#9068,#9069);
#8195=AXIS2_PLACEMENT_3D('',#11420,#9070,#9071);
#8196=AXIS2_PLACEMENT_3D('',#11421,#9072,#9073);
#8197=AXIS2_PLACEMENT_3D('',#11428,#9074,#9075);
#8198=AXIS2_PLACEMENT_3D('',#11431,#9077,#9078);
#8199=AXIS2_PLACEMENT_3D('',#11432,#9079,#9080);
#8200=AXIS2_PLACEMENT_3D('',#11438,#9081,#9082);
#8201=AXIS2_PLACEMENT_3D('',#11439,#9083,#9084);
#8202=AXIS2_PLACEMENT_3D('',#11445,#9087,#9088);
#8203=AXIS2_PLACEMENT_3D('',#11448,#9090,#9091);
#8204=AXIS2_PLACEMENT_3D('',#11458,#9096,#9097);
#8205=AXIS2_PLACEMENT_3D('',#11462,#9099,#9100);
#8206=AXIS2_PLACEMENT_3D('',#11466,#9102,#9103);
#8207=AXIS2_PLACEMENT_3D('',#11474,#9107,#9108);
#8208=AXIS2_PLACEMENT_3D('',#11476,#9109,#9110);
#8209=AXIS2_PLACEMENT_3D('',#11478,#9111,#9112);
#8210=AXIS2_PLACEMENT_3D('',#11482,#9114,#9115);
#8211=AXIS2_PLACEMENT_3D('',#11490,#9119,#9120);
#8212=AXIS2_PLACEMENT_3D('',#11494,#9122,#9123);
#8213=AXIS2_PLACEMENT_3D('',#11498,#9125,#9126);
#8214=AXIS2_PLACEMENT_3D('',#11508,#9131,#9132);
#8215=AXIS2_PLACEMENT_3D('',#11516,#9136,#9137);
#8216=AXIS2_PLACEMENT_3D('',#11520,#9139,#9140);
#8217=AXIS2_PLACEMENT_3D('',#11522,#9141,#9142);
#8218=AXIS2_PLACEMENT_3D('',#11524,#9143,#9144);
#8219=AXIS2_PLACEMENT_3D('',#11532,#9148,#9149);
#8220=AXIS2_PLACEMENT_3D('',#11536,#9151,#9152);
#8221=AXIS2_PLACEMENT_3D('',#11540,#9154,#9155);
#8222=AXIS2_PLACEMENT_3D('',#11554,#9162,#9163);
#8223=AXIS2_PLACEMENT_3D('',#11558,#9165,#9166);
#8224=AXIS2_PLACEMENT_3D('',#11562,#9168,#9169);
#8225=AXIS2_PLACEMENT_3D('',#11564,#9170,#9171);
#8226=AXIS2_PLACEMENT_3D('',#11566,#9172,#9173);
#8227=AXIS2_PLACEMENT_3D('',#11568,#9174,#9175);
#8228=AXIS2_PLACEMENT_3D('',#11572,#9177,#9178);
#8229=AXIS2_PLACEMENT_3D('',#11574,#9179,#9180);
#8230=AXIS2_PLACEMENT_3D('',#11576,#9181,#9182);
#8231=AXIS2_PLACEMENT_3D('',#11578,#9183,#9184);
#8232=AXIS2_PLACEMENT_3D('',#11582,#9186,#9187);
#8233=AXIS2_PLACEMENT_3D('',#11586,#9189,#9190);
#8234=AXIS2_PLACEMENT_3D('',#11590,#9192,#9193);
#8235=AXIS2_PLACEMENT_3D('',#11606,#9201,#9202);
#8236=AXIS2_PLACEMENT_3D('',#11610,#9204,#9205);
#8237=AXIS2_PLACEMENT_3D('',#11613,#9207,#9208);
#8238=AXIS2_PLACEMENT_3D('',#11635,#9209,#9210);
#8239=AXIS2_PLACEMENT_3D('',#11637,#9211,#9212);
#8240=AXIS2_PLACEMENT_3D('',#11659,#9213,#9214);
#8241=AXIS2_PLACEMENT_3D('',#11661,#9215,#9216);
#8242=AXIS2_PLACEMENT_3D('',#11664,#9218,#9219);
#8243=AXIS2_PLACEMENT_3D('',#11665,#9220,#9221);
#8244=AXIS2_PLACEMENT_3D('',#11666,#9222,#9223);
#8245=AXIS2_PLACEMENT_3D('',#11669,#9225,#9226);
#8246=AXIS2_PLACEMENT_3D('',#11672,#9228,#9229);
#8247=AXIS2_PLACEMENT_3D('',#11673,#9230,#9231);
#8248=AXIS2_PLACEMENT_3D('',#11679,#9234,#9235);
#8249=AXIS2_PLACEMENT_3D('',#11680,#9236,#9237);
#8250=AXIS2_PLACEMENT_3D('',#11684,#9239,#9240);
#8251=AXIS2_PLACEMENT_3D('',#11687,#9242,#9243);
#8252=AXIS2_PLACEMENT_3D('',#11693,#9246,#9247);
#8253=AXIS2_PLACEMENT_3D('',#11694,#9248,#9249);
#8254=AXIS2_PLACEMENT_3D('',#11700,#9252,#9253);
#8255=AXIS2_PLACEMENT_3D('',#11701,#9254,#9255);
#8256=AXIS2_PLACEMENT_3D('',#11702,#9256,#9257);
#8257=AXIS2_PLACEMENT_3D('',#11708,#9260,#9261);
#8258=AXIS2_PLACEMENT_3D('',#11714,#9264,#9265);
#8259=AXIS2_PLACEMENT_3D('',#11715,#9266,#9267);
#8260=AXIS2_PLACEMENT_3D('',#11716,#9268,#9269);
#8261=AXIS2_PLACEMENT_3D('',#11722,#9272,#9273);
#8262=AXIS2_PLACEMENT_3D('',#11728,#9276,#9277);
#8263=AXIS2_PLACEMENT_3D('',#11729,#9278,#9279);
#8264=AXIS2_PLACEMENT_3D('',#11733,#9281,#9282);
#8265=AXIS2_PLACEMENT_3D('',#11736,#9284,#9285);
#8266=AXIS2_PLACEMENT_3D('',#11742,#9288,#9289);
#8267=AXIS2_PLACEMENT_3D('',#11743,#9290,#9291);
#8268=AXIS2_PLACEMENT_3D('',#11762,#9301,#9302);
#8269=AXIS2_PLACEMENT_3D('',#11763,#9303,#9304);
#8270=AXIS2_PLACEMENT_3D('',#11769,#9307,#9308);
#8271=AXIS2_PLACEMENT_3D('',#11780,#9315,#9316);
#8272=AXIS2_PLACEMENT_3D('',#11796,#9325,#9326);
#8273=AXIS2_PLACEMENT_3D('',#11797,#9327,#9328);
#8274=AXIS2_PLACEMENT_3D('',#11803,#9331,#9332);
#8275=AXIS2_PLACEMENT_3D('',#11816,#9340,#9341);
#8276=AXIS2_PLACEMENT_3D('',#11829,#9348,#9349);
#8277=AXIS2_PLACEMENT_3D('',#11837,#9353,#9354);
#8278=AXIS2_PLACEMENT_3D('',#11841,#9356,#9357);
#8279=AXIS2_PLACEMENT_3D('',#11849,#9361,#9362);
#8280=AXIS2_PLACEMENT_3D('',#11853,#9364,#9365);
#8281=AXIS2_PLACEMENT_3D('',#11856,#9368,#9369);
#8282=AXIS2_PLACEMENT_3D('',#11859,#9371,#9372);
#8283=AXIS2_PLACEMENT_3D('',#11863,#9374,#9375);
#8284=AXIS2_PLACEMENT_3D('',#11866,#9377,#9378);
#8285=AXIS2_PLACEMENT_3D('',#11869,#9381,#9382);
#8286=AXIS2_PLACEMENT_3D('',#11872,#9385,#9386);
#8287=AXIS2_PLACEMENT_3D('',#11881,#9389,#9390);
#8288=AXIS2_PLACEMENT_3D('',#11884,#9392,#9393);
#8289=AXIS2_PLACEMENT_3D('',#11885,#9394,#9395);
#8290=AXIS2_PLACEMENT_3D('',#11886,#9396,#9397);
#8291=AXIS2_PLACEMENT_3D('',#11890,#9399,#9400);
#8292=AXIS2_PLACEMENT_3D('',#11891,#9401,#9402);
#8293=AXIS2_PLACEMENT_3D('',#11892,#9403,#9404);
#8294=AXIS2_PLACEMENT_3D('',#11893,#9405,#9406);
#8295=AXIS2_PLACEMENT_3D('',#11897,#9408,#9409);
#8296=AXIS2_PLACEMENT_3D('',#11898,#9410,#9411);
#8297=AXIS2_PLACEMENT_3D('',#11899,#9412,#9413);
#8298=AXIS2_PLACEMENT_3D('',#11900,#9414,#9415);
#8299=AXIS2_PLACEMENT_3D('',#11904,#9417,#9418);
#8300=AXIS2_PLACEMENT_3D('',#11908,#9420,#9421);
#8301=AXIS2_PLACEMENT_3D('',#11912,#9423,#9424);
#8302=AXIS2_PLACEMENT_3D('',#11916,#9426,#9427);
#8303=AXIS2_PLACEMENT_3D('',#11917,#9428,#9429);
#8304=AXIS2_PLACEMENT_3D('',#11921,#9431,#9432);
#8305=AXIS2_PLACEMENT_3D('',#11925,#9434,#9435);
#8306=AXIS2_PLACEMENT_3D('',#11929,#9437,#9438);
#8307=AXIS2_PLACEMENT_3D('',#11933,#9440,#9441);
#8308=AXIS2_PLACEMENT_3D('',#11934,#9442,#9443);
#8309=AXIS2_PLACEMENT_3D('',#11935,#9444,#9445);
#8310=AXIS2_PLACEMENT_3D('',#11937,#9446,#9447);
#8311=AXIS2_PLACEMENT_3D('',#11941,#9449,#9450);
#8312=AXIS2_PLACEMENT_3D('',#11948,#9454,#9455);
#8313=AXIS2_PLACEMENT_3D('',#11958,#9460,#9461);
#8314=AXIS2_PLACEMENT_3D('',#11962,#9463,#9464);
#8315=AXIS2_PLACEMENT_3D('',#11976,#9471,#9472);
#8316=AXIS2_PLACEMENT_3D('',#11978,#9474,#9475);
#8317=AXIS2_PLACEMENT_3D('',#11994,#9479,#9480);
#8318=AXIS2_PLACEMENT_3D('',#12003,#9483,#9484);
#8319=AXIS2_PLACEMENT_3D('',#12012,#9487,#9488);
#8320=AXIS2_PLACEMENT_3D('',#12022,#9494,#9495);
#8321=AXIS2_PLACEMENT_3D('',#12026,#9497,#9498);
#8322=AXIS2_PLACEMENT_3D('',#12027,#9499,#9500);
#8323=AXIS2_PLACEMENT_3D('',#12031,#9502,#9503);
#8324=AXIS2_PLACEMENT_3D('',#12047,#9511,#9512);
#8325=AXIS2_PLACEMENT_3D('',#12051,#9514,#9515);
#8326=AXIS2_PLACEMENT_3D('',#12064,#9522,#9523);
#8327=AXIS2_PLACEMENT_3D('',#12069,#9526,#9527);
#8328=AXIS2_PLACEMENT_3D('',#12071,#9529,#9530);
#8329=AXIS2_PLACEMENT_3D('',#12074,#9532,#9533);
#8330=AXIS2_PLACEMENT_3D('',#12077,#9536,#9537);
#8331=AXIS2_PLACEMENT_3D('',#12078,#9538,#9539);
#8332=AXIS2_PLACEMENT_3D('',#12080,#9540,#9541);
#8333=AXIS2_PLACEMENT_3D('',#12082,#9542,#9543);
#8334=AXIS2_PLACEMENT_3D('',#12093,#9546,#9547);
#8335=AXIS2_PLACEMENT_3D('',#12094,#9548,#9549);
#8336=AXIS2_PLACEMENT_3D('',#12101,#9553,#9554);
#8337=AXIS2_PLACEMENT_3D('',#12107,#9557,#9558);
#8338=AXIS2_PLACEMENT_3D('',#12114,#9562,#9563);
#8339=AXIS2_PLACEMENT_3D('',#12121,#9567,#9568);
#8340=AXIS2_PLACEMENT_3D('',#12144,#9581,#9582);
#8341=AXIS2_PLACEMENT_3D('',#12165,#9585,#9586);
#8342=AXIS2_PLACEMENT_3D('',#12166,#9587,#9588);
#8343=AXIS2_PLACEMENT_3D('',#12173,#9593,#9594);
#8344=AXIS2_PLACEMENT_3D('',#12183,#9595,#9596);
#8345=AXIS2_PLACEMENT_3D('',#12184,#9597,#9598);
#8346=AXIS2_PLACEMENT_3D('',#12185,#9599,#9600);
#8347=AXIS2_PLACEMENT_3D('',#12186,#9601,#9602);
#8348=AXIS2_PLACEMENT_3D('',#12195,#9605,#9606);
#8349=AXIS2_PLACEMENT_3D('',#12199,#9608,#9609);
#8350=AXIS2_PLACEMENT_3D('',#12208,#9614,#9615);
#8351=AXIS2_PLACEMENT_3D('',#12212,#9617,#9618);
#8352=AXIS2_PLACEMENT_3D('',#12213,#9619,#9620);
#8353=AXIS2_PLACEMENT_3D('',#12217,#9622,#9623);
#8354=AXIS2_PLACEMENT_3D('',#12218,#9624,#9625);
#8355=AXIS2_PLACEMENT_3D('',#12219,#9626,#9627);
#8356=AXIS2_PLACEMENT_3D('',#12223,#9629,#9630);
#8357=AXIS2_PLACEMENT_3D('',#12226,#9632,#9633);
#8358=AXIS2_PLACEMENT_3D('',#12237,#9639,#9640);
#8359=AXIS2_PLACEMENT_3D('',#12241,#9643,#9644);
#8360=AXIS2_PLACEMENT_3D('',#12242,#9645,#9646);
#8361=AXIS2_PLACEMENT_3D('',#12254,#9648,#9649);
#8362=AXIS2_PLACEMENT_3D('',#12255,#9650,#9651);
#8363=AXIS2_PLACEMENT_3D('',#12256,#9652,#9653);
#8364=AXIS2_PLACEMENT_3D('',#12257,#9654,#9655);
#8365=AXIS2_PLACEMENT_3D('',#12263,#9658,#9659);
#8366=AXIS2_PLACEMENT_3D('',#12274,#9665,#9666);
#8367=AXIS2_PLACEMENT_3D('',#12278,#9668,#9669);
#8368=AXIS2_PLACEMENT_3D('',#12283,#9670,#9671);
#8369=AXIS2_PLACEMENT_3D('',#12288,#9674,#9675);
#8370=AXIS2_PLACEMENT_3D('',#12289,#9676,#9677);
#8371=AXIS2_PLACEMENT_3D('',#12294,#9680,#9681);
#8372=AXIS2_PLACEMENT_3D('',#12303,#9686,#9687);
#8373=AXIS2_PLACEMENT_3D('',#12304,#9688,#9689);
#8374=AXIS2_PLACEMENT_3D('',#12310,#9693,#9694);
#8375=AXIS2_PLACEMENT_3D('',#12328,#9703,#9704);
#8376=AXIS2_PLACEMENT_3D('',#12332,#9706,#9707);
#8377=AXIS2_PLACEMENT_3D('',#12335,#9709,#9710);
#8378=AXIS2_PLACEMENT_3D('',#12346,#9714,#9715);
#8379=AXIS2_PLACEMENT_3D('',#12348,#9717,#9718);
#8380=AXIS2_PLACEMENT_3D('',#12355,#9720,#9721);
#8381=AXIS2_PLACEMENT_3D('',#12428,#9726,#9727);
#8382=AXIS2_PLACEMENT_3D('',#12434,#9728,#9729);
#8383=AXIS2_PLACEMENT_3D('',#12435,#9730,#9731);
#8384=AXIS2_PLACEMENT_3D('',#12437,#9733,#9734);
#8385=AXIS2_PLACEMENT_3D('',#12444,#9739,#9740);
#8386=AXIS2_PLACEMENT_3D('',#12452,#9745,#9746);
#8387=AXIS2_PLACEMENT_3D('',#12456,#9748,#9749);
#8388=AXIS2_PLACEMENT_3D('',#12474,#9758,#9759);
#8389=AXIS2_PLACEMENT_3D('',#12475,#9760,#9761);
#8390=AXIS2_PLACEMENT_3D('',#12477,#9763,#9764);
#8391=AXIS2_PLACEMENT_3D('',#12489,#9769,#9770);
#8392=AXIS2_PLACEMENT_3D('',#12494,#9774,#9775);
#8393=AXIS2_PLACEMENT_3D('',#12502,#9780,#9781);
#8394=AXIS2_PLACEMENT_3D('',#12503,#9782,#9783);
#8395=AXIS2_PLACEMENT_3D('',#12506,#9785,#9786);
#8396=AXIS2_PLACEMENT_3D('',#12508,#9787,#9788);
#8397=AXIS2_PLACEMENT_3D('',#12512,#9791,#9792);
#8398=AXIS2_PLACEMENT_3D('',#12518,#9796,#9797);
#8399=AXIS2_PLACEMENT_3D('',#12527,#9798,#9799);
#8400=AXIS2_PLACEMENT_3D('',#12529,#9801,#9802);
#8401=AXIS2_PLACEMENT_3D('',#12530,#9803,#9804);
#8402=AXIS2_PLACEMENT_3D('',#12532,#9806,#9807);
#8403=AXIS2_PLACEMENT_3D('',#12543,#9809,#9810);
#8404=AXIS2_PLACEMENT_3D('',#12550,#9812,#9813);
#8405=AXIS2_PLACEMENT_3D('',#12551,#9814,#9815);
#8406=AXIS2_PLACEMENT_3D('',#12559,#9817,#9818);
#8407=AXIS2_PLACEMENT_3D('',#12562,#9821,#9822);
#8408=AXIS2_PLACEMENT_3D('',#12563,#9823,#9824);
#8409=AXIS2_PLACEMENT_3D('',#12567,#9827,#9828);
#8410=AXIS2_PLACEMENT_3D('',#12569,#9830,#9831);
#8411=AXIS2_PLACEMENT_3D('',#12572,#9834,#9835);
#8412=AXIS2_PLACEMENT_3D('',#12574,#9837,#9838);
#8413=AXIS2_PLACEMENT_3D('',#12576,#9840,#9841);
#8414=AXIS2_PLACEMENT_3D('',#12577,#9842,#9843);
#8415=AXIS2_PLACEMENT_3D('',#12580,#9845,#9846);
#8416=AXIS2_PLACEMENT_3D('',#12582,#9848,#9849);
#8417=AXIS2_PLACEMENT_3D('',#12584,#9851,#9852);
#8418=AXIS2_PLACEMENT_3D('',#12608,#9853,#9854);
#8419=AXIS2_PLACEMENT_3D('',#12610,#9856,#9857);
#8420=AXIS2_PLACEMENT_3D('',#12615,#9860,#9861);
#8421=AXIS2_PLACEMENT_3D('',#12616,#9862,#9863);
#8422=AXIS2_PLACEMENT_3D('',#12617,#9864,#9865);
#8423=AXIS2_PLACEMENT_3D('',#12622,#9866,#9867);
#8424=AXIS2_PLACEMENT_3D('',#12624,#9869,#9870);
#8425=AXIS2_PLACEMENT_3D('',#12626,#9872,#9873);
#8426=AXIS2_PLACEMENT_3D('',#12627,#9874,#9875);
#8427=AXIS2_PLACEMENT_3D('',#12628,#9876,#9877);
#8428=AXIS2_PLACEMENT_3D('',#12629,#9878,#9879);
#8429=AXIS2_PLACEMENT_3D('',#12635,#9883,#9884);
#8430=AXIS2_PLACEMENT_3D('',#12641,#9888,#9889);
#8431=AXIS2_PLACEMENT_3D('',#12642,#9890,#9891);
#8432=AXIS2_PLACEMENT_3D('',#12643,#9892,#9893);
#8433=AXIS2_PLACEMENT_3D('',#12644,#9894,#9895);
#8434=AXIS2_PLACEMENT_3D('',#12645,#9896,#9897);
#8435=AXIS2_PLACEMENT_3D('',#12646,#9898,#9899);
#8436=AXIS2_PLACEMENT_3D('',#12647,#9900,#9901);
#8437=AXIS2_PLACEMENT_3D('',#12648,#9902,#9903);
#8438=AXIS2_PLACEMENT_3D('',#12649,#9904,#9905);
#8439=AXIS2_PLACEMENT_3D('',#12653,#9908,#9909);
#8440=AXIS2_PLACEMENT_3D('',#12659,#9913,#9914);
#8441=AXIS2_PLACEMENT_3D('',#12667,#9919,#9920);
#8442=AXIS2_PLACEMENT_3D('',#12669,#9922,#9923);
#8443=AXIS2_PLACEMENT_3D('',#12671,#9925,#9926);
#8444=AXIS2_PLACEMENT_3D('',#12677,#9930,#9931);
#8445=AXIS2_PLACEMENT_3D('',#12680,#9934,#9935);
#8446=AXIS2_PLACEMENT_3D('',#12682,#9937,#9938);
#8447=AXIS2_PLACEMENT_3D('',#12687,#9941,#9942);
#8448=AXIS2_PLACEMENT_3D('',#12691,#9944,#9945);
#8449=AXIS2_PLACEMENT_3D('',#12694,#9947,#9948);
#8450=AXIS2_PLACEMENT_3D('',#12696,#9950,#9951);
#8451=AXIS2_PLACEMENT_3D('',#12698,#9953,#9954);
#8452=AXIS2_PLACEMENT_3D('',#12700,#9956,#9957);
#8453=AXIS2_PLACEMENT_3D('',#12702,#9959,#9960);
#8454=AXIS2_PLACEMENT_3D('',#12704,#9962,#9963);
#8455=AXIS2_PLACEMENT_3D('',#12708,#9966,#9967);
#8456=AXIS2_PLACEMENT_3D('',#12711,#9970,#9971);
#8457=AXIS2_PLACEMENT_3D('',#12713,#9973,#9974);
#8458=AXIS2_PLACEMENT_3D('',#12714,#9975,#9976);
#8459=AXIS2_PLACEMENT_3D('',#12720,#9980,#9981);
#8460=AXIS2_PLACEMENT_3D('',#12726,#9985,#9986);
#8461=AXIS2_PLACEMENT_3D('',#12732,#9990,#9991);
#8462=AXIS2_PLACEMENT_3D('',#12738,#9995,#9996);
#8463=AXIS2_PLACEMENT_3D('',#12747,#10001,#10002);
#8464=AXIS2_PLACEMENT_3D('',#12749,#10004,#10005);
#8465=AXIS2_PLACEMENT_3D('',#12752,#10008,#10009);
#8466=AXIS2_PLACEMENT_3D('',#12754,#10011,#10012);
#8467=AXIS2_PLACEMENT_3D('',#12756,#10014,#10015);
#8468=AXIS2_PLACEMENT_3D('',#12758,#10017,#10018);
#8469=AXIS2_PLACEMENT_3D('',#12760,#10020,#10021);
#8470=AXIS2_PLACEMENT_3D('',#12762,#10023,#10024);
#8471=AXIS2_PLACEMENT_3D('',#12764,#10026,#10027);
#8472=AXIS2_PLACEMENT_3D('',#12766,#10029,#10030);
#8473=AXIS2_PLACEMENT_3D('',#12768,#10032,#10033);
#8474=AXIS2_PLACEMENT_3D('',#12770,#10035,#10036);
#8475=AXIS2_PLACEMENT_3D('',#12771,#10037,#10038);
#8476=AXIS2_PLACEMENT_3D('',#12778,#10042,#10043);
#8477=AXIS2_PLACEMENT_3D('',#12784,#10047,#10048);
#8478=AXIS2_PLACEMENT_3D('',#12788,#10051,#10052);
#8479=AXIS2_PLACEMENT_3D('',#12794,#10056,#10057);
#8480=AXIS2_PLACEMENT_3D('',#12798,#10060,#10061);
#8481=AXIS2_PLACEMENT_3D('',#12802,#10064,#10065);
#8482=AXIS2_PLACEMENT_3D('',#12811,#10070,#10071);
#8483=AXIS2_PLACEMENT_3D('',#12814,#10074,#10075);
#8484=AXIS2_PLACEMENT_3D('',#12817,#10078,#10079);
#8485=AXIS2_PLACEMENT_3D('',#12820,#10082,#10083);
#8486=AXIS2_PLACEMENT_3D('',#12828,#10088,#10089);
#8487=AXIS2_PLACEMENT_3D('',#12836,#10094,#10095);
#8488=AXIS2_PLACEMENT_3D('',#12838,#10097,#10098);
#8489=AXIS2_PLACEMENT_3D('',#12844,#10102,#10103);
#8490=AXIS2_PLACEMENT_3D('',#12846,#10105,#10106);
#8491=AXIS2_PLACEMENT_3D('',#12848,#10108,#10109);
#8492=AXIS2_PLACEMENT_3D('',#12850,#10111,#10112);
#8493=AXIS2_PLACEMENT_3D('',#12855,#10116,#10117);
#8494=AXIS2_PLACEMENT_3D('',#12861,#10121,#10122);
#8495=AXIS2_PLACEMENT_3D('',#12862,#10123,#10124);
#8496=AXIS2_PLACEMENT_3D('',#12865,#10126,#10127);
#8497=AXIS2_PLACEMENT_3D('',#12869,#10130,#10131);
#8498=AXIS2_PLACEMENT_3D('',#12871,#10133,#10134);
#8499=AXIS2_PLACEMENT_3D('',#12873,#10136,#10137);
#8500=AXIS2_PLACEMENT_3D('',#12875,#10139,#10140);
#8501=AXIS2_PLACEMENT_3D('',#12877,#10142,#10143);
#8502=AXIS2_PLACEMENT_3D('',#12878,#10144,#10145);
#8503=AXIS2_PLACEMENT_3D('',#12879,#10146,#10147);
#8504=AXIS2_PLACEMENT_3D('',#12880,#10148,#10149);
#8505=AXIS2_PLACEMENT_3D('',#12882,#10151,#10152);
#8506=AXIS2_PLACEMENT_3D('',#12883,#10153,#10154);
#8507=AXIS2_PLACEMENT_3D('',#12888,#10157,#10158);
#8508=AXIS2_PLACEMENT_3D('',#12889,#10159,#10160);
#8509=AXIS2_PLACEMENT_3D('',#12890,#10161,#10162);
#8510=AXIS2_PLACEMENT_3D('',#12891,#10163,#10164);
#8511=AXIS2_PLACEMENT_3D('',#12892,#10165,#10166);
#8512=AXIS2_PLACEMENT_3D('',#12893,#10167,#10168);
#8513=AXIS2_PLACEMENT_3D('',#12894,#10169,#10170);
#8514=AXIS2_PLACEMENT_3D('',#12895,#10171,#10172);
#8515=AXIS2_PLACEMENT_3D('',#12903,#10175,#10176);
#8516=AXIS2_PLACEMENT_3D('',#12999,#10177,#10178);
#8517=AXIS2_PLACEMENT_3D('',#13002,#10181,#10182);
#8518=AXIS2_PLACEMENT_3D('',#13004,#10184,#10185);
#8519=AXIS2_PLACEMENT_3D('',#13005,#10186,#10187);
#8520=AXIS2_PLACEMENT_3D('',#13007,#10189,#10190);
#8521=AXIS2_PLACEMENT_3D('',#13008,#10191,#10192);
#8522=AXIS2_PLACEMENT_3D('',#13010,#10194,#10195);
#8523=AXIS2_PLACEMENT_3D('',#13012,#10197,#10198);
#8524=AXIS2_PLACEMENT_3D('',#13016,#10201,#10202);
#8525=AXIS2_PLACEMENT_3D('',#13017,#10203,#10204);
#8526=AXIS2_PLACEMENT_3D('',#13019,#10206,#10207);
#8527=AXIS2_PLACEMENT_3D('',#13021,#10209,#10210);
#8528=AXIS2_PLACEMENT_3D('',#13022,#10211,#10212);
#8529=AXIS2_PLACEMENT_3D('',#13035,#10214,#10215);
#8530=AXIS2_PLACEMENT_3D('',#13038,#10218,#10219);
#8531=AXIS2_PLACEMENT_3D('',#13040,#10221,#10222);
#8532=AXIS2_PLACEMENT_3D('',#13041,#10223,#10224);
#8533=AXIS2_PLACEMENT_3D('',#13042,#10225,#10226);
#8534=AXIS2_PLACEMENT_3D('',#13056,#10228,#10229);
#8535=AXIS2_PLACEMENT_3D('',#13057,#10230,#10231);
#8536=AXIS2_PLACEMENT_3D('',#13059,#10232,#10233);
#8537=AXIS2_PLACEMENT_3D('',#13061,#10235,#10236);
#8538=AXIS2_PLACEMENT_3D('',#13072,#10242,#10243);
#8539=AXIS2_PLACEMENT_3D('',#13082,#10248,#10249);
#8540=AXIS2_PLACEMENT_3D('',#13085,#10251,#10252);
#8541=AXIS2_PLACEMENT_3D('',#13086,#10253,#10254);
#8542=AXIS2_PLACEMENT_3D('',#13087,#10255,#10256);
#8543=AXIS2_PLACEMENT_3D('',#13088,#10257,#10258);
#8544=AXIS2_PLACEMENT_3D('',#13089,#10259,#10260);
#8545=AXIS2_PLACEMENT_3D('',#13090,#10261,#10262);
#8546=AXIS2_PLACEMENT_3D('',#13091,#10263,#10264);
#8547=AXIS2_PLACEMENT_3D('',#13092,#10265,#10266);
#8548=AXIS2_PLACEMENT_3D('',#13095,#10269,#10270);
#8549=AXIS2_PLACEMENT_3D('',#13097,#10272,#10273);
#8550=AXIS2_PLACEMENT_3D('',#13103,#10277,#10278);
#8551=AXIS2_PLACEMENT_3D('',#13104,#10279,#10280);
#8552=AXIS2_PLACEMENT_3D('',#13105,#10281,#10282);
#8553=AXIS2_PLACEMENT_3D('',#13106,#10283,#10284);
#8554=AXIS2_PLACEMENT_3D('',#13107,#10285,#10286);
#8555=AXIS2_PLACEMENT_3D('',#13108,#10287,#10288);
#8556=AXIS2_PLACEMENT_3D('',#13109,#10289,#10290);
#8557=AXIS2_PLACEMENT_3D('',#13110,#10291,#10292);
#8558=AXIS2_PLACEMENT_3D('',#13111,#10293,#10294);
#8559=AXIS2_PLACEMENT_3D('',#13125,#10297,#10298);
#8560=AXIS2_PLACEMENT_3D('',#13138,#10300,#10301);
#8561=AXIS2_PLACEMENT_3D('',#13150,#10303,#10304);
#8562=AXIS2_PLACEMENT_3D('',#13152,#10306,#10307);
#8563=AXIS2_PLACEMENT_3D('',#13156,#10309,#10310);
#8564=AXIS2_PLACEMENT_3D('',#13159,#10312,#10313);
#8565=AXIS2_PLACEMENT_3D('',#13162,#10316,#10317);
#8566=AXIS2_PLACEMENT_3D('',#13165,#10320,#10321);
#8567=AXIS2_PLACEMENT_3D('',#13166,#10322,#10323);
#8568=AXIS2_PLACEMENT_3D('',#13172,#10327,#10328);
#8569=AXIS2_PLACEMENT_3D('',#13177,#10329,#10330);
#8570=AXIS2_PLACEMENT_3D('',#13180,#10333,#10334);
#8571=AXIS2_PLACEMENT_3D('',#13182,#10336,#10337);
#8572=AXIS2_PLACEMENT_3D('',#13188,#10341,#10342);
#8573=AXIS2_PLACEMENT_3D('',#13190,#10344,#10345);
#8574=AXIS2_PLACEMENT_3D('',#13195,#10346,#10347);
#8575=AXIS2_PLACEMENT_3D('',#13200,#10348,#10349);
#8576=AXIS2_PLACEMENT_3D('',#13201,#10350,#10351);
#8577=AXIS2_PLACEMENT_3D('',#13202,#10352,#10353);
#8578=AXIS2_PLACEMENT_3D('',#13210,#10354,#10355);
#8579=AXIS2_PLACEMENT_3D('',#13211,#10356,#10357);
#8580=AXIS2_PLACEMENT_3D('',#13212,#10358,#10359);
#8581=AXIS2_PLACEMENT_3D('',#13216,#10362,#10363);
#8582=AXIS2_PLACEMENT_3D('',#13220,#10365,#10366);
#8583=AXIS2_PLACEMENT_3D('',#13228,#10371,#10372);
#8584=AXIS2_PLACEMENT_3D('',#13232,#10375,#10376);
#8585=AXIS2_PLACEMENT_3D('',#13236,#10378,#10379);
#8586=AXIS2_PLACEMENT_3D('',#13244,#10384,#10385);
#8587=AXIS2_PLACEMENT_3D('',#13253,#10391,#10392);
#8588=AXIS2_PLACEMENT_3D('',#13257,#10394,#10395);
#8589=AXIS2_PLACEMENT_3D('',#13260,#10397,#10398);
#8590=AXIS2_PLACEMENT_3D('',#13272,#10405,#10406);
#8591=AXIS2_PLACEMENT_3D('',#13276,#10408,#10409);
#8592=AXIS2_PLACEMENT_3D('',#13279,#10411,#10412);
#8593=AXIS2_PLACEMENT_3D('',#13282,#10415,#10416);
#8594=AXIS2_PLACEMENT_3D('',#13284,#10418,#10419);
#8595=AXIS2_PLACEMENT_3D('',#13286,#10421,#10422);
#8596=AXIS2_PLACEMENT_3D('',#13288,#10424,#10425);
#8597=AXIS2_PLACEMENT_3D('',#13290,#10427,#10428);
#8598=AXIS2_PLACEMENT_3D('',#13293,#10431,#10432);
#8599=AXIS2_PLACEMENT_3D('',#13295,#10434,#10435);
#8600=AXIS2_PLACEMENT_3D('',#13297,#10437,#10438);
#8601=AXIS2_PLACEMENT_3D('',#13299,#10440,#10441);
#8602=AXIS2_PLACEMENT_3D('',#13301,#10443,#10444);
#8603=AXIS2_PLACEMENT_3D('',#13304,#10446,#10447);
#8604=AXIS2_PLACEMENT_3D('',#13307,#10449,#10450);
#8605=AXIS2_PLACEMENT_3D('',#13313,#10454,#10455);
#8606=AXIS2_PLACEMENT_3D('',#13317,#10458,#10459);
#8607=AXIS2_PLACEMENT_3D('',#13320,#10461,#10462);
#8608=AXIS2_PLACEMENT_3D('',#13321,#10463,#10464);
#8609=AXIS2_PLACEMENT_3D('',#13323,#10466,#10467);
#8610=AXIS2_PLACEMENT_3D('',#13325,#10469,#10470);
#8611=AXIS2_PLACEMENT_3D('',#13327,#10472,#10473);
#8612=AXIS2_PLACEMENT_3D('',#13329,#10475,#10476);
#8613=AXIS2_PLACEMENT_3D('',#13331,#10478,#10479);
#8614=AXIS2_PLACEMENT_3D('',#13333,#10481,#10482);
#8615=AXIS2_PLACEMENT_3D('',#13335,#10484,#10485);
#8616=AXIS2_PLACEMENT_3D('',#13337,#10487,#10488);
#8617=AXIS2_PLACEMENT_3D('',#13339,#10490,#10491);
#8618=AXIS2_PLACEMENT_3D('',#13345,#10495,#10496);
#8619=AXIS2_PLACEMENT_3D('',#13348,#10498,#10499);
#8620=AXIS2_PLACEMENT_3D('',#13349,#10500,#10501);
#8621=AXIS2_PLACEMENT_3D('',#13353,#10504,#10505);
#8622=AXIS2_PLACEMENT_3D('',#13355,#10507,#10508);
#8623=AXIS2_PLACEMENT_3D('',#13356,#10509,#10510);
#8624=AXIS2_PLACEMENT_3D('',#13357,#10511,#10512);
#8625=AXIS2_PLACEMENT_3D('',#13363,#10517,#10518);
#8626=AXIS2_PLACEMENT_3D('',#13367,#10522,#10523);
#8627=AXIS2_PLACEMENT_3D('',#13368,#10524,#10525);
#8628=AXIS2_PLACEMENT_3D('',#13369,#10526,#10527);
#8629=AXIS2_PLACEMENT_3D('',#13377,#10534,#10535);
#8630=AXIS2_PLACEMENT_3D('',#13387,#10543,#10544);
#8631=AXIS2_PLACEMENT_3D('',#13388,#10545,#10546);
#8632=AXIS2_PLACEMENT_3D('',#13389,#10547,#10548);
#8633=AXIS2_PLACEMENT_3D('',#13390,#10549,#10550);
#8634=AXIS2_PLACEMENT_3D('',#13391,#10551,#10552);
#8635=AXIS2_PLACEMENT_3D('',#13392,#10553,#10554);
#8636=AXIS2_PLACEMENT_3D('',#13393,#10555,#10556);
#8637=AXIS2_PLACEMENT_3D('',#13394,#10557,#10558);
#8638=AXIS2_PLACEMENT_3D('',#13395,#10559,#10560);
#8639=AXIS2_PLACEMENT_3D('',#13396,#10561,#10562);
#8640=AXIS2_PLACEMENT_3D('',#13397,#10563,#10564);
#8641=AXIS2_PLACEMENT_3D('',#13398,#10565,#10566);
#8642=AXIS2_PLACEMENT_3D('',#13399,#10567,#10568);
#8643=AXIS2_PLACEMENT_3D('',#13400,#10569,#10570);
#8644=AXIS2_PLACEMENT_3D('',#13401,#10571,#10572);
#8645=AXIS2_PLACEMENT_3D('',#13402,#10573,#10574);
#8646=AXIS2_PLACEMENT_3D('',#13403,#10575,#10576);
#8647=AXIS2_PLACEMENT_3D('',#13404,#10577,#10578);
#8648=AXIS2_PLACEMENT_3D('',#13405,#10579,#10580);
#8649=AXIS2_PLACEMENT_3D('',#13411,#10584,#10585);
#8650=AXIS2_PLACEMENT_3D('',#13417,#10589,#10590);
#8651=AXIS2_PLACEMENT_3D('',#13423,#10594,#10595);
#8652=AXIS2_PLACEMENT_3D('',#13429,#10599,#10600);
#8653=AXIS2_PLACEMENT_3D('',#13430,#10601,#10602);
#8654=AXIS2_PLACEMENT_3D('',#13431,#10603,#10604);
#8655=AXIS2_PLACEMENT_3D('',#13432,#10605,#10606);
#8656=AXIS2_PLACEMENT_3D('',#13433,#10607,#10608);
#8657=AXIS2_PLACEMENT_3D('',#13434,#10609,#10610);
#8658=AXIS2_PLACEMENT_3D('',#13435,#10611,#10612);
#8659=AXIS2_PLACEMENT_3D('',#13436,#10613,#10614);
#8660=AXIS2_PLACEMENT_3D('',#13437,#10615,#10616);
#8661=AXIS2_PLACEMENT_3D('',#13438,#10617,#10618);
#8662=AXIS2_PLACEMENT_3D('',#13439,#10619,#10620);
#8663=AXIS2_PLACEMENT_3D('',#13440,#10621,#10622);
#8664=AXIS2_PLACEMENT_3D('',#13442,#10623,#10624);
#8665=AXIS2_PLACEMENT_3D('',#13445,#10627,#10628);
#8666=AXIS2_PLACEMENT_3D('',#13446,#10629,#10630);
#8667=AXIS2_PLACEMENT_3D('',#13448,#10631,#10632);
#8668=AXIS2_PLACEMENT_3D('',#13451,#10635,#10636);
#8669=AXIS2_PLACEMENT_3D('',#13452,#10637,#10638);
#8670=AXIS2_PLACEMENT_3D('',#13454,#10639,#10640);
#8671=AXIS2_PLACEMENT_3D('',#13457,#10643,#10644);
#8672=AXIS2_PLACEMENT_3D('',#13458,#10645,#10646);
#8673=AXIS2_PLACEMENT_3D('',#13460,#10647,#10648);
#8674=AXIS2_PLACEMENT_3D('',#13463,#10651,#10652);
#8675=AXIS2_PLACEMENT_3D('',#13464,#10653,#10654);
#8676=AXIS2_PLACEMENT_3D('',#13465,#10655,#10656);
#8677=AXIS2_PLACEMENT_3D('',#13467,#10658,#10659);
#8678=AXIS2_PLACEMENT_3D('',#13468,#10660,#10661);
#8679=AXIS2_PLACEMENT_3D('',#13469,#10662,#10663);
#8680=AXIS2_PLACEMENT_3D('',#13471,#10665,#10666);
#8681=AXIS2_PLACEMENT_3D('',#13472,#10667,#10668);
#8682=AXIS2_PLACEMENT_3D('',#13473,#10669,#10670);
#8683=AXIS2_PLACEMENT_3D('',#13474,#10671,#10672);
#8684=AXIS2_PLACEMENT_3D('',#13475,#10673,#10674);
#8685=AXIS2_PLACEMENT_3D('',#13476,#10675,#10676);
#8686=AXIS2_PLACEMENT_3D('',#13477,#10677,#10678);
#8687=AXIS2_PLACEMENT_3D('',#13481,#10681,#10682);
#8688=AXIS2_PLACEMENT_3D('',#13483,#10684,#10685);
#8689=AXIS2_PLACEMENT_3D('',#13487,#10688,#10689);
#8690=AXIS2_PLACEMENT_3D('',#13489,#10691,#10692);
#8691=AXIS2_PLACEMENT_3D('',#13490,#10693,#10694);
#8692=AXIS2_PLACEMENT_3D('',#13494,#10697,#10698);
#8693=AXIS2_PLACEMENT_3D('',#13496,#10700,#10701);
#8694=AXIS2_PLACEMENT_3D('',#13500,#10704,#10705);
#8695=AXIS2_PLACEMENT_3D('',#13502,#10707,#10708);
#8696=AXIS2_PLACEMENT_3D('',#13503,#10709,#10710);
#8697=AXIS2_PLACEMENT_3D('',#13507,#10712,#10713);
#8698=AXIS2_PLACEMENT_3D('',#13512,#10716,#10717);
#8699=AXIS2_PLACEMENT_3D('',#13513,#10718,#10719);
#8700=AXIS2_PLACEMENT_3D('',#13519,#10723,#10724);
#8701=AXIS2_PLACEMENT_3D('',#13523,#10726,#10727);
#8702=AXIS2_PLACEMENT_3D('',#13527,#10730,#10731);
#8703=AXIS2_PLACEMENT_3D('',#13536,#10736,#10737);
#8704=AXIS2_PLACEMENT_3D('',#13540,#10739,#10740);
#8705=AXIS2_PLACEMENT_3D('',#13547,#10744,#10745);
#8706=AXIS2_PLACEMENT_3D('',#13553,#10749,#10750);
#8707=AXIS2_PLACEMENT_3D('',#13557,#10752,#10753);
#8708=AXIS2_PLACEMENT_3D('',#13558,#10754,#10755);
#8709=AXIS2_PLACEMENT_3D('',#13560,#10757,#10758);
#8710=AXIS2_PLACEMENT_3D('',#13562,#10760,#10761);
#8711=AXIS2_PLACEMENT_3D('',#13564,#10763,#10764);
#8712=AXIS2_PLACEMENT_3D('',#13565,#10765,#10766);
#8713=AXIS2_PLACEMENT_3D('',#13567,#10768,#10769);
#8714=AXIS2_PLACEMENT_3D('',#13568,#10770,#10771);
#8715=AXIS2_PLACEMENT_3D('',#13569,#10772,#10773);
#8716=AXIS2_PLACEMENT_3D('',#13570,#10774,#10775);
#8717=AXIS2_PLACEMENT_3D('',#13571,#10776,#10777);
#8718=AXIS2_PLACEMENT_3D('',#13572,#10778,#10779);
#8719=AXIS2_PLACEMENT_3D('',#13573,#10780,#10781);
#8720=AXIS2_PLACEMENT_3D('',#13574,#10782,#10783);
#8721=AXIS2_PLACEMENT_3D('',#13575,#10784,#10785);
#8722=AXIS2_PLACEMENT_3D('',#13576,#10786,#10787);
#8723=AXIS2_PLACEMENT_3D('',#13577,#10788,#10789);
#8724=AXIS2_PLACEMENT_3D('',#13578,#10790,#10791);
#8725=AXIS2_PLACEMENT_3D('',#13579,#10792,#10793);
#8726=AXIS2_PLACEMENT_3D('',#13580,#10794,#10795);
#8727=AXIS2_PLACEMENT_3D('',#13581,#10796,#10797);
#8728=AXIS2_PLACEMENT_3D('',#13582,#10798,#10799);
#8729=AXIS2_PLACEMENT_3D('',#13583,#10800,#10801);
#8730=AXIS2_PLACEMENT_3D('',#13584,#10802,#10803);
#8731=AXIS2_PLACEMENT_3D('',#13585,#10804,#10805);
#8732=AXIS2_PLACEMENT_3D('',#13586,#10806,#10807);
#8733=AXIS2_PLACEMENT_3D('',#13590,#10810,#10811);
#8734=AXIS2_PLACEMENT_3D('',#13594,#10814,#10815);
#8735=AXIS2_PLACEMENT_3D('',#13596,#10817,#10818);
#8736=AXIS2_PLACEMENT_3D('',#13600,#10821,#10822);
#8737=AXIS2_PLACEMENT_3D('',#13602,#10824,#10825);
#8738=AXIS2_PLACEMENT_3D('',#13606,#10828,#10829);
#8739=AXIS2_PLACEMENT_3D('',#13608,#10831,#10832);
#8740=AXIS2_PLACEMENT_3D('',#13610,#10834,#10835);
#8741=AXIS2_PLACEMENT_3D('',#13611,#10836,#10837);
#8742=AXIS2_PLACEMENT_3D('',#13612,#10838,#10839);
#8743=AXIS2_PLACEMENT_3D('',#13614,#10840,#10841);
#8744=AXIS2_PLACEMENT_3D('',#13615,#10842,#10843);
#8745=AXIS2_PLACEMENT_3D('',#13616,#10844,#10845);
#8746=AXIS2_PLACEMENT_3D('',#13618,#10846,#10847);
#8747=AXIS2_PLACEMENT_3D('',#13619,#10848,#10849);
#8748=AXIS2_PLACEMENT_3D('',#13622,#10852,#10853);
#8749=AXIS2_PLACEMENT_3D('',#13628,#10857,#10858);
#8750=AXIS2_PLACEMENT_3D('',#13631,#10861,#10862);
#8751=AXIS2_PLACEMENT_3D('',#13634,#10865,#10866);
#8752=AXIS2_PLACEMENT_3D('',#13640,#10870,#10871);
#8753=AXIS2_PLACEMENT_3D('',#13646,#10875,#10876);
#8754=AXIS2_PLACEMENT_3D('',#13652,#10880,#10881);
#8755=AXIS2_PLACEMENT_3D('',#13658,#10885,#10886);
#8756=AXIS2_PLACEMENT_3D('',#13664,#10890,#10891);
#8757=AXIS2_PLACEMENT_3D('',#13670,#10896,#10897);
#8758=AXIS2_PLACEMENT_3D('',#13673,#10900,#10901);
#8759=AXIS2_PLACEMENT_3D('',#13676,#10904,#10905);
#8760=AXIS2_PLACEMENT_3D('',#13678,#10907,#10908);
#8761=AXIS2_PLACEMENT_3D('',#13679,#10909,#10910);
#8762=AXIS2_PLACEMENT_3D('',#13680,#10911,#10912);
#8763=AXIS2_PLACEMENT_3D('',#13681,#10913,#10914);
#8764=AXIS2_PLACEMENT_3D('',#13682,#10915,#10916);
#8765=AXIS2_PLACEMENT_3D('',#13683,#10917,#10918);
#8766=AXIS2_PLACEMENT_3D('',#13684,#10919,#10920);
#8767=AXIS2_PLACEMENT_3D('',#13685,#10921,#10922);
#8768=AXIS2_PLACEMENT_3D('',#13686,#10923,#10924);
#8769=AXIS2_PLACEMENT_3D('',#13687,#10925,#10926);
#8770=AXIS2_PLACEMENT_3D('',#13688,#10927,#10928);
#8771=AXIS2_PLACEMENT_3D('',#13689,#10929,#10930);
#8772=AXIS2_PLACEMENT_3D('',#13690,#10931,#10932);
#8773=AXIS2_PLACEMENT_3D('',#13691,#10933,#10934);
#8774=AXIS2_PLACEMENT_3D('',#13692,#10935,#10936);
#8775=AXIS2_PLACEMENT_3D('',#13693,#10937,#10938);
#8776=AXIS2_PLACEMENT_3D('',#13694,#10939,#10940);
#8777=AXIS2_PLACEMENT_3D('',#13695,#10941,#10942);
#8778=AXIS2_PLACEMENT_3D('',#13696,#10943,#10944);
#8779=AXIS2_PLACEMENT_3D('',#13697,#10945,#10946);
#8780=AXIS2_PLACEMENT_3D('',#13698,#10947,#10948);
#8781=AXIS2_PLACEMENT_3D('',#13699,#10949,#10950);
#8782=AXIS2_PLACEMENT_3D('',#13700,#10951,#10952);
#8783=AXIS2_PLACEMENT_3D('',#13701,#10953,#10954);
#8784=AXIS2_PLACEMENT_3D('',#13702,#10955,#10956);
#8785=AXIS2_PLACEMENT_3D('',#13703,#10957,#10958);
#8786=AXIS2_PLACEMENT_3D('',#13704,#10959,#10960);
#8787=AXIS2_PLACEMENT_3D('',#13705,#10961,#10962);
#8788=AXIS2_PLACEMENT_3D('',#13706,#10963,#10964);
#8789=AXIS2_PLACEMENT_3D('',#13707,#10965,#10966);
#8790=AXIS2_PLACEMENT_3D('',#13708,#10967,#10968);
#8791=AXIS2_PLACEMENT_3D('',#13709,#10969,#10970);
#8792=AXIS2_PLACEMENT_3D('',#13710,#10971,#10972);
#8793=AXIS2_PLACEMENT_3D('',#13711,#10973,#10974);
#8794=AXIS2_PLACEMENT_3D('',#13712,#10975,#10976);
#8795=AXIS2_PLACEMENT_3D('',#13713,#10977,#10978);
#8796=AXIS2_PLACEMENT_3D('',#13714,#10979,#10980);
#8797=AXIS2_PLACEMENT_3D('',#13736,#10981,#10982);
#8798=AXIS2_PLACEMENT_3D('',#13737,#10983,#10984);
#8799=AXIS2_PLACEMENT_3D('',#13759,#10985,#10986);
#8800=AXIS2_PLACEMENT_3D('',#13760,#10987,#10988);
#8801=AXIS2_PLACEMENT_3D('',#13782,#10989,#10990);
#8802=AXIS2_PLACEMENT_3D('',#13783,#10991,#10992);
#8803=AXIS2_PLACEMENT_3D('',#13805,#10993,#10994);
#8804=AXIS2_PLACEMENT_3D('',#13806,#10995,#10996);
#8805=AXIS2_PLACEMENT_3D('',#13807,#10997,#10998);
#8806=AXIS2_PLACEMENT_3D('',#13810,#11000,#11001);
#8807=AXIS2_PLACEMENT_3D('',#13813,#11003,#11004);
#8808=AXIS2_PLACEMENT_3D('',#13817,#11007,#11008);
#8809=AXIS2_PLACEMENT_3D('',#13818,#11009,#11010);
#8810=AXIS2_PLACEMENT_3D('',#13821,#11012,#11013);
#8811=AXIS2_PLACEMENT_3D('',#13824,#11015,#11016);
#8812=AXIS2_PLACEMENT_3D('',#13826,#11018,#11019);
#8813=AXIS2_PLACEMENT_3D('',#13828,#11021,#11022);
#8814=AXIS2_PLACEMENT_3D('',#13830,#11024,#11025);
#8815=AXIS2_PLACEMENT_3D('',#13832,#11027,#11028);
#8816=AXIS2_PLACEMENT_3D('',#13833,#11029,#11030);
#8817=AXIS2_PLACEMENT_3D('',#13836,#11032,#11033);
#8818=AXIS2_PLACEMENT_3D('',#13840,#11035,#11036);
#8819=AXIS2_PLACEMENT_3D('',#13842,#11038,#11039);
#8820=AXIS2_PLACEMENT_3D('',#13845,#11041,#11042);
#8821=AXIS2_PLACEMENT_3D('',#13846,#11043,#11044);
#8822=AXIS2_PLACEMENT_3D('',#13850,#11047,#11048);
#8823=AXIS2_PLACEMENT_3D('',#13853,#11050,#11051);
#8824=AXIS2_PLACEMENT_3D('',#13854,#11052,#11053);
#8825=AXIS2_PLACEMENT_3D('',#13855,#11054,#11055);
#8826=AXIS2_PLACEMENT_3D('',#13858,#11057,#11058);
#8827=AXIS2_PLACEMENT_3D('',#13859,#11059,#11060);
#8828=AXIS2_PLACEMENT_3D('',#13862,#11062,#11063);
#8829=AXIS2_PLACEMENT_3D('',#13863,#11064,#11065);
#8830=AXIS2_PLACEMENT_3D('',#13868,#11068,#11069);
#8831=AXIS2_PLACEMENT_3D('',#13873,#11072,#11073);
#8832=AXIS2_PLACEMENT_3D('',#13874,#11074,#11075);
#8833=AXIS2_PLACEMENT_3D('',#13877,#11077,#11078);
#8834=AXIS2_PLACEMENT_3D('',#13878,#11079,#11080);
#8835=AXIS2_PLACEMENT_3D('',#13882,#11083,#11084);
#8836=AXIS2_PLACEMENT_3D('',#13883,#11085,#11086);
#8837=AXIS2_PLACEMENT_3D('',#13884,#11087,#11088);
#8838=AXIS2_PLACEMENT_3D('',#13885,#11089,#11090);
#8839=AXIS2_PLACEMENT_3D('',#13888,#11092,#11093);
#8840=AXIS2_PLACEMENT_3D('',#13889,#11094,#11095);
#8841=AXIS2_PLACEMENT_3D('',#13890,#11096,#11097);
#8842=AXIS2_PLACEMENT_3D('',#13891,#11098,#11099);
#8843=AXIS2_PLACEMENT_3D('',#13892,#11100,#11101);
#8844=AXIS2_PLACEMENT_3D('',#13893,#11102,#11103);
#8845=DIRECTION('',(0.,0.,1.));
#8846=DIRECTION('',(1.,0.,0.));
#8847=DIRECTION('',(0.00142618467996928,0.999998982998112,0.));
#8848=DIRECTION('',(-0.999998982998112,0.00142618467996928,0.));
#8849=DIRECTION('',(-0.999998982998112,0.00142618467996928,0.));
#8850=DIRECTION('',(0.,0.,1.));
#8851=DIRECTION('',(-0.999998982998112,0.00142618467996928,0.));
#8852=DIRECTION('',(0.,0.,1.));
#8853=DIRECTION('',(-0.00142618467996928,-0.999998982998112,0.));
#8854=DIRECTION('',(0.999998982998112,-0.00142618467996928,0.));
#8855=DIRECTION('',(0.,0.,1.));
#8856=DIRECTION('',(-0.00142618467996928,-0.999998982998112,0.));
#8857=DIRECTION('',(0.999998982998112,-0.00142618467996928,0.));
#8858=DIRECTION('',(0.999998982998112,-0.00142618467996928,1.13529023296911E-16));
#8859=DIRECTION('',(-0.00142618467996928,-0.999998982998112,0.));
#8860=DIRECTION('',(0.999998982998112,-0.00142618467996928,0.));
#8861=DIRECTION('',(0.,0.,-1.));
#8862=DIRECTION('',(-0.00142618467996928,-0.999998982998112,0.));
#8863=DIRECTION('',(0.999998982998112,-0.00142618467996928,0.));
#8864=DIRECTION('',(-0.999998982998112,0.00142618467996928,0.));
#8865=DIRECTION('',(0.,-1.,0.));
#8866=DIRECTION('',(0.,0.,-1.));
#8867=DIRECTION('',(1.,0.,0.));
#8868=DIRECTION('',(0.,0.,-1.));
#8869=DIRECTION('',(-1.,-2.79794109028518E-16,-2.79794109028518E-16));
#8870=DIRECTION('',(0.,0.,-1.));
#8871=DIRECTION('',(1.,0.,0.));
#8872=DIRECTION('',(0.,0.,-1.));
#8873=DIRECTION('',(-1.,0.,0.));
#8874=DIRECTION('',(0.,0.,-1.));
#8875=DIRECTION('',(1.,0.,0.));
#8876=DIRECTION('',(0.,0.,-1.));
#8877=DIRECTION('',(-1.,0.,0.));
#8878=DIRECTION('',(0.,0.,-1.));
#8879=DIRECTION('',(1.,0.,0.));
#8880=DIRECTION('',(0.,0.,-1.));
#8881=DIRECTION('',(-1.,0.,0.));
#8882=DIRECTION('',(0.,0.,-1.));
#8883=DIRECTION('',(1.,0.,0.));
#8884=DIRECTION('',(0.,0.,-1.));
#8885=DIRECTION('',(-1.,0.,0.));
#8886=DIRECTION('',(0.,0.,-1.));
#8887=DIRECTION('',(0.,0.,1.));
#8888=DIRECTION('',(1.,0.,0.));
#8889=DIRECTION('',(0.,0.,1.));
#8890=DIRECTION('',(1.,0.,0.));
#8891=DIRECTION('',(0.,0.,1.));
#8892=DIRECTION('',(1.,0.,0.));
#8893=DIRECTION('',(0.,0.,1.));
#8894=DIRECTION('',(1.,0.,0.));
#8895=DIRECTION('',(0.,0.,1.));
#8896=DIRECTION('',(1.,0.,0.));
#8897=DIRECTION('',(-1.,0.,0.));
#8898=DIRECTION('',(0.,0.,1.));
#8899=DIRECTION('',(1.,0.,0.));
#8900=DIRECTION('',(-0.651339320388066,-0.758786590364123,0.));
#8901=DIRECTION('',(0.,0.,1.));
#8902=DIRECTION('',(1.,0.,0.));
#8903=DIRECTION('',(0.,0.,1.));
#8904=DIRECTION('',(1.,0.,0.));
#8905=DIRECTION('',(0.,0.,1.));
#8906=DIRECTION('',(1.,0.,0.));
#8907=DIRECTION('',(0.,0.,1.));
#8908=DIRECTION('',(1.,0.,0.));
#8909=DIRECTION('',(-0.999998982998112,0.00142618467997067,0.));
#8910=DIRECTION('',(0.,0.,1.));
#8911=DIRECTION('',(1.,0.,0.));
#8912=DIRECTION('',(0.,0.,1.));
#8913=DIRECTION('',(1.,0.,0.));
#8914=DIRECTION('',(0.,0.,1.));
#8915=DIRECTION('',(1.,0.,0.));
#8916=DIRECTION('',(0.,0.,1.));
#8917=DIRECTION('',(1.,0.,0.));
#8918=DIRECTION('',(0.649423268463751,-0.760427128907076,0.));
#8919=DIRECTION('',(0.,0.,1.));
#8920=DIRECTION('',(1.,0.,0.));
#8921=DIRECTION('',(0.999998982998112,-0.00142618467997053,0.));
#8922=DIRECTION('',(0.,0.,1.));
#8923=DIRECTION('',(1.,0.,0.));
#8924=DIRECTION('',(-0.650338872925562,-0.759644226175589,0.));
#8925=DIRECTION('',(0.,0.,1.));
#8926=DIRECTION('',(1.,0.,0.));
#8927=DIRECTION('',(-0.999998982998112,0.00142618467997067,0.));
#8928=DIRECTION('',(0.,0.,1.));
#8929=DIRECTION('',(1.,0.,0.));
#8930=DIRECTION('',(0.196116135138184,-0.98058067569092,0.));
#8931=DIRECTION('',(0.,1.,0.));
#8932=DIRECTION('',(0.481918749772156,0.876215908676647,0.));
#8933=DIRECTION('',(0.,0.,1.));
#8934=DIRECTION('',(1.,0.,0.));
#8935=DIRECTION('',(0.,0.,1.));
#8936=DIRECTION('',(1.,0.,0.));
#8937=DIRECTION('',(0.,0.,1.));
#8938=DIRECTION('',(1.,0.,0.));
#8939=DIRECTION('',(-0.624695047554424,-0.78086880944303,0.));
#8940=DIRECTION('',(-1.,0.,0.));
#8941=DIRECTION('',(0.55470019622523,0.832050294337843,0.));
#8942=DIRECTION('',(0.481918749772156,0.876215908676647,0.));
#8943=DIRECTION('',(0.,0.,1.));
#8944=DIRECTION('',(1.,0.,0.));
#8945=DIRECTION('',(0.,1.,0.));
#8946=DIRECTION('',(0.196116135138184,-0.98058067569092,0.));
#8947=DIRECTION('',(0.,0.,1.));
#8948=DIRECTION('',(1.,0.,0.));
#8949=DIRECTION('',(-0.999998982998112,0.00142618467996928,0.));
#8950=DIRECTION('',(0.,0.,1.));
#8951=DIRECTION('',(1.,0.,0.));
#8952=DIRECTION('',(0.650338872925563,0.759644226175588,0.));
#8953=DIRECTION('',(0.,0.,1.));
#8954=DIRECTION('',(1.,0.,0.));
#8955=DIRECTION('',(0.999998982998112,-0.00142618467997041,0.));
#8956=DIRECTION('',(0.,0.,1.));
#8957=DIRECTION('',(1.,0.,0.));
#8958=DIRECTION('',(-0.649423268463752,0.760427128907075,0.));
#8959=DIRECTION('',(0.,0.,1.));
#8960=DIRECTION('',(1.,0.,0.));
#8961=DIRECTION('',(0.,0.,1.));
#8962=DIRECTION('',(1.,0.,0.));
#8963=DIRECTION('',(-0.651339320388065,-0.758786590364124,0.));
#8964=DIRECTION('',(0.,0.,1.));
#8965=DIRECTION('',(1.,0.,0.));
#8966=DIRECTION('',(-1.,0.,0.));
#8967=DIRECTION('',(0.,0.,1.));
#8968=DIRECTION('',(1.,0.,0.));
#8969=DIRECTION('',(-0.648424890827997,0.761278635556457,0.));
#8970=DIRECTION('',(0.,0.,1.));
#8971=DIRECTION('',(1.,0.,0.));
#8972=DIRECTION('',(-0.999998982998112,0.00142618467996928,0.));
#8973=DIRECTION('',(0.,0.,1.));
#8974=DIRECTION('',(1.,0.,0.));
#8975=DIRECTION('',(0.196116135138184,0.98058067569092,0.));
#8976=DIRECTION('',(0.,1.,0.));
#8977=DIRECTION('',(0.,0.,1.));
#8978=DIRECTION('',(1.,0.,0.));
#8979=DIRECTION('',(-0.481918749772156,0.876215908676647,0.));
#8980=DIRECTION('',(-0.55470019622523,0.832050294337843,0.));
#8981=DIRECTION('',(-1.,0.,0.));
#8982=DIRECTION('',(0.624695047554424,-0.78086880944303,0.));
#8983=DIRECTION('',(0.,0.,1.));
#8984=DIRECTION('',(1.,0.,0.));
#8985=DIRECTION('',(0.,0.,1.));
#8986=DIRECTION('',(1.,0.,0.));
#8987=DIRECTION('',(0.,0.,1.));
#8988=DIRECTION('',(1.,0.,0.));
#8989=DIRECTION('',(-0.481918749772156,0.876215908676647,0.));
#8990=DIRECTION('',(0.,1.,0.));
#8991=DIRECTION('',(0.196116135138184,0.98058067569092,0.));
#8992=DIRECTION('',(0.,0.,1.));
#8993=DIRECTION('',(1.,0.,0.));
#8994=DIRECTION('',(-0.999998982998112,0.00142618467997067,0.));
#8995=DIRECTION('',(0.,0.,1.));
#8996=DIRECTION('',(1.,0.,0.));
#8997=DIRECTION('',(0.648424890827998,-0.761278635556456,0.));
#8998=DIRECTION('',(0.,0.,1.));
#8999=DIRECTION('',(1.,0.,0.));
#9000=DIRECTION('',(0.00142618467996928,0.999998982998112,0.));
#9001=DIRECTION('',(-0.999998982998112,0.00142618467996928,0.));
#9002=DIRECTION('',(0.,0.,1.));
#9003=DIRECTION('',(-0.999998982998112,0.00142618467996928,0.));
#9004=DIRECTION('',(0.,0.,-1.));
#9005=DIRECTION('',(0.,0.,1.));
#9006=DIRECTION('',(-0.00142618467996928,-0.999998982998112,0.));
#9007=DIRECTION('',(0.999998982998112,-0.00142618467996928,0.));
#9008=DIRECTION('',(0.999998982998112,-0.00142618467996928,0.));
#9009=DIRECTION('',(-0.00142618467996928,-0.999998982998112,0.));
#9010=DIRECTION('',(0.999998982998112,-0.00142618467996928,0.));
#9011=DIRECTION('',(0.,0.,1.));
#9012=DIRECTION('',(0.,0.,1.));
#9013=DIRECTION('',(1.,0.,0.));
#9014=DIRECTION('',(-0.999998982998112,0.00142618467996928,0.));
#9015=DIRECTION('',(0.649423268463752,-0.760427128907075,0.));
#9016=DIRECTION('',(-0.999998982998112,0.00142618467997041,0.));
#9017=DIRECTION('',(0.650338872925563,0.759644226175588,0.));
#9018=DIRECTION('',(0.,-1.,0.));
#9019=DIRECTION('',(0.,0.,-1.));
#9020=DIRECTION('',(-1.,0.,0.));
#9021=DIRECTION('',(1.,0.,0.));
#9022=DIRECTION('',(0.,0.,-1.));
#9023=DIRECTION('',(-1.,0.,0.));
#9024=DIRECTION('',(0.,-1.,0.));
#9025=DIRECTION('',(0.,0.,-1.));
#9026=DIRECTION('',(-1.,0.,0.));
#9027=DIRECTION('',(0.,0.,1.));
#9028=DIRECTION('',(1.,0.,0.));
#9029=DIRECTION('',(0.196116135138184,-0.98058067569092,0.));
#9030=DIRECTION('',(0.,1.,0.));
#9031=DIRECTION('',(0.,0.,1.));
#9032=DIRECTION('',(1.,0.,0.));
#9033=DIRECTION('',(0.481918749772156,0.876215908676647,0.));
#9034=DIRECTION('',(0.55470019622523,0.832050294337843,0.));
#9035=DIRECTION('',(-0.0854011413464361,-0.996346649041751,0.));
#9036=DIRECTION('',(-0.424147567370151,-0.905593088033463,0.));
#9037=DIRECTION('',(1.,0.,0.));
#9038=DIRECTION('',(0.722363623797373,-0.691513409135591,0.));
#9039=DIRECTION('',(0.514495755427526,-0.857492925712544,0.));
#9040=DIRECTION('',(-1.,0.,0.));
#9041=DIRECTION('',(-0.514495755427526,-0.857492925712544,0.));
#9042=DIRECTION('',(-0.722363623797373,-0.691513409135591,0.));
#9043=DIRECTION('',(1.,0.,0.));
#9044=DIRECTION('',(0.424147567370151,-0.905593088033463,0.));
#9045=DIRECTION('',(0.0854011413464361,-0.996346649041751,0.));
#9046=DIRECTION('',(-0.55470019622523,0.832050294337843,0.));
#9047=DIRECTION('',(-0.481918749772156,0.876215908676647,0.));
#9048=DIRECTION('',(0.,0.,1.));
#9049=DIRECTION('',(1.,0.,0.));
#9050=DIRECTION('',(0.,1.,0.));
#9051=DIRECTION('',(0.196116135138184,0.98058067569092,0.));
#9052=DIRECTION('',(0.,0.,1.));
#9053=DIRECTION('',(1.,0.,0.));
#9054=DIRECTION('',(0.,0.,-1.));
#9055=DIRECTION('',(-1.,0.,0.));
#9056=DIRECTION('',(0.,-1.,0.));
#9057=DIRECTION('',(0.,0.,-1.));
#9058=DIRECTION('',(-1.,0.,0.));
#9059=DIRECTION('',(1.,0.,0.));
#9060=DIRECTION('',(0.,0.,-1.));
#9061=DIRECTION('',(-1.,0.,0.));
#9062=DIRECTION('',(0.,-1.,0.));
#9063=DIRECTION('',(0.648424890827997,-0.761278635556457,0.));
#9064=DIRECTION('',(-1.,0.,0.));
#9065=DIRECTION('',(0.651339320388065,0.758786590364124,0.));
#9066=DIRECTION('',(-0.999998982998112,0.00142618467996928,0.));
#9067=DIRECTION('',(-0.00142618467996928,-0.999998982998112,0.));
#9068=DIRECTION('',(-0.999998982998112,0.00142618467996928,0.));
#9069=DIRECTION('',(-0.00142618467996928,-0.999998982998112,0.));
#9070=DIRECTION('',(-0.999998982998112,0.00142618467996928,0.));
#9071=DIRECTION('',(-0.00142618467996928,-0.999998982998112,0.));
#9072=DIRECTION('',(-0.999998982998112,0.00142618467996928,0.));
#9073=DIRECTION('',(-0.00142618467996928,-0.999998982998112,0.));
#9074=DIRECTION('',(-0.999998982998112,0.00142618467996928,0.));
#9075=DIRECTION('',(-0.00142618467996928,-0.999998982998112,0.));
#9076=DIRECTION('',(-0.999998982998112,0.00142618467996928,0.));
#9077=DIRECTION('',(-0.999998982998112,0.00142618467996928,0.));
#9078=DIRECTION('',(-0.00142618467996928,-0.999998982998112,0.));
#9079=DIRECTION('',(-0.999998982998112,0.00142618467996928,0.));
#9080=DIRECTION('',(-0.00142618467996928,-0.999998982998112,0.));
#9081=DIRECTION('',(0.00142618467997067,0.999998982998112,0.));
#9082=DIRECTION('',(-0.999998982998112,0.00142618467997067,0.));
#9083=DIRECTION('',(0.00142618467997067,0.999998982998112,0.));
#9084=DIRECTION('',(-0.999998982998112,0.00142618467997067,0.));
#9085=DIRECTION('',(0.,0.,1.));
#9086=DIRECTION('',(0.,0.,1.));
#9087=DIRECTION('',(0.00142618467997067,0.999998982998112,0.));
#9088=DIRECTION('',(-0.999998982998112,0.00142618467997067,0.));
#9089=DIRECTION('',(-0.999998982998112,0.00142618467997067,0.));
#9090=DIRECTION('',(0.,0.,1.));
#9091=DIRECTION('',(1.,0.,0.));
#9092=DIRECTION('',(-1.,0.,0.));
#9093=DIRECTION('',(0.,-1.,0.));
#9094=DIRECTION('',(1.,1.5770213417971E-16,0.));
#9095=DIRECTION('',(0.,1.,0.));
#9096=DIRECTION('',(0.,0.,1.));
#9097=DIRECTION('',(1.,0.,0.));
#9098=DIRECTION('',(-1.,0.,0.));
#9099=DIRECTION('',(0.,0.,1.));
#9100=DIRECTION('',(1.,0.,0.));
#9101=DIRECTION('',(0.,1.,0.));
#9102=DIRECTION('',(0.,0.,1.));
#9103=DIRECTION('',(1.,0.,0.));
#9104=DIRECTION('',(0.196116135138184,0.98058067569092,0.));
#9105=DIRECTION('',(0.,1.,0.));
#9106=DIRECTION('',(-0.481918749772156,0.876215908676647,0.));
#9107=DIRECTION('',(0.,0.,1.));
#9108=DIRECTION('',(1.,0.,0.));
#9109=DIRECTION('',(0.,0.,1.));
#9110=DIRECTION('',(1.,0.,0.));
#9111=DIRECTION('',(0.,0.,1.));
#9112=DIRECTION('',(1.,0.,0.));
#9113=DIRECTION('',(0.624695047554424,-0.78086880944303,0.));
#9114=DIRECTION('',(0.,0.,-1.));
#9115=DIRECTION('',(-1.,0.,0.));
#9116=DIRECTION('',(1.,0.,0.));
#9117=DIRECTION('',(0.,1.,0.));
#9118=DIRECTION('',(-1.,0.,0.));
#9119=DIRECTION('',(0.,0.,1.));
#9120=DIRECTION('',(0.,1.,0.));
#9121=DIRECTION('',(0.,1.,0.));
#9122=DIRECTION('',(0.,0.,1.));
#9123=DIRECTION('',(1.,0.,0.));
#9124=DIRECTION('',(1.,0.,0.));
#9125=DIRECTION('',(0.,0.,1.));
#9126=DIRECTION('',(1.,0.,0.));
#9127=DIRECTION('',(1.,2.77555756156289E-16,0.));
#9128=DIRECTION('',(0.,1.,0.));
#9129=DIRECTION('',(-1.,0.,0.));
#9130=DIRECTION('',(1.3695185336659E-16,-1.,0.));
#9131=DIRECTION('',(0.,0.,1.));
#9132=DIRECTION('',(-1.3695185336659E-16,1.,0.));
#9133=DIRECTION('',(1.,0.,0.));
#9134=DIRECTION('',(0.,1.,0.));
#9135=DIRECTION('',(1.,0.,0.));
#9136=DIRECTION('',(0.,0.,1.));
#9137=DIRECTION('',(1.,0.,0.));
#9138=DIRECTION('',(-0.624695047554424,-0.78086880944303,0.));
#9139=DIRECTION('',(0.,0.,1.));
#9140=DIRECTION('',(1.,0.,0.));
#9141=DIRECTION('',(0.,0.,1.));
#9142=DIRECTION('',(1.,0.,0.));
#9143=DIRECTION('',(0.,0.,1.));
#9144=DIRECTION('',(1.,0.,0.));
#9145=DIRECTION('',(0.481918749772156,0.876215908676647,0.));
#9146=DIRECTION('',(0.,1.,0.));
#9147=DIRECTION('',(0.196116135138184,-0.98058067569092,0.));
#9148=DIRECTION('',(0.,0.,1.));
#9149=DIRECTION('',(1.,0.,0.));
#9150=DIRECTION('',(0.,1.,0.));
#9151=DIRECTION('',(0.,0.,1.));
#9152=DIRECTION('',(1.,0.,0.));
#9153=DIRECTION('',(-1.,0.,0.));
#9154=DIRECTION('',(0.,0.,1.));
#9155=DIRECTION('',(1.,0.,0.));
#9156=DIRECTION('',(0.,1.,0.));
#9157=DIRECTION('',(-1.,0.,0.));
#9158=DIRECTION('',(0.,-1.,0.));
#9159=DIRECTION('',(-1.,0.,0.));
#9160=DIRECTION('',(0.,1.,0.));
#9161=DIRECTION('',(0.650338872925562,0.759644226175589,0.));
#9162=DIRECTION('',(0.,0.,1.));
#9163=DIRECTION('',(1.,0.,0.));
#9164=DIRECTION('',(-0.999998982998112,0.00142618467997053,0.));
#9165=DIRECTION('',(0.,0.,1.));
#9166=DIRECTION('',(1.,0.,0.));
#9167=DIRECTION('',(-0.649423268463751,0.760427128907076,0.));
#9168=DIRECTION('',(0.,0.,1.));
#9169=DIRECTION('',(1.,0.,0.));
#9170=DIRECTION('',(0.,0.,1.));
#9171=DIRECTION('',(1.,0.,0.));
#9172=DIRECTION('',(0.,0.,1.));
#9173=DIRECTION('',(1.,0.,0.));
#9174=DIRECTION('',(0.,0.,1.));
#9175=DIRECTION('',(1.,0.,0.));
#9176=DIRECTION('',(0.999998982998112,-0.00142618467997067,0.));
#9177=DIRECTION('',(0.,0.,1.));
#9178=DIRECTION('',(1.,0.,0.));
#9179=DIRECTION('',(0.,0.,1.));
#9180=DIRECTION('',(1.,0.,0.));
#9181=DIRECTION('',(0.,0.,1.));
#9182=DIRECTION('',(1.,0.,0.));
#9183=DIRECTION('',(0.,0.,1.));
#9184=DIRECTION('',(1.,0.,0.));
#9185=DIRECTION('',(0.651339320388066,0.758786590364124,0.));
#9186=DIRECTION('',(0.,0.,1.));
#9187=DIRECTION('',(1.,0.,0.));
#9188=DIRECTION('',(1.,0.,0.));
#9189=DIRECTION('',(0.,0.,1.));
#9190=DIRECTION('',(1.,0.,0.));
#9191=DIRECTION('',(-0.648424890827998,0.761278635556456,0.));
#9192=DIRECTION('',(0.,0.,1.));
#9193=DIRECTION('',(1.,0.,0.));
#9194=DIRECTION('',(0.,1.,0.));
#9195=DIRECTION('',(0.,-1.,0.));
#9196=DIRECTION('',(-1.,0.,0.));
#9197=DIRECTION('',(0.,-1.,0.));
#9198=DIRECTION('',(1.,0.,0.));
#9199=DIRECTION('',(0.,-1.,0.));
#9200=DIRECTION('',(-1.,0.,0.));
#9201=DIRECTION('',(0.,0.,1.));
#9202=DIRECTION('',(1.,0.,0.));
#9203=DIRECTION('',(0.,1.,0.));
#9204=DIRECTION('',(0.,0.,1.));
#9205=DIRECTION('',(1.,0.,0.));
#9206=DIRECTION('',(1.,0.,0.));
#9207=DIRECTION('',(0.,-1.,0.));
#9208=DIRECTION('',(0.,0.,-1.));
#9209=DIRECTION('',(0.,-1.,0.));
#9210=DIRECTION('',(0.,0.,-1.));
#9211=DIRECTION('',(0.,-1.,0.));
#9212=DIRECTION('',(0.,0.,-1.));
#9213=DIRECTION('',(0.,-1.,0.));
#9214=DIRECTION('',(0.,0.,-1.));
#9215=DIRECTION('',(0.,0.,1.));
#9216=DIRECTION('',(1.,0.,0.));
#9217=DIRECTION('',(0.,1.,0.));
#9218=DIRECTION('',(0.,0.,1.));
#9219=DIRECTION('',(1.,0.,0.));
#9220=DIRECTION('',(0.,0.,1.));
#9221=DIRECTION('',(1.,0.,0.));
#9222=DIRECTION('',(0.,0.,1.));
#9223=DIRECTION('',(1.,0.,0.));
#9224=DIRECTION('',(0.,-1.,0.));
#9225=DIRECTION('',(0.,0.,1.));
#9226=DIRECTION('',(1.,0.,0.));
#9227=DIRECTION('',(0.,1.,0.));
#9228=DIRECTION('',(0.,0.,1.));
#9229=DIRECTION('',(1.,0.,0.));
#9230=DIRECTION('',(0.,0.,1.));
#9231=DIRECTION('',(1.,0.,0.));
#9232=DIRECTION('',(-1.,1.71754799601664E-16,0.));
#9233=DIRECTION('',(0.,-1.,0.));
#9234=DIRECTION('',(0.,0.,1.));
#9235=DIRECTION('',(1.,0.,0.));
#9236=DIRECTION('',(0.,0.,1.));
#9237=DIRECTION('',(1.,0.,0.));
#9238=DIRECTION('',(-1.,1.71754799601664E-16,0.));
#9239=DIRECTION('',(0.,0.,1.));
#9240=DIRECTION('',(1.,0.,0.));
#9241=DIRECTION('',(0.,1.,0.));
#9242=DIRECTION('',(0.,0.,1.));
#9243=DIRECTION('',(1.,0.,0.));
#9244=DIRECTION('',(-1.,1.71754799601664E-16,0.));
#9245=DIRECTION('',(0.,-1.,0.));
#9246=DIRECTION('',(0.,0.,1.));
#9247=DIRECTION('',(1.,0.,0.));
#9248=DIRECTION('',(0.,0.,1.));
#9249=DIRECTION('',(1.,0.,0.));
#9250=DIRECTION('',(0.,-1.,0.));
#9251=DIRECTION('',(-1.,0.,0.));
#9252=DIRECTION('',(0.,0.,1.));
#9253=DIRECTION('',(1.,0.,0.));
#9254=DIRECTION('',(0.,0.,1.));
#9255=DIRECTION('',(1.,0.,0.));
#9256=DIRECTION('',(0.,0.,1.));
#9257=DIRECTION('',(1.,0.,0.));
#9258=DIRECTION('',(-1.,0.,0.));
#9259=DIRECTION('',(0.,1.,0.));
#9260=DIRECTION('',(0.,0.,1.));
#9261=DIRECTION('',(1.,0.,0.));
#9262=DIRECTION('',(0.,-1.,0.));
#9263=DIRECTION('',(-1.,0.,0.));
#9264=DIRECTION('',(0.,0.,1.));
#9265=DIRECTION('',(1.,0.,0.));
#9266=DIRECTION('',(0.,0.,1.));
#9267=DIRECTION('',(1.,0.,0.));
#9268=DIRECTION('',(0.,0.,1.));
#9269=DIRECTION('',(1.,0.,0.));
#9270=DIRECTION('',(-1.,0.,0.));
#9271=DIRECTION('',(0.,1.,0.));
#9272=DIRECTION('',(0.,0.,1.));
#9273=DIRECTION('',(1.,0.,0.));
#9274=DIRECTION('',(-1.,0.,0.));
#9275=DIRECTION('',(0.,-1.,0.));
#9276=DIRECTION('',(0.,0.,1.));
#9277=DIRECTION('',(1.,0.,0.));
#9278=DIRECTION('',(0.,0.,1.));
#9279=DIRECTION('',(1.,0.,0.));
#9280=DIRECTION('',(-1.,0.,0.));
#9281=DIRECTION('',(0.,0.,1.));
#9282=DIRECTION('',(1.,0.,0.));
#9283=DIRECTION('',(0.,1.,0.));
#9284=DIRECTION('',(0.,0.,1.));
#9285=DIRECTION('',(1.,0.,0.));
#9286=DIRECTION('',(-1.,0.,0.));
#9287=DIRECTION('',(0.,-1.,0.));
#9288=DIRECTION('',(0.,0.,1.));
#9289=DIRECTION('',(1.,0.,0.));
#9290=DIRECTION('',(1.,0.,0.));
#9291=DIRECTION('',(0.,0.,-1.));
#9292=DIRECTION('',(0.,1.83971884551675E-16,-1.));
#9293=DIRECTION('',(0.,-1.,0.));
#9294=DIRECTION('',(0.,0.,-1.));
#9295=DIRECTION('',(0.,1.,0.));
#9296=DIRECTION('',(0.,0.,-1.));
#9297=DIRECTION('',(0.,-1.,0.));
#9298=DIRECTION('',(0.,0.,-1.));
#9299=DIRECTION('',(0.,-0.707106781186548,-0.707106781186548));
#9300=DIRECTION('',(0.,-1.,-1.60622544071926E-16));
#9301=DIRECTION('',(1.,0.,0.));
#9302=DIRECTION('',(0.,0.,-1.));
#9303=DIRECTION('',(1.,0.,0.));
#9304=DIRECTION('',(0.,0.,-1.));
#9305=DIRECTION('',(0.,-1.,0.));
#9306=DIRECTION('',(0.,1.83971884551675E-16,-1.));
#9307=DIRECTION('',(1.,0.,0.));
#9308=DIRECTION('',(0.,0.,-1.));
#9309=DIRECTION('',(0.,-1.,-1.60622544071926E-16));
#9310=DIRECTION('',(0.,-0.707106781186548,-0.707106781186548));
#9311=DIRECTION('',(0.,0.,-1.));
#9312=DIRECTION('',(0.,-1.,0.));
#9313=DIRECTION('',(0.,0.,-1.));
#9314=DIRECTION('',(0.,0.,-1.));
#9315=DIRECTION('',(1.,0.,0.));
#9316=DIRECTION('',(0.,0.,-1.));
#9317=DIRECTION('',(0.,1.83971884551675E-16,-1.));
#9318=DIRECTION('',(0.,-1.,0.));
#9319=DIRECTION('',(0.,0.,-1.));
#9320=DIRECTION('',(0.,0.,-1.));
#9321=DIRECTION('',(0.,-1.,0.));
#9322=DIRECTION('',(0.,0.,-1.));
#9323=DIRECTION('',(0.,-0.707106781186548,-0.707106781186548));
#9324=DIRECTION('',(0.,-1.,-1.60622544071926E-16));
#9325=DIRECTION('',(1.,0.,0.));
#9326=DIRECTION('',(0.,0.,-1.));
#9327=DIRECTION('',(1.,0.,0.));
#9328=DIRECTION('',(0.,0.,-1.));
#9329=DIRECTION('',(0.,-1.,0.));
#9330=DIRECTION('',(0.,1.83971884551675E-16,-1.));
#9331=DIRECTION('',(1.,0.,0.));
#9332=DIRECTION('',(0.,0.,-1.));
#9333=DIRECTION('',(0.,-1.,-1.60622544071926E-16));
#9334=DIRECTION('',(0.,-0.707106781186548,-0.707106781186548));
#9335=DIRECTION('',(0.,-1.,0.));
#9336=DIRECTION('',(0.,0.,-1.));
#9337=DIRECTION('',(0.,-1.,0.));
#9338=DIRECTION('',(0.,0.,-1.));
#9339=DIRECTION('',(0.,0.,-1.));
#9340=DIRECTION('',(0.,-1.,0.));
#9341=DIRECTION('',(1.,0.,0.));
#9342=DIRECTION('',(0.,0.,-1.));
#9343=DIRECTION('',(-1.,0.,-4.33680868994202E-16));
#9344=DIRECTION('',(0.,0.,1.));
#9345=DIRECTION('',(0.55470019622523,0.,0.832050294337843));
#9346=DIRECTION('',(0.,0.,-1.));
#9347=DIRECTION('',(1.,0.,0.));
#9348=DIRECTION('',(0.00142618467997067,0.999998982998112,0.));
#9349=DIRECTION('',(-0.999998982998112,0.00142618467997067,0.));
#9350=DIRECTION('',(0.,0.,1.));
#9351=DIRECTION('',(0.999998982998112,-0.00142618467997067,0.));
#9352=DIRECTION('',(0.,0.,-1.));
#9353=DIRECTION('',(0.00142618467997067,0.999998982998112,0.));
#9354=DIRECTION('',(-0.999998982998112,0.00142618467997067,0.));
#9355=DIRECTION('',(0.999998982998112,-0.00142618467997067,0.));
#9356=DIRECTION('',(0.00142618467997067,0.999998982998112,0.));
#9357=DIRECTION('',(-0.999998982998112,0.00142618467997067,0.));
#9358=DIRECTION('',(0.,0.,1.));
#9359=DIRECTION('',(0.999998982998112,-0.00142618467997067,0.));
#9360=DIRECTION('',(0.,0.,-1.));
#9361=DIRECTION('',(0.00142618467997067,0.999998982998112,0.));
#9362=DIRECTION('',(-0.999998982998112,0.00142618467997067,0.));
#9363=DIRECTION('',(0.999998982998112,-0.00142618467997067,-2.27058046593823E-16));
#9364=DIRECTION('',(0.00142618467997067,0.999998982998112,0.));
#9365=DIRECTION('',(-0.999998982998112,0.00142618467997067,0.));
#9366=DIRECTION('',(0.,0.,-1.));
#9367=DIRECTION('',(0.,0.,-1.));
#9368=DIRECTION('',(0.00142618467997067,0.999998982998112,0.));
#9369=DIRECTION('',(-0.999998982998112,0.00142618467997067,0.));
#9370=DIRECTION('',(0.,0.,1.));
#9371=DIRECTION('',(0.00142618467997067,0.999998982998112,0.));
#9372=DIRECTION('',(-0.999998982998112,0.00142618467997067,0.));
#9373=DIRECTION('',(-0.999998982998112,0.00142618467997067,0.));
#9374=DIRECTION('',(0.00142618467997067,0.999998982998112,0.));
#9375=DIRECTION('',(-0.999998982998112,0.00142618467997067,0.));
#9376=DIRECTION('',(0.,0.,1.));
#9377=DIRECTION('',(0.876215908676647,0.481918749772156,0.));
#9378=DIRECTION('',(-0.481918749772156,0.876215908676647,0.));
#9379=DIRECTION('',(0.,0.,1.));
#9380=DIRECTION('',(0.,0.,1.));
#9381=DIRECTION('',(0.876215908676647,-0.481918749772156,0.));
#9382=DIRECTION('',(0.481918749772156,0.876215908676647,0.));
#9383=DIRECTION('',(0.,0.,-1.));
#9384=DIRECTION('',(0.,0.,1.));
#9385=DIRECTION('',(-0.78086880944303,0.624695047554424,0.));
#9386=DIRECTION('',(-0.624695047554424,-0.78086880944303,0.));
#9387=DIRECTION('',(0.,0.,1.));
#9388=DIRECTION('',(0.,0.,1.));
#9389=DIRECTION('',(-0.78086880944303,0.624695047554424,0.));
#9390=DIRECTION('',(0.624695047554424,0.78086880944303,0.));
#9391=DIRECTION('',(0.,0.,1.));
#9392=DIRECTION('',(0.,0.,1.));
#9393=DIRECTION('',(1.,0.,0.));
#9394=DIRECTION('',(0.,0.,1.));
#9395=DIRECTION('',(1.,0.,0.));
#9396=DIRECTION('',(0.,0.,1.));
#9397=DIRECTION('',(1.,0.,0.));
#9398=DIRECTION('',(1.,0.,0.));
#9399=DIRECTION('',(0.,0.,1.));
#9400=DIRECTION('',(1.,0.,0.));
#9401=DIRECTION('',(0.,0.,1.));
#9402=DIRECTION('',(1.,0.,0.));
#9403=DIRECTION('',(0.,0.,1.));
#9404=DIRECTION('',(1.,0.,0.));
#9405=DIRECTION('',(0.,0.,1.));
#9406=DIRECTION('',(1.,0.,0.));
#9407=DIRECTION('',(1.,0.,0.));
#9408=DIRECTION('',(0.,0.,1.));
#9409=DIRECTION('',(1.,0.,0.));
#9410=DIRECTION('',(0.,0.,1.));
#9411=DIRECTION('',(1.,0.,0.));
#9412=DIRECTION('',(0.,0.,1.));
#9413=DIRECTION('',(1.,0.,0.));
#9414=DIRECTION('',(0.,0.,1.));
#9415=DIRECTION('',(1.,0.,0.));
#9416=DIRECTION('',(0.,-1.,0.));
#9417=DIRECTION('',(0.,0.,1.));
#9418=DIRECTION('',(1.,0.,0.));
#9419=DIRECTION('',(1.,0.,0.));
#9420=DIRECTION('',(0.,0.,1.));
#9421=DIRECTION('',(1.,0.,0.));
#9422=DIRECTION('',(0.,-1.,0.));
#9423=DIRECTION('',(0.,0.,1.));
#9424=DIRECTION('',(1.,0.,0.));
#9425=DIRECTION('',(1.,0.,0.));
#9426=DIRECTION('',(0.,0.,1.));
#9427=DIRECTION('',(1.,0.,0.));
#9428=DIRECTION('',(0.,0.,1.));
#9429=DIRECTION('',(1.,0.,0.));
#9430=DIRECTION('',(1.,0.,0.));
#9431=DIRECTION('',(0.,0.,1.));
#9432=DIRECTION('',(1.,0.,0.));
#9433=DIRECTION('',(0.,-1.,0.));
#9434=DIRECTION('',(0.,0.,1.));
#9435=DIRECTION('',(1.,0.,0.));
#9436=DIRECTION('',(1.,0.,0.));
#9437=DIRECTION('',(0.,0.,1.));
#9438=DIRECTION('',(1.,0.,0.));
#9439=DIRECTION('',(0.,-1.,0.));
#9440=DIRECTION('',(0.,0.,1.));
#9441=DIRECTION('',(1.,0.,0.));
#9442=DIRECTION('',(1.,0.,0.));
#9443=DIRECTION('',(0.,0.,-1.));
#9444=DIRECTION('',(1.,0.,0.));
#9445=DIRECTION('',(0.,-1.,0.));
#9446=DIRECTION('',(1.,0.,0.));
#9447=DIRECTION('',(0.,0.,-1.));
#9448=DIRECTION('',(0.,0.,-1.));
#9449=DIRECTION('',(1.,0.,0.));
#9450=DIRECTION('',(0.,1.,0.));
#9451=DIRECTION('',(0.,0.,1.));
#9452=DIRECTION('',(0.,-1.,0.));
#9453=DIRECTION('',(0.,0.,1.));
#9454=DIRECTION('',(1.,0.,0.));
#9455=DIRECTION('',(0.,0.,-1.));
#9456=DIRECTION('',(0.,0.371390676354104,0.928476690885259));
#9457=DIRECTION('',(0.,0.,-1.));
#9458=DIRECTION('',(0.,-1.,0.));
#9459=DIRECTION('',(0.,0.,-1.));
#9460=DIRECTION('',(-1.,0.,0.));
#9461=DIRECTION('',(0.,0.,1.));
#9462=DIRECTION('',(0.,0.707106781186548,-0.707106781186548));
#9463=DIRECTION('',(-1.,0.,0.));
#9464=DIRECTION('',(0.,0.,1.));
#9465=DIRECTION('',(0.,1.,-4.33680868994202E-16));
#9466=DIRECTION('',(0.,-0.707106781186548,-0.707106781186547));
#9467=DIRECTION('',(0.,0.,-1.));
#9468=DIRECTION('',(0.,1.,0.));
#9469=DIRECTION('',(0.,0.,-1.));
#9470=DIRECTION('',(0.,-0.371390676354103,0.92847669088526));
#9471=DIRECTION('',(1.,0.,0.));
#9472=DIRECTION('',(0.,0.,-1.));
#9473=DIRECTION('',(0.,0.,-1.));
#9474=DIRECTION('',(0.,0.,1.));
#9475=DIRECTION('',(1.,0.,0.));
#9476=DIRECTION('',(0.,0.,1.));
#9477=DIRECTION('',(0.,0.,1.));
#9478=DIRECTION('',(0.,0.,1.));
#9479=DIRECTION('',(0.,0.,-1.));
#9480=DIRECTION('',(-1.,0.,0.));
#9481=DIRECTION('',(0.,0.,1.));
#9482=DIRECTION('',(0.,0.,-1.));
#9483=DIRECTION('',(0.,0.,-1.));
#9484=DIRECTION('',(-1.,0.,0.));
#9485=DIRECTION('',(0.,0.,1.));
#9486=DIRECTION('',(0.,0.,-1.));
#9487=DIRECTION('',(0.,1.,0.));
#9488=DIRECTION('',(0.,0.,1.));
#9489=DIRECTION('',(1.,0.,0.));
#9490=DIRECTION('',(-1.92747052886312E-16,0.,1.));
#9491=DIRECTION('',(1.,0.,0.));
#9492=DIRECTION('',(0.,0.,-1.));
#9493=DIRECTION('',(0.,0.,-1.));
#9494=DIRECTION('',(0.,0.,1.));
#9495=DIRECTION('',(1.,0.,0.));
#9496=DIRECTION('',(1.,2.77555756156289E-16,0.));
#9497=DIRECTION('',(0.,0.,1.));
#9498=DIRECTION('',(1.,0.,0.));
#9499=DIRECTION('',(0.,0.,1.));
#9500=DIRECTION('',(1.,0.,0.));
#9501=DIRECTION('',(0.,1.,0.));
#9502=DIRECTION('',(0.,0.,1.));
#9503=DIRECTION('',(0.,1.,0.));
#9504=DIRECTION('',(-1.,0.,0.));
#9505=DIRECTION('',(0.,1.,0.));
#9506=DIRECTION('',(-1.,0.,0.));
#9507=DIRECTION('',(0.,-1.,0.));
#9508=DIRECTION('',(-1.,0.,-2.16840434497101E-16));
#9509=DIRECTION('',(0.,-1.,0.));
#9510=DIRECTION('',(-1.,0.,0.));
#9511=DIRECTION('',(0.,0.,1.));
#9512=DIRECTION('',(1.,0.,0.));
#9513=DIRECTION('',(-1.,0.,0.));
#9514=DIRECTION('',(0.,0.,1.));
#9515=DIRECTION('',(1.,0.,0.));
#9516=DIRECTION('',(1.,0.,0.));
#9517=DIRECTION('',(0.,-1.,0.));
#9518=DIRECTION('',(0.,-1.,0.));
#9519=DIRECTION('',(-1.,0.,0.));
#9520=DIRECTION('',(0.,1.,0.));
#9521=DIRECTION('',(1.,0.,0.));
#9522=DIRECTION('',(0.,0.,1.));
#9523=DIRECTION('',(-1.3695185336659E-16,1.,0.));
#9524=DIRECTION('',(-1.,0.,0.));
#9525=DIRECTION('',(0.,1.,0.));
#9526=DIRECTION('',(0.,1.,0.));
#9527=DIRECTION('',(0.,0.,1.));
#9528=DIRECTION('',(0.,0.,-1.));
#9529=DIRECTION('',(0.,1.,0.));
#9530=DIRECTION('',(-5.29132160734552E-17,0.,-1.));
#9531=DIRECTION('',(0.,0.,1.));
#9532=DIRECTION('',(0.,0.932798134405597,0.360399279202163));
#9533=DIRECTION('',(0.,-0.360399279202163,0.932798134405597));
#9534=DIRECTION('',(0.,-0.360399279202163,0.932798134405597));
#9535=DIRECTION('',(0.,0.360399279202163,-0.932798134405597));
#9536=DIRECTION('',(1.,0.,0.));
#9537=DIRECTION('',(0.,0.,1.));
#9538=DIRECTION('',(1.,0.,0.));
#9539=DIRECTION('',(0.,0.,-1.));
#9540=DIRECTION('',(-1.,0.,0.));
#9541=DIRECTION('',(0.,0.,1.));
#9542=DIRECTION('',(1.,0.,0.));
#9543=DIRECTION('',(0.,0.,-1.));
#9544=DIRECTION('',(1.,0.,0.));
#9545=DIRECTION('',(1.,0.,0.));
#9546=DIRECTION('',(1.,0.,0.));
#9547=DIRECTION('',(0.,0.,-1.));
#9548=DIRECTION('',(1.,0.,0.));
#9549=DIRECTION('',(0.,1.,0.));
#9550=DIRECTION('',(0.,0.707106781186547,-0.707106781186548));
#9551=DIRECTION('',(0.,1.,0.));
#9552=DIRECTION('',(0.,0.445178750395652,0.89544172350643));
#9553=DIRECTION('',(1.,0.,0.));
#9554=DIRECTION('',(0.,1.,0.));
#9555=DIRECTION('',(0.,-0.707106781186547,0.707106781186548));
#9556=DIRECTION('',(0.,-0.806854670758608,-0.590749981189181));
#9557=DIRECTION('',(1.,0.,0.));
#9558=DIRECTION('',(0.,0.,-1.));
#9559=DIRECTION('',(0.,0.,-1.));
#9560=DIRECTION('',(0.,0.573462344363328,-0.819231920519041));
#9561=DIRECTION('',(0.,-1.,0.));
#9562=DIRECTION('',(-0.473002097525826,0.551226036833326,0.687327339812111));
#9563=DIRECTION('',(0.554688439670544,0.792412056672207,-0.253779170414715));
#9564=DIRECTION('',(0.589090662246764,-0.382236810614982,0.711946073986335));
#9565=DIRECTION('',(0.554688439670544,0.792412056672207,-0.253779170414715));
#9566=DIRECTION('',(-0.823781909070809,0.,-0.566906840925079));
#9567=DIRECTION('',(0.,1.,0.));
#9568=DIRECTION('',(0.,0.,1.));
#9569=DIRECTION('',(1.,0.,0.));
#9570=DIRECTION('',(0.,0.,1.));
#9571=DIRECTION('',(1.,0.,0.));
#9572=DIRECTION('',(0.811412698213531,0.,0.584473637709896));
#9573=DIRECTION('',(0.,0.,1.));
#9574=DIRECTION('',(0.,0.,1.));
#9575=DIRECTION('',(0.,0.,1.));
#9576=DIRECTION('',(0.,0.,1.));
#9577=DIRECTION('',(0.823781909070809,0.,-0.566906840925079));
#9578=DIRECTION('',(-0.811412698213531,0.,0.584473637709896));
#9579=DIRECTION('',(1.,0.,0.));
#9580=DIRECTION('',(0.,0.,1.));
#9581=DIRECTION('',(1.,0.,0.));
#9582=DIRECTION('',(0.,0.,-1.));
#9583=DIRECTION('',(1.,0.,0.));
#9584=DIRECTION('',(1.,0.,0.));
#9585=DIRECTION('',(1.,0.,0.));
#9586=DIRECTION('',(0.,0.,-1.));
#9587=DIRECTION('',(0.,1.,0.));
#9588=DIRECTION('',(-1.,0.,0.));
#9589=DIRECTION('',(0.,0.,1.));
#9590=DIRECTION('',(-1.,0.,0.));
#9591=DIRECTION('',(0.,0.,-1.));
#9592=DIRECTION('',(1.,0.,0.));
#9593=DIRECTION('',(1.,0.,0.));
#9594=DIRECTION('',(0.,0.,-1.));
#9595=DIRECTION('',(-0.78086880944303,-0.624695047554424,0.));
#9596=DIRECTION('',(-0.624695047554424,0.78086880944303,0.));
#9597=DIRECTION('',(1.,0.,0.));
#9598=DIRECTION('',(0.,0.,-1.));
#9599=DIRECTION('',(0.,-1.,0.));
#9600=DIRECTION('',(1.,0.,0.));
#9601=DIRECTION('',(0.,-1.,0.));
#9602=DIRECTION('',(0.,0.,-1.));
#9603=DIRECTION('',(0.,0.,1.));
#9604=DIRECTION('',(0.,0.,1.));
#9605=DIRECTION('',(1.,0.,0.));
#9606=DIRECTION('',(0.,1.,0.));
#9607=DIRECTION('',(0.,0.,-1.));
#9608=DIRECTION('',(1.,0.,0.));
#9609=DIRECTION('',(0.,0.,-1.));
#9610=DIRECTION('',(0.,-0.806854670758608,-0.590749981189181));
#9611=DIRECTION('',(0.,-0.707106781186547,0.707106781186548));
#9612=DIRECTION('',(0.,-1.,0.));
#9613=DIRECTION('',(0.,0.573462344363328,-0.819231920519041));
#9614=DIRECTION('',(0.,-1.,0.));
#9615=DIRECTION('',(0.,0.,-1.));
#9616=DIRECTION('',(0.,-1.,0.));
#9617=DIRECTION('',(0.,0.819231920519041,0.573462344363328));
#9618=DIRECTION('',(0.,-0.573462344363328,0.819231920519041));
#9619=DIRECTION('',(0.,-0.923879532511287,0.38268343236509));
#9620=DIRECTION('',(0.,-0.38268343236509,-0.923879532511287));
#9621=DIRECTION('',(0.,-1.,0.));
#9622=DIRECTION('',(0.,-0.923879532511287,0.38268343236509));
#9623=DIRECTION('',(0.,-0.38268343236509,-0.923879532511287));
#9624=DIRECTION('',(0.,-0.707106781186547,0.707106781186548));
#9625=DIRECTION('',(0.,-0.707106781186548,-0.707106781186547));
#9626=DIRECTION('',(0.,0.,1.));
#9627=DIRECTION('',(0.,-1.,0.));
#9628=DIRECTION('',(0.,0.707106781186547,-0.707106781186548));
#9629=DIRECTION('',(0.,-0.89544172350643,0.445178750395652));
#9630=DIRECTION('',(0.,0.445178750395652,0.89544172350643));
#9631=DIRECTION('',(0.,0.707106781186547,-0.707106781186548));
#9632=DIRECTION('',(1.,0.,0.));
#9633=DIRECTION('',(0.,1.,0.));
#9634=DIRECTION('',(0.,-0.707106781186547,0.707106781186548));
#9635=DIRECTION('',(0.,-0.806854670758608,-0.590749981189181));
#9636=DIRECTION('',(0.,0.,1.));
#9637=DIRECTION('',(0.,1.,0.));
#9638=DIRECTION('',(0.,0.,1.));
#9639=DIRECTION('',(1.,0.,0.));
#9640=DIRECTION('',(0.,1.,0.));
#9641=DIRECTION('',(0.,1.,0.));
#9642=DIRECTION('',(0.,0.445178750395652,0.89544172350643));
#9643=DIRECTION('',(1.,0.,0.));
#9644=DIRECTION('',(0.,0.,-1.));
#9645=DIRECTION('',(0.832050294337843,0.55470019622523,0.));
#9646=DIRECTION('',(0.55470019622523,-0.832050294337843,0.));
#9647=DIRECTION('',(1.,0.,0.));
#9648=DIRECTION('',(1.,0.,0.));
#9649=DIRECTION('',(0.,0.,-1.));
#9650=DIRECTION('',(1.,0.,0.));
#9651=DIRECTION('',(0.,1.,0.));
#9652=DIRECTION('',(0.,0.590749981189181,-0.806854670758608));
#9653=DIRECTION('',(0.,0.806854670758608,0.590749981189181));
#9654=DIRECTION('',(0.,0.590749981189181,-0.806854670758608));
#9655=DIRECTION('',(0.,-0.806854670758608,-0.590749981189181));
#9656=DIRECTION('',(1.,0.,0.));
#9657=DIRECTION('',(0.,-0.806854670758608,-0.590749981189181));
#9658=DIRECTION('',(0.,0.590749981189181,-0.806854670758608));
#9659=DIRECTION('',(0.,-0.806854670758608,-0.590749981189181));
#9660=DIRECTION('',(-1.,0.,0.));
#9661=DIRECTION('',(0.,0.806854670758608,0.590749981189181));
#9662=DIRECTION('',(-1.,0.,0.));
#9663=DIRECTION('',(0.,0.806854670758608,0.590749981189181));
#9664=DIRECTION('',(-1.,0.,0.));
#9665=DIRECTION('',(1.,0.,0.));
#9666=DIRECTION('',(0.,0.,-1.));
#9667=DIRECTION('',(1.,0.,0.));
#9668=DIRECTION('',(-1.,0.,0.));
#9669=DIRECTION('',(0.,0.,1.));
#9670=DIRECTION('',(0.,-0.92070037621483,-0.390270184920487));
#9671=DIRECTION('',(0.,0.390270184920487,-0.92070037621483));
#9672=DIRECTION('',(1.,0.,0.));
#9673=DIRECTION('',(0.,0.390270184920487,-0.92070037621483));
#9674=DIRECTION('',(0.,-0.92070037621483,-0.390270184920487));
#9675=DIRECTION('',(0.,-0.390270184920487,0.92070037621483));
#9676=DIRECTION('',(0.,-0.590749981189181,0.806854670758608));
#9677=DIRECTION('',(0.,-0.806854670758608,-0.590749981189181));
#9678=DIRECTION('',(0.,-0.806854670758608,-0.590749981189181));
#9679=DIRECTION('',(-1.,0.,0.));
#9680=DIRECTION('',(0.,-0.590749981189181,0.806854670758608));
#9681=DIRECTION('',(0.,-0.806854670758608,-0.590749981189181));
#9682=DIRECTION('',(1.,0.,0.));
#9683=DIRECTION('',(0.,0.806854670758608,0.590749981189181));
#9684=DIRECTION('',(-1.,-5.92327458161301E-16,-4.33680868994202E-16));
#9685=DIRECTION('',(0.,-0.806854670758608,-0.590749981189181));
#9686=DIRECTION('',(0.,-0.590749981189181,0.806854670758608));
#9687=DIRECTION('',(0.,0.806854670758608,0.590749981189181));
#9688=DIRECTION('',(-1.,-1.3695185336659E-16,0.));
#9689=DIRECTION('',(1.3695185336659E-16,-1.,0.));
#9690=DIRECTION('',(-1.28232016229296E-16,0.936329177569045,-0.351123441588391));
#9691=DIRECTION('',(1.3695185336659E-16,-1.,0.));
#9692=DIRECTION('',(0.,0.,1.));
#9693=DIRECTION('',(-1.,-1.3695185336659E-16,0.));
#9694=DIRECTION('',(1.3695185336659E-16,-1.,0.));
#9695=DIRECTION('',(0.,0.,-1.));
#9696=DIRECTION('',(-7.85367308965074E-17,0.573462344363328,0.819231920519041));
#9697=DIRECTION('',(-1.3695185336659E-16,1.,0.));
#9698=DIRECTION('',(7.85367308965074E-17,-0.573462344363328,0.819231920519041));
#9699=DIRECTION('',(0.,0.,-1.));
#9700=DIRECTION('',(7.85367308965074E-17,-0.573462344363328,-0.819231920519041));
#9701=DIRECTION('',(-1.3695185336659E-16,1.,0.));
#9702=DIRECTION('',(0.,0.445178750395652,0.89544172350643));
#9703=DIRECTION('',(-1.,-1.3695185336659E-16,0.));
#9704=DIRECTION('',(1.3695185336659E-16,-1.,0.));
#9705=DIRECTION('',(1.3269601303208E-17,-0.0968924551001747,0.995294856886471));
#9706=DIRECTION('',(-1.,-1.3695185336659E-16,0.));
#9707=DIRECTION('',(1.3695185336659E-16,-1.,0.));
#9708=DIRECTION('',(-1.30426343578593E-16,0.952351796433673,-0.305001730863213));
#9709=DIRECTION('',(0.614651986037217,0.287881111397445,0.73438913510555));
#9710=DIRECTION('',(0.0813595351468854,-0.94919457671366,0.303990594555258));
#9711=DIRECTION('',(-0.266213572450179,-0.800690022252581,0.536680372389818));
#9712=DIRECTION('',(-0.0813595351468854,0.94919457671366,-0.303990594555258));
#9713=DIRECTION('',(0.0813595351468853,-0.94919457671366,0.303990594555258));
#9714=DIRECTION('',(0.819231920519041,-0.573462344363328,0.));
#9715=DIRECTION('',(0.573462344363328,0.819231920519041,0.));
#9716=DIRECTION('',(-0.561960274668243,-0.802800392383204,0.199279150149146));
#9717=DIRECTION('',(-0.996346649041751,-0.085401141346436,0.));
#9718=DIRECTION('',(0.0854011413464361,-0.996346649041751,0.));
#9719=DIRECTION('',(0.,0.,1.));
#9720=DIRECTION('',(0.,0.305001730863213,0.952351796433673));
#9721=DIRECTION('',(0.,-0.952351796433673,0.305001730863213));
#9722=DIRECTION('',(-1.,0.,0.));
#9723=DIRECTION('',(0.49612748830637,0.826879147177283,-0.264817656719077));
#9724=DIRECTION('',(-1.,0.,0.));
#9725=DIRECTION('',(1.,0.,0.));
#9726=DIRECTION('',(1.,0.,0.));
#9727=DIRECTION('',(0.,0.,-1.));
#9728=DIRECTION('',(1.,0.,0.));
#9729=DIRECTION('',(0.,0.,-1.));
#9730=DIRECTION('',(0.832050294337843,0.55470019622523,0.));
#9731=DIRECTION('',(-0.55470019622523,0.832050294337843,0.));
#9732=DIRECTION('',(0.,0.,1.));
#9733=DIRECTION('',(0.,-0.89544172350643,0.445178750395652));
#9734=DIRECTION('',(0.,-0.445178750395652,-0.89544172350643));
#9735=DIRECTION('',(-1.,0.,0.));
#9736=DIRECTION('',(0.,-0.445178750395652,-0.89544172350643));
#9737=DIRECTION('',(1.,0.,0.));
#9738=DIRECTION('',(1.,0.,0.));
#9739=DIRECTION('',(-1.,-1.3695185336659E-16,0.));
#9740=DIRECTION('',(1.3695185336659E-16,-1.,0.));
#9741=DIRECTION('',(0.,0.,1.));
#9742=DIRECTION('',(1.3695185336659E-16,-1.,0.));
#9743=DIRECTION('',(1.28232016229296E-16,-0.936329177569045,0.351123441588391));
#9744=DIRECTION('',(-1.30426343578593E-16,0.952351796433673,-0.305001730863213));
#9745=DIRECTION('',(-1.,-1.3695185336659E-16,0.));
#9746=DIRECTION('',(1.3695185336659E-16,-1.,0.));
#9747=DIRECTION('',(1.3269601303208E-17,-0.0968924551001747,0.995294856886471));
#9748=DIRECTION('',(-1.,-1.3695185336659E-16,0.));
#9749=DIRECTION('',(1.3695185336659E-16,-1.,0.));
#9750=DIRECTION('',(0.,0.445178750395652,0.89544172350643));
#9751=DIRECTION('',(1.3695185336659E-16,1.,0.));
#9752=DIRECTION('',(-7.85367308965074E-17,-0.573462344363328,-0.819231920519041));
#9753=DIRECTION('',(0.,0.,-1.));
#9754=DIRECTION('',(-7.85367308965074E-17,-0.573462344363328,0.819231920519041));
#9755=DIRECTION('',(1.3695185336659E-16,1.,0.));
#9756=DIRECTION('',(7.85367308965074E-17,0.573462344363328,0.819231920519041));
#9757=DIRECTION('',(0.,0.,-1.));
#9758=DIRECTION('',(-1.,-1.3695185336659E-16,0.));
#9759=DIRECTION('',(1.3695185336659E-16,-1.,0.));
#9760=DIRECTION('',(-0.857492925712544,-0.514495755427526,0.));
#9761=DIRECTION('',(0.514495755427526,-0.857492925712544,0.));
#9762=DIRECTION('',(0.49612748830637,-0.826879147177283,0.264817656719077));
#9763=DIRECTION('',(0.,0.305001730863213,0.952351796433673));
#9764=DIRECTION('',(0.,-0.952351796433673,0.305001730863213));
#9765=DIRECTION('',(-0.49612748830637,0.826879147177283,-0.264817656719077));
#9766=DIRECTION('',(-1.,0.,0.));
#9767=DIRECTION('',(0.0813595351468854,0.94919457671366,-0.303990594555258));
#9768=DIRECTION('',(1.,0.,0.));
#9769=DIRECTION('',(0.498845565119087,0.521100365335093,0.692537010858374));
#9770=DIRECTION('',(0.496127488306369,-0.826879147177283,0.264817656719077));
#9771=DIRECTION('',(0.0943456877528358,-0.826960169457399,0.554288525348879));
#9772=DIRECTION('',(-0.589090662246764,-0.382236810614981,0.711946073986335));
#9773=DIRECTION('',(0.561960274668243,-0.802800392383204,0.199279150149146));
#9774=DIRECTION('',(0.,0.89544172350643,-0.445178750395652));
#9775=DIRECTION('',(0.,0.445178750395652,0.89544172350643));
#9776=DIRECTION('',(-1.,0.,0.));
#9777=DIRECTION('',(-1.,0.,0.));
#9778=DIRECTION('',(0.,-0.445178750395652,-0.89544172350643));
#9779=DIRECTION('',(1.,0.,0.));
#9780=DIRECTION('',(0.,0.89544172350643,-0.445178750395652));
#9781=DIRECTION('',(0.,0.445178750395652,0.89544172350643));
#9782=DIRECTION('',(1.,0.,0.));
#9783=DIRECTION('',(0.,1.,0.));
#9784=DIRECTION('',(0.,0.,-1.));
#9785=DIRECTION('',(1.,0.,0.));
#9786=DIRECTION('',(0.,0.,-1.));
#9787=DIRECTION('',(1.,0.,0.));
#9788=DIRECTION('',(0.,0.,-1.));
#9789=DIRECTION('',(0.,0.,1.));
#9790=DIRECTION('',(0.,0.360399279202163,-0.932798134405597));
#9791=DIRECTION('',(0.,1.,0.));
#9792=DIRECTION('',(0.,0.,1.));
#9793=DIRECTION('',(0.,0.,1.));
#9794=DIRECTION('',(-1.,0.,0.));
#9795=DIRECTION('',(0.,0.,1.));
#9796=DIRECTION('',(1.,0.,0.));
#9797=DIRECTION('',(0.,0.,-1.));
#9798=DIRECTION('',(0.832050294337843,-0.55470019622523,0.));
#9799=DIRECTION('',(-0.55470019622523,-0.832050294337843,0.));
#9800=DIRECTION('',(-1.,0.,0.));
#9801=DIRECTION('',(1.,0.,0.));
#9802=DIRECTION('',(0.,0.,-1.));
#9803=DIRECTION('',(0.,1.,0.));
#9804=DIRECTION('',(-1.,0.,0.));
#9805=DIRECTION('',(1.,0.,0.));
#9806=DIRECTION('',(1.,0.,0.));
#9807=DIRECTION('',(0.,0.,-1.));
#9808=DIRECTION('',(1.,0.,0.));
#9809=DIRECTION('',(1.,0.,0.));
#9810=DIRECTION('',(0.,0.,-1.));
#9811=DIRECTION('',(1.,0.,0.));
#9812=DIRECTION('',(0.,-1.,0.));
#9813=DIRECTION('',(1.,0.,0.));
#9814=DIRECTION('',(0.,-1.,0.));
#9815=DIRECTION('',(0.,0.,-1.));
#9816=DIRECTION('',(0.,0.,1.));
#9817=DIRECTION('',(0.876215908676647,-0.481918749772156,0.));
#9818=DIRECTION('',(0.481918749772156,0.876215908676647,0.));
#9819=DIRECTION('',(0.,0.,1.));
#9820=DIRECTION('',(0.,0.,1.));
#9821=DIRECTION('',(1.,0.,0.));
#9822=DIRECTION('',(0.,0.,-1.));
#9823=DIRECTION('',(-1.,0.,0.));
#9824=DIRECTION('',(0.,0.,1.));
#9825=DIRECTION('',(0.,0.,1.));
#9826=DIRECTION('',(0.,0.,1.));
#9827=DIRECTION('',(-0.98058067569092,-0.196116135138184,0.));
#9828=DIRECTION('',(0.196116135138184,-0.98058067569092,0.));
#9829=DIRECTION('',(0.,0.,1.));
#9830=DIRECTION('',(0.98058067569092,-0.196116135138184,0.));
#9831=DIRECTION('',(0.196116135138184,0.98058067569092,0.));
#9832=DIRECTION('',(0.,0.,1.));
#9833=DIRECTION('',(0.,0.,1.));
#9834=DIRECTION('',(1.,0.,0.));
#9835=DIRECTION('',(0.,0.,-1.));
#9836=DIRECTION('',(0.,0.,1.));
#9837=DIRECTION('',(0.876215908676647,0.481918749772156,0.));
#9838=DIRECTION('',(-0.481918749772156,0.876215908676647,0.));
#9839=DIRECTION('',(0.,0.,1.));
#9840=DIRECTION('',(1.,0.,0.));
#9841=DIRECTION('',(0.,0.,-1.));
#9842=DIRECTION('',(1.,0.,0.));
#9843=DIRECTION('',(0.,0.,-1.));
#9844=DIRECTION('',(0.,0.,1.));
#9845=DIRECTION('',(-0.98058067569092,-0.196116135138184,0.));
#9846=DIRECTION('',(0.196116135138184,-0.98058067569092,0.));
#9847=DIRECTION('',(0.,0.,1.));
#9848=DIRECTION('',(0.98058067569092,-0.196116135138184,0.));
#9849=DIRECTION('',(0.196116135138184,0.98058067569092,0.));
#9850=DIRECTION('',(0.,0.,1.));
#9851=DIRECTION('',(1.,0.,0.));
#9852=DIRECTION('',(0.,0.,-1.));
#9853=DIRECTION('',(-1.,-1.3695185336659E-16,0.));
#9854=DIRECTION('',(1.3695185336659E-16,-1.,0.));
#9855=DIRECTION('',(4.93573492387193E-17,-0.360399279202163,0.932798134405597));
#9856=DIRECTION('',(0.,0.92070037621483,0.390270184920487));
#9857=DIRECTION('',(0.,-0.390270184920487,0.92070037621483));
#9858=DIRECTION('',(-1.,0.,0.));
#9859=DIRECTION('',(0.,-0.390270184920487,0.92070037621483));
#9860=DIRECTION('',(0.,0.92070037621483,0.390270184920487));
#9861=DIRECTION('',(0.,0.390270184920487,-0.92070037621483));
#9862=DIRECTION('',(-1.,0.,0.));
#9863=DIRECTION('',(0.,0.,1.));
#9864=DIRECTION('',(-1.,0.,0.));
#9865=DIRECTION('',(0.,0.,1.));
#9866=DIRECTION('',(0.,-0.932798134405597,-0.360399279202163));
#9867=DIRECTION('',(0.,0.360399279202163,-0.932798134405597));
#9868=DIRECTION('',(4.93573492387193E-17,-0.360399279202163,0.932798134405597));
#9869=DIRECTION('',(0.,0.,1.));
#9870=DIRECTION('',(1.,0.,0.));
#9871=DIRECTION('',(-1.,0.,0.));
#9872=DIRECTION('',(0.,0.,1.));
#9873=DIRECTION('',(1.,0.,0.));
#9874=DIRECTION('',(0.,0.,1.));
#9875=DIRECTION('',(1.,0.,0.));
#9876=DIRECTION('',(0.,0.,1.));
#9877=DIRECTION('',(1.,0.,0.));
#9878=DIRECTION('',(0.,0.995294856886471,0.0968924551001747));
#9879=DIRECTION('',(1.,0.,0.));
#9880=DIRECTION('',(-1.,0.,0.));
#9881=DIRECTION('',(0.,-0.0968924551001747,0.995294856886471));
#9882=DIRECTION('',(1.,0.,0.));
#9883=DIRECTION('',(0.,-0.995294856886471,-0.0968924551001747));
#9884=DIRECTION('',(1.,0.,0.));
#9885=DIRECTION('',(1.,0.,0.));
#9886=DIRECTION('',(0.,-0.0968924551001747,0.995294856886471));
#9887=DIRECTION('',(-1.,0.,0.));
#9888=DIRECTION('',(1.,0.,0.));
#9889=DIRECTION('',(0.,0.,-1.));
#9890=DIRECTION('',(1.,0.,0.));
#9891=DIRECTION('',(0.,0.,-1.));
#9892=DIRECTION('',(-1.,0.,0.));
#9893=DIRECTION('',(0.,0.,1.));
#9894=DIRECTION('',(1.,0.,0.));
#9895=DIRECTION('',(0.,0.,-1.));
#9896=DIRECTION('',(-1.,0.,0.));
#9897=DIRECTION('',(0.,0.,1.));
#9898=DIRECTION('',(1.,0.,0.));
#9899=DIRECTION('',(0.,0.,-1.));
#9900=DIRECTION('',(-1.,0.,0.));
#9901=DIRECTION('',(0.,0.,1.));
#9902=DIRECTION('',(1.,0.,0.));
#9903=DIRECTION('',(0.,0.,-1.));
#9904=DIRECTION('',(-1.,0.,0.));
#9905=DIRECTION('',(0.,0.,1.));
#9906=DIRECTION('',(0.,0.,1.));
#9907=DIRECTION('',(0.,-1.,0.));
#9908=DIRECTION('',(-1.,0.,0.));
#9909=DIRECTION('',(0.,0.,1.));
#9910=DIRECTION('',(0.,0.,-1.));
#9911=DIRECTION('',(0.,-1.,0.));
#9912=DIRECTION('',(0.,0.,1.));
#9913=DIRECTION('',(0.,-1.,0.));
#9914=DIRECTION('',(1.,0.,0.));
#9915=DIRECTION('',(0.,0.,1.));
#9916=DIRECTION('',(1.,0.,0.));
#9917=DIRECTION('',(0.,0.,-1.));
#9918=DIRECTION('',(-0.55470019622523,0.,0.832050294337843));
#9919=DIRECTION('',(-1.,0.,0.));
#9920=DIRECTION('',(0.,0.,1.));
#9921=DIRECTION('',(-1.,0.,0.));
#9922=DIRECTION('',(1.,0.,0.));
#9923=DIRECTION('',(0.,0.,-1.));
#9924=DIRECTION('',(1.,0.,0.));
#9925=DIRECTION('',(0.,0.,-1.));
#9926=DIRECTION('',(-1.,0.,0.));
#9927=DIRECTION('',(-1.,0.,0.));
#9928=DIRECTION('',(-1.,0.,0.));
#9929=DIRECTION('',(0.,1.,0.));
#9930=DIRECTION('',(0.,-0.707106781186548,-0.707106781186547));
#9931=DIRECTION('',(0.,0.707106781186547,-0.707106781186548));
#9932=DIRECTION('',(0.,-0.707106781186547,0.707106781186548));
#9933=DIRECTION('',(0.,0.707106781186547,-0.707106781186548));
#9934=DIRECTION('',(0.,0.707106781186548,0.707106781186547));
#9935=DIRECTION('',(0.,-0.707106781186547,0.707106781186548));
#9936=DIRECTION('',(0.,0.707106781186547,-0.707106781186548));
#9937=DIRECTION('',(1.,0.,0.));
#9938=DIRECTION('',(0.,1.,0.));
#9939=DIRECTION('',(0.,-0.707106781186547,0.707106781186548));
#9940=DIRECTION('',(0.,-1.,0.));
#9941=DIRECTION('',(1.,0.,0.));
#9942=DIRECTION('',(0.,0.,-1.));
#9943=DIRECTION('',(0.,-0.0968924551001747,0.995294856886471));
#9944=DIRECTION('',(1.,0.,0.));
#9945=DIRECTION('',(0.,0.,-1.));
#9946=DIRECTION('',(0.,0.445178750395652,0.89544172350643));
#9947=DIRECTION('',(1.,0.,0.));
#9948=DIRECTION('',(0.,0.,-1.));
#9949=DIRECTION('',(-0.55470019622523,0.828135378625329,0.0806193957852166));
#9950=DIRECTION('',(-0.832050294337843,-0.552090252416889,-0.0537462638568113));
#9951=DIRECTION('',(0.,-0.0968924551001747,0.995294856886471));
#9952=DIRECTION('',(-0.554700196225231,0.828135378625329,0.0806193957852165));
#9953=DIRECTION('',(1.,0.,0.));
#9954=DIRECTION('',(0.,0.,-1.));
#9955=DIRECTION('',(-0.554700196225229,0.745052549605911,-0.370411110299656));
#9956=DIRECTION('',(0.832050294337843,0.496701699737275,-0.246940740199771));
#9957=DIRECTION('',(0.,-0.445178750395652,-0.89544172350643));
#9958=DIRECTION('',(-0.476014050456891,0.867921186670039,0.141857102384389));
#9959=DIRECTION('',(-0.832050294337843,-0.392232270276368,-0.392232270276368));
#9960=DIRECTION('',(0.,0.707106781186547,-0.707106781186548));
#9961=DIRECTION('',(-0.524427835967411,0.325837683215511,0.786641753951115));
#9962=DIRECTION('',(0.832050294337843,0.,0.55470019622523));
#9963=DIRECTION('',(0.,1.,0.));
#9964=DIRECTION('',(-0.524427835967411,0.32583768321551,0.786641753951115));
#9965=DIRECTION('',(0.,-1.,0.));
#9966=DIRECTION('',(0.832050294337843,0.392232270276369,0.392232270276368));
#9967=DIRECTION('',(0.,0.707106781186547,-0.707106781186548));
#9968=DIRECTION('',(0.451592309217088,-0.0683710378336595,-0.889600914703625));
#9969=DIRECTION('',(0.426401432711222,-0.90453403373329,0.));
#9970=DIRECTION('',(0.832050294337843,-0.327689130485689,0.447562444195043));
#9971=DIRECTION('',(0.,0.806854670758608,0.590749981189181));
#9972=DIRECTION('',(-0.366439080618608,-0.930442045586607,0.));
#9973=DIRECTION('',(0.,-0.707106781186547,0.707106781186548));
#9974=DIRECTION('',(0.,-0.707106781186548,-0.707106781186547));
#9975=DIRECTION('',(0.,-1.,0.));
#9976=DIRECTION('',(0.,0.,-1.));
#9977=DIRECTION('',(-1.,0.,0.));
#9978=DIRECTION('',(1.,0.,0.));
#9979=DIRECTION('',(0.,0.,-1.));
#9980=DIRECTION('',(0.,0.,-1.));
#9981=DIRECTION('',(-1.,0.,0.));
#9982=DIRECTION('',(-1.,0.,0.));
#9983=DIRECTION('',(1.,0.,0.));
#9984=DIRECTION('',(0.,1.,0.));
#9985=DIRECTION('',(0.,-1.,0.));
#9986=DIRECTION('',(0.,0.,-1.));
#9987=DIRECTION('',(1.,0.,0.));
#9988=DIRECTION('',(0.,0.,1.));
#9989=DIRECTION('',(-1.,0.,0.));
#9990=DIRECTION('',(0.,0.,-1.));
#9991=DIRECTION('',(-1.,0.,0.));
#9992=DIRECTION('',(0.,-1.,0.));
#9993=DIRECTION('',(-1.,0.,0.));
#9994=DIRECTION('',(1.,0.,0.));
#9995=DIRECTION('',(1.,0.,0.));
#9996=DIRECTION('',(0.,1.,0.));
#9997=DIRECTION('',(0.,0.,-1.));
#9998=DIRECTION('',(0.,1.,0.));
#9999=DIRECTION('',(0.,0.,1.));
#10000=DIRECTION('',(0.,-1.,0.));
#10001=DIRECTION('',(0.,-0.819231920519041,-0.573462344363328));
#10002=DIRECTION('',(1.,0.,0.));
#10003=DIRECTION('',(2.77555756156289E-17,0.573462344363328,-0.819231920519041));
#10004=DIRECTION('',(0.760263948640732,0.532184764048512,0.372529334833958));
#10005=DIRECTION('',(-0.573462344363328,0.819231920519041,0.));
#10006=DIRECTION('',(-0.573462344363328,0.819231920519041,-1.56087533315051E-16));
#10007=DIRECTION('',(0.556890098923011,-0.23866718525272,-0.79555728417573));
#10008=DIRECTION('',(0.,-0.819231920519041,0.573462344363328));
#10009=DIRECTION('',(-1.,0.,0.));
#10010=DIRECTION('',(2.77555756156289E-17,-0.573462344363328,-0.819231920519041));
#10011=DIRECTION('',(0.819231920519041,0.,0.573462344363328));
#10012=DIRECTION('',(0.,-1.,0.));
#10013=DIRECTION('',(-0.556890098923011,-0.23866718525272,0.79555728417573));
#10014=DIRECTION('',(0.819231920519041,0.573462344363328,0.));
#10015=DIRECTION('',(0.,0.,1.));
#10016=DIRECTION('',(0.573462344363328,-0.819231920519041,-8.81014048659048E-16));
#10017=DIRECTION('',(0.,0.819231920519041,-0.573462344363328));
#10018=DIRECTION('',(-1.,0.,0.));
#10019=DIRECTION('',(-2.77555756156289E-17,0.573462344363328,0.819231920519041));
#10020=DIRECTION('',(0.760263948640732,-0.532184764048512,0.372529334833958));
#10021=DIRECTION('',(0.573462344363328,0.819231920519041,0.));
#10022=DIRECTION('',(-0.573462344363328,-0.819231920519041,-1.56087533315051E-16));
#10023=DIRECTION('',(0.760263948640732,0.532184764048513,-0.372529334833958));
#10024=DIRECTION('',(-0.573462344363329,0.81923192051904,0.));
#10025=DIRECTION('',(0.556890098923011,-0.23866718525272,0.79555728417573));
#10026=DIRECTION('',(-0.819231920519041,0.573462344363328,0.));
#10027=DIRECTION('',(0.,0.,-1.));
#10028=DIRECTION('',(0.573462344363328,0.819231920519041,-2.77555756156289E-17));
#10029=DIRECTION('',(-0.81923192051904,0.,0.573462344363329));
#10030=DIRECTION('',(0.,1.,0.));
#10031=DIRECTION('',(-0.556890098923011,-0.23866718525272,-0.79555728417573));
#10032=DIRECTION('',(0.760263948640732,-0.532184764048512,-0.372529334833959));
#10033=DIRECTION('',(0.573462344363328,0.819231920519041,0.));
#10034=DIRECTION('',(4.52600544566712E-17,-0.573462344363328,0.819231920519041));
#10035=DIRECTION('',(0.,0.819231920519041,0.573462344363328));
#10036=DIRECTION('',(-1.,0.,0.));
#10037=DIRECTION('',(-0.760263948640732,0.532184764048512,0.372529334833958));
#10038=DIRECTION('',(0.573462344363328,0.819231920519041,0.));
#10039=DIRECTION('',(0.573462344363328,0.819231920519041,-1.56087533315051E-16));
#10040=DIRECTION('',(-0.556890098923011,-0.23866718525272,-0.79555728417573));
#10041=DIRECTION('',(-2.77555756156289E-17,0.573462344363328,-0.819231920519041));
#10042=DIRECTION('',(-0.819231920519041,0.573462344363328,0.));
#10043=DIRECTION('',(0.,0.,1.));
#10044=DIRECTION('',(0.,0.,-1.));
#10045=DIRECTION('',(-0.573462344363328,-0.819231920519041,-8.81014048659048E-16));
#10046=DIRECTION('',(0.,0.,1.));
#10047=DIRECTION('',(-0.760263948640732,0.532184764048513,-0.372529334833958));
#10048=DIRECTION('',(0.573462344363329,0.81923192051904,0.));
#10049=DIRECTION('',(2.77555756156289E-17,0.573462344363328,0.819231920519041));
#10050=DIRECTION('',(-0.556890098923011,-0.23866718525272,0.79555728417573));
#10051=DIRECTION('',(-0.819231920519041,0.,0.573462344363328));
#10052=DIRECTION('',(0.,-1.,0.));
#10053=DIRECTION('',(0.,-1.,0.));
#10054=DIRECTION('',(0.556890098923011,-0.23866718525272,0.79555728417573));
#10055=DIRECTION('',(0.,1.,0.));
#10056=DIRECTION('',(-1.,0.,0.));
#10057=DIRECTION('',(0.,1.,0.));
#10058=DIRECTION('',(0.,0.,-1.));
#10059=DIRECTION('',(0.,1.,0.));
#10060=DIRECTION('',(-0.760263948640732,-0.532184764048512,0.372529334833958));
#10061=DIRECTION('',(-0.573462344363328,0.819231920519041,0.));
#10062=DIRECTION('',(0.573462344363328,-0.819231920519041,-1.56087533315051E-16));
#10063=DIRECTION('',(-2.77555756156289E-17,-0.573462344363328,-0.819231920519041));
#10064=DIRECTION('',(0.,0.,-1.));
#10065=DIRECTION('',(1.,0.,0.));
#10066=DIRECTION('',(1.,0.,0.));
#10067=DIRECTION('',(0.,1.,0.));
#10068=DIRECTION('',(1.,0.,0.));
#10069=DIRECTION('',(0.,-1.,0.));
#10070=DIRECTION('',(0.,-0.819231920519041,-0.573462344363328));
#10071=DIRECTION('',(-1.,0.,0.));
#10072=DIRECTION('',(1.,0.,0.));
#10073=DIRECTION('',(-1.,0.,0.));
#10074=DIRECTION('',(0.,-0.707106781186548,-0.707106781186547));
#10075=DIRECTION('',(0.,0.707106781186547,-0.707106781186548));
#10076=DIRECTION('',(0.,0.707106781186547,-0.707106781186548));
#10077=DIRECTION('',(0.,-0.707106781186547,0.707106781186548));
#10078=DIRECTION('',(0.,0.707106781186548,0.707106781186547));
#10079=DIRECTION('',(0.,-0.707106781186547,0.707106781186548));
#10080=DIRECTION('',(0.,0.707106781186547,-0.707106781186548));
#10081=DIRECTION('',(0.,0.707106781186547,-0.707106781186548));
#10082=DIRECTION('',(-0.832050294337843,0.392232270276369,0.392232270276368));
#10083=DIRECTION('',(0.,0.707106781186547,-0.707106781186548));
#10084=DIRECTION('',(0.524427835967411,0.32583768321551,0.786641753951115));
#10085=DIRECTION('',(-0.426401432711222,-0.90453403373329,0.));
#10086=DIRECTION('',(0.,-0.707106781186547,0.707106781186548));
#10087=DIRECTION('',(-0.451592309217088,-0.0683710378336595,-0.889600914703625));
#10088=DIRECTION('',(-1.,0.,0.));
#10089=DIRECTION('',(0.,1.,0.));
#10090=DIRECTION('',(0.,0.,1.));
#10091=DIRECTION('',(0.,1.,0.));
#10092=DIRECTION('',(0.,0.,1.));
#10093=DIRECTION('',(0.,-0.806854670758608,-0.590749981189181));
#10094=DIRECTION('',(-0.832050294337843,-0.327689130485689,0.447562444195043));
#10095=DIRECTION('',(0.,0.806854670758608,0.590749981189181));
#10096=DIRECTION('',(0.366439080618608,-0.930442045586607,0.));
#10097=DIRECTION('',(-0.760263948640732,-0.532184764048512,-0.372529334833959));
#10098=DIRECTION('',(-0.573462344363328,0.819231920519041,0.));
#10099=DIRECTION('',(0.556890098923011,-0.23866718525272,-0.79555728417573));
#10100=DIRECTION('',(-4.52600544566712E-17,-0.573462344363328,0.819231920519041));
#10101=DIRECTION('',(-0.573462344363328,0.819231920519041,-2.77555756156289E-17));
#10102=DIRECTION('',(0.,-1.,0.));
#10103=DIRECTION('',(0.,0.,-1.));
#10104=DIRECTION('',(1.,0.,0.));
#10105=DIRECTION('',(0.,0.819231920519041,-0.573462344363328));
#10106=DIRECTION('',(1.,0.,0.));
#10107=DIRECTION('',(-1.,0.,0.));
#10108=DIRECTION('',(0.81923192051904,0.,0.573462344363329));
#10109=DIRECTION('',(0.,1.,0.));
#10110=DIRECTION('',(0.,-1.,0.));
#10111=DIRECTION('',(-0.832050294337843,0.,0.55470019622523));
#10112=DIRECTION('',(0.,1.,0.));
#10113=DIRECTION('',(0.524427835967411,0.325837683215511,0.786641753951115));
#10114=DIRECTION('',(0.,-1.,0.));
#10115=DIRECTION('',(0.,-1.,0.));
#10116=DIRECTION('',(0.832050294337843,-0.552090252416889,-0.0537462638568113));
#10117=DIRECTION('',(0.,-0.0968924551001747,0.995294856886471));
#10118=DIRECTION('',(0.55470019622523,0.828135378625329,0.0806193957852166));
#10119=DIRECTION('',(0.,-0.0968924551001747,0.995294856886471));
#10120=DIRECTION('',(0.554700196225231,0.828135378625329,0.0806193957852165));
#10121=DIRECTION('',(-1.,0.,0.));
#10122=DIRECTION('',(0.,0.,-1.));
#10123=DIRECTION('',(1.,0.,0.));
#10124=DIRECTION('',(0.,0.,-1.));
#10125=DIRECTION('',(0.554700196225229,0.745052549605911,-0.370411110299656));
#10126=DIRECTION('',(-0.832050294337843,0.496701699737275,-0.246940740199771));
#10127=DIRECTION('',(0.,-0.445178750395652,-0.89544172350643));
#10128=DIRECTION('',(0.,0.445178750395652,0.89544172350643));
#10129=DIRECTION('',(0.476014050456891,0.867921186670039,0.141857102384389));
#10130=DIRECTION('',(0.832050294337843,-0.392232270276368,-0.392232270276368));
#10131=DIRECTION('',(0.,0.707106781186547,-0.707106781186548));
#10132=DIRECTION('',(0.,-0.707106781186547,0.707106781186548));
#10133=DIRECTION('',(0.,0.,-1.));
#10134=DIRECTION('',(1.,0.,0.));
#10135=DIRECTION('',(-1.,0.,0.));
#10136=DIRECTION('',(0.819231920519041,0.573462344363328,0.));
#10137=DIRECTION('',(0.,0.,-1.));
#10138=DIRECTION('',(0.,0.,1.));
#10139=DIRECTION('',(0.,-0.819231920519041,0.573462344363328));
#10140=DIRECTION('',(1.,0.,0.));
#10141=DIRECTION('',(1.,0.,0.));
#10142=DIRECTION('',(-1.,0.,0.));
#10143=DIRECTION('',(0.,1.,0.));
#10144=DIRECTION('',(1.,0.,0.));
#10145=DIRECTION('',(0.,0.,-1.));
#10146=DIRECTION('',(-1.,0.,0.));
#10147=DIRECTION('',(0.,0.,-1.));
#10148=DIRECTION('',(0.,-1.,0.));
#10149=DIRECTION('',(0.,0.,-1.));
#10150=DIRECTION('',(-1.,0.,0.));
#10151=DIRECTION('',(0.,0.,-1.));
#10152=DIRECTION('',(1.,0.,0.));
#10153=DIRECTION('',(0.,0.,-1.));
#10154=DIRECTION('',(0.,-1.,0.));
#10155=DIRECTION('',(0.,-1.,0.));
#10156=DIRECTION('',(1.,0.,0.));
#10157=DIRECTION('',(0.,0.819231920519041,0.573462344363328));
#10158=DIRECTION('',(1.,0.,0.));
#10159=DIRECTION('',(0.,-0.819231920519041,-0.573462344363328));
#10160=DIRECTION('',(0.,-0.573462344363328,0.819231920519041));
#10161=DIRECTION('',(0.,-0.707106781186547,0.707106781186548));
#10162=DIRECTION('',(0.,-0.707106781186548,-0.707106781186547));
#10163=DIRECTION('',(0.,0.923879532511287,-0.38268343236509));
#10164=DIRECTION('',(0.,-0.38268343236509,-0.923879532511287));
#10165=DIRECTION('',(0.,-0.707106781186547,0.707106781186548));
#10166=DIRECTION('',(0.,-0.707106781186548,-0.707106781186547));
#10167=DIRECTION('',(0.,0.923879532511287,-0.38268343236509));
#10168=DIRECTION('',(0.,-0.38268343236509,-0.923879532511287));
#10169=DIRECTION('',(0.,-1.,0.));
#10170=DIRECTION('',(0.,0.,-1.));
#10171=DIRECTION('',(0.78086880944303,0.624695047554424,0.));
#10172=DIRECTION('',(0.624695047554424,-0.78086880944303,0.));
#10173=DIRECTION('',(0.,0.,1.));
#10174=DIRECTION('',(0.,0.,1.));
#10175=DIRECTION('',(0.,0.,1.));
#10176=DIRECTION('',(-1.,0.,0.));
#10177=DIRECTION('',(-0.614651986037217,0.287881111397445,0.73438913510555));
#10178=DIRECTION('',(-0.0813595351468854,-0.94919457671366,0.303990594555258));
#10179=DIRECTION('',(-0.266213572450179,0.800690022252581,-0.536680372389818));
#10180=DIRECTION('',(-0.0813595351468853,-0.94919457671366,0.303990594555258));
#10181=DIRECTION('',(0.996346649041751,-0.085401141346436,0.));
#10182=DIRECTION('',(-0.0854011413464361,-0.996346649041751,0.));
#10183=DIRECTION('',(0.,0.,1.));
#10184=DIRECTION('',(-0.832050294337843,0.55470019622523,0.));
#10185=DIRECTION('',(0.55470019622523,0.832050294337843,0.));
#10186=DIRECTION('',(-0.819231920519041,-0.573462344363328,0.));
#10187=DIRECTION('',(-0.573462344363328,0.819231920519041,0.));
#10188=DIRECTION('',(-0.554688439670544,0.792412056672207,-0.253779170414715));
#10189=DIRECTION('',(0.473002097525826,0.551226036833326,0.687327339812111));
#10190=DIRECTION('',(-0.554688439670544,0.792412056672207,-0.253779170414715));
#10191=DIRECTION('',(0.857492925712544,-0.514495755427526,0.));
#10192=DIRECTION('',(-0.514495755427526,-0.857492925712544,0.));
#10193=DIRECTION('',(-0.49612748830637,-0.826879147177283,0.264817656719077));
#10194=DIRECTION('',(-0.498845565119087,0.521100365335093,0.692537010858374));
#10195=DIRECTION('',(-0.496127488306369,-0.826879147177283,0.264817656719077));
#10196=DIRECTION('',(0.0943456877528358,0.826960169457399,-0.554288525348879));
#10197=DIRECTION('',(1.,0.,0.));
#10198=DIRECTION('',(0.,0.,-1.));
#10199=DIRECTION('',(0.,0.,-1.));
#10200=DIRECTION('',(0.,0.,1.));
#10201=DIRECTION('',(1.,0.,0.));
#10202=DIRECTION('',(0.,1.,0.));
#10203=DIRECTION('',(0.,0.,-1.));
#10204=DIRECTION('',(-1.,0.,0.));
#10205=DIRECTION('',(0.,0.,-1.));
#10206=DIRECTION('',(0.,1.,0.));
#10207=DIRECTION('',(0.,0.,1.));
#10208=DIRECTION('',(0.,0.,-1.));
#10209=DIRECTION('',(0.,0.,-1.));
#10210=DIRECTION('',(-1.,0.,0.));
#10211=DIRECTION('',(0.,0.,-1.));
#10212=DIRECTION('',(-1.,0.,0.));
#10213=DIRECTION('',(0.,0.,-1.));
#10214=DIRECTION('',(0.,1.,0.));
#10215=DIRECTION('',(0.,0.,1.));
#10216=DIRECTION('',(0.,0.,-1.));
#10217=DIRECTION('',(0.,0.,-1.));
#10218=DIRECTION('',(0.,0.,-1.));
#10219=DIRECTION('',(-1.,0.,0.));
#10220=DIRECTION('',(0.,0.,-1.));
#10221=DIRECTION('',(1.,0.,0.));
#10222=DIRECTION('',(0.,0.,-1.));
#10223=DIRECTION('',(1.,0.,0.));
#10224=DIRECTION('',(0.,1.,0.));
#10225=DIRECTION('',(0.,0.,-1.));
#10226=DIRECTION('',(-1.,0.,0.));
#10227=DIRECTION('',(0.,0.,-1.));
#10228=DIRECTION('',(1.,0.,0.));
#10229=DIRECTION('',(0.,0.,-1.));
#10230=DIRECTION('',(1.,0.,0.));
#10231=DIRECTION('',(0.,0.,-1.));
#10232=DIRECTION('',(1.,0.,0.));
#10233=DIRECTION('',(0.,-1.,0.));
#10234=DIRECTION('',(0.,0.,-1.));
#10235=DIRECTION('',(1.,0.,0.));
#10236=DIRECTION('',(0.,0.,-1.));
#10237=DIRECTION('',(0.,-0.371390676354103,0.92847669088526));
#10238=DIRECTION('',(0.,0.,-1.));
#10239=DIRECTION('',(0.,1.,0.));
#10240=DIRECTION('',(0.,-0.707106781186548,-0.707106781186548));
#10241=DIRECTION('',(0.,-1.,-1.60622544071926E-16));
#10242=DIRECTION('',(1.,0.,0.));
#10243=DIRECTION('',(0.,0.,-1.));
#10244=DIRECTION('',(0.,1.83971884551675E-16,-1.));
#10245=DIRECTION('',(0.,1.,0.));
#10246=DIRECTION('',(0.,0.,-1.));
#10247=DIRECTION('',(0.,-0.371390676354104,-0.928476690885259));
#10248=DIRECTION('',(1.,0.,0.));
#10249=DIRECTION('',(0.,0.,-1.));
#10250=DIRECTION('',(0.,0.,1.));
#10251=DIRECTION('',(1.,0.,0.));
#10252=DIRECTION('',(0.,1.,0.));
#10253=DIRECTION('',(0.,0.,-1.));
#10254=DIRECTION('',(-1.,0.,0.));
#10255=DIRECTION('',(-1.,0.,0.));
#10256=DIRECTION('',(0.,0.,1.));
#10257=DIRECTION('',(0.,0.,-1.));
#10258=DIRECTION('',(-1.,0.,0.));
#10259=DIRECTION('',(0.,0.,1.));
#10260=DIRECTION('',(1.,0.,0.));
#10261=DIRECTION('',(0.,0.556772008250082,0.830665354296885));
#10262=DIRECTION('',(-1.,0.,0.));
#10263=DIRECTION('',(0.,0.556772008250082,0.830665354296885));
#10264=DIRECTION('',(-1.,0.,0.));
#10265=DIRECTION('',(-1.,0.,0.));
#10266=DIRECTION('',(0.,0.,1.));
#10267=DIRECTION('',(0.,-0.360399279202163,0.932798134405597));
#10268=DIRECTION('',(0.,0.,-1.));
#10269=DIRECTION('',(-1.,0.,0.));
#10270=DIRECTION('',(0.,0.,1.));
#10271=DIRECTION('',(0.,0.,-1.));
#10272=DIRECTION('',(-2.77555756156289E-16,1.,0.));
#10273=DIRECTION('',(-1.,-2.77555756156289E-16,0.));
#10274=DIRECTION('',(-1.,-2.77555756156289E-16,0.));
#10275=DIRECTION('',(1.92747052886312E-16,5.34980540107565E-32,-1.));
#10276=DIRECTION('',(0.,0.,-1.));
#10277=DIRECTION('',(-4.93573492387193E-17,0.360399279202163,-0.932798134405597));
#10278=DIRECTION('',(0.,0.932798134405597,0.360399279202163));
#10279=DIRECTION('',(0.,0.360399279202163,-0.932798134405597));
#10280=DIRECTION('',(0.,0.932798134405597,0.360399279202163));
#10281=DIRECTION('',(0.,0.,-1.));
#10282=DIRECTION('',(-1.,0.,0.));
#10283=DIRECTION('',(0.,0.,-1.));
#10284=DIRECTION('',(-1.,0.,0.));
#10285=DIRECTION('',(0.,0.,-1.));
#10286=DIRECTION('',(-1.,0.,0.));
#10287=DIRECTION('',(0.,0.,-1.));
#10288=DIRECTION('',(-1.,0.,0.));
#10289=DIRECTION('',(-1.92747052886312E-16,0.,1.));
#10290=DIRECTION('',(1.,0.,1.92747052886312E-16));
#10291=DIRECTION('',(0.,0.,1.));
#10292=DIRECTION('',(1.,0.,0.));
#10293=DIRECTION('',(0.,0.,1.));
#10294=DIRECTION('',(1.,0.,0.));
#10295=DIRECTION('',(0.,0.,1.));
#10296=DIRECTION('',(0.,0.,1.));
#10297=DIRECTION('',(0.,0.,1.));
#10298=DIRECTION('',(1.,0.,0.));
#10299=DIRECTION('',(0.,0.,1.));
#10300=DIRECTION('',(0.,0.,1.));
#10301=DIRECTION('',(1.,0.,0.));
#10302=DIRECTION('',(0.,0.,1.));
#10303=DIRECTION('',(0.00142618467996928,0.999998982998112,0.));
#10304=DIRECTION('',(-0.999998982998112,0.00142618467996928,0.));
#10305=DIRECTION('',(0.,0.,1.));
#10306=DIRECTION('',(-0.00142618467996928,-0.999998982998112,0.));
#10307=DIRECTION('',(0.999998982998112,-0.00142618467996928,0.));
#10308=DIRECTION('',(0.999998982998112,-0.00142618467996928,0.));
#10309=DIRECTION('',(-0.00142618467996928,-0.999998982998112,0.));
#10310=DIRECTION('',(0.999998982998112,-0.00142618467996928,0.));
#10311=DIRECTION('',(0.,0.,-1.));
#10312=DIRECTION('',(0.999998982998112,-0.00142618467996928,0.));
#10313=DIRECTION('',(0.00142618467996928,0.999998982998112,0.));
#10314=DIRECTION('',(-0.00142618467996928,-0.999998982998112,0.));
#10315=DIRECTION('',(-0.00142618467996928,-0.999998982998112,0.));
#10316=DIRECTION('',(0.,0.,-1.));
#10317=DIRECTION('',(-1.,0.,0.));
#10318=DIRECTION('',(-0.00142618467996928,-0.999998982998112,0.));
#10319=DIRECTION('',(-0.00142618467996928,-0.999998982998112,0.));
#10320=DIRECTION('',(-0.00142618467996928,-0.999998982998112,0.));
#10321=DIRECTION('',(0.999998982998112,-0.00142618467996928,0.));
#10322=DIRECTION('',(-0.999998982998112,0.00142618467996928,0.));
#10323=DIRECTION('',(-0.00142618467996928,-0.999998982998112,0.));
#10324=DIRECTION('',(-0.00142618467996928,-0.999998982998112,0.));
#10325=DIRECTION('',(0.,0.,-1.));
#10326=DIRECTION('',(-0.00142618467996928,-0.999998982998112,0.));
#10327=DIRECTION('',(-0.00142618467996928,-0.999998982998112,0.));
#10328=DIRECTION('',(0.999998982998112,-0.00142618467996928,0.));
#10329=DIRECTION('',(-0.999998982998112,0.00142618467996928,0.));
#10330=DIRECTION('',(-0.00142618467996928,-0.999998982998112,0.));
#10331=DIRECTION('',(-0.00142618467996928,-0.999998982998112,0.));
#10332=DIRECTION('',(-0.00142618467996928,-0.999998982998112,0.));
#10333=DIRECTION('',(-0.00142618467996928,-0.999998982998112,0.));
#10334=DIRECTION('',(0.999998982998112,-0.00142618467996928,0.));
#10335=DIRECTION('',(-0.00142618467996928,-0.999998982998112,0.));
#10336=DIRECTION('',(0.999998982998112,-0.00142618467996928,0.));
#10337=DIRECTION('',(0.00142618467996928,0.999998982998112,0.));
#10338=DIRECTION('',(-0.00142618467996928,-0.999998982998112,0.));
#10339=DIRECTION('',(0.,0.,1.));
#10340=DIRECTION('',(-0.00142618467996928,-0.999998982998112,0.));
#10341=DIRECTION('',(0.,0.,-1.));
#10342=DIRECTION('',(-1.,0.,0.));
#10343=DIRECTION('',(-0.00142618467996928,-0.999998982998112,0.));
#10344=DIRECTION('',(-0.00142618467996928,-0.999998982998112,0.));
#10345=DIRECTION('',(0.999998982998112,-0.00142618467996928,0.));
#10346=DIRECTION('',(0.00142618467996928,0.999998982998112,0.));
#10347=DIRECTION('',(-0.999998982998112,0.00142618467996928,0.));
#10348=DIRECTION('',(0.00142618467996928,0.999998982998112,0.));
#10349=DIRECTION('',(-0.999998982998112,0.00142618467996928,0.));
#10350=DIRECTION('',(0.00142618467996928,0.999998982998112,0.));
#10351=DIRECTION('',(-0.999998982998112,0.00142618467996928,0.));
#10352=DIRECTION('',(0.00142618467997067,0.999998982998112,0.));
#10353=DIRECTION('',(-0.999998982998112,0.00142618467997067,0.));
#10354=DIRECTION('',(-0.759644226175589,0.650338872925562,0.));
#10355=DIRECTION('',(0.650338872925562,0.759644226175589,0.));
#10356=DIRECTION('',(0.00142618467996928,0.999998982998112,0.));
#10357=DIRECTION('',(-0.999998982998112,0.00142618467996928,0.));
#10358=DIRECTION('',(1.,0.,0.));
#10359=DIRECTION('',(0.,0.,-1.));
#10360=DIRECTION('',(0.,0.,-1.));
#10361=DIRECTION('',(0.,0.,-1.));
#10362=DIRECTION('',(1.,0.,0.));
#10363=DIRECTION('',(0.,0.,-1.));
#10364=DIRECTION('',(0.,-0.707106781186548,0.707106781186548));
#10365=DIRECTION('',(1.,0.,0.));
#10366=DIRECTION('',(0.,0.,-1.));
#10367=DIRECTION('',(0.,-1.,4.33680868994202E-16));
#10368=DIRECTION('',(0.,0.707106781186548,0.707106781186547));
#10369=DIRECTION('',(0.,0.,-1.));
#10370=DIRECTION('',(0.,0.,-1.));
#10371=DIRECTION('',(1.,0.,0.));
#10372=DIRECTION('',(0.,0.,-1.));
#10373=DIRECTION('',(0.,0.,-1.));
#10374=DIRECTION('',(0.,0.,-1.));
#10375=DIRECTION('',(1.,0.,0.));
#10376=DIRECTION('',(0.,0.,-1.));
#10377=DIRECTION('',(0.,-0.707106781186548,0.707106781186548));
#10378=DIRECTION('',(1.,0.,0.));
#10379=DIRECTION('',(0.,0.,-1.));
#10380=DIRECTION('',(0.,-1.,4.33680868994202E-16));
#10381=DIRECTION('',(0.,0.707106781186548,0.707106781186547));
#10382=DIRECTION('',(0.,0.,-1.));
#10383=DIRECTION('',(0.,0.,-1.));
#10384=DIRECTION('',(1.,0.,0.));
#10385=DIRECTION('',(0.,0.,-1.));
#10386=DIRECTION('',(0.,0.,-1.));
#10387=DIRECTION('',(0.,0.,-1.));
#10388=DIRECTION('',(0.,0.,-1.));
#10389=DIRECTION('',(0.,0.707106781186548,0.707106781186547));
#10390=DIRECTION('',(0.,-1.,4.33680868994202E-16));
#10391=DIRECTION('',(1.,0.,0.));
#10392=DIRECTION('',(0.,0.,-1.));
#10393=DIRECTION('',(0.,-0.707106781186548,0.707106781186548));
#10394=DIRECTION('',(1.,0.,0.));
#10395=DIRECTION('',(0.,0.,-1.));
#10396=DIRECTION('',(0.,0.,-1.));
#10397=DIRECTION('',(1.,0.,0.));
#10398=DIRECTION('',(0.,0.,-1.));
#10399=DIRECTION('',(0.,1.,0.));
#10400=DIRECTION('',(0.,0.,-1.));
#10401=DIRECTION('',(0.,0.,-1.));
#10402=DIRECTION('',(0.,0.,-1.));
#10403=DIRECTION('',(0.,0.707106781186548,0.707106781186547));
#10404=DIRECTION('',(0.,-1.,4.33680868994202E-16));
#10405=DIRECTION('',(1.,0.,0.));
#10406=DIRECTION('',(0.,0.,-1.));
#10407=DIRECTION('',(0.,-0.707106781186548,0.707106781186548));
#10408=DIRECTION('',(1.,0.,0.));
#10409=DIRECTION('',(0.,0.,-1.));
#10410=DIRECTION('',(0.,0.,-1.));
#10411=DIRECTION('',(0.,0.707106781186548,0.707106781186548));
#10412=DIRECTION('',(0.,-0.707106781186548,0.707106781186548));
#10413=DIRECTION('',(-1.,0.,0.));
#10414=DIRECTION('',(-1.,0.,0.));
#10415=DIRECTION('',(-1.,0.,0.));
#10416=DIRECTION('',(0.,0.,1.));
#10417=DIRECTION('',(-1.,0.,0.));
#10418=DIRECTION('',(0.,4.33680868994202E-16,1.));
#10419=DIRECTION('',(0.,-1.,4.33680868994202E-16));
#10420=DIRECTION('',(-1.,0.,0.));
#10421=DIRECTION('',(0.,0.707106781186547,-0.707106781186548));
#10422=DIRECTION('',(0.,0.707106781186548,0.707106781186547));
#10423=DIRECTION('',(-1.,0.,0.));
#10424=DIRECTION('',(-1.,0.,0.));
#10425=DIRECTION('',(0.,0.,1.));
#10426=DIRECTION('',(-1.,0.,0.));
#10427=DIRECTION('',(0.,0.707106781186548,0.707106781186548));
#10428=DIRECTION('',(0.,-0.707106781186548,0.707106781186548));
#10429=DIRECTION('',(-1.,0.,0.));
#10430=DIRECTION('',(-1.,0.,0.));
#10431=DIRECTION('',(-1.,0.,0.));
#10432=DIRECTION('',(0.,0.,1.));
#10433=DIRECTION('',(-1.,0.,0.));
#10434=DIRECTION('',(0.,4.33680868994202E-16,1.));
#10435=DIRECTION('',(0.,-1.,4.33680868994202E-16));
#10436=DIRECTION('',(-1.,0.,0.));
#10437=DIRECTION('',(0.,0.707106781186547,-0.707106781186548));
#10438=DIRECTION('',(0.,0.707106781186548,0.707106781186547));
#10439=DIRECTION('',(-1.,0.,0.));
#10440=DIRECTION('',(-1.,0.,0.));
#10441=DIRECTION('',(0.,0.,1.));
#10442=DIRECTION('',(-1.,0.,0.));
#10443=DIRECTION('',(-1.,0.,0.));
#10444=DIRECTION('',(0.,0.,1.));
#10445=DIRECTION('',(-1.,0.,0.));
#10446=DIRECTION('',(1.,0.,0.));
#10447=DIRECTION('',(0.,0.,-1.));
#10448=DIRECTION('',(-1.,0.,0.));
#10449=DIRECTION('',(0.,0.707106781186547,-0.707106781186548));
#10450=DIRECTION('',(0.,0.707106781186548,0.707106781186547));
#10451=DIRECTION('',(-1.,0.,0.));
#10452=DIRECTION('',(0.,0.707106781186548,0.707106781186547));
#10453=DIRECTION('',(-1.,0.,0.));
#10454=DIRECTION('',(0.,4.33680868994202E-16,1.));
#10455=DIRECTION('',(0.,-1.,4.33680868994202E-16));
#10456=DIRECTION('',(-1.,0.,0.));
#10457=DIRECTION('',(0.,-1.,4.33680868994202E-16));
#10458=DIRECTION('',(-1.,0.,0.));
#10459=DIRECTION('',(0.,0.,1.));
#10460=DIRECTION('',(-1.,0.,0.));
#10461=DIRECTION('',(1.,0.,0.));
#10462=DIRECTION('',(0.,0.,-1.));
#10463=DIRECTION('',(0.,0.707106781186548,0.707106781186548));
#10464=DIRECTION('',(0.,-0.707106781186548,0.707106781186548));
#10465=DIRECTION('',(0.,-0.707106781186548,0.707106781186548));
#10466=DIRECTION('',(0.,-0.707106781186548,0.707106781186548));
#10467=DIRECTION('',(0.,-0.707106781186548,-0.707106781186548));
#10468=DIRECTION('',(1.,0.,0.));
#10469=DIRECTION('',(0.,-1.60622544071926E-16,1.));
#10470=DIRECTION('',(0.,-1.,-1.60622544071926E-16));
#10471=DIRECTION('',(1.,0.,0.));
#10472=DIRECTION('',(1.,0.,0.));
#10473=DIRECTION('',(0.,0.,-1.));
#10474=DIRECTION('',(1.,0.,0.));
#10475=DIRECTION('',(0.,-1.,-1.83971884551675E-16));
#10476=DIRECTION('',(0.,1.83971884551675E-16,-1.));
#10477=DIRECTION('',(1.,0.,0.));
#10478=DIRECTION('',(0.,-0.707106781186548,0.707106781186548));
#10479=DIRECTION('',(0.,-0.707106781186548,-0.707106781186548));
#10480=DIRECTION('',(1.,0.,0.));
#10481=DIRECTION('',(0.,-1.60622544071926E-16,1.));
#10482=DIRECTION('',(0.,-1.,-1.60622544071926E-16));
#10483=DIRECTION('',(1.,0.,0.));
#10484=DIRECTION('',(1.,0.,0.));
#10485=DIRECTION('',(0.,0.,-1.));
#10486=DIRECTION('',(1.,0.,0.));
#10487=DIRECTION('',(0.,-1.,-1.83971884551675E-16));
#10488=DIRECTION('',(0.,1.83971884551675E-16,-1.));
#10489=DIRECTION('',(1.,0.,0.));
#10490=DIRECTION('',(0.,-1.,-1.83971884551675E-16));
#10491=DIRECTION('',(0.,1.83971884551675E-16,-1.));
#10492=DIRECTION('',(1.,0.,0.));
#10493=DIRECTION('',(0.,-1.83971884551675E-16,1.));
#10494=DIRECTION('',(1.,0.,0.));
#10495=DIRECTION('',(1.,0.,0.));
#10496=DIRECTION('',(0.,0.,-1.));
#10497=DIRECTION('',(1.,0.,0.));
#10498=DIRECTION('',(1.,0.,0.));
#10499=DIRECTION('',(0.,0.,-1.));
#10500=DIRECTION('',(0.,-1.60622544071926E-16,1.));
#10501=DIRECTION('',(0.,-1.,-1.60622544071926E-16));
#10502=DIRECTION('',(1.,0.,0.));
#10503=DIRECTION('',(0.,1.,1.60622544071926E-16));
#10504=DIRECTION('',(0.,-0.707106781186548,0.707106781186548));
#10505=DIRECTION('',(0.,-0.707106781186548,-0.707106781186548));
#10506=DIRECTION('',(0.,0.707106781186548,0.707106781186548));
#10507=DIRECTION('',(0.,0.,1.));
#10508=DIRECTION('',(1.,0.,0.));
#10509=DIRECTION('',(0.,0.,1.));
#10510=DIRECTION('',(1.,0.,0.));
#10511=DIRECTION('',(0.,1.,0.));
#10512=DIRECTION('',(0.,0.,1.));
#10513=DIRECTION('',(0.,0.,-1.));
#10514=DIRECTION('',(-1.,1.71754799601664E-16,0.));
#10515=DIRECTION('',(-1.,1.71754799601664E-16,0.));
#10516=DIRECTION('',(0.,0.,-1.));
#10517=DIRECTION('',(0.,1.,0.));
#10518=DIRECTION('',(0.,0.,1.));
#10519=DIRECTION('',(0.,0.,-1.));
#10520=DIRECTION('',(-1.,1.71754799601664E-16,0.));
#10521=DIRECTION('',(0.,0.,-1.));
#10522=DIRECTION('',(0.,0.,1.));
#10523=DIRECTION('',(1.,0.,0.));
#10524=DIRECTION('',(0.,0.,1.));
#10525=DIRECTION('',(1.,0.,0.));
#10526=DIRECTION('',(0.,1.,0.));
#10527=DIRECTION('',(0.,0.,1.));
#10528=DIRECTION('',(0.,0.,-1.));
#10529=DIRECTION('',(0.,0.,-1.));
#10530=DIRECTION('',(-1.,0.,0.));
#10531=DIRECTION('',(0.,0.,-1.));
#10532=DIRECTION('',(0.,0.,-1.));
#10533=DIRECTION('',(0.,0.,-1.));
#10534=DIRECTION('',(0.,1.,0.));
#10535=DIRECTION('',(0.,0.,1.));
#10536=DIRECTION('',(0.,0.,-1.));
#10537=DIRECTION('',(0.,0.,-1.));
#10538=DIRECTION('',(0.,0.,-1.));
#10539=DIRECTION('',(-1.,0.,0.));
#10540=DIRECTION('',(-1.,0.,0.));
#10541=DIRECTION('',(0.,0.,-1.));
#10542=DIRECTION('',(0.,0.,-1.));
#10543=DIRECTION('',(0.,0.,1.));
#10544=DIRECTION('',(1.,0.,0.));
#10545=DIRECTION('',(0.,0.,1.));
#10546=DIRECTION('',(1.,0.,0.));
#10547=DIRECTION('',(0.,0.,1.));
#10548=DIRECTION('',(1.,0.,0.));
#10549=DIRECTION('',(0.,0.,-1.));
#10550=DIRECTION('',(-1.,0.,0.));
#10551=DIRECTION('',(0.,0.,-1.));
#10552=DIRECTION('',(-1.,0.,0.));
#10553=DIRECTION('',(0.,0.,1.));
#10554=DIRECTION('',(1.,0.,0.));
#10555=DIRECTION('',(0.,0.,1.));
#10556=DIRECTION('',(1.,0.,0.));
#10557=DIRECTION('',(0.,0.,-1.));
#10558=DIRECTION('',(-1.,0.,0.));
#10559=DIRECTION('',(0.,0.,-1.));
#10560=DIRECTION('',(-1.,0.,0.));
#10561=DIRECTION('',(0.,0.,1.));
#10562=DIRECTION('',(1.,0.,0.));
#10563=DIRECTION('',(0.,0.,1.));
#10564=DIRECTION('',(1.,0.,0.));
#10565=DIRECTION('',(0.,0.,-1.));
#10566=DIRECTION('',(-1.,0.,0.));
#10567=DIRECTION('',(0.,0.,-1.));
#10568=DIRECTION('',(-1.,0.,0.));
#10569=DIRECTION('',(0.,0.,1.));
#10570=DIRECTION('',(1.,0.,0.));
#10571=DIRECTION('',(0.,0.,1.));
#10572=DIRECTION('',(1.,0.,0.));
#10573=DIRECTION('',(0.,0.,-1.));
#10574=DIRECTION('',(-1.,0.,0.));
#10575=DIRECTION('',(0.,0.,-1.));
#10576=DIRECTION('',(-1.,0.,0.));
#10577=DIRECTION('',(0.,0.,1.));
#10578=DIRECTION('',(1.,0.,0.));
#10579=DIRECTION('',(0.,0.928476690885259,-0.371390676354104));
#10580=DIRECTION('',(1.,0.,0.));
#10581=DIRECTION('',(-1.,0.,0.));
#10582=DIRECTION('',(0.,-0.371390676354104,-0.928476690885259));
#10583=DIRECTION('',(1.,0.,0.));
#10584=DIRECTION('',(0.,0.928476690885259,0.371390676354103));
#10585=DIRECTION('',(-1.,0.,0.));
#10586=DIRECTION('',(1.,0.,0.));
#10587=DIRECTION('',(0.,0.371390676354103,-0.92847669088526));
#10588=DIRECTION('',(1.,0.,0.));
#10589=DIRECTION('',(0.,0.928476690885259,-0.371390676354104));
#10590=DIRECTION('',(1.,0.,0.));
#10591=DIRECTION('',(1.,0.,0.));
#10592=DIRECTION('',(0.,-0.371390676354104,-0.928476690885259));
#10593=DIRECTION('',(-1.,0.,0.));
#10594=DIRECTION('',(1.4642275568872E-16,-0.92847669088526,-0.371390676354103));
#10595=DIRECTION('',(-1.,-1.5770213417971E-16,0.));
#10596=DIRECTION('',(1.,1.5770213417971E-16,1.21771739933211E-32));
#10597=DIRECTION('',(0.,0.371390676354103,-0.92847669088526));
#10598=DIRECTION('',(-1.,-1.5770213417971E-16,0.));
#10599=DIRECTION('',(-1.,0.,0.));
#10600=DIRECTION('',(0.,0.,1.));
#10601=DIRECTION('',(1.,0.,0.));
#10602=DIRECTION('',(0.,0.,-1.));
#10603=DIRECTION('',(-1.,0.,0.));
#10604=DIRECTION('',(0.,0.,1.));
#10605=DIRECTION('',(1.,0.,0.));
#10606=DIRECTION('',(0.,0.,-1.));
#10607=DIRECTION('',(1.,1.5770213417971E-16,0.));
#10608=DIRECTION('',(-1.5770213417971E-16,1.,0.));
#10609=DIRECTION('',(1.,0.,0.));
#10610=DIRECTION('',(0.,0.,-1.));
#10611=DIRECTION('',(-1.,0.,0.));
#10612=DIRECTION('',(0.,0.,1.));
#10613=DIRECTION('',(1.,0.,0.));
#10614=DIRECTION('',(0.,0.,-1.));
#10615=DIRECTION('',(0.,0.,1.));
#10616=DIRECTION('',(1.,0.,0.));
#10617=DIRECTION('',(0.,0.,1.));
#10618=DIRECTION('',(1.,0.,0.));
#10619=DIRECTION('',(0.,0.,1.));
#10620=DIRECTION('',(1.,0.,0.));
#10621=DIRECTION('',(0.,0.,1.));
#10622=DIRECTION('',(1.,0.,0.));
#10623=DIRECTION('',(0.,0.,1.));
#10624=DIRECTION('',(1.,0.,0.));
#10625=DIRECTION('',(0.,0.,1.));
#10626=DIRECTION('',(0.,0.,1.));
#10627=DIRECTION('',(0.,0.,1.));
#10628=DIRECTION('',(1.,0.,0.));
#10629=DIRECTION('',(0.,0.,1.));
#10630=DIRECTION('',(1.,0.,0.));
#10631=DIRECTION('',(0.,0.,1.));
#10632=DIRECTION('',(1.,0.,0.));
#10633=DIRECTION('',(0.,0.,1.));
#10634=DIRECTION('',(0.,0.,1.));
#10635=DIRECTION('',(0.,0.,1.));
#10636=DIRECTION('',(1.,0.,0.));
#10637=DIRECTION('',(0.,0.,1.));
#10638=DIRECTION('',(1.,0.,0.));
#10639=DIRECTION('',(0.,0.,1.));
#10640=DIRECTION('',(1.,0.,0.));
#10641=DIRECTION('',(0.,0.,1.));
#10642=DIRECTION('',(0.,0.,1.));
#10643=DIRECTION('',(0.,0.,1.));
#10644=DIRECTION('',(1.,0.,0.));
#10645=DIRECTION('',(0.,0.,1.));
#10646=DIRECTION('',(1.,0.,0.));
#10647=DIRECTION('',(0.,0.,1.));
#10648=DIRECTION('',(1.,0.,0.));
#10649=DIRECTION('',(0.,0.,1.));
#10650=DIRECTION('',(0.,0.,1.));
#10651=DIRECTION('',(0.,0.,1.));
#10652=DIRECTION('',(1.,0.,0.));
#10653=DIRECTION('',(0.,0.,1.));
#10654=DIRECTION('',(1.,0.,0.));
#10655=DIRECTION('',(0.,0.,1.));
#10656=DIRECTION('',(1.,0.,0.));
#10657=DIRECTION('',(0.,0.,1.));
#10658=DIRECTION('',(0.,0.,1.));
#10659=DIRECTION('',(1.,0.,0.));
#10660=DIRECTION('',(0.,0.,1.));
#10661=DIRECTION('',(1.,0.,0.));
#10662=DIRECTION('',(0.,0.,1.));
#10663=DIRECTION('',(1.,0.,0.));
#10664=DIRECTION('',(0.,0.,1.));
#10665=DIRECTION('',(0.,0.,1.));
#10666=DIRECTION('',(1.,0.,0.));
#10667=DIRECTION('',(0.,0.,1.));
#10668=DIRECTION('',(1.,0.,0.));
#10669=DIRECTION('',(0.,0.,1.));
#10670=DIRECTION('',(1.,0.,0.));
#10671=DIRECTION('',(0.,0.,1.));
#10672=DIRECTION('',(1.,0.,0.));
#10673=DIRECTION('',(0.,0.,1.));
#10674=DIRECTION('',(1.,0.,0.));
#10675=DIRECTION('',(0.,0.,1.));
#10676=DIRECTION('',(1.,0.,0.));
#10677=DIRECTION('',(-1.,0.,0.));
#10678=DIRECTION('',(0.,0.,1.));
#10679=DIRECTION('',(0.,0.,1.));
#10680=DIRECTION('',(0.,-1.,0.));
#10681=DIRECTION('',(-0.90453403373329,-0.426401432711222,0.));
#10682=DIRECTION('',(0.426401432711222,-0.90453403373329,0.));
#10683=DIRECTION('',(0.426401432711222,-0.90453403373329,0.));
#10684=DIRECTION('',(-0.930442045586607,0.366439080618608,0.));
#10685=DIRECTION('',(-0.366439080618608,-0.930442045586607,0.));
#10686=DIRECTION('',(0.,0.,1.));
#10687=DIRECTION('',(-0.366439080618608,-0.930442045586607,0.));
#10688=DIRECTION('',(0.,1.,0.));
#10689=DIRECTION('',(0.,0.,1.));
#10690=DIRECTION('',(-1.,0.,0.));
#10691=DIRECTION('',(0.,0.,-1.));
#10692=DIRECTION('',(-1.,0.,0.));
#10693=DIRECTION('',(-5.92327458161301E-16,1.,0.));
#10694=DIRECTION('',(-1.,-5.92327458161301E-16,0.));
#10695=DIRECTION('',(0.,0.,1.));
#10696=DIRECTION('',(-1.,-5.92327458161301E-16,-4.33680868994202E-16));
#10697=DIRECTION('',(-0.930442045586607,-0.366439080618608,0.));
#10698=DIRECTION('',(0.366439080618608,-0.930442045586607,0.));
#10699=DIRECTION('',(0.366439080618608,-0.930442045586607,0.));
#10700=DIRECTION('',(-0.90453403373329,0.426401432711222,0.));
#10701=DIRECTION('',(-0.426401432711222,-0.90453403373329,0.));
#10702=DIRECTION('',(0.,0.,1.));
#10703=DIRECTION('',(-0.426401432711222,-0.90453403373329,0.));
#10704=DIRECTION('',(-1.,0.,0.));
#10705=DIRECTION('',(0.,0.,1.));
#10706=DIRECTION('',(0.,-1.,0.));
#10707=DIRECTION('',(-4.33680868994202E-16,0.,1.));
#10708=DIRECTION('',(1.,0.,4.33680868994202E-16));
#10709=DIRECTION('',(0.,-1.,0.));
#10710=DIRECTION('',(0.,0.,-1.));
#10711=DIRECTION('',(0.,0.,-1.));
#10712=DIRECTION('',(0.,-1.,0.));
#10713=DIRECTION('',(0.,0.,-1.));
#10714=DIRECTION('',(-1.,0.,0.));
#10715=DIRECTION('',(0.,0.,-1.));
#10716=DIRECTION('',(0.,-1.,0.));
#10717=DIRECTION('',(0.,0.,-1.));
#10718=DIRECTION('',(1.,0.,0.));
#10719=DIRECTION('',(0.,0.,-1.));
#10720=DIRECTION('',(0.,0.,-1.));
#10721=DIRECTION('',(0.,-1.,0.));
#10722=DIRECTION('',(0.,-1.,0.));
#10723=DIRECTION('',(0.,1.,0.));
#10724=DIRECTION('',(0.,0.,1.));
#10725=DIRECTION('',(1.,0.,0.));
#10726=DIRECTION('',(0.,1.,0.));
#10727=DIRECTION('',(0.,0.,1.));
#10728=DIRECTION('',(1.,0.,0.));
#10729=DIRECTION('',(0.,0.,-1.));
#10730=DIRECTION('',(-1.,0.,0.));
#10731=DIRECTION('',(0.,0.,1.));
#10732=DIRECTION('',(0.,1.,0.));
#10733=DIRECTION('',(0.,0.,-1.));
#10734=DIRECTION('',(0.,1.,0.));
#10735=DIRECTION('',(0.,0.,-1.));
#10736=DIRECTION('',(0.,-1.,0.));
#10737=DIRECTION('',(0.,0.,-1.));
#10738=DIRECTION('',(0.,0.,-1.));
#10739=DIRECTION('',(0.,-1.,0.));
#10740=DIRECTION('',(0.,0.,-1.));
#10741=DIRECTION('',(-1.,0.,0.));
#10742=DIRECTION('',(0.,0.,-1.));
#10743=DIRECTION('',(-1.,0.,0.));
#10744=DIRECTION('',(1.,0.,0.));
#10745=DIRECTION('',(0.,0.,-1.));
#10746=DIRECTION('',(0.,0.,-1.));
#10747=DIRECTION('',(0.,-1.,0.));
#10748=DIRECTION('',(0.,-1.,0.));
#10749=DIRECTION('',(0.,1.,0.));
#10750=DIRECTION('',(0.,0.,1.));
#10751=DIRECTION('',(1.,0.,0.));
#10752=DIRECTION('',(0.,1.,0.));
#10753=DIRECTION('',(0.,0.,1.));
#10754=DIRECTION('',(0.,1.,0.));
#10755=DIRECTION('',(0.,0.,1.));
#10756=DIRECTION('',(0.,0.,-1.));
#10757=DIRECTION('',(1.,0.,0.));
#10758=DIRECTION('',(0.,0.,-1.));
#10759=DIRECTION('',(0.,-1.,0.));
#10760=DIRECTION('',(0.,0.,1.));
#10761=DIRECTION('',(1.,0.,0.));
#10762=DIRECTION('',(0.,-1.,0.));
#10763=DIRECTION('',(0.,0.,1.));
#10764=DIRECTION('',(1.,0.,0.));
#10765=DIRECTION('',(0.,0.,1.));
#10766=DIRECTION('',(1.,0.,0.));
#10767=DIRECTION('',(0.,-1.,0.));
#10768=DIRECTION('',(0.,-1.,0.));
#10769=DIRECTION('',(0.,0.,-1.));
#10770=DIRECTION('',(0.,-1.,0.));
#10771=DIRECTION('',(0.,0.,-1.));
#10772=DIRECTION('',(0.,1.,0.));
#10773=DIRECTION('',(0.,0.,1.));
#10774=DIRECTION('',(-0.707106781186548,0.707106781186548,0.));
#10775=DIRECTION('',(-0.707106781186548,-0.707106781186548,0.));
#10776=DIRECTION('',(-1.,0.,0.));
#10777=DIRECTION('',(0.,0.,1.));
#10778=DIRECTION('',(1.,0.,0.));
#10779=DIRECTION('',(0.,0.,-1.));
#10780=DIRECTION('',(0.,0.,-1.));
#10781=DIRECTION('',(-1.,0.,0.));
#10782=DIRECTION('',(0.,0.,1.));
#10783=DIRECTION('',(1.,0.,0.));
#10784=DIRECTION('',(0.,0.,1.));
#10785=DIRECTION('',(1.,0.,0.));
#10786=DIRECTION('',(0.,-1.,0.));
#10787=DIRECTION('',(0.,0.,-1.));
#10788=DIRECTION('',(0.,-1.,0.));
#10789=DIRECTION('',(0.,0.,-1.));
#10790=DIRECTION('',(0.,1.,0.));
#10791=DIRECTION('',(0.,0.,1.));
#10792=DIRECTION('',(0.,0.,-1.));
#10793=DIRECTION('',(-1.,0.,0.));
#10794=DIRECTION('',(0.,0.,1.));
#10795=DIRECTION('',(1.,0.,0.));
#10796=DIRECTION('',(0.,0.,1.));
#10797=DIRECTION('',(1.,0.,0.));
#10798=DIRECTION('',(1.,0.,0.));
#10799=DIRECTION('',(0.,0.,-1.));
#10800=DIRECTION('',(1.,0.,0.));
#10801=DIRECTION('',(0.,0.,-1.));
#10802=DIRECTION('',(0.707106781186548,0.707106781186548,0.));
#10803=DIRECTION('',(0.707106781186548,-0.707106781186548,0.));
#10804=DIRECTION('',(0.,1.,0.));
#10805=DIRECTION('',(0.,0.,1.));
#10806=DIRECTION('',(0.,0.,1.));
#10807=DIRECTION('',(1.,0.,0.));
#10808=DIRECTION('',(0.,1.,0.));
#10809=DIRECTION('',(1.,-1.71754799601664E-16,0.));
#10810=DIRECTION('',(1.5770213417971E-16,-1.,0.));
#10811=DIRECTION('',(1.,1.5770213417971E-16,0.));
#10812=DIRECTION('',(-1.,-1.5770213417971E-16,0.));
#10813=DIRECTION('',(0.,0.,-1.));
#10814=DIRECTION('',(0.,0.,1.));
#10815=DIRECTION('',(1.,0.,0.));
#10816=DIRECTION('',(0.,-1.,0.));
#10817=DIRECTION('',(0.,1.,0.));
#10818=DIRECTION('',(0.,0.,1.));
#10819=DIRECTION('',(1.,0.,0.));
#10820=DIRECTION('',(0.,0.,-1.));
#10821=DIRECTION('',(0.,0.,1.));
#10822=DIRECTION('',(1.,0.,0.));
#10823=DIRECTION('',(0.,-1.,0.));
#10824=DIRECTION('',(0.,1.,0.));
#10825=DIRECTION('',(0.,0.,1.));
#10826=DIRECTION('',(1.,0.,0.));
#10827=DIRECTION('',(0.,0.,-1.));
#10828=DIRECTION('',(0.,0.,1.));
#10829=DIRECTION('',(1.,0.,0.));
#10830=DIRECTION('',(0.,1.,0.));
#10831=DIRECTION('',(1.71754799601664E-16,1.,0.));
#10832=DIRECTION('',(-1.,1.71754799601664E-16,0.));
#10833=DIRECTION('',(0.,0.,1.));
#10834=DIRECTION('',(0.,-0.351123441588391,-0.936329177569045));
#10835=DIRECTION('',(1.,0.,0.));
#10836=DIRECTION('',(0.,-1.,0.));
#10837=DIRECTION('',(0.,0.,-1.));
#10838=DIRECTION('',(0.,-1.,0.));
#10839=DIRECTION('',(0.,0.,-1.));
#10840=DIRECTION('',(0.,-1.,0.));
#10841=DIRECTION('',(1.,0.,0.));
#10842=DIRECTION('',(0.,-1.,0.));
#10843=DIRECTION('',(1.,0.,0.));
#10844=DIRECTION('',(0.,-1.,0.));
#10845=DIRECTION('',(0.,0.,-1.));
#10846=DIRECTION('',(0.,-1.,0.));
#10847=DIRECTION('',(0.,0.,-1.));
#10848=DIRECTION('',(-0.758786590364123,0.651339320388066,0.));
#10849=DIRECTION('',(-0.651339320388066,-0.758786590364124,0.));
#10850=DIRECTION('',(0.,0.,1.));
#10851=DIRECTION('',(0.,0.,1.));
#10852=DIRECTION('',(-0.758786590364124,0.651339320388065,0.));
#10853=DIRECTION('',(-0.651339320388065,-0.758786590364124,0.));
#10854=DIRECTION('',(0.651339320388065,0.758786590364124,0.));
#10855=DIRECTION('',(0.,0.,1.));
#10856=DIRECTION('',(0.,0.,1.));
#10857=DIRECTION('',(0.,1.,0.));
#10858=DIRECTION('',(0.,0.,1.));
#10859=DIRECTION('',(0.,0.,1.));
#10860=DIRECTION('',(0.,0.,1.));
#10861=DIRECTION('',(-0.761278635556456,-0.648424890827998,0.));
#10862=DIRECTION('',(0.648424890827998,-0.761278635556456,0.));
#10863=DIRECTION('',(0.,0.,1.));
#10864=DIRECTION('',(0.,0.,1.));
#10865=DIRECTION('',(0.761278635556457,0.648424890827997,0.));
#10866=DIRECTION('',(-0.648424890827997,0.761278635556457,0.));
#10867=DIRECTION('',(0.,0.,1.));
#10868=DIRECTION('',(0.648424890827997,-0.761278635556457,0.));
#10869=DIRECTION('',(0.,0.,1.));
#10870=DIRECTION('',(0.,1.,0.));
#10871=DIRECTION('',(0.,0.,1.));
#10872=DIRECTION('',(0.,0.,1.));
#10873=DIRECTION('',(-1.,0.,0.));
#10874=DIRECTION('',(0.,0.,1.));
#10875=DIRECTION('',(0.760427128907075,0.649423268463752,0.));
#10876=DIRECTION('',(-0.649423268463752,0.760427128907075,0.));
#10877=DIRECTION('',(0.,0.,1.));
#10878=DIRECTION('',(0.649423268463752,-0.760427128907075,0.));
#10879=DIRECTION('',(0.,0.,1.));
#10880=DIRECTION('',(-0.00142618467997041,-0.999998982998112,0.));
#10881=DIRECTION('',(0.999998982998112,-0.00142618467997041,0.));
#10882=DIRECTION('',(0.,0.,1.));
#10883=DIRECTION('',(-0.999998982998112,0.00142618467997041,0.));
#10884=DIRECTION('',(0.,0.,1.));
#10885=DIRECTION('',(0.759644226175588,-0.650338872925563,0.));
#10886=DIRECTION('',(0.650338872925563,0.759644226175588,0.));
#10887=DIRECTION('',(0.650338872925563,0.759644226175588,0.));
#10888=DIRECTION('',(0.,0.,1.));
#10889=DIRECTION('',(0.,0.,1.));
#10890=DIRECTION('',(-0.759644226175589,0.650338872925562,0.));
#10891=DIRECTION('',(-0.650338872925562,-0.759644226175589,0.));
#10892=DIRECTION('',(0.,0.,1.));
#10893=DIRECTION('',(-0.650338872925562,-0.759644226175589,0.));
#10894=DIRECTION('',(0.,0.,1.));
#10895=DIRECTION('',(0.,0.,1.));
#10896=DIRECTION('',(-0.00142618467997053,-0.999998982998112,0.));
#10897=DIRECTION('',(0.999998982998112,-0.00142618467997053,0.));
#10898=DIRECTION('',(0.,0.,1.));
#10899=DIRECTION('',(0.,0.,1.));
#10900=DIRECTION('',(-0.760427128907076,-0.649423268463751,0.));
#10901=DIRECTION('',(0.649423268463751,-0.760427128907076,0.));
#10902=DIRECTION('',(0.,0.,1.));
#10903=DIRECTION('',(0.,0.,-1.));
#10904=DIRECTION('',(0.,0.,1.));
#10905=DIRECTION('',(1.,0.,0.));
#10906=DIRECTION('',(-0.999998982998112,0.00142618467997067,0.));
#10907=DIRECTION('',(0.00142618467997067,0.999998982998112,0.));
#10908=DIRECTION('',(-0.999998982998112,0.00142618467997067,0.));
#10909=DIRECTION('',(0.,0.,1.));
#10910=DIRECTION('',(1.,0.,0.));
#10911=DIRECTION('',(0.,0.,-1.));
#10912=DIRECTION('',(-1.,0.,0.));
#10913=DIRECTION('',(0.,0.,1.));
#10914=DIRECTION('',(1.,0.,0.));
#10915=DIRECTION('',(0.,0.,-1.));
#10916=DIRECTION('',(-1.,0.,0.));
#10917=DIRECTION('',(0.761278635556457,0.648424890827997,0.));
#10918=DIRECTION('',(-0.648424890827997,0.761278635556457,0.));
#10919=DIRECTION('',(0.648424890827997,-0.761278635556457,0.));
#10920=DIRECTION('',(0.761278635556457,0.648424890827997,0.));
#10921=DIRECTION('',(-0.758786590364124,0.651339320388065,0.));
#10922=DIRECTION('',(-0.651339320388065,-0.758786590364124,0.));
#10923=DIRECTION('',(0.651339320388065,0.758786590364125,-2.16081866899866E-15));
#10924=DIRECTION('',(-0.758786590364125,0.651339320388065,0.));
#10925=DIRECTION('',(0.648424890827997,-0.761278635556457,0.));
#10926=DIRECTION('',(0.761278635556457,0.648424890827997,0.));
#10927=DIRECTION('',(0.992861531109488,-0.119272712901667,0.));
#10928=DIRECTION('',(-0.119272712901667,-0.992861531109488,0.));
#10929=DIRECTION('',(0.651339320388065,0.758786590364124,0.));
#10930=DIRECTION('',(-0.758786590364124,0.651339320388065,0.));
#10931=DIRECTION('',(0.993018153047131,0.117961636640324,0.));
#10932=DIRECTION('',(-0.117961636640324,0.993018153047131,0.));
#10933=DIRECTION('',(-1.,0.,0.));
#10934=DIRECTION('',(0.,0.,1.));
#10935=DIRECTION('',(0.736299476998813,0.676655806279141,0.));
#10936=DIRECTION('',(-0.676655806279141,0.736299476998813,0.));
#10937=DIRECTION('',(0.734595898053887,-0.678504875857502,0.));
#10938=DIRECTION('',(-0.678504875857502,-0.734595898053887,0.));
#10939=DIRECTION('',(0.,0.,1.));
#10940=DIRECTION('',(1.,0.,0.));
#10941=DIRECTION('',(0.,0.,-1.));
#10942=DIRECTION('',(-1.,0.,0.));
#10943=DIRECTION('',(0.,0.,-1.));
#10944=DIRECTION('',(-1.,0.,0.));
#10945=DIRECTION('',(0.,0.,-1.));
#10946=DIRECTION('',(-1.,0.,0.));
#10947=DIRECTION('',(0.760427128907075,0.649423268463752,0.));
#10948=DIRECTION('',(-0.649423268463752,0.760427128907075,0.));
#10949=DIRECTION('',(-0.649423268463754,0.760427128907074,-4.23183576772644E-15));
#10950=DIRECTION('',(-0.760427128907074,-0.649423268463754,0.));
#10951=DIRECTION('',(0.759644226175588,-0.650338872925563,0.));
#10952=DIRECTION('',(0.650338872925563,0.759644226175588,0.));
#10953=DIRECTION('',(-0.650338872925563,-0.759644226175588,0.));
#10954=DIRECTION('',(0.759644226175588,-0.650338872925563,0.));
#10955=DIRECTION('',(0.649423268463752,-0.760427128907075,0.));
#10956=DIRECTION('',(0.760427128907075,0.649423268463752,0.));
#10957=DIRECTION('',(-0.992803863189944,0.119751781761786,0.));
#10958=DIRECTION('',(0.119751781761786,0.992803863189944,0.));
#10959=DIRECTION('',(-0.650338872925563,-0.759644226175588,0.));
#10960=DIRECTION('',(0.759644226175588,-0.650338872925563,0.));
#10961=DIRECTION('',(-0.993074904952802,-0.117482905790514,0.));
#10962=DIRECTION('',(0.117482905790514,-0.993074904952802,0.));
#10963=DIRECTION('',(0.999998982998112,-0.00142618467997041,0.));
#10964=DIRECTION('',(0.00142618467997041,0.999998982998112,0.));
#10965=DIRECTION('',(-0.736046602468772,-0.676930867219229,0.));
#10966=DIRECTION('',(0.676930867219229,-0.736046602468772,0.));
#10967=DIRECTION('',(-0.734845893600488,0.678234113458252,0.));
#10968=DIRECTION('',(0.678234113458252,0.734845893600488,0.));
#10969=DIRECTION('',(0.,0.,1.));
#10970=DIRECTION('',(1.,0.,0.));
#10971=DIRECTION('',(0.,0.,1.));
#10972=DIRECTION('',(1.,0.,0.));
#10973=DIRECTION('',(0.,0.,1.));
#10974=DIRECTION('',(1.,0.,0.));
#10975=DIRECTION('',(0.,0.,-1.));
#10976=DIRECTION('',(-1.,0.,0.));
#10977=DIRECTION('',(0.,0.,-1.));
#10978=DIRECTION('',(-1.,0.,0.));
#10979=DIRECTION('',(0.,0.,1.));
#10980=DIRECTION('',(1.,0.,0.));
#10981=DIRECTION('',(0.,0.,-1.));
#10982=DIRECTION('',(-1.,0.,0.));
#10983=DIRECTION('',(0.,0.,1.));
#10984=DIRECTION('',(1.,0.,0.));
#10985=DIRECTION('',(0.,0.,-1.));
#10986=DIRECTION('',(-1.,0.,0.));
#10987=DIRECTION('',(0.,0.,1.));
#10988=DIRECTION('',(1.,0.,0.));
#10989=DIRECTION('',(0.,0.,1.));
#10990=DIRECTION('',(1.,0.,0.));
#10991=DIRECTION('',(0.,0.,1.));
#10992=DIRECTION('',(1.,0.,0.));
#10993=DIRECTION('',(1.,0.,0.));
#10994=DIRECTION('',(0.,0.,-1.));
#10995=DIRECTION('',(1.,0.,0.));
#10996=DIRECTION('',(0.,0.,-1.));
#10997=DIRECTION('',(-0.00142618467996928,-0.999998982998112,0.));
#10998=DIRECTION('',(0.999998982998112,-0.00142618467996928,0.));
#10999=DIRECTION('',(-0.00142618467996928,-0.999998982998112,0.));
#11000=DIRECTION('',(0.00142618467997067,0.999998982998112,0.));
#11001=DIRECTION('',(-0.999998982998112,0.00142618467997067,0.));
#11002=DIRECTION('',(-0.00142618467996928,-0.999998982998112,0.));
#11003=DIRECTION('',(1.1352890783768E-16,-1.61913353757931E-19,-1.));
#11004=DIRECTION('',(-1.,0.,-1.1352890783768E-16));
#11005=DIRECTION('',(-0.999998982998112,0.00142618467997067,-1.13529023296911E-16));
#11006=DIRECTION('',(-0.00142618467996928,-0.999998982998112,0.));
#11007=DIRECTION('',(-0.00142618467996928,-0.999998982998112,0.));
#11008=DIRECTION('',(0.999998982998112,-0.00142618467996928,0.));
#11009=DIRECTION('',(0.00142618467997067,0.999998982998112,0.));
#11010=DIRECTION('',(-0.999998982998112,0.00142618467997067,0.));
#11011=DIRECTION('',(-0.00142618467996928,-0.999998982998112,0.));
#11012=DIRECTION('',(-0.999998982998112,0.00142618467996928,0.));
#11013=DIRECTION('',(-0.00142618467996928,-0.999998982998112,0.));
#11014=DIRECTION('',(0.,0.,1.));
#11015=DIRECTION('',(-0.999998982998112,0.00142618467996928,0.));
#11016=DIRECTION('',(-0.00142618467996928,-0.999998982998112,0.));
#11017=DIRECTION('',(-0.00142618467996928,-0.999998982998112,0.));
#11018=DIRECTION('',(-0.00142618467996928,-0.999998982998112,0.));
#11019=DIRECTION('',(0.999998982998112,-0.00142618467996928,0.));
#11020=DIRECTION('',(-0.00142618467996928,-0.999998982998112,0.));
#11021=DIRECTION('',(0.,0.,1.));
#11022=DIRECTION('',(1.,0.,0.));
#11023=DIRECTION('',(-0.00142618467996928,-0.999998982998112,0.));
#11024=DIRECTION('',(-0.00142618467996928,-0.999998982998112,0.));
#11025=DIRECTION('',(0.999998982998112,-0.00142618467996928,0.));
#11026=DIRECTION('',(-0.00142618467996928,-0.999998982998112,0.));
#11027=DIRECTION('',(0.999998982998112,-0.00142618467996928,0.));
#11028=DIRECTION('',(0.00142618467996928,0.999998982998112,0.));
#11029=DIRECTION('',(0.999998982998112,-0.00142618467996928,0.));
#11030=DIRECTION('',(0.00142618467996928,0.999998982998112,0.));
#11031=DIRECTION('',(0.,0.,-1.));
#11032=DIRECTION('',(-0.708114526916046,-0.706097597199187,0.));
#11033=DIRECTION('',(0.,0.,-1.));
#11034=DIRECTION('',(0.,0.,-1.));
#11035=DIRECTION('',(-0.708114526916046,-0.706097597199187,0.));
#11036=DIRECTION('',(0.706097597199187,-0.708114526916046,0.));
#11037=DIRECTION('',(0.706097597199187,-0.708114526916046,0.));
#11038=DIRECTION('',(-0.00142618467997066,-0.999998982998112,0.));
#11039=DIRECTION('',(0.999998982998112,-0.00142618467997066,0.));
#11040=DIRECTION('',(-0.00100846485843146,-0.707106062057614,-0.70710678118655));
#11041=DIRECTION('',(0.00142618467997067,0.999998982998112,0.));
#11042=DIRECTION('',(-0.999998982998112,0.00142618467997067,0.));
#11043=DIRECTION('',(-0.00100846485843147,-0.707106062057619,0.707106781186545));
#11044=DIRECTION('',(-0.999998982998112,0.00142618467997067,2.27058046593823E-16));
#11045=DIRECTION('',(-0.00100846485843177,-0.707106062057613,-0.70710678118655));
#11046=DIRECTION('',(-0.999998982998112,0.00142618467997067,2.26871260076555E-16));
#11047=DIRECTION('',(-0.00142618467997066,-0.999998982998112,0.));
#11048=DIRECTION('',(0.999998982998112,-0.00142618467997066,0.));
#11049=DIRECTION('',(-0.70811452691605,-0.706097597199183,-3.06658683336675E-16));
#11050=DIRECTION('',(0.00142618467997067,0.999998982998112,0.));
#11051=DIRECTION('',(-0.999998982998112,0.00142618467997067,0.));
#11052=DIRECTION('',(-0.706097597199182,0.708114526916051,0.));
#11053=DIRECTION('',(0.,0.,1.));
#11054=DIRECTION('',(-0.706097597199182,0.708114526916051,0.));
#11055=DIRECTION('',(0.708114526916051,0.706097597199182,0.));
#11056=DIRECTION('',(0.,0.,-1.));
#11057=DIRECTION('',(0.00142618467997067,0.999998982998112,0.));
#11058=DIRECTION('',(-0.999998982998112,0.00142618467997067,0.));
#11059=DIRECTION('',(-0.00142618467997067,-0.999998982998112,0.));
#11060=DIRECTION('',(0.999998982998112,-0.00142618467997067,0.));
#11061=DIRECTION('',(0.999998982998112,-0.00142618467997067,0.));
#11062=DIRECTION('',(0.999998982998112,-0.00142618467997067,0.));
#11063=DIRECTION('',(0.00142618467997067,0.999998982998112,0.));
#11064=DIRECTION('',(0.999998982998112,-0.00142618467997067,0.));
#11065=DIRECTION('',(0.00142618467997067,0.999998982998112,0.));
#11066=DIRECTION('',(0.,0.,-1.));
#11067=DIRECTION('',(-0.00142618467997067,-0.999998982998112,0.));
#11068=DIRECTION('',(-0.999998982998112,0.00142618467997067,0.));
#11069=DIRECTION('',(-0.00142618467997067,-0.999998982998112,0.));
#11070=DIRECTION('',(-0.00142618467997067,-0.999998982998112,0.));
#11071=DIRECTION('',(0.,0.,-1.));
#11072=DIRECTION('',(-0.999998982998112,0.00142618467997067,0.));
#11073=DIRECTION('',(-0.00142618467997067,-0.999998982998112,0.));
#11074=DIRECTION('',(-0.00142618467997067,-0.999998982998112,0.));
#11075=DIRECTION('',(0.999998982998112,-0.00142618467997067,0.));
#11076=DIRECTION('',(-0.00142618467997067,-0.999998982998112,0.));
#11077=DIRECTION('',(0.00142618467997067,0.999998982998112,0.));
#11078=DIRECTION('',(-0.999998982998112,0.00142618467997067,0.));
#11079=DIRECTION('',(2.26871029348055E-16,-3.23560315446823E-19,1.));
#11080=DIRECTION('',(1.,0.,-2.26871029348055E-16));
#11081=DIRECTION('',(-0.00142618467997067,-0.999998982998112,0.));
#11082=DIRECTION('',(-0.999998982998112,0.00142618467997067,2.26871260076555E-16));
#11083=DIRECTION('',(-0.00142618467997067,-0.999998982998112,0.));
#11084=DIRECTION('',(0.999998982998112,-0.00142618467997067,0.));
#11085=DIRECTION('',(0.00142618467997067,0.999998982998112,0.));
#11086=DIRECTION('',(-0.999998982998112,0.00142618467997067,0.));
#11087=DIRECTION('',(0.00142618467997067,0.999998982998112,0.));
#11088=DIRECTION('',(-0.999998982998112,0.00142618467997067,0.));
#11089=DIRECTION('',(0.00142618467997067,0.999998982998112,0.));
#11090=DIRECTION('',(-0.999998982998112,0.00142618467997067,0.));
#11091=DIRECTION('',(0.999998982998112,-0.00142618467997067,0.));
#11092=DIRECTION('',(0.999998982998112,-0.00142618467997067,0.));
#11093=DIRECTION('',(0.00142618467997067,0.999998982998112,0.));
#11094=DIRECTION('',(-0.00142618467997067,-0.999998982998112,0.));
#11095=DIRECTION('',(0.999998982998112,-0.00142618467997067,0.));
#11096=DIRECTION('',(0.,0.,1.));
#11097=DIRECTION('',(1.,0.,0.));
#11098=DIRECTION('',(0.,0.,-1.));
#11099=DIRECTION('',(-1.,0.,0.));
#11100=DIRECTION('',(0.,0.,-1.));
#11101=DIRECTION('',(-1.,0.,0.));
#11102=DIRECTION('',(0.,0.,1.));
#11103=DIRECTION('',(1.,0.,0.));
#11104=CARTESIAN_POINT('',(0.,0.,0.));
#11105=CARTESIAN_POINT('',(-1.50770007380612E-5,-0.014562672503187,-0.006502));
#11106=CARTESIAN_POINT('',(-1.50770007380612E-5,-0.014562672503187,-0.006));
#11107=CARTESIAN_POINT('',(-0.0223592348119398,-0.0145308055752211,-0.006));
#11108=CARTESIAN_POINT('',(0.022353144881134,-0.0145945737509967,-0.006));
#11109=CARTESIAN_POINT('',(0.022353144881134,-0.0145945737509967,-0.006502));
#11110=CARTESIAN_POINT('',(0.022353144881134,-0.0145945737509967,0.014));
#11111=CARTESIAN_POINT('',(-1.50770007380612E-5,-0.014562672503187,0.014));
#11112=CARTESIAN_POINT('',(-0.0223592348119398,-0.0145308055752211,0.014));
#11113=CARTESIAN_POINT('',(-0.0223592348119398,-0.0145308055752211,-0.006502));
#11114=CARTESIAN_POINT('',(0.00188922898755845,-0.0145653883979755,0.00846));
#11115=CARTESIAN_POINT('',(0.00288922797055657,-0.0145668145826555,0.00846));
#11116=CARTESIAN_POINT('',(0.00188922898755845,-0.0145653883979755,0.00946));
#11117=CARTESIAN_POINT('',(0.00288922797055657,-0.0145668145826555,0.00177));
#11118=CARTESIAN_POINT('',(0.00288922797055657,-0.0145668145826555,-0.00046));
#11119=CARTESIAN_POINT('',(0.00188922898755845,-0.0145653883979755,-0.00046));
#11120=CARTESIAN_POINT('',(0.00188922898755845,-0.0145653883979755,-0.00146));
#11121=CARTESIAN_POINT('',(-0.000975768098731138,-0.0145613023788674,-0.00146));
#11122=CARTESIAN_POINT('',(-0.00193076712749434,-0.014559940372498,-0.00146));
#11123=CARTESIAN_POINT('',(-0.00193076712749434,-0.014559940372498,-0.00046));
#11124=CARTESIAN_POINT('',(-0.00293076611049245,-0.0145585141878181,-0.00046));
#11125=CARTESIAN_POINT('',(-0.00293076611049245,-0.0145585141878181,0.00623));
#11126=CARTESIAN_POINT('',(-0.00293076611049245,-0.0145585141878181,0.00846));
#11127=CARTESIAN_POINT('',(-0.00193076712749434,-0.014559940372498,0.00846));
#11128=CARTESIAN_POINT('',(-0.00193076712749434,-0.014559940372498,0.00946));
#11129=CARTESIAN_POINT('',(0.000934229958795255,-0.0145640263916061,0.00946));
#11130=CARTESIAN_POINT('',(0.0324,0.00683798999529812,-0.004));
#11131=CARTESIAN_POINT('',(0.0375,0.00683798999529812,-0.0025));
#11132=CARTESIAN_POINT('',(0.02,0.00683798999529812,-0.0025));
#11133=CARTESIAN_POINT('',(0.043,0.00683798999529812,-0.0025));
#11134=CARTESIAN_POINT('',(0.02,0.00683798999529812,-0.004));
#11135=CARTESIAN_POINT('',(0.02,0.00683798999529812,-0.003));
#11136=CARTESIAN_POINT('',(0.03445,0.00683798999529812,-0.003));
#11137=CARTESIAN_POINT('',(0.036,0.00683798999529812,-0.003));
#11138=CARTESIAN_POINT('',(0.036,0.00683798999529812,0.0035));
#11139=CARTESIAN_POINT('',(0.036,0.00683798999529812,-0.004));
#11140=CARTESIAN_POINT('',(0.0375,0.00683798999529812,-0.004));
#11141=CARTESIAN_POINT('',(0.0362,0.00683798999529812,-0.004));
#11142=CARTESIAN_POINT('',(0.0362,0.00683798999529812,-0.0065));
#11143=CARTESIAN_POINT('',(0.0362,0.00683798999529812,-0.0065));
#11144=CARTESIAN_POINT('',(0.0324,0.00683798999529812,-0.0065));
#11145=CARTESIAN_POINT('',(0.0368,0.00683798999529812,-0.0065));
#11146=CARTESIAN_POINT('',(0.0368,0.00683798999529812,-0.004));
#11147=CARTESIAN_POINT('',(0.0368,0.00683798999529812,-0.004));
#11148=CARTESIAN_POINT('',(0.0375,0.00683798999529812,-0.004));
#11149=CARTESIAN_POINT('',(0.037,0.00683798999529812,-0.004));
#11150=CARTESIAN_POINT('',(0.037,0.00683798999529812,0.0035));
#11151=CARTESIAN_POINT('',(0.037,0.00683798999529812,-0.003));
#11152=CARTESIAN_POINT('',(0.03855,0.00683798999529812,-0.003));
#11153=CARTESIAN_POINT('',(0.0401,0.00683798999529812,-0.003));
#11154=CARTESIAN_POINT('',(0.0401,0.00683798999529812,0.0035));
#11155=CARTESIAN_POINT('',(0.0401,0.00683798999529812,-0.004));
#11156=CARTESIAN_POINT('',(0.0375,0.00683798999529812,-0.004));
#11157=CARTESIAN_POINT('',(0.0403,0.00683798999529812,-0.004));
#11158=CARTESIAN_POINT('',(0.0403,0.00683798999529812,-0.0065));
#11159=CARTESIAN_POINT('',(0.0403,0.00683798999529812,-0.0065));
#11160=CARTESIAN_POINT('',(0.0324,0.00683798999529812,-0.0065));
#11161=CARTESIAN_POINT('',(0.0409,0.00683798999529812,-0.0065));
#11162=CARTESIAN_POINT('',(0.0409,0.00683798999529812,-0.004));
#11163=CARTESIAN_POINT('',(0.0409,0.00683798999529812,-0.004));
#11164=CARTESIAN_POINT('',(0.0375,0.00683798999529812,-0.004));
#11165=CARTESIAN_POINT('',(0.0411,0.00683798999529812,-0.004));
#11166=CARTESIAN_POINT('',(0.0411,0.00683798999529813,0.0035));
#11167=CARTESIAN_POINT('',(0.0411,0.00683798999529812,-0.003));
#11168=CARTESIAN_POINT('',(0.04205,0.00683798999529813,-0.003));
#11169=CARTESIAN_POINT('',(0.043,0.00683798999529812,-0.003));
#11170=CARTESIAN_POINT('',(0.043,0.00683798999529812,-0.002498));
#11171=CARTESIAN_POINT('',(0.,0.0275,0.014));
#11172=CARTESIAN_POINT('',(0.0482480946772456,0.0241754766673517,0.014));
#11173=CARTESIAN_POINT('',(0.0495480946772456,0.0241754766673517,0.014));
#11174=CARTESIAN_POINT('',(0.0181999814905657,-0.0124886505669718,0.014));
#11175=CARTESIAN_POINT('',(0.0194999814905657,-0.0124886505669718,0.014));
#11176=CARTESIAN_POINT('',(-0.0181999814905657,-0.0124367374446209,0.014));
#11177=CARTESIAN_POINT('',(-0.0168999814905657,-0.0124367374446209,0.014));
#11178=CARTESIAN_POINT('',(-0.0482479601356593,0.0241638782413885,0.014));
#11179=CARTESIAN_POINT('',(-0.0469479601356593,0.0241638782413885,0.014));
#11180=CARTESIAN_POINT('',(0.0292919530456989,-0.00935946143441901,0.014));
#11181=CARTESIAN_POINT('',(0.0392377668235963,-0.00935946143441901,0.014));
#11182=CARTESIAN_POINT('',(0.0263433502644261,-0.00935946143441901,0.014));
#11183=CARTESIAN_POINT('',(0.0263433502644261,-0.010559461434419,0.014));
#11184=CARTESIAN_POINT('',(0.0254328063559892,-0.00977785424995334,0.014));
#11185=CARTESIAN_POINT('',(0.0233870858307212,-0.0121610441689669,0.014));
#11186=CARTESIAN_POINT('',(0.0234194101566079,-0.0121233875063678,0.014));
#11187=CARTESIAN_POINT('',(0.0219018369758796,-0.0108207088655917,0.014));
#11188=CARTESIAN_POINT('',(0.0205260269681018,-0.0122723103337979,0.014));
#11189=CARTESIAN_POINT('',(0.0225897419797685,-0.0100949081314885,0.014));
#11190=CARTESIAN_POINT('',(0.0199558856862468,-0.0115311535927785,0.014));
#11191=CARTESIAN_POINT('',(0.0181999814905657,-0.0124886505669718,0.014));
#11192=CARTESIAN_POINT('',(0.0164468155701662,-0.0115261490056483,0.014));
#11193=CARTESIAN_POINT('',(0.0138170666895671,-0.0100823966636631,0.014));
#11194=CARTESIAN_POINT('',(0.0138127881355272,-0.0130823936126575,0.014));
#11195=CARTESIAN_POINT('',(-0.0415289094677198,-0.0130034660511027,0.014));
#11196=CARTESIAN_POINT('',(-0.0138144995554027,-0.013042991958132,0.014));
#11197=CARTESIAN_POINT('',(-0.0138102210013628,-0.0100429950091376,0.014));
#11198=CARTESIAN_POINT('',(-0.0164440772948845,-0.0114792404704276,0.014));
#11199=CARTESIAN_POINT('',(-0.0181999814905657,-0.0124367374446209,0.014));
#11200=CARTESIAN_POINT('',(-0.0199531474109651,-0.0114742358832974,0.014));
#11201=CARTESIAN_POINT('',(-0.0225828962915641,-0.0100304835413122,0.014));
#11202=CARTESIAN_POINT('',(-0.0205263237884638,-0.0122146331560344,0.014));
#11203=CARTESIAN_POINT('',(-0.021897372123864,-0.0107585334128863,0.014));
#11204=CARTESIAN_POINT('',(-0.0234182263816782,-0.0120573799498138,0.014));
#11205=CARTESIAN_POINT('',(-0.0249920473998416,-0.0102145506944243,0.014));
#11206=CARTESIAN_POINT('',(-0.025435063927733,-0.00969581075589436,0.014));
#11207=CARTESIAN_POINT('',(-0.0263475764824215,-0.0104751186780509,0.014));
#11208=CARTESIAN_POINT('',(-0.0263458650608055,-0.00927511989845312,0.014));
#11209=CARTESIAN_POINT('',(-0.0292936680250809,-0.00927091578275031,0.014));
#11210=CARTESIAN_POINT('',(-0.0392402654692939,-0.00925673008343065,0.014));
#11211=CARTESIAN_POINT('',(-0.0392419768909099,-0.0104567288630284,0.014));
#11212=CARTESIAN_POINT('',(-0.0401535499623206,-0.00967632221551771,0.014));
#11213=CARTESIAN_POINT('',(-0.0405952815313069,-0.0101922975783165,0.014));
#11214=CARTESIAN_POINT('',(-0.0426402614697849,-0.0125809864105272,0.014));
#11215=CARTESIAN_POINT('',(-0.0435518345411957,-0.0118005797630165,0.014));
#11216=CARTESIAN_POINT('',(-0.0435535459628116,-0.0130005785426143,0.014));
#11217=CARTESIAN_POINT('',(-0.0415289094677198,-0.0130034660511027,0.014));
#11218=CARTESIAN_POINT('',(-0.0498728396970285,-0.0129915660535366,0.014));
#11219=CARTESIAN_POINT('',(-0.0488395335301124,-0.00821007633881243,0.014));
#11220=CARTESIAN_POINT('',(-0.0536364040570809,-0.00916945044420614,0.014));
#11221=CARTESIAN_POINT('',(-0.0586252828326175,0.0157749434334765,0.014));
#11222=CARTESIAN_POINT('',(-0.0545,-0.00485147072961082,0.014));
#11223=CARTESIAN_POINT('',(-0.0545,0.0275,0.014));
#11224=CARTESIAN_POINT('',(-0.0545,0.0137056239425873,0.014));
#11225=CARTESIAN_POINT('',(-0.0360177298797874,0.047309751433883,0.014));
#11226=CARTESIAN_POINT('',(-0.0508402248598406,0.020359760561059,0.014));
#11227=CARTESIAN_POINT('',(-0.0482115771338106,0.0189140043117426,0.014));
#11228=CARTESIAN_POINT('',(-0.0482323674205813,0.0219139322715402,0.014));
#11229=CARTESIAN_POINT('',(-0.0482479601356593,0.0241638782413885,0.014));
#11230=CARTESIAN_POINT('',(-0.0461550175737822,0.0249897665102744,0.014));
#11231=CARTESIAN_POINT('',(-0.0433644274912794,0.0260909508687888,0.014));
#11232=CARTESIAN_POINT('',(-0.0457070339196085,0.0279650360114522,0.014));
#11233=CARTESIAN_POINT('',(-0.0280969894687623,0.0499775915750098,0.014));
#11234=CARTESIAN_POINT('',(-0.0424809243772497,0.0319976729394006,0.014));
#11235=CARTESIAN_POINT('',(-0.0384793951640547,0.0319976729394006,0.014));
#11236=CARTESIAN_POINT('',(-0.0453348847070663,0.0319976729394006,0.014));
#11237=CARTESIAN_POINT('',(-0.045,0.0325,0.014));
#11238=CARTESIAN_POINT('',(-0.05,0.025,0.014));
#11239=CARTESIAN_POINT('',(-0.053,0.0195454545454545,0.014));
#11240=CARTESIAN_POINT('',(-0.0556286477260299,0.0147660950435819,0.014));
#11241=CARTESIAN_POINT('',(-0.053,0.0133203387942655,0.014));
#11242=CARTESIAN_POINT('',(-0.056,0.0133203387942655,0.014));
#11243=CARTESIAN_POINT('',(-0.056,0.00454545454545455,0.014));
#11244=CARTESIAN_POINT('',(-0.056,-0.005,0.014));
#11245=CARTESIAN_POINT('',(-0.0545,-0.0125,0.014));
#11246=CARTESIAN_POINT('',(-0.0551072750706173,-0.00946362464691338,0.014));
#11247=CARTESIAN_POINT('',(-0.048878685183189,-0.00821790666942759,0.014));
#11248=CARTESIAN_POINT('',(-0.0498728396970285,-0.0144915660535366,0.014));
#11249=CARTESIAN_POINT('',(-1.50770007380612E-5,-0.014562672503187,0.014));
#11250=CARTESIAN_POINT('',(-0.0432328720070191,-0.0145010358833624,0.014));
#11251=CARTESIAN_POINT('',(-0.0432300196376592,-0.0125010379173662,0.014));
#11252=CARTESIAN_POINT('',(-0.0417107311853081,-0.0138017156632173,0.014));
#11253=CARTESIAN_POINT('',(-0.03968074742469,-0.0114305434833248,0.014));
#11254=CARTESIAN_POINT('',(-0.0397038764988564,-0.0114575599640839,0.014));
#11255=CARTESIAN_POINT('',(-0.0381845880465052,-0.0127582377099351,0.014));
#11256=CARTESIAN_POINT('',(-0.0381817356771453,-0.0107582397439388,0.014));
#11257=CARTESIAN_POINT('',(-0.0296398592384305,-0.0107704220496434,0.014));
#11258=CARTESIAN_POINT('',(-0.0274063764716499,-0.0107736074117878,0.014));
#11259=CARTESIAN_POINT('',(-0.0274092288410098,-0.0127736053777841,0.014));
#11260=CARTESIAN_POINT('',(-0.0258883745831957,-0.0114747588408566,0.014));
#11261=CARTESIAN_POINT('',(-0.0259085589598715,-0.0114511244126652,0.014));
#11262=CARTESIAN_POINT('',(-0.023877236700394,-0.0138296541461524,0.014));
#11263=CARTESIAN_POINT('',(-0.0223563824425798,-0.0125308076092249,0.014));
#11264=CARTESIAN_POINT('',(0.0223559972504939,-0.0125945757850004,0.014));
#11265=CARTESIAN_POINT('',(0.0238735704312221,-0.0138972544257766,0.014));
#11266=CARTESIAN_POINT('',(0.0249433874057507,-0.0126509566067957,0.014));
#11267=CARTESIAN_POINT('',(0.0258826217529251,-0.0115567827936429,0.014));
#11268=CARTESIAN_POINT('',(0.0274001949336534,-0.012859461434419,0.014));
#11269=CARTESIAN_POINT('',(0.0274001949336534,-0.010859461434419,0.014));
#11270=CARTESIAN_POINT('',(0.0296365763074034,-0.010859461434419,0.014));
#11271=CARTESIAN_POINT('',(0.0381755765645665,-0.010859461434419,0.014));
#11272=CARTESIAN_POINT('',(0.0381755765645665,-0.012859461434419,0.014));
#11273=CARTESIAN_POINT('',(0.0396981338356793,-0.011562611652763,0.014));
#11274=CARTESIAN_POINT('',(0.03967625008521,-0.011536919191024,0.014));
#11275=CARTESIAN_POINT('',(0.041707075429498,-0.0139211952560265,0.014));
#11276=CARTESIAN_POINT('',(0.0432296327006109,-0.0126243454743705,0.014));
#11277=CARTESIAN_POINT('',(0.043226780331251,-0.0146243434403667,0.014));
#11278=CARTESIAN_POINT('',(-1.50770007380612E-5,-0.014562672503187,0.014));
#11279=CARTESIAN_POINT('',(0.0498426856955524,-0.0146337789528373,0.014));
#11280=CARTESIAN_POINT('',(0.0487673161892166,-0.00827388495110148,0.014));
#11281=CARTESIAN_POINT('',(0.0550922265936042,-0.00953886703197904,0.014));
#11282=CARTESIAN_POINT('',(0.0545,-0.0125,0.014));
#11283=CARTESIAN_POINT('',(0.056,-0.005,0.014));
#11284=CARTESIAN_POINT('',(0.056,0.00454545454545457,0.014));
#11285=CARTESIAN_POINT('',(0.056,0.0133203387942655,0.014));
#11286=CARTESIAN_POINT('',(0.053,0.0133203387942655,0.014));
#11287=CARTESIAN_POINT('',(0.05562864772603,0.014766095043582,0.014));
#11288=CARTESIAN_POINT('',(0.053,0.0195454545454546,0.014));
#11289=CARTESIAN_POINT('',(0.05,0.025,0.014));
#11290=CARTESIAN_POINT('',(0.045,0.0325,0.014));
#11291=CARTESIAN_POINT('',(0.0453348847070663,0.0319976729394006,0.014));
#11292=CARTESIAN_POINT('',(0.0095,0.0319976729394006,0.014));
#11293=CARTESIAN_POINT('',(0.0424809243772497,0.0319976729394006,0.014));
#11294=CARTESIAN_POINT('',(0.0280969894687623,0.0499775915750098,0.014));
#11295=CARTESIAN_POINT('',(0.0457040639595667,0.0279687484615044,0.014));
#11296=CARTESIAN_POINT('',(0.0433614575312376,0.0260946633188411,0.014));
#11297=CARTESIAN_POINT('',(0.0461538216146707,0.0249979852322757,0.014));
#11298=CARTESIAN_POINT('',(0.0482480946772456,0.0241754766673517,0.014));
#11299=CARTESIAN_POINT('',(0.0482296987414108,0.0219255518709319,0.014));
#11300=CARTESIAN_POINT('',(0.0482051708269643,0.0189256521423721,0.014));
#11301=CARTESIAN_POINT('',(0.0508338185529943,0.0203714083916886,0.014));
#11302=CARTESIAN_POINT('',(0.0360177298797874,0.047309751433883,0.014));
#11303=CARTESIAN_POINT('',(0.0545,0.0137056239425873,0.014));
#11304=CARTESIAN_POINT('',(0.0545,0.0275,0.014));
#11305=CARTESIAN_POINT('',(0.0545,-0.00485147072961081,0.014));
#11306=CARTESIAN_POINT('',(0.0586252828326175,0.0157749434334765,0.014));
#11307=CARTESIAN_POINT('',(0.0536213555800678,-0.0092446928292718,0.014));
#11308=CARTESIAN_POINT('',(0.0487221918579491,-0.00826486008484805,0.014));
#11309=CARTESIAN_POINT('',(0.0498426856955524,-0.0131337789528373,0.014));
#11310=CARTESIAN_POINT('',(-0.0415289094677198,-0.0130034660511027,0.014));
#11311=CARTESIAN_POINT('',(0.0439203556398381,-0.0131253326078523,0.014));
#11312=CARTESIAN_POINT('',(0.043923208009198,-0.0111253346418561,0.014));
#11313=CARTESIAN_POINT('',(0.0424006507380851,-0.0124221844235121,0.014));
#11314=CARTESIAN_POINT('',(0.0405935754506914,-0.010300600522903,0.014));
#11315=CARTESIAN_POINT('',(0.0401513011862641,-0.00978135156542542,0.014));
#11316=CARTESIAN_POINT('',(0.0392377668235963,-0.010559461434419,0.014));
#11317=CARTESIAN_POINT('',(-1.50770007380612E-5,-0.014562672503187,-0.006502));
#11318=CARTESIAN_POINT('',(0.043226780331251,-0.0146243434403667,-0.006502));
#11319=CARTESIAN_POINT('',(0.043226780331251,-0.0146243434403667,-0.006));
#11320=CARTESIAN_POINT('',(-1.50770007380612E-5,-0.014562672503187,-0.006));
#11321=CARTESIAN_POINT('',(0.0434187623171748,-0.0146246172424123,-0.006));
#11322=CARTESIAN_POINT('',(0.0434187623171748,-0.0146246172424123,0.017));
#11323=CARTESIAN_POINT('',(0.0434187623171748,-0.0146246172424123,-0.00575));
#11324=CARTESIAN_POINT('',(0.0434187623171748,-0.0146246172424123,0.0005));
#11325=CARTESIAN_POINT('',(0.0434187623171748,-0.0146246172424123,0.0075));
#11326=CARTESIAN_POINT('',(0.045418760283171,-0.0146274696117723,0.0075));
#11327=CARTESIAN_POINT('',(0.045418760283171,-0.0146274696117723,0.0095));
#11328=CARTESIAN_POINT('',(0.0474187582491673,-0.0146303219811322,0.0095));
#11329=CARTESIAN_POINT('',(0.0494187562151635,-0.0146331743504922,0.0095));
#11330=CARTESIAN_POINT('',(0.0494187562151635,-0.0146331743504922,0.0075));
#11331=CARTESIAN_POINT('',(0.0498426856955524,-0.0146337789528374,0.00945455453495501));
#11332=CARTESIAN_POINT('',(0.0498426856955524,-0.0146337789528373,-0.006502));
#11333=CARTESIAN_POINT('',(0.,0.0275,-0.008));
#11334=CARTESIAN_POINT('',(-5.71367394202649E-5,-0.0125626104841652,-0.008));
#11335=CARTESIAN_POINT('',(0.022355997250494,-0.0125945757850004,-0.008));
#11336=CARTESIAN_POINT('',(-0.0223563824425799,-0.0125308076092249,-0.008));
#11337=CARTESIAN_POINT('',(-0.0326963420049226,-0.000423471539164749,-0.008));
#11338=CARTESIAN_POINT('',(-0.0255628791815633,-0.00877623454804856,-0.008));
#11339=CARTESIAN_POINT('',(-0.0391012031032306,-0.00875692637824256,-0.008));
#11340=CARTESIAN_POINT('',(-0.0400235228986758,-0.0087556109785425,-0.008));
#11341=CARTESIAN_POINT('',(-0.0421197073305918,-0.0112041104716466,-0.008));
#11342=CARTESIAN_POINT('',(-0.043,-0.0122323578538959,-0.008));
#11343=CARTESIAN_POINT('',(-0.043,-0.0067,-0.008));
#11344=CARTESIAN_POINT('',(-0.043,0.0146,-0.008));
#11345=CARTESIAN_POINT('',(-0.045,0.0146,-0.008));
#11346=CARTESIAN_POINT('',(-0.045,0.0166,-0.008));
#11347=CARTESIAN_POINT('',(-0.046,0.0166,-0.008));
#11348=CARTESIAN_POINT('',(-0.049,0.0166,-0.008));
#11349=CARTESIAN_POINT('',(-0.049,0.0146,-0.008));
#11350=CARTESIAN_POINT('',(-0.051,0.0146,-0.008));
#11351=CARTESIAN_POINT('',(-0.051,-0.0067,-0.008));
#11352=CARTESIAN_POINT('',(-0.051,-0.0134,-0.008));
#11353=CARTESIAN_POINT('',(-0.049,-0.0134,-0.008));
#11354=CARTESIAN_POINT('',(-0.0507997013866979,-0.0142723960790362,-0.008));
#11355=CARTESIAN_POINT('',(-0.0488786851831891,-0.00821790666942775,-0.008));
#11356=CARTESIAN_POINT('',(-0.0551072750706173,-0.00946362464691338,-0.008));
#11357=CARTESIAN_POINT('',(-0.0545,-0.0125,-0.008));
#11358=CARTESIAN_POINT('',(-0.056,-0.005,-0.008));
#11359=CARTESIAN_POINT('',(-0.056,0.00454545454545455,-0.008));
#11360=CARTESIAN_POINT('',(-0.056,0.0133203387942655,-0.008));
#11361=CARTESIAN_POINT('',(-0.053,0.0133203387942655,-0.008));
#11362=CARTESIAN_POINT('',(-0.0556286477260299,0.0147660950435819,-0.008));
#11363=CARTESIAN_POINT('',(-0.053,0.0195454545454545,-0.008));
#11364=CARTESIAN_POINT('',(-0.05,0.025,-0.008));
#11365=CARTESIAN_POINT('',(-0.045,0.0325,-0.008));
#11366=CARTESIAN_POINT('',(-0.04,0.04,-0.008));
#11367=CARTESIAN_POINT('',(-0.0385,0.0575,-0.008));
#11368=CARTESIAN_POINT('',(-0.0375884573348517,0.0681346644267301,-0.008));
#11369=CARTESIAN_POINT('',(-0.0353280119742974,0.0729609179570463,-0.008));
#11370=CARTESIAN_POINT('',(-0.0343729785275812,0.075,-0.008));
#11371=CARTESIAN_POINT('',(-0.029,0.075,-0.008));
#11372=CARTESIAN_POINT('',(-0.0259821533828104,0.075,-0.008));
#11373=CARTESIAN_POINT('',(-0.0427570533800954,0.0910584889699333,-0.008));
#11374=CARTESIAN_POINT('',(-0.0189756156054658,0.0682926926757764,-0.008));
#11375=CARTESIAN_POINT('',(-0.017,0.065,-0.008));
#11376=CARTESIAN_POINT('',(-0.011,0.055,-0.008));
#11377=CARTESIAN_POINT('',(-0.0055,0.055,-0.008));
#11378=CARTESIAN_POINT('',(0.011,0.055,-0.008));
#11379=CARTESIAN_POINT('',(0.017,0.065,-0.008));
#11380=CARTESIAN_POINT('',(0.0189756156054658,0.0682926926757764,-0.008));
#11381=CARTESIAN_POINT('',(0.0427570533800954,0.0910584889699333,-0.008));
#11382=CARTESIAN_POINT('',(0.0259821533828104,0.075,-0.008));
#11383=CARTESIAN_POINT('',(0.031,0.075,-0.008));
#11384=CARTESIAN_POINT('',(0.0343729785275812,0.075,-0.008));
#11385=CARTESIAN_POINT('',(0.0353280119742974,0.0729609179570463,-0.008));
#11386=CARTESIAN_POINT('',(0.0375884573348517,0.0681346644267301,-0.008));
#11387=CARTESIAN_POINT('',(0.0385,0.0575,-0.008));
#11388=CARTESIAN_POINT('',(0.04,0.04,-0.008));
#11389=CARTESIAN_POINT('',(0.045,0.0325,-0.008));
#11390=CARTESIAN_POINT('',(0.05,0.025,-0.008));
#11391=CARTESIAN_POINT('',(0.053,0.0195454545454546,-0.008));
#11392=CARTESIAN_POINT('',(0.05562864772603,0.014766095043582,-0.008));
#11393=CARTESIAN_POINT('',(0.053,0.0133203387942655,-0.008));
#11394=CARTESIAN_POINT('',(0.056,0.0133203387942655,-0.008));
#11395=CARTESIAN_POINT('',(0.056,0.00454545454545457,-0.008));
#11396=CARTESIAN_POINT('',(0.056,-0.005,-0.008));
#11397=CARTESIAN_POINT('',(0.0545,-0.0125,-0.008));
#11398=CARTESIAN_POINT('',(0.0550922265936042,-0.00953886703197904,-0.008));
#11399=CARTESIAN_POINT('',(0.0487673161892166,-0.00827388495110148,-0.008));
#11400=CARTESIAN_POINT('',(0.050719420408933,-0.0144215642208616,-0.008));
#11401=CARTESIAN_POINT('',(0.049,-0.0134,-0.008));
#11402=CARTESIAN_POINT('',(0.051,-0.0134,-0.008));
#11403=CARTESIAN_POINT('',(0.051,0.0006,-0.008));
#11404=CARTESIAN_POINT('',(0.051,0.0146,-0.008));
#11405=CARTESIAN_POINT('',(0.049,0.0146,-0.008));
#11406=CARTESIAN_POINT('',(0.049,0.0166,-0.008));
#11407=CARTESIAN_POINT('',(0.046,0.0166,-0.008));
#11408=CARTESIAN_POINT('',(0.045,0.0166,-0.008));
#11409=CARTESIAN_POINT('',(0.045,0.0146,-0.008));
#11410=CARTESIAN_POINT('',(0.043,0.0146,-0.008));
#11411=CARTESIAN_POINT('',(0.043,0.0073,-0.008));
#11412=CARTESIAN_POINT('',(0.043,-0.012354746833922,-0.008));
#11413=CARTESIAN_POINT('',(0.00524686288826013,0.0319690555292186,-0.008));
#11414=CARTESIAN_POINT('',(0.0400228639715749,-0.00885946143441901,-0.008));
#11415=CARTESIAN_POINT('',(0.,-0.00885946143441901,-0.008));
#11416=CARTESIAN_POINT('',(0.0255622042045625,-0.00885946143441901,-0.008));
#11417=CARTESIAN_POINT('',(0.0326874675559081,-0.000558789089637479,-0.008));
#11418=CARTESIAN_POINT('',(-5.71367394202649E-5,-0.0125626104841652,-0.006));
#11419=CARTESIAN_POINT('',(0.022355997250494,-0.0125945757850004,-0.006));
#11420=CARTESIAN_POINT('',(-0.0223563824425799,-0.0125308076092248,-0.006));
#11421=CARTESIAN_POINT('',(-5.71367394202649E-5,-0.0125626104841652,-0.006));
#11422=CARTESIAN_POINT('',(-0.0432326368877598,-0.0143361771357456,-0.00679514602380176));
#11423=CARTESIAN_POINT('',(-0.0432890886136347,-0.014442749593162,-0.00654899872678901));
#11424=CARTESIAN_POINT('',(-0.0433302617501541,-0.0145008969874615,-0.00627772012633396));
#11425=CARTESIAN_POINT('',(-0.0433302617501541,-0.0145008969874615,-0.006));
#11426=CARTESIAN_POINT('',(-0.0432326368877598,-0.0143361771357456,-0.00679514602380176));
#11427=CARTESIAN_POINT('',(-0.0433302617501541,-0.0145008969874615,-0.006));
#11428=CARTESIAN_POINT('',(-0.0432300196376593,-0.0125010379173662,-0.006));
#11429=CARTESIAN_POINT('',(-0.0432328720070191,-0.0145010358833624,-0.006));
#11430=CARTESIAN_POINT('',(-1.50770007380612E-5,-0.014562672503187,-0.006));
#11431=CARTESIAN_POINT('',(-5.71367394202649E-5,-0.0125626104841652,-0.006));
#11432=CARTESIAN_POINT('',(0.0432296327006109,-0.0126243454743705,-0.006));
#11433=CARTESIAN_POINT('',(0.0432272060358844,-0.0143258518028256,-0.00705112812041426));
#11434=CARTESIAN_POINT('',(0.0434187623171748,-0.0146246172424123,-0.006));
#11435=CARTESIAN_POINT('',(0.0434187623171748,-0.0146246172424123,-0.0063800126610266));
#11436=CARTESIAN_POINT('',(0.0433269828008326,-0.0145169014353037,-0.00674209820517753));
#11437=CARTESIAN_POINT('',(0.0432272060358844,-0.0143258518028256,-0.00705112812041427));
#11438=CARTESIAN_POINT('',(-0.0415289094677198,-0.0130034660511027,-0.006502));
#11439=CARTESIAN_POINT('',(0.0454208995580154,-0.0131274726627765,0.0075));
#11440=CARTESIAN_POINT('',(0.0439203556398381,-0.0131253326078523,0.00882225692275976));
#11441=CARTESIAN_POINT('',(0.0454208995580154,-0.0131274726627765,0.0095));
#11442=CARTESIAN_POINT('',(0.0439203556398381,-0.0131253326078523,-0.006502));
#11443=CARTESIAN_POINT('',(0.0498426856955524,-0.0131337789528373,-0.006502));
#11444=CARTESIAN_POINT('',(0.0498426856955524,-0.0131337789528375,0.0094550173044356));
#11445=CARTESIAN_POINT('',(0.0494208954900078,-0.0131331774014964,0.0075));
#11446=CARTESIAN_POINT('',(0.0494208954900078,-0.0131331774014964,0.0095));
#11447=CARTESIAN_POINT('',(-0.0415289094677198,-0.0130034660511027,0.0095));
#11448=CARTESIAN_POINT('',(0.,0.0275,-0.0065));
#11449=CARTESIAN_POINT('',(0.,-0.00798904296612878,-0.0065));
#11450=CARTESIAN_POINT('',(0.043,-0.00798904296612878,-0.0065));
#11451=CARTESIAN_POINT('',(0.02,-0.00798904296612878,-0.0065));
#11452=CARTESIAN_POINT('',(0.02,0.00721298999529812,-0.0065));
#11453=CARTESIAN_POINT('',(0.02,0.00926502295672502,-0.0065));
#11454=CARTESIAN_POINT('',(2.87569479644248E-18,0.00926502295672501,-0.0065));
#11455=CARTESIAN_POINT('',(0.043,0.00926502295672502,-0.0065));
#11456=CARTESIAN_POINT('',(0.043,0.0275,-0.0065));
#11457=CARTESIAN_POINT('',(0.043,0.0146,-0.0065));
#11458=CARTESIAN_POINT('',(0.045,0.0146,-0.0065));
#11459=CARTESIAN_POINT('',(0.045,0.0166,-0.0065));
#11460=CARTESIAN_POINT('',(0.,0.0166,-0.0065));
#11461=CARTESIAN_POINT('',(0.049,0.0166,-0.0065));
#11462=CARTESIAN_POINT('',(0.049,0.0146,-0.0065));
#11463=CARTESIAN_POINT('',(0.051,0.0146,-0.0065));
#11464=CARTESIAN_POINT('',(0.051,0.0275,-0.0065));
#11465=CARTESIAN_POINT('',(0.051,-0.0127115968041936,-0.0065));
#11466=CARTESIAN_POINT('',(0.0487221918579491,-0.00826486008484805,-0.0065));
#11467=CARTESIAN_POINT('',(0.0536213555800678,-0.00924469282927179,-0.0065));
#11468=CARTESIAN_POINT('',(0.0586252828326175,0.0157749434334765,-0.0065));
#11469=CARTESIAN_POINT('',(0.0545,-0.00485147072961081,-0.0065));
#11470=CARTESIAN_POINT('',(0.0545,0.0275,-0.0065));
#11471=CARTESIAN_POINT('',(0.0545,0.0137056239425873,-0.0065));
#11472=CARTESIAN_POINT('',(0.0360177298797874,0.047309751433883,-0.0065));
#11473=CARTESIAN_POINT('',(0.0508338185529943,0.0203714083916886,-0.0065));
#11474=CARTESIAN_POINT('',(0.0482051708269643,0.0189256521423721,-0.0065));
#11475=CARTESIAN_POINT('',(0.0482296987414108,0.0219255518709319,-0.0065));
#11476=CARTESIAN_POINT('',(0.0482480946772456,0.0241754766673517,-0.0065));
#11477=CARTESIAN_POINT('',(0.0461538216146707,0.0249979852322757,-0.0065));
#11478=CARTESIAN_POINT('',(0.0433614575312376,0.0260946633188411,-0.0065));
#11479=CARTESIAN_POINT('',(0.0457040639595667,0.0279687484615044,-0.0065));
#11480=CARTESIAN_POINT('',(0.0280969894687623,0.0499775915750098,-0.0065));
#11481=CARTESIAN_POINT('',(0.0403802825385525,0.0346234752377721,-0.0065));
#11482=CARTESIAN_POINT('',(0.0364759384913373,0.0315,-0.0065));
#11483=CARTESIAN_POINT('',(0.0364759384913373,0.0365,-0.0065));
#11484=CARTESIAN_POINT('',(0.,0.0365,-0.0065));
#11485=CARTESIAN_POINT('',(0.0195,0.0365,-0.0065));
#11486=CARTESIAN_POINT('',(0.0195,0.0275,-0.0065));
#11487=CARTESIAN_POINT('',(0.0195,0.0254204545454545,-0.0065));
#11488=CARTESIAN_POINT('',(0.,0.0254204545454545,-0.0065));
#11489=CARTESIAN_POINT('',(0.014,0.0254204545454545,-0.0065));
#11490=CARTESIAN_POINT('',(0.014,0.0232763679245326,-0.0065));
#11491=CARTESIAN_POINT('',(0.012,0.0232763679245326,-0.0065));
#11492=CARTESIAN_POINT('',(0.012,0.0185602272727272,-0.0065));
#11493=CARTESIAN_POINT('',(0.012,0.0137,-0.0065));
#11494=CARTESIAN_POINT('',(0.01,0.0137,-0.0065));
#11495=CARTESIAN_POINT('',(0.01,0.0117,-0.0065));
#11496=CARTESIAN_POINT('',(0.0115,0.0117,-0.0065));
#11497=CARTESIAN_POINT('',(-0.00125,0.0117,-0.0065));
#11498=CARTESIAN_POINT('',(-0.00125,0.01245,-0.0065));
#11499=CARTESIAN_POINT('',(-0.00125,0.0132,-0.0065));
#11500=CARTESIAN_POINT('',(0.00425,0.0132,-0.0065));
#11501=CARTESIAN_POINT('',(0.0105,0.0132,-0.0065));
#11502=CARTESIAN_POINT('',(0.0105,0.01435,-0.0065));
#11503=CARTESIAN_POINT('',(0.0105,0.0155,-0.0065));
#11504=CARTESIAN_POINT('',(0.,0.0155,-0.0065));
#11505=CARTESIAN_POINT('',(-0.011,0.0155,-0.0065));
#11506=CARTESIAN_POINT('',(-0.011,0.0275,-0.0065));
#11507=CARTESIAN_POINT('',(-0.011,0.0232763679245326,-0.0065));
#11508=CARTESIAN_POINT('',(-0.013,0.0232763679245326,-0.0065));
#11509=CARTESIAN_POINT('',(-0.013,0.0254204545454545,-0.0065));
#11510=CARTESIAN_POINT('',(0.,0.0254204545454545,-0.0065));
#11511=CARTESIAN_POINT('',(-0.0195,0.0254204545454545,-0.0065));
#11512=CARTESIAN_POINT('',(-0.0195,0.0275,-0.0065));
#11513=CARTESIAN_POINT('',(-0.0195,0.0365,-0.0065));
#11514=CARTESIAN_POINT('',(0.,0.0365,-0.0065));
#11515=CARTESIAN_POINT('',(-0.0364759384913373,0.0365,-0.0065));
#11516=CARTESIAN_POINT('',(-0.0364759384913373,0.0315,-0.0065));
#11517=CARTESIAN_POINT('',(-0.0403802825385525,0.0346234752377721,-0.0065));
#11518=CARTESIAN_POINT('',(-0.0280969894687623,0.0499775915750098,-0.0065));
#11519=CARTESIAN_POINT('',(-0.0457070339196085,0.0279650360114522,-0.0065));
#11520=CARTESIAN_POINT('',(-0.0433644274912794,0.0260909508687888,-0.0065));
#11521=CARTESIAN_POINT('',(-0.0461550175737822,0.0249897665102744,-0.0065));
#11522=CARTESIAN_POINT('',(-0.0482479601356593,0.0241638782413885,-0.0065));
#11523=CARTESIAN_POINT('',(-0.0482323674205813,0.0219139322715402,-0.0065));
#11524=CARTESIAN_POINT('',(-0.0482115771338106,0.0189140043117426,-0.0065));
#11525=CARTESIAN_POINT('',(-0.0508402248598406,0.020359760561059,-0.0065));
#11526=CARTESIAN_POINT('',(-0.0360177298797874,0.047309751433883,-0.0065));
#11527=CARTESIAN_POINT('',(-0.0545,0.0137056239425873,-0.0065));
#11528=CARTESIAN_POINT('',(-0.0545,0.0275,-0.0065));
#11529=CARTESIAN_POINT('',(-0.0545,-0.00485147072961082,-0.0065));
#11530=CARTESIAN_POINT('',(-0.0586252828326175,0.0157749434334765,-0.0065));
#11531=CARTESIAN_POINT('',(-0.0536364040570809,-0.00916945044420614,-0.0065));
#11532=CARTESIAN_POINT('',(-0.0488395335301124,-0.00821007633881243,-0.0065));
#11533=CARTESIAN_POINT('',(-0.051,-0.0125990113074684,-0.0065));
#11534=CARTESIAN_POINT('',(-0.051,0.0275,-0.0065));
#11535=CARTESIAN_POINT('',(-0.051,0.0146,-0.0065));
#11536=CARTESIAN_POINT('',(-0.049,0.0146,-0.0065));
#11537=CARTESIAN_POINT('',(-0.049,0.0166,-0.0065));
#11538=CARTESIAN_POINT('',(0.,0.0166,-0.0065));
#11539=CARTESIAN_POINT('',(-0.045,0.0166,-0.0065));
#11540=CARTESIAN_POINT('',(-0.045,0.0146,-0.0065));
#11541=CARTESIAN_POINT('',(-0.043,0.0146,-0.0065));
#11542=CARTESIAN_POINT('',(-0.043,0.0275,-0.0065));
#11543=CARTESIAN_POINT('',(-0.043,0.00926206100716654,-0.0065));
#11544=CARTESIAN_POINT('',(0.,0.00926206100716654,-0.0065));
#11545=CARTESIAN_POINT('',(-0.0209,0.00926206100716654,-0.0065));
#11546=CARTESIAN_POINT('',(-0.0209,0.000610028045739637,-0.0065));
#11547=CARTESIAN_POINT('',(-0.0209,-0.00804200491568726,-0.0065));
#11548=CARTESIAN_POINT('',(0.,-0.00804200491568726,-0.0065));
#11549=CARTESIAN_POINT('',(-0.043,-0.00804200491568726,-0.0065));
#11550=CARTESIAN_POINT('',(-0.043,0.0275,-0.0065));
#11551=CARTESIAN_POINT('',(-0.043,-0.0130011877990455,-0.0065));
#11552=CARTESIAN_POINT('',(-0.0405952815313069,-0.0101922975783165,-0.0065));
#11553=CARTESIAN_POINT('',(-0.0401535499623206,-0.00967632221551771,-0.0065));
#11554=CARTESIAN_POINT('',(-0.0392419768909099,-0.0104567288630284,-0.0065));
#11555=CARTESIAN_POINT('',(-0.0392402654692939,-0.00925673008343065,-0.0065));
#11556=CARTESIAN_POINT('',(-0.0292936680250809,-0.00927091578275031,-0.0065));
#11557=CARTESIAN_POINT('',(-0.0263458650608055,-0.00927511989845312,-0.0065));
#11558=CARTESIAN_POINT('',(-0.0263475764824215,-0.0104751186780509,-0.0065));
#11559=CARTESIAN_POINT('',(-0.025435063927733,-0.00969581075589436,-0.0065));
#11560=CARTESIAN_POINT('',(-0.0249920473998416,-0.0102145506944243,-0.0065));
#11561=CARTESIAN_POINT('',(-0.0234182263816782,-0.0120573799498138,-0.0065));
#11562=CARTESIAN_POINT('',(-0.021897372123864,-0.0107585334128863,-0.0065));
#11563=CARTESIAN_POINT('',(-0.0205263237884638,-0.0122146331560344,-0.0065));
#11564=CARTESIAN_POINT('',(-0.0225828962915641,-0.0100304835413122,-0.0065));
#11565=CARTESIAN_POINT('',(-0.0199531474109651,-0.0114742358832974,-0.0065));
#11566=CARTESIAN_POINT('',(-0.0181999814905657,-0.0124367374446209,-0.0065));
#11567=CARTESIAN_POINT('',(-0.0164440772948845,-0.0114792404704276,-0.0065));
#11568=CARTESIAN_POINT('',(-0.0138102210013628,-0.0100429950091376,-0.0065));
#11569=CARTESIAN_POINT('',(-0.0138144995554027,-0.013042991958132,-0.0065));
#11570=CARTESIAN_POINT('',(-0.0415289094677198,-0.0130034660511027,-0.0065));
#11571=CARTESIAN_POINT('',(0.0138127881355272,-0.0130823936126575,-0.0065));
#11572=CARTESIAN_POINT('',(0.0138170666895671,-0.0100823966636631,-0.0065));
#11573=CARTESIAN_POINT('',(0.0164468155701662,-0.0115261490056483,-0.0065));
#11574=CARTESIAN_POINT('',(0.0181999814905657,-0.0124886505669718,-0.0065));
#11575=CARTESIAN_POINT('',(0.0199558856862468,-0.0115311535927785,-0.0065));
#11576=CARTESIAN_POINT('',(0.0225897419797685,-0.0100949081314885,-0.0065));
#11577=CARTESIAN_POINT('',(0.0205260269681018,-0.0122723103337979,-0.0065));
#11578=CARTESIAN_POINT('',(0.0219018369758796,-0.0108207088655917,-0.0065));
#11579=CARTESIAN_POINT('',(0.0234194101566079,-0.0121233875063678,-0.0065));
#11580=CARTESIAN_POINT('',(0.0233870858307212,-0.0121610441689669,-0.0065));
#11581=CARTESIAN_POINT('',(0.0254328063559892,-0.00977785424995333,-0.0065));
#11582=CARTESIAN_POINT('',(0.0263433502644261,-0.010559461434419,-0.0065));
#11583=CARTESIAN_POINT('',(0.0263433502644261,-0.00935946143441901,-0.0065));
#11584=CARTESIAN_POINT('',(0.0292919530456989,-0.00935946143441901,-0.0065));
#11585=CARTESIAN_POINT('',(0.0392377668235963,-0.00935946143441901,-0.0065));
#11586=CARTESIAN_POINT('',(0.0392377668235963,-0.010559461434419,-0.0065));
#11587=CARTESIAN_POINT('',(0.0401513011862641,-0.00978135156542542,-0.0065));
#11588=CARTESIAN_POINT('',(0.0405935754506914,-0.010300600522903,-0.0065));
#11589=CARTESIAN_POINT('',(0.0424006507380851,-0.0124221844235121,-0.0065));
#11590=CARTESIAN_POINT('',(0.043923208009198,-0.0111253346418561,-0.0065));
#11591=CARTESIAN_POINT('',(0.043,-0.0128995068352332,-0.0065));
#11592=CARTESIAN_POINT('',(0.043,0.0275,-0.0065));
#11593=CARTESIAN_POINT('',(-0.0209,0.0155,-0.0065));
#11594=CARTESIAN_POINT('',(-0.0209,0.0165,-0.0065));
#11595=CARTESIAN_POINT('',(-0.0209,0.0155,-0.0065));
#11596=CARTESIAN_POINT('',(-0.0217,0.0155,-0.0065));
#11597=CARTESIAN_POINT('',(-0.022,0.0155,-0.0065));
#11598=CARTESIAN_POINT('',(-0.022,0.0144,-0.0065));
#11599=CARTESIAN_POINT('',(-0.022,0.0133,-0.0065));
#11600=CARTESIAN_POINT('',(-0.0217,0.0133,-0.0065));
#11601=CARTESIAN_POINT('',(-0.0209,0.0133,-0.0065));
#11602=CARTESIAN_POINT('',(-0.0209,0.0128,-0.0065));
#11603=CARTESIAN_POINT('',(-0.0209,0.0123,-0.0065));
#11604=CARTESIAN_POINT('',(-0.0225,0.0123,-0.0065));
#11605=CARTESIAN_POINT('',(-0.022,0.0123,-0.0065));
#11606=CARTESIAN_POINT('',(-0.022,0.0133,-0.0065));
#11607=CARTESIAN_POINT('',(-0.023,0.0133,-0.0065));
#11608=CARTESIAN_POINT('',(-0.023,0.016,-0.0065));
#11609=CARTESIAN_POINT('',(-0.023,0.0155,-0.0065));
#11610=CARTESIAN_POINT('',(-0.022,0.0155,-0.0065));
#11611=CARTESIAN_POINT('',(-0.022,0.0165,-0.0065));
#11612=CARTESIAN_POINT('',(-0.0214,0.0165,-0.0065));
#11613=CARTESIAN_POINT('',(-0.0315508907043908,0.0615,0.00656341376956702));
#11614=CARTESIAN_POINT('',(-0.031964758298631,0.0427963389398235,0.0050012580714761));
#11615=CARTESIAN_POINT('',(-0.0314088515726838,0.0429179689364208,0.00492543032525725));
#11616=CARTESIAN_POINT('',(-0.0307599049185538,0.0426118290993472,0.00511604325880971));
#11617=CARTESIAN_POINT('',(-0.030313095039597,0.0420300056973939,0.00550393852658388));
#11618=CARTESIAN_POINT('',(-0.030038683156836,0.0413977671464828,0.00596107609149756));
#11619=CARTESIAN_POINT('',(-0.0299267638561148,0.0407608423102941,0.00646033739402161));
#11620=CARTESIAN_POINT('',(-0.0299772496651408,0.0401311656161396,0.00699628906285833));
#11621=CARTESIAN_POINT('',(-0.0302276043656696,0.0395504153260664,0.00753226731148622));
#11622=CARTESIAN_POINT('',(-0.0307329961784957,0.0390721992846715,0.00800887779283191));
#11623=CARTESIAN_POINT('',(-0.0315483976539758,0.0388526785194041,0.00824029596643193));
#11624=CARTESIAN_POINT('',(-0.0323670636495108,0.0390707082222741,0.008010413836728));
#11625=CARTESIAN_POINT('',(-0.0328742315641609,0.0395500479868791,0.00753255920715176));
#11626=CARTESIAN_POINT('',(-0.0331240143840193,0.0401313025059972,0.00699628349304742));
#11627=CARTESIAN_POINT('',(-0.0331757003207207,0.0407553157841949,0.00646480334795393));
#11628=CARTESIAN_POINT('',(-0.0330618362355373,0.0414002899098057,0.00595911120111683));
#11629=CARTESIAN_POINT('',(-0.0327923402758741,0.0420277953687995,0.00550555795310053));
#11630=CARTESIAN_POINT('',(-0.0324087006542464,0.0425149903147445,0.00518052044302655));
#11631=CARTESIAN_POINT('',(-0.031964758298631,0.0427963389398235,0.0050012580714761));
#11632=CARTESIAN_POINT('',(-0.0314088515726838,0.0429179689364208,0.00492543032525725));
#11633=CARTESIAN_POINT('',(-0.0307599049185538,0.0426118290993472,0.00511604325880971));
#11634=CARTESIAN_POINT('',(-0.0315508907043908,0.0428570162817501,0.00496341376956703));
#11635=CARTESIAN_POINT('',(-0.0315508907043908,0.0375,0.00656341376956702));
#11636=CARTESIAN_POINT('',(-0.0315508907043908,0.0375,0.00496341376956702));
#11637=CARTESIAN_POINT('',(0.0315508907043908,0.0615,0.00656341376956718));
#11638=CARTESIAN_POINT('',(0.0311370231101507,0.0427963389398233,0.00500125807147625));
#11639=CARTESIAN_POINT('',(0.0316929298360979,0.0429179689364205,0.0049254303252574));
#11640=CARTESIAN_POINT('',(0.0323418764902279,0.0426118290993469,0.00511604325880987));
#11641=CARTESIAN_POINT('',(0.0327886863691847,0.0420300056973936,0.00550393852658402));
#11642=CARTESIAN_POINT('',(0.0330630982519457,0.0413977671464826,0.00596107609149771));
#11643=CARTESIAN_POINT('',(0.0331750175526669,0.0407608423102939,0.00646033739402177));
#11644=CARTESIAN_POINT('',(0.0331245317436409,0.0401311656161395,0.00699628906285848));
#11645=CARTESIAN_POINT('',(0.0328741770431121,0.0395504153260662,0.0075322673114864));
#11646=CARTESIAN_POINT('',(0.032368785230286,0.0390721992846714,0.00800887779283206));
#11647=CARTESIAN_POINT('',(0.031553383754806,0.038852678519404,0.00824029596643209));
#11648=CARTESIAN_POINT('',(0.0307347177592709,0.039070708222274,0.00801041383672817));
#11649=CARTESIAN_POINT('',(0.0302275498446208,0.0395500479868789,0.00753255920715192));
#11650=CARTESIAN_POINT('',(0.0299777670247624,0.040131302505997,0.00699628349304759));
#11651=CARTESIAN_POINT('',(0.029926081088061,0.0407553157841947,0.0064648033479541));
#11652=CARTESIAN_POINT('',(0.0300399451732444,0.0414002899098055,0.00595911120111698));
#11653=CARTESIAN_POINT('',(0.0303094411329076,0.0420277953687993,0.00550555795310069));
#11654=CARTESIAN_POINT('',(0.0306930807545353,0.0425149903147443,0.00518052044302671));
#11655=CARTESIAN_POINT('',(0.0311370231101507,0.0427963389398233,0.00500125807147625));
#11656=CARTESIAN_POINT('',(0.0316929298360979,0.0429179689364205,0.0049254303252574));
#11657=CARTESIAN_POINT('',(0.0323418764902279,0.0426118290993469,0.00511604325880987));
#11658=CARTESIAN_POINT('',(0.0315508907043908,0.0428570162817499,0.00496341376956718));
#11659=CARTESIAN_POINT('',(0.0315508907043908,0.0375,0.00656341376956718));
#11660=CARTESIAN_POINT('',(0.0315508907043908,0.0375,0.00496341376956718));
#11661=CARTESIAN_POINT('',(6.93889390390723E-18,0.0116879899952981,-0.004));
#11662=CARTESIAN_POINT('',(0.036,0.0116879899952981,-0.004));
#11663=CARTESIAN_POINT('',(0.036,0.00663798999529812,-0.004));
#11664=CARTESIAN_POINT('',(0.0362,0.00663798999529812,-0.004));
#11665=CARTESIAN_POINT('',(6.93889390390723E-18,0.0116879899952981,-0.004));
#11666=CARTESIAN_POINT('',(0.0368,0.00663798999529812,-0.004));
#11667=CARTESIAN_POINT('',(0.037,0.00663798999529812,-0.004));
#11668=CARTESIAN_POINT('',(0.037,0.000637989995298125,-0.004));
#11669=CARTESIAN_POINT('',(6.93889390390723E-18,0.0116879899952981,-0.004));
#11670=CARTESIAN_POINT('',(0.0401,0.0116879899952981,-0.004));
#11671=CARTESIAN_POINT('',(0.0401,0.00663798999529812,-0.004));
#11672=CARTESIAN_POINT('',(0.0403,0.00663798999529812,-0.004));
#11673=CARTESIAN_POINT('',(6.93889390390723E-18,0.0116879899952981,-0.004));
#11674=CARTESIAN_POINT('',(0.03795,-0.00556201000470188,-0.004));
#11675=CARTESIAN_POINT('',(0.0411,-0.00556201000470188,-0.004));
#11676=CARTESIAN_POINT('',(0.0409,-0.00556201000470188,-0.004));
#11677=CARTESIAN_POINT('',(0.0411,0.000637989995298125,-0.004));
#11678=CARTESIAN_POINT('',(0.0411,-0.00536201000470188,-0.004));
#11679=CARTESIAN_POINT('',(0.0409,-0.00536201000470188,-0.004));
#11680=CARTESIAN_POINT('',(6.93889390390723E-18,0.0116879899952981,-0.004));
#11681=CARTESIAN_POINT('',(0.03795,-0.00556201000470188,-0.004));
#11682=CARTESIAN_POINT('',(0.0403,-0.00556201000470188,-0.004));
#11683=CARTESIAN_POINT('',(0.0401,-0.00556201000470188,-0.004));
#11684=CARTESIAN_POINT('',(0.0403,-0.00536201000470188,-0.004));
#11685=CARTESIAN_POINT('',(0.0401,-0.00536201000470188,-0.004));
#11686=CARTESIAN_POINT('',(0.0401,0.0116879899952981,-0.004));
#11687=CARTESIAN_POINT('',(6.93889390390723E-18,0.0116879899952981,-0.004));
#11688=CARTESIAN_POINT('',(0.03795,-0.00556201000470188,-0.004));
#11689=CARTESIAN_POINT('',(0.037,-0.00556201000470188,-0.004));
#11690=CARTESIAN_POINT('',(0.0368,-0.00556201000470188,-0.004));
#11691=CARTESIAN_POINT('',(0.037,0.000637989995298125,-0.004));
#11692=CARTESIAN_POINT('',(0.037,-0.00536201000470188,-0.004));
#11693=CARTESIAN_POINT('',(0.0368,-0.00536201000470188,-0.004));
#11694=CARTESIAN_POINT('',(6.93889390390723E-18,0.0116879899952981,-0.004));
#11695=CARTESIAN_POINT('',(-0.036,0.000610028045739637,-0.004));
#11696=CARTESIAN_POINT('',(-0.036,0.00683502804573964,-0.004));
#11697=CARTESIAN_POINT('',(-0.036,0.00663502804573964,-0.004));
#11698=CARTESIAN_POINT('',(-0.03795,0.00683502804573964,-0.004));
#11699=CARTESIAN_POINT('',(-0.0362,0.00683502804573964,-0.004));
#11700=CARTESIAN_POINT('',(-0.0362,0.00663502804573964,-0.004));
#11701=CARTESIAN_POINT('',(6.93889390390723E-18,0.0116879899952981,-0.004));
#11702=CARTESIAN_POINT('',(-0.0368,0.00663502804573964,-0.004));
#11703=CARTESIAN_POINT('',(-0.037,0.00663502804573964,-0.004));
#11704=CARTESIAN_POINT('',(-0.0368,0.00683502804573964,-0.004));
#11705=CARTESIAN_POINT('',(-0.03795,0.00683502804573964,-0.004));
#11706=CARTESIAN_POINT('',(-0.037,0.00683502804573964,-0.004));
#11707=CARTESIAN_POINT('',(-0.037,0.0116879899952981,-0.004));
#11708=CARTESIAN_POINT('',(6.93889390390723E-18,0.0116879899952981,-0.004));
#11709=CARTESIAN_POINT('',(-0.0401,0.000610028045739637,-0.004));
#11710=CARTESIAN_POINT('',(-0.0401,0.00683502804573964,-0.004));
#11711=CARTESIAN_POINT('',(-0.0401,0.00663502804573964,-0.004));
#11712=CARTESIAN_POINT('',(-0.03795,0.00683502804573964,-0.004));
#11713=CARTESIAN_POINT('',(-0.0403,0.00683502804573964,-0.004));
#11714=CARTESIAN_POINT('',(-0.0403,0.00663502804573964,-0.004));
#11715=CARTESIAN_POINT('',(6.93889390390723E-18,0.0116879899952981,-0.004));
#11716=CARTESIAN_POINT('',(-0.0409,0.00663502804573964,-0.004));
#11717=CARTESIAN_POINT('',(-0.0411,0.00663502804573964,-0.004));
#11718=CARTESIAN_POINT('',(-0.0409,0.00683502804573964,-0.004));
#11719=CARTESIAN_POINT('',(-0.03795,0.00683502804573964,-0.004));
#11720=CARTESIAN_POINT('',(-0.0411,0.00683502804573964,-0.004));
#11721=CARTESIAN_POINT('',(-0.0411,0.0116879899952981,-0.004));
#11722=CARTESIAN_POINT('',(6.93889390390723E-18,0.0116879899952981,-0.004));
#11723=CARTESIAN_POINT('',(-0.03795,-0.00561497195426036,-0.004));
#11724=CARTESIAN_POINT('',(-0.036,-0.00561497195426036,-0.004));
#11725=CARTESIAN_POINT('',(-0.0362,-0.00561497195426036,-0.004));
#11726=CARTESIAN_POINT('',(-0.036,0.000610028045739637,-0.004));
#11727=CARTESIAN_POINT('',(-0.036,-0.00541497195426036,-0.004));
#11728=CARTESIAN_POINT('',(-0.0362,-0.00541497195426036,-0.004));
#11729=CARTESIAN_POINT('',(6.93889390390723E-18,0.0116879899952981,-0.004));
#11730=CARTESIAN_POINT('',(-0.03795,-0.00561497195426036,-0.004));
#11731=CARTESIAN_POINT('',(-0.0368,-0.00561497195426036,-0.004));
#11732=CARTESIAN_POINT('',(-0.037,-0.00561497195426036,-0.004));
#11733=CARTESIAN_POINT('',(-0.0368,-0.00541497195426036,-0.004));
#11734=CARTESIAN_POINT('',(-0.037,-0.00541497195426036,-0.004));
#11735=CARTESIAN_POINT('',(-0.037,0.0116879899952981,-0.004));
#11736=CARTESIAN_POINT('',(6.93889390390723E-18,0.0116879899952981,-0.004));
#11737=CARTESIAN_POINT('',(-0.03795,-0.00561497195426036,-0.004));
#11738=CARTESIAN_POINT('',(-0.0401,-0.00561497195426036,-0.004));
#11739=CARTESIAN_POINT('',(-0.0403,-0.00561497195426036,-0.004));
#11740=CARTESIAN_POINT('',(-0.0401,0.000610028045739637,-0.004));
#11741=CARTESIAN_POINT('',(-0.0401,-0.00541497195426036,-0.004));
#11742=CARTESIAN_POINT('',(-0.0403,-0.00541497195426036,-0.004));
#11743=CARTESIAN_POINT('',(0.036,0.000637989995298125,0.0035));
#11744=CARTESIAN_POINT('',(0.036,-0.00481201000470188,0.0035));
#11745=CARTESIAN_POINT('',(0.036,-0.00481201000470188,-0.0025));
#11746=CARTESIAN_POINT('',(0.036,-0.00481201000470188,-0.003));
#11747=CARTESIAN_POINT('',(0.036,0.000637989995298125,-0.0025));
#11748=CARTESIAN_POINT('',(0.036,-0.00556201000470188,-0.0025));
#11749=CARTESIAN_POINT('',(0.036,-0.00556201000470188,0.0035));
#11750=CARTESIAN_POINT('',(0.036,-0.00556201000470188,-0.004));
#11751=CARTESIAN_POINT('',(0.036,0.0116879899952981,-0.004));
#11752=CARTESIAN_POINT('',(0.036,-0.00536201000470188,-0.004));
#11753=CARTESIAN_POINT('',(0.036,-0.00536201000470188,-0.0065));
#11754=CARTESIAN_POINT('',(0.036,-0.00536201000470188,-0.0065));
#11755=CARTESIAN_POINT('',(0.036,0.000637989995298125,-0.0065));
#11756=CARTESIAN_POINT('',(0.036,0.00663798999529812,-0.0065));
#11757=CARTESIAN_POINT('',(0.036,0.00663798999529812,-0.004));
#11758=CARTESIAN_POINT('',(0.036,0.00698798999529812,-0.00285));
#11759=CARTESIAN_POINT('',(0.036,0.00433798999529812,-0.0055));
#11760=CARTESIAN_POINT('',(0.036,0.000637989995298126,-0.0055));
#11761=CARTESIAN_POINT('',(0.036,-0.00231201000470188,-0.0055));
#11762=CARTESIAN_POINT('',(0.036,-0.00231201000470186,-0.00299999999999975));
#11763=CARTESIAN_POINT('',(0.037,0.000637989995298125,0.0035));
#11764=CARTESIAN_POINT('',(0.037,0.000637989995298125,-0.0025));
#11765=CARTESIAN_POINT('',(0.037,-0.00481201000470188,-0.0025));
#11766=CARTESIAN_POINT('',(0.037,-0.00556201000470188,-0.0025));
#11767=CARTESIAN_POINT('',(0.037,-0.00481201000470188,0.0035));
#11768=CARTESIAN_POINT('',(0.037,-0.00481201000470188,-0.003));
#11769=CARTESIAN_POINT('',(0.037,-0.00231201000470186,-0.00299999999999975));
#11770=CARTESIAN_POINT('',(0.037,-0.00231201000470188,-0.0055));
#11771=CARTESIAN_POINT('',(0.037,0.000637989995298126,-0.0055));
#11772=CARTESIAN_POINT('',(0.037,0.00433798999529812,-0.0055));
#11773=CARTESIAN_POINT('',(0.037,0.00698798999529812,-0.00285));
#11774=CARTESIAN_POINT('',(0.037,0.00663798999529812,0.0035));
#11775=CARTESIAN_POINT('',(0.037,0.00663798999529812,-0.0065));
#11776=CARTESIAN_POINT('',(0.037,0.000637989995298125,-0.0065));
#11777=CARTESIAN_POINT('',(0.037,-0.00536201000470188,-0.0065));
#11778=CARTESIAN_POINT('',(0.037,-0.00536201000470188,0.0035));
#11779=CARTESIAN_POINT('',(0.037,-0.00556201000470188,0.0035));
#11780=CARTESIAN_POINT('',(0.0401,0.000637989995298125,0.0035));
#11781=CARTESIAN_POINT('',(0.0401,-0.00481201000470188,0.0035));
#11782=CARTESIAN_POINT('',(0.0401,-0.00481201000470188,-0.0025));
#11783=CARTESIAN_POINT('',(0.0401,-0.00481201000470188,-0.003));
#11784=CARTESIAN_POINT('',(0.0401,0.000637989995298125,-0.0025));
#11785=CARTESIAN_POINT('',(0.0401,-0.00556201000470188,-0.0025));
#11786=CARTESIAN_POINT('',(0.0401,-0.00556201000470188,0.0035));
#11787=CARTESIAN_POINT('',(0.0401,-0.00536201000470188,-0.0065));
#11788=CARTESIAN_POINT('',(0.0401,-0.00536201000470188,-0.0065));
#11789=CARTESIAN_POINT('',(0.0401,0.000637989995298125,-0.0065));
#11790=CARTESIAN_POINT('',(0.0401,0.00663798999529812,-0.0065));
#11791=CARTESIAN_POINT('',(0.0401,0.00663798999529812,-0.004));
#11792=CARTESIAN_POINT('',(0.0401,0.00698798999529812,-0.00285));
#11793=CARTESIAN_POINT('',(0.0401,0.00433798999529812,-0.0055));
#11794=CARTESIAN_POINT('',(0.0401,0.000637989995298126,-0.0055));
#11795=CARTESIAN_POINT('',(0.0401,-0.00231201000470188,-0.0055));
#11796=CARTESIAN_POINT('',(0.0401,-0.00231201000470186,-0.00299999999999975));
#11797=CARTESIAN_POINT('',(0.0411,0.000637989995298125,0.0035));
#11798=CARTESIAN_POINT('',(0.0411,0.000637989995298125,-0.0025));
#11799=CARTESIAN_POINT('',(0.0411,-0.00481201000470188,-0.0025));
#11800=CARTESIAN_POINT('',(0.0411,-0.00556201000470188,-0.0025));
#11801=CARTESIAN_POINT('',(0.0411,-0.00481201000470188,0.0035));
#11802=CARTESIAN_POINT('',(0.0411,-0.00481201000470188,-0.003));
#11803=CARTESIAN_POINT('',(0.0411,-0.00231201000470186,-0.00299999999999975));
#11804=CARTESIAN_POINT('',(0.0411,-0.00231201000470188,-0.0055));
#11805=CARTESIAN_POINT('',(0.0411,0.000637989995298126,-0.0055));
#11806=CARTESIAN_POINT('',(0.0411,0.00433798999529812,-0.0055));
#11807=CARTESIAN_POINT('',(0.0411,0.00698798999529812,-0.00285));
#11808=CARTESIAN_POINT('',(0.0411,0.000637989995298125,-0.004));
#11809=CARTESIAN_POINT('',(0.0411,0.00663798999529812,-0.004));
#11810=CARTESIAN_POINT('',(0.0411,0.00663798999529812,0.0035));
#11811=CARTESIAN_POINT('',(0.0411,0.00663798999529812,-0.0065));
#11812=CARTESIAN_POINT('',(0.0411,0.000637989995298125,-0.0065));
#11813=CARTESIAN_POINT('',(0.0411,-0.00536201000470188,-0.0065));
#11814=CARTESIAN_POINT('',(0.0411,-0.00536201000470188,0.0035));
#11815=CARTESIAN_POINT('',(0.0411,-0.00556201000470188,0.0035));
#11816=CARTESIAN_POINT('',(1.04083408558608E-17,0.0355,0.00475));
#11817=CARTESIAN_POINT('',(-0.015,0.0355,0.015));
#11818=CARTESIAN_POINT('',(-0.015,0.0355,0.0154));
#11819=CARTESIAN_POINT('',(-0.015,0.0355,0.014));
#11820=CARTESIAN_POINT('',(-0.019,0.0355,0.0154));
#11821=CARTESIAN_POINT('',(-0.025130461058748,0.0355,0.0154));
#11822=CARTESIAN_POINT('',(-0.025130461058748,0.0355,0.0154));
#11823=CARTESIAN_POINT('',(-0.025130461058748,0.0355,0.016));
#11824=CARTESIAN_POINT('',(-0.0225903191945178,0.0355,0.0198102127963452));
#11825=CARTESIAN_POINT('',(-0.0255,0.0355,0.0154456915881219));
#11826=CARTESIAN_POINT('',(-0.0255,0.0355,0.015));
#11827=CARTESIAN_POINT('',(-0.0255,0.0355,0.014));
#11828=CARTESIAN_POINT('',(-0.019,0.0355,0.014));
#11829=CARTESIAN_POINT('',(-0.0415289094677198,-0.0130034660511027,-0.006502));
#11830=CARTESIAN_POINT('',(0.00469136541479748,-0.0130693847660836,-0.006502));
#11831=CARTESIAN_POINT('',(0.00469136541479748,-0.0130693847660836,-0.00046));
#11832=CARTESIAN_POINT('',(0.00469136541479748,-0.0130693847660836,0.00297));
#11833=CARTESIAN_POINT('',(-0.0415289094677198,-0.0130034660511027,0.00297));
#11834=CARTESIAN_POINT('',(0.00289136724540087,-0.0130668176336597,0.00297));
#11835=CARTESIAN_POINT('',(0.00289136724540087,-0.0130668176336597,-0.006502));
#11836=CARTESIAN_POINT('',(0.00289136724540087,-0.0130668176336597,0.00846));
#11837=CARTESIAN_POINT('',(0.00189136826240276,-0.0130653914489797,0.00846));
#11838=CARTESIAN_POINT('',(0.00189136826240277,-0.0130653914489797,0.00946));
#11839=CARTESIAN_POINT('',(-0.0415289094677198,-0.0130034660511027,0.00946));
#11840=CARTESIAN_POINT('',(-0.00192862785265003,-0.0130599434235022,0.00946));
#11841=CARTESIAN_POINT('',(-0.00192862785265003,-0.0130599434235022,0.00846));
#11842=CARTESIAN_POINT('',(-0.00292862683564815,-0.0130585172388222,0.00846));
#11843=CARTESIAN_POINT('',(-0.00292862683564814,-0.0130585172388222,-0.006502));
#11844=CARTESIAN_POINT('',(-0.00292862683564814,-0.0130585172388222,0.00297));
#11845=CARTESIAN_POINT('',(-0.00382862592034644,-0.0130572336726102,0.00297));
#11846=CARTESIAN_POINT('',(-0.00472862500504474,-0.0130559501063983,0.00296999664561095));
#11847=CARTESIAN_POINT('',(-0.00472862500504474,-0.0130559501063983,-0.00046));
#11848=CARTESIAN_POINT('',(-0.00472862500504474,-0.0130559501063983,-0.00046));
#11849=CARTESIAN_POINT('',(-0.00192862785265003,-0.0130599434235022,-0.00046));
#11850=CARTESIAN_POINT('',(-0.00192862785265003,-0.0130599434235022,-0.00326));
#11851=CARTESIAN_POINT('',(-0.0415289094677198,-0.0130034660511027,-0.00326));
#11852=CARTESIAN_POINT('',(0.00189136826240276,-0.0130653914489797,-0.00326));
#11853=CARTESIAN_POINT('',(0.00189136826240276,-0.0130653914489797,-0.00046));
#11854=CARTESIAN_POINT('',(0.0138127881355272,-0.0130823936126575,-0.0065));
#11855=CARTESIAN_POINT('',(-0.0138144995554027,-0.013042991958132,0.014));
#11856=CARTESIAN_POINT('',(-0.0415289094677198,-0.0130034660511027,-0.006502));
#11857=CARTESIAN_POINT('',(-0.0435535459628116,-0.0130005785426143,-0.0063699916140526));
#11858=CARTESIAN_POINT('',(-0.0435535459628116,-0.0130005785426142,0.00842243103533836));
#11859=CARTESIAN_POINT('',(-0.0453281204413061,-0.0129980476691056,0.0075));
#11860=CARTESIAN_POINT('',(-0.0453281204413061,-0.0129980476691056,0.0095));
#11861=CARTESIAN_POINT('',(-0.0415289094677198,-0.0130034660511027,0.0095));
#11862=CARTESIAN_POINT('',(-0.0493281163732986,-0.0129923429303858,0.0095));
#11863=CARTESIAN_POINT('',(-0.0493281163732986,-0.0129923429303858,0.0075));
#11864=CARTESIAN_POINT('',(-0.0498728396970285,-0.0129915660535366,0.00942438974665917));
#11865=CARTESIAN_POINT('',(-0.0498728396970285,-0.0129915660535366,-0.006502));
#11866=CARTESIAN_POINT('',(0.051685676136985,0.0188225764207963,-0.008));
#11867=CARTESIAN_POINT('',(0.0508338185529943,0.0203714083916886,-0.008));
#11868=CARTESIAN_POINT('',(0.0545,0.0137056239425873,-0.008));
#11869=CARTESIAN_POINT('',(-0.051685676136985,0.0188225764207963,-0.008));
#11870=CARTESIAN_POINT('',(-0.0508402248598406,0.020359760561059,0.014));
#11871=CARTESIAN_POINT('',(-0.0545,0.0137056239425873,-0.008));
#11872=CARTESIAN_POINT('',(-0.0428286967858355,0.0315629574286684,-0.008));
#11873=CARTESIAN_POINT('',(-0.0457070339196085,0.0279650360114522,-0.008));
#11874=CARTESIAN_POINT('',(-0.0403802825385525,0.0346234752377721,-0.008));
#11875=CARTESIAN_POINT('',(-0.0403802825385495,0.0346234752377759,0.00917669703160143));
#11876=CARTESIAN_POINT('',(-0.0416912216391146,0.0329848013620695,0.0123579126666962));
#11877=CARTESIAN_POINT('',(-0.0413058614603058,0.0334665015855804,0.0112340963287783));
#11878=CARTESIAN_POINT('',(-0.0408663821305164,0.0340158507478172,0.0101767617447011));
#11879=CARTESIAN_POINT('',(-0.0403802825385494,0.0346234752377759,0.00917669703160147));
#11880=CARTESIAN_POINT('',(-0.0416912216391146,0.0329848013620695,0.0123579126666962));
#11881=CARTESIAN_POINT('',(-0.0424809243772497,0.0319976729394006,0.009));
#11882=CARTESIAN_POINT('',(-0.0424809243772497,0.0319976729394006,0.0125));
#11883=CARTESIAN_POINT('',(-0.0424809243772497,0.0319976729394006,0.014));
#11884=CARTESIAN_POINT('',(0.,0.0275,-0.0065));
#11885=CARTESIAN_POINT('',(0.0362,0.00663798999529812,-0.0065));
#11886=CARTESIAN_POINT('',(0.0362,-0.00536201000470188,-0.0065));
#11887=CARTESIAN_POINT('',(0.0362,-0.00556201000470188,-0.0065));
#11888=CARTESIAN_POINT('',(0.03445,-0.00556201000470188,-0.0065));
#11889=CARTESIAN_POINT('',(0.0368,-0.00556201000470188,-0.0065));
#11890=CARTESIAN_POINT('',(0.0368,-0.00536201000470188,-0.0065));
#11891=CARTESIAN_POINT('',(0.0368,0.00663798999529812,-0.0065));
#11892=CARTESIAN_POINT('',(0.,0.0275,-0.0065));
#11893=CARTESIAN_POINT('',(0.0403,-0.00536201000470188,-0.0065));
#11894=CARTESIAN_POINT('',(0.0403,-0.00556201000470188,-0.0065));
#11895=CARTESIAN_POINT('',(0.03445,-0.00556201000470188,-0.0065));
#11896=CARTESIAN_POINT('',(0.0409,-0.00556201000470188,-0.0065));
#11897=CARTESIAN_POINT('',(0.0409,-0.00536201000470188,-0.0065));
#11898=CARTESIAN_POINT('',(0.0409,0.00663798999529812,-0.0065));
#11899=CARTESIAN_POINT('',(0.0403,0.00663798999529812,-0.0065));
#11900=CARTESIAN_POINT('',(0.,0.0275,-0.0065));
#11901=CARTESIAN_POINT('',(-0.0411,0.000610028045739637,-0.0065));
#11902=CARTESIAN_POINT('',(-0.0411,0.00663502804573964,-0.0065));
#11903=CARTESIAN_POINT('',(-0.0411,-0.00541497195426036,-0.0065));
#11904=CARTESIAN_POINT('',(-0.0409,-0.00541497195426036,-0.0065));
#11905=CARTESIAN_POINT('',(-0.0409,-0.00561497195426036,-0.0065));
#11906=CARTESIAN_POINT('',(-0.03445,-0.00561497195426036,-0.0065));
#11907=CARTESIAN_POINT('',(-0.0403,-0.00561497195426036,-0.0065));
#11908=CARTESIAN_POINT('',(-0.0403,-0.00541497195426036,-0.0065));
#11909=CARTESIAN_POINT('',(-0.0401,-0.00541497195426036,-0.0065));
#11910=CARTESIAN_POINT('',(-0.0401,0.000610028045739637,-0.0065));
#11911=CARTESIAN_POINT('',(-0.0401,0.00663502804573964,-0.0065));
#11912=CARTESIAN_POINT('',(-0.0403,0.00663502804573964,-0.0065));
#11913=CARTESIAN_POINT('',(-0.0403,0.00683502804573964,-0.0065));
#11914=CARTESIAN_POINT('',(-0.04205,0.00683502804573964,-0.0065));
#11915=CARTESIAN_POINT('',(-0.0409,0.00683502804573964,-0.0065));
#11916=CARTESIAN_POINT('',(-0.0409,0.00663502804573964,-0.0065));
#11917=CARTESIAN_POINT('',(0.,0.0275,-0.0065));
#11918=CARTESIAN_POINT('',(-0.03445,-0.00561497195426036,-0.0065));
#11919=CARTESIAN_POINT('',(-0.0368,-0.00561497195426036,-0.0065));
#11920=CARTESIAN_POINT('',(-0.0362,-0.00561497195426036,-0.0065));
#11921=CARTESIAN_POINT('',(-0.0362,-0.00541497195426036,-0.0065));
#11922=CARTESIAN_POINT('',(-0.036,-0.00541497195426036,-0.0065));
#11923=CARTESIAN_POINT('',(-0.036,0.000610028045739637,-0.0065));
#11924=CARTESIAN_POINT('',(-0.036,0.00663502804573964,-0.0065));
#11925=CARTESIAN_POINT('',(-0.0362,0.00663502804573964,-0.0065));
#11926=CARTESIAN_POINT('',(-0.0362,0.00683502804573964,-0.0065));
#11927=CARTESIAN_POINT('',(-0.04205,0.00683502804573964,-0.0065));
#11928=CARTESIAN_POINT('',(-0.0368,0.00683502804573964,-0.0065));
#11929=CARTESIAN_POINT('',(-0.0368,0.00663502804573964,-0.0065));
#11930=CARTESIAN_POINT('',(-0.037,0.00663502804573964,-0.0065));
#11931=CARTESIAN_POINT('',(-0.037,0.000610028045739637,-0.0065));
#11932=CARTESIAN_POINT('',(-0.037,-0.00541497195426036,-0.0065));
#11933=CARTESIAN_POINT('',(-0.0368,-0.00541497195426036,-0.0065));
#11934=CARTESIAN_POINT('',(-0.043,-0.0067,0.017));
#11935=CARTESIAN_POINT('',(-0.043,-0.0122323578538959,-0.006));
#11936=CARTESIAN_POINT('',(-0.043,-0.0126979599852915,-0.00797694528640909));
#11937=CARTESIAN_POINT('',(-0.043,-0.0125010379173662,-0.006));
#11938=CARTESIAN_POINT('',(-0.043,-0.0134,-0.00777171051254931));
#11939=CARTESIAN_POINT('',(-0.043,-0.0134,0.017));
#11940=CARTESIAN_POINT('',(-0.043,-0.0134,-0.0063704828814317));
#11941=CARTESIAN_POINT('',(-0.043,-0.308809615639301,-0.00575));
#11942=CARTESIAN_POINT('',(-0.043,-0.0130013680021889,-0.00637009647291656));
#11943=CARTESIAN_POINT('',(-0.043,-0.013001368002189,0.017));
#11944=CARTESIAN_POINT('',(-0.043,-0.013001368002189,-0.0075));
#11945=CARTESIAN_POINT('',(-0.043,-0.0067,-0.0075));
#11946=CARTESIAN_POINT('',(-0.043,-0.0130011877990455,-0.0075));
#11947=CARTESIAN_POINT('',(-0.043,-0.0130011877990455,0.017));
#11948=CARTESIAN_POINT('',(-0.043,-0.00804200491568726,-0.0055));
#11949=CARTESIAN_POINT('',(-0.043,-0.007113528224802,-0.0058713906763541));
#11950=CARTESIAN_POINT('',(-0.043,0.000830196591154871,0.013987921363538));
#11951=CARTESIAN_POINT('',(-0.043,-0.00636497195426036,-0.004));
#11952=CARTESIAN_POINT('',(-0.043,-0.00636497195426036,-0.002498));
#11953=CARTESIAN_POINT('',(-0.043,-0.00636497195426036,-0.0025));
#11954=CARTESIAN_POINT('',(-0.043,-0.00598997195426036,-0.0025));
#11955=CARTESIAN_POINT('',(-0.043,-0.00561497195426036,-0.0025));
#11956=CARTESIAN_POINT('',(-0.043,-0.00561497195426036,-0.002498));
#11957=CARTESIAN_POINT('',(-0.043,-0.00561497195426036,-0.003));
#11958=CARTESIAN_POINT('',(-0.043,-0.00311497195426045,-0.00300000000000005));
#11959=CARTESIAN_POINT('',(-0.043,-0.00511497195426036,-0.0045));
#11960=CARTESIAN_POINT('',(-0.043,-0.00486497195426036,-0.00475));
#11961=CARTESIAN_POINT('',(-0.043,-0.00461497195426036,-0.005));
#11962=CARTESIAN_POINT('',(-0.043,-0.00311497195426036,-0.003));
#11963=CARTESIAN_POINT('',(-0.043,-0.00311497195426036,-0.0055));
#11964=CARTESIAN_POINT('',(-0.043,-0.00211497195426036,-0.0055));
#11965=CARTESIAN_POINT('',(-0.043,0.00433502804573964,-0.0055));
#11966=CARTESIAN_POINT('',(-0.043,0.00508502804573964,-0.00475));
#11967=CARTESIAN_POINT('',(-0.043,0.00683502804573964,-0.003));
#11968=CARTESIAN_POINT('',(-0.043,0.00683502804573964,-0.002498));
#11969=CARTESIAN_POINT('',(-0.043,0.00683502804573964,-0.0025));
#11970=CARTESIAN_POINT('',(-0.043,0.0275,-0.0025));
#11971=CARTESIAN_POINT('',(-0.043,0.00758502804573964,-0.0025));
#11972=CARTESIAN_POINT('',(-0.043,0.00758502804573964,-0.002498));
#11973=CARTESIAN_POINT('',(-0.043,0.00758502804573964,-0.004));
#11974=CARTESIAN_POINT('',(-0.043,-0.00162669996056927,0.0190293200157723));
#11975=CARTESIAN_POINT('',(-0.043,0.00833358431628128,-0.00587139067635412));
#11976=CARTESIAN_POINT('',(-0.043,0.00926206100716654,-0.0055));
#11977=CARTESIAN_POINT('',(-0.043,0.0146,0.017));
#11978=CARTESIAN_POINT('',(0.0487221918579491,-0.00826486008484805,-0.006502));
#11979=CARTESIAN_POINT('',(0.0514218449413236,-0.0124688760948789,-0.006502));
#11980=CARTESIAN_POINT('',(0.0514218449413236,-0.0124688760948789,0.0075));
#11981=CARTESIAN_POINT('',(0.0514218449413236,-0.0124688760948789,-0.00575));
#11982=CARTESIAN_POINT('',(0.0514218449413236,-0.0124688760948789,0.0075));
#11983=CARTESIAN_POINT('',(0.0514218449413236,-0.0124688760948789,0.00797278204092056));
#11984=CARTESIAN_POINT('',(0.0510780819169754,-0.012706441421738,0.00887166938161665));
#11985=CARTESIAN_POINT('',(0.0502928812061353,-0.0130301745780261,0.00935792060193444));
#11986=CARTESIAN_POINT('',(0.0498426856955524,-0.0131337789528373,0.00945501730443561));
#11987=CARTESIAN_POINT('',(0.0536213555800678,-0.00924469282927179,-0.006502));
#11988=CARTESIAN_POINT('',(0.051,-0.0127115968041935,-0.00642423042386752));
#11989=CARTESIAN_POINT('',(0.051,-0.0127115968041935,-0.00642423042386752));
#11990=CARTESIAN_POINT('',(0.0510000000000002,-0.0127115968041935,-0.00642423042386789));
#11991=CARTESIAN_POINT('',(0.0512390733765442,-0.0125891332274158,-0.00630783320731405));
#11992=CARTESIAN_POINT('',(0.0514218449413236,-0.0124688760948789,-0.0060468532879163));
#11993=CARTESIAN_POINT('',(0.0514218449413236,-0.0124688760948789,-0.00575));
#11994=CARTESIAN_POINT('',(-0.049,-0.0134,0.017));
#11995=CARTESIAN_POINT('',(-0.0507997013866979,-0.0142723960790362,0.0015));
#11996=CARTESIAN_POINT('',(-0.0507997013866979,-0.0142723960790362,-0.00646708190227725));
#11997=CARTESIAN_POINT('',(-0.051,-0.0134,0.017));
#11998=CARTESIAN_POINT('',(-0.051,-0.0134,-0.0063704884057184));
#11999=CARTESIAN_POINT('',(-0.051,-0.0134,-0.0063704884057184));
#12000=CARTESIAN_POINT('',(-0.051,-0.0137046645180108,-0.00637078342879113));
#12001=CARTESIAN_POINT('',(-0.0509312784370173,-0.0140009604254292,-0.00642664001953704));
#12002=CARTESIAN_POINT('',(-0.0507997013866979,-0.0142723960790362,-0.00646708190227725));
#12003=CARTESIAN_POINT('',(0.049,-0.0134,0.017));
#12004=CARTESIAN_POINT('',(0.050719420408933,-0.0144215642208616,0.0015));
#12005=CARTESIAN_POINT('',(0.050719420408933,-0.0144215642208616,-0.006498307264456));
#12006=CARTESIAN_POINT('',(0.050719420408933,-0.0144215642208616,-0.006498307264456));
#12007=CARTESIAN_POINT('',(0.0509037054602153,-0.0141113894205256,-0.00648593466513139));
#12008=CARTESIAN_POINT('',(0.051,-0.0137609211425731,-0.00642349946387386));
#12009=CARTESIAN_POINT('',(0.051,-0.0134,-0.00642375118643526));
#12010=CARTESIAN_POINT('',(0.051,-0.0134,-0.00642375118643483));
#12011=CARTESIAN_POINT('',(0.051,-0.0134,0.017));
#12012=CARTESIAN_POINT('',(0.0115,0.0117,0.014002));
#12013=CARTESIAN_POINT('',(0.0115,0.0117,0.014));
#12014=CARTESIAN_POINT('',(0.00575,0.0117,0.014));
#12015=CARTESIAN_POINT('',(0.01,0.0117,0.014));
#12016=CARTESIAN_POINT('',(0.00575,0.0117,0.014002));
#12017=CARTESIAN_POINT('',(0.00575,0.0117,0.0095));
#12018=CARTESIAN_POINT('',(0.0015,0.0117,0.0095));
#12019=CARTESIAN_POINT('',(-0.00125,0.0117,0.0095));
#12020=CARTESIAN_POINT('',(-0.00125,0.0117,0.014002));
#12021=CARTESIAN_POINT('',(0.01,0.0117,0.014002));
#12022=CARTESIAN_POINT('',(0.,0.0275,0.014));
#12023=CARTESIAN_POINT('',(0.00425,0.0132,0.014));
#12024=CARTESIAN_POINT('',(0.00575,0.0132,0.014));
#12025=CARTESIAN_POINT('',(0.0105,0.0132,0.014));
#12026=CARTESIAN_POINT('',(0.00575,0.01245,0.014));
#12027=CARTESIAN_POINT('',(0.01,0.0137,0.014));
#12028=CARTESIAN_POINT('',(0.012,0.0137,0.014));
#12029=CARTESIAN_POINT('',(0.012,0.0185602272727272,0.014));
#12030=CARTESIAN_POINT('',(0.012,0.0153559133790781,0.014));
#12031=CARTESIAN_POINT('',(0.014,0.0153559133790781,0.014));
#12032=CARTESIAN_POINT('',(0.014,0.0175,0.014));
#12033=CARTESIAN_POINT('',(0.0195,0.0175,0.014));
#12034=CARTESIAN_POINT('',(0.0195,0.0175,0.014));
#12035=CARTESIAN_POINT('',(0.0195,0.0181329889849161,0.014));
#12036=CARTESIAN_POINT('',(0.0195,0.0319976729394006,0.014));
#12037=CARTESIAN_POINT('',(0.0255,0.0319976729394006,0.014));
#12038=CARTESIAN_POINT('',(0.0255,0.0319976729394006,0.014));
#12039=CARTESIAN_POINT('',(0.0255,0.0337488364697003,0.014));
#12040=CARTESIAN_POINT('',(0.0255,0.0355,0.014));
#12041=CARTESIAN_POINT('',(0.019,0.0355,0.014));
#12042=CARTESIAN_POINT('',(0.015,0.0355,0.014));
#12043=CARTESIAN_POINT('',(0.015,0.0355,0.014));
#12044=CARTESIAN_POINT('',(0.015,0.0187659779698322,0.014));
#12045=CARTESIAN_POINT('',(0.0195,0.0187659779698322,0.014));
#12046=CARTESIAN_POINT('',(0.00923444503127429,0.0187659779698322,0.014));
#12047=CARTESIAN_POINT('',(0.0065,0.02,0.014));
#12048=CARTESIAN_POINT('',(0.0065,0.017,0.014));
#12049=CARTESIAN_POINT('',(0.,0.017,0.014));
#12050=CARTESIAN_POINT('',(-0.0065,0.017,0.014));
#12051=CARTESIAN_POINT('',(-0.0065,0.02,0.014));
#12052=CARTESIAN_POINT('',(-0.00923444503127427,0.0187659779698322,0.014));
#12053=CARTESIAN_POINT('',(-0.0195,0.0187659779698322,0.014));
#12054=CARTESIAN_POINT('',(-0.015,0.0187659779698322,0.014));
#12055=CARTESIAN_POINT('',(-0.015,0.0355,0.014));
#12056=CARTESIAN_POINT('',(-0.0255,0.0337488364697003,0.014));
#12057=CARTESIAN_POINT('',(-0.0255,0.0319976729394006,0.014));
#12058=CARTESIAN_POINT('',(-0.0384793951640547,0.0319976729394006,0.014));
#12059=CARTESIAN_POINT('',(-0.0195,0.0319976729394006,0.014));
#12060=CARTESIAN_POINT('',(-0.0195,0.0181329889849161,0.014));
#12061=CARTESIAN_POINT('',(-0.0195,0.0175,0.014));
#12062=CARTESIAN_POINT('',(-0.0195,0.0175,0.014));
#12063=CARTESIAN_POINT('',(-0.013,0.0175,0.014));
#12064=CARTESIAN_POINT('',(-0.013,0.0153559133790781,0.014));
#12065=CARTESIAN_POINT('',(-0.0110045212010541,0.0155,0.014));
#12066=CARTESIAN_POINT('',(0.,0.0155,0.014));
#12067=CARTESIAN_POINT('',(0.0105,0.0155,0.014));
#12068=CARTESIAN_POINT('',(0.0105,0.01435,0.014));
#12069=CARTESIAN_POINT('',(-0.00475,0.0155,-0.004));
#12070=CARTESIAN_POINT('',(0.0105,0.0155,0.014002));
#12071=CARTESIAN_POINT('',(-0.013,0.0155,0.0136270699223197));
#12072=CARTESIAN_POINT('',(-0.011,0.0155,0.0136270699223196));
#12073=CARTESIAN_POINT('',(-0.011,0.0155,-0.004));
#12074=CARTESIAN_POINT('',(0.0195,0.0216219827888822,0.00333133866406947));
#12075=CARTESIAN_POINT('',(0.014,0.0254204545454545,-0.0065));
#12076=CARTESIAN_POINT('',(0.0195,0.0216219827888822,0.00333133866406947));
#12077=CARTESIAN_POINT('',(0.031,0.000599999999999988,3.25260651745652E-19));
#12078=CARTESIAN_POINT('',(0.0545,0.000599999999999988,3.25260651745652E-19));
#12079=CARTESIAN_POINT('',(0.0545,0.000599999999999988,-0.00225));
#12080=CARTESIAN_POINT('',(0.056,0.000599999999999988,3.25260651745652E-19));
#12081=CARTESIAN_POINT('',(0.056,0.000599999999999988,0.00225));
#12082=CARTESIAN_POINT('',(-0.1,0.0537704262635402,0.022386269445085));
#12083=CARTESIAN_POINT('',(0.0372381846751741,0.0365,0.00866341376956718));
#12084=CARTESIAN_POINT('',(0.0356017814087817,0.0365,0.00866341376956718));
#12085=CARTESIAN_POINT('',(0.0195,0.0365,0.00866341376956717));
#12086=CARTESIAN_POINT('',(0.0356017814087817,0.0365,0.00866341376956718));
#12087=CARTESIAN_POINT('',(0.0361012854164562,0.0359599319820503,0.00934309772907545));
#12088=CARTESIAN_POINT('',(0.0365707219260141,0.0354517377150461,0.0100645835727512));
#12089=CARTESIAN_POINT('',(0.0370061210000096,0.034979231546231,0.0108331143646906));
#12090=CARTESIAN_POINT('',(0.0370061210000096,0.034979231546231,0.0108331143646906));
#12091=CARTESIAN_POINT('',(-0.1,0.034979231546231,0.0108331143646906));
#12092=CARTESIAN_POINT('',(0.0195,0.034979231546231,0.0108331143646906));
#12093=CARTESIAN_POINT('',(0.0195,0.0537704262635402,0.022386269445085));
#12094=CARTESIAN_POINT('',(-0.0195,0.03975,0.02565));
#12095=CARTESIAN_POINT('',(-0.0195,0.0499165913705571,0.0133439936251824));
#12096=CARTESIAN_POINT('',(-0.0195,0.0444605849957396,0.0188));
#12097=CARTESIAN_POINT('',(-0.0195,0.0494416113030409,0.0138189736926986));
#12098=CARTESIAN_POINT('',(-0.0195,0.047,0.0188));
#12099=CARTESIAN_POINT('',(-0.0195,0.0519179835883182,0.0188));
#12100=CARTESIAN_POINT('',(-0.0195,0.0502195188375851,0.0153836729575261));
#12101=CARTESIAN_POINT('',(-0.0195,0.03975,0.02565));
#12102=CARTESIAN_POINT('',(-0.0195,0.0345398644821445,0.0204398644821445));
#12103=CARTESIAN_POINT('',(-0.0195,0.0310551416178962,0.0239245873463929));
#12104=CARTESIAN_POINT('',(-0.0195,0.0345340373761671,0.0204456915881219));
#12105=CARTESIAN_POINT('',(-0.0195,0.02914446604939,0.022525659389401));
#12106=CARTESIAN_POINT('',(-0.0195,0.0371222442184113,0.028366701740745));
#12107=CARTESIAN_POINT('',(-0.0195,0.0253072445946276,0.0445037951559173));
#12108=CARTESIAN_POINT('',(-0.0195,0.039,0.0299261256093593));
#12109=CARTESIAN_POINT('',(-0.0195,0.039,0.0243630628046797));
#12110=CARTESIAN_POINT('',(-0.0195,0.039,0.0218));
#12111=CARTESIAN_POINT('',(-0.0195,0.0411,0.0188));
#12112=CARTESIAN_POINT('',(-0.0195,0.0399480158883148,0.0204456915881219));
#12113=CARTESIAN_POINT('',(-0.0195,0.03975,0.0204456915881219));
#12114=CARTESIAN_POINT('',(-0.0159632045517855,0.00789657132382168,0.015490652897105));
#12115=CARTESIAN_POINT('',(0.0204546988277333,0.0491218212744261,0.00749055433674104));
#12116=CARTESIAN_POINT('',(0.0111235123034432,0.0551764461477761,-0.00378665991456747));
#12117=CARTESIAN_POINT('',(0.011395445239147,0.055,-0.00345801510932937));
#12118=CARTESIAN_POINT('',(0.0244178688079336,0.0741683840113337,-0.0098690487361389));
#12119=CARTESIAN_POINT('',(0.011,0.055,-0.00373015098511788));
#12120=CARTESIAN_POINT('',(0.00167858237797611,0.055,-0.0101449257681736));
#12121=CARTESIAN_POINT('',(-0.0055,0.055,-0.008));
#12122=CARTESIAN_POINT('',(-0.0055,0.055,-0.007));
#12123=CARTESIAN_POINT('',(-0.0095,0.055,-0.007));
#12124=CARTESIAN_POINT('',(0.0095,0.055,-0.007));
#12125=CARTESIAN_POINT('',(0.0095,0.055,-0.008));
#12126=CARTESIAN_POINT('',(0.0095,0.055,0.000405232436277653));
#12127=CARTESIAN_POINT('',(-0.0055,0.055,0.000405232436277653));
#12128=CARTESIAN_POINT('',(0.0167587121387975,0.055,0.000405232436277654));
#12129=CARTESIAN_POINT('',(0.0262076139968106,0.055,0.00721142865858938));
#12130=CARTESIAN_POINT('',(0.011,0.055,-0.008));
#12131=CARTESIAN_POINT('',(0.011,0.055,-0.00374286068538236));
#12132=CARTESIAN_POINT('',(0.011,0.055,-0.008));
#12133=CARTESIAN_POINT('',(-0.011,0.055,-0.008));
#12134=CARTESIAN_POINT('',(-0.011,0.055,-0.00374286068538235));
#12135=CARTESIAN_POINT('',(-0.011,0.055,-0.008));
#12136=CARTESIAN_POINT('',(-0.011,0.055,-0.00373015098511788));
#12137=CARTESIAN_POINT('',(-0.00167858237797611,0.055,-0.0101449257681736));
#12138=CARTESIAN_POINT('',(-0.0113954452391486,0.055,-0.00345801510932829));
#12139=CARTESIAN_POINT('',(-0.0262076139968106,0.055,0.00721142865858938));
#12140=CARTESIAN_POINT('',(-0.0167587121387975,0.055,0.000405232436277653));
#12141=CARTESIAN_POINT('',(-0.0055,0.055,0.000405232436277653));
#12142=CARTESIAN_POINT('',(-0.0095,0.055,0.000405232436277653));
#12143=CARTESIAN_POINT('',(-0.0095,0.055,-0.008));
#12144=CARTESIAN_POINT('',(-0.1,0.0537704262635402,0.022386269445085));
#12145=CARTESIAN_POINT('',(-0.0240946558445239,0.0475,0.00280719459988177));
#12146=CARTESIAN_POINT('',(-0.0244990648278148,0.0464079587783325,0.00315693349262061));
#12147=CARTESIAN_POINT('',(-0.0249862808729904,0.0453851005931159,0.00358318080565672));
#12148=CARTESIAN_POINT('',(-0.0255,0.0444052884940456,0.0040845588179619));
#12149=CARTESIAN_POINT('',(-0.0240946558445239,0.0475,0.00280719459988177));
#12150=CARTESIAN_POINT('',(-0.0255,0.0444052884940456,0.0040845588179619));
#12151=CARTESIAN_POINT('',(-0.1,0.0475,0.00280719459988177));
#12152=CARTESIAN_POINT('',(-0.0343405118112148,0.0475,0.00280719459988177));
#12153=CARTESIAN_POINT('',(-0.0350246696693579,0.040854041529534,0.00639172591537788));
#12154=CARTESIAN_POINT('',(-0.0348446776410801,0.0426022170867626,0.00497998771617191));
#12155=CARTESIAN_POINT('',(-0.034616625021699,0.0448184535219439,0.00366599102391329));
#12156=CARTESIAN_POINT('',(-0.0343405118112147,0.0475,0.00280719459988175));
#12157=CARTESIAN_POINT('',(-0.0350248110787406,0.0408539437643857,0.00639158682216347));
#12158=CARTESIAN_POINT('',(-0.0387036995183792,0.0362570396390419,0.0116187392611752));
#12159=CARTESIAN_POINT('',(-0.0377638411770916,0.0374285169858703,0.00971333148925127));
#12160=CARTESIAN_POINT('',(-0.036537590241932,0.0389663844754005,0.00791608777464704));
#12161=CARTESIAN_POINT('',(-0.0350249467129003,0.0408541161257339,0.00639166567554549));
#12162=CARTESIAN_POINT('',(-0.0387041547051538,0.0362573931987391,0.0116187321110465));
#12163=CARTESIAN_POINT('',(-0.1,0.0362570423777298,0.0116187348067009));
#12164=CARTESIAN_POINT('',(-0.0255,0.0362570423777298,0.0116187348067009));
#12165=CARTESIAN_POINT('',(-0.0255,0.0537704262635402,0.022386269445085));
#12166=CARTESIAN_POINT('',(0.0095,0.0319976729394006,0.014));
#12167=CARTESIAN_POINT('',(0.0424809243772497,0.0319976729394006,0.014));
#12168=CARTESIAN_POINT('',(0.0424809243772497,0.0319976729394006,0.0125));
#12169=CARTESIAN_POINT('',(0.0095,0.0319976729394006,0.014));
#12170=CARTESIAN_POINT('',(0.0195,0.0319976729394006,0.014));
#12171=CARTESIAN_POINT('',(0.0195,0.0319976729394006,0.0125));
#12172=CARTESIAN_POINT('',(0.0274174423535332,0.0319976729394006,0.0125));
#12173=CARTESIAN_POINT('',(-0.1,0.0319976729394006,0.009));
#12174=CARTESIAN_POINT('',(0.0416912216391146,0.0329848013620695,0.0123579126666962));
#12175=CARTESIAN_POINT('',(0.0412607485508791,0.0331216826759724,0.0123176735512404));
#12176=CARTESIAN_POINT('',(0.0404044897715403,0.0334032303163893,0.0122170876664529));
#12177=CARTESIAN_POINT('',(0.0391451557427742,0.0338579799337869,0.0119816613334867));
#12178=CARTESIAN_POINT('',(0.0381322287924805,0.0342798000183645,0.0116735251993501));
#12179=CARTESIAN_POINT('',(0.0374125113570864,0.0346552500300051,0.0112923977226038));
#12180=CARTESIAN_POINT('',(0.0371069341615458,0.0348698265346712,0.0110110615021577));
#12181=CARTESIAN_POINT('',(0.0370061210000096,0.034979231546231,0.0108331143646906));
#12182=CARTESIAN_POINT('',(0.0416912216391146,0.0329848013620695,0.0123579126666962));
#12183=CARTESIAN_POINT('',(0.0424809243772497,0.0319976729394006,0.009));
#12184=CARTESIAN_POINT('',(0.0195,0.0319976729394006,0.009));
#12185=CARTESIAN_POINT('',(0.,0.0365,0.));
#12186=CARTESIAN_POINT('',(0.0315508907043908,0.0365,0.00656341376956718));
#12187=CARTESIAN_POINT('',(0.0315508907043908,0.0365,0.00456341376956718));
#12188=CARTESIAN_POINT('',(0.0364759384913373,0.0365,0.));
#12189=CARTESIAN_POINT('',(0.0364759384913373,0.0365,0.00808393930929456));
#12190=CARTESIAN_POINT('',(0.0364759384913373,0.0365,0.00808393930929456));
#12191=CARTESIAN_POINT('',(0.0361845394358535,0.0365,0.00827707730605782));
#12192=CARTESIAN_POINT('',(0.0358931535179617,0.0365,0.00847023512200156));
#12193=CARTESIAN_POINT('',(0.0356017814087817,0.0365,0.0086634137695672));
#12194=CARTESIAN_POINT('',(0.0195,0.0365,0.));
#12195=CARTESIAN_POINT('',(0.0195,0.03975,0.02565));
#12196=CARTESIAN_POINT('',(0.0195,0.039,0.0243630628046797));
#12197=CARTESIAN_POINT('',(0.0195,0.039,0.0299261256093593));
#12198=CARTESIAN_POINT('',(0.0195,0.039,0.0218));
#12199=CARTESIAN_POINT('',(0.0195,0.0253072445946276,0.0445037951559173));
#12200=CARTESIAN_POINT('',(0.0195,0.0371222442184113,0.028366701740745));
#12201=CARTESIAN_POINT('',(0.0195,0.02914446604939,0.022525659389401));
#12202=CARTESIAN_POINT('',(0.0195,0.0310551416178962,0.0239245873463929));
#12203=CARTESIAN_POINT('',(0.0195,0.0345398644821445,0.0204398644821445));
#12204=CARTESIAN_POINT('',(0.0195,0.0345340373761671,0.0204456915881219));
#12205=CARTESIAN_POINT('',(0.0195,0.03975,0.0204456915881219));
#12206=CARTESIAN_POINT('',(0.0195,0.0399480158883148,0.0204456915881219));
#12207=CARTESIAN_POINT('',(0.0195,0.0411,0.0188));
#12208=CARTESIAN_POINT('',(0.0215,0.0378460382671462,0.0204456915881219));
#12209=CARTESIAN_POINT('',(0.0203634705473308,0.0378460382671462,0.0188));
#12210=CARTESIAN_POINT('',(0.0203634705473308,0.0411,0.0188));
#12211=CARTESIAN_POINT('',(0.0203634705473308,0.0421332256323341,0.0188));
#12212=CARTESIAN_POINT('',(0.0215,0.0399480158883148,0.0204456915881219));
#12213=CARTESIAN_POINT('',(0.0215,0.0345340373761671,0.0204456915881219));
#12214=CARTESIAN_POINT('',(0.0215,0.033705610251421,0.0184456915881219));
#12215=CARTESIAN_POINT('',(0.0215,0.0378460382671462,0.0184456915881219));
#12216=CARTESIAN_POINT('',(0.0215,0.0419864662828714,0.0184456915881219));
#12217=CARTESIAN_POINT('',(0.0215,0.0428148934076176,0.0204456915881219));
#12218=CARTESIAN_POINT('',(0.0215,0.0386802924978698,0.0245802924978697));
#12219=CARTESIAN_POINT('',(0.0215,0.0444605849957396,0.0188));
#12220=CARTESIAN_POINT('',(0.0195,0.0444605849957396,0.0188));
#12221=CARTESIAN_POINT('',(0.0215,0.0419864662828714,0.0184456915881219));
#12222=CARTESIAN_POINT('',(0.0215,0.048502377808184,0.0119297800628093));
#12223=CARTESIAN_POINT('',(0.0215,0.0494416113030409,0.0138189736926986));
#12224=CARTESIAN_POINT('',(0.0195,0.0494416113030409,0.0138189736926986));
#12225=CARTESIAN_POINT('',(0.0195,0.0499165913705571,0.0133439936251824));
#12226=CARTESIAN_POINT('',(0.0255,0.0360748059227256,0.015891320198198));
#12227=CARTESIAN_POINT('',(0.0255,0.0273009348687846,0.020607726283639));
#12228=CARTESIAN_POINT('',(0.0255,0.0319086611524236,0.016));
#12229=CARTESIAN_POINT('',(0.0255,0.0291194553796712,0.0187892057727524));
#12230=CARTESIAN_POINT('',(0.0255,0.0220038782007007,0.0135794359877242));
#12231=CARTESIAN_POINT('',(0.0255,0.0253099187277667,0.016));
#12232=CARTESIAN_POINT('',(0.0255,0.0253099187277667,0.0154));
#12233=CARTESIAN_POINT('',(0.0255,0.0253099187277667,0.0154));
#12234=CARTESIAN_POINT('',(0.0255,0.0278658141285665,0.0154));
#12235=CARTESIAN_POINT('',(0.0255,0.0319086611524236,0.0154));
#12236=CARTESIAN_POINT('',(0.0255,0.0319086611524236,0.0154));
#12237=CARTESIAN_POINT('',(0.0195,0.03975,0.02565));
#12238=CARTESIAN_POINT('',(0.0195,0.047,0.0188));
#12239=CARTESIAN_POINT('',(0.0195,0.0519179835883182,0.0188));
#12240=CARTESIAN_POINT('',(0.0195,0.0502195188375851,0.0153836729575261));
#12241=CARTESIAN_POINT('',(-0.1,0.0319976729394006,0.009));
#12242=CARTESIAN_POINT('',(0.0453348847070663,0.0319976729394006,0.009));
#12243=CARTESIAN_POINT('',(0.0443606619821559,0.0334590070267662,0.013781684504243));
#12244=CARTESIAN_POINT('',(0.038706043381607,0.036257555387577,0.0116179002134761));
#12245=CARTESIAN_POINT('',(0.0389297539536477,0.0359770537530476,0.0120743362470061));
#12246=CARTESIAN_POINT('',(0.0397697175225394,0.0354299644746623,0.0126798365275706));
#12247=CARTESIAN_POINT('',(0.0412273030408552,0.0347188531717859,0.0132202293292467));
#12248=CARTESIAN_POINT('',(0.0427741572774032,0.0340659141222851,0.0135693767341113));
#12249=CARTESIAN_POINT('',(0.0438290708066786,0.033658247191307,0.0137207935966932));
#12250=CARTESIAN_POINT('',(0.044360653924326,0.033459019113511,0.0137816803907635));
#12251=CARTESIAN_POINT('',(0.0387041547051538,0.0362573931987391,0.0116187321110465));
#12252=CARTESIAN_POINT('',(-0.1,0.0362570423777298,0.0116187348067009));
#12253=CARTESIAN_POINT('',(0.0255,0.0362570423777298,0.0116187348067009));
#12254=CARTESIAN_POINT('',(0.0255,0.0319976729394006,0.009));
#12255=CARTESIAN_POINT('',(0.0195,0.03975,0.02565));
#12256=CARTESIAN_POINT('',(0.0195,0.02914446604939,0.022525659389401));
#12257=CARTESIAN_POINT('',(0.0215,0.0310551416178962,0.0239245873463929));
#12258=CARTESIAN_POINT('',(0.0215,0.0294222552123442,0.0227290466271987));
#12259=CARTESIAN_POINT('',(0.0095,0.0371222442184113,0.028366701740745));
#12260=CARTESIAN_POINT('',(0.0095,0.0371222442184113,0.028366701740745));
#12261=CARTESIAN_POINT('',(0.0095,0.02914446604939,0.022525659389401));
#12262=CARTESIAN_POINT('',(0.0095,0.02,0.0158304101178275));
#12263=CARTESIAN_POINT('',(0.0065,0.02,0.0158304101178275));
#12264=CARTESIAN_POINT('',(0.00907354330696359,0.018458288337366,0.0147016242674043));
#12265=CARTESIAN_POINT('',(0.0195,0.018458288337366,0.0147016242674043));
#12266=CARTESIAN_POINT('',(0.015,0.0184582883388613,0.0147016242674043));
#12267=CARTESIAN_POINT('',(0.015,0.02914446604939,0.022525659389401));
#12268=CARTESIAN_POINT('',(0.015,0.0202316282571331,0.016));
#12269=CARTESIAN_POINT('',(0.0195,0.0202316282571331,0.016));
#12270=CARTESIAN_POINT('',(0.0235,0.0202316282571331,0.016));
#12271=CARTESIAN_POINT('',(0.0235,0.0294222552123442,0.0227290466271987));
#12272=CARTESIAN_POINT('',(0.0235,0.0294222552123442,0.0227290466271987));
#12273=CARTESIAN_POINT('',(0.0255,0.0294222552123442,0.0227290466271987));
#12274=CARTESIAN_POINT('',(-0.0195,0.0470000000000295,0.0268000000000128));
#12275=CARTESIAN_POINT('',(-0.0195,0.018458516390177,0.0147010862739581));
#12276=CARTESIAN_POINT('',(-0.015,0.0184585163856909,0.0147010862739581));
#12277=CARTESIAN_POINT('',(-0.00907367991029326,0.018458516390177,0.0147010862739581));
#12278=CARTESIAN_POINT('',(-0.015,0.0470000000000295,0.0268000000000128));
#12279=CARTESIAN_POINT('',(-0.00923444503127427,0.0187659779698322,0.014));
#12280=CARTESIAN_POINT('',(-0.00918666421346855,0.0186601013998481,0.0142335407351103));
#12281=CARTESIAN_POINT('',(-0.00913305142147805,0.0185576437922502,0.0144672435352117));
#12282=CARTESIAN_POINT('',(-0.00907367991029326,0.018458516390177,0.0147010862739581));
#12283=CARTESIAN_POINT('',(-0.0195,0.0184584023625039,0.0147013552701438));
#12284=CARTESIAN_POINT('',(-0.0195,0.018458288337366,0.0147016242674043));
#12285=CARTESIAN_POINT('',(-0.015,0.018458288337366,0.0147016242674043));
#12286=CARTESIAN_POINT('',(-0.00907354330696357,0.018458288337366,0.0147016242674043));
#12287=CARTESIAN_POINT('',(-0.015,0.0184584023625039,0.0147013552701438));
#12288=CARTESIAN_POINT('',(-0.0065,0.02,0.0110645170497102));
#12289=CARTESIAN_POINT('',(-0.0195,0.02914446604939,0.022525659389401));
#12290=CARTESIAN_POINT('',(-0.0095,0.02914446604939,0.022525659389401));
#12291=CARTESIAN_POINT('',(-0.0095,0.0371222442184113,0.028366701740745));
#12292=CARTESIAN_POINT('',(-0.0095,0.02,0.0158304101178275));
#12293=CARTESIAN_POINT('',(-0.0195,0.0371222442184113,0.028366701740745));
#12294=CARTESIAN_POINT('',(-0.0215,0.0310551416178962,0.0239245873463929));
#12295=CARTESIAN_POINT('',(-0.0215,0.0294222552123442,0.0227290466271987));
#12296=CARTESIAN_POINT('',(-0.0255,0.0294222552123442,0.0227290466271987));
#12297=CARTESIAN_POINT('',(-0.0235,0.0294222552123442,0.0227290466271987));
#12298=CARTESIAN_POINT('',(-0.0235,0.0294222552123442,0.0227290466271987));
#12299=CARTESIAN_POINT('',(-0.0235,0.0202316282571331,0.016));
#12300=CARTESIAN_POINT('',(-0.0195,0.0202316282571331,0.016));
#12301=CARTESIAN_POINT('',(-0.015,0.0202316282571331,0.016));
#12302=CARTESIAN_POINT('',(-0.015,0.02914446604939,0.022525659389401));
#12303=CARTESIAN_POINT('',(-0.0065,0.02,0.0158304101178275));
#12304=CARTESIAN_POINT('',(0.0095,0.036,-0.004));
#12305=CARTESIAN_POINT('',(0.0095,0.055,-0.007));
#12306=CARTESIAN_POINT('',(0.0095,0.047,-0.004));
#12307=CARTESIAN_POINT('',(0.0095,0.036,-0.004));
#12308=CARTESIAN_POINT('',(0.0095,0.02,-0.004));
#12309=CARTESIAN_POINT('',(0.0095,0.02,0.014));
#12310=CARTESIAN_POINT('',(0.0095,0.0253072445946276,0.0445037951559173));
#12311=CARTESIAN_POINT('',(0.0095,0.039,0.0299261256093593));
#12312=CARTESIAN_POINT('',(0.0095,0.039,0.0243630628046797));
#12313=CARTESIAN_POINT('',(0.0095,0.039,0.0318));
#12314=CARTESIAN_POINT('',(0.0095,0.0211946308724834,0.0063637583892616));
#12315=CARTESIAN_POINT('',(0.0095,0.0411,0.0348));
#12316=CARTESIAN_POINT('',(0.0095,0.047,0.0348));
#12317=CARTESIAN_POINT('',(0.0095,0.0529,0.0348));
#12318=CARTESIAN_POINT('',(0.0095,0.0655704697986578,0.0166993288590605));
#12319=CARTESIAN_POINT('',(0.0095,0.055,0.0318));
#12320=CARTESIAN_POINT('',(0.0095,0.055,0.0268));
#12321=CARTESIAN_POINT('',(0.0095,0.055,0.0218));
#12322=CARTESIAN_POINT('',(0.0095,0.0366308724832217,-0.00444161073825516));
#12323=CARTESIAN_POINT('',(0.0095,0.0529,0.0188));
#12324=CARTESIAN_POINT('',(0.0095,0.047,0.0188));
#12325=CARTESIAN_POINT('',(0.0095,0.0519179835883182,0.0188));
#12326=CARTESIAN_POINT('',(0.0095,0.0502195188375851,0.0153836729575261));
#12327=CARTESIAN_POINT('',(0.0095,0.0474265269839395,0.00976579151789068));
#12328=CARTESIAN_POINT('',(0.0095,0.0519037356014716,0.00753989776591243));
#12329=CARTESIAN_POINT('',(0.0095,0.0469272613170393,0.00705543549041155));
#12330=CARTESIAN_POINT('',(0.0095,0.0467883667441932,0.00848218284509627));
#12331=CARTESIAN_POINT('',(0.0095,0.0470169818768335,0.00613381149370414));
#12332=CARTESIAN_POINT('',(0.0095,0.0519934561612659,0.00661827376920501));
#12333=CARTESIAN_POINT('',(0.0095,0.0504684475069498,0.00185651478703664));
#12334=CARTESIAN_POINT('',(0.0095,0.0390470782847468,0.00551434101747456));
#12335=CARTESIAN_POINT('',(0.0322804917021022,0.0715335679396453,-0.00488983484644316));
#12336=CARTESIAN_POINT('',(0.0330414446453041,0.0709951482412487,-0.00531565865251327));
#12337=CARTESIAN_POINT('',(0.032473149877952,0.069285889221398,-0.00416998961482072));
#12338=CARTESIAN_POINT('',(0.0320165759109808,0.0746125855027293,-0.00587592600478986));
#12339=CARTESIAN_POINT('',(0.0343405118112148,0.0475,0.00280719459988177));
#12340=CARTESIAN_POINT('',(0.0343405118112147,0.0475,0.00280719459988176));
#12341=CARTESIAN_POINT('',(0.0360362680325326,0.0472252981521231,0.00149560322420076));
#12342=CARTESIAN_POINT('',(0.0377320242538505,0.0469505963042462,0.000184011848519757));
#12343=CARTESIAN_POINT('',(0.0394277804751683,0.0466758944563694,-0.00112757952716124));
#12344=CARTESIAN_POINT('',(0.0394277804751684,0.0466758944563694,-0.00112757952716124));
#12345=CARTESIAN_POINT('',(0.0394609874320773,0.0462884799590986,-0.0010035055319511));
#12346=CARTESIAN_POINT('',(0.018,0.065,-0.008));
#12347=CARTESIAN_POINT('',(0.0181987588576961,0.0652839412252801,-0.00629564352779452));
#12348=CARTESIAN_POINT('',(0.0385,0.0575,-0.008));
#12349=CARTESIAN_POINT('',(0.0394277804751683,0.0466758944563694,-0.00112757952716124));
#12350=CARTESIAN_POINT('',(0.03963228878943,0.0442899641233163,-0.000365671877005292));
#12351=CARTESIAN_POINT('',(0.0398230270464104,0.0420646844585448,0.000741060644118894));
#12352=CARTESIAN_POINT('',(0.0399999952461096,0.040000055462055,0.00219261803621132));
#12353=CARTESIAN_POINT('',(0.0399999853897997,0.0400000219153005,0.00219263439907994));
#12354=CARTESIAN_POINT('',(0.04,0.04,-0.008));
#12355=CARTESIAN_POINT('',(-0.1,0.06125,-0.00159640270005912));
#12356=CARTESIAN_POINT('',(0.0310091955215393,0.069285889221398,-0.00416998961482072));
#12357=CARTESIAN_POINT('',(0.0253302456716363,0.069285889221398,-0.00416998961482072));
#12358=CARTESIAN_POINT('',(0.0273412484245515,0.0726375604762565,-0.00524340128668869));
#12359=CARTESIAN_POINT('',(-0.1,0.0504684475069498,0.00185651478703664));
#12360=CARTESIAN_POINT('',(0.0235,0.0504684475069498,0.00185651478703664));
#12361=CARTESIAN_POINT('',(0.0235,0.0504684475069498,0.00185651478703664));
#12362=CARTESIAN_POINT('',(0.0235,0.0494475206629247,0.00218347847385746));
#12363=CARTESIAN_POINT('',(0.0237394578403074,0.0484591549112038,0.00250001409244889));
#12364=CARTESIAN_POINT('',(0.0240946558445239,0.0475,0.00280719459988177));
#12365=CARTESIAN_POINT('',(0.0240946558445239,0.0475,0.00280719459988177));
#12366=CARTESIAN_POINT('',(-0.1,0.0475,0.00280719459988177));
#12367=CARTESIAN_POINT('',(0.0394277804751684,0.0466758944563694,-0.00112757952716124));
#12368=CARTESIAN_POINT('',(0.0396775623506894,0.04376177257529,-0.000197002584522666));
#12369=CARTESIAN_POINT('',(0.0399120072225573,0.0410265824034981,0.00128550532551368));
#12370=CARTESIAN_POINT('',(0.0401156330428369,0.0386509478335697,0.00321188494576029));
#12371=CARTESIAN_POINT('',(0.0343405118112147,0.0475,0.00280719459988177));
#12372=CARTESIAN_POINT('',(0.0345902936867358,0.0450735231401273,0.00358205011718334));
#12373=CARTESIAN_POINT('',(0.0348247385586036,0.0427960358111669,0.00481647725684335));
#12374=CARTESIAN_POINT('',(0.0350283643788832,0.0408179365597692,0.00642049924446436));
#12375=CARTESIAN_POINT('',(0.0399999707795994,0.040000043830601,0.00219265076194856));
#12376=CARTESIAN_POINT('',(0.0394064122122309,0.0408903816816538,0.00206533864412478));
#12377=CARTESIAN_POINT('',(0.0388108713911969,0.0417836929132047,0.00198653810896377));
#12378=CARTESIAN_POINT('',(0.0382133833225792,0.0426799250161312,0.00195539245459405));
#12379=CARTESIAN_POINT('',(0.0382133833225792,0.0426799250161312,0.00195539245459407));
#12380=CARTESIAN_POINT('',(0.035024669669358,0.0408540415295339,0.0063917259153779));
#12381=CARTESIAN_POINT('',(0.03484467764108,0.0426022170867625,0.00497998771617192));
#12382=CARTESIAN_POINT('',(0.0346166250216989,0.0448184535219439,0.0036659910239133));
#12383=CARTESIAN_POINT('',(0.0343405118112146,0.0475,0.00280719459988175));
#12384=CARTESIAN_POINT('',(0.0350248110787406,0.0408539437643857,0.00639158682216347));
#12385=CARTESIAN_POINT('',(0.0350252705741085,0.0408531271682616,0.00639148917177998));
#12386=CARTESIAN_POINT('',(0.0352522704075637,0.0410275468417149,0.00600106513076386));
#12387=CARTESIAN_POINT('',(0.0357229513897651,0.0413678932403042,0.00523719437392987));
#12388=CARTESIAN_POINT('',(0.0365058927580693,0.041850418253508,0.00410532392014974));
#12389=CARTESIAN_POINT('',(0.0372900520435639,0.0422606961406895,0.003074945709247));
#12390=CARTESIAN_POINT('',(0.0378962419937572,0.0425418178383873,0.00233155997085602));
#12391=CARTESIAN_POINT('',(0.0382133833225792,0.0426799250161312,0.0019553924545941));
#12392=CARTESIAN_POINT('',(0.0401077924684322,0.034479554686034,0.0153015303915857));
#12393=CARTESIAN_POINT('',(0.0390377642997041,0.0358143957676905,0.0116604240058726));
#12394=CARTESIAN_POINT('',(0.0371214257191536,0.0382049940140181,0.00841389687274643));
#12395=CARTESIAN_POINT('',(0.0346463978707603,0.0412925471708727,0.00606559130723047));
#12396=CARTESIAN_POINT('',(0.0344107462169717,0.0415865184116591,0.00584200509971604));
#12397=CARTESIAN_POINT('',(0.0341750945631831,0.0418804896524455,0.00561841889220162));
#12398=CARTESIAN_POINT('',(0.0339394429093944,0.0421744608932318,0.00539483268468719));
#12399=CARTESIAN_POINT('',(0.0401333486538089,0.0344732632920777,0.0152929550961968));
#12400=CARTESIAN_POINT('',(0.0390633204850809,0.0358097200516704,0.0116474415527092));
#12401=CARTESIAN_POINT('',(0.0371469819045304,0.0382032118535636,0.00839698485648341));
#12402=CARTESIAN_POINT('',(0.0346719540561371,0.0412945021530495,0.00604583692602844));
#12403=CARTESIAN_POINT('',(0.0344363024023484,0.0415888292136066,0.0058219800920647));
#12404=CARTESIAN_POINT('',(0.0342006507485599,0.0418831562741637,0.00559812325810096));
#12405=CARTESIAN_POINT('',(0.0339649990947712,0.0421774833347208,0.00537426642413723));
#12406=CARTESIAN_POINT('',(0.0443817328816169,0.0334274006775747,0.0138674235021017));
#12407=CARTESIAN_POINT('',(0.0433117047128889,0.0350324429306666,0.00948927716140031));
#12408=CARTESIAN_POINT('',(0.0413953661323383,0.0379069508014925,0.00558558158588626));
#12409=CARTESIAN_POINT('',(0.0389203382839451,0.0416194925740824,0.00276192736395696));
#12410=CARTESIAN_POINT('',(0.0386846866301564,0.0419729700547654,0.00249308239416933));
#12411=CARTESIAN_POINT('',(0.0384490349763678,0.0423264475354483,0.0022242374243817));
#12412=CARTESIAN_POINT('',(0.0382133833225792,0.0426799250161312,0.00195539245459406));
#12413=CARTESIAN_POINT('',(0.0387036995183791,0.0362570396390418,0.0116187392611753));
#12414=CARTESIAN_POINT('',(0.0377638411770916,0.0374285169858702,0.00971333148925131));
#12415=CARTESIAN_POINT('',(0.036537590241932,0.0389663844754005,0.00791608777464707));
#12416=CARTESIAN_POINT('',(0.0350249467129003,0.0408541161257339,0.00639166567554552));
#12417=CARTESIAN_POINT('',(0.0400005275117689,0.0399992087323467,0.00411039236855564));
#12418=CARTESIAN_POINT('',(0.040970694198023,0.0385439587029655,0.00543295119529398));
#12419=CARTESIAN_POINT('',(0.042258543713951,0.0366121844290735,0.00766655722246143));
#12420=CARTESIAN_POINT('',(0.0436083817832799,0.0345874273250801,0.0110745037431525));
#12421=CARTESIAN_POINT('',(0.0441333913312995,0.0337999130030508,0.0128620974688298));
#12422=CARTESIAN_POINT('',(0.0443606678556258,0.0334589982165612,0.0137816797840431));
#12423=CARTESIAN_POINT('',(0.0400002637558856,0.0399996043661715,0.00411039236855898));
#12424=CARTESIAN_POINT('',(0.0445597263677952,0.0331604104483071,0.0146357426914546));
#12425=CARTESIAN_POINT('',(0.0435326453898154,0.0347010319152769,0.00994684410564918));
#12426=CARTESIAN_POINT('',(0.0415392625050902,0.0376911062423647,0.00574974685000844));
#12427=CARTESIAN_POINT('',(0.0389203382839451,0.0416194925740824,0.00276192736395696));
#12428=CARTESIAN_POINT('',(-0.1,0.0537704262635402,0.022386269445085));
#12429=CARTESIAN_POINT('',(0.0240946558445239,0.0475,0.00280719459988177));
#12430=CARTESIAN_POINT('',(0.0244990648278148,0.0464079587783325,0.00315693349262061));
#12431=CARTESIAN_POINT('',(0.0249862808729904,0.0453851005931159,0.00358318080565672));
#12432=CARTESIAN_POINT('',(0.0255,0.0444052884940456,0.0040845588179619));
#12433=CARTESIAN_POINT('',(0.0255,0.0444052884940456,0.0040845588179619));
#12434=CARTESIAN_POINT('',(0.0255,0.0537704262635402,0.022386269445085));
#12435=CARTESIAN_POINT('',(0.045,0.0325,-0.008));
#12436=CARTESIAN_POINT('',(0.05,0.025,-0.008));
#12437=CARTESIAN_POINT('',(0.0195,0.0502195188375851,0.0153836729575261));
#12438=CARTESIAN_POINT('',(0.0255,0.048502377808184,0.0119297800628093));
#12439=CARTESIAN_POINT('',(0.0235,0.048502377808184,0.0119297800628093));
#12440=CARTESIAN_POINT('',(0.0235,0.0474265269839395,0.00976579151789068));
#12441=CARTESIAN_POINT('',(0.0235,0.0474265269839395,0.00976579151789068));
#12442=CARTESIAN_POINT('',(0.0095,0.0474265269839395,0.00976579151789068));
#12443=CARTESIAN_POINT('',(0.0195,0.0519179835883182,0.0188));
#12444=CARTESIAN_POINT('',(-0.0095,0.036,-0.004));
#12445=CARTESIAN_POINT('',(-0.0095,0.02,-0.004));
#12446=CARTESIAN_POINT('',(-0.0095,0.02,-0.004));
#12447=CARTESIAN_POINT('',(-0.0095,0.036,-0.004));
#12448=CARTESIAN_POINT('',(-0.0095,0.047,-0.004));
#12449=CARTESIAN_POINT('',(-0.0095,0.0373561643835617,-0.000383561643835617));
#12450=CARTESIAN_POINT('',(-0.0095,0.0390470782847468,0.00551434101747456));
#12451=CARTESIAN_POINT('',(-0.0095,0.0504684475069498,0.00185651478703664));
#12452=CARTESIAN_POINT('',(-0.0095,0.0519934561612659,0.00661827376920501));
#12453=CARTESIAN_POINT('',(-0.0095,0.0470169818768335,0.00613381149370414));
#12454=CARTESIAN_POINT('',(-0.0095,0.0478908227648173,-0.00284242242098152));
#12455=CARTESIAN_POINT('',(-0.0095,0.0469272613170393,0.00705543549041155));
#12456=CARTESIAN_POINT('',(-0.0095,0.0519037356014716,0.00753989776591243));
#12457=CARTESIAN_POINT('',(-0.0095,0.0474265269839395,0.00976579151789068));
#12458=CARTESIAN_POINT('',(-0.0095,0.0502195188375851,0.0153836729575261));
#12459=CARTESIAN_POINT('',(-0.0095,0.0519179835883182,0.0188));
#12460=CARTESIAN_POINT('',(-0.0095,0.047,0.0188));
#12461=CARTESIAN_POINT('',(-0.0095,0.0529,0.0188));
#12462=CARTESIAN_POINT('',(-0.0095,0.0366308724832217,-0.00444161073825516));
#12463=CARTESIAN_POINT('',(-0.0095,0.055,0.0218));
#12464=CARTESIAN_POINT('',(-0.0095,0.055,0.0268));
#12465=CARTESIAN_POINT('',(-0.0095,0.055,0.0318));
#12466=CARTESIAN_POINT('',(-0.0095,0.0655704697986578,0.0166993288590605));
#12467=CARTESIAN_POINT('',(-0.0095,0.0529,0.0348));
#12468=CARTESIAN_POINT('',(-0.0095,0.047,0.0348));
#12469=CARTESIAN_POINT('',(-0.0095,0.0411,0.0348));
#12470=CARTESIAN_POINT('',(-0.0095,0.0211946308724834,0.0063637583892616));
#12471=CARTESIAN_POINT('',(-0.0095,0.039,0.0318));
#12472=CARTESIAN_POINT('',(-0.0095,0.039,0.0243630628046797));
#12473=CARTESIAN_POINT('',(-0.0095,0.039,0.0299261256093593));
#12474=CARTESIAN_POINT('',(-0.0095,0.0253072445946276,0.0445037951559173));
#12475=CARTESIAN_POINT('',(-0.017,0.065,-0.008));
#12476=CARTESIAN_POINT('',(-0.0104550097586231,0.0540916829310385,-0.0034519615877555));
#12477=CARTESIAN_POINT('',(-0.1,0.06125,-0.00159640270005912));
#12478=CARTESIAN_POINT('',(-0.0273412484245515,0.0726375604762565,-0.00524340128668869));
#12479=CARTESIAN_POINT('',(-0.0253302456716363,0.069285889221398,-0.00416998961482072));
#12480=CARTESIAN_POINT('',(-0.0299833689540719,0.069285889221398,-0.00416998961482072));
#12481=CARTESIAN_POINT('',(-0.032473149877952,0.069285889221398,-0.00416998961482072));
#12482=CARTESIAN_POINT('',(-0.0320165759109808,0.0746125855027293,-0.00587592600478986));
#12483=CARTESIAN_POINT('',(-0.0235,0.0504684475069498,0.00185651478703664));
#12484=CARTESIAN_POINT('',(-0.0235,0.0494475206629247,0.00218347847385746));
#12485=CARTESIAN_POINT('',(-0.0237394578403074,0.0484591549112038,0.00250001409244889));
#12486=CARTESIAN_POINT('',(-0.0240946558445239,0.0475,0.00280719459988177));
#12487=CARTESIAN_POINT('',(-0.0235,0.0504684475069498,0.00185651478703664));
#12488=CARTESIAN_POINT('',(-0.1,0.0504684475069498,0.00185651478703664));
#12489=CARTESIAN_POINT('',(-0.0400748952412356,0.0938603051707302,-0.0120402319218828));
#12490=CARTESIAN_POINT('',(-0.0277903606420065,0.0908493240877764,-0.018623363495432));
#12491=CARTESIAN_POINT('',(-0.00899836553948762,0.056555366869496,-0.00635500803516574));
#12492=CARTESIAN_POINT('',(-0.0111235123034445,0.0551764461477778,-0.00378665991456797));
#12493=CARTESIAN_POINT('',(-0.0386425434940803,0.0944893478486863,-0.0135453019321648));
#12494=CARTESIAN_POINT('',(-0.0195,0.0502195188375851,0.0153836729575261));
#12495=CARTESIAN_POINT('',(-0.0195,0.0519179835883182,0.0188));
#12496=CARTESIAN_POINT('',(-0.0195,0.0474265269839395,0.00976579151789068));
#12497=CARTESIAN_POINT('',(-0.0235,0.0474265269839395,0.00976579151789068));
#12498=CARTESIAN_POINT('',(-0.0235,0.0474265269839395,0.00976579151789068));
#12499=CARTESIAN_POINT('',(-0.0235,0.048502377808184,0.0119297800628093));
#12500=CARTESIAN_POINT('',(-0.0255,0.048502377808184,0.0119297800628093));
#12501=CARTESIAN_POINT('',(-0.0215,0.048502377808184,0.0119297800628093));
#12502=CARTESIAN_POINT('',(-0.0215,0.0494416113030409,0.0138189736926986));
#12503=CARTESIAN_POINT('',(-0.0195,0.03975,0.02565));
#12504=CARTESIAN_POINT('',(-0.0195,0.0319976729394006,0.014));
#12505=CARTESIAN_POINT('',(-0.0195,0.0319976729394006,0.0125));
#12506=CARTESIAN_POINT('',(-0.0195,0.0319976729394006,0.009));
#12507=CARTESIAN_POINT('',(-0.0195,0.034979231546231,0.0108331143646906));
#12508=CARTESIAN_POINT('',(-0.0195,0.0537704262635402,0.022386269445085));
#12509=CARTESIAN_POINT('',(-0.0195,0.0365,0.00866341376956703));
#12510=CARTESIAN_POINT('',(-0.0195,0.0365,0.));
#12511=CARTESIAN_POINT('',(-0.0195,0.0216219827888822,0.00333133866406947));
#12512=CARTESIAN_POINT('',(-0.00475,0.017,-0.004));
#12513=CARTESIAN_POINT('',(0.0065,0.017,-0.004));
#12514=CARTESIAN_POINT('',(0.0065,0.017,-0.004));
#12515=CARTESIAN_POINT('',(-0.00475,0.017,-0.004));
#12516=CARTESIAN_POINT('',(-0.0065,0.017,-0.004));
#12517=CARTESIAN_POINT('',(-0.0065,0.017,-0.004));
#12518=CARTESIAN_POINT('',(-0.1,0.0319976729394006,0.009));
#12519=CARTESIAN_POINT('',(-0.038706043381607,0.036257555387577,0.0116179002134761));
#12520=CARTESIAN_POINT('',(-0.0389297539536477,0.0359770537530476,0.0120743362470061));
#12521=CARTESIAN_POINT('',(-0.0397697175225394,0.0354299644746623,0.0126798365275706));
#12522=CARTESIAN_POINT('',(-0.0412273030408552,0.0347188531717859,0.0132202293292467));
#12523=CARTESIAN_POINT('',(-0.0427741572774032,0.0340659141222851,0.0135693767341113));
#12524=CARTESIAN_POINT('',(-0.0438290708066786,0.033658247191307,0.0137207935966932));
#12525=CARTESIAN_POINT('',(-0.044360653924326,0.033459019113511,0.0137816803907635));
#12526=CARTESIAN_POINT('',(-0.0443606619821559,0.0334590070267662,0.013781684504243));
#12527=CARTESIAN_POINT('',(-0.0453348847070663,0.0319976729394006,0.009));
#12528=CARTESIAN_POINT('',(-0.0384793951640547,0.0319976729394006,0.014));
#12529=CARTESIAN_POINT('',(-0.0255,0.0319976729394006,0.009));
#12530=CARTESIAN_POINT('',(-0.0384793951640547,0.0319976729394006,0.014));
#12531=CARTESIAN_POINT('',(-0.0269509308242398,0.0319976729394006,0.0125));
#12532=CARTESIAN_POINT('',(-0.1,0.0319976729394006,0.009));
#12533=CARTESIAN_POINT('',(-0.0416912216391146,0.0329848013620695,0.0123579126666962));
#12534=CARTESIAN_POINT('',(-0.0412607485508791,0.0331216826759724,0.0123176735512404));
#12535=CARTESIAN_POINT('',(-0.0404044897715403,0.0334032303163893,0.0122170876664529));
#12536=CARTESIAN_POINT('',(-0.0391451557427742,0.0338579799337869,0.0119816613334867));
#12537=CARTESIAN_POINT('',(-0.0381322287924805,0.0342798000183645,0.0116735251993501));
#12538=CARTESIAN_POINT('',(-0.0374125113570864,0.0346552500300051,0.0112923977226038));
#12539=CARTESIAN_POINT('',(-0.0371069341615458,0.0348698265346712,0.0110110615021577));
#12540=CARTESIAN_POINT('',(-0.0370061210000096,0.034979231546231,0.0108331143646906));
#12541=CARTESIAN_POINT('',(-0.0370061210000096,0.034979231546231,0.0108331143646906));
#12542=CARTESIAN_POINT('',(-0.1,0.034979231546231,0.0108331143646906));
#12543=CARTESIAN_POINT('',(-0.1,0.0537704262635402,0.022386269445085));
#12544=CARTESIAN_POINT('',(-0.011,0.0365,0.00866341376956703));
#12545=CARTESIAN_POINT('',(-0.0356017814087817,0.0365,0.00866341376956717));
#12546=CARTESIAN_POINT('',(-0.0356017814087817,0.0365,0.00866341376956718));
#12547=CARTESIAN_POINT('',(-0.0361012854164562,0.0359599319820503,0.00934309772907545));
#12548=CARTESIAN_POINT('',(-0.0365707219260141,0.0354517377150461,0.0100645835727512));
#12549=CARTESIAN_POINT('',(-0.0370061210000096,0.034979231546231,0.0108331143646906));
#12550=CARTESIAN_POINT('',(0.,0.0365,0.));
#12551=CARTESIAN_POINT('',(-0.0315508907043908,0.0365,0.00656341376956702));
#12552=CARTESIAN_POINT('',(-0.0315508907043908,0.0365,0.00456341376956702));
#12553=CARTESIAN_POINT('',(-0.0364759384913373,0.0365,0.00808393930929456));
#12554=CARTESIAN_POINT('',(-0.0361845394358535,0.0365,0.00827707730605782));
#12555=CARTESIAN_POINT('',(-0.0358931535179617,0.0365,0.00847023512200156));
#12556=CARTESIAN_POINT('',(-0.0356017814087817,0.0365,0.0086634137695672));
#12557=CARTESIAN_POINT('',(-0.0364759384913373,0.0365,0.00808393930929456));
#12558=CARTESIAN_POINT('',(-0.0364759384913373,0.0365,0.));
#12559=CARTESIAN_POINT('',(-0.053,0.0195454545454545,-0.008));
#12560=CARTESIAN_POINT('',(-0.0556286477260299,0.0147660950435819,-0.008));
#12561=CARTESIAN_POINT('',(-0.05,0.025,-0.008));
#12562=CARTESIAN_POINT('',(-0.056,0.00454545454545455,-0.008));
#12563=CARTESIAN_POINT('',(-0.056,0.000599999999999988,3.25260651745652E-19));
#12564=CARTESIAN_POINT('',(-0.056,0.000599999999999988,0.00225));
#12565=CARTESIAN_POINT('',(-0.056,0.0133203387942655,-0.008));
#12566=CARTESIAN_POINT('',(-0.056,-0.005,-0.008));
#12567=CARTESIAN_POINT('',(-0.0545,-0.0125,-0.008));
#12568=CARTESIAN_POINT('',(-0.0551072750706173,-0.00946362464691338,-0.011));
#12569=CARTESIAN_POINT('',(0.0545,-0.0125,-0.008));
#12570=CARTESIAN_POINT('',(0.0550922265936042,-0.00953886703197904,-0.011));
#12571=CARTESIAN_POINT('',(0.056,-0.005,-0.008));
#12572=CARTESIAN_POINT('',(0.056,0.00454545454545457,-0.008));
#12573=CARTESIAN_POINT('',(0.056,0.0133203387942655,-0.008));
#12574=CARTESIAN_POINT('',(0.053,0.0195454545454546,-0.008));
#12575=CARTESIAN_POINT('',(0.05562864772603,0.014766095043582,-0.008));
#12576=CARTESIAN_POINT('',(-0.0545,0.00454545454545455,-0.008));
#12577=CARTESIAN_POINT('',(-0.0545,0.000599999999999988,3.25260651745652E-19));
#12578=CARTESIAN_POINT('',(-0.0545,0.000599999999999988,-0.00225));
#12579=CARTESIAN_POINT('',(-0.0545,-0.00485147072961082,-0.008));
#12580=CARTESIAN_POINT('',(-0.0530291289864636,-0.0122058257972927,-0.008));
#12581=CARTESIAN_POINT('',(-0.0536364040570809,-0.00916945044420614,-0.006502));
#12582=CARTESIAN_POINT('',(0.0530291289864636,-0.0122058257972927,-0.008));
#12583=CARTESIAN_POINT('',(0.0545,-0.00485147072961081,-0.008));
#12584=CARTESIAN_POINT('',(0.0545,0.00454545454545457,-0.008));
#12585=CARTESIAN_POINT('',(-0.0355458967680434,0.0365228745102681,0.00865767453754677));
#12586=CARTESIAN_POINT('',(-0.0367040082588484,0.0352821261829661,0.01020835718094));
#12587=CARTESIAN_POINT('',(-0.0376689321714419,0.0342488051227118,0.0119292062495836));
#12588=CARTESIAN_POINT('',(-0.0384004293826073,0.0334655395112928,0.0137656659993751));
#12589=CARTESIAN_POINT('',(-0.0366545832310258,0.0365227773907653,0.00792388080785296));
#12590=CARTESIAN_POINT('',(-0.0378138711829819,0.0352141852278385,0.00955712415743436));
#12591=CARTESIAN_POINT('',(-0.0387798941285162,0.0341243342235255,0.0113700024347927));
#12592=CARTESIAN_POINT('',(-0.0395122644236037,0.0332982980522657,0.0133046646775351));
#12593=CARTESIAN_POINT('',(-0.0377632696940082,0.0365226802712625,0.00719008707815915));
#12594=CARTESIAN_POINT('',(-0.0389237341071155,0.0351462442727109,0.00890589113392872));
#12595=CARTESIAN_POINT('',(-0.0398908560855905,0.0339998633243391,0.0108107986200017));
#12596=CARTESIAN_POINT('',(-0.0406240994646001,0.0331310565932386,0.0128436633556952));
#12597=CARTESIAN_POINT('',(-0.0388719561569906,0.0365225831517597,0.00645629334846535));
#12598=CARTESIAN_POINT('',(-0.0400335970312491,0.0350783033175834,0.00825465811042307));
#12599=CARTESIAN_POINT('',(-0.0410018180426648,0.0338753924251527,0.0102515948052107));
#12600=CARTESIAN_POINT('',(-0.0417359345055965,0.0329638151342115,0.0123826620338552));
#12601=CARTESIAN_POINT('',(-0.0403802825385525,0.0346234752377721,0.00917669703159772));
#12602=CARTESIAN_POINT('',(-0.040214075102504,0.0348312345328326,0.0088347543626599));
#12603=CARTESIAN_POINT('',(-0.039817708726254,0.0352627929767831,0.00819767568330303));
#12604=CARTESIAN_POINT('',(-0.0388983607273543,0.0359362909113121,0.00750877760189974));
#12605=CARTESIAN_POINT('',(-0.0376376428975052,0.0364222175628862,0.00745631766521108));
#12606=CARTESIAN_POINT('',(-0.0368387744918051,0.0365,0.00784345322340936));
#12607=CARTESIAN_POINT('',(-0.0364759384913373,0.0365,0.00808393930929455));
#12608=CARTESIAN_POINT('',(-0.011,0.036,-0.004));
#12609=CARTESIAN_POINT('',(-0.011,0.0235548582766434,-0.00722079855840433));
#12610=CARTESIAN_POINT('',(0.0195,0.0184584023625039,0.0147013552701438));
#12611=CARTESIAN_POINT('',(0.0195,0.018458516390177,0.0147010862739581));
#12612=CARTESIAN_POINT('',(0.015,0.018458516390177,0.0147010862739581));
#12613=CARTESIAN_POINT('',(0.00907367990801559,0.018458516390177,0.0147010862739581));
#12614=CARTESIAN_POINT('',(0.015,0.0184584023625039,0.0147013552701438));
#12615=CARTESIAN_POINT('',(0.0065,0.02,0.0110645170497102));
#12616=CARTESIAN_POINT('',(0.0195,0.0470000000000295,0.0268000000000128));
#12617=CARTESIAN_POINT('',(0.015,0.0470000000000295,0.0268000000000128));
#12618=CARTESIAN_POINT('',(0.00907367990801559,0.0184585163863742,0.0147010862723461));
#12619=CARTESIAN_POINT('',(0.00913305141942556,0.018557643788491,0.0144672435334966));
#12620=CARTESIAN_POINT('',(0.00918666421343996,0.0186601013997847,0.0142335407352502));
#12621=CARTESIAN_POINT('',(0.00923444503127429,0.0187659779698322,0.014));
#12622=CARTESIAN_POINT('',(-0.0195,0.0216219827888822,0.00333133866406947));
#12623=CARTESIAN_POINT('',(-0.013,0.0175,0.014));
#12624=CARTESIAN_POINT('',(6.93889390390723E-18,0.025,-0.004));
#12625=CARTESIAN_POINT('',(6.93889390390723E-18,0.047,-0.004));
#12626=CARTESIAN_POINT('',(-0.0065,0.02,-0.004));
#12627=CARTESIAN_POINT('',(0.0065,0.02,-0.004));
#12628=CARTESIAN_POINT('',(-0.0364759384913373,0.0315,-0.008));
#12629=CARTESIAN_POINT('',(-0.1,0.0467883667441932,0.00848218284509628));
#12630=CARTESIAN_POINT('',(0.0195,0.0469272613170393,0.00705543549041155));
#12631=CARTESIAN_POINT('',(0.0235,0.0469272613170393,0.00705543549041155));
#12632=CARTESIAN_POINT('',(0.0235,0.0470169818768335,0.00613381149370414));
#12633=CARTESIAN_POINT('',(0.0235,0.0470169818768335,0.00613381149370414));
#12634=CARTESIAN_POINT('',(-0.1,0.0470169818768335,0.00613381149370414));
#12635=CARTESIAN_POINT('',(-0.1,0.0473356308059026,0.00286059852859839));
#12636=CARTESIAN_POINT('',(-0.1,0.0470169818768335,0.00613381149370414));
#12637=CARTESIAN_POINT('',(-0.0235,0.0470169818768335,0.00613381149370414));
#12638=CARTESIAN_POINT('',(-0.0235,0.0470169818768335,0.00613381149370414));
#12639=CARTESIAN_POINT('',(-0.0235,0.0469272613170393,0.00705543549041155));
#12640=CARTESIAN_POINT('',(-0.1,0.0469272613170393,0.00705543549041155));
#12641=CARTESIAN_POINT('',(-0.1,0.0519934561612659,0.00661827376920501));
#12642=CARTESIAN_POINT('',(-0.0235,0.0519934561612659,0.00661827376920501));
#12643=CARTESIAN_POINT('',(-0.1,0.0519934561612659,0.00661827376920501));
#12644=CARTESIAN_POINT('',(0.0235,0.0519934561612659,0.00661827376920501));
#12645=CARTESIAN_POINT('',(-0.0195,0.0519037356014716,0.00753989776591243));
#12646=CARTESIAN_POINT('',(-0.0235,0.0519037356014716,0.00753989776591243));
#12647=CARTESIAN_POINT('',(0.0195,0.0519037356014716,0.00753989776591243));
#12648=CARTESIAN_POINT('',(0.0235,0.0519037356014716,0.00753989776591243));
#12649=CARTESIAN_POINT('',(-0.015,0.0355,0.015));
#12650=CARTESIAN_POINT('',(-0.015,0.0202316282571331,0.0154));
#12651=CARTESIAN_POINT('',(-0.015,0.0202316282571331,0.0154));
#12652=CARTESIAN_POINT('',(-0.015,0.0355,0.0154));
#12653=CARTESIAN_POINT('',(0.015,0.0355,0.015));
#12654=CARTESIAN_POINT('',(0.015,0.0355,0.015));
#12655=CARTESIAN_POINT('',(0.015,0.0355,0.0154));
#12656=CARTESIAN_POINT('',(0.015,0.0355,0.0154));
#12657=CARTESIAN_POINT('',(0.015,0.0202316282571331,0.0154));
#12658=CARTESIAN_POINT('',(0.015,0.0202316282571331,0.0154));
#12659=CARTESIAN_POINT('',(1.04083408558608E-17,0.0355,0.00475));
#12660=CARTESIAN_POINT('',(0.025130461058748,0.0355,0.0154));
#12661=CARTESIAN_POINT('',(0.025130461058748,0.0355,0.0154));
#12662=CARTESIAN_POINT('',(0.025130461058748,0.0355,0.016));
#12663=CARTESIAN_POINT('',(0.019,0.0355,0.0154));
#12664=CARTESIAN_POINT('',(0.0255,0.0355,0.015));
#12665=CARTESIAN_POINT('',(0.0255,0.0355,0.0154456915881219));
#12666=CARTESIAN_POINT('',(0.0225903191945178,0.0355,0.0198102127963452));
#12667=CARTESIAN_POINT('',(0.0195,0.0253072445946276,0.0445037951559173));
#12668=CARTESIAN_POINT('',(0.0195,0.039,0.0299261256093593));
#12669=CARTESIAN_POINT('',(-0.0195,0.0253072445946276,0.0445037951559173));
#12670=CARTESIAN_POINT('',(-0.0195,0.039,0.0299261256093593));
#12671=CARTESIAN_POINT('',(0.0255,0.0378460382671462,0.0184456915881219));
#12672=CARTESIAN_POINT('',(0.0255,0.0419864662828714,0.0184456915881219));
#12673=CARTESIAN_POINT('',(0.0235,0.0419864662828714,0.0184456915881219));
#12674=CARTESIAN_POINT('',(0.0255,0.033705610251421,0.0184456915881219));
#12675=CARTESIAN_POINT('',(0.0235,0.033705610251421,0.0184456915881219));
#12676=CARTESIAN_POINT('',(0.0235,0.0419864662828714,0.0184456915881219));
#12677=CARTESIAN_POINT('',(0.0255,0.0315639327318826,0.0205873691076603));
#12678=CARTESIAN_POINT('',(0.0215,0.0315639327318826,0.0205873691076603));
#12679=CARTESIAN_POINT('',(0.0235,0.033705610251421,0.0184456915881219));
#12680=CARTESIAN_POINT('',(0.0255,0.0444864662828714,0.0159456915881219));
#12681=CARTESIAN_POINT('',(0.0235,0.0444864662828714,0.0159456915881219));
#12682=CARTESIAN_POINT('',(0.0255,0.0360748059227256,0.015891320198198));
#12683=CARTESIAN_POINT('',(0.0255,0.0381865014542008,0.0180030157296732));
#12684=CARTESIAN_POINT('',(0.0255,0.0448557577731788,0.0113337594106952));
#12685=CARTESIAN_POINT('',(0.0255,0.0407438255957521,0.0154456915881219));
#12686=CARTESIAN_POINT('',(0.0255,0.033705610251421,0.0154456915881219));
#12687=CARTESIAN_POINT('',(0.0255,0.0519934561612659,0.00661827376920501));
#12688=CARTESIAN_POINT('',(0.0255,0.0440310973061741,0.00584313412840362));
#12689=CARTESIAN_POINT('',(0.0255,0.0439413767463799,0.00676475812511103));
#12690=CARTESIAN_POINT('',(0.0255,0.0439413767463799,0.00676475812511103));
#12691=CARTESIAN_POINT('',(0.0255,0.0519037356014716,0.00753989776591243));
#12692=CARTESIAN_POINT('',(0.0255,0.0447402018134201,0.0111013277690776));
#12693=CARTESIAN_POINT('',(0.0255,0.0458160526376647,0.0132653163139962));
#12694=CARTESIAN_POINT('',(0.0255,0.0519934561612659,0.00661827376920501));
#12695=CARTESIAN_POINT('',(0.0255,0.0440310973061741,0.00584313412840362));
#12696=CARTESIAN_POINT('',(0.0255,0.0429873899450446,0.0165642637308351));
#12697=CARTESIAN_POINT('',(0.0255,0.0439413767463799,0.00676475812511103));
#12698=CARTESIAN_POINT('',(0.0255,0.0519037356014716,0.00753989776591243));
#12699=CARTESIAN_POINT('',(0.0255,0.0447402018134201,0.0111013277690776));
#12700=CARTESIAN_POINT('',(0.0255,0.0449323004339129,0.0114877188977295));
#12701=CARTESIAN_POINT('',(0.025457980695743,0.0449323719915591,0.0113462815972575));
#12702=CARTESIAN_POINT('',(0.0235,0.0444864662828714,0.0159456915881219));
#12703=CARTESIAN_POINT('',(0.0241041462040521,0.0416110979558095,0.0175394722820437));
#12704=CARTESIAN_POINT('',(0.0255,0.0360748059227256,0.0154456915881219));
#12705=CARTESIAN_POINT('',(0.0248828153586824,0.0328464389376848,0.0163714685500983));
#12706=CARTESIAN_POINT('',(0.025130461058748,0.0326925716262391,0.016));
#12707=CARTESIAN_POINT('',(0.025130461058748,0.0355,0.016));
#12708=CARTESIAN_POINT('',(0.0255,0.0340460734384756,0.013862587713948));
#12709=CARTESIAN_POINT('',(0.0273270909752942,0.0288428339588726,0.0151899819381252));
#12710=CARTESIAN_POINT('',(0.0229330217894582,0.0373540442519203,0.016));
#12711=CARTESIAN_POINT('',(0.0255,0.0322662137886748,0.021093149144832));
#12712=CARTESIAN_POINT('',(0.0281015071508743,0.0319155232145518,0.016));
#12713=CARTESIAN_POINT('',(0.0215,0.0329781462942557,0.0220015826700334));
#12714=CARTESIAN_POINT('',(0.009498,0.055,0.0268));
#12715=CARTESIAN_POINT('',(0.0095,0.055,0.0218));
#12716=CARTESIAN_POINT('',(0.0204,0.055,0.0218));
#12717=CARTESIAN_POINT('',(0.009498,0.055,0.0318));
#12718=CARTESIAN_POINT('',(0.0204,0.055,0.0318));
#12719=CARTESIAN_POINT('',(0.0204,0.055,0.0188));
#12720=CARTESIAN_POINT('',(0.009498,0.047,0.0348));
#12721=CARTESIAN_POINT('',(0.009498,0.0529,0.0348));
#12722=CARTESIAN_POINT('',(0.0204,0.0529,0.0348));
#12723=CARTESIAN_POINT('',(0.0225,0.0411,0.0348));
#12724=CARTESIAN_POINT('',(0.0204,0.0411,0.0348));
#12725=CARTESIAN_POINT('',(0.0204,0.055,0.0348));
#12726=CARTESIAN_POINT('',(0.009498,0.039,0.0243630628046797));
#12727=CARTESIAN_POINT('',(0.009498,0.039,0.0218));
#12728=CARTESIAN_POINT('',(0.0204,0.039,0.0218));
#12729=CARTESIAN_POINT('',(0.0204,0.039,0.0243630628046797));
#12730=CARTESIAN_POINT('',(0.0204,0.039,0.0318));
#12731=CARTESIAN_POINT('',(0.0095,0.039,0.0318));
#12732=CARTESIAN_POINT('',(0.009498,0.047,0.0188));
#12733=CARTESIAN_POINT('',(0.0204,0.047,0.0188));
#12734=CARTESIAN_POINT('',(0.0204,0.0529,0.0188));
#12735=CARTESIAN_POINT('',(0.0204,0.0411,0.0188));
#12736=CARTESIAN_POINT('',(0.009498,0.0411,0.0188));
#12737=CARTESIAN_POINT('',(0.0225,0.0529,0.0188));
#12738=CARTESIAN_POINT('',(0.0225,0.0373652667812701,0.0183282573935183));
#12739=CARTESIAN_POINT('',(0.0225,0.042,0.0183282573935183));
#12740=CARTESIAN_POINT('',(0.0225,0.042,0.0318));
#12741=CARTESIAN_POINT('',(0.0225,0.042,0.0218));
#12742=CARTESIAN_POINT('',(0.0225,0.0373652667812701,0.0218));
#12743=CARTESIAN_POINT('',(0.0225,0.052,0.0218));
#12744=CARTESIAN_POINT('',(0.0225,0.052,0.0348));
#12745=CARTESIAN_POINT('',(0.0225,0.052,0.0318));
#12746=CARTESIAN_POINT('',(0.0225,0.039,0.0318));
#12747=CARTESIAN_POINT('',(0.009498,0.055,0.0318));
#12748=CARTESIAN_POINT('',(0.0204,0.055,0.0318));
#12749=CARTESIAN_POINT('',(0.0204,0.055,0.0318));
#12750=CARTESIAN_POINT('',(0.0204,0.055,0.0318));
#12751=CARTESIAN_POINT('',(0.02145,0.05245,0.0333));
#12752=CARTESIAN_POINT('',(0.009498,0.0411,0.0348));
#12753=CARTESIAN_POINT('',(0.0204,0.0411,0.0348));
#12754=CARTESIAN_POINT('',(0.0204,0.047,0.0348));
#12755=CARTESIAN_POINT('',(0.0204,0.0411,0.0348));
#12756=CARTESIAN_POINT('',(0.0204,0.055,0.0268));
#12757=CARTESIAN_POINT('',(0.0213865771812081,0.0535906040268458,0.0218));
#12758=CARTESIAN_POINT('',(0.009498,0.0529,0.0188));
#12759=CARTESIAN_POINT('',(0.0204,0.0529,0.0188));
#12760=CARTESIAN_POINT('',(0.0204,0.0411,0.0348));
#12761=CARTESIAN_POINT('',(0.0213865771812081,0.0404093959731546,0.0318));
#12762=CARTESIAN_POINT('',(0.0204,0.0529,0.0188));
#12763=CARTESIAN_POINT('',(0.0204,0.0529,0.0188));
#12764=CARTESIAN_POINT('',(0.0225,0.042,0.0183282573935183));
#12765=CARTESIAN_POINT('',(0.0204,0.039,0.0218));
#12766=CARTESIAN_POINT('',(0.0225,0.0373652667812701,0.0218));
#12767=CARTESIAN_POINT('',(0.02145,0.04155,0.0203));
#12768=CARTESIAN_POINT('',(0.0204,0.039,0.0218));
#12769=CARTESIAN_POINT('',(0.0204,0.039,0.0218));
#12770=CARTESIAN_POINT('',(0.009498,0.0411,0.0188));
#12771=CARTESIAN_POINT('',(-0.0204,0.055,0.0318));
#12772=CARTESIAN_POINT('',(-0.0204,0.055,0.0318));
#12773=CARTESIAN_POINT('',(-0.0204,0.055,0.0318));
#12774=CARTESIAN_POINT('',(-0.0225,0.052,0.0318));
#12775=CARTESIAN_POINT('',(-0.02145,0.05245,0.0333));
#12776=CARTESIAN_POINT('',(-0.0204,0.0529,0.0348));
#12777=CARTESIAN_POINT('',(-0.0204,0.055,0.0318));
#12778=CARTESIAN_POINT('',(-0.0204,0.055,0.0268));
#12779=CARTESIAN_POINT('',(-0.0204,0.055,0.0188));
#12780=CARTESIAN_POINT('',(-0.0204,0.055,0.0218));
#12781=CARTESIAN_POINT('',(-0.0213865771812081,0.0535906040268458,0.0218));
#12782=CARTESIAN_POINT('',(-0.0225,0.052,0.0218));
#12783=CARTESIAN_POINT('',(-0.0225,0.052,0.0348));
#12784=CARTESIAN_POINT('',(-0.0204,0.0529,0.0188));
#12785=CARTESIAN_POINT('',(-0.0204,0.0529,0.0188));
#12786=CARTESIAN_POINT('',(-0.0204,0.0529,0.0188));
#12787=CARTESIAN_POINT('',(-0.0204,0.0529,0.0188));
#12788=CARTESIAN_POINT('',(-0.0204,0.047,0.0348));
#12789=CARTESIAN_POINT('',(-0.0225,0.039,0.0318));
#12790=CARTESIAN_POINT('',(-0.0225,0.042,0.0318));
#12791=CARTESIAN_POINT('',(-0.0204,0.0411,0.0348));
#12792=CARTESIAN_POINT('',(-0.0204,0.0411,0.0348));
#12793=CARTESIAN_POINT('',(-0.0204,0.055,0.0348));
#12794=CARTESIAN_POINT('',(-0.0225,0.0373652667812701,0.0183282573935183));
#12795=CARTESIAN_POINT('',(-0.0225,0.042,0.0183282573935183));
#12796=CARTESIAN_POINT('',(-0.0225,0.042,0.0218));
#12797=CARTESIAN_POINT('',(-0.0225,0.0373652667812701,0.0218));
#12798=CARTESIAN_POINT('',(-0.0204,0.0411,0.0348));
#12799=CARTESIAN_POINT('',(-0.0213865771812081,0.0404093959731546,0.0318));
#12800=CARTESIAN_POINT('',(-0.0204,0.039,0.0318));
#12801=CARTESIAN_POINT('',(-0.0204,0.0411,0.0348));
#12802=CARTESIAN_POINT('',(-0.0255,0.0378460382671462,0.0184456915881219));
#12803=CARTESIAN_POINT('',(-0.0255,0.0419864662828714,0.0184456915881219));
#12804=CARTESIAN_POINT('',(-0.0235,0.0419864662828714,0.0184456915881219));
#12805=CARTESIAN_POINT('',(-0.0215,0.0419864662828714,0.0184456915881219));
#12806=CARTESIAN_POINT('',(-0.0235,0.0419864662828714,0.0184456915881219));
#12807=CARTESIAN_POINT('',(-0.0235,0.033705610251421,0.0184456915881219));
#12808=CARTESIAN_POINT('',(-0.0255,0.033705610251421,0.0184456915881219));
#12809=CARTESIAN_POINT('',(-0.0215,0.033705610251421,0.0184456915881219));
#12810=CARTESIAN_POINT('',(-0.0215,0.0378460382671462,0.0184456915881219));
#12811=CARTESIAN_POINT('',(-0.009498,0.055,0.0318));
#12812=CARTESIAN_POINT('',(-0.009498,0.0529,0.0348));
#12813=CARTESIAN_POINT('',(-0.009498,0.055,0.0318));
#12814=CARTESIAN_POINT('',(-0.0255,0.0315639327318826,0.0205873691076603));
#12815=CARTESIAN_POINT('',(-0.0235,0.033705610251421,0.0184456915881219));
#12816=CARTESIAN_POINT('',(-0.0215,0.0315639327318826,0.0205873691076603));
#12817=CARTESIAN_POINT('',(-0.0255,0.0444864662828714,0.0159456915881219));
#12818=CARTESIAN_POINT('',(-0.0235,0.0444864662828714,0.0159456915881219));
#12819=CARTESIAN_POINT('',(-0.0215,0.0419864662828714,0.0184456915881219));
#12820=CARTESIAN_POINT('',(-0.0255,0.0340460734384756,0.013862587713948));
#12821=CARTESIAN_POINT('',(-0.0248828153586824,0.0328464389376848,0.0163714685500983));
#12822=CARTESIAN_POINT('',(-0.025130461058748,0.0326925716262391,0.016));
#12823=CARTESIAN_POINT('',(-0.0229330217894582,0.0373540442519203,0.016));
#12824=CARTESIAN_POINT('',(-0.0255,0.0319086611524236,0.016));
#12825=CARTESIAN_POINT('',(-0.0255,0.0273009348687846,0.020607726283639));
#12826=CARTESIAN_POINT('',(-0.0255,0.0291194553796712,0.0187892057727524));
#12827=CARTESIAN_POINT('',(-0.0273270909752942,0.0288428339588726,0.0151899819381252));
#12828=CARTESIAN_POINT('',(-0.0255,0.0360748059227256,0.015891320198198));
#12829=CARTESIAN_POINT('',(-0.0255,0.0319086611524236,0.0154));
#12830=CARTESIAN_POINT('',(-0.0255,0.0319086611524236,0.0154));
#12831=CARTESIAN_POINT('',(-0.0255,0.0278658141285665,0.0154));
#12832=CARTESIAN_POINT('',(-0.0255,0.0253099187277667,0.0154));
#12833=CARTESIAN_POINT('',(-0.0255,0.0253099187277667,0.0154));
#12834=CARTESIAN_POINT('',(-0.0255,0.0253099187277667,0.016));
#12835=CARTESIAN_POINT('',(-0.0255,0.0220038782007007,0.0135794359877242));
#12836=CARTESIAN_POINT('',(-0.0255,0.0322662137886748,0.021093149144832));
#12837=CARTESIAN_POINT('',(-0.0281015071508743,0.0319155232145518,0.016));
#12838=CARTESIAN_POINT('',(-0.0204,0.039,0.0218));
#12839=CARTESIAN_POINT('',(-0.02145,0.04155,0.0203));
#12840=CARTESIAN_POINT('',(-0.0204,0.0411,0.0188));
#12841=CARTESIAN_POINT('',(-0.0204,0.039,0.0218));
#12842=CARTESIAN_POINT('',(-0.0204,0.039,0.0218));
#12843=CARTESIAN_POINT('',(-0.0204,0.039,0.0218));
#12844=CARTESIAN_POINT('',(-0.009498,0.055,0.0268));
#12845=CARTESIAN_POINT('',(-0.0095,0.055,0.0218));
#12846=CARTESIAN_POINT('',(-0.009498,0.0529,0.0188));
#12847=CARTESIAN_POINT('',(-0.0225,0.0529,0.0188));
#12848=CARTESIAN_POINT('',(-0.0225,0.0373652667812701,0.0218));
#12849=CARTESIAN_POINT('',(-0.0204,0.047,0.0188));
#12850=CARTESIAN_POINT('',(-0.0255,0.0360748059227256,0.0154456915881219));
#12851=CARTESIAN_POINT('',(-0.0241041462040521,0.0416110979558095,0.0175394722820437));
#12852=CARTESIAN_POINT('',(-0.0255,0.0407438255957521,0.0154456915881219));
#12853=CARTESIAN_POINT('',(-0.0255,0.033705610251421,0.0154456915881219));
#12854=CARTESIAN_POINT('',(-0.025130461058748,0.0355,0.016));
#12855=CARTESIAN_POINT('',(-0.0255,0.0429873899450446,0.0165642637308351));
#12856=CARTESIAN_POINT('',(-0.0255,0.0440310973061741,0.00584313412840362));
#12857=CARTESIAN_POINT('',(-0.0255,0.0440310973061741,0.00584313412840362));
#12858=CARTESIAN_POINT('',(-0.0255,0.0439413767463799,0.00676475812511103));
#12859=CARTESIAN_POINT('',(-0.0255,0.0439413767463799,0.00676475812511103));
#12860=CARTESIAN_POINT('',(-0.0255,0.0439413767463799,0.00676475812511103));
#12861=CARTESIAN_POINT('',(-0.0255,0.0519037356014716,0.00753989776591243));
#12862=CARTESIAN_POINT('',(-0.0255,0.0519037356014716,0.00753989776591243));
#12863=CARTESIAN_POINT('',(-0.0255,0.0447402018134201,0.0111013277690776));
#12864=CARTESIAN_POINT('',(-0.0255,0.0447402018134201,0.0111013277690776));
#12865=CARTESIAN_POINT('',(-0.0255,0.0449323004339129,0.0114877188977295));
#12866=CARTESIAN_POINT('',(-0.0255,0.0458160526376647,0.0132653163139962));
#12867=CARTESIAN_POINT('',(-0.0255,0.0448557577731788,0.0113337594106952));
#12868=CARTESIAN_POINT('',(-0.025457980695743,0.0449323719915591,0.0113462815972575));
#12869=CARTESIAN_POINT('',(-0.0235,0.0444864662828714,0.0159456915881219));
#12870=CARTESIAN_POINT('',(-0.0255,0.0381865014542008,0.0180030157296732));
#12871=CARTESIAN_POINT('',(-0.009498,0.047,0.0348));
#12872=CARTESIAN_POINT('',(-0.0225,0.0411,0.0348));
#12873=CARTESIAN_POINT('',(-0.0225,0.042,0.0183282573935183));
#12874=CARTESIAN_POINT('',(-0.0204,0.039,0.0243630628046797));
#12875=CARTESIAN_POINT('',(-0.009498,0.0411,0.0348));
#12876=CARTESIAN_POINT('',(-0.0095,0.039,0.0318));
#12877=CARTESIAN_POINT('',(-0.0255,0.0360748059227256,0.015891320198198));
#12878=CARTESIAN_POINT('',(-0.0255,0.0519934561612659,0.00661827376920501));
#12879=CARTESIAN_POINT('',(-0.0255,0.0519934561612659,0.00661827376920501));
#12880=CARTESIAN_POINT('',(-0.009498,0.039,0.0243630628046797));
#12881=CARTESIAN_POINT('',(-0.009498,0.039,0.0218));
#12882=CARTESIAN_POINT('',(-0.009498,0.047,0.0188));
#12883=CARTESIAN_POINT('',(-0.0215,0.0444605849957396,0.0188));
#12884=CARTESIAN_POINT('',(-0.0203634705473308,0.0421332256323341,0.0188));
#12885=CARTESIAN_POINT('',(-0.0203634705473308,0.0378460382671462,0.0188));
#12886=CARTESIAN_POINT('',(-0.0203634705473308,0.0411,0.0188));
#12887=CARTESIAN_POINT('',(-0.009498,0.0411,0.0188));
#12888=CARTESIAN_POINT('',(-0.009498,0.0411,0.0188));
#12889=CARTESIAN_POINT('',(-0.0215,0.0399480158883148,0.0204456915881219));
#12890=CARTESIAN_POINT('',(-0.0215,0.0386802924978698,0.0245802924978697));
#12891=CARTESIAN_POINT('',(-0.0215,0.0428148934076176,0.0204456915881219));
#12892=CARTESIAN_POINT('',(-0.0215,0.0329781462942557,0.0220015826700334));
#12893=CARTESIAN_POINT('',(-0.0215,0.0345340373761671,0.0204456915881219));
#12894=CARTESIAN_POINT('',(-0.0215,0.0378460382671462,0.0204456915881219));
#12895=CARTESIAN_POINT('',(0.0428286967858355,0.0315629574286684,-0.008));
#12896=CARTESIAN_POINT('',(0.0457040639595667,0.0279687484615044,-0.008));
#12897=CARTESIAN_POINT('',(0.0416912216391146,0.0329848013620695,0.0123579126666962));
#12898=CARTESIAN_POINT('',(0.0413058614603058,0.0334665015855804,0.0112340963287783));
#12899=CARTESIAN_POINT('',(0.0408663821305164,0.0340158507478172,0.0101767617447011));
#12900=CARTESIAN_POINT('',(0.0403802825385494,0.0346234752377759,0.00917669703160147));
#12901=CARTESIAN_POINT('',(0.0403802825385495,0.0346234752377759,0.00917669703160143));
#12902=CARTESIAN_POINT('',(0.0403802825385525,0.0346234752377721,-0.008));
#12903=CARTESIAN_POINT('',(0.0364759384913373,0.0315,-0.008));
#12904=CARTESIAN_POINT('',(0.0403802825385525,0.0346234752377721,0.00917669703159772));
#12905=CARTESIAN_POINT('',(0.040214075102504,0.0348312345328326,0.0088347543626599));
#12906=CARTESIAN_POINT('',(0.039817708726254,0.0352627929767831,0.00819767568330303));
#12907=CARTESIAN_POINT('',(0.0388983607273543,0.0359362909113121,0.00750877760189974));
#12908=CARTESIAN_POINT('',(0.0376376428975052,0.0364222175628862,0.00745631766521108));
#12909=CARTESIAN_POINT('',(0.0368387744918051,0.0365,0.00784345322340936));
#12910=CARTESIAN_POINT('',(0.0364759384913373,0.0365,0.00808393930929455));
#12911=CARTESIAN_POINT('',(0.0355458967680434,0.0365228745102681,0.00865767453754677));
#12912=CARTESIAN_POINT('',(0.0367040082588484,0.0352821261829661,0.01020835718094));
#12913=CARTESIAN_POINT('',(0.0376689321714419,0.0342488051227118,0.0119292062495836));
#12914=CARTESIAN_POINT('',(0.0384004293826073,0.0334655395112928,0.0137656659993751));
#12915=CARTESIAN_POINT('',(0.0366545832310258,0.0365227773907653,0.00792388080785296));
#12916=CARTESIAN_POINT('',(0.0378138711829819,0.0352141852278385,0.00955712415743436));
#12917=CARTESIAN_POINT('',(0.0387798941285162,0.0341243342235255,0.0113700024347927));
#12918=CARTESIAN_POINT('',(0.0395122644236037,0.0332982980522657,0.0133046646775351));
#12919=CARTESIAN_POINT('',(0.0377632696940082,0.0365226802712625,0.00719008707815915));
#12920=CARTESIAN_POINT('',(0.0389237341071155,0.0351462442727109,0.00890589113392872));
#12921=CARTESIAN_POINT('',(0.0398908560855905,0.0339998633243391,0.0108107986200017));
#12922=CARTESIAN_POINT('',(0.0406240994646001,0.0331310565932386,0.0128436633556952));
#12923=CARTESIAN_POINT('',(0.0388719561569906,0.0365225831517597,0.00645629334846535));
#12924=CARTESIAN_POINT('',(0.0400335970312491,0.0350783033175834,0.00825465811042307));
#12925=CARTESIAN_POINT('',(0.0410018180426648,0.0338753924251527,0.0102515948052107));
#12926=CARTESIAN_POINT('',(0.0417359345055965,0.0329638151342115,0.0123826620338552));
#12927=CARTESIAN_POINT('',(-0.0394277804751684,0.0466758944563694,-0.00112757952716124));
#12928=CARTESIAN_POINT('',(-0.0396775623506894,0.04376177257529,-0.000197002584522666));
#12929=CARTESIAN_POINT('',(-0.0399120072225573,0.0410265824034981,0.00128550532551368));
#12930=CARTESIAN_POINT('',(-0.0401156330428369,0.0386509478335697,0.00321188494576029));
#12931=CARTESIAN_POINT('',(-0.0343405118112147,0.0475,0.00280719459988177));
#12932=CARTESIAN_POINT('',(-0.0345902936867358,0.0450735231401273,0.00358205011718334));
#12933=CARTESIAN_POINT('',(-0.0348247385586036,0.0427960358111669,0.00481647725684335));
#12934=CARTESIAN_POINT('',(-0.0350283643788832,0.0408179365597692,0.00642049924446436));
#12935=CARTESIAN_POINT('',(-0.0382133833225792,0.0426799250161312,0.00195539245459405));
#12936=CARTESIAN_POINT('',(-0.0388108713911969,0.0417836929132047,0.00198653810896377));
#12937=CARTESIAN_POINT('',(-0.0394064122122309,0.0408903816816538,0.00206533864412478));
#12938=CARTESIAN_POINT('',(-0.0399999707795994,0.040000043830601,0.00219265076194856));
#12939=CARTESIAN_POINT('',(-0.0399999867607505,0.0400000356282809,0.0021926340011667));
#12940=CARTESIAN_POINT('',(-0.0382133834909118,0.0426799247615035,0.00195539254929221));
#12941=CARTESIAN_POINT('',(-0.0350252705741085,0.0408531271682616,0.00639148917177998));
#12942=CARTESIAN_POINT('',(-0.0352522704075637,0.0410275468417149,0.00600106513076386));
#12943=CARTESIAN_POINT('',(-0.0357229513897651,0.0413678932403042,0.00523719437392987));
#12944=CARTESIAN_POINT('',(-0.0365058927580693,0.041850418253508,0.00410532392014974));
#12945=CARTESIAN_POINT('',(-0.0372900520435639,0.0422606961406895,0.003074945709247));
#12946=CARTESIAN_POINT('',(-0.0378962419937572,0.0425418178383873,0.00233155997085602));
#12947=CARTESIAN_POINT('',(-0.0382133833225792,0.0426799250161312,0.0019553924545941));
#12948=CARTESIAN_POINT('',(-0.0343405118112147,0.0475,0.00280719459988176));
#12949=CARTESIAN_POINT('',(-0.0360362680325326,0.0472252981521231,0.00149560322420076));
#12950=CARTESIAN_POINT('',(-0.0377320242538505,0.0469505963042462,0.000184011848519757));
#12951=CARTESIAN_POINT('',(-0.0394277804751683,0.0466758944563694,-0.00112757952716124));
#12952=CARTESIAN_POINT('',(-0.0394277804751684,0.0466758944563694,-0.00112757952716124));
#12953=CARTESIAN_POINT('',(-0.0394277804751683,0.0466758944563694,-0.00112757952716124));
#12954=CARTESIAN_POINT('',(-0.03963228878943,0.0442899641233163,-0.000365671877005292));
#12955=CARTESIAN_POINT('',(-0.0398230270464104,0.0420646844585448,0.000741060644118894));
#12956=CARTESIAN_POINT('',(-0.0399999952461096,0.040000055462055,0.00219261803621132));
#12957=CARTESIAN_POINT('',(-0.0401077924684321,0.034479554686034,0.0153015303915857));
#12958=CARTESIAN_POINT('',(-0.0390377642997041,0.0358143957676905,0.0116604240058726));
#12959=CARTESIAN_POINT('',(-0.0371214257191536,0.0382049940140181,0.00841389687274643));
#12960=CARTESIAN_POINT('',(-0.0346463978707603,0.0412925471708727,0.00606559130723047));
#12961=CARTESIAN_POINT('',(-0.0344107462169717,0.0415865184116591,0.00584200509971604));
#12962=CARTESIAN_POINT('',(-0.0341750945631831,0.0418804896524455,0.00561841889220162));
#12963=CARTESIAN_POINT('',(-0.0339394429093944,0.0421744608932318,0.00539483268468719));
#12964=CARTESIAN_POINT('',(-0.0401333486538089,0.0344732632920777,0.0152929550961968));
#12965=CARTESIAN_POINT('',(-0.0390633204850809,0.0358097200516704,0.0116474415527092));
#12966=CARTESIAN_POINT('',(-0.0371469819045304,0.0382032118535636,0.00839698485648341));
#12967=CARTESIAN_POINT('',(-0.0346719540561371,0.0412945021530495,0.00604583692602844));
#12968=CARTESIAN_POINT('',(-0.0344363024023484,0.0415888292136066,0.0058219800920647));
#12969=CARTESIAN_POINT('',(-0.0342006507485599,0.0418831562741637,0.00559812325810096));
#12970=CARTESIAN_POINT('',(-0.0339649990947712,0.0421774833347208,0.00537426642413723));
#12971=CARTESIAN_POINT('',(-0.0443817328816169,0.0334274006775747,0.0138674235021017));
#12972=CARTESIAN_POINT('',(-0.0433117047128889,0.0350324429306666,0.00948927716140031));
#12973=CARTESIAN_POINT('',(-0.0413953661323383,0.0379069508014925,0.00558558158588626));
#12974=CARTESIAN_POINT('',(-0.0389203382839451,0.0416194925740824,0.00276192736395696));
#12975=CARTESIAN_POINT('',(-0.0386846866301564,0.0419729700547654,0.00249308239416933));
#12976=CARTESIAN_POINT('',(-0.0384490349763678,0.0423264475354483,0.0022242374243817));
#12977=CARTESIAN_POINT('',(-0.0382133833225792,0.0426799250161312,0.00195539245459406));
#12978=CARTESIAN_POINT('',(-0.0382133834672135,0.0426799247991797,0.00195539261960123));
#12979=CARTESIAN_POINT('',(-0.0383483320867918,0.0424775018698123,0.00210934977196577));
#12980=CARTESIAN_POINT('',(-0.038588875020978,0.042116687468533,0.00238394552157266));
#12981=CARTESIAN_POINT('',(-0.0388604078711047,0.041709388193343,0.00269444300379613));
#12982=CARTESIAN_POINT('',(-0.0390153305441866,0.0414770041837201,0.00287229531254389));
#12983=CARTESIAN_POINT('',(-0.0390804505098699,0.0413793242351952,0.00294738944758975));
#12984=CARTESIAN_POINT('',(-0.0391138135423859,0.0413292796864212,0.00298626872504972));
#12985=CARTESIAN_POINT('',(-0.0391129958923131,0.0413305061615303,0.00298514299712161));
#12986=CARTESIAN_POINT('',(-0.0391842863919122,0.0412235704121316,0.00306951062729297));
#12987=CARTESIAN_POINT('',(-0.0392538780960823,0.0411191828558765,0.00315284025451938));
#12988=CARTESIAN_POINT('',(-0.0393867441754268,0.0409198837368598,0.00331384483190784));
#12989=CARTESIAN_POINT('',(-0.0396415012807438,0.0405377480788843,0.00363147033774419));
#12990=CARTESIAN_POINT('',(-0.039858285702864,0.0402125714457039,0.0039164951605347));
#12991=CARTESIAN_POINT('',(-0.0400001918942514,0.0399997121586229,0.00410993485804996));
#12992=CARTESIAN_POINT('',(-0.0400011172475477,0.0399983241286784,0.00411119644814602));
#12993=CARTESIAN_POINT('',(-0.0400011172731932,0.0399983240902102,0.00411119638701202));
#12994=CARTESIAN_POINT('',(-0.0409711389762752,0.0385432915355872,0.00543368555041677));
#12995=CARTESIAN_POINT('',(-0.042258809600349,0.0366117855994765,0.00766714652945547));
#12996=CARTESIAN_POINT('',(-0.043608464918796,0.034587302621806,0.0110747723363139));
#12997=CARTESIAN_POINT('',(-0.0441334143586401,0.0337998784620399,0.0128621906396279));
#12998=CARTESIAN_POINT('',(-0.0443606678556258,0.0334589982165612,0.013781679784043));
#12999=CARTESIAN_POINT('',(-0.0322804917021022,0.0715335679396453,-0.00488983484644316));
#13000=CARTESIAN_POINT('',(-0.0330414446453041,0.0709951482412487,-0.00531565865251327));
#13001=CARTESIAN_POINT('',(-0.0394609874320773,0.0462884799590986,-0.0010035055319511));
#13002=CARTESIAN_POINT('',(-0.0385,0.0575,-0.008));
#13003=CARTESIAN_POINT('',(-0.04,0.04,-0.008));
#13004=CARTESIAN_POINT('',(-0.045,0.0325,-0.008));
#13005=CARTESIAN_POINT('',(-0.018,0.065,-0.008));
#13006=CARTESIAN_POINT('',(-0.0244178688079336,0.0741683840113337,-0.0098690487361389));
#13007=CARTESIAN_POINT('',(0.0159632045517855,0.00789657132382168,0.015490652897105));
#13008=CARTESIAN_POINT('',(0.017,0.065,-0.008));
#13009=CARTESIAN_POINT('',(0.0104550097586231,0.0540916829310385,-0.0034519615877555));
#13010=CARTESIAN_POINT('',(0.0400748952412356,0.0938603051707302,-0.0120402319218828));
#13011=CARTESIAN_POINT('',(0.0277903606420065,0.0908493240877764,-0.018623363495432));
#13012=CARTESIAN_POINT('',(-0.051,-0.0067,0.017));
#13013=CARTESIAN_POINT('',(-0.051,0.0146,0.017));
#13014=CARTESIAN_POINT('',(-0.051,-0.0125990113074684,-0.0065));
#13015=CARTESIAN_POINT('',(-0.051,-0.0125990113074683,-0.00636971122690314));
#13016=CARTESIAN_POINT('',(-0.051,-0.308803910897677,-0.00575));
#13017=CARTESIAN_POINT('',(-0.049,0.0146,0.017));
#13018=CARTESIAN_POINT('',(-0.049,0.0166,0.017));
#13019=CARTESIAN_POINT('',(-0.046,0.0166,0.017));
#13020=CARTESIAN_POINT('',(-0.045,0.0166,0.017));
#13021=CARTESIAN_POINT('',(-0.045,0.0146,0.017));
#13022=CARTESIAN_POINT('',(-0.045,-0.0134,0.017));
#13023=CARTESIAN_POINT('',(-0.043,-0.0134,-0.00777171051254931));
#13024=CARTESIAN_POINT('',(-0.043,-0.0138212826652278,-0.00755795259926258));
#13025=CARTESIAN_POINT('',(-0.0431355279929995,-0.0141528499939958,-0.00721857137690018));
#13026=CARTESIAN_POINT('',(-0.0432326368877615,-0.0143361771357499,-0.00679514602380447));
#13027=CARTESIAN_POINT('',(-0.0433302617501541,-0.0145008969874615,0.017));
#13028=CARTESIAN_POINT('',(-0.0433302617501541,-0.0145008969874615,-0.00575));
#13029=CARTESIAN_POINT('',(-0.0433302617501541,-0.0145008969874615,-0.00575));
#13030=CARTESIAN_POINT('',(-0.0433302617501541,-0.0145008969874615,-0.00587319472644361));
#13031=CARTESIAN_POINT('',(-0.0432630718259852,-0.0144035175515387,-0.00610438144596252));
#13032=CARTESIAN_POINT('',(-0.0430692620056719,-0.0140076235546714,-0.00633783635830259));
#13033=CARTESIAN_POINT('',(-0.043,-0.0136433483300937,-0.00637071853538381));
#13034=CARTESIAN_POINT('',(-0.043,-0.0134,-0.00637048288143169));
#13035=CARTESIAN_POINT('',(0.046,0.0166,0.017));
#13036=CARTESIAN_POINT('',(0.045,0.0166,0.017));
#13037=CARTESIAN_POINT('',(0.049,0.0166,0.017));
#13038=CARTESIAN_POINT('',(0.049,0.0146,0.017));
#13039=CARTESIAN_POINT('',(0.051,0.0146,0.017));
#13040=CARTESIAN_POINT('',(0.051,0.0006,0.017));
#13041=CARTESIAN_POINT('',(0.051,0.217624387633498,-0.00575));
#13042=CARTESIAN_POINT('',(0.045,-0.0134,0.017));
#13043=CARTESIAN_POINT('',(0.0432272060358844,-0.0143258518028256,-0.00705112812041427));
#13044=CARTESIAN_POINT('',(0.043115553983141,-0.0141120637164595,-0.00739693833397695));
#13045=CARTESIAN_POINT('',(0.043,-0.0137890148519199,-0.0076641395821024));
#13046=CARTESIAN_POINT('',(0.043,-0.0134,-0.00782910603292446));
#13047=CARTESIAN_POINT('',(0.043,-0.0134,-0.00782910603292445));
#13048=CARTESIAN_POINT('',(0.043,-0.0134,0.017));
#13049=CARTESIAN_POINT('',(0.043,-0.0134,-0.00642374720763178));
#13050=CARTESIAN_POINT('',(0.043,-0.0134,-0.00642374720763178));
#13051=CARTESIAN_POINT('',(0.043,-0.0136734473477011,-0.00642355648737502));
#13052=CARTESIAN_POINT('',(0.0430860689796448,-0.0140803219950683,-0.00639860483535979));
#13053=CARTESIAN_POINT('',(0.043334281632785,-0.0145211550755804,-0.00614826947184272));
#13054=CARTESIAN_POINT('',(0.0434187623171748,-0.0146246172424183,-0.00588835014408365));
#13055=CARTESIAN_POINT('',(0.0434187623171749,-0.0146246172424185,-0.00575000000000061));
#13056=CARTESIAN_POINT('',(0.043,0.0073,0.017));
#13057=CARTESIAN_POINT('',(0.043,-0.0126243454743705,-0.006));
#13058=CARTESIAN_POINT('',(0.043,-0.0128199368805516,-0.00797712235955144));
#13059=CARTESIAN_POINT('',(0.043,-0.012354746833922,-0.006));
#13060=CARTESIAN_POINT('',(0.043,0.0146,0.017));
#13061=CARTESIAN_POINT('',(0.043,0.00926502295672502,-0.0055));
#13062=CARTESIAN_POINT('',(0.043,0.00833654626583976,-0.0058713906763541));
#13063=CARTESIAN_POINT('',(0.043,0.00758798999529812,-0.004));
#13064=CARTESIAN_POINT('',(0.043,0.00758798999529813,-0.004));
#13065=CARTESIAN_POINT('',(0.043,0.00758798999529813,-0.002498));
#13066=CARTESIAN_POINT('',(0.043,0.00758798999529813,-0.0025));
#13067=CARTESIAN_POINT('',(0.043,0.00721298999529813,-0.0025));
#13068=CARTESIAN_POINT('',(0.043,0.00558798999529812,-0.00425));
#13069=CARTESIAN_POINT('',(0.043,0.00433798999529812,-0.0055));
#13070=CARTESIAN_POINT('',(0.043,0.00163798999529813,-0.0055));
#13071=CARTESIAN_POINT('',(0.043,-0.00231201000470188,-0.0055));
#13072=CARTESIAN_POINT('',(0.043,-0.00231201000470186,-0.00299999999999975));
#13073=CARTESIAN_POINT('',(0.043,-0.00481201000470188,-0.003));
#13074=CARTESIAN_POINT('',(0.043,-0.00481201000470188,0.00114267855356785));
#13075=CARTESIAN_POINT('',(0.043,-0.00481201000470188,-0.0025));
#13076=CARTESIAN_POINT('',(0.043,0.0275,-0.0025));
#13077=CARTESIAN_POINT('',(0.043,-0.00631201000470188,-0.0025));
#13078=CARTESIAN_POINT('',(0.043,-0.00631201000470188,-0.002498));
#13079=CARTESIAN_POINT('',(0.043,-0.00631201000470188,-0.004));
#13080=CARTESIAN_POINT('',(0.043,-0.00631201000470188,-0.004));
#13081=CARTESIAN_POINT('',(0.043,-0.00706056627524352,-0.0058713906763541));
#13082=CARTESIAN_POINT('',(0.043,-0.00798904296612878,-0.0055));
#13083=CARTESIAN_POINT('',(0.043,-0.0128995068352332,-0.0065));
#13084=CARTESIAN_POINT('',(0.043,-0.0128995068352333,-0.00642409581634991));
#13085=CARTESIAN_POINT('',(0.043,0.217630092375127,-0.00575));
#13086=CARTESIAN_POINT('',(0.045,0.0146,0.017));
#13087=CARTESIAN_POINT('',(-0.031,0.000599999999999988,3.25260651745652E-19));
#13088=CARTESIAN_POINT('',(0.0065,0.02,-0.004));
#13089=CARTESIAN_POINT('',(-0.0065,0.02,-0.004));
#13090=CARTESIAN_POINT('',(0.031,0.075,-0.008));
#13091=CARTESIAN_POINT('',(-0.029,0.075,-0.008));
#13092=CARTESIAN_POINT('',(0.012,0.0185602272727272,0.014002));
#13093=CARTESIAN_POINT('',(0.012,0.0156344037311888,0.0132792014415957));
#13094=CARTESIAN_POINT('',(0.012,0.0137,0.014002));
#13095=CARTESIAN_POINT('',(0.0105,0.01435,0.014002));
#13096=CARTESIAN_POINT('',(0.0105,0.0132,0.014002));
#13097=CARTESIAN_POINT('',(0.00425,0.0132,0.014002));
#13098=CARTESIAN_POINT('',(0.00425,0.0132,0.0095));
#13099=CARTESIAN_POINT('',(0.00575,0.0132,0.0095));
#13100=CARTESIAN_POINT('',(-0.00125,0.0132,0.0095));
#13101=CARTESIAN_POINT('',(0.00575,0.0132,0.014));
#13102=CARTESIAN_POINT('',(-0.00125,0.0132,0.0095));
#13103=CARTESIAN_POINT('',(-0.013,0.019756386520071,0.00261054010566515));
#13104=CARTESIAN_POINT('',(0.014,0.0157714417904329,0.0129245147000226));
#13105=CARTESIAN_POINT('',(0.01,0.0137,0.014002));
#13106=CARTESIAN_POINT('',(0.0015,0.0137,0.0095));
#13107=CARTESIAN_POINT('',(-0.00125,0.01245,0.0095));
#13108=CARTESIAN_POINT('',(0.00575,0.01245,0.0095));
#13109=CARTESIAN_POINT('',(0.00575,0.01245,0.01175));
#13110=CARTESIAN_POINT('',(-0.00125,0.01245,0.014002));
#13111=CARTESIAN_POINT('',(-0.048878685183189,-0.00821790666942759,-0.006502));
#13112=CARTESIAN_POINT('',(-0.0498728396970285,-0.0144915660535366,0.00942499401326041));
#13113=CARTESIAN_POINT('',(-0.0507145559348726,-0.0143581836134022,0.00918769196661766));
#13114=CARTESIAN_POINT('',(-0.0513296666518622,-0.0140779267295833,0.00838524233057865));
#13115=CARTESIAN_POINT('',(-0.0513296666518622,-0.0140779267295833,0.0075));
#13116=CARTESIAN_POINT('',(-0.0498728396970285,-0.0144915660535366,0.00942499401326041));
#13117=CARTESIAN_POINT('',(-0.0513296666518622,-0.0140779267295833,0.0075));
#13118=CARTESIAN_POINT('',(-0.0498728396970285,-0.0144915660535366,-0.006502));
#13119=CARTESIAN_POINT('',(-0.0507997013866979,-0.0142723960790362,-0.00646708190227725));
#13120=CARTESIAN_POINT('',(-0.0511006779516032,-0.0141768998581423,-0.00637480255766351));
#13121=CARTESIAN_POINT('',(-0.0513296666518622,-0.0140779267295833,-0.00607953151579017));
#13122=CARTESIAN_POINT('',(-0.0513296666518622,-0.0140779267295833,-0.00575));
#13123=CARTESIAN_POINT('',(-0.0513296666518622,-0.0140779267295833,-0.00575));
#13124=CARTESIAN_POINT('',(-0.0513296666518622,-0.0140779267295833,-0.006502));
#13125=CARTESIAN_POINT('',(0.0487673161892166,-0.00827388495110148,-0.006502));
#13126=CARTESIAN_POINT('',(0.0514194422296852,-0.0141535872185586,-0.006502));
#13127=CARTESIAN_POINT('',(0.0514194422296852,-0.0141535872185586,0.0075));
#13128=CARTESIAN_POINT('',(0.0514194422296852,-0.0141535872185586,-0.00575));
#13129=CARTESIAN_POINT('',(0.0514194422296852,-0.0141535872185586,-0.00575));
#13130=CARTESIAN_POINT('',(0.0514194422296852,-0.0141535872185586,-0.00614187909427657));
#13131=CARTESIAN_POINT('',(0.0510915202455001,-0.0143034094458245,-0.00647327631318843));
#13132=CARTESIAN_POINT('',(0.050719420408933,-0.0144215642208616,-0.00649830726445596));
#13133=CARTESIAN_POINT('',(0.0514194422296852,-0.0141535872185586,0.0075));
#13134=CARTESIAN_POINT('',(0.0514194422296852,-0.0141535872185586,0.00796502939579999));
#13135=CARTESIAN_POINT('',(0.0510853011854025,-0.0143166540420266,0.00886415694302344));
#13136=CARTESIAN_POINT('',(0.0502907065629879,-0.0145580248633964,0.00935740531295107));
#13137=CARTESIAN_POINT('',(0.0498426856955524,-0.0146337789528373,0.00945455453495502));
#13138=CARTESIAN_POINT('',(-0.0488395335301124,-0.00821007633881243,-0.006502));
#13139=CARTESIAN_POINT('',(-0.0498728396970285,-0.0129915660535366,0.00942438974665917));
#13140=CARTESIAN_POINT('',(-0.0507160963517384,-0.0128093336628819,0.00918562151343919));
#13141=CARTESIAN_POINT('',(-0.0513273051710551,-0.012422125458792,0.00839647524922716));
#13142=CARTESIAN_POINT('',(-0.0513273051710551,-0.012422125458792,0.0075));
#13143=CARTESIAN_POINT('',(-0.0513273051710551,-0.012422125458792,0.0075));
#13144=CARTESIAN_POINT('',(-0.0513273051710551,-0.012422125458792,-0.006502));
#13145=CARTESIAN_POINT('',(-0.0513273051710551,-0.012422125458792,-0.00575));
#13146=CARTESIAN_POINT('',(-0.0513273051710551,-0.012422125458792,-0.00575));
#13147=CARTESIAN_POINT('',(-0.0513273051710551,-0.012422125458792,-0.00600421230452196));
#13148=CARTESIAN_POINT('',(-0.0511925565198354,-0.0125042247800685,-0.00623835785844825));
#13149=CARTESIAN_POINT('',(-0.051,-0.0125990113074684,-0.00636971122690316));
#13150=CARTESIAN_POINT('',(-1.50770007380612E-5,-0.014562672503187,-0.006502));
#13151=CARTESIAN_POINT('',(-0.0432328720070191,-0.0145010358833624,0.014));
#13152=CARTESIAN_POINT('',(-0.0493302556481429,-0.0144923398793817,0.0075));
#13153=CARTESIAN_POINT('',(-0.0493302556481429,-0.0144923398793817,0.0095));
#13154=CARTESIAN_POINT('',(-0.0473302576821466,-0.0144951922487416,0.0095));
#13155=CARTESIAN_POINT('',(-0.0453302597161504,-0.0144980446181016,0.0095));
#13156=CARTESIAN_POINT('',(-0.0453302597161504,-0.0144980446181016,0.0075));
#13157=CARTESIAN_POINT('',(-0.0433302617501542,-0.0145008969874615,0.0075));
#13158=CARTESIAN_POINT('',(-0.0433302617501542,-0.0145008969874615,0.0005));
#13159=CARTESIAN_POINT('',(-0.0512945989971399,0.0105104870649311,0.0005));
#13160=CARTESIAN_POINT('',(-0.0513273051710551,-0.012422125458792,-0.00575));
#13161=CARTESIAN_POINT('',(-0.0512945989971399,0.0105104870649311,0.0075));
#13162=CARTESIAN_POINT('',(-0.0472946030651474,0.0105047823262112,0.0095));
#13163=CARTESIAN_POINT('',(-0.0452946050991512,0.0105019299568512,0.0095));
#13164=CARTESIAN_POINT('',(-0.0492946010311436,0.0105076346955711,0.0095));
#13165=CARTESIAN_POINT('',(-0.0492946010311436,0.0105076346955711,0.0075));
#13166=CARTESIAN_POINT('',(-0.043294607133155,0.0104990775874913,0.0005));
#13167=CARTESIAN_POINT('',(-0.043294607133155,0.0104990775874913,0.0075));
#13168=CARTESIAN_POINT('',(-0.0433280920071035,-0.0129795366233121,0.0075));
#13169=CARTESIAN_POINT('',(-0.0433280920071035,-0.0129795366233121,0.0075));
#13170=CARTESIAN_POINT('',(-0.0433280920071035,-0.0129795366233121,-0.00575));
#13171=CARTESIAN_POINT('',(-0.0433302617501542,-0.0145008969874615,-0.00575));
#13172=CARTESIAN_POINT('',(-0.0452946050991512,0.0105019299568512,0.0075));
#13173=CARTESIAN_POINT('',(-0.0435535459628117,-0.0130005785426143,0.00842243103533836));
#13174=CARTESIAN_POINT('',(-0.0434051888556168,-0.0130007901274629,0.00813702078618177));
#13175=CARTESIAN_POINT('',(-0.0433280920071035,-0.0129795366233121,0.00782156460968283));
#13176=CARTESIAN_POINT('',(-0.0433280920071035,-0.0129795366233121,0.0075));
#13177=CARTESIAN_POINT('',(0.051454408798159,0.0103639478551007,0.0005));
#13178=CARTESIAN_POINT('',(0.0514194422296852,-0.0141535872185586,-0.00575));
#13179=CARTESIAN_POINT('',(0.051454408798159,0.0103639478551007,0.0075));
#13180=CARTESIAN_POINT('',(0.0494544108321627,0.0103668002244606,0.0075));
#13181=CARTESIAN_POINT('',(0.0494544108321627,0.0103668002244606,0.0095));
#13182=CARTESIAN_POINT('',(0.0434544169341741,0.0103753573325405,0.0005));
#13183=CARTESIAN_POINT('',(0.0434209015920191,-0.0131246202934166,-0.00575));
#13184=CARTESIAN_POINT('',(0.0434209919658849,-0.0130612527821293,-0.00575));
#13185=CARTESIAN_POINT('',(0.0434209919658849,-0.0130612527821293,-0.00575));
#13186=CARTESIAN_POINT('',(0.0434209919658849,-0.0130612527821293,0.0075));
#13187=CARTESIAN_POINT('',(0.0434544169341741,0.0103753573325405,0.0075));
#13188=CARTESIAN_POINT('',(0.0474544128661665,0.0103696525938206,0.0095));
#13189=CARTESIAN_POINT('',(0.0454544149001703,0.0103725049631805,0.0095));
#13190=CARTESIAN_POINT('',(0.0454544149001703,0.0103725049631805,0.0075));
#13191=CARTESIAN_POINT('',(0.0434209919658849,-0.0130612527821293,0.0075));
#13192=CARTESIAN_POINT('',(0.0434209919658849,-0.0130612527821293,0.00798652075889512));
#13193=CARTESIAN_POINT('',(0.043598640737632,-0.0131248737825209,0.00845716273153695));
#13194=CARTESIAN_POINT('',(0.0439203556398381,-0.0131253326078523,0.00882225692275975));
#13195=CARTESIAN_POINT('',(0.0427287521887065,0.0274390608462591,-0.00575));
#13196=CARTESIAN_POINT('',(0.043,-0.0128995068352332,-0.00642409581634991));
#13197=CARTESIAN_POINT('',(0.0432352461151317,-0.0130219194727624,-0.00630927383615006));
#13198=CARTESIAN_POINT('',(0.0434209919658849,-0.0130612527821293,-0.00603918529132526));
#13199=CARTESIAN_POINT('',(0.0434209919658849,-0.0130612527821293,-0.00575));
#13200=CARTESIAN_POINT('',(-0.0505202652681103,0.0275720513016297,-0.00575));
#13201=CARTESIAN_POINT('',(-0.0425446078959064,0.0104980079489813,-0.00575));
#13202=CARTESIAN_POINT('',(-0.0425781232380613,-0.0130019696769756,-0.00575));
#13203=CARTESIAN_POINT('',(-0.0430001540855445,-0.0130013677824343,-0.0063699916140526));
#13204=CARTESIAN_POINT('',(-0.0433280920071035,-0.0129795366233121,-0.00575));
#13205=CARTESIAN_POINT('',(-0.0433280920071035,-0.0129795366233121,-0.00595653907390704));
#13206=CARTESIAN_POINT('',(-0.0431389356233877,-0.01296202711369,-0.00636527778097378));
#13207=CARTESIAN_POINT('',(-0.0427740957117845,-0.0127373147701441,-0.00648615523326741));
#13208=CARTESIAN_POINT('',(-0.0426402614697849,-0.0125809864105272,-0.00649737130800784));
#13209=CARTESIAN_POINT('',(-0.0426402614697849,-0.0125809864105272,-0.00649737130800784));
#13210=CARTESIAN_POINT('',(-0.0425774181474032,-0.0125075807308295,-0.00575));
#13211=CARTESIAN_POINT('',(0.0507044095609104,0.0103650174936107,-0.00575));
#13212=CARTESIAN_POINT('',(-0.036,0.000610028045739637,0.0035));
#13213=CARTESIAN_POINT('',(-0.036,-0.00541497195426036,0.0035));
#13214=CARTESIAN_POINT('',(-0.036,-0.00561497195426036,0.0035));
#13215=CARTESIAN_POINT('',(-0.036,-0.00561497195426036,-0.003));
#13216=CARTESIAN_POINT('',(-0.036,-0.00311497195426045,-0.00300000000000005));
#13217=CARTESIAN_POINT('',(-0.036,-0.00511497195426036,-0.0045));
#13218=CARTESIAN_POINT('',(-0.036,-0.00625247195426036,-0.0033625));
#13219=CARTESIAN_POINT('',(-0.036,-0.00461497195426036,-0.005));
#13220=CARTESIAN_POINT('',(-0.036,-0.00311497195426036,-0.003));
#13221=CARTESIAN_POINT('',(-0.036,-0.00311497195426036,-0.0055));
#13222=CARTESIAN_POINT('',(-0.036,0.000610028045739633,-0.0055));
#13223=CARTESIAN_POINT('',(-0.036,0.00433502804573964,-0.0055));
#13224=CARTESIAN_POINT('',(-0.036,0.00697252804573964,-0.0028625));
#13225=CARTESIAN_POINT('',(-0.036,0.00683502804573964,-0.003));
#13226=CARTESIAN_POINT('',(-0.036,0.00683502804573964,0.0035));
#13227=CARTESIAN_POINT('',(-0.036,0.00663502804573964,-0.0065));
#13228=CARTESIAN_POINT('',(-0.0401,0.000610028045739637,0.0035));
#13229=CARTESIAN_POINT('',(-0.0401,-0.00541497195426036,0.0035));
#13230=CARTESIAN_POINT('',(-0.0401,-0.00561497195426036,0.0035));
#13231=CARTESIAN_POINT('',(-0.0401,-0.00561497195426036,-0.003));
#13232=CARTESIAN_POINT('',(-0.0401,-0.00311497195426045,-0.00300000000000005));
#13233=CARTESIAN_POINT('',(-0.0401,-0.00511497195426036,-0.0045));
#13234=CARTESIAN_POINT('',(-0.0401,-0.00625247195426036,-0.0033625));
#13235=CARTESIAN_POINT('',(-0.0401,-0.00461497195426036,-0.005));
#13236=CARTESIAN_POINT('',(-0.0401,-0.00311497195426036,-0.003));
#13237=CARTESIAN_POINT('',(-0.0401,-0.00311497195426036,-0.0055));
#13238=CARTESIAN_POINT('',(-0.0401,0.000610028045739633,-0.0055));
#13239=CARTESIAN_POINT('',(-0.0401,0.00433502804573964,-0.0055));
#13240=CARTESIAN_POINT('',(-0.0401,0.00697252804573964,-0.0028625));
#13241=CARTESIAN_POINT('',(-0.0401,0.00683502804573964,-0.003));
#13242=CARTESIAN_POINT('',(-0.0401,0.00683502804573964,0.0035));
#13243=CARTESIAN_POINT('',(-0.0401,0.00663502804573964,-0.0065));
#13244=CARTESIAN_POINT('',(-0.037,0.000610028045739637,0.0035));
#13245=CARTESIAN_POINT('',(-0.037,-0.00541497195426036,-0.0065));
#13246=CARTESIAN_POINT('',(-0.037,0.00663502804573964,0.0035));
#13247=CARTESIAN_POINT('',(-0.037,0.00683502804573964,0.0035));
#13248=CARTESIAN_POINT('',(-0.037,0.00683502804573964,-0.003));
#13249=CARTESIAN_POINT('',(-0.037,0.00697252804573964,-0.0028625));
#13250=CARTESIAN_POINT('',(-0.037,0.00433502804573964,-0.0055));
#13251=CARTESIAN_POINT('',(-0.037,0.000610028045739633,-0.0055));
#13252=CARTESIAN_POINT('',(-0.037,-0.00311497195426036,-0.0055));
#13253=CARTESIAN_POINT('',(-0.037,-0.00311497195426036,-0.003));
#13254=CARTESIAN_POINT('',(-0.037,-0.00461497195426036,-0.005));
#13255=CARTESIAN_POINT('',(-0.037,-0.00625247195426036,-0.0033625));
#13256=CARTESIAN_POINT('',(-0.037,-0.00511497195426036,-0.0045));
#13257=CARTESIAN_POINT('',(-0.037,-0.00311497195426045,-0.00300000000000005));
#13258=CARTESIAN_POINT('',(-0.037,-0.00561497195426036,-0.003));
#13259=CARTESIAN_POINT('',(-0.037,-0.00561497195426036,0.0035));
#13260=CARTESIAN_POINT('',(-0.0411,0.000610028045739637,0.0035));
#13261=CARTESIAN_POINT('',(-0.0411,0.0116879899952981,-0.004));
#13262=CARTESIAN_POINT('',(-0.0411,-0.00561497195426036,-0.004));
#13263=CARTESIAN_POINT('',(-0.0411,-0.00541497195426036,-0.004));
#13264=CARTESIAN_POINT('',(-0.0411,-0.00541497195426036,-0.0065));
#13265=CARTESIAN_POINT('',(-0.0411,0.00663502804573964,0.0035));
#13266=CARTESIAN_POINT('',(-0.0411,0.00683502804573964,0.0035));
#13267=CARTESIAN_POINT('',(-0.0411,0.00683502804573964,-0.003));
#13268=CARTESIAN_POINT('',(-0.0411,0.00697252804573964,-0.0028625));
#13269=CARTESIAN_POINT('',(-0.0411,0.00433502804573964,-0.0055));
#13270=CARTESIAN_POINT('',(-0.0411,0.000610028045739633,-0.0055));
#13271=CARTESIAN_POINT('',(-0.0411,-0.00311497195426036,-0.0055));
#13272=CARTESIAN_POINT('',(-0.0411,-0.00311497195426036,-0.003));
#13273=CARTESIAN_POINT('',(-0.0411,-0.00461497195426036,-0.005));
#13274=CARTESIAN_POINT('',(-0.0411,-0.00625247195426036,-0.0033625));
#13275=CARTESIAN_POINT('',(-0.0411,-0.00511497195426036,-0.0045));
#13276=CARTESIAN_POINT('',(-0.0411,-0.00311497195426045,-0.00300000000000005));
#13277=CARTESIAN_POINT('',(-0.0411,-0.00561497195426036,-0.003));
#13278=CARTESIAN_POINT('',(-0.0411,-0.00561497195426036,0.0035));
#13279=CARTESIAN_POINT('',(-0.018,-0.00486497195426036,-0.00475));
#13280=CARTESIAN_POINT('',(-0.018,-0.00461497195426036,-0.005));
#13281=CARTESIAN_POINT('',(-0.018,-0.00511497195426036,-0.0045));
#13282=CARTESIAN_POINT('',(-0.018,-0.00311497195426036,-0.003));
#13283=CARTESIAN_POINT('',(-0.018,-0.00311497195426036,-0.0055));
#13284=CARTESIAN_POINT('',(-0.018,-0.00211497195426036,-0.0055));
#13285=CARTESIAN_POINT('',(-0.018,0.00433502804573964,-0.0055));
#13286=CARTESIAN_POINT('',(-0.018,0.00508502804573964,-0.00475));
#13287=CARTESIAN_POINT('',(-0.018,0.00683502804573964,-0.003));
#13288=CARTESIAN_POINT('',(-0.018,-0.00311497195426045,-0.00300000000000005));
#13289=CARTESIAN_POINT('',(-0.018,-0.00561497195426036,-0.003));
#13290=CARTESIAN_POINT('',(-0.018,-0.00486497195426036,-0.00475));
#13291=CARTESIAN_POINT('',(-0.018,-0.00511497195426036,-0.0045));
#13292=CARTESIAN_POINT('',(-0.018,-0.00461497195426036,-0.005));
#13293=CARTESIAN_POINT('',(-0.018,-0.00311497195426036,-0.003));
#13294=CARTESIAN_POINT('',(-0.018,-0.00311497195426036,-0.0055));
#13295=CARTESIAN_POINT('',(-0.018,-0.00211497195426036,-0.0055));
#13296=CARTESIAN_POINT('',(-0.018,0.00433502804573964,-0.0055));
#13297=CARTESIAN_POINT('',(-0.018,0.00508502804573964,-0.00475));
#13298=CARTESIAN_POINT('',(-0.018,0.00683502804573964,-0.003));
#13299=CARTESIAN_POINT('',(-0.018,-0.00311497195426045,-0.00300000000000005));
#13300=CARTESIAN_POINT('',(-0.018,-0.00561497195426036,-0.003));
#13301=CARTESIAN_POINT('',(-0.018,-0.00311497195426045,-0.00300000000000005));
#13302=CARTESIAN_POINT('',(-0.018,-0.00561497195426036,-0.003));
#13303=CARTESIAN_POINT('',(-0.0209,-0.00561497195426036,-0.003));
#13304=CARTESIAN_POINT('',(-0.0209,-0.00311497195426045,-0.00300000000000005));
#13305=CARTESIAN_POINT('',(-0.0209,-0.00511497195426036,-0.0045));
#13306=CARTESIAN_POINT('',(-0.018,-0.00511497195426036,-0.0045));
#13307=CARTESIAN_POINT('',(-0.018,0.00508502804573964,-0.00475));
#13308=CARTESIAN_POINT('',(-0.018,0.00433502804573964,-0.0055));
#13309=CARTESIAN_POINT('',(-0.0209,0.00433502804573964,-0.0055));
#13310=CARTESIAN_POINT('',(-0.0209,0.00697252804573964,-0.0028625));
#13311=CARTESIAN_POINT('',(-0.0209,0.00683502804573964,-0.003));
#13312=CARTESIAN_POINT('',(-0.018,0.00683502804573964,-0.003));
#13313=CARTESIAN_POINT('',(-0.018,-0.00211497195426036,-0.0055));
#13314=CARTESIAN_POINT('',(-0.018,-0.00311497195426036,-0.0055));
#13315=CARTESIAN_POINT('',(-0.0209,-0.00311497195426036,-0.0055));
#13316=CARTESIAN_POINT('',(-0.0209,0.000610028045739633,-0.0055));
#13317=CARTESIAN_POINT('',(-0.018,-0.00311497195426036,-0.003));
#13318=CARTESIAN_POINT('',(-0.018,-0.00461497195426036,-0.005));
#13319=CARTESIAN_POINT('',(-0.0209,-0.00461497195426036,-0.005));
#13320=CARTESIAN_POINT('',(-0.0209,-0.00311497195426036,-0.003));
#13321=CARTESIAN_POINT('',(-0.018,-0.00486497195426036,-0.00475));
#13322=CARTESIAN_POINT('',(-0.0209,-0.00625247195426036,-0.0033625));
#13323=CARTESIAN_POINT('',(0.0287,0.00558798999529812,-0.00425));
#13324=CARTESIAN_POINT('',(0.0287,0.00433798999529812,-0.0055));
#13325=CARTESIAN_POINT('',(0.0287,0.00163798999529813,-0.0055));
#13326=CARTESIAN_POINT('',(0.0287,-0.00231201000470188,-0.0055));
#13327=CARTESIAN_POINT('',(0.0287,-0.00231201000470186,-0.00299999999999975));
#13328=CARTESIAN_POINT('',(0.0287,-0.00481201000470188,-0.003));
#13329=CARTESIAN_POINT('',(0.0287,-0.00481201000470188,0.00114267855356785));
#13330=CARTESIAN_POINT('',(0.0287,-0.00481201000470188,-0.0025));
#13331=CARTESIAN_POINT('',(0.0287,0.00558798999529812,-0.00425));
#13332=CARTESIAN_POINT('',(0.0287,0.00433798999529812,-0.0055));
#13333=CARTESIAN_POINT('',(0.0287,0.00163798999529813,-0.0055));
#13334=CARTESIAN_POINT('',(0.0287,-0.00231201000470188,-0.0055));
#13335=CARTESIAN_POINT('',(0.0287,-0.00231201000470186,-0.00299999999999975));
#13336=CARTESIAN_POINT('',(0.0287,-0.00481201000470188,-0.003));
#13337=CARTESIAN_POINT('',(0.0287,-0.00481201000470188,0.00114267855356785));
#13338=CARTESIAN_POINT('',(0.0287,-0.00481201000470188,-0.0025));
#13339=CARTESIAN_POINT('',(0.0287,-0.00481201000470188,0.00114267855356785));
#13340=CARTESIAN_POINT('',(0.0287,-0.00481201000470188,-0.003));
#13341=CARTESIAN_POINT('',(0.02,-0.00481201000470188,-0.003));
#13342=CARTESIAN_POINT('',(0.02,-0.00481201000470188,0.0035));
#13343=CARTESIAN_POINT('',(0.02,-0.00481201000470188,-0.0025));
#13344=CARTESIAN_POINT('',(0.0287,-0.00481201000470188,-0.0025));
#13345=CARTESIAN_POINT('',(0.0287,-0.00231201000470186,-0.00299999999999975));
#13346=CARTESIAN_POINT('',(0.0287,-0.00231201000470188,-0.0055));
#13347=CARTESIAN_POINT('',(0.02,-0.00231201000470188,-0.0055));
#13348=CARTESIAN_POINT('',(0.02,-0.00231201000470186,-0.00299999999999975));
#13349=CARTESIAN_POINT('',(0.0287,0.00163798999529813,-0.0055));
#13350=CARTESIAN_POINT('',(0.0287,0.00433798999529812,-0.0055));
#13351=CARTESIAN_POINT('',(0.02,0.00433798999529812,-0.0055));
#13352=CARTESIAN_POINT('',(0.02,0.000637989995298126,-0.0055));
#13353=CARTESIAN_POINT('',(0.0287,0.00558798999529812,-0.00425));
#13354=CARTESIAN_POINT('',(0.02,0.00698798999529812,-0.00285));
#13355=CARTESIAN_POINT('',(6.93889390390723E-18,0.0116879899952981,-0.004));
#13356=CARTESIAN_POINT('',(0.0409,0.00663798999529812,-0.004));
#13357=CARTESIAN_POINT('',(0.03445,-0.00556201000470188,-0.004));
#13358=CARTESIAN_POINT('',(0.0362,-0.00556201000470188,-0.004));
#13359=CARTESIAN_POINT('',(0.0362,-0.00556201000470188,-0.004));
#13360=CARTESIAN_POINT('',(0.03795,-0.00556201000470188,-0.004));
#13361=CARTESIAN_POINT('',(0.03795,-0.00556201000470188,-0.0025));
#13362=CARTESIAN_POINT('',(0.0368,-0.00556201000470188,-0.004));
#13363=CARTESIAN_POINT('',(0.03445,-0.00556201000470188,-0.004));
#13364=CARTESIAN_POINT('',(0.0403,-0.00556201000470188,-0.004));
#13365=CARTESIAN_POINT('',(0.03795,-0.00556201000470188,-0.0025));
#13366=CARTESIAN_POINT('',(0.0409,-0.00556201000470188,-0.004));
#13367=CARTESIAN_POINT('',(6.93889390390723E-18,0.0116879899952981,-0.004));
#13368=CARTESIAN_POINT('',(0.0362,-0.00536201000470188,-0.004));
#13369=CARTESIAN_POINT('',(-0.04205,0.00683502804573964,-0.004));
#13370=CARTESIAN_POINT('',(-0.0362,0.00683502804573964,-0.004));
#13371=CARTESIAN_POINT('',(-0.0209,0.00683502804573964,-0.002498));
#13372=CARTESIAN_POINT('',(-0.0209,0.00683502804573964,-0.0025));
#13373=CARTESIAN_POINT('',(-0.03795,0.00683502804573964,-0.0025));
#13374=CARTESIAN_POINT('',(-0.0409,0.00683502804573964,-0.004));
#13375=CARTESIAN_POINT('',(-0.0403,0.00683502804573964,-0.004));
#13376=CARTESIAN_POINT('',(-0.0368,0.00683502804573964,-0.004));
#13377=CARTESIAN_POINT('',(-0.03445,-0.00561497195426036,-0.004));
#13378=CARTESIAN_POINT('',(-0.0368,-0.00561497195426036,-0.004));
#13379=CARTESIAN_POINT('',(-0.0403,-0.00561497195426036,-0.004));
#13380=CARTESIAN_POINT('',(-0.0409,-0.00561497195426036,-0.004));
#13381=CARTESIAN_POINT('',(-0.0409,-0.00561497195426036,-0.004));
#13382=CARTESIAN_POINT('',(-0.03795,-0.00561497195426036,-0.004));
#13383=CARTESIAN_POINT('',(-0.03795,-0.00561497195426036,-0.0025));
#13384=CARTESIAN_POINT('',(-0.0209,-0.00561497195426036,-0.0025));
#13385=CARTESIAN_POINT('',(-0.0209,-0.00561497195426036,-0.002498));
#13386=CARTESIAN_POINT('',(-0.0362,-0.00561497195426036,-0.004));
#13387=CARTESIAN_POINT('',(6.93889390390723E-18,0.0116879899952981,-0.004));
#13388=CARTESIAN_POINT('',(-0.0409,-0.00541497195426036,-0.004));
#13389=CARTESIAN_POINT('',(0.0403,-0.00536201000470188,0.0035));
#13390=CARTESIAN_POINT('',(0.0409,-0.00536201000470188,-0.004));
#13391=CARTESIAN_POINT('',(0.0409,0.00663798999529812,0.0035));
#13392=CARTESIAN_POINT('',(0.0403,0.00663798999529812,-0.004));
#13393=CARTESIAN_POINT('',(0.0362,0.00663798999529812,-0.004));
#13394=CARTESIAN_POINT('',(0.0368,0.00663798999529812,0.0035));
#13395=CARTESIAN_POINT('',(0.0368,-0.00536201000470188,-0.004));
#13396=CARTESIAN_POINT('',(0.0362,-0.00536201000470188,0.0035));
#13397=CARTESIAN_POINT('',(-0.0409,-0.00541497195426036,0.0035));
#13398=CARTESIAN_POINT('',(-0.0403,-0.00541497195426036,-0.004));
#13399=CARTESIAN_POINT('',(-0.0362,-0.00541497195426036,-0.004));
#13400=CARTESIAN_POINT('',(-0.0368,-0.00541497195426036,0.0035));
#13401=CARTESIAN_POINT('',(-0.0403,0.00663502804573964,0.0035));
#13402=CARTESIAN_POINT('',(-0.0409,0.00663502804573964,-0.004));
#13403=CARTESIAN_POINT('',(-0.0368,0.00663502804573964,-0.004));
#13404=CARTESIAN_POINT('',(-0.0362,0.00663502804573964,0.0035));
#13405=CARTESIAN_POINT('',(-0.03795,-0.00636497195426036,-0.004));
#13406=CARTESIAN_POINT('',(-0.03795,-0.007113528224802,-0.0058713906763541));
#13407=CARTESIAN_POINT('',(-0.0209,-0.007113528224802,-0.0058713906763541));
#13408=CARTESIAN_POINT('',(-0.0209,-0.00636497195426036,-0.004));
#13409=CARTESIAN_POINT('',(-0.0209,-0.00636497195426036,-0.004));
#13410=CARTESIAN_POINT('',(-0.03795,-0.00636497195426036,-0.004));
#13411=CARTESIAN_POINT('',(0.,0.00858502804573964,-0.0065));
#13412=CARTESIAN_POINT('',(-0.03795,0.00758502804573964,-0.004));
#13413=CARTESIAN_POINT('',(-0.0209,0.00758502804573964,-0.004));
#13414=CARTESIAN_POINT('',(-0.0209,0.00858502804573964,-0.0065));
#13415=CARTESIAN_POINT('',(-0.0209,0.00833358431628128,-0.0058713906763541));
#13416=CARTESIAN_POINT('',(0.,0.00833358431628128,-0.0058713906763541));
#13417=CARTESIAN_POINT('',(0.03795,-0.00631201000470188,-0.004));
#13418=CARTESIAN_POINT('',(0.03795,-0.00631201000470188,-0.004));
#13419=CARTESIAN_POINT('',(0.02,-0.00631201000470188,-0.004));
#13420=CARTESIAN_POINT('',(0.02,-0.00276718241849498,0.00486206896551724));
#13421=CARTESIAN_POINT('',(0.02,-0.00706056627524352,-0.0058713906763541));
#13422=CARTESIAN_POINT('',(0.03795,-0.00706056627524352,-0.0058713906763541));
#13423=CARTESIAN_POINT('',(0.0375,0.00758798999529812,-0.004));
#13424=CARTESIAN_POINT('',(0.0375,0.00833654626583976,-0.0058713906763541));
#13425=CARTESIAN_POINT('',(0.02,0.00833654626583976,-0.0058713906763541));
#13426=CARTESIAN_POINT('',(0.02,0.00753626585736709,-0.00387068965517242));
#13427=CARTESIAN_POINT('',(0.02,0.00758798999529812,-0.004));
#13428=CARTESIAN_POINT('',(0.0375,0.00758798999529812,-0.004));
#13429=CARTESIAN_POINT('',(0.,-0.00804200491568726,-0.0055));
#13430=CARTESIAN_POINT('',(-0.0209,-0.00804200491568726,-0.0055));
#13431=CARTESIAN_POINT('',(0.,0.00926206100716654,-0.0055));
#13432=CARTESIAN_POINT('',(-0.0209,0.00926206100716654,-0.0055));
#13433=CARTESIAN_POINT('',(2.87569479644248E-18,0.00926502295672501,-0.0055));
#13434=CARTESIAN_POINT('',(0.02,0.00926502295672502,-0.0055));
#13435=CARTESIAN_POINT('',(0.,-0.00798904296612878,-0.0055));
#13436=CARTESIAN_POINT('',(0.02,-0.00798904296612878,-0.0055));
#13437=CARTESIAN_POINT('',(-0.053,0.0133203387942655,-0.008));
#13438=CARTESIAN_POINT('',(0.053,0.0133203387942655,-0.008));
#13439=CARTESIAN_POINT('',(0.0482480946772456,0.0241754766673517,-0.006502));
#13440=CARTESIAN_POINT('',(0.0482480946772456,0.0241754766673517,0.0015));
#13441=CARTESIAN_POINT('',(0.0495480946772456,0.0241754766673517,0.0015));
#13442=CARTESIAN_POINT('',(0.0482480946772456,0.0241754766673517,-0.006502));
#13443=CARTESIAN_POINT('',(0.0482296987414108,0.0219255518709319,-0.006502));
#13444=CARTESIAN_POINT('',(0.0461538216146707,0.0249979852322757,-0.006502));
#13445=CARTESIAN_POINT('',(-0.0482479601356593,0.0241638782413885,-0.006502));
#13446=CARTESIAN_POINT('',(-0.0482479601356593,0.0241638782413885,0.0015));
#13447=CARTESIAN_POINT('',(-0.0469479601356593,0.0241638782413885,0.0015));
#13448=CARTESIAN_POINT('',(-0.0482479601356593,0.0241638782413885,-0.006502));
#13449=CARTESIAN_POINT('',(-0.0461550175737822,0.0249897665102744,-0.006502));
#13450=CARTESIAN_POINT('',(-0.0482323674205813,0.0219139322715402,-0.006502));
#13451=CARTESIAN_POINT('',(-0.0181999814905657,-0.0124367374446209,-0.006502));
#13452=CARTESIAN_POINT('',(-0.0181999814905657,-0.0124367374446209,0.0015));
#13453=CARTESIAN_POINT('',(-0.0168999814905657,-0.0124367374446209,0.0015));
#13454=CARTESIAN_POINT('',(-0.0181999814905657,-0.0124367374446209,-0.006502));
#13455=CARTESIAN_POINT('',(-0.0164440772948845,-0.0114792404704276,-0.006502));
#13456=CARTESIAN_POINT('',(-0.0199531474109651,-0.0114742358832974,-0.006502));
#13457=CARTESIAN_POINT('',(0.0181999814905657,-0.0124886505669718,-0.006502));
#13458=CARTESIAN_POINT('',(0.0181999814905657,-0.0124886505669718,0.0015));
#13459=CARTESIAN_POINT('',(0.0194999814905657,-0.0124886505669718,0.0015));
#13460=CARTESIAN_POINT('',(0.0181999814905657,-0.0124886505669718,-0.006502));
#13461=CARTESIAN_POINT('',(0.0199558856862468,-0.0115311535927785,-0.006502));
#13462=CARTESIAN_POINT('',(0.0164468155701662,-0.0115261490056483,-0.006502));
#13463=CARTESIAN_POINT('',(0.0482051708269643,0.0189256521423721,-0.006502));
#13464=CARTESIAN_POINT('',(0.0433614575312376,0.0260946633188411,-0.006502));
#13465=CARTESIAN_POINT('',(0.0225897419797685,-0.0100949081314885,-0.006502));
#13466=CARTESIAN_POINT('',(0.0205260269681018,-0.0122723103337979,-0.006502));
#13467=CARTESIAN_POINT('',(0.0138170666895671,-0.0100823966636631,-0.006502));
#13468=CARTESIAN_POINT('',(-0.0138102210013628,-0.0100429950091376,-0.006502));
#13469=CARTESIAN_POINT('',(-0.0225828962915641,-0.0100304835413122,-0.006502));
#13470=CARTESIAN_POINT('',(-0.0205263237884638,-0.0122146331560344,-0.006502));
#13471=CARTESIAN_POINT('',(-0.0433644274912794,0.0260909508687888,-0.006502));
#13472=CARTESIAN_POINT('',(-0.0482115771338106,0.0189140043117426,-0.006502));
#13473=CARTESIAN_POINT('',(0.,0.0275,0.0015));
#13474=CARTESIAN_POINT('',(0.,0.0275,0.0015));
#13475=CARTESIAN_POINT('',(0.,0.0275,0.0015));
#13476=CARTESIAN_POINT('',(0.,0.0275,0.0015));
#13477=CARTESIAN_POINT('',(0.025130461058748,0.0355,0.0154));
#13478=CARTESIAN_POINT('',(0.025130461058748,0.0326925716262391,0.0154));
#13479=CARTESIAN_POINT('',(0.025130461058748,0.0326925716262391,0.0154));
#13480=CARTESIAN_POINT('',(0.025130461058748,0.0355,0.0154));
#13481=CARTESIAN_POINT('',(0.0229330217894582,0.0373540442519203,0.0154));
#13482=CARTESIAN_POINT('',(0.0229330217894582,0.0373540442519203,0.0154));
#13483=CARTESIAN_POINT('',(0.0281015071508743,0.0319155232145518,0.0154));
#13484=CARTESIAN_POINT('',(0.0235,0.0202316282571331,0.0154));
#13485=CARTESIAN_POINT('',(0.0235,0.0202316282571331,0.0154));
#13486=CARTESIAN_POINT('',(0.0281015071508743,0.0319155232145518,0.0154));
#13487=CARTESIAN_POINT('',(0.0195,0.0202316282571331,0.0154));
#13488=CARTESIAN_POINT('',(0.0195,0.0202316282571331,0.0154));
#13489=CARTESIAN_POINT('',(0.019,0.0355,0.0154));
#13490=CARTESIAN_POINT('',(-0.0195,0.0202316282571331,0.0154));
#13491=CARTESIAN_POINT('',(-0.0235,0.0202316282571331,0.0154));
#13492=CARTESIAN_POINT('',(-0.0235,0.0202316282571331,0.0154));
#13493=CARTESIAN_POINT('',(-0.0195,0.0202316282571331,0.0154));
#13494=CARTESIAN_POINT('',(-0.0281015071508743,0.0319155232145518,0.0154));
#13495=CARTESIAN_POINT('',(-0.0281015071508743,0.0319155232145518,0.0154));
#13496=CARTESIAN_POINT('',(-0.0229330217894582,0.0373540442519203,0.0154));
#13497=CARTESIAN_POINT('',(-0.025130461058748,0.0326925716262391,0.0154));
#13498=CARTESIAN_POINT('',(-0.025130461058748,0.0326925716262391,0.0154));
#13499=CARTESIAN_POINT('',(-0.0229330217894582,0.0373540442519203,0.0154));
#13500=CARTESIAN_POINT('',(-0.025130461058748,0.0355,0.0154));
#13501=CARTESIAN_POINT('',(-0.025130461058748,0.0355,0.0154));
#13502=CARTESIAN_POINT('',(-0.019,0.0355,0.0154));
#13503=CARTESIAN_POINT('',(-0.0217,0.0155,-0.0035));
#13504=CARTESIAN_POINT('',(-0.0214,0.0155,-0.0035));
#13505=CARTESIAN_POINT('',(-0.0214,0.0155,-0.004));
#13506=CARTESIAN_POINT('',(-0.0214,0.0155,-0.006));
#13507=CARTESIAN_POINT('',(-0.0219,0.0155,-0.004));
#13508=CARTESIAN_POINT('',(-0.0219,0.0155,-0.0035));
#13509=CARTESIAN_POINT('',(-0.0217,0.0155,-0.0035));
#13510=CARTESIAN_POINT('',(-0.022,0.0155,-0.0035));
#13511=CARTESIAN_POINT('',(-0.022,0.0155,-0.0035));
#13512=CARTESIAN_POINT('',(-0.0209,0.0155,-0.006));
#13513=CARTESIAN_POINT('',(-0.0214,0.01575,-0.0035));
#13514=CARTESIAN_POINT('',(-0.0214,0.016,-0.0035));
#13515=CARTESIAN_POINT('',(-0.0214,0.016,-0.004));
#13516=CARTESIAN_POINT('',(-0.0214,0.016,-0.006));
#13517=CARTESIAN_POINT('',(-0.0214,0.01575,-0.004));
#13518=CARTESIAN_POINT('',(-0.0214,0.016,-0.006));
#13519=CARTESIAN_POINT('',(-0.02195,0.016,-0.0035));
#13520=CARTESIAN_POINT('',(-0.02195,0.016,-0.0035));
#13521=CARTESIAN_POINT('',(-0.022,0.016,-0.0035));
#13522=CARTESIAN_POINT('',(-0.0219,0.016,-0.0035));
#13523=CARTESIAN_POINT('',(-0.0219,0.016,-0.004));
#13524=CARTESIAN_POINT('',(-0.0225,0.016,-0.006));
#13525=CARTESIAN_POINT('',(-0.022,0.016,-0.006));
#13526=CARTESIAN_POINT('',(-0.022,0.016,-0.0035));
#13527=CARTESIAN_POINT('',(-0.0225,0.0144,-0.0035));
#13528=CARTESIAN_POINT('',(-0.0225,0.0144,-0.0035));
#13529=CARTESIAN_POINT('',(-0.0225,0.0133,-0.0035));
#13530=CARTESIAN_POINT('',(-0.0225,0.0155,-0.0035));
#13531=CARTESIAN_POINT('',(-0.0225,0.0155,-0.0035));
#13532=CARTESIAN_POINT('',(-0.0225,0.0155,-0.006));
#13533=CARTESIAN_POINT('',(-0.0225,0.0128,-0.006));
#13534=CARTESIAN_POINT('',(-0.0225,0.0133,-0.006));
#13535=CARTESIAN_POINT('',(-0.0225,0.0133,-0.0035));
#13536=CARTESIAN_POINT('',(-0.02195,0.0128,-0.0035));
#13537=CARTESIAN_POINT('',(-0.0214,0.0128,-0.0035));
#13538=CARTESIAN_POINT('',(-0.0214,0.0128,-0.004));
#13539=CARTESIAN_POINT('',(-0.0214,0.0128,-0.006));
#13540=CARTESIAN_POINT('',(-0.0219,0.0128,-0.004));
#13541=CARTESIAN_POINT('',(-0.0219,0.0128,-0.0035));
#13542=CARTESIAN_POINT('',(-0.02195,0.0128,-0.0035));
#13543=CARTESIAN_POINT('',(-0.022,0.0128,-0.0035));
#13544=CARTESIAN_POINT('',(-0.022,0.0128,-0.0035));
#13545=CARTESIAN_POINT('',(-0.022,0.0128,-0.006));
#13546=CARTESIAN_POINT('',(-0.0214,0.0128,-0.006));
#13547=CARTESIAN_POINT('',(-0.0214,0.01305,-0.0035));
#13548=CARTESIAN_POINT('',(-0.0214,0.0133,-0.0035));
#13549=CARTESIAN_POINT('',(-0.0214,0.0133,-0.004));
#13550=CARTESIAN_POINT('',(-0.0214,0.0133,-0.006));
#13551=CARTESIAN_POINT('',(-0.0214,0.01305,-0.004));
#13552=CARTESIAN_POINT('',(-0.0214,0.0133,-0.006));
#13553=CARTESIAN_POINT('',(-0.0217,0.0133,-0.0035));
#13554=CARTESIAN_POINT('',(-0.0217,0.0133,-0.0035));
#13555=CARTESIAN_POINT('',(-0.022,0.0133,-0.0035));
#13556=CARTESIAN_POINT('',(-0.0219,0.0133,-0.0035));
#13557=CARTESIAN_POINT('',(-0.0219,0.0133,-0.004));
#13558=CARTESIAN_POINT('',(-0.0209,0.0133,-0.006));
#13559=CARTESIAN_POINT('',(-0.022,0.0133,-0.0035));
#13560=CARTESIAN_POINT('',(-0.022,0.0144,-0.0035));
#13561=CARTESIAN_POINT('',(-0.022,0.0144,-0.0035));
#13562=CARTESIAN_POINT('',(6.93889390390723E-18,0.0116879899952981,-0.0035));
#13563=CARTESIAN_POINT('',(-0.0219,0.0116879899952981,-0.0035));
#13564=CARTESIAN_POINT('',(-0.022,0.0155,-0.0035));
#13565=CARTESIAN_POINT('',(-0.022,0.0133,-0.0035));
#13566=CARTESIAN_POINT('',(-0.0219,0.0116879899952981,-0.0035));
#13567=CARTESIAN_POINT('',(-0.0219,0.01575,-0.004));
#13568=CARTESIAN_POINT('',(-0.0219,0.01305,-0.004));
#13569=CARTESIAN_POINT('',(-0.0209,0.0275,-0.006));
#13570=CARTESIAN_POINT('',(-0.0209,0.0165,-0.006));
#13571=CARTESIAN_POINT('',(0.,0.0165,-0.006));
#13572=CARTESIAN_POINT('',(-0.022,0.0165,-0.006));
#13573=CARTESIAN_POINT('',(-0.022,0.0155,-0.0035));
#13574=CARTESIAN_POINT('',(-0.022,0.0155,-0.006));
#13575=CARTESIAN_POINT('',(-0.022,0.0155,-0.006));
#13576=CARTESIAN_POINT('',(-0.023,0.0155,-0.006));
#13577=CARTESIAN_POINT('',(-0.023,0.0275,-0.006));
#13578=CARTESIAN_POINT('',(-0.023,0.0133,-0.006));
#13579=CARTESIAN_POINT('',(-0.022,0.0133,-0.0035));
#13580=CARTESIAN_POINT('',(-0.022,0.0133,-0.006));
#13581=CARTESIAN_POINT('',(-0.022,0.0133,-0.006));
#13582=CARTESIAN_POINT('',(-0.022,0.0123,-0.006));
#13583=CARTESIAN_POINT('',(0.,0.0123,-0.006));
#13584=CARTESIAN_POINT('',(-0.0209,0.0123,-0.006));
#13585=CARTESIAN_POINT('',(-0.0209,0.0275,-0.006));
#13586=CARTESIAN_POINT('',(6.93889390390723E-18,0.0116879899952981,-0.0025));
#13587=CARTESIAN_POINT('',(0.02,0.000637989995298125,-0.0025));
#13588=CARTESIAN_POINT('',(0.02,-0.00631201000470188,-0.0025));
#13589=CARTESIAN_POINT('',(0.03795,-0.00631201000470188,-0.0025));
#13590=CARTESIAN_POINT('',(0.0375,0.00758798999529812,-0.002498));
#13591=CARTESIAN_POINT('',(0.0375,0.00758798999529812,-0.0025));
#13592=CARTESIAN_POINT('',(0.02,0.00758798999529812,-0.0025));
#13593=CARTESIAN_POINT('',(0.02,0.00758798999529812,-0.002498));
#13594=CARTESIAN_POINT('',(6.93889390390723E-18,0.0116879899952981,-0.0025));
#13595=CARTESIAN_POINT('',(0.02,0.00721298999529812,-0.0025));
#13596=CARTESIAN_POINT('',(-0.03795,0.00758502804573964,-0.002498));
#13597=CARTESIAN_POINT('',(-0.03795,0.00758502804573964,-0.0025));
#13598=CARTESIAN_POINT('',(-0.0209,0.00758502804573964,-0.0025));
#13599=CARTESIAN_POINT('',(-0.0209,0.00758502804573964,-0.002498));
#13600=CARTESIAN_POINT('',(6.93889390390723E-18,0.0116879899952981,-0.0025));
#13601=CARTESIAN_POINT('',(-0.0209,0.00721002804573964,-0.0025));
#13602=CARTESIAN_POINT('',(-0.03795,-0.00636497195426036,-0.002498));
#13603=CARTESIAN_POINT('',(-0.03795,-0.00636497195426036,-0.0025));
#13604=CARTESIAN_POINT('',(-0.0209,-0.00636497195426036,-0.0025));
#13605=CARTESIAN_POINT('',(-0.0209,-0.00636497195426036,-0.002498));
#13606=CARTESIAN_POINT('',(6.93889390390723E-18,0.0116879899952981,-0.0025));
#13607=CARTESIAN_POINT('',(-0.0209,-0.00598997195426036,-0.0025));
#13608=CARTESIAN_POINT('',(0.03795,-0.00631201000470188,-0.002498));
#13609=CARTESIAN_POINT('',(0.02,-0.00631201000470188,-0.002498));
#13610=CARTESIAN_POINT('',(-0.0055,0.055,-0.007));
#13611=CARTESIAN_POINT('',(0.0315508907043908,0.0375,0.00656341376956718));
#13612=CARTESIAN_POINT('',(0.0315508907043908,0.0375,0.00656341376956718));
#13613=CARTESIAN_POINT('',(0.0315508907043908,0.0375,0.00456341376956718));
#13614=CARTESIAN_POINT('',(0.00146252389347323,0.0375,0.00108170688478359));
#13615=CARTESIAN_POINT('',(0.00146252389347323,0.0375,0.00108170688478359));
#13616=CARTESIAN_POINT('',(-0.0315508907043908,0.0375,0.00656341376956702));
#13617=CARTESIAN_POINT('',(-0.0315508907043908,0.0375,0.00456341376956702));
#13618=CARTESIAN_POINT('',(-0.0315508907043908,0.0375,0.00656341376956702));
#13619=CARTESIAN_POINT('',(0.0233870858307212,-0.0121610441689669,-0.006502));
#13620=CARTESIAN_POINT('',(0.0254328063559892,-0.00977785424995334,-0.006502));
#13621=CARTESIAN_POINT('',(0.0234194101566079,-0.0121233875063678,-0.006502));
#13622=CARTESIAN_POINT('',(0.0249433874057507,-0.0126509566067957,-0.006502));
#13623=CARTESIAN_POINT('',(0.0249433874057507,-0.0126509566067957,-0.006));
#13624=CARTESIAN_POINT('',(0.0238735704312221,-0.0138972544257766,-0.006));
#13625=CARTESIAN_POINT('',(0.0258826217529251,-0.0115567827936429,-0.006));
#13626=CARTESIAN_POINT('',(0.0258826217529251,-0.0115567827936429,0.014));
#13627=CARTESIAN_POINT('',(0.0238735704312221,-0.0138972544257766,-0.006502));
#13628=CARTESIAN_POINT('',(0.0292919530456989,-0.00935946143441901,-0.006502));
#13629=CARTESIAN_POINT('',(0.0263433502644261,-0.00935946143441901,-0.006502));
#13630=CARTESIAN_POINT('',(0.0392377668235963,-0.00935946143441901,-0.0065));
#13631=CARTESIAN_POINT('',(0.0405935754506914,-0.010300600522903,-0.006502));
#13632=CARTESIAN_POINT('',(0.0401513011862641,-0.00978135156542542,0.014));
#13633=CARTESIAN_POINT('',(0.0424006507380851,-0.0124221844235121,-0.006502));
#13634=CARTESIAN_POINT('',(0.03967625008521,-0.011536919191024,-0.006502));
#13635=CARTESIAN_POINT('',(0.0396981338356793,-0.011562611652763,-0.006));
#13636=CARTESIAN_POINT('',(0.0396981338356793,-0.011562611652763,-0.006));
#13637=CARTESIAN_POINT('',(0.03967625008521,-0.011536919191024,-0.006));
#13638=CARTESIAN_POINT('',(0.041707075429498,-0.0139211952560265,-0.006));
#13639=CARTESIAN_POINT('',(0.041707075429498,-0.0139211952560265,-0.006502));
#13640=CARTESIAN_POINT('',(0.0296365763074034,-0.010859461434419,-0.006502));
#13641=CARTESIAN_POINT('',(0.0274001949336534,-0.010859461434419,-0.006));
#13642=CARTESIAN_POINT('',(0.0274001949336534,-0.010859461434419,-0.006));
#13643=CARTESIAN_POINT('',(0.0296365763074034,-0.010859461434419,-0.006));
#13644=CARTESIAN_POINT('',(0.0381755765645665,-0.010859461434419,-0.006));
#13645=CARTESIAN_POINT('',(0.0381755765645665,-0.010859461434419,0.014));
#13646=CARTESIAN_POINT('',(-0.0259085589598715,-0.0114511244126652,-0.006502));
#13647=CARTESIAN_POINT('',(-0.0258883745831957,-0.0114747588408566,-0.006502));
#13648=CARTESIAN_POINT('',(-0.0258883745831957,-0.0114747588408566,-0.006));
#13649=CARTESIAN_POINT('',(-0.0259085589598715,-0.0114511244126652,-0.006));
#13650=CARTESIAN_POINT('',(-0.023877236700394,-0.0138296541461524,-0.006));
#13651=CARTESIAN_POINT('',(-0.023877236700394,-0.0138296541461524,-0.006502));
#13652=CARTESIAN_POINT('',(-0.0296398592384305,-0.0107704220496434,-0.006502));
#13653=CARTESIAN_POINT('',(-0.0381817356771453,-0.0107582397439388,-0.006));
#13654=CARTESIAN_POINT('',(-0.0381817356771453,-0.0107582397439388,-0.006));
#13655=CARTESIAN_POINT('',(-0.0264860540112866,-0.0107749199629163,-0.006));
#13656=CARTESIAN_POINT('',(-0.0274063764716499,-0.0107736074117878,-0.006));
#13657=CARTESIAN_POINT('',(-0.0274063764716499,-0.0107736074117878,-0.006502));
#13658=CARTESIAN_POINT('',(-0.03968074742469,-0.0114305434833248,-0.006502));
#13659=CARTESIAN_POINT('',(-0.0391040554725905,-0.0107569243442388,-0.006));
#13660=CARTESIAN_POINT('',(-0.0417107311853081,-0.0138017156632173,-0.006));
#13661=CARTESIAN_POINT('',(-0.0397038764988564,-0.0114575599640839,-0.006));
#13662=CARTESIAN_POINT('',(-0.0397038764988564,-0.0114575599640839,0.014));
#13663=CARTESIAN_POINT('',(-0.0417107311853081,-0.0138017156632173,-0.006));
#13664=CARTESIAN_POINT('',(-0.0405952815313069,-0.0101922975783165,-0.006502));
#13665=CARTESIAN_POINT('',(-0.0401535499623206,-0.00967632221551771,-0.0065));
#13666=CARTESIAN_POINT('',(-0.0421985299007986,-0.0120650110477284,-0.0075));
#13667=CARTESIAN_POINT('',(-0.0430001540855445,-0.0130013677824343,-0.0075));
#13668=CARTESIAN_POINT('',(-0.0430001540855445,-0.0130013677824343,-0.0075));
#13669=CARTESIAN_POINT('',(-0.0426402614697849,-0.0125809864105272,0.014));
#13670=CARTESIAN_POINT('',(-0.0292936680250809,-0.00927091578275031,-0.006502));
#13671=CARTESIAN_POINT('',(-0.0392402654692939,-0.00925673008343065,0.014));
#13672=CARTESIAN_POINT('',(-0.0263458650608055,-0.00927511989845312,-0.006502));
#13673=CARTESIAN_POINT('',(-0.0249920473998416,-0.0102145506944243,-0.006502));
#13674=CARTESIAN_POINT('',(-0.025435063927733,-0.00969581075589436,-0.006502));
#13675=CARTESIAN_POINT('',(-0.0234182263816782,-0.0120573799498138,-0.0065));
#13676=CARTESIAN_POINT('',(6.93889390390723E-18,0.0086819469932816,-0.0075));
#13677=CARTESIAN_POINT('',(-0.0415289094677198,-0.0130034660511027,-0.0075));
#13678=CARTESIAN_POINT('',(-0.0415289094677198,-0.0130034660511027,-0.0075));
#13679=CARTESIAN_POINT('',(0.0432296327006109,-0.0126243454743705,-0.006502));
#13680=CARTESIAN_POINT('',(0.0432296327006109,-0.0126243454743705,-0.006));
#13681=CARTESIAN_POINT('',(0.0223559972504939,-0.0125945757850004,-0.006502));
#13682=CARTESIAN_POINT('',(0.0223559972504939,-0.0125945757850004,-0.006));
#13683=CARTESIAN_POINT('',(0.0432296327006109,-0.0126243454743705,-0.006));
#13684=CARTESIAN_POINT('',(0.0432296327006109,-0.0126243454743705,-0.006));
#13685=CARTESIAN_POINT('',(0.0223559972504939,-0.0125945757850004,-0.006));
#13686=CARTESIAN_POINT('',(0.0223559972504939,-0.0125945757850004,-0.006));
#13687=CARTESIAN_POINT('',(0.0411988073563229,-0.010240069409368,-0.006));
#13688=CARTESIAN_POINT('',(0.0400228639715749,-0.00885946143441901,-0.006));
#13689=CARTESIAN_POINT('',(0.0234258142250224,-0.0113482779660195,-0.006));
#13690=CARTESIAN_POINT('',(0.0255622042045625,-0.00885946143441902,-0.006));
#13691=CARTESIAN_POINT('',(0.,-0.00885946143441901,-0.006));
#13692=CARTESIAN_POINT('',(0.0255622042045625,-0.00885946143441902,-0.006));
#13693=CARTESIAN_POINT('',(0.0400228639715749,-0.00885946143441901,-0.006));
#13694=CARTESIAN_POINT('',(-0.0223563824425798,-0.0125308076092249,-0.006502));
#13695=CARTESIAN_POINT('',(-0.0223563824425798,-0.0125308076092249,-0.006));
#13696=CARTESIAN_POINT('',(-0.0432300196376592,-0.0125010379173662,-0.006502));
#13697=CARTESIAN_POINT('',(-0.0432300196376592,-0.0125010379173662,-0.006));
#13698=CARTESIAN_POINT('',(-0.0223563824425799,-0.0125308076092248,-0.006));
#13699=CARTESIAN_POINT('',(-0.0223563824425799,-0.0125308076092248,-0.006));
#13700=CARTESIAN_POINT('',(-0.0432300196376593,-0.0125010379173662,-0.006));
#13701=CARTESIAN_POINT('',(-0.0432300196376593,-0.0125010379173662,-0.006));
#13702=CARTESIAN_POINT('',(-0.0243877047020573,-0.0101522778757376,-0.006));
#13703=CARTESIAN_POINT('',(-0.0255628791815633,-0.00877623454804857,-0.006));
#13704=CARTESIAN_POINT('',(-0.0412000358770412,-0.0101298657374737,-0.006));
#13705=CARTESIAN_POINT('',(-0.0400235228986758,-0.0087556109785425,-0.006));
#13706=CARTESIAN_POINT('',(-5.17885523095432E-5,-0.0088126181116755,-0.006));
#13707=CARTESIAN_POINT('',(-0.0400235228986758,-0.0087556109785425,-0.006));
#13708=CARTESIAN_POINT('',(-0.0255628791815633,-0.00877623454804857,-0.006));
#13709=CARTESIAN_POINT('',(-0.021897372123864,-0.0107585334128863,-0.006502));
#13710=CARTESIAN_POINT('',(0.0219018369758796,-0.0108207088655917,-0.006502));
#13711=CARTESIAN_POINT('',(0.043923208009198,-0.0111253346418561,-0.006502));
#13712=CARTESIAN_POINT('',(-0.0435518345411957,-0.0118005797630165,-0.006502));
#13713=CARTESIAN_POINT('',(0.0274001949336534,-0.012859461434419,-0.006502));
#13714=CARTESIAN_POINT('',(0.0274001949336534,-0.012859461434419,-0.006));
#13715=CARTESIAN_POINT('',(0.0255622042045625,-0.00885946143441903,-0.008));
#13716=CARTESIAN_POINT('',(0.0255622042045625,-0.00885946143441902,-0.008));
#13717=CARTESIAN_POINT('',(0.0255622042045625,-0.00885946143441902,-0.008));
#13718=CARTESIAN_POINT('',(0.025604146764285,-0.00921253998076364,-0.008));
#13719=CARTESIAN_POINT('',(0.0257034716996818,-0.00916690040651016,-0.00800000000000105));
#13720=CARTESIAN_POINT('',(0.0258027966325305,-0.00912126082672271,-0.008));
#13721=CARTESIAN_POINT('',(0.0256880123285286,-0.00991853245494287,-0.00789586248477207));
#13722=CARTESIAN_POINT('',(0.0259891660538717,-0.00978865404143882,-0.00785296450849551));
#13723=CARTESIAN_POINT('',(0.0262838693152151,-0.0096447375505936,-0.00789586248477205));
#13724=CARTESIAN_POINT('',(0.0257946728542818,-0.0108164162187054,-0.00745103569343315));
#13725=CARTESIAN_POINT('',(0.0263038578718764,-0.0104735145535686,-0.00728990996956277));
#13726=CARTESIAN_POINT('',(0.0268956992805083,-0.0103104971277335,-0.00745103569343328));
#13727=CARTESIAN_POINT('',(0.0258659380092692,-0.0114163366216287,-0.00678527611573384));
#13728=CARTESIAN_POINT('',(0.0264573290635008,-0.010807512302724,-0.00661608024405869));
#13729=CARTESIAN_POINT('',(0.0273044930399156,-0.010755323919225,-0.00678527611573343));
#13730=CARTESIAN_POINT('',(0.0258826217529258,-0.011556782793642,-0.00626179939325298));
#13731=CARTESIAN_POINT('',(0.0264811995691039,-0.0108594614344246,-0.00620652355044689));
#13732=CARTESIAN_POINT('',(0.0274001949336515,-0.010859461434419,-0.00626179939325389));
#13733=CARTESIAN_POINT('',(0.0258826217529251,-0.0115567827936429,-0.006));
#13734=CARTESIAN_POINT('',(0.0264811995691079,-0.010859461434419,-0.006));
#13735=CARTESIAN_POINT('',(0.0274001949336533,-0.010859461434419,-0.006));
#13736=CARTESIAN_POINT('',(0.0381755765645665,-0.012859461434419,-0.006502));
#13737=CARTESIAN_POINT('',(0.0381755765645665,-0.012859461434419,-0.006));
#13738=CARTESIAN_POINT('',(0.0400228639715749,-0.00885946143441901,-0.008));
#13739=CARTESIAN_POINT('',(0.0400228639715749,-0.00885946143441901,-0.008));
#13740=CARTESIAN_POINT('',(0.0400228639715749,-0.00885946143441901,-0.008));
#13741=CARTESIAN_POINT('',(0.0397810546112992,-0.00912126082671359,-0.008));
#13742=CARTESIAN_POINT('',(0.039880705752091,-0.00916728190446573,-0.0079999999999973));
#13743=CARTESIAN_POINT('',(0.0399803568954571,-0.00921330297663991,-0.008));
#13744=CARTESIAN_POINT('',(0.0392975486313548,-0.00964473755059782,-0.00789586248477205));
#13745=CARTESIAN_POINT('',(0.0395931801198508,-0.00978987182988549,-0.00785260746052415));
#13746=CARTESIAN_POINT('',(0.0398953625616134,-0.00992082108687388,-0.00789586248477206));
#13747=CARTESIAN_POINT('',(0.0386826239898862,-0.0103104971277324,-0.00745103569343328));
#13748=CARTESIAN_POINT('',(0.039276766498594,-0.0104750139903478,-0.00728844542776655));
#13749=CARTESIAN_POINT('',(0.0397872664626357,-0.0108206451600215,-0.00745103569343325));
#13750=CARTESIAN_POINT('',(0.0382717625247729,-0.0107553239192253,-0.00678527611573343));
#13751=CARTESIAN_POINT('',(0.0391229671656186,-0.0108080413955843,-0.00661439478512702));
#13752=CARTESIAN_POINT('',(0.0397150421304092,-0.0114218619792957,-0.00678527611573354));
#13753=CARTESIAN_POINT('',(0.0381755765645683,-0.010859461434419,-0.00626179939325388));
#13754=CARTESIAN_POINT('',(0.0390992202680757,-0.0108594614344263,-0.00620596295856871));
#13755=CARTESIAN_POINT('',(0.0396981338356804,-0.0115626116527642,-0.00626179939325365));
#13756=CARTESIAN_POINT('',(0.0381755765645665,-0.010859461434419,-0.006));
#13757=CARTESIAN_POINT('',(0.0390992202680707,-0.010859461434419,-0.006));
#13758=CARTESIAN_POINT('',(0.0396981338356794,-0.011562611652763,-0.006));
#13759=CARTESIAN_POINT('',(-0.0381845880465052,-0.0127582377099351,-0.006502));
#13760=CARTESIAN_POINT('',(-0.0381845880465052,-0.0127582377099351,-0.006));
#13761=CARTESIAN_POINT('',(-0.0381817356771452,-0.0107582397439388,-0.006));
#13762=CARTESIAN_POINT('',(-0.0391040554725905,-0.0107569243442388,-0.006));
#13763=CARTESIAN_POINT('',(-0.0397038764988564,-0.0114575599640839,-0.006));
#13764=CARTESIAN_POINT('',(-0.0381817356771561,-0.0107582397439388,-0.00626179939325297));
#13765=CARTESIAN_POINT('',(-0.0391040554725929,-0.0107569243442482,-0.00620612279732221));
#13766=CARTESIAN_POINT('',(-0.0397038764988577,-0.0114575599640855,-0.00626179939325388));
#13767=CARTESIAN_POINT('',(-0.0382776352495229,-0.0106539653521969,-0.00678527611573384));
#13768=CARTESIAN_POINT('',(-0.0391277643513614,-0.0107053195841023,-0.00661487528764687));
#13769=CARTESIAN_POINT('',(-0.0397205200897647,-0.011316872837316,-0.00678527611573343));
#13770=CARTESIAN_POINT('',(-0.0386872733997129,-0.010208553888066,-0.00745103569343315));
#13771=CARTESIAN_POINT('',(-0.0392809953393548,-0.0103717969213077,-0.00728886269081286));
#13772=CARTESIAN_POINT('',(-0.0397916137309874,-0.0107159231883092,-0.00745103569343328));
#13773=CARTESIAN_POINT('',(-0.0393003671405983,-0.00954191924806034,-0.00789586248477208));
#13774=CARTESIAN_POINT('',(-0.0395959413119819,-0.00968628532338082,-0.00785270913221109));
#13775=CARTESIAN_POINT('',(-0.0398980175569753,-0.00981649898128109,-0.00789586248477206));
#13776=CARTESIAN_POINT('',(-0.0397824335110126,-0.00901775447543167,-0.008));
#13777=CARTESIAN_POINT('',(-0.0398820573952607,-0.00906352488037828,-0.00800000000000205));
#13778=CARTESIAN_POINT('',(-0.039981681282065,-0.00910929527975747,-0.008));
#13779=CARTESIAN_POINT('',(-0.0400235228986758,-0.0087556109785425,-0.008));
#13780=CARTESIAN_POINT('',(-0.0400235228986758,-0.00875561097854249,-0.008));
#13781=CARTESIAN_POINT('',(-0.0400235228986758,-0.00875561097854248,-0.008));
#13782=CARTESIAN_POINT('',(-0.0274092288410098,-0.0127736053777841,-0.006502));
#13783=CARTESIAN_POINT('',(-0.0274092288410098,-0.0127736053777841,-0.006));
#13784=CARTESIAN_POINT('',(-0.0258883745831957,-0.0114747588408566,-0.006));
#13785=CARTESIAN_POINT('',(-0.0264860540112866,-0.0107749199629163,-0.006));
#13786=CARTESIAN_POINT('',(-0.0274063764716499,-0.0107736074117879,-0.006));
#13787=CARTESIAN_POINT('',(-0.0258883745831942,-0.0114747588408584,-0.00626179939325367));
#13788=CARTESIAN_POINT('',(-0.0264860540112853,-0.010774919962923,-0.00620636367778418));
#13789=CARTESIAN_POINT('',(-0.0274063764716463,-0.0107736074117879,-0.00626179939325367));
#13790=CARTESIAN_POINT('',(-0.0258714264420299,-0.011334250033584,-0.00678527611573352));
#13791=CARTESIAN_POINT('',(-0.0264621445955535,-0.0107231557694296,-0.00661559951170731));
#13792=CARTESIAN_POINT('',(-0.0273103878581235,-0.0106696066883151,-0.00678527611573352));
#13793=CARTESIAN_POINT('',(-0.0257990319044522,-0.0107340620821187,-0.00745103569343326));
#13794=CARTESIAN_POINT('',(-0.0263081033044768,-0.0103896543871953,-0.00728949198892497));
#13795=CARTESIAN_POINT('',(-0.0269003693657844,-0.0102253642071199,-0.00745103569343325));
#13796=CARTESIAN_POINT('',(-0.025690681063977,-0.00983577788607966,-0.00789586248477206));
#13797=CARTESIAN_POINT('',(-0.0259919432936953,-0.00970516388553526,-0.00785286255187198));
#13798=CARTESIAN_POINT('',(-0.0262867063776345,-0.0095604791505451,-0.00789586248477206));
#13799=CARTESIAN_POINT('',(-0.0256054864307351,-0.009129470558032,-0.008));
#13800=CARTESIAN_POINT('',(-0.0257048394249906,-0.00908358030629251,-0.00799999999999904));
#13801=CARTESIAN_POINT('',(-0.0258041924166876,-0.00903769004901036,-0.008));
#13802=CARTESIAN_POINT('',(-0.0255628791815633,-0.00877623454804857,-0.008));
#13803=CARTESIAN_POINT('',(-0.0255628791815633,-0.00877623454804857,-0.008));
#13804=CARTESIAN_POINT('',(-0.0255628791815633,-0.00877623454804857,-0.008));
#13805=CARTESIAN_POINT('',(-0.0209,0.000610028045739637,0.0035));
#13806=CARTESIAN_POINT('',(0.02,0.00721298999529812,-0.004));
#13807=CARTESIAN_POINT('',(0.0018963599109583,-0.00956539348298496,-0.00046));
#13808=CARTESIAN_POINT('',(0.00289635889395641,-0.00956681966766493,-0.00046));
#13809=CARTESIAN_POINT('',(0.00289236557467685,-0.012366818345561,-0.00046));
#13810=CARTESIAN_POINT('',(0.00189236659167874,-0.012365392160881,-0.00046));
#13811=CARTESIAN_POINT('',(0.00189236659167874,-0.012365392160881,-0.00146));
#13812=CARTESIAN_POINT('',(0.0018963599109583,-0.00956539348298496,-0.00146));
#13813=CARTESIAN_POINT('',(-0.000968637175331292,-0.00956130746387685,-0.00146));
#13814=CARTESIAN_POINT('',(-0.0415279111384438,-0.012303466763004,-0.00146));
#13815=CARTESIAN_POINT('',(-0.00192762952337404,-0.0123599441354035,-0.00146));
#13816=CARTESIAN_POINT('',(-0.00192363620409449,-0.00955994545750747,-0.00146));
#13817=CARTESIAN_POINT('',(-0.00192363620409449,-0.00955994545750747,-0.00046));
#13818=CARTESIAN_POINT('',(-0.00192762952337405,-0.0123599441354035,-0.00046));
#13819=CARTESIAN_POINT('',(-0.00292762850637216,-0.0123585179507235,-0.00046));
#13820=CARTESIAN_POINT('',(-0.00292363518709261,-0.00955851927282751,-0.00046));
#13821=CARTESIAN_POINT('',(-0.0029236351870926,-0.00955851927282751,0.00623));
#13822=CARTESIAN_POINT('',(-0.00292762850637216,-0.0123585179507235,-0.006502));
#13823=CARTESIAN_POINT('',(-0.00292762850637216,-0.0123585179507235,0.00187912878853644));
#13824=CARTESIAN_POINT('',(-0.00292691541403218,-0.0118585184592245,0.00297));
#13825=CARTESIAN_POINT('',(-0.00292363518709261,-0.00955851927282751,0.00846));
#13826=CARTESIAN_POINT('',(-0.00192363620409449,-0.00955994545750747,0.00846));
#13827=CARTESIAN_POINT('',(-0.00192363620409449,-0.00955994545750747,0.00946));
#13828=CARTESIAN_POINT('',(0.000941360882195102,-0.00956403147661559,0.00946));
#13829=CARTESIAN_POINT('',(0.0018963599109583,-0.00956539348298496,0.00946));
#13830=CARTESIAN_POINT('',(0.0018963599109583,-0.00956539348298496,0.00846));
#13831=CARTESIAN_POINT('',(0.00289635889395641,-0.00956681966766493,0.00846));
#13832=CARTESIAN_POINT('',(0.00289635889395641,-0.00956681966766493,0.00177));
#13833=CARTESIAN_POINT('',(0.00289307866701683,-0.0118668188540619,0.00297));
#13834=CARTESIAN_POINT('',(0.00289236557467685,-0.012366818345561,0.00187912878853644));
#13835=CARTESIAN_POINT('',(0.00289236557467685,-0.012366818345561,-0.006502));
#13836=CARTESIAN_POINT('',(0.00369279261647933,-0.0120679595984055,0.000655));
#13837=CARTESIAN_POINT('',(0.00399236445597478,-0.0123683871487089,0.000655));
#13838=CARTESIAN_POINT('',(0.00399236445597478,-0.0123683871487089,0.00187912878853644));
#13839=CARTESIAN_POINT('',(0.00399236445597478,-0.0123683871487089,-0.00046));
#13840=CARTESIAN_POINT('',(0.0034930780568157,-0.0118676745648699,0.00297));
#13841=CARTESIAN_POINT('',(0.00369279261647933,-0.0120679595984055,-0.00046));
#13842=CARTESIAN_POINT('',(0.00189279444708273,-0.0120653924659816,-0.00046));
#13843=CARTESIAN_POINT('',(0.00189279444708273,-0.0120653924659816,-0.00226));
#13844=CARTESIAN_POINT('',(0.00189236659167874,-0.012365392160881,-0.00256));
#13845=CARTESIAN_POINT('',(0.00189236659167874,-0.012365392160881,-0.00046));
#13846=CARTESIAN_POINT('',(-1.72036104436636E-5,-0.0120626684532428,-0.00226));
#13847=CARTESIAN_POINT('',(-0.00192720166797006,-0.0120599444405041,-0.00226));
#13848=CARTESIAN_POINT('',(-0.00192762952337405,-0.0123599441354035,-0.00256));
#13849=CARTESIAN_POINT('',(-1.76314658476549E-5,-0.0123626681481423,-0.00256));
#13850=CARTESIAN_POINT('',(-0.00192720166797006,-0.0120599444405041,-0.00046));
#13851=CARTESIAN_POINT('',(-0.00372719983736666,-0.0120573773080801,-0.00046));
#13852=CARTESIAN_POINT('',(-0.00402762738767009,-0.0123569491475756,-0.00046));
#13853=CARTESIAN_POINT('',(-0.00192762952337404,-0.0123599441354035,-0.00046));
#13854=CARTESIAN_POINT('',(-0.00472862500504474,-0.0130559501063983,-0.006502));
#13855=CARTESIAN_POINT('',(-0.00352691480383103,-0.0118576627484165,0.00297));
#13856=CARTESIAN_POINT('',(-0.00402762738767009,-0.0123569491475756,0.00187912878853644));
#13857=CARTESIAN_POINT('',(-0.00402762738767009,-0.0123569491475756,-0.006502));
#13858=CARTESIAN_POINT('',(-1.76314658476525E-5,-0.0123626681481423,-0.000395));
#13859=CARTESIAN_POINT('',(-1.76314658476759E-5,-0.0123626681481423,0.0002));
#13860=CARTESIAN_POINT('',(0.000982367517150436,-0.0123640943328223,0.0002));
#13861=CARTESIAN_POINT('',(0.00289236557467685,-0.012366818345561,0.00187912878853644));
#13862=CARTESIAN_POINT('',(-0.0040270569137981,-0.0119569495543763,-0.006502));
#13863=CARTESIAN_POINT('',(-0.0040269142953301,-0.0118569496560765,0.00297));
#13864=CARTESIAN_POINT('',(-0.0040270569137981,-0.0119569495543763,0.00177417392568987));
#13865=CARTESIAN_POINT('',(-0.0040270569137981,-0.0119569495543763,-0.006502));
#13866=CARTESIAN_POINT('',(-0.0040270569137981,-0.0119569495543763,-0.00046));
#13867=CARTESIAN_POINT('',(-0.0040270569137981,-0.0119569495543763,-0.00046));
#13868=CARTESIAN_POINT('',(0.00399293492984677,-0.0119683875555097,0.000655));
#13869=CARTESIAN_POINT('',(0.00399293492984677,-0.0119683875555097,-0.00046));
#13870=CARTESIAN_POINT('',(0.00399293492984677,-0.0119683875555097,-0.00046));
#13871=CARTESIAN_POINT('',(0.00399293492984677,-0.0119683875555097,0.000655));
#13872=CARTESIAN_POINT('',(0.00399293492984677,-0.0119683875555097,0.00177417392568987));
#13873=CARTESIAN_POINT('',(0.00399307754831476,-0.0118683876572099,0.00297));
#13874=CARTESIAN_POINT('',(0.00189293706555073,-0.0119653925676818,-0.00046));
#13875=CARTESIAN_POINT('',(0.00189293706555073,-0.0119653925676818,-0.00256));
#13876=CARTESIAN_POINT('',(0.00189293706555073,-0.0119653925676818,-0.00256));
#13877=CARTESIAN_POINT('',(0.00189293706555073,-0.0119653925676818,-0.00046));
#13878=CARTESIAN_POINT('',(-1.70609919756666E-5,-0.011962668554943,-0.00256));
#13879=CARTESIAN_POINT('',(-0.00192705904950206,-0.0119599445422043,-0.00256));
#13880=CARTESIAN_POINT('',(-0.00192705904950206,-0.0119599445422043,-0.00256));
#13881=CARTESIAN_POINT('',(-1.70609919756666E-5,-0.011962668554943,-0.00256));
#13882=CARTESIAN_POINT('',(-0.00192705904950206,-0.0119599445422043,-0.00046));
#13883=CARTESIAN_POINT('',(-0.00192705904950206,-0.0119599445422043,-0.00046));
#13884=CARTESIAN_POINT('',(-1.70609919756643E-5,-0.011962668554943,-0.000395));
#13885=CARTESIAN_POINT('',(-1.70609919756877E-5,-0.011962668554943,0.0002));
#13886=CARTESIAN_POINT('',(-0.0010170599749738,-0.011961242370263,0.0002));
#13887=CARTESIAN_POINT('',(0.0034429354891978,-0.0119676031539357,0.00177417392568987));
#13888=CARTESIAN_POINT('',(0.00329307826021608,-0.0118673893279339,0.00297));
#13889=CARTESIAN_POINT('',(-1.33529118077639E-5,-0.00936267119914794,0.0002));
#13890=CARTESIAN_POINT('',(0.0263433502644261,-0.010559461434419,-0.006502));
#13891=CARTESIAN_POINT('',(0.0392377668235963,-0.010559461434419,-0.006502));
#13892=CARTESIAN_POINT('',(-0.0392419768909099,-0.0104567288630284,-0.006502));
#13893=CARTESIAN_POINT('',(-0.0263475764824215,-0.0104751186780509,-0.006502));
#13894=MECHANICAL_DESIGN_GEOMETRIC_PRESENTATION_REPRESENTATION('',(#8122),
#13895);
#13895=(
GEOMETRIC_REPRESENTATION_CONTEXT(3)
GLOBAL_UNCERTAINTY_ASSIGNED_CONTEXT((#13896))
GLOBAL_UNIT_ASSIGNED_CONTEXT((#13899,#13898,#13897))
REPRESENTATION_CONTEXT('Chassis','TOP_LEVEL_ASSEMBLY_PART')
);
#13896=UNCERTAINTY_MEASURE_WITH_UNIT(LENGTH_MEASURE(2.E-5),#13899,
'DISTANCE_ACCURACY_VALUE','Maximum Tolerance applied to model');
#13897=(
NAMED_UNIT(*)
SI_UNIT($,.STERADIAN.)
SOLID_ANGLE_UNIT()
);
#13898=(
NAMED_UNIT(*)
PLANE_ANGLE_UNIT()
SI_UNIT($,.RADIAN.)
);
#13899=(
LENGTH_UNIT()
NAMED_UNIT(*)
SI_UNIT($,.METRE.)
);
#13900=PRODUCT_DEFINITION_SHAPE('','',#13901);
#13901=PRODUCT_DEFINITION('','',#13903,#13902);
#13902=PRODUCT_DEFINITION_CONTEXT('',#13909,'design');
#13903=PRODUCT_DEFINITION_FORMATION_WITH_SPECIFIED_SOURCE('','',#13905,
 .NOT_KNOWN.);
#13904=PRODUCT_RELATED_PRODUCT_CATEGORY('','',(#13905));
#13905=PRODUCT('Chassis','Chassis','Chassis',(#13907));
#13906=PRODUCT_CATEGORY('','');
#13907=PRODUCT_CONTEXT('',#13909,'mechanical');
#13908=APPLICATION_PROTOCOL_DEFINITION('international standard',
'ap242_managed_model_based_3d_engineering',2020,#13909);
#13909=APPLICATION_CONTEXT('managed model based 3d engineering');
ENDSEC;
END-ISO-10303-21;
