ISO-10303-21;
HEADER;
/* Generated by software containing ST-Developer
 * from STEP Tools, Inc. (www.steptools.com) 
 */
/* OPTION: using custom renumber hook */

FILE_DESCRIPTION(
/* description */ ('STEP AP242 Edition 2',
'CAx-IF Rec.Pracs.---Representation and Presentation of Product Manufa
cturing Information (PMI)---4.0---2014-10-13',
'CAx-IF Rec.Pracs.---3D Tessellated Geometry---0.4---2014-09-14','2;1',
'CAx-IF Rec.Pracs.---User Defined Attributes---1.5---2016-08-15'),
/* implementation_level */ '2;1');

FILE_NAME(
/* name */ 
'UNSW Antweight Battle Bot With Protruding back wheels - Chassis',
/* time_stamp */ '2026-07-30T05:05:32Z',
/* author */ (''),
/* organization */ (''),
/* preprocessor_version */ 'ST-DEVELOPER v20',
/* originating_system */ 'ONSHAPE BY PTC INC, 1.218',
/* authorisation */ '  ');

FILE_SCHEMA (('AP242_MANAGED_MODEL_BASED_3D_ENGINEERING_MIM_LF { 1 0 10303 442 3 1 4 }'));
ENDSEC;

DATA;
#10=SHAPE_REPRESENTATION_RELATIONSHIP('','',#4099,#11);
#11=ADVANCED_BREP_SHAPE_REPRESENTATION('',(#4097),#6939);
#12=CONICAL_SURFACE('',#4271,0.008,0.982793723247328);
#13=CONICAL_SURFACE('',#4273,0.008,0.982793723247329);
#14=CONICAL_SURFACE('',#4318,0.008,0.982793723247329);
#15=CONICAL_SURFACE('',#4327,0.008,0.982793723247328);
#16=B_SPLINE_SURFACE_WITH_KNOTS('',1,3,((#6079,#6080,#6081,#6082),(#6083,
#6084,#6085,#6086)),.RULED_SURF.,.F.,.F.,.F.,(2,2),(4,4),(0.,1.),(5.02232922712442,
5.39396422382124),.PIECEWISE_BEZIER_KNOTS.);
#17=B_SPLINE_SURFACE_WITH_KNOTS('',1,3,((#6104,#6105,#6106,#6107,#6108,
#6109,#6110),(#6111,#6112,#6113,#6114,#6115,#6116,#6117),(#6118,#6119,#6120,
#6121,#6122,#6123,#6124)),.RULED_SURF.,.F.,.F.,.F.,(2,1,2),(4,3,4),(-0.00601550707431052,
0.,1.),(0.35224230054743,0.918710905506305,0.972645354633634),
 .PIECEWISE_BEZIER_KNOTS.);
#18=B_SPLINE_SURFACE_WITH_KNOTS('',3,3,((#6316,#6317,#6318,#6319),(#6320,
#6321,#6322,#6323),(#6324,#6325,#6326,#6327),(#6328,#6329,#6330,#6331)),
 .UNSPECIFIED.,.F.,.F.,.F.,(4,4),(4,4),(0.0659822023312913,0.845927742756789),
(2.46731181362508,2.7207359351313),.UNSPECIFIED.);
#19=B_SPLINE_SURFACE_WITH_KNOTS('',1,3,((#6569,#6570,#6571,#6572),(#6573,
#6574,#6575,#6576)),.RULED_SURF.,.F.,.F.,.F.,(2,2),(4,4),(0.,1.),(5.02232922712442,
5.39396422382124),.PIECEWISE_BEZIER_KNOTS.);
#20=B_SPLINE_SURFACE_WITH_KNOTS('',1,3,((#6599,#6600,#6601,#6602,#6603,
#6604,#6605),(#6606,#6607,#6608,#6609,#6610,#6611,#6612),(#6613,#6614,#6615,
#6616,#6617,#6618,#6619)),.RULED_SURF.,.F.,.F.,.F.,(2,1,2),(4,3,4),(-0.00601550707431052,
0.,1.),(0.35224230054743,0.918710905506305,0.972645354633634),
 .PIECEWISE_BEZIER_KNOTS.);
#21=B_SPLINE_SURFACE_WITH_KNOTS('',3,3,((#6732,#6733,#6734,#6735),(#6736,
#6737,#6738,#6739),(#6740,#6741,#6742,#6743),(#6744,#6745,#6746,#6747)),
 .UNSPECIFIED.,.F.,.F.,.F.,(4,4),(4,4),(0.0659822023312913,0.845927742756789),
(2.46731181362508,2.7207359351313),.UNSPECIFIED.);
#22=ELLIPSE('',#4126,0.555705832558182,0.00075);
#23=ELLIPSE('',#4129,0.00214408662092195,0.002);
#24=ELLIPSE('',#4137,0.00214408662092195,0.002);
#25=ELLIPSE('',#4146,0.00214408662092195,0.002);
#26=ELLIPSE('',#4149,0.00214408662092195,0.002);
#27=ELLIPSE('',#4165,0.00384187454245971,0.003);
#28=ELLIPSE('',#4171,0.00282842712474619,0.002);
#29=ELLIPSE('',#4172,0.00216478440058479,0.002);
#30=ELLIPSE('',#4173,0.00216478440058479,0.002);
#31=ELLIPSE('',#4175,0.00282842712474619,0.002);
#32=ELLIPSE('',#4176,0.0021097895935556,0.002);
#33=ELLIPSE('',#4180,0.00600925212577332,0.005);
#34=ELLIPSE('',#4184,0.00202376768051274,0.002);
#35=ELLIPSE('',#4185,0.00371814170348594,0.003);
#36=ELLIPSE('',#4189,0.00768698229051553,0.003);
#37=ELLIPSE('',#4191,0.00202376768051274,0.002);
#38=ELLIPSE('',#4192,0.00371814170348594,0.003);
#39=ELLIPSE('',#4213,0.0021097895935556,0.002);
#40=ELLIPSE('',#4219,0.00600925212577332,0.005);
#41=ELLIPSE('',#4223,0.00384187454245971,0.003);
#42=ELLIPSE('',#4242,0.00768698229051553,0.003);
#43=ELLIPSE('',#4330,0.00282842712474619,0.002);
#44=ELLIPSE('',#4332,0.00282842712474619,0.002);
#45=ELLIPSE('',#4334,0.00216478440058479,0.002);
#46=ELLIPSE('',#4336,0.00216478440058479,0.002);
#47=ELLIPSE('',#4348,0.00200000182151692,0.002);
#48=ELLIPSE('',#4349,0.555705832558182,0.00075);
#49=ELLIPSE('',#4354,0.555705832558182,0.00075);
#50=ELLIPSE('',#4357,0.00200000182151692,0.002);
#51=ELLIPSE('',#4358,0.555705832558182,0.00075);
#52=CIRCLE('',#4103,0.00365440955614803);
#53=CIRCLE('',#4104,0.00365440955614803);
#54=CIRCLE('',#4106,0.00075);
#55=CIRCLE('',#4107,0.00075);
#56=CIRCLE('',#4108,0.002);
#57=CIRCLE('',#4109,0.002);
#58=CIRCLE('',#4110,0.002);
#59=CIRCLE('',#4111,0.002);
#60=CIRCLE('',#4113,0.002);
#61=CIRCLE('',#4114,0.002);
#62=CIRCLE('',#4115,0.00556017880411181);
#63=CIRCLE('',#4116,0.00563813609617167);
#64=CIRCLE('',#4117,0.002);
#65=CIRCLE('',#4118,0.002);
#66=CIRCLE('',#4119,0.002);
#67=CIRCLE('',#4121,0.00563813609617179);
#68=CIRCLE('',#4122,0.00366574932211003);
#69=CIRCLE('',#4123,0.00556017880411181);
#70=CIRCLE('',#4124,0.00556017880411181);
#71=CIRCLE('',#4130,0.005);
#72=CIRCLE('',#4131,0.00366574932211003);
#73=CIRCLE('',#4132,0.002);
#74=CIRCLE('',#4133,0.002);
#75=CIRCLE('',#4134,0.002);
#76=CIRCLE('',#4135,0.002);
#77=CIRCLE('',#4136,0.005);
#78=CIRCLE('',#4138,0.002);
#79=CIRCLE('',#4139,0.00075);
#80=CIRCLE('',#4144,0.00075);
#81=CIRCLE('',#4145,0.002);
#82=CIRCLE('',#4147,0.003);
#83=CIRCLE('',#4148,0.003);
#84=CIRCLE('',#4154,0.00225);
#85=CIRCLE('',#4155,0.00225);
#86=CIRCLE('',#4157,0.0225586579649686);
#87=CIRCLE('',#4160,0.02);
#88=CIRCLE('',#4166,0.003);
#89=CIRCLE('',#4169,0.02);
#90=CIRCLE('',#4181,0.005);
#91=CIRCLE('',#4187,0.0310000000000321);
#92=CIRCLE('',#4194,0.02);
#93=CIRCLE('',#4195,0.005);
#94=CIRCLE('',#4196,0.005);
#95=CIRCLE('',#4201,0.0205586579649686);
#96=CIRCLE('',#4205,0.005);
#97=CIRCLE('',#4206,0.005);
#98=CIRCLE('',#4207,0.02);
#99=CIRCLE('',#4209,0.0205586579649686);
#100=CIRCLE('',#4215,0.003);
#101=CIRCLE('',#4216,0.0225586579649686);
#102=CIRCLE('',#4220,0.005);
#103=CIRCLE('',#4228,0.00225);
#104=CIRCLE('',#4235,0.00225);
#105=CIRCLE('',#4239,0.005);
#106=CIRCLE('',#4240,0.005);
#107=CIRCLE('',#4244,0.0310000000000321);
#108=CIRCLE('',#4250,0.005);
#109=CIRCLE('',#4252,0.005);
#110=CIRCLE('',#4254,0.005);
#111=CIRCLE('',#4256,0.005);
#112=CIRCLE('',#4269,0.008);
#113=CIRCLE('',#4270,0.008);
#114=CIRCLE('',#4319,0.008);
#115=CIRCLE('',#4326,0.008);
#116=CIRCLE('',#4362,0.003);
#117=CIRCLE('',#4364,0.003);
#118=CIRCLE('',#4375,0.00075);
#119=CIRCLE('',#4376,0.00075);
#120=CIRCLE('',#4383,0.002);
#121=CIRCLE('',#4384,0.002);
#122=CIRCLE('',#4385,0.002);
#123=CIRCLE('',#4386,0.002);
#124=CIRCLE('',#4403,0.005);
#125=CIRCLE('',#4407,0.005);
#126=B_SPLINE_CURVE_WITH_KNOTS('',3,(#5503,#5504,#5505,#5506),
 .UNSPECIFIED.,.F.,.F.,(4,4),(0.,0.00252464717369597),.UNSPECIFIED.);
#127=B_SPLINE_CURVE_WITH_KNOTS('',3,(#5518,#5519,#5520,#5521),
 .UNSPECIFIED.,.F.,.F.,(4,4),(0.00103022941991602,0.00119420747979178),
 .UNSPECIFIED.);
#128=B_SPLINE_CURVE_WITH_KNOTS('',3,(#5678,#5679,#5680,#5681),
 .UNSPECIFIED.,.F.,.F.,(4,4),(-4.58696820768034E-5,4.54324277364291E-5),
 .UNSPECIFIED.);
#129=B_SPLINE_CURVE_WITH_KNOTS('',3,(#5847,#5848,#5849,#5850),
 .UNSPECIFIED.,.F.,.F.,(4,4),(0.,0.00285732008661359),.UNSPECIFIED.);
#130=B_SPLINE_CURVE_WITH_KNOTS('',3,(#5893,#5894,#5895,#5896,#5897,#5898,
#5899),.UNSPECIFIED.,.F.,.F.,(4,1,1,1,4),(1.56125112837913E-17,0.00125780247868349,
0.00251560495736697,0.00377340743605045,0.00503120991473393),
 .UNSPECIFIED.);
#131=B_SPLINE_CURVE_WITH_KNOTS('',3,(#5906,#5907,#5908,#5909),
 .UNSPECIFIED.,.F.,.F.,(4,4),(0.00288567747093007,0.0036506329809426),
 .UNSPECIFIED.);
#132=B_SPLINE_CURVE_WITH_KNOTS('',3,(#5956,#5957,#5958,#5959,#5960,#5961,
#5962),.UNSPECIFIED.,.F.,.F.,(4,1,1,1,4),(0.,0.00170199874219517,0.00340399748439034,
0.00510599622658552,0.00680799496878069),.UNSPECIFIED.);
#133=B_SPLINE_CURVE_WITH_KNOTS('',3,(#5991,#5992,#5993,#5994),
 .UNSPECIFIED.,.F.,.F.,(4,4),(1.90029435765254E-17,0.000782240379052698),
 .UNSPECIFIED.);
#134=B_SPLINE_CURVE_WITH_KNOTS('',3,(#6054,#6055,#6056,#6057),
 .UNSPECIFIED.,.F.,.F.,(4,4),(0.,1.),.UNSPECIFIED.);
#135=B_SPLINE_CURVE_WITH_KNOTS('',3,(#6061,#6062,#6063,#6064),
 .UNSPECIFIED.,.F.,.F.,(4,4),(0.,1.),.UNSPECIFIED.);
#136=B_SPLINE_CURVE_WITH_KNOTS('',3,(#6073,#6074,#6075,#6076),
 .UNSPECIFIED.,.F.,.F.,(4,4),(0.,0.00317378480299884),.UNSPECIFIED.);
#137=B_SPLINE_CURVE_WITH_KNOTS('',3,(#6087,#6088,#6089,#6090),
 .UNSPECIFIED.,.F.,.F.,(4,4),(0.,0.00322954322072787),.UNSPECIFIED.);
#138=B_SPLINE_CURVE_WITH_KNOTS('',3,(#6092,#6093,#6094,#6095),
 .UNSPECIFIED.,.F.,.F.,(4,4),(1.08873434732536E-5,1.),.UNSPECIFIED.);
#139=B_SPLINE_CURVE_WITH_KNOTS('',3,(#6097,#6098,#6099,#6100,#6101,#6102,
#6103),.UNSPECIFIED.,.F.,.F.,(4,1,1,1,4),(1.07035713796828E-5,0.250008027678535,
0.50000535178569,0.750002675892845,1.),.UNSPECIFIED.);
#140=B_SPLINE_CURVE_WITH_KNOTS('',3,(#6125,#6126,#6127,#6128),
 .UNSPECIFIED.,.F.,.F.,(4,4),(0.29008234009108,0.999999983772536),
 .UNSPECIFIED.);
#141=B_SPLINE_CURVE_WITH_KNOTS('',3,(#6129,#6130,#6131,#6132,#6133,#6134),
 .UNSPECIFIED.,.F.,.F.,(4,1,1,4),(0.,0.4903387005028,0.735508050754201,
0.980677401005601),.UNSPECIFIED.);
#142=B_SPLINE_CURVE_WITH_KNOTS('',3,(#6136,#6137,#6138,#6139),
 .UNSPECIFIED.,.F.,.F.,(4,4),(0.319308215549425,0.918710905506305),
 .PIECEWISE_BEZIER_KNOTS.);
#143=B_SPLINE_CURVE_WITH_KNOTS('',3,(#6141,#6142,#6143,#6144),
 .UNSPECIFIED.,.F.,.F.,(4,4),(0.,0.0036309627987696),.UNSPECIFIED.);
#144=B_SPLINE_CURVE_WITH_KNOTS('',3,(#6195,#6196,#6197,#6198),
 .UNSPECIFIED.,.F.,.F.,(4,4),(0.,0.0036309627987696),.UNSPECIFIED.);
#145=B_SPLINE_CURVE_WITH_KNOTS('',3,(#6202,#6203,#6204,#6205),
 .UNSPECIFIED.,.F.,.F.,(4,4),(1.08873434780623E-5,1.),.UNSPECIFIED.);
#146=B_SPLINE_CURVE_WITH_KNOTS('',3,(#6207,#6208,#6209,#6210),
 .UNSPECIFIED.,.F.,.F.,(4,4),(0.290082340091086,0.99999998377254),
 .UNSPECIFIED.);
#147=B_SPLINE_CURVE_WITH_KNOTS('',3,(#6218,#6219,#6220,#6221),
 .UNSPECIFIED.,.F.,.F.,(4,4),(0.,0.00317378480299884),.UNSPECIFIED.);
#148=B_SPLINE_CURVE_WITH_KNOTS('',3,(#6253,#6254,#6255,#6256,#6257,#6258,
#6259),.UNSPECIFIED.,.F.,.F.,(4,1,1,1,4),(0.,0.00170199874219517,0.00340399748439034,
0.00510599622658552,0.00680799496878069),.UNSPECIFIED.);
#149=B_SPLINE_CURVE_WITH_KNOTS('',3,(#6271,#6272,#6273,#6274,#6275,#6276,
#6277),.UNSPECIFIED.,.F.,.F.,(4,1,1,1,4),(1.56125112837913E-17,0.00125780247868349,
0.00251560495736697,0.00377340743605045,0.00503120991473393),
 .UNSPECIFIED.);
#150=B_SPLINE_CURVE_WITH_KNOTS('',3,(#6283,#6284,#6285,#6286),
 .UNSPECIFIED.,.F.,.F.,(4,4),(1.4304896245382E-17,0.00285732008661359),
 .UNSPECIFIED.);
#151=B_SPLINE_CURVE_WITH_KNOTS('',3,(#6288,#6289,#6290,#6291),
 .UNSPECIFIED.,.F.,.F.,(4,4),(0.00288567747093007,0.0036506329809426),
 .UNSPECIFIED.);
#152=B_SPLINE_CURVE_WITH_KNOTS('',3,(#6332,#6333,#6334,#6335),
 .UNSPECIFIED.,.F.,.F.,(4,4),(0.,0.00326223200772546),.UNSPECIFIED.);
#153=B_SPLINE_CURVE_WITH_KNOTS('',3,(#6337,#6338,#6339,#6340,#6341,#6342,
#6343),.UNSPECIFIED.,.F.,.F.,(4,1,1,1,4),(1.24973794271558E-15,0.0012958139124597,
0.00259162782491815,0.00388744173737659,0.00518325564983504),
 .UNSPECIFIED.);
#154=B_SPLINE_CURVE_WITH_KNOTS('',3,(#6366,#6367,#6368,#6369),
 .UNSPECIFIED.,.F.,.F.,(4,4),(4.99947911605149E-14,0.000782240379570774),
 .UNSPECIFIED.);
#155=B_SPLINE_CURVE_WITH_KNOTS('',3,(#6577,#6578,#6579,#6580),
 .UNSPECIFIED.,.F.,.F.,(4,4),(0.,0.00322954322072787),.UNSPECIFIED.);
#156=B_SPLINE_CURVE_WITH_KNOTS('',3,(#6583,#6584,#6585,#6586,#6587,#6588,
#6589),.UNSPECIFIED.,.F.,.F.,(4,1,1,1,4),(1.07035713796828E-5,0.250008027678535,
0.50000535178569,0.750002675892845,1.),.UNSPECIFIED.);
#157=B_SPLINE_CURVE_WITH_KNOTS('',3,(#6590,#6591,#6592,#6593),
 .UNSPECIFIED.,.F.,.F.,(4,4),(0.,1.),.UNSPECIFIED.);
#158=B_SPLINE_CURVE_WITH_KNOTS('',3,(#6595,#6596,#6597,#6598),
 .UNSPECIFIED.,.F.,.F.,(4,4),(0.,1.),.UNSPECIFIED.);
#159=B_SPLINE_CURVE_WITH_KNOTS('',3,(#6620,#6621,#6622,#6623,#6624,#6625,
#6626,#6627,#6628,#6629,#6630,#6631,#6632,#6633),.UNSPECIFIED.,.F.,.F.,
(4,1,1,1,1,1,1,1,1,1,1,4),(4.46572182150183E-8,0.125000039075066,0.250000033492914,
0.375000027910761,0.437500025119685,0.468750023724147,0.500000022328609,
0.531250020933071,0.562500019537533,0.625000016746457,0.750000011164305,
1.),.UNSPECIFIED.);
#160=B_SPLINE_CURVE_WITH_KNOTS('',3,(#6635,#6636,#6637,#6638,#6639,#6640),
 .UNSPECIFIED.,.F.,.F.,(4,1,1,4),(9.93608670670458E-5,0.490388380936334,
0.735532890970968,0.980677401005601),.UNSPECIFIED.);
#161=B_SPLINE_CURVE_WITH_KNOTS('',3,(#6718,#6719,#6720,#6721),
 .UNSPECIFIED.,.F.,.F.,(4,4),(0.,0.00326223200772546),.UNSPECIFIED.);
#162=B_SPLINE_CURVE_WITH_KNOTS('',3,(#6725,#6726,#6727,#6728,#6729,#6730,
#6731),.UNSPECIFIED.,.F.,.F.,(4,1,1,1,4),(1.24973794271558E-15,0.0012958139124597,
0.00259162782491815,0.00388744173737659,0.00518325564983504),
 .UNSPECIFIED.);
#163=B_SPLINE_CURVE_WITH_KNOTS('',3,(#6767,#6768,#6769,#6770),
 .UNSPECIFIED.,.F.,.F.,(4,4),(0.,0.000720965716105613),.UNSPECIFIED.);
#164=B_SPLINE_CURVE_WITH_KNOTS('',3,(#6774,#6775,#6776,#6777),
 .UNSPECIFIED.,.F.,.F.,(4,4),(0.,0.000166358492715221),.UNSPECIFIED.);
#165=B_SPLINE_CURVE_WITH_KNOTS('',3,(#6789,#6790,#6791,#6792),
 .UNSPECIFIED.,.F.,.F.,(4,4),(1.07230609534309E-16,0.000995482308256925),
 .UNSPECIFIED.);
#166=B_SPLINE_CURVE_WITH_KNOTS('',3,(#6796,#6797,#6798,#6799,#6800),
 .UNSPECIFIED.,.F.,.F.,(4,1,4),(0.,0.000158196334411958,0.000316392668823916),
 .UNSPECIFIED.);
#167=B_SPLINE_CURVE_WITH_KNOTS('',3,(#6834,#6835,#6836,#6837),
 .UNSPECIFIED.,.F.,.F.,(4,4),(0.,0.00227921215570009),.UNSPECIFIED.);
#168=B_SPLINE_CURVE_WITH_KNOTS('',3,(#6841,#6842,#6843,#6844),
 .UNSPECIFIED.,.F.,.F.,(4,4),(-3.89827425966273E-5,3.87554458814462E-5),
 .UNSPECIFIED.);
#169=B_SPLINE_CURVE_WITH_KNOTS('',3,(#6848,#6849,#6850,#6851),
 .UNSPECIFIED.,.F.,.F.,(4,4),(0.,0.00247495456768474),.UNSPECIFIED.);
#170=B_SPLINE_CURVE_WITH_KNOTS('',3,(#6855,#6856,#6857,#6858),
 .UNSPECIFIED.,.F.,.F.,(4,4),(0.,4.15554898957242E-5),.UNSPECIFIED.);
#171=B_SPLINE_CURVE_WITH_KNOTS('',3,(#6863,#6864,#6865,#6866),
 .UNSPECIFIED.,.F.,.F.,(4,4),(0.,0.00016191848579989),.UNSPECIFIED.);
#172=B_SPLINE_CURVE_WITH_KNOTS('',3,(#6869,#6870,#6871,#6872),
 .UNSPECIFIED.,.F.,.F.,(4,4),(0.,0.00248849250750828),.UNSPECIFIED.);
#173=CYLINDRICAL_SURFACE('',#4102,0.00365440955614803);
#174=CYLINDRICAL_SURFACE('',#4127,0.002);
#175=CYLINDRICAL_SURFACE('',#4153,0.00225);
#176=CYLINDRICAL_SURFACE('',#4156,0.0225586579649686);
#177=CYLINDRICAL_SURFACE('',#4164,0.003);
#178=CYLINDRICAL_SURFACE('',#4170,0.002);
#179=CYLINDRICAL_SURFACE('',#4174,0.002);
#180=CYLINDRICAL_SURFACE('',#4179,0.005);
#181=CYLINDRICAL_SURFACE('',#4186,0.0310000000000321);
#182=CYLINDRICAL_SURFACE('',#4200,0.0205586579649686);
#183=CYLINDRICAL_SURFACE('',#4208,0.0205586579649686);
#184=CYLINDRICAL_SURFACE('',#4218,0.005);
#185=CYLINDRICAL_SURFACE('',#4222,0.003);
#186=CYLINDRICAL_SURFACE('',#4224,0.0225586579649686);
#187=CYLINDRICAL_SURFACE('',#4243,0.0310000000000321);
#188=CYLINDRICAL_SURFACE('',#4246,0.005);
#189=CYLINDRICAL_SURFACE('',#4249,0.005);
#190=CYLINDRICAL_SURFACE('',#4251,0.005);
#191=CYLINDRICAL_SURFACE('',#4253,0.005);
#192=CYLINDRICAL_SURFACE('',#4255,0.005);
#193=CYLINDRICAL_SURFACE('',#4263,0.02);
#194=CYLINDRICAL_SURFACE('',#4264,0.02);
#195=CYLINDRICAL_SURFACE('',#4279,0.002);
#196=CYLINDRICAL_SURFACE('',#4333,0.002);
#197=CYLINDRICAL_SURFACE('',#4335,0.002);
#198=CYLINDRICAL_SURFACE('',#4337,0.002);
#199=CYLINDRICAL_SURFACE('',#4340,0.005);
#200=CYLINDRICAL_SURFACE('',#4344,0.002);
#201=CYLINDRICAL_SURFACE('',#4346,0.002);
#202=CYLINDRICAL_SURFACE('',#4350,0.002);
#203=CYLINDRICAL_SURFACE('',#4352,0.002);
#204=CYLINDRICAL_SURFACE('',#4355,0.002);
#205=CYLINDRICAL_SURFACE('',#4359,0.002);
#206=CYLINDRICAL_SURFACE('',#4360,0.00225);
#207=CYLINDRICAL_SURFACE('',#4361,0.003);
#208=CYLINDRICAL_SURFACE('',#4363,0.003);
#209=CYLINDRICAL_SURFACE('',#4371,0.002);
#210=CYLINDRICAL_SURFACE('',#4372,0.002);
#211=CYLINDRICAL_SURFACE('',#4373,0.002);
#212=CYLINDRICAL_SURFACE('',#4377,0.00075);
#213=CYLINDRICAL_SURFACE('',#4378,0.00075);
#214=CYLINDRICAL_SURFACE('',#4379,0.00556017880411181);
#215=CYLINDRICAL_SURFACE('',#4380,0.00366574932211003);
#216=CYLINDRICAL_SURFACE('',#4381,0.00563813609617179);
#217=CYLINDRICAL_SURFACE('',#4389,0.002);
#218=CYLINDRICAL_SURFACE('',#4391,0.002);
#219=CYLINDRICAL_SURFACE('',#4393,0.002);
#220=CYLINDRICAL_SURFACE('',#4396,0.002);
#221=CYLINDRICAL_SURFACE('',#4397,0.00075);
#222=CYLINDRICAL_SURFACE('',#4398,0.00075);
#223=CYLINDRICAL_SURFACE('',#4399,0.00075);
#224=CYLINDRICAL_SURFACE('',#4400,0.00075);
#225=CYLINDRICAL_SURFACE('',#4401,0.002);
#226=CYLINDRICAL_SURFACE('',#4410,0.005);
#227=CYLINDRICAL_SURFACE('',#4411,0.005);
#228=ORIENTED_EDGE('',*,*,#1420,.T.);
#229=ORIENTED_EDGE('',*,*,#1421,.T.);
#230=ORIENTED_EDGE('',*,*,#1422,.F.);
#231=ORIENTED_EDGE('',*,*,#1423,.T.);
#232=ORIENTED_EDGE('',*,*,#1424,.T.);
#233=ORIENTED_EDGE('',*,*,#1425,.F.);
#234=ORIENTED_EDGE('',*,*,#1426,.F.);
#235=ORIENTED_EDGE('',*,*,#1427,.T.);
#236=ORIENTED_EDGE('',*,*,#1428,.F.);
#237=ORIENTED_EDGE('',*,*,#1429,.T.);
#238=ORIENTED_EDGE('',*,*,#1430,.T.);
#239=ORIENTED_EDGE('',*,*,#1431,.T.);
#240=ORIENTED_EDGE('',*,*,#1432,.F.);
#241=ORIENTED_EDGE('',*,*,#1433,.T.);
#242=ORIENTED_EDGE('',*,*,#1434,.T.);
#243=ORIENTED_EDGE('',*,*,#1435,.T.);
#244=ORIENTED_EDGE('',*,*,#1436,.T.);
#245=ORIENTED_EDGE('',*,*,#1437,.T.);
#246=ORIENTED_EDGE('',*,*,#1438,.F.);
#247=ORIENTED_EDGE('',*,*,#1439,.T.);
#248=ORIENTED_EDGE('',*,*,#1440,.T.);
#249=ORIENTED_EDGE('',*,*,#1441,.T.);
#250=ORIENTED_EDGE('',*,*,#1442,.F.);
#251=ORIENTED_EDGE('',*,*,#1443,.T.);
#252=ORIENTED_EDGE('',*,*,#1444,.F.);
#253=ORIENTED_EDGE('',*,*,#1445,.T.);
#254=ORIENTED_EDGE('',*,*,#1446,.F.);
#255=ORIENTED_EDGE('',*,*,#1430,.F.);
#256=ORIENTED_EDGE('',*,*,#1447,.F.);
#257=ORIENTED_EDGE('',*,*,#1448,.T.);
#258=ORIENTED_EDGE('',*,*,#1449,.F.);
#259=ORIENTED_EDGE('',*,*,#1450,.T.);
#260=ORIENTED_EDGE('',*,*,#1451,.T.);
#261=ORIENTED_EDGE('',*,*,#1452,.T.);
#262=ORIENTED_EDGE('',*,*,#1453,.F.);
#263=ORIENTED_EDGE('',*,*,#1454,.F.);
#264=ORIENTED_EDGE('',*,*,#1455,.F.);
#265=ORIENTED_EDGE('',*,*,#1456,.F.);
#266=ORIENTED_EDGE('',*,*,#1457,.T.);
#267=ORIENTED_EDGE('',*,*,#1458,.F.);
#268=ORIENTED_EDGE('',*,*,#1459,.F.);
#269=ORIENTED_EDGE('',*,*,#1460,.T.);
#270=ORIENTED_EDGE('',*,*,#1461,.T.);
#271=ORIENTED_EDGE('',*,*,#1462,.T.);
#272=ORIENTED_EDGE('',*,*,#1463,.F.);
#273=ORIENTED_EDGE('',*,*,#1464,.F.);
#274=ORIENTED_EDGE('',*,*,#1465,.T.);
#275=ORIENTED_EDGE('',*,*,#1466,.T.);
#276=ORIENTED_EDGE('',*,*,#1467,.T.);
#277=ORIENTED_EDGE('',*,*,#1468,.F.);
#278=ORIENTED_EDGE('',*,*,#1469,.F.);
#279=ORIENTED_EDGE('',*,*,#1470,.F.);
#280=ORIENTED_EDGE('',*,*,#1471,.T.);
#281=ORIENTED_EDGE('',*,*,#1472,.T.);
#282=ORIENTED_EDGE('',*,*,#1473,.T.);
#283=ORIENTED_EDGE('',*,*,#1474,.F.);
#284=ORIENTED_EDGE('',*,*,#1475,.F.);
#285=ORIENTED_EDGE('',*,*,#1476,.F.);
#286=ORIENTED_EDGE('',*,*,#1477,.F.);
#287=ORIENTED_EDGE('',*,*,#1478,.F.);
#288=ORIENTED_EDGE('',*,*,#1479,.F.);
#289=ORIENTED_EDGE('',*,*,#1480,.F.);
#290=ORIENTED_EDGE('',*,*,#1481,.F.);
#291=ORIENTED_EDGE('',*,*,#1482,.F.);
#292=ORIENTED_EDGE('',*,*,#1483,.F.);
#293=ORIENTED_EDGE('',*,*,#1484,.T.);
#294=ORIENTED_EDGE('',*,*,#1485,.T.);
#295=ORIENTED_EDGE('',*,*,#1486,.T.);
#296=ORIENTED_EDGE('',*,*,#1487,.T.);
#297=ORIENTED_EDGE('',*,*,#1488,.T.);
#298=ORIENTED_EDGE('',*,*,#1489,.T.);
#299=ORIENTED_EDGE('',*,*,#1490,.T.);
#300=ORIENTED_EDGE('',*,*,#1491,.F.);
#301=ORIENTED_EDGE('',*,*,#1492,.F.);
#302=ORIENTED_EDGE('',*,*,#1493,.F.);
#303=ORIENTED_EDGE('',*,*,#1431,.F.);
#304=ORIENTED_EDGE('',*,*,#1446,.T.);
#305=ORIENTED_EDGE('',*,*,#1494,.F.);
#306=ORIENTED_EDGE('',*,*,#1495,.F.);
#307=ORIENTED_EDGE('',*,*,#1496,.T.);
#308=ORIENTED_EDGE('',*,*,#1497,.T.);
#309=ORIENTED_EDGE('',*,*,#1498,.F.);
#310=ORIENTED_EDGE('',*,*,#1499,.T.);
#311=ORIENTED_EDGE('',*,*,#1500,.F.);
#312=ORIENTED_EDGE('',*,*,#1501,.F.);
#313=ORIENTED_EDGE('',*,*,#1502,.F.);
#314=ORIENTED_EDGE('',*,*,#1503,.T.);
#315=ORIENTED_EDGE('',*,*,#1504,.T.);
#316=ORIENTED_EDGE('',*,*,#1505,.T.);
#317=ORIENTED_EDGE('',*,*,#1506,.F.);
#318=ORIENTED_EDGE('',*,*,#1507,.F.);
#319=ORIENTED_EDGE('',*,*,#1508,.T.);
#320=ORIENTED_EDGE('',*,*,#1509,.T.);
#321=ORIENTED_EDGE('',*,*,#1510,.T.);
#322=ORIENTED_EDGE('',*,*,#1457,.F.);
#323=ORIENTED_EDGE('',*,*,#1511,.F.);
#324=ORIENTED_EDGE('',*,*,#1512,.F.);
#325=ORIENTED_EDGE('',*,*,#1513,.T.);
#326=ORIENTED_EDGE('',*,*,#1514,.T.);
#327=ORIENTED_EDGE('',*,*,#1479,.T.);
#328=ORIENTED_EDGE('',*,*,#1515,.F.);
#329=ORIENTED_EDGE('',*,*,#1516,.F.);
#330=ORIENTED_EDGE('',*,*,#1517,.F.);
#331=ORIENTED_EDGE('',*,*,#1518,.T.);
#332=ORIENTED_EDGE('',*,*,#1519,.F.);
#333=ORIENTED_EDGE('',*,*,#1520,.T.);
#334=ORIENTED_EDGE('',*,*,#1521,.F.);
#335=ORIENTED_EDGE('',*,*,#1522,.T.);
#336=ORIENTED_EDGE('',*,*,#1523,.T.);
#337=ORIENTED_EDGE('',*,*,#1524,.F.);
#338=ORIENTED_EDGE('',*,*,#1525,.F.);
#339=ORIENTED_EDGE('',*,*,#1526,.T.);
#340=ORIENTED_EDGE('',*,*,#1527,.F.);
#341=ORIENTED_EDGE('',*,*,#1507,.T.);
#342=ORIENTED_EDGE('',*,*,#1528,.F.);
#343=ORIENTED_EDGE('',*,*,#1529,.F.);
#344=ORIENTED_EDGE('',*,*,#1530,.F.);
#345=ORIENTED_EDGE('',*,*,#1531,.F.);
#346=ORIENTED_EDGE('',*,*,#1438,.T.);
#347=ORIENTED_EDGE('',*,*,#1532,.T.);
#348=ORIENTED_EDGE('',*,*,#1533,.F.);
#349=ORIENTED_EDGE('',*,*,#1534,.F.);
#350=ORIENTED_EDGE('',*,*,#1535,.F.);
#351=ORIENTED_EDGE('',*,*,#1536,.F.);
#352=ORIENTED_EDGE('',*,*,#1433,.F.);
#353=ORIENTED_EDGE('',*,*,#1537,.T.);
#354=ORIENTED_EDGE('',*,*,#1538,.T.);
#355=ORIENTED_EDGE('',*,*,#1539,.T.);
#356=ORIENTED_EDGE('',*,*,#1540,.F.);
#357=ORIENTED_EDGE('',*,*,#1541,.F.);
#358=ORIENTED_EDGE('',*,*,#1542,.F.);
#359=ORIENTED_EDGE('',*,*,#1543,.F.);
#360=ORIENTED_EDGE('',*,*,#1544,.T.);
#361=ORIENTED_EDGE('',*,*,#1545,.T.);
#362=ORIENTED_EDGE('',*,*,#1546,.F.);
#363=ORIENTED_EDGE('',*,*,#1547,.T.);
#364=ORIENTED_EDGE('',*,*,#1548,.F.);
#365=ORIENTED_EDGE('',*,*,#1549,.T.);
#366=ORIENTED_EDGE('',*,*,#1550,.T.);
#367=ORIENTED_EDGE('',*,*,#1551,.T.);
#368=ORIENTED_EDGE('',*,*,#1425,.T.);
#369=ORIENTED_EDGE('',*,*,#1552,.F.);
#370=ORIENTED_EDGE('',*,*,#1526,.F.);
#371=ORIENTED_EDGE('',*,*,#1553,.T.);
#372=ORIENTED_EDGE('',*,*,#1495,.T.);
#373=ORIENTED_EDGE('',*,*,#1432,.T.);
#374=ORIENTED_EDGE('',*,*,#1493,.T.);
#375=ORIENTED_EDGE('',*,*,#1554,.F.);
#376=ORIENTED_EDGE('',*,*,#1537,.F.);
#377=ORIENTED_EDGE('',*,*,#1555,.F.);
#378=ORIENTED_EDGE('',*,*,#1556,.T.);
#379=ORIENTED_EDGE('',*,*,#1557,.F.);
#380=ORIENTED_EDGE('',*,*,#1558,.T.);
#381=ORIENTED_EDGE('',*,*,#1548,.T.);
#382=ORIENTED_EDGE('',*,*,#1559,.T.);
#383=ORIENTED_EDGE('',*,*,#1560,.F.);
#384=ORIENTED_EDGE('',*,*,#1561,.T.);
#385=ORIENTED_EDGE('',*,*,#1555,.T.);
#386=ORIENTED_EDGE('',*,*,#1562,.T.);
#387=ORIENTED_EDGE('',*,*,#1563,.T.);
#388=ORIENTED_EDGE('',*,*,#1564,.T.);
#389=ORIENTED_EDGE('',*,*,#1565,.F.);
#390=ORIENTED_EDGE('',*,*,#1566,.T.);
#391=ORIENTED_EDGE('',*,*,#1567,.F.);
#392=ORIENTED_EDGE('',*,*,#1568,.F.);
#393=ORIENTED_EDGE('',*,*,#1569,.T.);
#394=ORIENTED_EDGE('',*,*,#1570,.T.);
#395=ORIENTED_EDGE('',*,*,#1571,.T.);
#396=ORIENTED_EDGE('',*,*,#1572,.T.);
#397=ORIENTED_EDGE('',*,*,#1573,.T.);
#398=ORIENTED_EDGE('',*,*,#1574,.T.);
#399=ORIENTED_EDGE('',*,*,#1575,.F.);
#400=ORIENTED_EDGE('',*,*,#1576,.F.);
#401=ORIENTED_EDGE('',*,*,#1577,.F.);
#402=ORIENTED_EDGE('',*,*,#1578,.T.);
#403=ORIENTED_EDGE('',*,*,#1579,.F.);
#404=ORIENTED_EDGE('',*,*,#1580,.F.);
#405=ORIENTED_EDGE('',*,*,#1581,.T.);
#406=ORIENTED_EDGE('',*,*,#1582,.T.);
#407=ORIENTED_EDGE('',*,*,#1583,.T.);
#408=ORIENTED_EDGE('',*,*,#1584,.F.);
#409=ORIENTED_EDGE('',*,*,#1585,.T.);
#410=ORIENTED_EDGE('',*,*,#1427,.F.);
#411=ORIENTED_EDGE('',*,*,#1586,.F.);
#412=ORIENTED_EDGE('',*,*,#1565,.T.);
#413=ORIENTED_EDGE('',*,*,#1587,.T.);
#414=ORIENTED_EDGE('',*,*,#1544,.F.);
#415=ORIENTED_EDGE('',*,*,#1588,.F.);
#416=ORIENTED_EDGE('',*,*,#1589,.F.);
#417=ORIENTED_EDGE('',*,*,#1590,.F.);
#418=ORIENTED_EDGE('',*,*,#1591,.F.);
#419=ORIENTED_EDGE('',*,*,#1467,.F.);
#420=ORIENTED_EDGE('',*,*,#1592,.T.);
#421=ORIENTED_EDGE('',*,*,#1591,.T.);
#422=ORIENTED_EDGE('',*,*,#1593,.T.);
#423=ORIENTED_EDGE('',*,*,#1594,.F.);
#424=ORIENTED_EDGE('',*,*,#1468,.T.);
#425=ORIENTED_EDGE('',*,*,#1595,.F.);
#426=ORIENTED_EDGE('',*,*,#1596,.F.);
#427=ORIENTED_EDGE('',*,*,#1597,.F.);
#428=ORIENTED_EDGE('',*,*,#1598,.T.);
#429=ORIENTED_EDGE('',*,*,#1599,.F.);
#430=ORIENTED_EDGE('',*,*,#1600,.F.);
#431=ORIENTED_EDGE('',*,*,#1601,.F.);
#432=ORIENTED_EDGE('',*,*,#1602,.T.);
#433=ORIENTED_EDGE('',*,*,#1603,.F.);
#434=ORIENTED_EDGE('',*,*,#1604,.F.);
#435=ORIENTED_EDGE('',*,*,#1605,.F.);
#436=ORIENTED_EDGE('',*,*,#1606,.T.);
#437=ORIENTED_EDGE('',*,*,#1607,.T.);
#438=ORIENTED_EDGE('',*,*,#1608,.F.);
#439=ORIENTED_EDGE('',*,*,#1609,.F.);
#440=ORIENTED_EDGE('',*,*,#1610,.F.);
#441=ORIENTED_EDGE('',*,*,#1611,.F.);
#442=ORIENTED_EDGE('',*,*,#1612,.F.);
#443=ORIENTED_EDGE('',*,*,#1613,.T.);
#444=ORIENTED_EDGE('',*,*,#1614,.T.);
#445=ORIENTED_EDGE('',*,*,#1567,.T.);
#446=ORIENTED_EDGE('',*,*,#1615,.T.);
#447=ORIENTED_EDGE('',*,*,#1616,.F.);
#448=ORIENTED_EDGE('',*,*,#1617,.F.);
#449=ORIENTED_EDGE('',*,*,#1539,.F.);
#450=ORIENTED_EDGE('',*,*,#1618,.T.);
#451=ORIENTED_EDGE('',*,*,#1491,.T.);
#452=ORIENTED_EDGE('',*,*,#1619,.F.);
#453=ORIENTED_EDGE('',*,*,#1620,.F.);
#454=ORIENTED_EDGE('',*,*,#1616,.T.);
#455=ORIENTED_EDGE('',*,*,#1621,.T.);
#456=ORIENTED_EDGE('',*,*,#1599,.T.);
#457=ORIENTED_EDGE('',*,*,#1622,.F.);
#458=ORIENTED_EDGE('',*,*,#1623,.T.);
#459=ORIENTED_EDGE('',*,*,#1597,.T.);
#460=ORIENTED_EDGE('',*,*,#1624,.F.);
#461=ORIENTED_EDGE('',*,*,#1542,.T.);
#462=ORIENTED_EDGE('',*,*,#1625,.F.);
#463=ORIENTED_EDGE('',*,*,#1626,.T.);
#464=ORIENTED_EDGE('',*,*,#1627,.T.);
#465=ORIENTED_EDGE('',*,*,#1628,.T.);
#466=ORIENTED_EDGE('',*,*,#1629,.T.);
#467=ORIENTED_EDGE('',*,*,#1630,.T.);
#468=ORIENTED_EDGE('',*,*,#1631,.F.);
#469=ORIENTED_EDGE('',*,*,#1632,.T.);
#470=ORIENTED_EDGE('',*,*,#1629,.F.);
#471=ORIENTED_EDGE('',*,*,#1633,.T.);
#472=ORIENTED_EDGE('',*,*,#1634,.F.);
#473=ORIENTED_EDGE('',*,*,#1635,.F.);
#474=ORIENTED_EDGE('',*,*,#1636,.F.);
#475=ORIENTED_EDGE('',*,*,#1635,.T.);
#476=ORIENTED_EDGE('',*,*,#1637,.F.);
#477=ORIENTED_EDGE('',*,*,#1638,.F.);
#478=ORIENTED_EDGE('',*,*,#1639,.F.);
#479=ORIENTED_EDGE('',*,*,#1640,.T.);
#480=ORIENTED_EDGE('',*,*,#1641,.T.);
#481=ORIENTED_EDGE('',*,*,#1642,.T.);
#482=ORIENTED_EDGE('',*,*,#1643,.F.);
#483=ORIENTED_EDGE('',*,*,#1639,.T.);
#484=ORIENTED_EDGE('',*,*,#1644,.T.);
#485=ORIENTED_EDGE('',*,*,#1614,.F.);
#486=ORIENTED_EDGE('',*,*,#1489,.F.);
#487=ORIENTED_EDGE('',*,*,#1645,.F.);
#488=ORIENTED_EDGE('',*,*,#1646,.F.);
#489=ORIENTED_EDGE('',*,*,#1647,.F.);
#490=ORIENTED_EDGE('',*,*,#1648,.T.);
#491=ORIENTED_EDGE('',*,*,#1615,.F.);
#492=ORIENTED_EDGE('',*,*,#1566,.F.);
#493=ORIENTED_EDGE('',*,*,#1588,.T.);
#494=ORIENTED_EDGE('',*,*,#1543,.T.);
#495=ORIENTED_EDGE('',*,*,#1624,.T.);
#496=ORIENTED_EDGE('',*,*,#1600,.T.);
#497=ORIENTED_EDGE('',*,*,#1621,.F.);
#498=ORIENTED_EDGE('',*,*,#1649,.T.);
#499=ORIENTED_EDGE('',*,*,#1627,.F.);
#500=ORIENTED_EDGE('',*,*,#1650,.T.);
#501=ORIENTED_EDGE('',*,*,#1651,.T.);
#502=ORIENTED_EDGE('',*,*,#1652,.T.);
#503=ORIENTED_EDGE('',*,*,#1653,.F.);
#504=ORIENTED_EDGE('',*,*,#1654,.T.);
#505=ORIENTED_EDGE('',*,*,#1655,.F.);
#506=ORIENTED_EDGE('',*,*,#1656,.T.);
#507=ORIENTED_EDGE('',*,*,#1657,.T.);
#508=ORIENTED_EDGE('',*,*,#1658,.F.);
#509=ORIENTED_EDGE('',*,*,#1659,.T.);
#510=ORIENTED_EDGE('',*,*,#1575,.T.);
#511=ORIENTED_EDGE('',*,*,#1660,.T.);
#512=ORIENTED_EDGE('',*,*,#1661,.F.);
#513=ORIENTED_EDGE('',*,*,#1662,.T.);
#514=ORIENTED_EDGE('',*,*,#1658,.T.);
#515=ORIENTED_EDGE('',*,*,#1663,.T.);
#516=ORIENTED_EDGE('',*,*,#1664,.F.);
#517=ORIENTED_EDGE('',*,*,#1665,.T.);
#518=ORIENTED_EDGE('',*,*,#1605,.T.);
#519=ORIENTED_EDGE('',*,*,#1666,.F.);
#520=ORIENTED_EDGE('',*,*,#1667,.F.);
#521=ORIENTED_EDGE('',*,*,#1668,.F.);
#522=ORIENTED_EDGE('',*,*,#1669,.F.);
#523=ORIENTED_EDGE('',*,*,#1670,.T.);
#524=ORIENTED_EDGE('',*,*,#1661,.T.);
#525=ORIENTED_EDGE('',*,*,#1671,.T.);
#526=ORIENTED_EDGE('',*,*,#1672,.F.);
#527=ORIENTED_EDGE('',*,*,#1673,.F.);
#528=ORIENTED_EDGE('',*,*,#1674,.T.);
#529=ORIENTED_EDGE('',*,*,#1675,.T.);
#530=ORIENTED_EDGE('',*,*,#1651,.F.);
#531=ORIENTED_EDGE('',*,*,#1676,.T.);
#532=ORIENTED_EDGE('',*,*,#1677,.F.);
#533=ORIENTED_EDGE('',*,*,#1678,.T.);
#534=ORIENTED_EDGE('',*,*,#1679,.T.);
#535=ORIENTED_EDGE('',*,*,#1680,.T.);
#536=ORIENTED_EDGE('',*,*,#1681,.T.);
#537=ORIENTED_EDGE('',*,*,#1682,.T.);
#538=ORIENTED_EDGE('',*,*,#1683,.F.);
#539=ORIENTED_EDGE('',*,*,#1684,.F.);
#540=ORIENTED_EDGE('',*,*,#1685,.T.);
#541=ORIENTED_EDGE('',*,*,#1686,.T.);
#542=ORIENTED_EDGE('',*,*,#1687,.T.);
#543=ORIENTED_EDGE('',*,*,#1688,.T.);
#544=ORIENTED_EDGE('',*,*,#1611,.T.);
#545=ORIENTED_EDGE('',*,*,#1472,.F.);
#546=ORIENTED_EDGE('',*,*,#1689,.T.);
#547=ORIENTED_EDGE('',*,*,#1690,.F.);
#548=ORIENTED_EDGE('',*,*,#1691,.T.);
#549=ORIENTED_EDGE('',*,*,#1692,.F.);
#550=ORIENTED_EDGE('',*,*,#1473,.F.);
#551=ORIENTED_EDGE('',*,*,#1692,.T.);
#552=ORIENTED_EDGE('',*,*,#1693,.T.);
#553=ORIENTED_EDGE('',*,*,#1694,.F.);
#554=ORIENTED_EDGE('',*,*,#1690,.T.);
#555=ORIENTED_EDGE('',*,*,#1695,.T.);
#556=ORIENTED_EDGE('',*,*,#1696,.F.);
#557=ORIENTED_EDGE('',*,*,#1612,.T.);
#558=ORIENTED_EDGE('',*,*,#1688,.F.);
#559=ORIENTED_EDGE('',*,*,#1697,.T.);
#560=ORIENTED_EDGE('',*,*,#1698,.T.);
#561=ORIENTED_EDGE('',*,*,#1699,.T.);
#562=ORIENTED_EDGE('',*,*,#1700,.F.);
#563=ORIENTED_EDGE('',*,*,#1693,.F.);
#564=ORIENTED_EDGE('',*,*,#1691,.F.);
#565=ORIENTED_EDGE('',*,*,#1701,.F.);
#566=ORIENTED_EDGE('',*,*,#1702,.T.);
#567=ORIENTED_EDGE('',*,*,#1703,.F.);
#568=ORIENTED_EDGE('',*,*,#1646,.T.);
#569=ORIENTED_EDGE('',*,*,#1704,.F.);
#570=ORIENTED_EDGE('',*,*,#1705,.F.);
#571=ORIENTED_EDGE('',*,*,#1702,.F.);
#572=ORIENTED_EDGE('',*,*,#1647,.T.);
#573=ORIENTED_EDGE('',*,*,#1703,.T.);
#574=ORIENTED_EDGE('',*,*,#1701,.T.);
#575=ORIENTED_EDGE('',*,*,#1699,.F.);
#576=ORIENTED_EDGE('',*,*,#1706,.T.);
#577=ORIENTED_EDGE('',*,*,#1707,.T.);
#578=ORIENTED_EDGE('',*,*,#1704,.T.);
#579=ORIENTED_EDGE('',*,*,#1645,.T.);
#580=ORIENTED_EDGE('',*,*,#1488,.F.);
#581=ORIENTED_EDGE('',*,*,#1708,.F.);
#582=ORIENTED_EDGE('',*,*,#1474,.T.);
#583=ORIENTED_EDGE('',*,*,#1694,.T.);
#584=ORIENTED_EDGE('',*,*,#1700,.T.);
#585=ORIENTED_EDGE('',*,*,#1705,.T.);
#586=ORIENTED_EDGE('',*,*,#1644,.F.);
#587=ORIENTED_EDGE('',*,*,#1638,.T.);
#588=ORIENTED_EDGE('',*,*,#1709,.F.);
#589=ORIENTED_EDGE('',*,*,#1710,.T.);
#590=ORIENTED_EDGE('',*,*,#1711,.T.);
#591=ORIENTED_EDGE('',*,*,#1684,.T.);
#592=ORIENTED_EDGE('',*,*,#1712,.T.);
#593=ORIENTED_EDGE('',*,*,#1664,.T.);
#594=ORIENTED_EDGE('',*,*,#1713,.T.);
#595=ORIENTED_EDGE('',*,*,#1714,.F.);
#596=ORIENTED_EDGE('',*,*,#1589,.T.);
#597=ORIENTED_EDGE('',*,*,#1715,.T.);
#598=ORIENTED_EDGE('',*,*,#1716,.F.);
#599=ORIENTED_EDGE('',*,*,#1717,.F.);
#600=ORIENTED_EDGE('',*,*,#1718,.T.);
#601=ORIENTED_EDGE('',*,*,#1719,.T.);
#602=ORIENTED_EDGE('',*,*,#1720,.T.);
#603=ORIENTED_EDGE('',*,*,#1721,.T.);
#604=ORIENTED_EDGE('',*,*,#1722,.T.);
#605=ORIENTED_EDGE('',*,*,#1723,.F.);
#606=ORIENTED_EDGE('',*,*,#1724,.F.);
#607=ORIENTED_EDGE('',*,*,#1725,.F.);
#608=ORIENTED_EDGE('',*,*,#1726,.F.);
#609=ORIENTED_EDGE('',*,*,#1727,.F.);
#610=ORIENTED_EDGE('',*,*,#1728,.T.);
#611=ORIENTED_EDGE('',*,*,#1729,.T.);
#612=ORIENTED_EDGE('',*,*,#1730,.T.);
#613=ORIENTED_EDGE('',*,*,#1731,.F.);
#614=ORIENTED_EDGE('',*,*,#1732,.F.);
#615=ORIENTED_EDGE('',*,*,#1733,.F.);
#616=ORIENTED_EDGE('',*,*,#1734,.F.);
#617=ORIENTED_EDGE('',*,*,#1735,.F.);
#618=ORIENTED_EDGE('',*,*,#1736,.T.);
#619=ORIENTED_EDGE('',*,*,#1737,.T.);
#620=ORIENTED_EDGE('',*,*,#1738,.F.);
#621=ORIENTED_EDGE('',*,*,#1733,.T.);
#622=ORIENTED_EDGE('',*,*,#1739,.F.);
#623=ORIENTED_EDGE('',*,*,#1740,.T.);
#624=ORIENTED_EDGE('',*,*,#1717,.T.);
#625=ORIENTED_EDGE('',*,*,#1741,.F.);
#626=ORIENTED_EDGE('',*,*,#1466,.F.);
#627=ORIENTED_EDGE('',*,*,#1742,.T.);
#628=ORIENTED_EDGE('',*,*,#1736,.F.);
#629=ORIENTED_EDGE('',*,*,#1743,.F.);
#630=ORIENTED_EDGE('',*,*,#1715,.F.);
#631=ORIENTED_EDGE('',*,*,#1592,.F.);
#632=ORIENTED_EDGE('',*,*,#1744,.F.);
#633=ORIENTED_EDGE('',*,*,#1721,.F.);
#634=ORIENTED_EDGE('',*,*,#1745,.T.);
#635=ORIENTED_EDGE('',*,*,#1746,.F.);
#636=ORIENTED_EDGE('',*,*,#1747,.T.);
#637=ORIENTED_EDGE('',*,*,#1748,.F.);
#638=ORIENTED_EDGE('',*,*,#1603,.T.);
#639=ORIENTED_EDGE('',*,*,#1580,.T.);
#640=ORIENTED_EDGE('',*,*,#1749,.T.);
#641=ORIENTED_EDGE('',*,*,#1750,.T.);
#642=ORIENTED_EDGE('',*,*,#1751,.F.);
#643=ORIENTED_EDGE('',*,*,#1752,.F.);
#644=ORIENTED_EDGE('',*,*,#1520,.F.);
#645=ORIENTED_EDGE('',*,*,#1753,.F.);
#646=ORIENTED_EDGE('',*,*,#1573,.F.);
#647=ORIENTED_EDGE('',*,*,#1754,.T.);
#648=ORIENTED_EDGE('',*,*,#1755,.T.);
#649=ORIENTED_EDGE('',*,*,#1756,.T.);
#650=ORIENTED_EDGE('',*,*,#1730,.F.);
#651=ORIENTED_EDGE('',*,*,#1757,.T.);
#652=ORIENTED_EDGE('',*,*,#1758,.T.);
#653=ORIENTED_EDGE('',*,*,#1499,.F.);
#654=ORIENTED_EDGE('',*,*,#1759,.F.);
#655=ORIENTED_EDGE('',*,*,#1760,.F.);
#656=ORIENTED_EDGE('',*,*,#1749,.F.);
#657=ORIENTED_EDGE('',*,*,#1579,.T.);
#658=ORIENTED_EDGE('',*,*,#1759,.T.);
#659=ORIENTED_EDGE('',*,*,#1761,.F.);
#660=ORIENTED_EDGE('',*,*,#1762,.F.);
#661=ORIENTED_EDGE('',*,*,#1750,.F.);
#662=ORIENTED_EDGE('',*,*,#1762,.T.);
#663=ORIENTED_EDGE('',*,*,#1763,.T.);
#664=ORIENTED_EDGE('',*,*,#1764,.T.);
#665=ORIENTED_EDGE('',*,*,#1765,.T.);
#666=ORIENTED_EDGE('',*,*,#1766,.F.);
#667=ORIENTED_EDGE('',*,*,#1751,.T.);
#668=ORIENTED_EDGE('',*,*,#1765,.F.);
#669=ORIENTED_EDGE('',*,*,#1767,.F.);
#670=ORIENTED_EDGE('',*,*,#1768,.F.);
#671=ORIENTED_EDGE('',*,*,#1769,.T.);
#672=ORIENTED_EDGE('',*,*,#1521,.T.);
#673=ORIENTED_EDGE('',*,*,#1752,.T.);
#674=ORIENTED_EDGE('',*,*,#1766,.T.);
#675=ORIENTED_EDGE('',*,*,#1461,.F.);
#676=ORIENTED_EDGE('',*,*,#1770,.T.);
#677=ORIENTED_EDGE('',*,*,#1501,.T.);
#678=ORIENTED_EDGE('',*,*,#1771,.F.);
#679=ORIENTED_EDGE('',*,*,#1772,.F.);
#680=ORIENTED_EDGE('',*,*,#1773,.T.);
#681=ORIENTED_EDGE('',*,*,#1502,.T.);
#682=ORIENTED_EDGE('',*,*,#1770,.F.);
#683=ORIENTED_EDGE('',*,*,#1460,.F.);
#684=ORIENTED_EDGE('',*,*,#1774,.T.);
#685=ORIENTED_EDGE('',*,*,#1503,.F.);
#686=ORIENTED_EDGE('',*,*,#1773,.F.);
#687=ORIENTED_EDGE('',*,*,#1459,.T.);
#688=ORIENTED_EDGE('',*,*,#1775,.F.);
#689=ORIENTED_EDGE('',*,*,#1477,.T.);
#690=ORIENTED_EDGE('',*,*,#1776,.T.);
#691=ORIENTED_EDGE('',*,*,#1485,.F.);
#692=ORIENTED_EDGE('',*,*,#1596,.T.);
#693=ORIENTED_EDGE('',*,*,#1777,.T.);
#694=ORIENTED_EDGE('',*,*,#1486,.F.);
#695=ORIENTED_EDGE('',*,*,#1776,.F.);
#696=ORIENTED_EDGE('',*,*,#1476,.T.);
#697=ORIENTED_EDGE('',*,*,#1475,.T.);
#698=ORIENTED_EDGE('',*,*,#1708,.T.);
#699=ORIENTED_EDGE('',*,*,#1487,.F.);
#700=ORIENTED_EDGE('',*,*,#1777,.F.);
#701=ORIENTED_EDGE('',*,*,#1524,.T.);
#702=ORIENTED_EDGE('',*,*,#1778,.T.);
#703=ORIENTED_EDGE('',*,*,#1497,.F.);
#704=ORIENTED_EDGE('',*,*,#1779,.F.);
#705=ORIENTED_EDGE('',*,*,#1780,.F.);
#706=ORIENTED_EDGE('',*,*,#1553,.F.);
#707=ORIENTED_EDGE('',*,*,#1525,.T.);
#708=ORIENTED_EDGE('',*,*,#1779,.T.);
#709=ORIENTED_EDGE('',*,*,#1496,.F.);
#710=ORIENTED_EDGE('',*,*,#1595,.T.);
#711=ORIENTED_EDGE('',*,*,#1618,.F.);
#712=ORIENTED_EDGE('',*,*,#1538,.F.);
#713=ORIENTED_EDGE('',*,*,#1554,.T.);
#714=ORIENTED_EDGE('',*,*,#1492,.T.);
#715=ORIENTED_EDGE('',*,*,#1781,.T.);
#716=ORIENTED_EDGE('',*,*,#1782,.T.);
#717=ORIENTED_EDGE('',*,*,#1768,.T.);
#718=ORIENTED_EDGE('',*,*,#1767,.T.);
#719=ORIENTED_EDGE('',*,*,#1764,.F.);
#720=ORIENTED_EDGE('',*,*,#1523,.F.);
#721=ORIENTED_EDGE('',*,*,#1783,.T.);
#722=ORIENTED_EDGE('',*,*,#1781,.F.);
#723=ORIENTED_EDGE('',*,*,#1763,.F.);
#724=ORIENTED_EDGE('',*,*,#1761,.T.);
#725=ORIENTED_EDGE('',*,*,#1498,.T.);
#726=ORIENTED_EDGE('',*,*,#1778,.F.);
#727=ORIENTED_EDGE('',*,*,#1784,.T.);
#728=ORIENTED_EDGE('',*,*,#1785,.T.);
#729=ORIENTED_EDGE('',*,*,#1786,.T.);
#730=ORIENTED_EDGE('',*,*,#1422,.T.);
#731=ORIENTED_EDGE('',*,*,#1787,.T.);
#732=ORIENTED_EDGE('',*,*,#1788,.T.);
#733=ORIENTED_EDGE('',*,*,#1789,.T.);
#734=ORIENTED_EDGE('',*,*,#1583,.F.);
#735=ORIENTED_EDGE('',*,*,#1790,.T.);
#736=ORIENTED_EDGE('',*,*,#1517,.T.);
#737=ORIENTED_EDGE('',*,*,#1791,.F.);
#738=ORIENTED_EDGE('',*,*,#1792,.T.);
#739=ORIENTED_EDGE('',*,*,#1653,.T.);
#740=ORIENTED_EDGE('',*,*,#1793,.T.);
#741=ORIENTED_EDGE('',*,*,#1571,.F.);
#742=ORIENTED_EDGE('',*,*,#1794,.T.);
#743=ORIENTED_EDGE('',*,*,#1791,.T.);
#744=ORIENTED_EDGE('',*,*,#1795,.T.);
#745=ORIENTED_EDGE('',*,*,#1519,.T.);
#746=ORIENTED_EDGE('',*,*,#1796,.T.);
#747=ORIENTED_EDGE('',*,*,#1581,.F.);
#748=ORIENTED_EDGE('',*,*,#1753,.T.);
#749=ORIENTED_EDGE('',*,*,#1522,.F.);
#750=ORIENTED_EDGE('',*,*,#1769,.F.);
#751=ORIENTED_EDGE('',*,*,#1782,.F.);
#752=ORIENTED_EDGE('',*,*,#1783,.F.);
#753=ORIENTED_EDGE('',*,*,#1797,.T.);
#754=ORIENTED_EDGE('',*,*,#1798,.T.);
#755=ORIENTED_EDGE('',*,*,#1799,.T.);
#756=ORIENTED_EDGE('',*,*,#1686,.F.);
#757=ORIENTED_EDGE('',*,*,#1800,.T.);
#758=ORIENTED_EDGE('',*,*,#1801,.F.);
#759=ORIENTED_EDGE('',*,*,#1802,.T.);
#760=ORIENTED_EDGE('',*,*,#1719,.F.);
#761=ORIENTED_EDGE('',*,*,#1740,.F.);
#762=ORIENTED_EDGE('',*,*,#1803,.F.);
#763=ORIENTED_EDGE('',*,*,#1800,.F.);
#764=ORIENTED_EDGE('',*,*,#1718,.F.);
#765=ORIENTED_EDGE('',*,*,#1687,.F.);
#766=ORIENTED_EDGE('',*,*,#1799,.F.);
#767=ORIENTED_EDGE('',*,*,#1804,.T.);
#768=ORIENTED_EDGE('',*,*,#1697,.F.);
#769=ORIENTED_EDGE('',*,*,#1720,.F.);
#770=ORIENTED_EDGE('',*,*,#1802,.F.);
#771=ORIENTED_EDGE('',*,*,#1805,.F.);
#772=ORIENTED_EDGE('',*,*,#1745,.F.);
#773=ORIENTED_EDGE('',*,*,#1685,.F.);
#774=ORIENTED_EDGE('',*,*,#1711,.F.);
#775=ORIENTED_EDGE('',*,*,#1806,.T.);
#776=ORIENTED_EDGE('',*,*,#1797,.F.);
#777=ORIENTED_EDGE('',*,*,#1807,.T.);
#778=ORIENTED_EDGE('',*,*,#1808,.F.);
#779=ORIENTED_EDGE('',*,*,#1809,.T.);
#780=ORIENTED_EDGE('',*,*,#1577,.T.);
#781=ORIENTED_EDGE('',*,*,#1810,.F.);
#782=ORIENTED_EDGE('',*,*,#1807,.F.);
#783=ORIENTED_EDGE('',*,*,#1811,.T.);
#784=ORIENTED_EDGE('',*,*,#1669,.T.);
#785=ORIENTED_EDGE('',*,*,#1812,.F.);
#786=ORIENTED_EDGE('',*,*,#1813,.T.);
#787=ORIENTED_EDGE('',*,*,#1814,.F.);
#788=ORIENTED_EDGE('',*,*,#1815,.F.);
#789=ORIENTED_EDGE('',*,*,#1662,.F.);
#790=ORIENTED_EDGE('',*,*,#1670,.F.);
#791=ORIENTED_EDGE('',*,*,#1811,.F.);
#792=ORIENTED_EDGE('',*,*,#1810,.T.);
#793=ORIENTED_EDGE('',*,*,#1576,.T.);
#794=ORIENTED_EDGE('',*,*,#1659,.F.);
#795=ORIENTED_EDGE('',*,*,#1792,.F.);
#796=ORIENTED_EDGE('',*,*,#1794,.F.);
#797=ORIENTED_EDGE('',*,*,#1570,.F.);
#798=ORIENTED_EDGE('',*,*,#1816,.F.);
#799=ORIENTED_EDGE('',*,*,#1817,.T.);
#800=ORIENTED_EDGE('',*,*,#1654,.F.);
#801=ORIENTED_EDGE('',*,*,#1818,.T.);
#802=ORIENTED_EDGE('',*,*,#1819,.T.);
#803=ORIENTED_EDGE('',*,*,#1820,.T.);
#804=ORIENTED_EDGE('',*,*,#1642,.F.);
#805=ORIENTED_EDGE('',*,*,#1821,.T.);
#806=ORIENTED_EDGE('',*,*,#1655,.T.);
#807=ORIENTED_EDGE('',*,*,#1817,.F.);
#808=ORIENTED_EDGE('',*,*,#1816,.T.);
#809=ORIENTED_EDGE('',*,*,#1569,.F.);
#810=ORIENTED_EDGE('',*,*,#1822,.F.);
#811=ORIENTED_EDGE('',*,*,#1823,.T.);
#812=ORIENTED_EDGE('',*,*,#1818,.F.);
#813=ORIENTED_EDGE('',*,*,#1626,.F.);
#814=ORIENTED_EDGE('',*,*,#1824,.T.);
#815=ORIENTED_EDGE('',*,*,#1676,.F.);
#816=ORIENTED_EDGE('',*,*,#1650,.F.);
#817=ORIENTED_EDGE('',*,*,#1729,.F.);
#818=ORIENTED_EDGE('',*,*,#1825,.F.);
#819=ORIENTED_EDGE('',*,*,#1606,.F.);
#820=ORIENTED_EDGE('',*,*,#1665,.F.);
#821=ORIENTED_EDGE('',*,*,#1826,.T.);
#822=ORIENTED_EDGE('',*,*,#1634,.T.);
#823=ORIENTED_EDGE('',*,*,#1827,.F.);
#824=ORIENTED_EDGE('',*,*,#1828,.T.);
#825=ORIENTED_EDGE('',*,*,#1827,.T.);
#826=ORIENTED_EDGE('',*,*,#1829,.T.);
#827=ORIENTED_EDGE('',*,*,#1657,.F.);
#828=ORIENTED_EDGE('',*,*,#1830,.T.);
#829=ORIENTED_EDGE('',*,*,#1709,.T.);
#830=ORIENTED_EDGE('',*,*,#1637,.T.);
#831=ORIENTED_EDGE('',*,*,#1826,.F.);
#832=ORIENTED_EDGE('',*,*,#1831,.T.);
#833=ORIENTED_EDGE('',*,*,#1832,.T.);
#834=ORIENTED_EDGE('',*,*,#1833,.T.);
#835=ORIENTED_EDGE('',*,*,#1822,.T.);
#836=ORIENTED_EDGE('',*,*,#1568,.T.);
#837=ORIENTED_EDGE('',*,*,#1648,.F.);
#838=ORIENTED_EDGE('',*,*,#1707,.F.);
#839=ORIENTED_EDGE('',*,*,#1834,.T.);
#840=ORIENTED_EDGE('',*,*,#1835,.T.);
#841=ORIENTED_EDGE('',*,*,#1836,.T.);
#842=ORIENTED_EDGE('',*,*,#1837,.T.);
#843=ORIENTED_EDGE('',*,*,#1698,.F.);
#844=ORIENTED_EDGE('',*,*,#1804,.F.);
#845=ORIENTED_EDGE('',*,*,#1838,.F.);
#846=ORIENTED_EDGE('',*,*,#1834,.F.);
#847=ORIENTED_EDGE('',*,*,#1706,.F.);
#848=ORIENTED_EDGE('',*,*,#1838,.T.);
#849=ORIENTED_EDGE('',*,*,#1798,.F.);
#850=ORIENTED_EDGE('',*,*,#1839,.F.);
#851=ORIENTED_EDGE('',*,*,#1835,.F.);
#852=ORIENTED_EDGE('',*,*,#1839,.T.);
#853=ORIENTED_EDGE('',*,*,#1806,.F.);
#854=ORIENTED_EDGE('',*,*,#1840,.F.);
#855=ORIENTED_EDGE('',*,*,#1836,.F.);
#856=ORIENTED_EDGE('',*,*,#1840,.T.);
#857=ORIENTED_EDGE('',*,*,#1710,.F.);
#858=ORIENTED_EDGE('',*,*,#1841,.F.);
#859=ORIENTED_EDGE('',*,*,#1837,.F.);
#860=ORIENTED_EDGE('',*,*,#1841,.T.);
#861=ORIENTED_EDGE('',*,*,#1831,.F.);
#862=ORIENTED_EDGE('',*,*,#1842,.F.);
#863=ORIENTED_EDGE('',*,*,#1832,.F.);
#864=ORIENTED_EDGE('',*,*,#1842,.T.);
#865=ORIENTED_EDGE('',*,*,#1828,.F.);
#866=ORIENTED_EDGE('',*,*,#1843,.F.);
#867=ORIENTED_EDGE('',*,*,#1819,.F.);
#868=ORIENTED_EDGE('',*,*,#1823,.F.);
#869=ORIENTED_EDGE('',*,*,#1833,.F.);
#870=ORIENTED_EDGE('',*,*,#1843,.T.);
#871=ORIENTED_EDGE('',*,*,#1830,.F.);
#872=ORIENTED_EDGE('',*,*,#1844,.F.);
#873=ORIENTED_EDGE('',*,*,#1640,.F.);
#874=ORIENTED_EDGE('',*,*,#1820,.F.);
#875=ORIENTED_EDGE('',*,*,#1844,.T.);
#876=ORIENTED_EDGE('',*,*,#1656,.F.);
#877=ORIENTED_EDGE('',*,*,#1821,.F.);
#878=ORIENTED_EDGE('',*,*,#1641,.F.);
#879=ORIENTED_EDGE('',*,*,#1649,.F.);
#880=ORIENTED_EDGE('',*,*,#1829,.F.);
#881=ORIENTED_EDGE('',*,*,#1633,.F.);
#882=ORIENTED_EDGE('',*,*,#1628,.F.);
#883=ORIENTED_EDGE('',*,*,#1845,.T.);
#884=ORIENTED_EDGE('',*,*,#1681,.F.);
#885=ORIENTED_EDGE('',*,*,#1846,.T.);
#886=ORIENTED_EDGE('',*,*,#1847,.T.);
#887=ORIENTED_EDGE('',*,*,#1848,.T.);
#888=ORIENTED_EDGE('',*,*,#1679,.F.);
#889=ORIENTED_EDGE('',*,*,#1849,.T.);
#890=ORIENTED_EDGE('',*,*,#1850,.T.);
#891=ORIENTED_EDGE('',*,*,#1625,.T.);
#892=ORIENTED_EDGE('',*,*,#1851,.T.);
#893=ORIENTED_EDGE('',*,*,#1852,.T.);
#894=ORIENTED_EDGE('',*,*,#1853,.T.);
#895=ORIENTED_EDGE('',*,*,#1677,.T.);
#896=ORIENTED_EDGE('',*,*,#1824,.F.);
#897=ORIENTED_EDGE('',*,*,#1854,.T.);
#898=ORIENTED_EDGE('',*,*,#1855,.T.);
#899=ORIENTED_EDGE('',*,*,#1631,.T.);
#900=ORIENTED_EDGE('',*,*,#1636,.T.);
#901=ORIENTED_EDGE('',*,*,#1643,.T.);
#902=ORIENTED_EDGE('',*,*,#1712,.F.);
#903=ORIENTED_EDGE('',*,*,#1683,.T.);
#904=ORIENTED_EDGE('',*,*,#1856,.T.);
#905=ORIENTED_EDGE('',*,*,#1857,.T.);
#906=ORIENTED_EDGE('',*,*,#1858,.T.);
#907=ORIENTED_EDGE('',*,*,#1859,.T.);
#908=ORIENTED_EDGE('',*,*,#1860,.T.);
#909=ORIENTED_EDGE('',*,*,#1861,.F.);
#910=ORIENTED_EDGE('',*,*,#1846,.F.);
#911=ORIENTED_EDGE('',*,*,#1680,.F.);
#912=ORIENTED_EDGE('',*,*,#1848,.F.);
#913=ORIENTED_EDGE('',*,*,#1862,.F.);
#914=ORIENTED_EDGE('',*,*,#1861,.T.);
#915=ORIENTED_EDGE('',*,*,#1863,.F.);
#916=ORIENTED_EDGE('',*,*,#1678,.F.);
#917=ORIENTED_EDGE('',*,*,#1853,.F.);
#918=ORIENTED_EDGE('',*,*,#1864,.F.);
#919=ORIENTED_EDGE('',*,*,#1849,.F.);
#920=ORIENTED_EDGE('',*,*,#1863,.T.);
#921=ORIENTED_EDGE('',*,*,#1850,.F.);
#922=ORIENTED_EDGE('',*,*,#1865,.F.);
#923=ORIENTED_EDGE('',*,*,#1860,.F.);
#924=ORIENTED_EDGE('',*,*,#1862,.T.);
#925=ORIENTED_EDGE('',*,*,#1859,.F.);
#926=ORIENTED_EDGE('',*,*,#1866,.F.);
#927=ORIENTED_EDGE('',*,*,#1847,.F.);
#928=ORIENTED_EDGE('',*,*,#1682,.F.);
#929=ORIENTED_EDGE('',*,*,#1845,.F.);
#930=ORIENTED_EDGE('',*,*,#1867,.F.);
#931=ORIENTED_EDGE('',*,*,#1856,.F.);
#932=ORIENTED_EDGE('',*,*,#1865,.T.);
#933=ORIENTED_EDGE('',*,*,#1864,.T.);
#934=ORIENTED_EDGE('',*,*,#1868,.F.);
#935=ORIENTED_EDGE('',*,*,#1867,.T.);
#936=ORIENTED_EDGE('',*,*,#1866,.T.);
#937=ORIENTED_EDGE('',*,*,#1869,.F.);
#938=ORIENTED_EDGE('',*,*,#1868,.T.);
#939=ORIENTED_EDGE('',*,*,#1852,.F.);
#940=ORIENTED_EDGE('',*,*,#1870,.F.);
#941=ORIENTED_EDGE('',*,*,#1857,.F.);
#942=ORIENTED_EDGE('',*,*,#1869,.T.);
#943=ORIENTED_EDGE('',*,*,#1858,.F.);
#944=ORIENTED_EDGE('',*,*,#1871,.F.);
#945=ORIENTED_EDGE('',*,*,#1854,.F.);
#946=ORIENTED_EDGE('',*,*,#1871,.T.);
#947=ORIENTED_EDGE('',*,*,#1870,.T.);
#948=ORIENTED_EDGE('',*,*,#1872,.F.);
#949=ORIENTED_EDGE('',*,*,#1872,.T.);
#950=ORIENTED_EDGE('',*,*,#1851,.F.);
#951=ORIENTED_EDGE('',*,*,#1630,.F.);
#952=ORIENTED_EDGE('',*,*,#1632,.F.);
#953=ORIENTED_EDGE('',*,*,#1855,.F.);
#954=ORIENTED_EDGE('',*,*,#1873,.T.);
#955=ORIENTED_EDGE('',*,*,#1874,.T.);
#956=ORIENTED_EDGE('',*,*,#1875,.F.);
#957=ORIENTED_EDGE('',*,*,#1873,.F.);
#958=ORIENTED_EDGE('',*,*,#1876,.T.);
#959=ORIENTED_EDGE('',*,*,#1877,.T.);
#960=ORIENTED_EDGE('',*,*,#1878,.T.);
#961=ORIENTED_EDGE('',*,*,#1879,.F.);
#962=ORIENTED_EDGE('',*,*,#1880,.T.);
#963=ORIENTED_EDGE('',*,*,#1877,.F.);
#964=ORIENTED_EDGE('',*,*,#1874,.F.);
#965=ORIENTED_EDGE('',*,*,#1881,.T.);
#966=ORIENTED_EDGE('',*,*,#1882,.T.);
#967=ORIENTED_EDGE('',*,*,#1883,.T.);
#968=ORIENTED_EDGE('',*,*,#1884,.F.);
#969=ORIENTED_EDGE('',*,*,#1881,.F.);
#970=ORIENTED_EDGE('',*,*,#1878,.F.);
#971=ORIENTED_EDGE('',*,*,#1885,.F.);
#972=ORIENTED_EDGE('',*,*,#1882,.F.);
#973=ORIENTED_EDGE('',*,*,#1886,.T.);
#974=ORIENTED_EDGE('',*,*,#1887,.F.);
#975=ORIENTED_EDGE('',*,*,#1888,.F.);
#976=ORIENTED_EDGE('',*,*,#1889,.F.);
#977=ORIENTED_EDGE('',*,*,#1890,.T.);
#978=ORIENTED_EDGE('',*,*,#1891,.F.);
#979=ORIENTED_EDGE('',*,*,#1875,.T.);
#980=ORIENTED_EDGE('',*,*,#1892,.T.);
#981=ORIENTED_EDGE('',*,*,#1725,.T.);
#982=ORIENTED_EDGE('',*,*,#1893,.T.);
#983=ORIENTED_EDGE('',*,*,#1894,.T.);
#984=ORIENTED_EDGE('',*,*,#1895,.F.);
#985=ORIENTED_EDGE('',*,*,#1734,.T.);
#986=ORIENTED_EDGE('',*,*,#1896,.T.);
#987=ORIENTED_EDGE('',*,*,#1897,.T.);
#988=ORIENTED_EDGE('',*,*,#1735,.T.);
#989=ORIENTED_EDGE('',*,*,#1895,.T.);
#990=ORIENTED_EDGE('',*,*,#1898,.T.);
#991=ORIENTED_EDGE('',*,*,#1899,.T.);
#992=ORIENTED_EDGE('',*,*,#1757,.F.);
#993=ORIENTED_EDGE('',*,*,#1890,.F.);
#994=ORIENTED_EDGE('',*,*,#1900,.F.);
#995=ORIENTED_EDGE('',*,*,#1667,.T.);
#996=ORIENTED_EDGE('',*,*,#1901,.F.);
#997=ORIENTED_EDGE('',*,*,#1747,.F.);
#998=ORIENTED_EDGE('',*,*,#1902,.F.);
#999=ORIENTED_EDGE('',*,*,#1888,.T.);
#1000=ORIENTED_EDGE('',*,*,#1903,.F.);
#1001=ORIENTED_EDGE('',*,*,#1904,.F.);
#1002=ORIENTED_EDGE('',*,*,#1814,.T.);
#1003=ORIENTED_EDGE('',*,*,#1905,.T.);
#1004=ORIENTED_EDGE('',*,*,#1906,.T.);
#1005=ORIENTED_EDGE('',*,*,#1900,.T.);
#1006=ORIENTED_EDGE('',*,*,#1905,.F.);
#1007=ORIENTED_EDGE('',*,*,#1813,.F.);
#1008=ORIENTED_EDGE('',*,*,#1907,.F.);
#1009=ORIENTED_EDGE('',*,*,#1906,.F.);
#1010=ORIENTED_EDGE('',*,*,#1907,.T.);
#1011=ORIENTED_EDGE('',*,*,#1812,.T.);
#1012=ORIENTED_EDGE('',*,*,#1668,.T.);
#1013=ORIENTED_EDGE('',*,*,#1908,.F.);
#1014=ORIENTED_EDGE('',*,*,#1909,.T.);
#1015=ORIENTED_EDGE('',*,*,#1910,.F.);
#1016=ORIENTED_EDGE('',*,*,#1738,.T.);
#1017=ORIENTED_EDGE('',*,*,#1911,.T.);
#1018=ORIENTED_EDGE('',*,*,#1464,.T.);
#1019=ORIENTED_EDGE('',*,*,#1912,.T.);
#1020=ORIENTED_EDGE('',*,*,#1896,.F.);
#1021=ORIENTED_EDGE('',*,*,#1463,.T.);
#1022=ORIENTED_EDGE('',*,*,#1913,.T.);
#1023=ORIENTED_EDGE('',*,*,#1897,.F.);
#1024=ORIENTED_EDGE('',*,*,#1912,.F.);
#1025=ORIENTED_EDGE('',*,*,#1876,.F.);
#1026=ORIENTED_EDGE('',*,*,#1893,.F.);
#1027=ORIENTED_EDGE('',*,*,#1724,.T.);
#1028=ORIENTED_EDGE('',*,*,#1914,.F.);
#1029=ORIENTED_EDGE('',*,*,#1723,.T.);
#1030=ORIENTED_EDGE('',*,*,#1915,.T.);
#1031=ORIENTED_EDGE('',*,*,#1879,.T.);
#1032=ORIENTED_EDGE('',*,*,#1914,.T.);
#1033=ORIENTED_EDGE('',*,*,#1880,.F.);
#1034=ORIENTED_EDGE('',*,*,#1916,.T.);
#1035=ORIENTED_EDGE('',*,*,#1908,.T.);
#1036=ORIENTED_EDGE('',*,*,#1885,.T.);
#1037=ORIENTED_EDGE('',*,*,#1917,.F.);
#1038=ORIENTED_EDGE('',*,*,#1918,.T.);
#1039=ORIENTED_EDGE('',*,*,#1808,.T.);
#1040=ORIENTED_EDGE('',*,*,#1815,.T.);
#1041=ORIENTED_EDGE('',*,*,#1904,.T.);
#1042=ORIENTED_EDGE('',*,*,#1889,.T.);
#1043=ORIENTED_EDGE('',*,*,#1919,.F.);
#1044=ORIENTED_EDGE('',*,*,#1920,.T.);
#1045=ORIENTED_EDGE('',*,*,#1921,.T.);
#1046=ORIENTED_EDGE('',*,*,#1801,.T.);
#1047=ORIENTED_EDGE('',*,*,#1921,.F.);
#1048=ORIENTED_EDGE('',*,*,#1922,.T.);
#1049=ORIENTED_EDGE('',*,*,#1923,.T.);
#1050=ORIENTED_EDGE('',*,*,#1805,.T.);
#1051=ORIENTED_EDGE('',*,*,#1923,.F.);
#1052=ORIENTED_EDGE('',*,*,#1924,.T.);
#1053=ORIENTED_EDGE('',*,*,#1925,.T.);
#1054=ORIENTED_EDGE('',*,*,#1746,.T.);
#1055=ORIENTED_EDGE('',*,*,#1925,.F.);
#1056=ORIENTED_EDGE('',*,*,#1926,.T.);
#1057=ORIENTED_EDGE('',*,*,#1917,.T.);
#1058=ORIENTED_EDGE('',*,*,#1902,.T.);
#1059=ORIENTED_EDGE('',*,*,#1883,.F.);
#1060=ORIENTED_EDGE('',*,*,#1927,.F.);
#1061=ORIENTED_EDGE('',*,*,#1726,.T.);
#1062=ORIENTED_EDGE('',*,*,#1892,.F.);
#1063=ORIENTED_EDGE('',*,*,#1886,.F.);
#1064=ORIENTED_EDGE('',*,*,#1884,.T.);
#1065=ORIENTED_EDGE('',*,*,#1910,.T.);
#1066=ORIENTED_EDGE('',*,*,#1928,.T.);
#1067=ORIENTED_EDGE('',*,*,#1727,.T.);
#1068=ORIENTED_EDGE('',*,*,#1927,.T.);
#1069=ORIENTED_EDGE('',*,*,#1887,.T.);
#1070=ORIENTED_EDGE('',*,*,#1929,.T.);
#1071=ORIENTED_EDGE('',*,*,#1926,.F.);
#1072=ORIENTED_EDGE('',*,*,#1924,.F.);
#1073=ORIENTED_EDGE('',*,*,#1922,.F.);
#1074=ORIENTED_EDGE('',*,*,#1920,.F.);
#1075=ORIENTED_EDGE('',*,*,#1930,.F.);
#1076=ORIENTED_EDGE('',*,*,#1731,.T.);
#1077=ORIENTED_EDGE('',*,*,#1760,.T.);
#1078=ORIENTED_EDGE('',*,*,#1578,.F.);
#1079=ORIENTED_EDGE('',*,*,#1809,.F.);
#1080=ORIENTED_EDGE('',*,*,#1918,.F.);
#1081=ORIENTED_EDGE('',*,*,#1739,.T.);
#1082=ORIENTED_EDGE('',*,*,#1732,.T.);
#1083=ORIENTED_EDGE('',*,*,#1930,.T.);
#1084=ORIENTED_EDGE('',*,*,#1919,.T.);
#1085=ORIENTED_EDGE('',*,*,#1803,.T.);
#1086=ORIENTED_EDGE('',*,*,#1607,.F.);
#1087=ORIENTED_EDGE('',*,*,#1825,.T.);
#1088=ORIENTED_EDGE('',*,*,#1728,.F.);
#1089=ORIENTED_EDGE('',*,*,#1929,.F.);
#1090=ORIENTED_EDGE('',*,*,#1928,.F.);
#1091=ORIENTED_EDGE('',*,*,#1931,.F.);
#1092=ORIENTED_EDGE('',*,*,#1916,.F.);
#1093=ORIENTED_EDGE('',*,*,#1915,.F.);
#1094=ORIENTED_EDGE('',*,*,#1722,.F.);
#1095=ORIENTED_EDGE('',*,*,#1744,.T.);
#1096=ORIENTED_EDGE('',*,*,#1602,.F.);
#1097=ORIENTED_EDGE('',*,*,#1932,.F.);
#1098=ORIENTED_EDGE('',*,*,#1933,.F.);
#1099=ORIENTED_EDGE('',*,*,#1934,.F.);
#1100=ORIENTED_EDGE('',*,*,#1909,.F.);
#1101=ORIENTED_EDGE('',*,*,#1934,.T.);
#1102=ORIENTED_EDGE('',*,*,#1935,.T.);
#1103=ORIENTED_EDGE('',*,*,#1608,.T.);
#1104=ORIENTED_EDGE('',*,*,#1931,.T.);
#1105=ORIENTED_EDGE('',*,*,#1932,.T.);
#1106=ORIENTED_EDGE('',*,*,#1601,.T.);
#1107=ORIENTED_EDGE('',*,*,#1748,.T.);
#1108=ORIENTED_EDGE('',*,*,#1903,.T.);
#1109=ORIENTED_EDGE('',*,*,#1936,.F.);
#1110=ORIENTED_EDGE('',*,*,#1666,.T.);
#1111=ORIENTED_EDGE('',*,*,#1604,.T.);
#1112=ORIENTED_EDGE('',*,*,#1937,.T.);
#1113=ORIENTED_EDGE('',*,*,#1901,.T.);
#1114=ORIENTED_EDGE('',*,*,#1933,.T.);
#1115=ORIENTED_EDGE('',*,*,#1936,.T.);
#1116=ORIENTED_EDGE('',*,*,#1891,.T.);
#1117=ORIENTED_EDGE('',*,*,#1937,.F.);
#1118=ORIENTED_EDGE('',*,*,#1609,.T.);
#1119=ORIENTED_EDGE('',*,*,#1935,.F.);
#1120=ORIENTED_EDGE('',*,*,#1899,.F.);
#1121=ORIENTED_EDGE('',*,*,#1898,.F.);
#1122=ORIENTED_EDGE('',*,*,#1894,.F.);
#1123=ORIENTED_EDGE('',*,*,#1913,.F.);
#1124=ORIENTED_EDGE('',*,*,#1462,.F.);
#1125=ORIENTED_EDGE('',*,*,#1771,.T.);
#1126=ORIENTED_EDGE('',*,*,#1500,.T.);
#1127=ORIENTED_EDGE('',*,*,#1758,.F.);
#1128=ORIENTED_EDGE('',*,*,#1540,.T.);
#1129=ORIENTED_EDGE('',*,*,#1617,.T.);
#1130=ORIENTED_EDGE('',*,*,#1490,.F.);
#1131=ORIENTED_EDGE('',*,*,#1613,.F.);
#1132=ORIENTED_EDGE('',*,*,#1620,.T.);
#1133=ORIENTED_EDGE('',*,*,#1938,.T.);
#1134=ORIENTED_EDGE('',*,*,#1939,.F.);
#1135=ORIENTED_EDGE('',*,*,#1541,.T.);
#1136=ORIENTED_EDGE('',*,*,#1939,.T.);
#1137=ORIENTED_EDGE('',*,*,#1940,.T.);
#1138=ORIENTED_EDGE('',*,*,#1622,.T.);
#1139=ORIENTED_EDGE('',*,*,#1938,.F.);
#1140=ORIENTED_EDGE('',*,*,#1619,.T.);
#1141=ORIENTED_EDGE('',*,*,#1598,.F.);
#1142=ORIENTED_EDGE('',*,*,#1623,.F.);
#1143=ORIENTED_EDGE('',*,*,#1940,.F.);
#1144=ORIENTED_EDGE('',*,*,#1716,.T.);
#1145=ORIENTED_EDGE('',*,*,#1743,.T.);
#1146=ORIENTED_EDGE('',*,*,#1741,.T.);
#1147=ORIENTED_EDGE('',*,*,#1941,.T.);
#1148=ORIENTED_EDGE('',*,*,#1673,.T.);
#1149=ORIENTED_EDGE('',*,*,#1942,.F.);
#1150=ORIENTED_EDGE('',*,*,#1469,.T.);
#1151=ORIENTED_EDGE('',*,*,#1594,.T.);
#1152=ORIENTED_EDGE('',*,*,#1696,.T.);
#1153=ORIENTED_EDGE('',*,*,#1943,.T.);
#1154=ORIENTED_EDGE('',*,*,#1470,.T.);
#1155=ORIENTED_EDGE('',*,*,#1942,.T.);
#1156=ORIENTED_EDGE('',*,*,#1672,.T.);
#1157=ORIENTED_EDGE('',*,*,#1610,.T.);
#1158=ORIENTED_EDGE('',*,*,#1528,.T.);
#1159=ORIENTED_EDGE('',*,*,#1511,.T.);
#1160=ORIENTED_EDGE('',*,*,#1456,.T.);
#1161=ORIENTED_EDGE('',*,*,#1944,.F.);
#1162=ORIENTED_EDGE('',*,*,#1529,.T.);
#1163=ORIENTED_EDGE('',*,*,#1944,.T.);
#1164=ORIENTED_EDGE('',*,*,#1455,.T.);
#1165=ORIENTED_EDGE('',*,*,#1945,.F.);
#1166=ORIENTED_EDGE('',*,*,#1530,.T.);
#1167=ORIENTED_EDGE('',*,*,#1945,.T.);
#1168=ORIENTED_EDGE('',*,*,#1454,.T.);
#1169=ORIENTED_EDGE('',*,*,#1946,.F.);
#1170=ORIENTED_EDGE('',*,*,#1453,.T.);
#1171=ORIENTED_EDGE('',*,*,#1947,.T.);
#1172=ORIENTED_EDGE('',*,*,#1948,.F.);
#1173=ORIENTED_EDGE('',*,*,#1949,.T.);
#1174=ORIENTED_EDGE('',*,*,#1439,.F.);
#1175=ORIENTED_EDGE('',*,*,#1531,.T.);
#1176=ORIENTED_EDGE('',*,*,#1946,.T.);
#1177=ORIENTED_EDGE('',*,*,#1948,.T.);
#1178=ORIENTED_EDGE('',*,*,#1950,.T.);
#1179=ORIENTED_EDGE('',*,*,#1951,.T.);
#1180=ORIENTED_EDGE('',*,*,#1952,.T.);
#1181=ORIENTED_EDGE('',*,*,#1534,.T.);
#1182=ORIENTED_EDGE('',*,*,#1953,.T.);
#1183=ORIENTED_EDGE('',*,*,#1482,.T.);
#1184=ORIENTED_EDGE('',*,*,#1954,.F.);
#1185=ORIENTED_EDGE('',*,*,#1535,.T.);
#1186=ORIENTED_EDGE('',*,*,#1954,.T.);
#1187=ORIENTED_EDGE('',*,*,#1481,.T.);
#1188=ORIENTED_EDGE('',*,*,#1955,.F.);
#1189=ORIENTED_EDGE('',*,*,#1514,.F.);
#1190=ORIENTED_EDGE('',*,*,#1956,.T.);
#1191=ORIENTED_EDGE('',*,*,#1434,.F.);
#1192=ORIENTED_EDGE('',*,*,#1536,.T.);
#1193=ORIENTED_EDGE('',*,*,#1955,.T.);
#1194=ORIENTED_EDGE('',*,*,#1480,.T.);
#1195=ORIENTED_EDGE('',*,*,#1957,.T.);
#1196=ORIENTED_EDGE('',*,*,#1958,.T.);
#1197=ORIENTED_EDGE('',*,*,#1959,.F.);
#1198=ORIENTED_EDGE('',*,*,#1960,.T.);
#1199=ORIENTED_EDGE('',*,*,#1959,.T.);
#1200=ORIENTED_EDGE('',*,*,#1961,.T.);
#1201=ORIENTED_EDGE('',*,*,#1451,.F.);
#1202=ORIENTED_EDGE('',*,*,#1962,.F.);
#1203=ORIENTED_EDGE('',*,*,#1532,.F.);
#1204=ORIENTED_EDGE('',*,*,#1437,.F.);
#1205=ORIENTED_EDGE('',*,*,#1963,.T.);
#1206=ORIENTED_EDGE('',*,*,#1533,.T.);
#1207=ORIENTED_EDGE('',*,*,#1962,.T.);
#1208=ORIENTED_EDGE('',*,*,#1483,.T.);
#1209=ORIENTED_EDGE('',*,*,#1953,.F.);
#1210=ORIENTED_EDGE('',*,*,#1780,.T.);
#1211=ORIENTED_EDGE('',*,*,#1772,.T.);
#1212=ORIENTED_EDGE('',*,*,#1675,.F.);
#1213=ORIENTED_EDGE('',*,*,#1964,.F.);
#1214=ORIENTED_EDGE('',*,*,#1754,.F.);
#1215=ORIENTED_EDGE('',*,*,#1572,.F.);
#1216=ORIENTED_EDGE('',*,*,#1795,.F.);
#1217=ORIENTED_EDGE('',*,*,#1793,.F.);
#1218=ORIENTED_EDGE('',*,*,#1652,.F.);
#1219=ORIENTED_EDGE('',*,*,#1756,.F.);
#1220=ORIENTED_EDGE('',*,*,#1965,.F.);
#1221=ORIENTED_EDGE('',*,*,#1713,.F.);
#1222=ORIENTED_EDGE('',*,*,#1671,.F.);
#1223=ORIENTED_EDGE('',*,*,#1663,.F.);
#1224=ORIENTED_EDGE('',*,*,#1660,.F.);
#1225=ORIENTED_EDGE('',*,*,#1574,.F.);
#1226=ORIENTED_EDGE('',*,*,#1943,.F.);
#1227=ORIENTED_EDGE('',*,*,#1695,.F.);
#1228=ORIENTED_EDGE('',*,*,#1689,.F.);
#1229=ORIENTED_EDGE('',*,*,#1471,.F.);
#1230=ORIENTED_EDGE('',*,*,#1911,.F.);
#1231=ORIENTED_EDGE('',*,*,#1737,.F.);
#1232=ORIENTED_EDGE('',*,*,#1742,.F.);
#1233=ORIENTED_EDGE('',*,*,#1465,.F.);
#1234=ORIENTED_EDGE('',*,*,#1755,.F.);
#1235=ORIENTED_EDGE('',*,*,#1964,.T.);
#1236=ORIENTED_EDGE('',*,*,#1674,.F.);
#1237=ORIENTED_EDGE('',*,*,#1941,.F.);
#1238=ORIENTED_EDGE('',*,*,#1593,.F.);
#1239=ORIENTED_EDGE('',*,*,#1590,.T.);
#1240=ORIENTED_EDGE('',*,*,#1714,.T.);
#1241=ORIENTED_EDGE('',*,*,#1965,.T.);
#1242=ORIENTED_EDGE('',*,*,#1546,.T.);
#1243=ORIENTED_EDGE('',*,*,#1966,.T.);
#1244=ORIENTED_EDGE('',*,*,#1563,.F.);
#1245=ORIENTED_EDGE('',*,*,#1967,.T.);
#1246=ORIENTED_EDGE('',*,*,#1968,.F.);
#1247=ORIENTED_EDGE('',*,*,#1586,.T.);
#1248=ORIENTED_EDGE('',*,*,#1426,.T.);
#1249=ORIENTED_EDGE('',*,*,#1551,.F.);
#1250=ORIENTED_EDGE('',*,*,#1969,.F.);
#1251=ORIENTED_EDGE('',*,*,#1970,.T.);
#1252=ORIENTED_EDGE('',*,*,#1560,.T.);
#1253=ORIENTED_EDGE('',*,*,#1968,.T.);
#1254=ORIENTED_EDGE('',*,*,#1550,.F.);
#1255=ORIENTED_EDGE('',*,*,#1971,.T.);
#1256=ORIENTED_EDGE('',*,*,#1518,.F.);
#1257=ORIENTED_EDGE('',*,*,#1790,.F.);
#1258=ORIENTED_EDGE('',*,*,#1582,.F.);
#1259=ORIENTED_EDGE('',*,*,#1796,.F.);
#1260=ORIENTED_EDGE('',*,*,#1545,.F.);
#1261=ORIENTED_EDGE('',*,*,#1587,.F.);
#1262=ORIENTED_EDGE('',*,*,#1564,.F.);
#1263=ORIENTED_EDGE('',*,*,#1966,.F.);
#1264=ORIENTED_EDGE('',*,*,#1562,.F.);
#1265=ORIENTED_EDGE('',*,*,#1559,.F.);
#1266=ORIENTED_EDGE('',*,*,#1547,.F.);
#1267=ORIENTED_EDGE('',*,*,#1967,.F.);
#1268=ORIENTED_EDGE('',*,*,#1972,.T.);
#1269=ORIENTED_EDGE('',*,*,#1557,.T.);
#1270=ORIENTED_EDGE('',*,*,#1973,.T.);
#1271=ORIENTED_EDGE('',*,*,#1969,.T.);
#1272=ORIENTED_EDGE('',*,*,#1556,.F.);
#1273=ORIENTED_EDGE('',*,*,#1561,.F.);
#1274=ORIENTED_EDGE('',*,*,#1970,.F.);
#1275=ORIENTED_EDGE('',*,*,#1973,.F.);
#1276=ORIENTED_EDGE('',*,*,#1971,.F.);
#1277=ORIENTED_EDGE('',*,*,#1549,.F.);
#1278=ORIENTED_EDGE('',*,*,#1558,.F.);
#1279=ORIENTED_EDGE('',*,*,#1972,.F.);
#1280=ORIENTED_EDGE('',*,*,#1974,.F.);
#1281=ORIENTED_EDGE('',*,*,#1975,.T.);
#1282=ORIENTED_EDGE('',*,*,#1505,.F.);
#1283=ORIENTED_EDGE('',*,*,#1504,.F.);
#1284=ORIENTED_EDGE('',*,*,#1774,.F.);
#1285=ORIENTED_EDGE('',*,*,#1458,.T.);
#1286=ORIENTED_EDGE('',*,*,#1510,.F.);
#1287=ORIENTED_EDGE('',*,*,#1976,.T.);
#1288=ORIENTED_EDGE('',*,*,#1977,.T.);
#1289=ORIENTED_EDGE('',*,*,#1445,.F.);
#1290=ORIENTED_EDGE('',*,*,#1978,.T.);
#1291=ORIENTED_EDGE('',*,*,#1979,.F.);
#1292=ORIENTED_EDGE('',*,*,#1980,.T.);
#1293=ORIENTED_EDGE('',*,*,#1508,.F.);
#1294=ORIENTED_EDGE('',*,*,#1527,.T.);
#1295=ORIENTED_EDGE('',*,*,#1552,.T.);
#1296=ORIENTED_EDGE('',*,*,#1494,.T.);
#1297=ORIENTED_EDGE('',*,*,#1981,.T.);
#1298=ORIENTED_EDGE('',*,*,#1982,.T.);
#1299=ORIENTED_EDGE('',*,*,#1512,.T.);
#1300=ORIENTED_EDGE('',*,*,#1478,.T.);
#1301=ORIENTED_EDGE('',*,*,#1775,.T.);
#1302=ORIENTED_EDGE('',*,*,#1484,.F.);
#1303=ORIENTED_EDGE('',*,*,#1983,.F.);
#1304=ORIENTED_EDGE('',*,*,#1984,.F.);
#1305=ORIENTED_EDGE('',*,*,#1951,.F.);
#1306=ORIENTED_EDGE('',*,*,#1985,.T.);
#1307=ORIENTED_EDGE('',*,*,#1957,.F.);
#1308=ORIENTED_EDGE('',*,*,#1986,.T.);
#1309=ORIENTED_EDGE('',*,*,#1987,.F.);
#1310=ORIENTED_EDGE('',*,*,#1988,.T.);
#1311=ORIENTED_EDGE('',*,*,#1989,.F.);
#1312=ORIENTED_EDGE('',*,*,#1983,.T.);
#1313=ORIENTED_EDGE('',*,*,#1506,.T.);
#1314=ORIENTED_EDGE('',*,*,#1975,.F.);
#1315=ORIENTED_EDGE('',*,*,#1990,.F.);
#1316=ORIENTED_EDGE('',*,*,#1991,.T.);
#1317=ORIENTED_EDGE('',*,*,#1992,.F.);
#1318=ORIENTED_EDGE('',*,*,#1993,.T.);
#1319=ORIENTED_EDGE('',*,*,#1977,.F.);
#1320=ORIENTED_EDGE('',*,*,#1994,.T.);
#1321=ORIENTED_EDGE('',*,*,#1979,.T.);
#1322=ORIENTED_EDGE('',*,*,#1995,.T.);
#1323=ORIENTED_EDGE('',*,*,#1996,.T.);
#1324=ORIENTED_EDGE('',*,*,#1991,.F.);
#1325=ORIENTED_EDGE('',*,*,#1997,.F.);
#1326=ORIENTED_EDGE('',*,*,#1443,.F.);
#1327=ORIENTED_EDGE('',*,*,#1974,.T.);
#1328=ORIENTED_EDGE('',*,*,#1995,.F.);
#1329=ORIENTED_EDGE('',*,*,#1978,.F.);
#1330=ORIENTED_EDGE('',*,*,#1444,.T.);
#1331=ORIENTED_EDGE('',*,*,#1997,.T.);
#1332=ORIENTED_EDGE('',*,*,#1990,.T.);
#1333=ORIENTED_EDGE('',*,*,#1441,.F.);
#1334=ORIENTED_EDGE('',*,*,#1998,.T.);
#1335=ORIENTED_EDGE('',*,*,#1993,.F.);
#1336=ORIENTED_EDGE('',*,*,#1999,.F.);
#1337=ORIENTED_EDGE('',*,*,#1442,.T.);
#1338=ORIENTED_EDGE('',*,*,#1999,.T.);
#1339=ORIENTED_EDGE('',*,*,#1992,.T.);
#1340=ORIENTED_EDGE('',*,*,#1996,.F.);
#1341=ORIENTED_EDGE('',*,*,#1428,.T.);
#1342=ORIENTED_EDGE('',*,*,#2000,.T.);
#1343=ORIENTED_EDGE('',*,*,#1981,.F.);
#1344=ORIENTED_EDGE('',*,*,#2001,.F.);
#1345=ORIENTED_EDGE('',*,*,#1984,.T.);
#1346=ORIENTED_EDGE('',*,*,#1989,.T.);
#1347=ORIENTED_EDGE('',*,*,#2002,.F.);
#1348=ORIENTED_EDGE('',*,*,#1447,.T.);
#1349=ORIENTED_EDGE('',*,*,#1429,.F.);
#1350=ORIENTED_EDGE('',*,*,#2001,.T.);
#1351=ORIENTED_EDGE('',*,*,#1986,.F.);
#1352=ORIENTED_EDGE('',*,*,#2003,.T.);
#1353=ORIENTED_EDGE('',*,*,#1450,.F.);
#1354=ORIENTED_EDGE('',*,*,#2004,.T.);
#1355=ORIENTED_EDGE('',*,*,#2002,.T.);
#1356=ORIENTED_EDGE('',*,*,#1988,.F.);
#1357=ORIENTED_EDGE('',*,*,#2005,.F.);
#1358=ORIENTED_EDGE('',*,*,#1448,.F.);
#1359=ORIENTED_EDGE('',*,*,#1449,.T.);
#1360=ORIENTED_EDGE('',*,*,#2005,.T.);
#1361=ORIENTED_EDGE('',*,*,#1987,.T.);
#1362=ORIENTED_EDGE('',*,*,#2004,.F.);
#1363=ORIENTED_EDGE('',*,*,#1436,.F.);
#1364=ORIENTED_EDGE('',*,*,#2003,.F.);
#1365=ORIENTED_EDGE('',*,*,#1960,.F.);
#1366=ORIENTED_EDGE('',*,*,#1963,.F.);
#1367=ORIENTED_EDGE('',*,*,#1980,.F.);
#1368=ORIENTED_EDGE('',*,*,#1994,.F.);
#1369=ORIENTED_EDGE('',*,*,#1976,.F.);
#1370=ORIENTED_EDGE('',*,*,#1509,.F.);
#1371=ORIENTED_EDGE('',*,*,#1440,.F.);
#1372=ORIENTED_EDGE('',*,*,#1949,.F.);
#1373=ORIENTED_EDGE('',*,*,#1952,.F.);
#1374=ORIENTED_EDGE('',*,*,#1998,.F.);
#1375=ORIENTED_EDGE('',*,*,#1956,.F.);
#1376=ORIENTED_EDGE('',*,*,#1513,.F.);
#1377=ORIENTED_EDGE('',*,*,#1982,.F.);
#1378=ORIENTED_EDGE('',*,*,#2000,.F.);
#1379=ORIENTED_EDGE('',*,*,#1435,.F.);
#1380=ORIENTED_EDGE('',*,*,#1958,.F.);
#1381=ORIENTED_EDGE('',*,*,#1985,.F.);
#1382=ORIENTED_EDGE('',*,*,#1950,.F.);
#1383=ORIENTED_EDGE('',*,*,#1947,.F.);
#1384=ORIENTED_EDGE('',*,*,#1452,.F.);
#1385=ORIENTED_EDGE('',*,*,#1961,.F.);
#1386=ORIENTED_EDGE('',*,*,#2006,.T.);
#1387=ORIENTED_EDGE('',*,*,#2007,.T.);
#1388=ORIENTED_EDGE('',*,*,#2008,.T.);
#1389=ORIENTED_EDGE('',*,*,#1420,.F.);
#1390=ORIENTED_EDGE('',*,*,#1585,.F.);
#1391=ORIENTED_EDGE('',*,*,#1789,.F.);
#1392=ORIENTED_EDGE('',*,*,#2009,.T.);
#1393=ORIENTED_EDGE('',*,*,#2006,.F.);
#1394=ORIENTED_EDGE('',*,*,#1584,.T.);
#1395=ORIENTED_EDGE('',*,*,#1788,.F.);
#1396=ORIENTED_EDGE('',*,*,#2010,.T.);
#1397=ORIENTED_EDGE('',*,*,#2007,.F.);
#1398=ORIENTED_EDGE('',*,*,#2009,.F.);
#1399=ORIENTED_EDGE('',*,*,#1424,.F.);
#1400=ORIENTED_EDGE('',*,*,#2011,.T.);
#1401=ORIENTED_EDGE('',*,*,#2012,.T.);
#1402=ORIENTED_EDGE('',*,*,#2013,.T.);
#1403=ORIENTED_EDGE('',*,*,#1515,.T.);
#1404=ORIENTED_EDGE('',*,*,#2013,.F.);
#1405=ORIENTED_EDGE('',*,*,#2014,.T.);
#1406=ORIENTED_EDGE('',*,*,#1784,.F.);
#1407=ORIENTED_EDGE('',*,*,#1516,.T.);
#1408=ORIENTED_EDGE('',*,*,#2012,.F.);
#1409=ORIENTED_EDGE('',*,*,#2015,.T.);
#1410=ORIENTED_EDGE('',*,*,#1785,.F.);
#1411=ORIENTED_EDGE('',*,*,#2014,.F.);
#1412=ORIENTED_EDGE('',*,*,#1787,.F.);
#1413=ORIENTED_EDGE('',*,*,#1421,.F.);
#1414=ORIENTED_EDGE('',*,*,#2008,.F.);
#1415=ORIENTED_EDGE('',*,*,#2010,.F.);
#1416=ORIENTED_EDGE('',*,*,#2011,.F.);
#1417=ORIENTED_EDGE('',*,*,#1423,.F.);
#1418=ORIENTED_EDGE('',*,*,#1786,.F.);
#1419=ORIENTED_EDGE('',*,*,#2015,.F.);
#1420=EDGE_CURVE('',#2016,#2017,#2399,.T.);
#1421=EDGE_CURVE('',#2017,#2018,#2400,.F.);
#1422=EDGE_CURVE('',#2019,#2018,#2401,.T.);
#1423=EDGE_CURVE('',#2019,#2020,#2402,.F.);
#1424=EDGE_CURVE('',#2020,#2021,#2403,.T.);
#1425=EDGE_CURVE('',#2022,#2021,#2404,.T.);
#1426=EDGE_CURVE('',#2023,#2022,#2405,.T.);
#1427=EDGE_CURVE('',#2023,#2016,#2406,.T.);
#1428=EDGE_CURVE('',#2024,#2025,#2407,.F.);
#1429=EDGE_CURVE('',#2024,#2026,#126,.T.);
#1430=EDGE_CURVE('',#2026,#2027,#2408,.T.);
#1431=EDGE_CURVE('',#2027,#2028,#52,.T.);
#1432=EDGE_CURVE('',#2029,#2028,#2409,.T.);
#1433=EDGE_CURVE('',#2029,#2030,#53,.F.);
#1434=EDGE_CURVE('',#2030,#2031,#2410,.T.);
#1435=EDGE_CURVE('',#2031,#2025,#127,.T.);
#1436=EDGE_CURVE('',#2032,#2033,#54,.T.);
#1437=EDGE_CURVE('',#2033,#2034,#2411,.T.);
#1438=EDGE_CURVE('',#2035,#2034,#2412,.T.);
#1439=EDGE_CURVE('',#2035,#2036,#2413,.T.);
#1440=EDGE_CURVE('',#2036,#2037,#55,.T.);
#1441=EDGE_CURVE('',#2037,#2038,#2414,.T.);
#1442=EDGE_CURVE('',#2039,#2038,#56,.T.);
#1443=EDGE_CURVE('',#2039,#2040,#2415,.T.);
#1444=EDGE_CURVE('',#2041,#2040,#57,.T.);
#1445=EDGE_CURVE('',#2041,#2042,#2416,.T.);
#1446=EDGE_CURVE('',#2027,#2042,#2417,.T.);
#1447=EDGE_CURVE('',#2043,#2026,#58,.T.);
#1448=EDGE_CURVE('',#2043,#2044,#2418,.T.);
#1449=EDGE_CURVE('',#2045,#2044,#59,.T.);
#1450=EDGE_CURVE('',#2045,#2032,#2419,.T.);
#1451=EDGE_CURVE('',#2046,#2047,#2420,.T.);
#1452=EDGE_CURVE('',#2047,#2048,#2421,.T.);
#1453=EDGE_CURVE('',#2049,#2048,#2422,.T.);
#1454=EDGE_CURVE('',#2050,#2049,#60,.T.);
#1455=EDGE_CURVE('',#2051,#2050,#2423,.T.);
#1456=EDGE_CURVE('',#2052,#2051,#61,.T.);
#1457=EDGE_CURVE('',#2052,#2053,#2424,.T.);
#1458=EDGE_CURVE('',#2054,#2053,#62,.T.);
#1459=EDGE_CURVE('',#2055,#2054,#2425,.T.);
#1460=EDGE_CURVE('',#2055,#2056,#2426,.T.);
#1461=EDGE_CURVE('',#2056,#2057,#2427,.T.);
#1462=EDGE_CURVE('',#2057,#2058,#2428,.T.);
#1463=EDGE_CURVE('',#2059,#2058,#2429,.T.);
#1464=EDGE_CURVE('',#2060,#2059,#2430,.T.);
#1465=EDGE_CURVE('',#2060,#2061,#2431,.T.);
#1466=EDGE_CURVE('',#2061,#2062,#2432,.T.);
#1467=EDGE_CURVE('',#2062,#2063,#2433,.T.);
#1468=EDGE_CURVE('',#2064,#2063,#2434,.T.);
#1469=EDGE_CURVE('',#2065,#2064,#2435,.T.);
#1470=EDGE_CURVE('',#2066,#2065,#2436,.T.);
#1471=EDGE_CURVE('',#2066,#2067,#2437,.T.);
#1472=EDGE_CURVE('',#2067,#2068,#2438,.T.);
#1473=EDGE_CURVE('',#2068,#2069,#2439,.T.);
#1474=EDGE_CURVE('',#2070,#2069,#2440,.T.);
#1475=EDGE_CURVE('',#2071,#2070,#2441,.T.);
#1476=EDGE_CURVE('',#2072,#2071,#2442,.T.);
#1477=EDGE_CURVE('',#2073,#2072,#2443,.T.);
#1478=EDGE_CURVE('',#2074,#2073,#63,.T.);
#1479=EDGE_CURVE('',#2075,#2074,#64,.T.);
#1480=EDGE_CURVE('',#2076,#2075,#2444,.T.);
#1481=EDGE_CURVE('',#2077,#2076,#65,.T.);
#1482=EDGE_CURVE('',#2078,#2077,#2445,.T.);
#1483=EDGE_CURVE('',#2046,#2078,#66,.T.);
#1484=EDGE_CURVE('',#2079,#2080,#67,.T.);
#1485=EDGE_CURVE('',#2080,#2081,#2446,.T.);
#1486=EDGE_CURVE('',#2081,#2082,#2447,.T.);
#1487=EDGE_CURVE('',#2082,#2083,#2448,.T.);
#1488=EDGE_CURVE('',#2083,#2084,#2449,.T.);
#1489=EDGE_CURVE('',#2084,#2085,#2450,.T.);
#1490=EDGE_CURVE('',#2085,#2086,#2451,.T.);
#1491=EDGE_CURVE('',#2087,#2086,#2452,.T.);
#1492=EDGE_CURVE('',#2088,#2087,#2453,.T.);
#1493=EDGE_CURVE('',#2028,#2088,#2454,.T.);
#1494=EDGE_CURVE('',#2089,#2042,#68,.T.);
#1495=EDGE_CURVE('',#2090,#2089,#2455,.T.);
#1496=EDGE_CURVE('',#2090,#2091,#2456,.T.);
#1497=EDGE_CURVE('',#2091,#2092,#2457,.T.);
#1498=EDGE_CURVE('',#2093,#2092,#2458,.T.);
#1499=EDGE_CURVE('',#2093,#2094,#2459,.T.);
#1500=EDGE_CURVE('',#2095,#2094,#2460,.T.);
#1501=EDGE_CURVE('',#2096,#2095,#2461,.T.);
#1502=EDGE_CURVE('',#2097,#2096,#2462,.T.);
#1503=EDGE_CURVE('',#2097,#2098,#2463,.T.);
#1504=EDGE_CURVE('',#2098,#2099,#69,.T.);
#1505=EDGE_CURVE('',#2099,#2100,#70,.T.);
#1506=EDGE_CURVE('',#2079,#2100,#2464,.T.);
#1507=EDGE_CURVE('',#2101,#2102,#2465,.T.);
#1508=EDGE_CURVE('',#2101,#2103,#2466,.T.);
#1509=EDGE_CURVE('',#2103,#2104,#22,.F.);
#1510=EDGE_CURVE('',#2104,#2053,#2467,.F.);
#1511=EDGE_CURVE('',#2102,#2052,#2468,.T.);
#1512=EDGE_CURVE('',#2105,#2074,#2469,.F.);
#1513=EDGE_CURVE('',#2105,#2106,#128,.T.);
#1514=EDGE_CURVE('',#2106,#2075,#2470,.T.);
#1515=EDGE_CURVE('',#2107,#2021,#2471,.T.);
#1516=EDGE_CURVE('',#2108,#2107,#2472,.T.);
#1517=EDGE_CURVE('',#2109,#2108,#2473,.T.);
#1518=EDGE_CURVE('',#2109,#2110,#23,.T.);
#1519=EDGE_CURVE('',#2111,#2110,#2474,.T.);
#1520=EDGE_CURVE('',#2111,#2112,#2475,.T.);
#1521=EDGE_CURVE('',#2113,#2112,#2476,.T.);
#1522=EDGE_CURVE('',#2113,#2114,#71,.T.);
#1523=EDGE_CURVE('',#2114,#2115,#2477,.T.);
#1524=EDGE_CURVE('',#2116,#2115,#2478,.T.);
#1525=EDGE_CURVE('',#2117,#2116,#2479,.T.);
#1526=EDGE_CURVE('',#2117,#2118,#2480,.T.);
#1527=EDGE_CURVE('',#2101,#2118,#72,.F.);
#1528=EDGE_CURVE('',#2119,#2102,#73,.T.);
#1529=EDGE_CURVE('',#2120,#2119,#2481,.T.);
#1530=EDGE_CURVE('',#2121,#2120,#74,.T.);
#1531=EDGE_CURVE('',#2035,#2121,#2482,.T.);
#1532=EDGE_CURVE('',#2034,#2122,#2483,.T.);
#1533=EDGE_CURVE('',#2123,#2122,#75,.T.);
#1534=EDGE_CURVE('',#2124,#2123,#2484,.T.);
#1535=EDGE_CURVE('',#2125,#2124,#76,.T.);
#1536=EDGE_CURVE('',#2030,#2125,#2485,.T.);
#1537=EDGE_CURVE('',#2029,#2126,#2486,.T.);
#1538=EDGE_CURVE('',#2126,#2127,#2487,.T.);
#1539=EDGE_CURVE('',#2127,#2128,#2488,.T.);
#1540=EDGE_CURVE('',#2129,#2128,#2489,.T.);
#1541=EDGE_CURVE('',#2130,#2129,#77,.T.);
#1542=EDGE_CURVE('',#2131,#2130,#2490,.T.);
#1543=EDGE_CURVE('',#2132,#2131,#2491,.T.);
#1544=EDGE_CURVE('',#2132,#2133,#2492,.T.);
#1545=EDGE_CURVE('',#2133,#2134,#24,.T.);
#1546=EDGE_CURVE('',#2135,#2134,#2493,.T.);
#1547=EDGE_CURVE('',#2135,#2136,#78,.F.);
#1548=EDGE_CURVE('',#2137,#2136,#2494,.T.);
#1549=EDGE_CURVE('',#2137,#2138,#79,.F.);
#1550=EDGE_CURVE('',#2138,#2139,#2495,.T.);
#1551=EDGE_CURVE('',#2139,#2022,#2496,.T.);
#1552=EDGE_CURVE('',#2118,#2089,#2497,.T.);
#1553=EDGE_CURVE('',#2117,#2090,#2498,.T.);
#1554=EDGE_CURVE('',#2126,#2088,#2499,.T.);
#1555=EDGE_CURVE('',#2140,#2141,#2500,.T.);
#1556=EDGE_CURVE('',#2140,#2142,#2501,.F.);
#1557=EDGE_CURVE('',#2143,#2142,#2502,.T.);
#1558=EDGE_CURVE('',#2143,#2137,#2503,.T.);
#1559=EDGE_CURVE('',#2136,#2141,#2504,.F.);
#1560=EDGE_CURVE('',#2144,#2145,#2505,.T.);
#1561=EDGE_CURVE('',#2144,#2140,#80,.T.);
#1562=EDGE_CURVE('',#2141,#2146,#81,.T.);
#1563=EDGE_CURVE('',#2146,#2147,#2506,.T.);
#1564=EDGE_CURVE('',#2147,#2148,#25,.F.);
#1565=EDGE_CURVE('',#2149,#2148,#2507,.T.);
#1566=EDGE_CURVE('',#2149,#2150,#2508,.T.);
#1567=EDGE_CURVE('',#2151,#2150,#2509,.T.);
#1568=EDGE_CURVE('',#2152,#2151,#2510,.T.);
#1569=EDGE_CURVE('',#2152,#2153,#2511,.T.);
#1570=EDGE_CURVE('',#2153,#2154,#2512,.T.);
#1571=EDGE_CURVE('',#2154,#2155,#2513,.T.);
#1572=EDGE_CURVE('',#2155,#2156,#82,.F.);
#1573=EDGE_CURVE('',#2156,#2157,#2514,.T.);
#1574=EDGE_CURVE('',#2157,#2158,#83,.F.);
#1575=EDGE_CURVE('',#2159,#2158,#2515,.T.);
#1576=EDGE_CURVE('',#2160,#2159,#2516,.T.);
#1577=EDGE_CURVE('',#2161,#2160,#2517,.T.);
#1578=EDGE_CURVE('',#2161,#2162,#2518,.T.);
#1579=EDGE_CURVE('',#2163,#2162,#2519,.T.);
#1580=EDGE_CURVE('',#2164,#2163,#2520,.T.);
#1581=EDGE_CURVE('',#2164,#2165,#2521,.T.);
#1582=EDGE_CURVE('',#2165,#2166,#26,.F.);
#1583=EDGE_CURVE('',#2166,#2167,#2522,.T.);
#1584=EDGE_CURVE('',#2168,#2167,#2523,.T.);
#1585=EDGE_CURVE('',#2168,#2016,#2524,.T.);
#1586=EDGE_CURVE('',#2145,#2023,#2525,.T.);
#1587=EDGE_CURVE('',#2148,#2133,#2526,.F.);
#1588=EDGE_CURVE('',#2149,#2132,#2527,.T.);
#1589=EDGE_CURVE('',#2169,#2170,#2528,.T.);
#1590=EDGE_CURVE('',#2171,#2169,#2529,.T.);
#1591=EDGE_CURVE('',#2063,#2171,#2530,.T.);
#1592=EDGE_CURVE('',#2062,#2170,#2531,.T.);
#1593=EDGE_CURVE('',#2171,#2172,#2532,.T.);
#1594=EDGE_CURVE('',#2064,#2172,#2533,.T.);
#1595=EDGE_CURVE('',#2173,#2173,#84,.T.);
#1596=EDGE_CURVE('',#2174,#2174,#85,.T.);
#1597=EDGE_CURVE('',#2175,#2176,#2534,.F.);
#1598=EDGE_CURVE('',#2175,#2177,#129,.T.);
#1599=EDGE_CURVE('',#2178,#2177,#2535,.T.);
#1600=EDGE_CURVE('',#2176,#2178,#86,.F.);
#1601=EDGE_CURVE('',#2179,#2180,#2536,.T.);
#1602=EDGE_CURVE('',#2179,#2181,#2537,.T.);
#1603=EDGE_CURVE('',#2180,#2181,#2538,.T.);
#1604=EDGE_CURVE('',#2182,#2183,#2539,.F.);
#1605=EDGE_CURVE('',#2184,#2182,#2540,.T.);
#1606=EDGE_CURVE('',#2184,#2185,#87,.T.);
#1607=EDGE_CURVE('',#2185,#2186,#2541,.T.);
#1608=EDGE_CURVE('',#2187,#2186,#2542,.F.);
#1609=EDGE_CURVE('',#2183,#2187,#2543,.F.);
#1610=EDGE_CURVE('',#2188,#2189,#2544,.T.);
#1611=EDGE_CURVE('',#2190,#2188,#2545,.T.);
#1612=EDGE_CURVE('',#2189,#2190,#2546,.T.);
#1613=EDGE_CURVE('',#2191,#2085,#2547,.T.);
#1614=EDGE_CURVE('',#2085,#2151,#2548,.T.);
#1615=EDGE_CURVE('',#2150,#2192,#2549,.T.);
#1616=EDGE_CURVE('',#2191,#2192,#2550,.F.);
#1617=EDGE_CURVE('',#2128,#2086,#2551,.T.);
#1618=EDGE_CURVE('',#2127,#2087,#2552,.T.);
#1619=EDGE_CURVE('',#2193,#2177,#130,.T.);
#1620=EDGE_CURVE('',#2191,#2193,#27,.T.);
#1621=EDGE_CURVE('',#2192,#2178,#88,.F.);
#1622=EDGE_CURVE('',#2194,#2130,#2553,.F.);
#1623=EDGE_CURVE('',#2194,#2175,#131,.T.);
#1624=EDGE_CURVE('',#2131,#2176,#2554,.T.);
#1625=EDGE_CURVE('',#2195,#2196,#2555,.T.);
#1626=EDGE_CURVE('',#2195,#2197,#89,.F.);
#1627=EDGE_CURVE('',#2197,#2198,#2556,.T.);
#1628=EDGE_CURVE('',#2198,#2199,#2557,.F.);
#1629=EDGE_CURVE('',#2199,#2200,#2558,.F.);
#1630=EDGE_CURVE('',#2200,#2196,#2559,.F.);
#1631=EDGE_CURVE('',#2201,#2202,#2560,.F.);
#1632=EDGE_CURVE('',#2201,#2200,#28,.T.);
#1633=EDGE_CURVE('',#2199,#2203,#29,.T.);
#1634=EDGE_CURVE('',#2204,#2203,#2561,.T.);
#1635=EDGE_CURVE('',#2202,#2204,#30,.T.);
#1636=EDGE_CURVE('',#2202,#2205,#31,.F.);
#1637=EDGE_CURVE('',#2206,#2204,#2562,.F.);
#1638=EDGE_CURVE('',#2207,#2206,#32,.T.);
#1639=EDGE_CURVE('',#2205,#2207,#2563,.T.);
#1640=EDGE_CURVE('',#2208,#2209,#2564,.T.);
#1641=EDGE_CURVE('',#2209,#2210,#2565,.T.);
#1642=EDGE_CURVE('',#2210,#2208,#2566,.T.);
#1643=EDGE_CURVE('',#2205,#2211,#2567,.T.);
#1644=EDGE_CURVE('',#2207,#2211,#2568,.T.);
#1645=EDGE_CURVE('',#2212,#2084,#33,.T.);
#1646=EDGE_CURVE('',#2213,#2212,#132,.T.);
#1647=EDGE_CURVE('',#2214,#2213,#2569,.T.);
#1648=EDGE_CURVE('',#2214,#2151,#90,.T.);
#1649=EDGE_CURVE('',#2215,#2198,#34,.T.);
#1650=EDGE_CURVE('',#2197,#2216,#2570,.F.);
#1651=EDGE_CURVE('',#2216,#2217,#2571,.T.);
#1652=EDGE_CURVE('',#2217,#2218,#35,.T.);
#1653=EDGE_CURVE('',#2219,#2218,#2572,.T.);
#1654=EDGE_CURVE('',#2219,#2220,#2573,.T.);
#1655=EDGE_CURVE('',#2221,#2220,#2574,.T.);
#1656=EDGE_CURVE('',#2221,#2222,#2575,.T.);
#1657=EDGE_CURVE('',#2222,#2215,#2576,.T.);
#1658=EDGE_CURVE('',#2223,#2224,#2577,.T.);
#1659=EDGE_CURVE('',#2223,#2159,#91,.F.);
#1660=EDGE_CURVE('',#2158,#2224,#133,.T.);
#1661=EDGE_CURVE('',#2225,#2226,#2578,.T.);
#1662=EDGE_CURVE('',#2225,#2223,#2579,.T.);
#1663=EDGE_CURVE('',#2224,#2226,#36,.F.);
#1664=EDGE_CURVE('',#2227,#2228,#2580,.T.);
#1665=EDGE_CURVE('',#2227,#2184,#2581,.T.);
#1666=EDGE_CURVE('',#2229,#2182,#37,.T.);
#1667=EDGE_CURVE('',#2230,#2229,#2582,.T.);
#1668=EDGE_CURVE('',#2231,#2230,#2583,.T.);
#1669=EDGE_CURVE('',#2232,#2231,#2584,.T.);
#1670=EDGE_CURVE('',#2232,#2225,#2585,.T.);
#1671=EDGE_CURVE('',#2226,#2228,#38,.F.);
#1672=EDGE_CURVE('',#2233,#2188,#2586,.T.);
#1673=EDGE_CURVE('',#2234,#2233,#2587,.T.);
#1674=EDGE_CURVE('',#2234,#2235,#2588,.T.);
#1675=EDGE_CURVE('',#2235,#2217,#2589,.T.);
#1676=EDGE_CURVE('',#2216,#2236,#92,.F.);
#1677=EDGE_CURVE('',#2237,#2236,#2590,.T.);
#1678=EDGE_CURVE('',#2237,#2238,#2591,.T.);
#1679=EDGE_CURVE('',#2238,#2239,#2592,.T.);
#1680=EDGE_CURVE('',#2239,#2240,#2593,.F.);
#1681=EDGE_CURVE('',#2240,#2241,#2594,.T.);
#1682=EDGE_CURVE('',#2241,#2242,#2595,.T.);
#1683=EDGE_CURVE('',#2243,#2242,#2596,.T.);
#1684=EDGE_CURVE('',#2244,#2243,#2597,.T.);
#1685=EDGE_CURVE('',#2244,#2245,#93,.F.);
#1686=EDGE_CURVE('',#2245,#2246,#2598,.F.);
#1687=EDGE_CURVE('',#2246,#2247,#94,.F.);
#1688=EDGE_CURVE('',#2247,#2190,#2599,.T.);
#1689=EDGE_CURVE('',#2067,#2248,#2600,.T.);
#1690=EDGE_CURVE('',#2249,#2248,#2601,.T.);
#1691=EDGE_CURVE('',#2249,#2250,#134,.T.);
#1692=EDGE_CURVE('',#2068,#2250,#2602,.T.);
#1693=EDGE_CURVE('',#2250,#2251,#135,.T.);
#1694=EDGE_CURVE('',#2069,#2251,#2603,.T.);
#1695=EDGE_CURVE('',#2248,#2252,#2604,.T.);
#1696=EDGE_CURVE('',#2189,#2252,#2605,.T.);
#1697=EDGE_CURVE('',#2247,#2253,#2606,.F.);
#1698=EDGE_CURVE('',#2253,#2254,#136,.T.);
#1699=EDGE_CURVE('',#2254,#2249,#2607,.T.);
#1700=EDGE_CURVE('',#2251,#2255,#137,.T.);
#1701=EDGE_CURVE('',#2256,#2249,#138,.T.);
#1702=EDGE_CURVE('',#2256,#2255,#139,.T.);
#1703=EDGE_CURVE('',#2213,#2256,#140,.T.);
#1704=EDGE_CURVE('',#2257,#2212,#141,.T.);
#1705=EDGE_CURVE('',#2255,#2257,#142,.F.);
#1706=EDGE_CURVE('',#2254,#2258,#143,.T.);
#1707=EDGE_CURVE('',#2258,#2214,#95,.F.);
#1708=EDGE_CURVE('',#2070,#2083,#2608,.T.);
#1709=EDGE_CURVE('',#2259,#2206,#2609,.T.);
#1710=EDGE_CURVE('',#2259,#2260,#2610,.T.);
#1711=EDGE_CURVE('',#2260,#2244,#2611,.F.);
#1712=EDGE_CURVE('',#2243,#2211,#2612,.T.);
#1713=EDGE_CURVE('',#2228,#2261,#2613,.F.);
#1714=EDGE_CURVE('',#2169,#2261,#2614,.T.);
#1715=EDGE_CURVE('',#2170,#2262,#2615,.T.);
#1716=EDGE_CURVE('',#2263,#2262,#2616,.T.);
#1717=EDGE_CURVE('',#2264,#2263,#2617,.T.);
#1718=EDGE_CURVE('',#2264,#2265,#96,.T.);
#1719=EDGE_CURVE('',#2265,#2266,#2618,.T.);
#1720=EDGE_CURVE('',#2266,#2267,#97,.T.);
#1721=EDGE_CURVE('',#2267,#2268,#2619,.T.);
#1722=EDGE_CURVE('',#2268,#2269,#2620,.T.);
#1723=EDGE_CURVE('',#2270,#2269,#2621,.T.);
#1724=EDGE_CURVE('',#2271,#2270,#2622,.T.);
#1725=EDGE_CURVE('',#2272,#2271,#2623,.F.);
#1726=EDGE_CURVE('',#2273,#2272,#2624,.T.);
#1727=EDGE_CURVE('',#2274,#2273,#2625,.T.);
#1728=EDGE_CURVE('',#2274,#2275,#2626,.T.);
#1729=EDGE_CURVE('',#2275,#2227,#98,.T.);
#1730=EDGE_CURVE('',#2276,#2277,#2627,.T.);
#1731=EDGE_CURVE('',#2278,#2277,#99,.F.);
#1732=EDGE_CURVE('',#2279,#2278,#144,.T.);
#1733=EDGE_CURVE('',#2280,#2279,#2628,.T.);
#1734=EDGE_CURVE('',#2281,#2280,#145,.T.);
#1735=EDGE_CURVE('',#2276,#2281,#146,.T.);
#1736=EDGE_CURVE('',#2282,#2283,#2629,.T.);
#1737=EDGE_CURVE('',#2283,#2284,#2630,.T.);
#1738=EDGE_CURVE('',#2280,#2284,#2631,.T.);
#1739=EDGE_CURVE('',#2285,#2279,#147,.T.);
#1740=EDGE_CURVE('',#2285,#2264,#2632,.T.);
#1741=EDGE_CURVE('',#2282,#2263,#2633,.T.);
#1742=EDGE_CURVE('',#2061,#2283,#2634,.T.);
#1743=EDGE_CURVE('',#2262,#2282,#2635,.T.);
#1744=EDGE_CURVE('',#2268,#2181,#2636,.T.);
#1745=EDGE_CURVE('',#2267,#2286,#2637,.T.);
#1746=EDGE_CURVE('',#2287,#2286,#2638,.T.);
#1747=EDGE_CURVE('',#2287,#2288,#2639,.T.);
#1748=EDGE_CURVE('',#2180,#2288,#39,.T.);
#1749=EDGE_CURVE('',#2163,#2289,#2640,.T.);
#1750=EDGE_CURVE('',#2289,#2290,#100,.F.);
#1751=EDGE_CURVE('',#2291,#2290,#101,.F.);
#1752=EDGE_CURVE('',#2112,#2291,#2641,.T.);
#1753=EDGE_CURVE('',#2164,#2111,#2642,.T.);
#1754=EDGE_CURVE('',#2156,#2292,#2643,.F.);
#1755=EDGE_CURVE('',#2292,#2293,#2644,.T.);
#1756=EDGE_CURVE('',#2293,#2157,#2645,.T.);
#1757=EDGE_CURVE('',#2276,#2294,#148,.T.);
#1758=EDGE_CURVE('',#2294,#2094,#40,.T.);
#1759=EDGE_CURVE('',#2162,#2093,#2646,.T.);
#1760=EDGE_CURVE('',#2277,#2162,#102,.T.);
#1761=EDGE_CURVE('',#2295,#2093,#2647,.T.);
#1762=EDGE_CURVE('',#2289,#2295,#2648,.F.);
#1763=EDGE_CURVE('',#2295,#2296,#41,.T.);
#1764=EDGE_CURVE('',#2296,#2297,#149,.T.);
#1765=EDGE_CURVE('',#2297,#2290,#2649,.T.);
#1766=EDGE_CURVE('',#2291,#2298,#2650,.F.);
#1767=EDGE_CURVE('',#2298,#2297,#150,.T.);
#1768=EDGE_CURVE('',#2299,#2298,#151,.T.);
#1769=EDGE_CURVE('',#2299,#2113,#2651,.F.);
#1770=EDGE_CURVE('',#2056,#2096,#2652,.T.);
#1771=EDGE_CURVE('',#2057,#2095,#2653,.T.);
#1772=EDGE_CURVE('',#2300,#2300,#103,.T.);
#1773=EDGE_CURVE('',#2055,#2097,#2654,.T.);
#1774=EDGE_CURVE('',#2054,#2098,#2655,.T.);
#1775=EDGE_CURVE('',#2073,#2080,#2656,.T.);
#1776=EDGE_CURVE('',#2072,#2081,#2657,.T.);
#1777=EDGE_CURVE('',#2071,#2082,#2658,.T.);
#1778=EDGE_CURVE('',#2115,#2092,#2659,.T.);
#1779=EDGE_CURVE('',#2116,#2091,#2660,.T.);
#1780=EDGE_CURVE('',#2301,#2301,#104,.T.);
#1781=EDGE_CURVE('',#2296,#2302,#152,.T.);
#1782=EDGE_CURVE('',#2302,#2299,#153,.T.);
#1783=EDGE_CURVE('',#2114,#2302,#2661,.T.);
#1784=EDGE_CURVE('',#2108,#2303,#2662,.T.);
#1785=EDGE_CURVE('',#2303,#2304,#2663,.T.);
#1786=EDGE_CURVE('',#2304,#2019,#105,.F.);
#1787=EDGE_CURVE('',#2018,#2305,#106,.F.);
#1788=EDGE_CURVE('',#2305,#2306,#2664,.T.);
#1789=EDGE_CURVE('',#2306,#2167,#2665,.T.);
#1790=EDGE_CURVE('',#2166,#2109,#2666,.F.);
#1791=EDGE_CURVE('',#2307,#2308,#2667,.T.);
#1792=EDGE_CURVE('',#2307,#2219,#2668,.T.);
#1793=EDGE_CURVE('',#2218,#2308,#42,.T.);
#1794=EDGE_CURVE('',#2154,#2307,#107,.T.);
#1795=EDGE_CURVE('',#2308,#2155,#154,.T.);
#1796=EDGE_CURVE('',#2110,#2165,#2669,.T.);
#1797=EDGE_CURVE('',#2245,#2309,#2670,.F.);
#1798=EDGE_CURVE('',#2309,#2310,#2671,.F.);
#1799=EDGE_CURVE('',#2310,#2246,#2672,.F.);
#1800=EDGE_CURVE('',#2265,#2311,#2673,.F.);
#1801=EDGE_CURVE('',#2312,#2311,#2674,.F.);
#1802=EDGE_CURVE('',#2312,#2266,#2675,.F.);
#1803=EDGE_CURVE('',#2311,#2285,#108,.T.);
#1804=EDGE_CURVE('',#2310,#2253,#109,.T.);
#1805=EDGE_CURVE('',#2286,#2312,#110,.T.);
#1806=EDGE_CURVE('',#2260,#2309,#111,.T.);
#1807=EDGE_CURVE('',#2313,#2314,#2676,.T.);
#1808=EDGE_CURVE('',#2315,#2314,#2677,.T.);
#1809=EDGE_CURVE('',#2315,#2161,#2678,.T.);
#1810=EDGE_CURVE('',#2313,#2160,#2679,.T.);
#1811=EDGE_CURVE('',#2313,#2232,#2680,.T.);
#1812=EDGE_CURVE('',#2316,#2231,#2681,.T.);
#1813=EDGE_CURVE('',#2316,#2317,#2682,.T.);
#1814=EDGE_CURVE('',#2318,#2317,#2683,.T.);
#1815=EDGE_CURVE('',#2314,#2318,#2684,.T.);
#1816=EDGE_CURVE('',#2319,#2153,#2685,.T.);
#1817=EDGE_CURVE('',#2319,#2220,#2686,.T.);
#1818=EDGE_CURVE('',#2319,#2320,#2687,.T.);
#1819=EDGE_CURVE('',#2320,#2321,#2688,.T.);
#1820=EDGE_CURVE('',#2321,#2208,#2689,.T.);
#1821=EDGE_CURVE('',#2210,#2221,#2690,.T.);
#1822=EDGE_CURVE('',#2322,#2152,#2691,.T.);
#1823=EDGE_CURVE('',#2322,#2320,#2692,.T.);
#1824=EDGE_CURVE('',#2195,#2236,#2693,.T.);
#1825=EDGE_CURVE('',#2185,#2275,#2694,.T.);
#1826=EDGE_CURVE('',#2323,#2204,#2695,.T.);
#1827=EDGE_CURVE('',#2324,#2203,#2696,.T.);
#1828=EDGE_CURVE('',#2324,#2323,#2697,.T.);
#1829=EDGE_CURVE('',#2203,#2215,#2698,.T.);
#1830=EDGE_CURVE('',#2222,#2324,#2699,.T.);
#1831=EDGE_CURVE('',#2323,#2259,#2700,.T.);
#1832=EDGE_CURVE('',#2325,#2326,#2701,.T.);
#1833=EDGE_CURVE('',#2326,#2322,#2702,.T.);
#1834=EDGE_CURVE('',#2258,#2327,#112,.F.);
#1835=EDGE_CURVE('',#2327,#2328,#2703,.T.);
#1836=EDGE_CURVE('',#2328,#2329,#113,.F.);
#1837=EDGE_CURVE('',#2329,#2325,#2704,.T.);
#1838=EDGE_CURVE('',#2327,#2310,#2705,.T.);
#1839=EDGE_CURVE('',#2328,#2309,#2706,.T.);
#1840=EDGE_CURVE('',#2329,#2260,#2707,.T.);
#1841=EDGE_CURVE('',#2325,#2259,#2708,.T.);
#1842=EDGE_CURVE('',#2326,#2323,#2709,.T.);
#1843=EDGE_CURVE('',#2321,#2324,#2710,.T.);
#1844=EDGE_CURVE('',#2209,#2222,#2711,.F.);
#1845=EDGE_CURVE('',#2330,#2241,#2712,.T.);
#1846=EDGE_CURVE('',#2240,#2331,#2713,.T.);
#1847=EDGE_CURVE('',#2331,#2330,#2714,.T.);
#1848=EDGE_CURVE('',#2332,#2239,#2715,.T.);
#1849=EDGE_CURVE('',#2238,#2333,#2716,.T.);
#1850=EDGE_CURVE('',#2333,#2332,#2717,.T.);
#1851=EDGE_CURVE('',#2196,#2334,#2718,.T.);
#1852=EDGE_CURVE('',#2334,#2335,#2719,.T.);
#1853=EDGE_CURVE('',#2335,#2237,#2720,.T.);
#1854=EDGE_CURVE('',#2336,#2337,#2721,.T.);
#1855=EDGE_CURVE('',#2337,#2201,#2722,.T.);
#1856=EDGE_CURVE('',#2242,#2336,#2723,.T.);
#1857=EDGE_CURVE('',#2338,#2339,#2724,.T.);
#1858=EDGE_CURVE('',#2339,#2340,#2725,.T.);
#1859=EDGE_CURVE('',#2340,#2341,#2726,.T.);
#1860=EDGE_CURVE('',#2341,#2338,#2727,.T.);
#1861=EDGE_CURVE('',#2331,#2332,#2728,.F.);
#1862=EDGE_CURVE('',#2331,#2341,#2729,.F.);
#1863=EDGE_CURVE('',#2341,#2332,#2730,.F.);
#1864=EDGE_CURVE('',#2333,#2335,#2731,.T.);
#1865=EDGE_CURVE('',#2338,#2333,#2732,.T.);
#1866=EDGE_CURVE('',#2330,#2340,#2733,.T.);
#1867=EDGE_CURVE('',#2336,#2330,#2734,.T.);
#1868=EDGE_CURVE('',#2338,#2335,#2735,.T.);
#1869=EDGE_CURVE('',#2336,#2340,#2736,.T.);
#1870=EDGE_CURVE('',#2339,#2334,#2737,.F.);
#1871=EDGE_CURVE('',#2337,#2339,#2738,.F.);
#1872=EDGE_CURVE('',#2337,#2334,#2739,.T.);
#1873=EDGE_CURVE('',#2342,#2343,#2740,.F.);
#1874=EDGE_CURVE('',#2343,#2344,#2741,.F.);
#1875=EDGE_CURVE('',#2342,#2344,#2742,.F.);
#1876=EDGE_CURVE('',#2342,#2345,#2743,.T.);
#1877=EDGE_CURVE('',#2345,#2346,#2744,.T.);
#1878=EDGE_CURVE('',#2346,#2343,#2745,.T.);
#1879=EDGE_CURVE('',#2347,#2345,#2746,.T.);
#1880=EDGE_CURVE('',#2347,#2346,#2747,.T.);
#1881=EDGE_CURVE('',#2343,#2348,#2748,.T.);
#1882=EDGE_CURVE('',#2348,#2349,#2749,.T.);
#1883=EDGE_CURVE('',#2349,#2344,#2750,.T.);
#1884=EDGE_CURVE('',#2348,#2350,#2751,.T.);
#1885=EDGE_CURVE('',#2350,#2346,#2752,.T.);
#1886=EDGE_CURVE('',#2348,#2351,#2753,.T.);
#1887=EDGE_CURVE('',#2349,#2351,#2754,.T.);
#1888=EDGE_CURVE('',#2352,#2353,#2755,.T.);
#1889=EDGE_CURVE('',#2354,#2352,#2756,.T.);
#1890=EDGE_CURVE('',#2354,#2355,#2757,.T.);
#1891=EDGE_CURVE('',#2353,#2355,#2758,.T.);
#1892=EDGE_CURVE('',#2344,#2272,#2759,.T.);
#1893=EDGE_CURVE('',#2271,#2342,#2760,.T.);
#1894=EDGE_CURVE('',#2356,#2357,#155,.F.);
#1895=EDGE_CURVE('',#2281,#2357,#156,.T.);
#1896=EDGE_CURVE('',#2280,#2358,#157,.T.);
#1897=EDGE_CURVE('',#2358,#2356,#158,.T.);
#1898=EDGE_CURVE('',#2357,#2359,#159,.T.);
#1899=EDGE_CURVE('',#2359,#2294,#160,.T.);
#1900=EDGE_CURVE('',#2230,#2354,#2761,.T.);
#1901=EDGE_CURVE('',#2355,#2229,#2762,.T.);
#1902=EDGE_CURVE('',#2352,#2287,#2763,.T.);
#1903=EDGE_CURVE('',#2288,#2353,#2764,.F.);
#1904=EDGE_CURVE('',#2318,#2354,#2765,.T.);
#1905=EDGE_CURVE('',#2317,#2360,#2766,.T.);
#1906=EDGE_CURVE('',#2360,#2230,#2767,.F.);
#1907=EDGE_CURVE('',#2360,#2316,#2768,.T.);
#1908=EDGE_CURVE('',#2361,#2350,#2769,.F.);
#1909=EDGE_CURVE('',#2361,#2362,#2770,.T.);
#1910=EDGE_CURVE('',#2350,#2362,#2771,.F.);
#1911=EDGE_CURVE('',#2284,#2060,#2772,.T.);
#1912=EDGE_CURVE('',#2059,#2358,#2773,.T.);
#1913=EDGE_CURVE('',#2058,#2356,#2774,.T.);
#1914=EDGE_CURVE('',#2345,#2270,#2775,.T.);
#1915=EDGE_CURVE('',#2269,#2347,#2776,.T.);
#1916=EDGE_CURVE('',#2347,#2361,#2777,.T.);
#1917=EDGE_CURVE('',#2363,#2352,#2778,.T.);
#1918=EDGE_CURVE('',#2363,#2315,#2779,.T.);
#1919=EDGE_CURVE('',#2364,#2311,#2780,.T.);
#1920=EDGE_CURVE('',#2364,#2365,#2781,.T.);
#1921=EDGE_CURVE('',#2365,#2312,#2782,.T.);
#1922=EDGE_CURVE('',#2365,#2366,#114,.F.);
#1923=EDGE_CURVE('',#2366,#2286,#2783,.T.);
#1924=EDGE_CURVE('',#2366,#2367,#2784,.T.);
#1925=EDGE_CURVE('',#2367,#2287,#2785,.T.);
#1926=EDGE_CURVE('',#2367,#2363,#2786,.T.);
#1927=EDGE_CURVE('',#2273,#2349,#2787,.T.);
#1928=EDGE_CURVE('',#2362,#2351,#2788,.T.);
#1929=EDGE_CURVE('',#2351,#2274,#2789,.T.);
#1930=EDGE_CURVE('',#2278,#2364,#115,.F.);
#1931=EDGE_CURVE('',#2186,#2362,#2790,.T.);
#1932=EDGE_CURVE('',#2368,#2179,#43,.F.);
#1933=EDGE_CURVE('',#2369,#2368,#2791,.F.);
#1934=EDGE_CURVE('',#2361,#2369,#2792,.T.);
#1935=EDGE_CURVE('',#2369,#2187,#44,.T.);
#1936=EDGE_CURVE('',#2368,#2353,#45,.T.);
#1937=EDGE_CURVE('',#2183,#2355,#46,.T.);
#1938=EDGE_CURVE('',#2193,#2370,#161,.T.);
#1939=EDGE_CURVE('',#2129,#2370,#2793,.T.);
#1940=EDGE_CURVE('',#2370,#2194,#162,.T.);
#1941=EDGE_CURVE('',#2172,#2234,#2794,.T.);
#1942=EDGE_CURVE('',#2065,#2233,#2795,.T.);
#1943=EDGE_CURVE('',#2252,#2066,#2796,.T.);
#1944=EDGE_CURVE('',#2119,#2051,#2797,.T.);
#1945=EDGE_CURVE('',#2120,#2050,#2798,.T.);
#1946=EDGE_CURVE('',#2121,#2049,#2799,.T.);
#1947=EDGE_CURVE('',#2048,#2371,#47,.F.);
#1948=EDGE_CURVE('',#2372,#2371,#2800,.T.);
#1949=EDGE_CURVE('',#2372,#2036,#48,.T.);
#1950=EDGE_CURVE('',#2371,#2373,#163,.T.);
#1951=EDGE_CURVE('',#2373,#2374,#2801,.F.);
#1952=EDGE_CURVE('',#2374,#2372,#164,.T.);
#1953=EDGE_CURVE('',#2123,#2078,#2802,.T.);
#1954=EDGE_CURVE('',#2124,#2077,#2803,.T.);
#1955=EDGE_CURVE('',#2125,#2076,#2804,.T.);
#1956=EDGE_CURVE('',#2106,#2031,#49,.T.);
#1957=EDGE_CURVE('',#2375,#2376,#2805,.T.);
#1958=EDGE_CURVE('',#2376,#2377,#165,.T.);
#1959=EDGE_CURVE('',#2378,#2377,#2806,.T.);
#1960=EDGE_CURVE('',#2378,#2375,#166,.T.);
#1961=EDGE_CURVE('',#2377,#2047,#50,.T.);
#1962=EDGE_CURVE('',#2122,#2046,#2807,.T.);
#1963=EDGE_CURVE('',#2033,#2378,#51,.F.);
#1964=EDGE_CURVE('',#2292,#2235,#116,.T.);
#1965=EDGE_CURVE('',#2261,#2293,#117,.T.);
#1966=EDGE_CURVE('',#2134,#2147,#2808,.T.);
#1967=EDGE_CURVE('',#2146,#2135,#2809,.T.);
#1968=EDGE_CURVE('',#2145,#2139,#2810,.T.);
#1969=EDGE_CURVE('',#2379,#2380,#2811,.T.);
#1970=EDGE_CURVE('',#2379,#2144,#2812,.F.);
#1971=EDGE_CURVE('',#2138,#2380,#2813,.F.);
#1972=EDGE_CURVE('',#2380,#2143,#118,.F.);
#1973=EDGE_CURVE('',#2142,#2379,#119,.T.);
#1974=EDGE_CURVE('',#2381,#2382,#167,.T.);
#1975=EDGE_CURVE('',#2381,#2100,#2814,.T.);
#1976=EDGE_CURVE('',#2104,#2383,#168,.T.);
#1977=EDGE_CURVE('',#2383,#2382,#2815,.T.);
#1978=EDGE_CURVE('',#2041,#2384,#169,.T.);
#1979=EDGE_CURVE('',#2385,#2384,#2816,.T.);
#1980=EDGE_CURVE('',#2385,#2103,#170,.T.);
#1981=EDGE_CURVE('',#2386,#2387,#2817,.F.);
#1982=EDGE_CURVE('',#2387,#2105,#171,.T.);
#1983=EDGE_CURVE('',#2388,#2079,#2818,.T.);
#1984=EDGE_CURVE('',#2386,#2388,#172,.T.);
#1985=EDGE_CURVE('',#2373,#2376,#2819,.F.);
#1986=EDGE_CURVE('',#2375,#2389,#2820,.T.);
#1987=EDGE_CURVE('',#2390,#2389,#120,.T.);
#1988=EDGE_CURVE('',#2390,#2391,#2821,.T.);
#1989=EDGE_CURVE('',#2388,#2391,#121,.T.);
#1990=EDGE_CURVE('',#2392,#2381,#122,.T.);
#1991=EDGE_CURVE('',#2392,#2393,#2822,.T.);
#1992=EDGE_CURVE('',#2394,#2393,#123,.T.);
#1993=EDGE_CURVE('',#2394,#2374,#2823,.T.);
#1994=EDGE_CURVE('',#2383,#2385,#2824,.F.);
#1995=EDGE_CURVE('',#2384,#2382,#2825,.T.);
#1996=EDGE_CURVE('',#2039,#2393,#2826,.T.);
#1997=EDGE_CURVE('',#2040,#2392,#2827,.T.);
#1998=EDGE_CURVE('',#2037,#2374,#2828,.T.);
#1999=EDGE_CURVE('',#2038,#2394,#2829,.T.);
#2000=EDGE_CURVE('',#2025,#2387,#2830,.T.);
#2001=EDGE_CURVE('',#2024,#2386,#2831,.T.);
#2002=EDGE_CURVE('',#2043,#2391,#2832,.T.);
#2003=EDGE_CURVE('',#2375,#2032,#2833,.F.);
#2004=EDGE_CURVE('',#2045,#2389,#2834,.T.);
#2005=EDGE_CURVE('',#2044,#2390,#2835,.T.);
#2006=EDGE_CURVE('',#2168,#2395,#2836,.T.);
#2007=EDGE_CURVE('',#2395,#2396,#2837,.T.);
#2008=EDGE_CURVE('',#2396,#2017,#124,.F.);
#2009=EDGE_CURVE('',#2306,#2395,#2838,.T.);
#2010=EDGE_CURVE('',#2305,#2396,#2839,.T.);
#2011=EDGE_CURVE('',#2020,#2397,#125,.F.);
#2012=EDGE_CURVE('',#2397,#2398,#2840,.T.);
#2013=EDGE_CURVE('',#2398,#2107,#2841,.T.);
#2014=EDGE_CURVE('',#2398,#2303,#2842,.T.);
#2015=EDGE_CURVE('',#2397,#2304,#2843,.T.);
#2016=VERTEX_POINT('',#5484);
#2017=VERTEX_POINT('',#5485);
#2018=VERTEX_POINT('',#5487);
#2019=VERTEX_POINT('',#5489);
#2020=VERTEX_POINT('',#5491);
#2021=VERTEX_POINT('',#5493);
#2022=VERTEX_POINT('',#5495);
#2023=VERTEX_POINT('',#5497);
#2024=VERTEX_POINT('',#5501);
#2025=VERTEX_POINT('',#5502);
#2026=VERTEX_POINT('',#5507);
#2027=VERTEX_POINT('',#5509);
#2028=VERTEX_POINT('',#5511);
#2029=VERTEX_POINT('',#5513);
#2030=VERTEX_POINT('',#5515);
#2031=VERTEX_POINT('',#5517);
#2032=VERTEX_POINT('',#5524);
#2033=VERTEX_POINT('',#5525);
#2034=VERTEX_POINT('',#5527);
#2035=VERTEX_POINT('',#5529);
#2036=VERTEX_POINT('',#5531);
#2037=VERTEX_POINT('',#5533);
#2038=VERTEX_POINT('',#5535);
#2039=VERTEX_POINT('',#5537);
#2040=VERTEX_POINT('',#5539);
#2041=VERTEX_POINT('',#5541);
#2042=VERTEX_POINT('',#5543);
#2043=VERTEX_POINT('',#5546);
#2044=VERTEX_POINT('',#5548);
#2045=VERTEX_POINT('',#5550);
#2046=VERTEX_POINT('',#5554);
#2047=VERTEX_POINT('',#5555);
#2048=VERTEX_POINT('',#5557);
#2049=VERTEX_POINT('',#5559);
#2050=VERTEX_POINT('',#5561);
#2051=VERTEX_POINT('',#5563);
#2052=VERTEX_POINT('',#5565);
#2053=VERTEX_POINT('',#5567);
#2054=VERTEX_POINT('',#5569);
#2055=VERTEX_POINT('',#5571);
#2056=VERTEX_POINT('',#5573);
#2057=VERTEX_POINT('',#5575);
#2058=VERTEX_POINT('',#5577);
#2059=VERTEX_POINT('',#5579);
#2060=VERTEX_POINT('',#5581);
#2061=VERTEX_POINT('',#5583);
#2062=VERTEX_POINT('',#5585);
#2063=VERTEX_POINT('',#5587);
#2064=VERTEX_POINT('',#5589);
#2065=VERTEX_POINT('',#5591);
#2066=VERTEX_POINT('',#5593);
#2067=VERTEX_POINT('',#5595);
#2068=VERTEX_POINT('',#5597);
#2069=VERTEX_POINT('',#5599);
#2070=VERTEX_POINT('',#5601);
#2071=VERTEX_POINT('',#5603);
#2072=VERTEX_POINT('',#5605);
#2073=VERTEX_POINT('',#5607);
#2074=VERTEX_POINT('',#5609);
#2075=VERTEX_POINT('',#5611);
#2076=VERTEX_POINT('',#5613);
#2077=VERTEX_POINT('',#5615);
#2078=VERTEX_POINT('',#5617);
#2079=VERTEX_POINT('',#5621);
#2080=VERTEX_POINT('',#5622);
#2081=VERTEX_POINT('',#5624);
#2082=VERTEX_POINT('',#5626);
#2083=VERTEX_POINT('',#5628);
#2084=VERTEX_POINT('',#5630);
#2085=VERTEX_POINT('',#5632);
#2086=VERTEX_POINT('',#5634);
#2087=VERTEX_POINT('',#5636);
#2088=VERTEX_POINT('',#5638);
#2089=VERTEX_POINT('',#5641);
#2090=VERTEX_POINT('',#5643);
#2091=VERTEX_POINT('',#5645);
#2092=VERTEX_POINT('',#5647);
#2093=VERTEX_POINT('',#5649);
#2094=VERTEX_POINT('',#5651);
#2095=VERTEX_POINT('',#5653);
#2096=VERTEX_POINT('',#5655);
#2097=VERTEX_POINT('',#5657);
#2098=VERTEX_POINT('',#5659);
#2099=VERTEX_POINT('',#5661);
#2100=VERTEX_POINT('',#5663);
#2101=VERTEX_POINT('',#5667);
#2102=VERTEX_POINT('',#5668);
#2103=VERTEX_POINT('',#5670);
#2104=VERTEX_POINT('',#5672);
#2105=VERTEX_POINT('',#5677);
#2106=VERTEX_POINT('',#5682);
#2107=VERTEX_POINT('',#5686);
#2108=VERTEX_POINT('',#5688);
#2109=VERTEX_POINT('',#5690);
#2110=VERTEX_POINT('',#5692);
#2111=VERTEX_POINT('',#5694);
#2112=VERTEX_POINT('',#5696);
#2113=VERTEX_POINT('',#5698);
#2114=VERTEX_POINT('',#5700);
#2115=VERTEX_POINT('',#5702);
#2116=VERTEX_POINT('',#5704);
#2117=VERTEX_POINT('',#5706);
#2118=VERTEX_POINT('',#5708);
#2119=VERTEX_POINT('',#5711);
#2120=VERTEX_POINT('',#5713);
#2121=VERTEX_POINT('',#5715);
#2122=VERTEX_POINT('',#5718);
#2123=VERTEX_POINT('',#5720);
#2124=VERTEX_POINT('',#5722);
#2125=VERTEX_POINT('',#5724);
#2126=VERTEX_POINT('',#5727);
#2127=VERTEX_POINT('',#5729);
#2128=VERTEX_POINT('',#5731);
#2129=VERTEX_POINT('',#5733);
#2130=VERTEX_POINT('',#5735);
#2131=VERTEX_POINT('',#5737);
#2132=VERTEX_POINT('',#5739);
#2133=VERTEX_POINT('',#5741);
#2134=VERTEX_POINT('',#5743);
#2135=VERTEX_POINT('',#5745);
#2136=VERTEX_POINT('',#5747);
#2137=VERTEX_POINT('',#5749);
#2138=VERTEX_POINT('',#5751);
#2139=VERTEX_POINT('',#5753);
#2140=VERTEX_POINT('',#5762);
#2141=VERTEX_POINT('',#5763);
#2142=VERTEX_POINT('',#5765);
#2143=VERTEX_POINT('',#5767);
#2144=VERTEX_POINT('',#5772);
#2145=VERTEX_POINT('',#5773);
#2146=VERTEX_POINT('',#5776);
#2147=VERTEX_POINT('',#5778);
#2148=VERTEX_POINT('',#5780);
#2149=VERTEX_POINT('',#5782);
#2150=VERTEX_POINT('',#5784);
#2151=VERTEX_POINT('',#5786);
#2152=VERTEX_POINT('',#5788);
#2153=VERTEX_POINT('',#5790);
#2154=VERTEX_POINT('',#5792);
#2155=VERTEX_POINT('',#5794);
#2156=VERTEX_POINT('',#5796);
#2157=VERTEX_POINT('',#5798);
#2158=VERTEX_POINT('',#5800);
#2159=VERTEX_POINT('',#5802);
#2160=VERTEX_POINT('',#5804);
#2161=VERTEX_POINT('',#5806);
#2162=VERTEX_POINT('',#5808);
#2163=VERTEX_POINT('',#5810);
#2164=VERTEX_POINT('',#5812);
#2165=VERTEX_POINT('',#5814);
#2166=VERTEX_POINT('',#5816);
#2167=VERTEX_POINT('',#5818);
#2168=VERTEX_POINT('',#5820);
#2169=VERTEX_POINT('',#5828);
#2170=VERTEX_POINT('',#5829);
#2171=VERTEX_POINT('',#5831);
#2172=VERTEX_POINT('',#5836);
#2173=VERTEX_POINT('',#5840);
#2174=VERTEX_POINT('',#5842);
#2175=VERTEX_POINT('',#5845);
#2176=VERTEX_POINT('',#5846);
#2177=VERTEX_POINT('',#5851);
#2178=VERTEX_POINT('',#5853);
#2179=VERTEX_POINT('',#5857);
#2180=VERTEX_POINT('',#5858);
#2181=VERTEX_POINT('',#5860);
#2182=VERTEX_POINT('',#5864);
#2183=VERTEX_POINT('',#5865);
#2184=VERTEX_POINT('',#5867);
#2185=VERTEX_POINT('',#5869);
#2186=VERTEX_POINT('',#5871);
#2187=VERTEX_POINT('',#5873);
#2188=VERTEX_POINT('',#5877);
#2189=VERTEX_POINT('',#5878);
#2190=VERTEX_POINT('',#5880);
#2191=VERTEX_POINT('',#5884);
#2192=VERTEX_POINT('',#5887);
#2193=VERTEX_POINT('',#5900);
#2194=VERTEX_POINT('',#5905);
#2195=VERTEX_POINT('',#5913);
#2196=VERTEX_POINT('',#5914);
#2197=VERTEX_POINT('',#5916);
#2198=VERTEX_POINT('',#5918);
#2199=VERTEX_POINT('',#5920);
#2200=VERTEX_POINT('',#5922);
#2201=VERTEX_POINT('',#5926);
#2202=VERTEX_POINT('',#5927);
#2203=VERTEX_POINT('',#5930);
#2204=VERTEX_POINT('',#5932);
#2205=VERTEX_POINT('',#5936);
#2206=VERTEX_POINT('',#5938);
#2207=VERTEX_POINT('',#5940);
#2208=VERTEX_POINT('',#5944);
#2209=VERTEX_POINT('',#5945);
#2210=VERTEX_POINT('',#5947);
#2211=VERTEX_POINT('',#5951);
#2212=VERTEX_POINT('',#5955);
#2213=VERTEX_POINT('',#5963);
#2214=VERTEX_POINT('',#5965);
#2215=VERTEX_POINT('',#5970);
#2216=VERTEX_POINT('',#5972);
#2217=VERTEX_POINT('',#5974);
#2218=VERTEX_POINT('',#5976);
#2219=VERTEX_POINT('',#5978);
#2220=VERTEX_POINT('',#5980);
#2221=VERTEX_POINT('',#5982);
#2222=VERTEX_POINT('',#5984);
#2223=VERTEX_POINT('',#5988);
#2224=VERTEX_POINT('',#5989);
#2225=VERTEX_POINT('',#5997);
#2226=VERTEX_POINT('',#5998);
#2227=VERTEX_POINT('',#6003);
#2228=VERTEX_POINT('',#6004);
#2229=VERTEX_POINT('',#6007);
#2230=VERTEX_POINT('',#6009);
#2231=VERTEX_POINT('',#6011);
#2232=VERTEX_POINT('',#6013);
#2233=VERTEX_POINT('',#6018);
#2234=VERTEX_POINT('',#6020);
#2235=VERTEX_POINT('',#6022);
#2236=VERTEX_POINT('',#6025);
#2237=VERTEX_POINT('',#6027);
#2238=VERTEX_POINT('',#6029);
#2239=VERTEX_POINT('',#6031);
#2240=VERTEX_POINT('',#6033);
#2241=VERTEX_POINT('',#6035);
#2242=VERTEX_POINT('',#6037);
#2243=VERTEX_POINT('',#6039);
#2244=VERTEX_POINT('',#6041);
#2245=VERTEX_POINT('',#6043);
#2246=VERTEX_POINT('',#6045);
#2247=VERTEX_POINT('',#6047);
#2248=VERTEX_POINT('',#6051);
#2249=VERTEX_POINT('',#6053);
#2250=VERTEX_POINT('',#6058);
#2251=VERTEX_POINT('',#6065);
#2252=VERTEX_POINT('',#6069);
#2253=VERTEX_POINT('',#6072);
#2254=VERTEX_POINT('',#6077);
#2255=VERTEX_POINT('',#6091);
#2256=VERTEX_POINT('',#6096);
#2257=VERTEX_POINT('',#6135);
#2258=VERTEX_POINT('',#6145);
#2259=VERTEX_POINT('',#6151);
#2260=VERTEX_POINT('',#6153);
#2261=VERTEX_POINT('',#6158);
#2262=VERTEX_POINT('',#6161);
#2263=VERTEX_POINT('',#6163);
#2264=VERTEX_POINT('',#6165);
#2265=VERTEX_POINT('',#6167);
#2266=VERTEX_POINT('',#6169);
#2267=VERTEX_POINT('',#6171);
#2268=VERTEX_POINT('',#6173);
#2269=VERTEX_POINT('',#6175);
#2270=VERTEX_POINT('',#6177);
#2271=VERTEX_POINT('',#6179);
#2272=VERTEX_POINT('',#6181);
#2273=VERTEX_POINT('',#6183);
#2274=VERTEX_POINT('',#6185);
#2275=VERTEX_POINT('',#6187);
#2276=VERTEX_POINT('',#6191);
#2277=VERTEX_POINT('',#6192);
#2278=VERTEX_POINT('',#6194);
#2279=VERTEX_POINT('',#6199);
#2280=VERTEX_POINT('',#6201);
#2281=VERTEX_POINT('',#6206);
#2282=VERTEX_POINT('',#6213);
#2283=VERTEX_POINT('',#6214);
#2284=VERTEX_POINT('',#6216);
#2285=VERTEX_POINT('',#6222);
#2286=VERTEX_POINT('',#6231);
#2287=VERTEX_POINT('',#6233);
#2288=VERTEX_POINT('',#6235);
#2289=VERTEX_POINT('',#6239);
#2290=VERTEX_POINT('',#6241);
#2291=VERTEX_POINT('',#6243);
#2292=VERTEX_POINT('',#6248);
#2293=VERTEX_POINT('',#6250);
#2294=VERTEX_POINT('',#6260);
#2295=VERTEX_POINT('',#6266);
#2296=VERTEX_POINT('',#6270);
#2297=VERTEX_POINT('',#6278);
#2298=VERTEX_POINT('',#6282);
#2299=VERTEX_POINT('',#6292);
#2300=VERTEX_POINT('',#6299);
#2301=VERTEX_POINT('',#6314);
#2302=VERTEX_POINT('',#6336);
#2303=VERTEX_POINT('',#6348);
#2304=VERTEX_POINT('',#6350);
#2305=VERTEX_POINT('',#6353);
#2306=VERTEX_POINT('',#6355);
#2307=VERTEX_POINT('',#6360);
#2308=VERTEX_POINT('',#6361);
#2309=VERTEX_POINT('',#6375);
#2310=VERTEX_POINT('',#6377);
#2311=VERTEX_POINT('',#6381);
#2312=VERTEX_POINT('',#6383);
#2313=VERTEX_POINT('',#6395);
#2314=VERTEX_POINT('',#6396);
#2315=VERTEX_POINT('',#6398);
#2316=VERTEX_POINT('',#6404);
#2317=VERTEX_POINT('',#6406);
#2318=VERTEX_POINT('',#6408);
#2319=VERTEX_POINT('',#6413);
#2320=VERTEX_POINT('',#6417);
#2321=VERTEX_POINT('',#6419);
#2322=VERTEX_POINT('',#6424);
#2323=VERTEX_POINT('',#6432);
#2324=VERTEX_POINT('',#6434);
#2325=VERTEX_POINT('',#6443);
#2326=VERTEX_POINT('',#6444);
#2327=VERTEX_POINT('',#6447);
#2328=VERTEX_POINT('',#6449);
#2329=VERTEX_POINT('',#6451);
#2330=VERTEX_POINT('',#6471);
#2331=VERTEX_POINT('',#6473);
#2332=VERTEX_POINT('',#6477);
#2333=VERTEX_POINT('',#6479);
#2334=VERTEX_POINT('',#6483);
#2335=VERTEX_POINT('',#6485);
#2336=VERTEX_POINT('',#6489);
#2337=VERTEX_POINT('',#6490);
#2338=VERTEX_POINT('',#6495);
#2339=VERTEX_POINT('',#6496);
#2340=VERTEX_POINT('',#6498);
#2341=VERTEX_POINT('',#6500);
#2342=VERTEX_POINT('',#6528);
#2343=VERTEX_POINT('',#6529);
#2344=VERTEX_POINT('',#6531);
#2345=VERTEX_POINT('',#6535);
#2346=VERTEX_POINT('',#6537);
#2347=VERTEX_POINT('',#6541);
#2348=VERTEX_POINT('',#6545);
#2349=VERTEX_POINT('',#6547);
#2350=VERTEX_POINT('',#6551);
#2351=VERTEX_POINT('',#6555);
#2352=VERTEX_POINT('',#6559);
#2353=VERTEX_POINT('',#6560);
#2354=VERTEX_POINT('',#6562);
#2355=VERTEX_POINT('',#6564);
#2356=VERTEX_POINT('',#6581);
#2357=VERTEX_POINT('',#6582);
#2358=VERTEX_POINT('',#6594);
#2359=VERTEX_POINT('',#6634);
#2360=VERTEX_POINT('',#6650);
#2361=VERTEX_POINT('',#6657);
#2362=VERTEX_POINT('',#6659);
#2363=VERTEX_POINT('',#6674);
#2364=VERTEX_POINT('',#6678);
#2365=VERTEX_POINT('',#6680);
#2366=VERTEX_POINT('',#6684);
#2367=VERTEX_POINT('',#6688);
#2368=VERTEX_POINT('',#6705);
#2369=VERTEX_POINT('',#6707);
#2370=VERTEX_POINT('',#6722);
#2371=VERTEX_POINT('',#6762);
#2372=VERTEX_POINT('',#6764);
#2373=VERTEX_POINT('',#6771);
#2374=VERTEX_POINT('',#6773);
#2375=VERTEX_POINT('',#6787);
#2376=VERTEX_POINT('',#6788);
#2377=VERTEX_POINT('',#6793);
#2378=VERTEX_POINT('',#6795);
#2379=VERTEX_POINT('',#6821);
#2380=VERTEX_POINT('',#6822);
#2381=VERTEX_POINT('',#6838);
#2382=VERTEX_POINT('',#6839);
#2383=VERTEX_POINT('',#6845);
#2384=VERTEX_POINT('',#6852);
#2385=VERTEX_POINT('',#6854);
#2386=VERTEX_POINT('',#6861);
#2387=VERTEX_POINT('',#6862);
#2388=VERTEX_POINT('',#6868);
#2389=VERTEX_POINT('',#6876);
#2390=VERTEX_POINT('',#6878);
#2391=VERTEX_POINT('',#6880);
#2392=VERTEX_POINT('',#6883);
#2393=VERTEX_POINT('',#6885);
#2394=VERTEX_POINT('',#6887);
#2395=VERTEX_POINT('',#6918);
#2396=VERTEX_POINT('',#6920);
#2397=VERTEX_POINT('',#6928);
#2398=VERTEX_POINT('',#6930);
#2399=LINE('',#5483,#2844);
#2400=LINE('',#5486,#2845);
#2401=LINE('',#5488,#2846);
#2402=LINE('',#5490,#2847);
#2403=LINE('',#5492,#2848);
#2404=LINE('',#5494,#2849);
#2405=LINE('',#5496,#2850);
#2406=LINE('',#5498,#2851);
#2407=LINE('',#5500,#2852);
#2408=LINE('',#5508,#2853);
#2409=LINE('',#5512,#2854);
#2410=LINE('',#5516,#2855);
#2411=LINE('',#5526,#2856);
#2412=LINE('',#5528,#2857);
#2413=LINE('',#5530,#2858);
#2414=LINE('',#5534,#2859);
#2415=LINE('',#5538,#2860);
#2416=LINE('',#5542,#2861);
#2417=LINE('',#5544,#2862);
#2418=LINE('',#5547,#2863);
#2419=LINE('',#5551,#2864);
#2420=LINE('',#5553,#2865);
#2421=LINE('',#5556,#2866);
#2422=LINE('',#5558,#2867);
#2423=LINE('',#5562,#2868);
#2424=LINE('',#5566,#2869);
#2425=LINE('',#5570,#2870);
#2426=LINE('',#5572,#2871);
#2427=LINE('',#5574,#2872);
#2428=LINE('',#5576,#2873);
#2429=LINE('',#5578,#2874);
#2430=LINE('',#5580,#2875);
#2431=LINE('',#5582,#2876);
#2432=LINE('',#5584,#2877);
#2433=LINE('',#5586,#2878);
#2434=LINE('',#5588,#2879);
#2435=LINE('',#5590,#2880);
#2436=LINE('',#5592,#2881);
#2437=LINE('',#5594,#2882);
#2438=LINE('',#5596,#2883);
#2439=LINE('',#5598,#2884);
#2440=LINE('',#5600,#2885);
#2441=LINE('',#5602,#2886);
#2442=LINE('',#5604,#2887);
#2443=LINE('',#5606,#2888);
#2444=LINE('',#5612,#2889);
#2445=LINE('',#5616,#2890);
#2446=LINE('',#5623,#2891);
#2447=LINE('',#5625,#2892);
#2448=LINE('',#5627,#2893);
#2449=LINE('',#5629,#2894);
#2450=LINE('',#5631,#2895);
#2451=LINE('',#5633,#2896);
#2452=LINE('',#5635,#2897);
#2453=LINE('',#5637,#2898);
#2454=LINE('',#5639,#2899);
#2455=LINE('',#5642,#2900);
#2456=LINE('',#5644,#2901);
#2457=LINE('',#5646,#2902);
#2458=LINE('',#5648,#2903);
#2459=LINE('',#5650,#2904);
#2460=LINE('',#5652,#2905);
#2461=LINE('',#5654,#2906);
#2462=LINE('',#5656,#2907);
#2463=LINE('',#5658,#2908);
#2464=LINE('',#5664,#2909);
#2465=LINE('',#5666,#2910);
#2466=LINE('',#5669,#2911);
#2467=LINE('',#5673,#2912);
#2468=LINE('',#5674,#2913);
#2469=LINE('',#5676,#2914);
#2470=LINE('',#5683,#2915);
#2471=LINE('',#5685,#2916);
#2472=LINE('',#5687,#2917);
#2473=LINE('',#5689,#2918);
#2474=LINE('',#5693,#2919);
#2475=LINE('',#5695,#2920);
#2476=LINE('',#5697,#2921);
#2477=LINE('',#5701,#2922);
#2478=LINE('',#5703,#2923);
#2479=LINE('',#5705,#2924);
#2480=LINE('',#5707,#2925);
#2481=LINE('',#5712,#2926);
#2482=LINE('',#5716,#2927);
#2483=LINE('',#5717,#2928);
#2484=LINE('',#5721,#2929);
#2485=LINE('',#5725,#2930);
#2486=LINE('',#5726,#2931);
#2487=LINE('',#5728,#2932);
#2488=LINE('',#5730,#2933);
#2489=LINE('',#5732,#2934);
#2490=LINE('',#5736,#2935);
#2491=LINE('',#5738,#2936);
#2492=LINE('',#5740,#2937);
#2493=LINE('',#5744,#2938);
#2494=LINE('',#5748,#2939);
#2495=LINE('',#5752,#2940);
#2496=LINE('',#5754,#2941);
#2497=LINE('',#5756,#2942);
#2498=LINE('',#5757,#2943);
#2499=LINE('',#5759,#2944);
#2500=LINE('',#5761,#2945);
#2501=LINE('',#5764,#2946);
#2502=LINE('',#5766,#2947);
#2503=LINE('',#5768,#2948);
#2504=LINE('',#5769,#2949);
#2505=LINE('',#5771,#2950);
#2506=LINE('',#5777,#2951);
#2507=LINE('',#5781,#2952);
#2508=LINE('',#5783,#2953);
#2509=LINE('',#5785,#2954);
#2510=LINE('',#5787,#2955);
#2511=LINE('',#5789,#2956);
#2512=LINE('',#5791,#2957);
#2513=LINE('',#5793,#2958);
#2514=LINE('',#5797,#2959);
#2515=LINE('',#5801,#2960);
#2516=LINE('',#5803,#2961);
#2517=LINE('',#5805,#2962);
#2518=LINE('',#5807,#2963);
#2519=LINE('',#5809,#2964);
#2520=LINE('',#5811,#2965);
#2521=LINE('',#5813,#2966);
#2522=LINE('',#5817,#2967);
#2523=LINE('',#5819,#2968);
#2524=LINE('',#5821,#2969);
#2525=LINE('',#5822,#2970);
#2526=LINE('',#5824,#2971);
#2527=LINE('',#5825,#2972);
#2528=LINE('',#5827,#2973);
#2529=LINE('',#5830,#2974);
#2530=LINE('',#5832,#2975);
#2531=LINE('',#5833,#2976);
#2532=LINE('',#5835,#2977);
#2533=LINE('',#5837,#2978);
#2534=LINE('',#5844,#2979);
#2535=LINE('',#5852,#2980);
#2536=LINE('',#5856,#2981);
#2537=LINE('',#5859,#2982);
#2538=LINE('',#5861,#2983);
#2539=LINE('',#5863,#2984);
#2540=LINE('',#5866,#2985);
#2541=LINE('',#5870,#2986);
#2542=LINE('',#5872,#2987);
#2543=LINE('',#5874,#2988);
#2544=LINE('',#5876,#2989);
#2545=LINE('',#5879,#2990);
#2546=LINE('',#5881,#2991);
#2547=LINE('',#5883,#2992);
#2548=LINE('',#5885,#2993);
#2549=LINE('',#5886,#2994);
#2550=LINE('',#5888,#2995);
#2551=LINE('',#5890,#2996);
#2552=LINE('',#5891,#2997);
#2553=LINE('',#5904,#2998);
#2554=LINE('',#5910,#2999);
#2555=LINE('',#5912,#3000);
#2556=LINE('',#5917,#3001);
#2557=LINE('',#5919,#3002);
#2558=LINE('',#5921,#3003);
#2559=LINE('',#5923,#3004);
#2560=LINE('',#5925,#3005);
#2561=LINE('',#5931,#3006);
#2562=LINE('',#5937,#3007);
#2563=LINE('',#5941,#3008);
#2564=LINE('',#5943,#3009);
#2565=LINE('',#5946,#3010);
#2566=LINE('',#5948,#3011);
#2567=LINE('',#5950,#3012);
#2568=LINE('',#5952,#3013);
#2569=LINE('',#5964,#3014);
#2570=LINE('',#5971,#3015);
#2571=LINE('',#5973,#3016);
#2572=LINE('',#5977,#3017);
#2573=LINE('',#5979,#3018);
#2574=LINE('',#5981,#3019);
#2575=LINE('',#5983,#3020);
#2576=LINE('',#5985,#3021);
#2577=LINE('',#5987,#3022);
#2578=LINE('',#5996,#3023);
#2579=LINE('',#5999,#3024);
#2580=LINE('',#6002,#3025);
#2581=LINE('',#6005,#3026);
#2582=LINE('',#6008,#3027);
#2583=LINE('',#6010,#3028);
#2584=LINE('',#6012,#3029);
#2585=LINE('',#6014,#3030);
#2586=LINE('',#6017,#3031);
#2587=LINE('',#6019,#3032);
#2588=LINE('',#6021,#3033);
#2589=LINE('',#6023,#3034);
#2590=LINE('',#6026,#3035);
#2591=LINE('',#6028,#3036);
#2592=LINE('',#6030,#3037);
#2593=LINE('',#6032,#3038);
#2594=LINE('',#6034,#3039);
#2595=LINE('',#6036,#3040);
#2596=LINE('',#6038,#3041);
#2597=LINE('',#6040,#3042);
#2598=LINE('',#6044,#3043);
#2599=LINE('',#6048,#3044);
#2600=LINE('',#6050,#3045);
#2601=LINE('',#6052,#3046);
#2602=LINE('',#6059,#3047);
#2603=LINE('',#6066,#3048);
#2604=LINE('',#6068,#3049);
#2605=LINE('',#6070,#3050);
#2606=LINE('',#6071,#3051);
#2607=LINE('',#6078,#3052);
#2608=LINE('',#6148,#3053);
#2609=LINE('',#6150,#3054);
#2610=LINE('',#6152,#3055);
#2611=LINE('',#6154,#3056);
#2612=LINE('',#6155,#3057);
#2613=LINE('',#6157,#3058);
#2614=LINE('',#6159,#3059);
#2615=LINE('',#6160,#3060);
#2616=LINE('',#6162,#3061);
#2617=LINE('',#6164,#3062);
#2618=LINE('',#6168,#3063);
#2619=LINE('',#6172,#3064);
#2620=LINE('',#6174,#3065);
#2621=LINE('',#6176,#3066);
#2622=LINE('',#6178,#3067);
#2623=LINE('',#6180,#3068);
#2624=LINE('',#6182,#3069);
#2625=LINE('',#6184,#3070);
#2626=LINE('',#6186,#3071);
#2627=LINE('',#6190,#3072);
#2628=LINE('',#6200,#3073);
#2629=LINE('',#6212,#3074);
#2630=LINE('',#6215,#3075);
#2631=LINE('',#6217,#3076);
#2632=LINE('',#6223,#3077);
#2633=LINE('',#6224,#3078);
#2634=LINE('',#6226,#3079);
#2635=LINE('',#6227,#3080);
#2636=LINE('',#6229,#3081);
#2637=LINE('',#6230,#3082);
#2638=LINE('',#6232,#3083);
#2639=LINE('',#6234,#3084);
#2640=LINE('',#6238,#3085);
#2641=LINE('',#6244,#3086);
#2642=LINE('',#6245,#3087);
#2643=LINE('',#6247,#3088);
#2644=LINE('',#6249,#3089);
#2645=LINE('',#6251,#3090);
#2646=LINE('',#6262,#3091);
#2647=LINE('',#6265,#3092);
#2648=LINE('',#6267,#3093);
#2649=LINE('',#6279,#3094);
#2650=LINE('',#6281,#3095);
#2651=LINE('',#6293,#3096);
#2652=LINE('',#6295,#3097);
#2653=LINE('',#6296,#3098);
#2654=LINE('',#6300,#3099);
#2655=LINE('',#6302,#3100);
#2656=LINE('',#6304,#3101);
#2657=LINE('',#6305,#3102);
#2658=LINE('',#6307,#3103);
#2659=LINE('',#6310,#3104);
#2660=LINE('',#6311,#3105);
#2661=LINE('',#6345,#3106);
#2662=LINE('',#6347,#3107);
#2663=LINE('',#6349,#3108);
#2664=LINE('',#6354,#3109);
#2665=LINE('',#6356,#3110);
#2666=LINE('',#6357,#3111);
#2667=LINE('',#6359,#3112);
#2668=LINE('',#6362,#3113);
#2669=LINE('',#6371,#3114);
#2670=LINE('',#6374,#3115);
#2671=LINE('',#6376,#3116);
#2672=LINE('',#6378,#3117);
#2673=LINE('',#6380,#3118);
#2674=LINE('',#6382,#3119);
#2675=LINE('',#6384,#3120);
#2676=LINE('',#6394,#3121);
#2677=LINE('',#6397,#3122);
#2678=LINE('',#6399,#3123);
#2679=LINE('',#6400,#3124);
#2680=LINE('',#6402,#3125);
#2681=LINE('',#6403,#3126);
#2682=LINE('',#6405,#3127);
#2683=LINE('',#6407,#3128);
#2684=LINE('',#6409,#3129);
#2685=LINE('',#6412,#3130);
#2686=LINE('',#6414,#3131);
#2687=LINE('',#6416,#3132);
#2688=LINE('',#6418,#3133);
#2689=LINE('',#6420,#3134);
#2690=LINE('',#6421,#3135);
#2691=LINE('',#6423,#3136);
#2692=LINE('',#6425,#3137);
#2693=LINE('',#6427,#3138);
#2694=LINE('',#6429,#3139);
#2695=LINE('',#6431,#3140);
#2696=LINE('',#6433,#3141);
#2697=LINE('',#6435,#3142);
#2698=LINE('',#6437,#3143);
#2699=LINE('',#6438,#3144);
#2700=LINE('',#6440,#3145);
#2701=LINE('',#6442,#3146);
#2702=LINE('',#6445,#3147);
#2703=LINE('',#6448,#3148);
#2704=LINE('',#6452,#3149);
#2705=LINE('',#6454,#3150);
#2706=LINE('',#6456,#3151);
#2707=LINE('',#6458,#3152);
#2708=LINE('',#6460,#3153);
#2709=LINE('',#6462,#3154);
#2710=LINE('',#6464,#3155);
#2711=LINE('',#6466,#3156);
#2712=LINE('',#6470,#3157);
#2713=LINE('',#6472,#3158);
#2714=LINE('',#6474,#3159);
#2715=LINE('',#6476,#3160);
#2716=LINE('',#6478,#3161);
#2717=LINE('',#6480,#3162);
#2718=LINE('',#6482,#3163);
#2719=LINE('',#6484,#3164);
#2720=LINE('',#6486,#3165);
#2721=LINE('',#6488,#3166);
#2722=LINE('',#6491,#3167);
#2723=LINE('',#6492,#3168);
#2724=LINE('',#6494,#3169);
#2725=LINE('',#6497,#3170);
#2726=LINE('',#6499,#3171);
#2727=LINE('',#6501,#3172);
#2728=LINE('',#6503,#3173);
#2729=LINE('',#6505,#3174);
#2730=LINE('',#6506,#3175);
#2731=LINE('',#6508,#3176);
#2732=LINE('',#6510,#3177);
#2733=LINE('',#6512,#3178);
#2734=LINE('',#6514,#3179);
#2735=LINE('',#6516,#3180);
#2736=LINE('',#6518,#3181);
#2737=LINE('',#6520,#3182);
#2738=LINE('',#6522,#3183);
#2739=LINE('',#6524,#3184);
#2740=LINE('',#6527,#3185);
#2741=LINE('',#6530,#3186);
#2742=LINE('',#6532,#3187);
#2743=LINE('',#6534,#3188);
#2744=LINE('',#6536,#3189);
#2745=LINE('',#6538,#3190);
#2746=LINE('',#6540,#3191);
#2747=LINE('',#6542,#3192);
#2748=LINE('',#6544,#3193);
#2749=LINE('',#6546,#3194);
#2750=LINE('',#6548,#3195);
#2751=LINE('',#6550,#3196);
#2752=LINE('',#6552,#3197);
#2753=LINE('',#6554,#3198);
#2754=LINE('',#6556,#3199);
#2755=LINE('',#6558,#3200);
#2756=LINE('',#6561,#3201);
#2757=LINE('',#6563,#3202);
#2758=LINE('',#6565,#3203);
#2759=LINE('',#6567,#3204);
#2760=LINE('',#6568,#3205);
#2761=LINE('',#6642,#3206);
#2762=LINE('',#6643,#3207);
#2763=LINE('',#6645,#3208);
#2764=LINE('',#6646,#3209);
#2765=LINE('',#6648,#3210);
#2766=LINE('',#6649,#3211);
#2767=LINE('',#6651,#3212);
#2768=LINE('',#6653,#3213);
#2769=LINE('',#6656,#3214);
#2770=LINE('',#6658,#3215);
#2771=LINE('',#6660,#3216);
#2772=LINE('',#6662,#3217);
#2773=LINE('',#6663,#3218);
#2774=LINE('',#6665,#3219);
#2775=LINE('',#6667,#3220);
#2776=LINE('',#6669,#3221);
#2777=LINE('',#6671,#3222);
#2778=LINE('',#6673,#3223);
#2779=LINE('',#6675,#3224);
#2780=LINE('',#6677,#3225);
#2781=LINE('',#6679,#3226);
#2782=LINE('',#6681,#3227);
#2783=LINE('',#6685,#3228);
#2784=LINE('',#6687,#3229);
#2785=LINE('',#6689,#3230);
#2786=LINE('',#6691,#3231);
#2787=LINE('',#6693,#3232);
#2788=LINE('',#6695,#3233);
#2789=LINE('',#6697,#3234);
#2790=LINE('',#6702,#3235);
#2791=LINE('',#6706,#3236);
#2792=LINE('',#6708,#3237);
#2793=LINE('',#6723,#3238);
#2794=LINE('',#6750,#3239);
#2795=LINE('',#6751,#3240);
#2796=LINE('',#6753,#3241);
#2797=LINE('',#6755,#3242);
#2798=LINE('',#6757,#3243);
#2799=LINE('',#6759,#3244);
#2800=LINE('',#6763,#3245);
#2801=LINE('',#6772,#3246);
#2802=LINE('',#6779,#3247);
#2803=LINE('',#6780,#3248);
#2804=LINE('',#6782,#3249);
#2805=LINE('',#6786,#3250);
#2806=LINE('',#6794,#3251);
#2807=LINE('',#6803,#3252);
#2808=LINE('',#6815,#3253);
#2809=LINE('',#6816,#3254);
#2810=LINE('',#6818,#3255);
#2811=LINE('',#6820,#3256);
#2812=LINE('',#6823,#3257);
#2813=LINE('',#6824,#3258);
#2814=LINE('',#6840,#3259);
#2815=LINE('',#6846,#3260);
#2816=LINE('',#6853,#3261);
#2817=LINE('',#6860,#3262);
#2818=LINE('',#6867,#3263);
#2819=LINE('',#6874,#3264);
#2820=LINE('',#6875,#3265);
#2821=LINE('',#6879,#3266);
#2822=LINE('',#6884,#3267);
#2823=LINE('',#6888,#3268);
#2824=LINE('',#6890,#3269);
#2825=LINE('',#6891,#3270);
#2826=LINE('',#6893,#3271);
#2827=LINE('',#6894,#3272);
#2828=LINE('',#6897,#3273);
#2829=LINE('',#6898,#3274);
#2830=LINE('',#6901,#3275);
#2831=LINE('',#6902,#3276);
#2832=LINE('',#6904,#3277);
#2833=LINE('',#6906,#3278);
#2834=LINE('',#6907,#3279);
#2835=LINE('',#6909,#3280);
#2836=LINE('',#6917,#3281);
#2837=LINE('',#6919,#3282);
#2838=LINE('',#6923,#3283);
#2839=LINE('',#6925,#3284);
#2840=LINE('',#6929,#3285);
#2841=LINE('',#6931,#3286);
#2842=LINE('',#6933,#3287);
#2843=LINE('',#6935,#3288);
#2844=VECTOR('',#4416,1.);
#2845=VECTOR('',#4417,1.);
#2846=VECTOR('',#4418,1.);
#2847=VECTOR('',#4419,1.);
#2848=VECTOR('',#4420,1.);
#2849=VECTOR('',#4421,1.);
#2850=VECTOR('',#4422,1.);
#2851=VECTOR('',#4423,1.);
#2852=VECTOR('',#4426,1.);
#2853=VECTOR('',#4427,1.);
#2854=VECTOR('',#4430,1.);
#2855=VECTOR('',#4433,1.);
#2856=VECTOR('',#4438,1.);
#2857=VECTOR('',#4439,1.);
#2858=VECTOR('',#4440,1.);
#2859=VECTOR('',#4443,1.);
#2860=VECTOR('',#4446,1.);
#2861=VECTOR('',#4449,1.);
#2862=VECTOR('',#4450,1.);
#2863=VECTOR('',#4453,1.);
#2864=VECTOR('',#4456,1.);
#2865=VECTOR('',#4459,1.);
#2866=VECTOR('',#4460,1.);
#2867=VECTOR('',#4461,1.);
#2868=VECTOR('',#4464,1.);
#2869=VECTOR('',#4467,1.);
#2870=VECTOR('',#4470,1.);
#2871=VECTOR('',#4471,1.);
#2872=VECTOR('',#4472,1.);
#2873=VECTOR('',#4473,1.);
#2874=VECTOR('',#4474,1.);
#2875=VECTOR('',#4475,1.);
#2876=VECTOR('',#4476,1.);
#2877=VECTOR('',#4477,1.);
#2878=VECTOR('',#4478,1.);
#2879=VECTOR('',#4479,1.);
#2880=VECTOR('',#4480,1.);
#2881=VECTOR('',#4481,1.);
#2882=VECTOR('',#4482,1.);
#2883=VECTOR('',#4483,1.);
#2884=VECTOR('',#4484,1.);
#2885=VECTOR('',#4485,1.);
#2886=VECTOR('',#4486,1.);
#2887=VECTOR('',#4487,1.);
#2888=VECTOR('',#4488,1.);
#2889=VECTOR('',#4493,1.);
#2890=VECTOR('',#4496,1.);
#2891=VECTOR('',#4503,1.);
#2892=VECTOR('',#4504,1.);
#2893=VECTOR('',#4505,1.);
#2894=VECTOR('',#4506,1.);
#2895=VECTOR('',#4507,1.);
#2896=VECTOR('',#4508,1.);
#2897=VECTOR('',#4509,1.);
#2898=VECTOR('',#4510,1.);
#2899=VECTOR('',#4511,1.);
#2900=VECTOR('',#4514,1.);
#2901=VECTOR('',#4515,1.);
#2902=VECTOR('',#4516,1.);
#2903=VECTOR('',#4517,1.);
#2904=VECTOR('',#4518,1.);
#2905=VECTOR('',#4519,1.);
#2906=VECTOR('',#4520,1.);
#2907=VECTOR('',#4521,1.);
#2908=VECTOR('',#4522,1.);
#2909=VECTOR('',#4527,1.);
#2910=VECTOR('',#4530,1.);
#2911=VECTOR('',#4531,1.);
#2912=VECTOR('',#4534,1.);
#2913=VECTOR('',#4535,1.);
#2914=VECTOR('',#4538,1.);
#2915=VECTOR('',#4539,1.);
#2916=VECTOR('',#4542,1.);
#2917=VECTOR('',#4543,1.);
#2918=VECTOR('',#4544,1.);
#2919=VECTOR('',#4547,1.);
#2920=VECTOR('',#4548,1.);
#2921=VECTOR('',#4549,1.);
#2922=VECTOR('',#4552,1.);
#2923=VECTOR('',#4553,1.);
#2924=VECTOR('',#4554,1.);
#2925=VECTOR('',#4555,1.);
#2926=VECTOR('',#4560,1.);
#2927=VECTOR('',#4563,1.);
#2928=VECTOR('',#4564,1.);
#2929=VECTOR('',#4567,1.);
#2930=VECTOR('',#4570,1.);
#2931=VECTOR('',#4571,1.);
#2932=VECTOR('',#4572,1.);
#2933=VECTOR('',#4573,1.);
#2934=VECTOR('',#4574,1.);
#2935=VECTOR('',#4577,1.);
#2936=VECTOR('',#4578,1.);
#2937=VECTOR('',#4579,1.);
#2938=VECTOR('',#4582,1.);
#2939=VECTOR('',#4585,1.);
#2940=VECTOR('',#4588,1.);
#2941=VECTOR('',#4589,1.);
#2942=VECTOR('',#4592,1.);
#2943=VECTOR('',#4593,1.);
#2944=VECTOR('',#4596,1.);
#2945=VECTOR('',#4599,1.);
#2946=VECTOR('',#4600,1.);
#2947=VECTOR('',#4601,1.);
#2948=VECTOR('',#4602,1.);
#2949=VECTOR('',#4603,1.);
#2950=VECTOR('',#4606,1.);
#2951=VECTOR('',#4611,1.);
#2952=VECTOR('',#4614,1.);
#2953=VECTOR('',#4615,1.);
#2954=VECTOR('',#4616,1.);
#2955=VECTOR('',#4617,1.);
#2956=VECTOR('',#4618,1.);
#2957=VECTOR('',#4619,1.);
#2958=VECTOR('',#4620,1.);
#2959=VECTOR('',#4623,1.);
#2960=VECTOR('',#4626,1.);
#2961=VECTOR('',#4627,1.);
#2962=VECTOR('',#4628,1.);
#2963=VECTOR('',#4629,1.);
#2964=VECTOR('',#4630,1.);
#2965=VECTOR('',#4631,1.);
#2966=VECTOR('',#4632,1.);
#2967=VECTOR('',#4635,1.);
#2968=VECTOR('',#4636,1.);
#2969=VECTOR('',#4637,1.);
#2970=VECTOR('',#4638,1.);
#2971=VECTOR('',#4641,1.);
#2972=VECTOR('',#4642,1.);
#2973=VECTOR('',#4645,1.);
#2974=VECTOR('',#4646,1.);
#2975=VECTOR('',#4647,1.);
#2976=VECTOR('',#4648,1.);
#2977=VECTOR('',#4651,1.);
#2978=VECTOR('',#4652,1.);
#2979=VECTOR('',#4661,1.);
#2980=VECTOR('',#4662,1.);
#2981=VECTOR('',#4667,1.);
#2982=VECTOR('',#4668,1.);
#2983=VECTOR('',#4669,1.);
#2984=VECTOR('',#4672,1.);
#2985=VECTOR('',#4673,1.);
#2986=VECTOR('',#4676,1.);
#2987=VECTOR('',#4677,1.);
#2988=VECTOR('',#4678,1.);
#2989=VECTOR('',#4681,1.);
#2990=VECTOR('',#4682,1.);
#2991=VECTOR('',#4683,1.);
#2992=VECTOR('',#4686,1.);
#2993=VECTOR('',#4687,1.);
#2994=VECTOR('',#4688,1.);
#2995=VECTOR('',#4689,1.);
#2996=VECTOR('',#4692,1.);
#2997=VECTOR('',#4693,1.);
#2998=VECTOR('',#4702,1.);
#2999=VECTOR('',#4703,1.);
#3000=VECTOR('',#4706,1.);
#3001=VECTOR('',#4709,1.);
#3002=VECTOR('',#4710,1.);
#3003=VECTOR('',#4711,1.);
#3004=VECTOR('',#4712,1.);
#3005=VECTOR('',#4715,1.);
#3006=VECTOR('',#4720,1.);
#3007=VECTOR('',#4727,1.);
#3008=VECTOR('',#4730,1.);
#3009=VECTOR('',#4733,1.);
#3010=VECTOR('',#4734,1.);
#3011=VECTOR('',#4735,1.);
#3012=VECTOR('',#4738,1.);
#3013=VECTOR('',#4739,1.);
#3014=VECTOR('',#4744,1.);
#3015=VECTOR('',#4753,1.);
#3016=VECTOR('',#4754,1.);
#3017=VECTOR('',#4757,1.);
#3018=VECTOR('',#4758,1.);
#3019=VECTOR('',#4759,1.);
#3020=VECTOR('',#4760,1.);
#3021=VECTOR('',#4761,1.);
#3022=VECTOR('',#4764,1.);
#3023=VECTOR('',#4769,1.);
#3024=VECTOR('',#4770,1.);
#3025=VECTOR('',#4775,1.);
#3026=VECTOR('',#4776,1.);
#3027=VECTOR('',#4779,1.);
#3028=VECTOR('',#4780,1.);
#3029=VECTOR('',#4781,1.);
#3030=VECTOR('',#4782,1.);
#3031=VECTOR('',#4787,1.);
#3032=VECTOR('',#4788,1.);
#3033=VECTOR('',#4789,1.);
#3034=VECTOR('',#4790,1.);
#3035=VECTOR('',#4793,1.);
#3036=VECTOR('',#4794,1.);
#3037=VECTOR('',#4795,1.);
#3038=VECTOR('',#4796,1.);
#3039=VECTOR('',#4797,1.);
#3040=VECTOR('',#4798,1.);
#3041=VECTOR('',#4799,1.);
#3042=VECTOR('',#4800,1.);
#3043=VECTOR('',#4803,1.);
#3044=VECTOR('',#4806,1.);
#3045=VECTOR('',#4809,1.);
#3046=VECTOR('',#4810,1.);
#3047=VECTOR('',#4811,1.);
#3048=VECTOR('',#4814,1.);
#3049=VECTOR('',#4817,1.);
#3050=VECTOR('',#4818,1.);
#3051=VECTOR('',#4819,1.);
#3052=VECTOR('',#4820,1.);
#3053=VECTOR('',#4827,1.);
#3054=VECTOR('',#4830,1.);
#3055=VECTOR('',#4831,1.);
#3056=VECTOR('',#4832,1.);
#3057=VECTOR('',#4833,1.);
#3058=VECTOR('',#4836,1.);
#3059=VECTOR('',#4837,1.);
#3060=VECTOR('',#4838,1.);
#3061=VECTOR('',#4839,1.);
#3062=VECTOR('',#4840,1.);
#3063=VECTOR('',#4843,1.);
#3064=VECTOR('',#4846,1.);
#3065=VECTOR('',#4847,1.);
#3066=VECTOR('',#4848,1.);
#3067=VECTOR('',#4849,1.);
#3068=VECTOR('',#4850,1.);
#3069=VECTOR('',#4851,1.);
#3070=VECTOR('',#4852,1.);
#3071=VECTOR('',#4853,1.);
#3072=VECTOR('',#4858,1.);
#3073=VECTOR('',#4861,1.);
#3074=VECTOR('',#4864,1.);
#3075=VECTOR('',#4865,1.);
#3076=VECTOR('',#4866,1.);
#3077=VECTOR('',#4867,1.);
#3078=VECTOR('',#4868,1.);
#3079=VECTOR('',#4871,1.);
#3080=VECTOR('',#4872,1.);
#3081=VECTOR('',#4875,1.);
#3082=VECTOR('',#4876,1.);
#3083=VECTOR('',#4877,1.);
#3084=VECTOR('',#4878,1.);
#3085=VECTOR('',#4883,1.);
#3086=VECTOR('',#4888,1.);
#3087=VECTOR('',#4889,1.);
#3088=VECTOR('',#4892,1.);
#3089=VECTOR('',#4893,1.);
#3090=VECTOR('',#4894,1.);
#3091=VECTOR('',#4899,1.);
#3092=VECTOR('',#4904,1.);
#3093=VECTOR('',#4905,1.);
#3094=VECTOR('',#4910,1.);
#3095=VECTOR('',#4913,1.);
#3096=VECTOR('',#4916,1.);
#3097=VECTOR('',#4919,1.);
#3098=VECTOR('',#4920,1.);
#3099=VECTOR('',#4925,1.);
#3100=VECTOR('',#4928,1.);
#3101=VECTOR('',#4931,1.);
#3102=VECTOR('',#4932,1.);
#3103=VECTOR('',#4935,1.);
#3104=VECTOR('',#4940,1.);
#3105=VECTOR('',#4941,1.);
#3106=VECTOR('',#4950,1.);
#3107=VECTOR('',#4953,1.);
#3108=VECTOR('',#4954,1.);
#3109=VECTOR('',#4959,1.);
#3110=VECTOR('',#4960,1.);
#3111=VECTOR('',#4961,1.);
#3112=VECTOR('',#4964,1.);
#3113=VECTOR('',#4965,1.);
#3114=VECTOR('',#4974,1.);
#3115=VECTOR('',#4979,1.);
#3116=VECTOR('',#4980,1.);
#3117=VECTOR('',#4981,1.);
#3118=VECTOR('',#4984,1.);
#3119=VECTOR('',#4985,1.);
#3120=VECTOR('',#4986,1.);
#3121=VECTOR('',#5005,1.);
#3122=VECTOR('',#5006,1.);
#3123=VECTOR('',#5007,1.);
#3124=VECTOR('',#5008,1.);
#3125=VECTOR('',#5011,1.);
#3126=VECTOR('',#5012,1.);
#3127=VECTOR('',#5013,1.);
#3128=VECTOR('',#5014,1.);
#3129=VECTOR('',#5015,1.);
#3130=VECTOR('',#5020,1.);
#3131=VECTOR('',#5021,1.);
#3132=VECTOR('',#5024,1.);
#3133=VECTOR('',#5025,1.);
#3134=VECTOR('',#5026,1.);
#3135=VECTOR('',#5027,1.);
#3136=VECTOR('',#5030,1.);
#3137=VECTOR('',#5031,1.);
#3138=VECTOR('',#5034,1.);
#3139=VECTOR('',#5037,1.);
#3140=VECTOR('',#5040,1.);
#3141=VECTOR('',#5041,1.);
#3142=VECTOR('',#5042,1.);
#3143=VECTOR('',#5045,1.);
#3144=VECTOR('',#5046,1.);
#3145=VECTOR('',#5049,1.);
#3146=VECTOR('',#5052,1.);
#3147=VECTOR('',#5053,1.);
#3148=VECTOR('',#5056,1.);
#3149=VECTOR('',#5059,1.);
#3150=VECTOR('',#5062,1.);
#3151=VECTOR('',#5065,1.);
#3152=VECTOR('',#5068,1.);
#3153=VECTOR('',#5071,1.);
#3154=VECTOR('',#5074,1.);
#3155=VECTOR('',#5077,1.);
#3156=VECTOR('',#5080,1.);
#3157=VECTOR('',#5087,1.);
#3158=VECTOR('',#5088,1.);
#3159=VECTOR('',#5089,1.);
#3160=VECTOR('',#5092,1.);
#3161=VECTOR('',#5093,1.);
#3162=VECTOR('',#5094,1.);
#3163=VECTOR('',#5097,1.);
#3164=VECTOR('',#5098,1.);
#3165=VECTOR('',#5099,1.);
#3166=VECTOR('',#5102,1.);
#3167=VECTOR('',#5103,1.);
#3168=VECTOR('',#5104,1.);
#3169=VECTOR('',#5107,1.);
#3170=VECTOR('',#5108,1.);
#3171=VECTOR('',#5109,1.);
#3172=VECTOR('',#5110,1.);
#3173=VECTOR('',#5113,1.);
#3174=VECTOR('',#5116,1.);
#3175=VECTOR('',#5117,1.);
#3176=VECTOR('',#5120,1.);
#3177=VECTOR('',#5123,1.);
#3178=VECTOR('',#5126,1.);
#3179=VECTOR('',#5129,1.);
#3180=VECTOR('',#5132,1.);
#3181=VECTOR('',#5135,1.);
#3182=VECTOR('',#5138,1.);
#3183=VECTOR('',#5141,1.);
#3184=VECTOR('',#5144,1.);
#3185=VECTOR('',#5149,1.);
#3186=VECTOR('',#5150,1.);
#3187=VECTOR('',#5151,1.);
#3188=VECTOR('',#5154,1.);
#3189=VECTOR('',#5155,1.);
#3190=VECTOR('',#5156,1.);
#3191=VECTOR('',#5159,1.);
#3192=VECTOR('',#5160,1.);
#3193=VECTOR('',#5163,1.);
#3194=VECTOR('',#5164,1.);
#3195=VECTOR('',#5165,1.);
#3196=VECTOR('',#5168,1.);
#3197=VECTOR('',#5169,1.);
#3198=VECTOR('',#5172,1.);
#3199=VECTOR('',#5173,1.);
#3200=VECTOR('',#5176,1.);
#3201=VECTOR('',#5177,1.);
#3202=VECTOR('',#5178,1.);
#3203=VECTOR('',#5179,1.);
#3204=VECTOR('',#5182,1.);
#3205=VECTOR('',#5183,1.);
#3206=VECTOR('',#5186,1.);
#3207=VECTOR('',#5187,1.);
#3208=VECTOR('',#5190,1.);
#3209=VECTOR('',#5191,1.);
#3210=VECTOR('',#5194,1.);
#3211=VECTOR('',#5195,1.);
#3212=VECTOR('',#5196,1.);
#3213=VECTOR('',#5199,1.);
#3214=VECTOR('',#5204,1.);
#3215=VECTOR('',#5205,1.);
#3216=VECTOR('',#5206,1.);
#3217=VECTOR('',#5209,1.);
#3218=VECTOR('',#5210,1.);
#3219=VECTOR('',#5213,1.);
#3220=VECTOR('',#5216,1.);
#3221=VECTOR('',#5219,1.);
#3222=VECTOR('',#5222,1.);
#3223=VECTOR('',#5225,1.);
#3224=VECTOR('',#5226,1.);
#3225=VECTOR('',#5229,1.);
#3226=VECTOR('',#5230,1.);
#3227=VECTOR('',#5231,1.);
#3228=VECTOR('',#5236,1.);
#3229=VECTOR('',#5239,1.);
#3230=VECTOR('',#5240,1.);
#3231=VECTOR('',#5243,1.);
#3232=VECTOR('',#5246,1.);
#3233=VECTOR('',#5249,1.);
#3234=VECTOR('',#5252,1.);
#3235=VECTOR('',#5261,1.);
#3236=VECTOR('',#5266,1.);
#3237=VECTOR('',#5267,1.);
#3238=VECTOR('',#5286,1.);
#3239=VECTOR('',#5293,1.);
#3240=VECTOR('',#5294,1.);
#3241=VECTOR('',#5297,1.);
#3242=VECTOR('',#5300,1.);
#3243=VECTOR('',#5303,1.);
#3244=VECTOR('',#5306,1.);
#3245=VECTOR('',#5311,1.);
#3246=VECTOR('',#5316,1.);
#3247=VECTOR('',#5319,1.);
#3248=VECTOR('',#5320,1.);
#3249=VECTOR('',#5323,1.);
#3250=VECTOR('',#5330,1.);
#3251=VECTOR('',#5331,1.);
#3252=VECTOR('',#5336,1.);
#3253=VECTOR('',#5359,1.);
#3254=VECTOR('',#5360,1.);
#3255=VECTOR('',#5363,1.);
#3256=VECTOR('',#5366,1.);
#3257=VECTOR('',#5367,1.);
#3258=VECTOR('',#5368,1.);
#3259=VECTOR('',#5387,1.);
#3260=VECTOR('',#5388,1.);
#3261=VECTOR('',#5391,1.);
#3262=VECTOR('',#5394,1.);
#3263=VECTOR('',#5395,1.);
#3264=VECTOR('',#5398,1.);
#3265=VECTOR('',#5399,1.);
#3266=VECTOR('',#5402,1.);
#3267=VECTOR('',#5407,1.);
#3268=VECTOR('',#5410,1.);
#3269=VECTOR('',#5413,1.);
#3270=VECTOR('',#5414,1.);
#3271=VECTOR('',#5417,1.);
#3272=VECTOR('',#5418,1.);
#3273=VECTOR('',#5423,1.);
#3274=VECTOR('',#5424,1.);
#3275=VECTOR('',#5429,1.);
#3276=VECTOR('',#5430,1.);
#3277=VECTOR('',#5433,1.);
#3278=VECTOR('',#5436,1.);
#3279=VECTOR('',#5437,1.);
#3280=VECTOR('',#5440,1.);
#3281=VECTOR('',#5455,1.);
#3282=VECTOR('',#5456,1.);
#3283=VECTOR('',#5461,1.);
#3284=VECTOR('',#5464,1.);
#3285=VECTOR('',#5469,1.);
#3286=VECTOR('',#5470,1.);
#3287=VECTOR('',#5473,1.);
#3288=VECTOR('',#5476,1.);
#3289=EDGE_LOOP('',(#228,#229,#230,#231,#232,#233,#234,#235));
#3290=EDGE_LOOP('',(#236,#237,#238,#239,#240,#241,#242,#243));
#3291=EDGE_LOOP('',(#244,#245,#246,#247,#248,#249,#250,#251,#252,#253,#254,
#255,#256,#257,#258,#259));
#3292=EDGE_LOOP('',(#260,#261,#262,#263,#264,#265,#266,#267,#268,#269,#270,
#271,#272,#273,#274,#275,#276,#277,#278,#279,#280,#281,#282,#283,#284,#285,
#286,#287,#288,#289,#290,#291,#292));
#3293=EDGE_LOOP('',(#293,#294,#295,#296,#297,#298,#299,#300,#301,#302,#303,
#304,#305,#306,#307,#308,#309,#310,#311,#312,#313,#314,#315,#316,#317));
#3294=EDGE_LOOP('',(#318,#319,#320,#321,#322,#323));
#3295=EDGE_LOOP('',(#324,#325,#326,#327));
#3296=EDGE_LOOP('',(#328,#329,#330,#331,#332,#333,#334,#335,#336,#337,#338,
#339,#340,#341,#342,#343,#344,#345,#346,#347,#348,#349,#350,#351,#352,#353,
#354,#355,#356,#357,#358,#359,#360,#361,#362,#363,#364,#365,#366,#367,#368));
#3297=EDGE_LOOP('',(#369,#370,#371,#372));
#3298=EDGE_LOOP('',(#373,#374,#375,#376));
#3299=EDGE_LOOP('',(#377,#378,#379,#380,#381,#382));
#3300=EDGE_LOOP('',(#383,#384,#385,#386,#387,#388,#389,#390,#391,#392,#393,
#394,#395,#396,#397,#398,#399,#400,#401,#402,#403,#404,#405,#406,#407,#408,
#409,#410,#411));
#3301=EDGE_LOOP('',(#412,#413,#414,#415));
#3302=EDGE_LOOP('',(#416,#417,#418,#419,#420));
#3303=EDGE_LOOP('',(#421,#422,#423,#424));
#3304=EDGE_LOOP('',(#425));
#3305=EDGE_LOOP('',(#426));
#3306=EDGE_LOOP('',(#427,#428,#429,#430));
#3307=EDGE_LOOP('',(#431,#432,#433));
#3308=EDGE_LOOP('',(#434,#435,#436,#437,#438,#439));
#3309=EDGE_LOOP('',(#440,#441,#442));
#3310=EDGE_LOOP('',(#443,#444,#445,#446,#447));
#3311=EDGE_LOOP('',(#448,#449,#450,#451));
#3312=EDGE_LOOP('',(#452,#453,#454,#455,#456));
#3313=EDGE_LOOP('',(#457,#458,#459,#460,#461));
#3314=EDGE_LOOP('',(#462,#463,#464,#465,#466,#467));
#3315=EDGE_LOOP('',(#468,#469,#470,#471,#472,#473));
#3316=EDGE_LOOP('',(#474,#475,#476,#477,#478));
#3317=EDGE_LOOP('',(#479,#480,#481));
#3318=EDGE_LOOP('',(#482,#483,#484));
#3319=EDGE_LOOP('',(#485,#486,#487,#488,#489,#490));
#3320=EDGE_LOOP('',(#491,#492,#493,#494,#495,#496,#497));
#3321=EDGE_LOOP('',(#498,#499,#500,#501,#502,#503,#504,#505,#506,#507));
#3322=EDGE_LOOP('',(#508,#509,#510,#511));
#3323=EDGE_LOOP('',(#512,#513,#514,#515));
#3324=EDGE_LOOP('',(#516,#517,#518,#519,#520,#521,#522,#523,#524,#525));
#3325=EDGE_LOOP('',(#526,#527,#528,#529,#530,#531,#532,#533,#534,#535,#536,
#537,#538,#539,#540,#541,#542,#543,#544));
#3326=EDGE_LOOP('',(#545,#546,#547,#548,#549));
#3327=EDGE_LOOP('',(#550,#551,#552,#553));
#3328=EDGE_LOOP('',(#554,#555,#556,#557,#558,#559,#560,#561));
#3329=EDGE_LOOP('',(#562,#563,#564,#565,#566));
#3330=EDGE_LOOP('',(#567,#568,#569,#570,#571));
#3331=EDGE_LOOP('',(#572,#573,#574,#575,#576,#577));
#3332=EDGE_LOOP('',(#578,#579,#580,#581,#582,#583,#584,#585));
#3333=EDGE_LOOP('',(#586,#587,#588,#589,#590,#591,#592));
#3334=EDGE_LOOP('',(#593,#594,#595,#596,#597,#598,#599,#600,#601,#602,#603,
#604,#605,#606,#607,#608,#609,#610,#611));
#3335=EDGE_LOOP('',(#612,#613,#614,#615,#616,#617));
#3336=EDGE_LOOP('',(#618,#619,#620,#621,#622,#623,#624,#625));
#3337=EDGE_LOOP('',(#626,#627,#628,#629,#630,#631));
#3338=EDGE_LOOP('',(#632,#633,#634,#635,#636,#637,#638));
#3339=EDGE_LOOP('',(#639,#640,#641,#642,#643,#644,#645));
#3340=EDGE_LOOP('',(#646,#647,#648,#649));
#3341=EDGE_LOOP('',(#650,#651,#652,#653,#654,#655));
#3342=EDGE_LOOP('',(#656,#657,#658,#659,#660));
#3343=EDGE_LOOP('',(#661,#662,#663,#664,#665));
#3344=EDGE_LOOP('',(#666,#667,#668,#669));
#3345=EDGE_LOOP('',(#670,#671,#672,#673,#674));
#3346=EDGE_LOOP('',(#675,#676,#677,#678));
#3347=EDGE_LOOP('',(#679));
#3348=EDGE_LOOP('',(#680,#681,#682,#683));
#3349=EDGE_LOOP('',(#684,#685,#686,#687));
#3350=EDGE_LOOP('',(#688,#689,#690,#691));
#3351=EDGE_LOOP('',(#692));
#3352=EDGE_LOOP('',(#693,#694,#695,#696));
#3353=EDGE_LOOP('',(#697,#698,#699,#700));
#3354=EDGE_LOOP('',(#701,#702,#703,#704));
#3355=EDGE_LOOP('',(#705));
#3356=EDGE_LOOP('',(#706,#707,#708,#709));
#3357=EDGE_LOOP('',(#710));
#3358=EDGE_LOOP('',(#711,#712,#713,#714));
#3359=EDGE_LOOP('',(#715,#716,#717,#718,#719));
#3360=EDGE_LOOP('',(#720,#721,#722,#723,#724,#725,#726));
#3361=EDGE_LOOP('',(#727,#728,#729,#730,#731,#732,#733,#734,#735,#736));
#3362=EDGE_LOOP('',(#737,#738,#739,#740));
#3363=EDGE_LOOP('',(#741,#742,#743,#744));
#3364=EDGE_LOOP('',(#745,#746,#747,#748));
#3365=EDGE_LOOP('',(#749,#750,#751,#752));
#3366=EDGE_LOOP('',(#753,#754,#755,#756));
#3367=EDGE_LOOP('',(#757,#758,#759,#760));
#3368=EDGE_LOOP('',(#761,#762,#763,#764));
#3369=EDGE_LOOP('',(#765,#766,#767,#768));
#3370=EDGE_LOOP('',(#769,#770,#771,#772));
#3371=EDGE_LOOP('',(#773,#774,#775,#776));
#3372=EDGE_LOOP('',(#777,#778,#779,#780,#781));
#3373=EDGE_LOOP('',(#782,#783,#784,#785,#786,#787,#788));
#3374=EDGE_LOOP('',(#789,#790,#791,#792,#793,#794));
#3375=EDGE_LOOP('',(#795,#796,#797,#798,#799,#800));
#3376=EDGE_LOOP('',(#801,#802,#803,#804,#805,#806,#807));
#3377=EDGE_LOOP('',(#808,#809,#810,#811,#812));
#3378=EDGE_LOOP('',(#813,#814,#815,#816));
#3379=EDGE_LOOP('',(#817,#818,#819,#820));
#3380=EDGE_LOOP('',(#821,#822,#823,#824));
#3381=EDGE_LOOP('',(#825,#826,#827,#828));
#3382=EDGE_LOOP('',(#829,#830,#831,#832));
#3383=EDGE_LOOP('',(#833,#834,#835,#836,#837,#838,#839,#840,#841,#842));
#3384=EDGE_LOOP('',(#843,#844,#845,#846,#847));
#3385=EDGE_LOOP('',(#848,#849,#850,#851));
#3386=EDGE_LOOP('',(#852,#853,#854,#855));
#3387=EDGE_LOOP('',(#856,#857,#858,#859));
#3388=EDGE_LOOP('',(#860,#861,#862,#863));
#3389=EDGE_LOOP('',(#864,#865,#866,#867,#868,#869));
#3390=EDGE_LOOP('',(#870,#871,#872,#873,#874));
#3391=EDGE_LOOP('',(#875,#876,#877,#878));
#3392=EDGE_LOOP('',(#879,#880,#881,#882));
#3393=EDGE_LOOP('',(#883,#884,#885,#886));
#3394=EDGE_LOOP('',(#887,#888,#889,#890));
#3395=EDGE_LOOP('',(#891,#892,#893,#894,#895,#896));
#3396=EDGE_LOOP('',(#897,#898,#899,#900,#901,#902,#903,#904));
#3397=EDGE_LOOP('',(#905,#906,#907,#908));
#3398=EDGE_LOOP('',(#909,#910,#911,#912));
#3399=EDGE_LOOP('',(#913,#914,#915));
#3400=EDGE_LOOP('',(#916,#917,#918,#919));
#3401=EDGE_LOOP('',(#920,#921,#922,#923));
#3402=EDGE_LOOP('',(#924,#925,#926,#927));
#3403=EDGE_LOOP('',(#928,#929,#930,#931));
#3404=EDGE_LOOP('',(#932,#933,#934));
#3405=EDGE_LOOP('',(#935,#936,#937));
#3406=EDGE_LOOP('',(#938,#939,#940,#941));
#3407=EDGE_LOOP('',(#942,#943,#944,#945));
#3408=EDGE_LOOP('',(#946,#947,#948));
#3409=EDGE_LOOP('',(#949,#950,#951,#952,#953));
#3410=EDGE_LOOP('',(#954,#955,#956));
#3411=EDGE_LOOP('',(#957,#958,#959,#960));
#3412=EDGE_LOOP('',(#961,#962,#963));
#3413=EDGE_LOOP('',(#964,#965,#966,#967));
#3414=EDGE_LOOP('',(#968,#969,#970,#971));
#3415=EDGE_LOOP('',(#972,#973,#974));
#3416=EDGE_LOOP('',(#975,#976,#977,#978));
#3417=EDGE_LOOP('',(#979,#980,#981,#982));
#3418=EDGE_LOOP('',(#983,#984,#985,#986,#987));
#3419=EDGE_LOOP('',(#988,#989,#990,#991,#992));
#3420=EDGE_LOOP('',(#993,#994,#995,#996));
#3421=EDGE_LOOP('',(#997,#998,#999,#1000));
#3422=EDGE_LOOP('',(#1001,#1002,#1003,#1004,#1005));
#3423=EDGE_LOOP('',(#1006,#1007,#1008));
#3424=EDGE_LOOP('',(#1009,#1010,#1011,#1012));
#3425=EDGE_LOOP('',(#1013,#1014,#1015));
#3426=EDGE_LOOP('',(#1016,#1017,#1018,#1019,#1020));
#3427=EDGE_LOOP('',(#1021,#1022,#1023,#1024));
#3428=EDGE_LOOP('',(#1025,#1026,#1027,#1028));
#3429=EDGE_LOOP('',(#1029,#1030,#1031,#1032));
#3430=EDGE_LOOP('',(#1033,#1034,#1035,#1036));
#3431=EDGE_LOOP('',(#1037,#1038,#1039,#1040,#1041,#1042));
#3432=EDGE_LOOP('',(#1043,#1044,#1045,#1046));
#3433=EDGE_LOOP('',(#1047,#1048,#1049,#1050));
#3434=EDGE_LOOP('',(#1051,#1052,#1053,#1054));
#3435=EDGE_LOOP('',(#1055,#1056,#1057,#1058));
#3436=EDGE_LOOP('',(#1059,#1060,#1061,#1062));
#3437=EDGE_LOOP('',(#1063,#1064,#1065,#1066));
#3438=EDGE_LOOP('',(#1067,#1068,#1069,#1070));
#3439=EDGE_LOOP('',(#1071,#1072,#1073,#1074,#1075,#1076,#1077,#1078,#1079,
#1080));
#3440=EDGE_LOOP('',(#1081,#1082,#1083,#1084,#1085));
#3441=EDGE_LOOP('',(#1086,#1087,#1088,#1089,#1090,#1091));
#3442=EDGE_LOOP('',(#1092,#1093,#1094,#1095,#1096,#1097,#1098,#1099));
#3443=EDGE_LOOP('',(#1100,#1101,#1102,#1103,#1104));
#3444=EDGE_LOOP('',(#1105,#1106,#1107,#1108,#1109));
#3445=EDGE_LOOP('',(#1110,#1111,#1112,#1113));
#3446=EDGE_LOOP('',(#1114,#1115,#1116,#1117,#1118,#1119));
#3447=EDGE_LOOP('',(#1120,#1121,#1122,#1123,#1124,#1125,#1126,#1127));
#3448=EDGE_LOOP('',(#1128,#1129,#1130,#1131,#1132,#1133,#1134));
#3449=EDGE_LOOP('',(#1135,#1136,#1137,#1138));
#3450=EDGE_LOOP('',(#1139,#1140,#1141,#1142,#1143));
#3451=EDGE_LOOP('',(#1144,#1145,#1146));
#3452=EDGE_LOOP('',(#1147,#1148,#1149,#1150,#1151));
#3453=EDGE_LOOP('',(#1152,#1153,#1154,#1155,#1156,#1157));
#3454=EDGE_LOOP('',(#1158,#1159,#1160,#1161));
#3455=EDGE_LOOP('',(#1162,#1163,#1164,#1165));
#3456=EDGE_LOOP('',(#1166,#1167,#1168,#1169));
#3457=EDGE_LOOP('',(#1170,#1171,#1172,#1173,#1174,#1175,#1176));
#3458=EDGE_LOOP('',(#1177,#1178,#1179,#1180));
#3459=EDGE_LOOP('',(#1181,#1182,#1183,#1184));
#3460=EDGE_LOOP('',(#1185,#1186,#1187,#1188));
#3461=EDGE_LOOP('',(#1189,#1190,#1191,#1192,#1193,#1194));
#3462=EDGE_LOOP('',(#1195,#1196,#1197,#1198));
#3463=EDGE_LOOP('',(#1199,#1200,#1201,#1202,#1203,#1204,#1205));
#3464=EDGE_LOOP('',(#1206,#1207,#1208,#1209));
#3465=EDGE_LOOP('',(#1210));
#3466=EDGE_LOOP('',(#1211));
#3467=EDGE_LOOP('',(#1212,#1213,#1214,#1215,#1216,#1217,#1218));
#3468=EDGE_LOOP('',(#1219,#1220,#1221,#1222,#1223,#1224,#1225));
#3469=EDGE_LOOP('',(#1226,#1227,#1228,#1229));
#3470=EDGE_LOOP('',(#1230,#1231,#1232,#1233));
#3471=EDGE_LOOP('',(#1234,#1235,#1236,#1237,#1238,#1239,#1240,#1241));
#3472=EDGE_LOOP('',(#1242,#1243,#1244,#1245));
#3473=EDGE_LOOP('',(#1246,#1247,#1248,#1249));
#3474=EDGE_LOOP('',(#1250,#1251,#1252,#1253,#1254,#1255));
#3475=EDGE_LOOP('',(#1256,#1257,#1258,#1259));
#3476=EDGE_LOOP('',(#1260,#1261,#1262,#1263));
#3477=EDGE_LOOP('',(#1264,#1265,#1266,#1267));
#3478=EDGE_LOOP('',(#1268,#1269,#1270,#1271));
#3479=EDGE_LOOP('',(#1272,#1273,#1274,#1275));
#3480=EDGE_LOOP('',(#1276,#1277,#1278,#1279));
#3481=EDGE_LOOP('',(#1280,#1281,#1282,#1283,#1284,#1285,#1286,#1287,#1288));
#3482=EDGE_LOOP('',(#1289,#1290,#1291,#1292,#1293,#1294,#1295,#1296));
#3483=EDGE_LOOP('',(#1297,#1298,#1299,#1300,#1301,#1302,#1303,#1304));
#3484=EDGE_LOOP('',(#1305,#1306,#1307,#1308,#1309,#1310,#1311,#1312,#1313,
#1314,#1315,#1316,#1317,#1318));
#3485=EDGE_LOOP('',(#1319,#1320,#1321,#1322));
#3486=EDGE_LOOP('',(#1323,#1324,#1325,#1326));
#3487=EDGE_LOOP('',(#1327,#1328,#1329,#1330,#1331,#1332));
#3488=EDGE_LOOP('',(#1333,#1334,#1335,#1336));
#3489=EDGE_LOOP('',(#1337,#1338,#1339,#1340));
#3490=EDGE_LOOP('',(#1341,#1342,#1343,#1344));
#3491=EDGE_LOOP('',(#1345,#1346,#1347,#1348,#1349,#1350));
#3492=EDGE_LOOP('',(#1351,#1352,#1353,#1354));
#3493=EDGE_LOOP('',(#1355,#1356,#1357,#1358));
#3494=EDGE_LOOP('',(#1359,#1360,#1361,#1362));
#3495=EDGE_LOOP('',(#1363,#1364,#1365,#1366));
#3496=EDGE_LOOP('',(#1367,#1368,#1369,#1370));
#3497=EDGE_LOOP('',(#1371,#1372,#1373,#1374));
#3498=EDGE_LOOP('',(#1375,#1376,#1377,#1378,#1379));
#3499=EDGE_LOOP('',(#1380,#1381,#1382,#1383,#1384,#1385));
#3500=EDGE_LOOP('',(#1386,#1387,#1388,#1389,#1390));
#3501=EDGE_LOOP('',(#1391,#1392,#1393,#1394));
#3502=EDGE_LOOP('',(#1395,#1396,#1397,#1398));
#3503=EDGE_LOOP('',(#1399,#1400,#1401,#1402,#1403));
#3504=EDGE_LOOP('',(#1404,#1405,#1406,#1407));
#3505=EDGE_LOOP('',(#1408,#1409,#1410,#1411));
#3506=EDGE_LOOP('',(#1412,#1413,#1414,#1415));
#3507=EDGE_LOOP('',(#1416,#1417,#1418,#1419));
#3508=FACE_BOUND('',#3289,.T.);
#3509=FACE_BOUND('',#3290,.T.);
#3510=FACE_BOUND('',#3291,.T.);
#3511=FACE_BOUND('',#3292,.T.);
#3512=FACE_BOUND('',#3293,.T.);
#3513=FACE_BOUND('',#3294,.T.);
#3514=FACE_BOUND('',#3295,.T.);
#3515=FACE_BOUND('',#3296,.T.);
#3516=FACE_BOUND('',#3297,.T.);
#3517=FACE_BOUND('',#3298,.T.);
#3518=FACE_BOUND('',#3299,.T.);
#3519=FACE_BOUND('',#3300,.T.);
#3520=FACE_BOUND('',#3301,.T.);
#3521=FACE_BOUND('',#3302,.T.);
#3522=FACE_BOUND('',#3303,.T.);
#3523=FACE_BOUND('',#3304,.T.);
#3524=FACE_BOUND('',#3305,.T.);
#3525=FACE_BOUND('',#3306,.T.);
#3526=FACE_BOUND('',#3307,.T.);
#3527=FACE_BOUND('',#3308,.T.);
#3528=FACE_BOUND('',#3309,.T.);
#3529=FACE_BOUND('',#3310,.T.);
#3530=FACE_BOUND('',#3311,.T.);
#3531=FACE_BOUND('',#3312,.T.);
#3532=FACE_BOUND('',#3313,.T.);
#3533=FACE_BOUND('',#3314,.T.);
#3534=FACE_BOUND('',#3315,.T.);
#3535=FACE_BOUND('',#3316,.T.);
#3536=FACE_BOUND('',#3317,.T.);
#3537=FACE_BOUND('',#3318,.T.);
#3538=FACE_BOUND('',#3319,.T.);
#3539=FACE_BOUND('',#3320,.T.);
#3540=FACE_BOUND('',#3321,.T.);
#3541=FACE_BOUND('',#3322,.T.);
#3542=FACE_BOUND('',#3323,.T.);
#3543=FACE_BOUND('',#3324,.T.);
#3544=FACE_BOUND('',#3325,.T.);
#3545=FACE_BOUND('',#3326,.T.);
#3546=FACE_BOUND('',#3327,.T.);
#3547=FACE_BOUND('',#3328,.T.);
#3548=FACE_BOUND('',#3329,.T.);
#3549=FACE_BOUND('',#3330,.T.);
#3550=FACE_BOUND('',#3331,.T.);
#3551=FACE_BOUND('',#3332,.T.);
#3552=FACE_BOUND('',#3333,.T.);
#3553=FACE_BOUND('',#3334,.T.);
#3554=FACE_BOUND('',#3335,.T.);
#3555=FACE_BOUND('',#3336,.T.);
#3556=FACE_BOUND('',#3337,.T.);
#3557=FACE_BOUND('',#3338,.T.);
#3558=FACE_BOUND('',#3339,.T.);
#3559=FACE_BOUND('',#3340,.T.);
#3560=FACE_BOUND('',#3341,.T.);
#3561=FACE_BOUND('',#3342,.T.);
#3562=FACE_BOUND('',#3343,.T.);
#3563=FACE_BOUND('',#3344,.T.);
#3564=FACE_BOUND('',#3345,.T.);
#3565=FACE_BOUND('',#3346,.T.);
#3566=FACE_BOUND('',#3347,.T.);
#3567=FACE_BOUND('',#3348,.T.);
#3568=FACE_BOUND('',#3349,.T.);
#3569=FACE_BOUND('',#3350,.T.);
#3570=FACE_BOUND('',#3351,.T.);
#3571=FACE_BOUND('',#3352,.T.);
#3572=FACE_BOUND('',#3353,.T.);
#3573=FACE_BOUND('',#3354,.T.);
#3574=FACE_BOUND('',#3355,.T.);
#3575=FACE_BOUND('',#3356,.T.);
#3576=FACE_BOUND('',#3357,.T.);
#3577=FACE_BOUND('',#3358,.T.);
#3578=FACE_BOUND('',#3359,.T.);
#3579=FACE_BOUND('',#3360,.T.);
#3580=FACE_BOUND('',#3361,.T.);
#3581=FACE_BOUND('',#3362,.T.);
#3582=FACE_BOUND('',#3363,.T.);
#3583=FACE_BOUND('',#3364,.T.);
#3584=FACE_BOUND('',#3365,.T.);
#3585=FACE_BOUND('',#3366,.T.);
#3586=FACE_BOUND('',#3367,.T.);
#3587=FACE_BOUND('',#3368,.T.);
#3588=FACE_BOUND('',#3369,.T.);
#3589=FACE_BOUND('',#3370,.T.);
#3590=FACE_BOUND('',#3371,.T.);
#3591=FACE_BOUND('',#3372,.T.);
#3592=FACE_BOUND('',#3373,.T.);
#3593=FACE_BOUND('',#3374,.T.);
#3594=FACE_BOUND('',#3375,.T.);
#3595=FACE_BOUND('',#3376,.T.);
#3596=FACE_BOUND('',#3377,.T.);
#3597=FACE_BOUND('',#3378,.T.);
#3598=FACE_BOUND('',#3379,.T.);
#3599=FACE_BOUND('',#3380,.T.);
#3600=FACE_BOUND('',#3381,.T.);
#3601=FACE_BOUND('',#3382,.T.);
#3602=FACE_BOUND('',#3383,.T.);
#3603=FACE_BOUND('',#3384,.T.);
#3604=FACE_BOUND('',#3385,.T.);
#3605=FACE_BOUND('',#3386,.T.);
#3606=FACE_BOUND('',#3387,.T.);
#3607=FACE_BOUND('',#3388,.T.);
#3608=FACE_BOUND('',#3389,.T.);
#3609=FACE_BOUND('',#3390,.T.);
#3610=FACE_BOUND('',#3391,.T.);
#3611=FACE_BOUND('',#3392,.T.);
#3612=FACE_BOUND('',#3393,.T.);
#3613=FACE_BOUND('',#3394,.T.);
#3614=FACE_BOUND('',#3395,.T.);
#3615=FACE_BOUND('',#3396,.T.);
#3616=FACE_BOUND('',#3397,.T.);
#3617=FACE_BOUND('',#3398,.T.);
#3618=FACE_BOUND('',#3399,.T.);
#3619=FACE_BOUND('',#3400,.T.);
#3620=FACE_BOUND('',#3401,.T.);
#3621=FACE_BOUND('',#3402,.T.);
#3622=FACE_BOUND('',#3403,.T.);
#3623=FACE_BOUND('',#3404,.T.);
#3624=FACE_BOUND('',#3405,.T.);
#3625=FACE_BOUND('',#3406,.T.);
#3626=FACE_BOUND('',#3407,.T.);
#3627=FACE_BOUND('',#3408,.T.);
#3628=FACE_BOUND('',#3409,.T.);
#3629=FACE_BOUND('',#3410,.T.);
#3630=FACE_BOUND('',#3411,.T.);
#3631=FACE_BOUND('',#3412,.T.);
#3632=FACE_BOUND('',#3413,.T.);
#3633=FACE_BOUND('',#3414,.T.);
#3634=FACE_BOUND('',#3415,.T.);
#3635=FACE_BOUND('',#3416,.T.);
#3636=FACE_BOUND('',#3417,.T.);
#3637=FACE_BOUND('',#3418,.T.);
#3638=FACE_BOUND('',#3419,.T.);
#3639=FACE_BOUND('',#3420,.T.);
#3640=FACE_BOUND('',#3421,.T.);
#3641=FACE_BOUND('',#3422,.T.);
#3642=FACE_BOUND('',#3423,.T.);
#3643=FACE_BOUND('',#3424,.T.);
#3644=FACE_BOUND('',#3425,.T.);
#3645=FACE_BOUND('',#3426,.T.);
#3646=FACE_BOUND('',#3427,.T.);
#3647=FACE_BOUND('',#3428,.T.);
#3648=FACE_BOUND('',#3429,.T.);
#3649=FACE_BOUND('',#3430,.T.);
#3650=FACE_BOUND('',#3431,.T.);
#3651=FACE_BOUND('',#3432,.T.);
#3652=FACE_BOUND('',#3433,.T.);
#3653=FACE_BOUND('',#3434,.T.);
#3654=FACE_BOUND('',#3435,.T.);
#3655=FACE_BOUND('',#3436,.T.);
#3656=FACE_BOUND('',#3437,.T.);
#3657=FACE_BOUND('',#3438,.T.);
#3658=FACE_BOUND('',#3439,.T.);
#3659=FACE_BOUND('',#3440,.T.);
#3660=FACE_BOUND('',#3441,.T.);
#3661=FACE_BOUND('',#3442,.T.);
#3662=FACE_BOUND('',#3443,.T.);
#3663=FACE_BOUND('',#3444,.T.);
#3664=FACE_BOUND('',#3445,.T.);
#3665=FACE_BOUND('',#3446,.T.);
#3666=FACE_BOUND('',#3447,.T.);
#3667=FACE_BOUND('',#3448,.T.);
#3668=FACE_BOUND('',#3449,.T.);
#3669=FACE_BOUND('',#3450,.T.);
#3670=FACE_BOUND('',#3451,.T.);
#3671=FACE_BOUND('',#3452,.T.);
#3672=FACE_BOUND('',#3453,.T.);
#3673=FACE_BOUND('',#3454,.T.);
#3674=FACE_BOUND('',#3455,.T.);
#3675=FACE_BOUND('',#3456,.T.);
#3676=FACE_BOUND('',#3457,.T.);
#3677=FACE_BOUND('',#3458,.T.);
#3678=FACE_BOUND('',#3459,.T.);
#3679=FACE_BOUND('',#3460,.T.);
#3680=FACE_BOUND('',#3461,.T.);
#3681=FACE_BOUND('',#3462,.T.);
#3682=FACE_BOUND('',#3463,.T.);
#3683=FACE_BOUND('',#3464,.T.);
#3684=FACE_BOUND('',#3465,.T.);
#3685=FACE_BOUND('',#3466,.T.);
#3686=FACE_BOUND('',#3467,.T.);
#3687=FACE_BOUND('',#3468,.T.);
#3688=FACE_BOUND('',#3469,.T.);
#3689=FACE_BOUND('',#3470,.T.);
#3690=FACE_BOUND('',#3471,.T.);
#3691=FACE_BOUND('',#3472,.T.);
#3692=FACE_BOUND('',#3473,.T.);
#3693=FACE_BOUND('',#3474,.T.);
#3694=FACE_BOUND('',#3475,.T.);
#3695=FACE_BOUND('',#3476,.T.);
#3696=FACE_BOUND('',#3477,.T.);
#3697=FACE_BOUND('',#3478,.T.);
#3698=FACE_BOUND('',#3479,.T.);
#3699=FACE_BOUND('',#3480,.T.);
#3700=FACE_BOUND('',#3481,.T.);
#3701=FACE_BOUND('',#3482,.T.);
#3702=FACE_BOUND('',#3483,.T.);
#3703=FACE_BOUND('',#3484,.T.);
#3704=FACE_BOUND('',#3485,.T.);
#3705=FACE_BOUND('',#3486,.T.);
#3706=FACE_BOUND('',#3487,.T.);
#3707=FACE_BOUND('',#3488,.T.);
#3708=FACE_BOUND('',#3489,.T.);
#3709=FACE_BOUND('',#3490,.T.);
#3710=FACE_BOUND('',#3491,.T.);
#3711=FACE_BOUND('',#3492,.T.);
#3712=FACE_BOUND('',#3493,.T.);
#3713=FACE_BOUND('',#3494,.T.);
#3714=FACE_BOUND('',#3495,.T.);
#3715=FACE_BOUND('',#3496,.T.);
#3716=FACE_BOUND('',#3497,.T.);
#3717=FACE_BOUND('',#3498,.T.);
#3718=FACE_BOUND('',#3499,.T.);
#3719=FACE_BOUND('',#3500,.T.);
#3720=FACE_BOUND('',#3501,.T.);
#3721=FACE_BOUND('',#3502,.T.);
#3722=FACE_BOUND('',#3503,.T.);
#3723=FACE_BOUND('',#3504,.T.);
#3724=FACE_BOUND('',#3505,.T.);
#3725=FACE_BOUND('',#3506,.T.);
#3726=FACE_BOUND('',#3507,.T.);
#3727=PLANE('',#4101);
#3728=PLANE('',#4105);
#3729=PLANE('',#4112);
#3730=PLANE('',#4120);
#3731=PLANE('',#4125);
#3732=PLANE('',#4128);
#3733=PLANE('',#4140);
#3734=PLANE('',#4141);
#3735=PLANE('',#4142);
#3736=PLANE('',#4143);
#3737=PLANE('',#4150);
#3738=PLANE('',#4151);
#3739=PLANE('',#4152);
#3740=PLANE('',#4158);
#3741=PLANE('',#4159);
#3742=PLANE('',#4161);
#3743=PLANE('',#4162);
#3744=PLANE('',#4163);
#3745=PLANE('',#4167);
#3746=PLANE('',#4168);
#3747=PLANE('',#4177);
#3748=PLANE('',#4178);
#3749=PLANE('',#4182);
#3750=PLANE('',#4183);
#3751=PLANE('',#4188);
#3752=PLANE('',#4190);
#3753=PLANE('',#4193);
#3754=PLANE('',#4197);
#3755=PLANE('',#4198);
#3756=PLANE('',#4199);
#3757=PLANE('',#4202);
#3758=PLANE('',#4203);
#3759=PLANE('',#4204);
#3760=PLANE('',#4210);
#3761=PLANE('',#4211);
#3762=PLANE('',#4212);
#3763=PLANE('',#4214);
#3764=PLANE('',#4217);
#3765=PLANE('',#4221);
#3766=PLANE('',#4225);
#3767=PLANE('',#4226);
#3768=PLANE('',#4227);
#3769=PLANE('',#4229);
#3770=PLANE('',#4230);
#3771=PLANE('',#4231);
#3772=PLANE('',#4232);
#3773=PLANE('',#4233);
#3774=PLANE('',#4234);
#3775=PLANE('',#4236);
#3776=PLANE('',#4237);
#3777=PLANE('',#4238);
#3778=PLANE('',#4241);
#3779=PLANE('',#4245);
#3780=PLANE('',#4247);
#3781=PLANE('',#4248);
#3782=PLANE('',#4257);
#3783=PLANE('',#4258);
#3784=PLANE('',#4259);
#3785=PLANE('',#4260);
#3786=PLANE('',#4261);
#3787=PLANE('',#4262);
#3788=PLANE('',#4265);
#3789=PLANE('',#4266);
#3790=PLANE('',#4267);
#3791=PLANE('',#4268);
#3792=PLANE('',#4272);
#3793=PLANE('',#4274);
#3794=PLANE('',#4275);
#3795=PLANE('',#4276);
#3796=PLANE('',#4277);
#3797=PLANE('',#4278);
#3798=PLANE('',#4280);
#3799=PLANE('',#4281);
#3800=PLANE('',#4282);
#3801=PLANE('',#4283);
#3802=PLANE('',#4284);
#3803=PLANE('',#4285);
#3804=PLANE('',#4286);
#3805=PLANE('',#4287);
#3806=PLANE('',#4288);
#3807=PLANE('',#4289);
#3808=PLANE('',#4290);
#3809=PLANE('',#4291);
#3810=PLANE('',#4292);
#3811=PLANE('',#4293);
#3812=PLANE('',#4294);
#3813=PLANE('',#4295);
#3814=PLANE('',#4296);
#3815=PLANE('',#4297);
#3816=PLANE('',#4298);
#3817=PLANE('',#4299);
#3818=PLANE('',#4300);
#3819=PLANE('',#4301);
#3820=PLANE('',#4302);
#3821=PLANE('',#4303);
#3822=PLANE('',#4304);
#3823=PLANE('',#4305);
#3824=PLANE('',#4306);
#3825=PLANE('',#4307);
#3826=PLANE('',#4308);
#3827=PLANE('',#4309);
#3828=PLANE('',#4310);
#3829=PLANE('',#4311);
#3830=PLANE('',#4312);
#3831=PLANE('',#4313);
#3832=PLANE('',#4314);
#3833=PLANE('',#4315);
#3834=PLANE('',#4316);
#3835=PLANE('',#4317);
#3836=PLANE('',#4320);
#3837=PLANE('',#4321);
#3838=PLANE('',#4322);
#3839=PLANE('',#4323);
#3840=PLANE('',#4324);
#3841=PLANE('',#4325);
#3842=PLANE('',#4328);
#3843=PLANE('',#4329);
#3844=PLANE('',#4331);
#3845=PLANE('',#4338);
#3846=PLANE('',#4339);
#3847=PLANE('',#4341);
#3848=PLANE('',#4342);
#3849=PLANE('',#4343);
#3850=PLANE('',#4345);
#3851=PLANE('',#4347);
#3852=PLANE('',#4351);
#3853=PLANE('',#4353);
#3854=PLANE('',#4356);
#3855=PLANE('',#4365);
#3856=PLANE('',#4366);
#3857=PLANE('',#4367);
#3858=PLANE('',#4368);
#3859=PLANE('',#4369);
#3860=PLANE('',#4370);
#3861=PLANE('',#4374);
#3862=PLANE('',#4382);
#3863=PLANE('',#4387);
#3864=PLANE('',#4388);
#3865=PLANE('',#4390);
#3866=PLANE('',#4392);
#3867=PLANE('',#4394);
#3868=PLANE('',#4395);
#3869=PLANE('',#4402);
#3870=PLANE('',#4404);
#3871=PLANE('',#4405);
#3872=PLANE('',#4406);
#3873=PLANE('',#4408);
#3874=PLANE('',#4409);
#3875=ADVANCED_FACE('',(#3508),#3727,.F.);
#3876=ADVANCED_FACE('',(#3509),#173,.F.);
#3877=ADVANCED_FACE('',(#3510),#3728,.T.);
#3878=ADVANCED_FACE('',(#3511),#3729,.F.);
#3879=ADVANCED_FACE('',(#3512),#3730,.T.);
#3880=ADVANCED_FACE('',(#3513),#3731,.T.);
#3881=ADVANCED_FACE('',(#3514),#174,.F.);
#3882=ADVANCED_FACE('',(#3515),#3732,.T.);
#3883=ADVANCED_FACE('',(#3516),#3733,.F.);
#3884=ADVANCED_FACE('',(#3517),#3734,.F.);
#3885=ADVANCED_FACE('',(#3518),#3735,.F.);
#3886=ADVANCED_FACE('',(#3519),#3736,.T.);
#3887=ADVANCED_FACE('',(#3520),#3737,.F.);
#3888=ADVANCED_FACE('',(#3521),#3738,.F.);
#3889=ADVANCED_FACE('',(#3522),#3739,.T.);
#3890=ADVANCED_FACE('',(#3523,#3524),#175,.F.);
#3891=ADVANCED_FACE('',(#3525),#176,.T.);
#3892=ADVANCED_FACE('',(#3526),#3740,.F.);
#3893=ADVANCED_FACE('',(#3527),#3741,.F.);
#3894=ADVANCED_FACE('',(#3528),#3742,.T.);
#3895=ADVANCED_FACE('',(#3529),#3743,.F.);
#3896=ADVANCED_FACE('',(#3530),#3744,.F.);
#3897=ADVANCED_FACE('',(#3531),#177,.F.);
#3898=ADVANCED_FACE('',(#3532),#3745,.T.);
#3899=ADVANCED_FACE('',(#3533),#3746,.T.);
#3900=ADVANCED_FACE('',(#3534),#178,.F.);
#3901=ADVANCED_FACE('',(#3535),#179,.F.);
#3902=ADVANCED_FACE('',(#3536),#3747,.T.);
#3903=ADVANCED_FACE('',(#3537),#3748,.T.);
#3904=ADVANCED_FACE('',(#3538),#180,.T.);
#3905=ADVANCED_FACE('',(#3539),#3749,.T.);
#3906=ADVANCED_FACE('',(#3540),#3750,.F.);
#3907=ADVANCED_FACE('',(#3541),#181,.T.);
#3908=ADVANCED_FACE('',(#3542),#3751,.T.);
#3909=ADVANCED_FACE('',(#3543),#3752,.T.);
#3910=ADVANCED_FACE('',(#3544),#3753,.T.);
#3911=ADVANCED_FACE('',(#3545),#3754,.T.);
#3912=ADVANCED_FACE('',(#3546),#3755,.F.);
#3913=ADVANCED_FACE('',(#3547),#3756,.T.);
#3914=ADVANCED_FACE('',(#3548),#16,.T.);
#3915=ADVANCED_FACE('',(#3549),#17,.T.);
#3916=ADVANCED_FACE('',(#3550),#182,.F.);
#3917=ADVANCED_FACE('',(#3551),#3757,.T.);
#3918=ADVANCED_FACE('',(#3552),#3758,.F.);
#3919=ADVANCED_FACE('',(#3553),#3759,.F.);
#3920=ADVANCED_FACE('',(#3554),#183,.F.);
#3921=ADVANCED_FACE('',(#3555),#3760,.T.);
#3922=ADVANCED_FACE('',(#3556),#3761,.T.);
#3923=ADVANCED_FACE('',(#3557),#3762,.T.);
#3924=ADVANCED_FACE('',(#3558),#3763,.F.);
#3925=ADVANCED_FACE('',(#3559),#3764,.T.);
#3926=ADVANCED_FACE('',(#3560),#184,.T.);
#3927=ADVANCED_FACE('',(#3561),#3765,.F.);
#3928=ADVANCED_FACE('',(#3562),#185,.F.);
#3929=ADVANCED_FACE('',(#3563),#186,.T.);
#3930=ADVANCED_FACE('',(#3564),#3766,.T.);
#3931=ADVANCED_FACE('',(#3565),#3767,.F.);
#3932=ADVANCED_FACE('',(#3566,#3567),#3768,.F.);
#3933=ADVANCED_FACE('',(#3568),#3769,.T.);
#3934=ADVANCED_FACE('',(#3569),#3770,.T.);
#3935=ADVANCED_FACE('',(#3570,#3571),#3771,.T.);
#3936=ADVANCED_FACE('',(#3572),#3772,.T.);
#3937=ADVANCED_FACE('',(#3573),#3773,.T.);
#3938=ADVANCED_FACE('',(#3574,#3575),#3774,.T.);
#3939=ADVANCED_FACE('',(#3576,#3577),#3775,.F.);
#3940=ADVANCED_FACE('',(#3578),#18,.F.);
#3941=ADVANCED_FACE('',(#3579),#3776,.F.);
#3942=ADVANCED_FACE('',(#3580),#3777,.T.);
#3943=ADVANCED_FACE('',(#3581),#3778,.F.);
#3944=ADVANCED_FACE('',(#3582),#187,.T.);
#3945=ADVANCED_FACE('',(#3583),#3779,.T.);
#3946=ADVANCED_FACE('',(#3584),#188,.F.);
#3947=ADVANCED_FACE('',(#3585),#3780,.T.);
#3948=ADVANCED_FACE('',(#3586),#3781,.F.);
#3949=ADVANCED_FACE('',(#3587),#189,.F.);
#3950=ADVANCED_FACE('',(#3588),#190,.F.);
#3951=ADVANCED_FACE('',(#3589),#191,.F.);
#3952=ADVANCED_FACE('',(#3590),#192,.F.);
#3953=ADVANCED_FACE('',(#3591),#3782,.T.);
#3954=ADVANCED_FACE('',(#3592),#3783,.F.);
#3955=ADVANCED_FACE('',(#3593),#3784,.T.);
#3956=ADVANCED_FACE('',(#3594),#3785,.F.);
#3957=ADVANCED_FACE('',(#3595),#3786,.T.);
#3958=ADVANCED_FACE('',(#3596),#3787,.T.);
#3959=ADVANCED_FACE('',(#3597),#193,.F.);
#3960=ADVANCED_FACE('',(#3598),#194,.F.);
#3961=ADVANCED_FACE('',(#3599),#3788,.F.);
#3962=ADVANCED_FACE('',(#3600),#3789,.F.);
#3963=ADVANCED_FACE('',(#3601),#3790,.T.);
#3964=ADVANCED_FACE('',(#3602),#3791,.T.);
#3965=ADVANCED_FACE('',(#3603),#12,.F.);
#3966=ADVANCED_FACE('',(#3604),#3792,.F.);
#3967=ADVANCED_FACE('',(#3605),#13,.F.);
#3968=ADVANCED_FACE('',(#3606),#3793,.T.);
#3969=ADVANCED_FACE('',(#3607),#3794,.F.);
#3970=ADVANCED_FACE('',(#3608),#3795,.T.);
#3971=ADVANCED_FACE('',(#3609),#3796,.T.);
#3972=ADVANCED_FACE('',(#3610),#3797,.T.);
#3973=ADVANCED_FACE('',(#3611),#195,.F.);
#3974=ADVANCED_FACE('',(#3612),#3798,.F.);
#3975=ADVANCED_FACE('',(#3613),#3799,.F.);
#3976=ADVANCED_FACE('',(#3614),#3800,.T.);
#3977=ADVANCED_FACE('',(#3615),#3801,.T.);
#3978=ADVANCED_FACE('',(#3616),#3802,.T.);
#3979=ADVANCED_FACE('',(#3617),#3803,.F.);
#3980=ADVANCED_FACE('',(#3618),#3804,.T.);
#3981=ADVANCED_FACE('',(#3619),#3805,.T.);
#3982=ADVANCED_FACE('',(#3620),#3806,.T.);
#3983=ADVANCED_FACE('',(#3621),#3807,.T.);
#3984=ADVANCED_FACE('',(#3622),#3808,.T.);
#3985=ADVANCED_FACE('',(#3623),#3809,.T.);
#3986=ADVANCED_FACE('',(#3624),#3810,.T.);
#3987=ADVANCED_FACE('',(#3625),#3811,.F.);
#3988=ADVANCED_FACE('',(#3626),#3812,.F.);
#3989=ADVANCED_FACE('',(#3627),#3813,.T.);
#3990=ADVANCED_FACE('',(#3628),#3814,.F.);
#3991=ADVANCED_FACE('',(#3629),#3815,.T.);
#3992=ADVANCED_FACE('',(#3630),#3816,.T.);
#3993=ADVANCED_FACE('',(#3631),#3817,.T.);
#3994=ADVANCED_FACE('',(#3632),#3818,.T.);
#3995=ADVANCED_FACE('',(#3633),#3819,.T.);
#3996=ADVANCED_FACE('',(#3634),#3820,.T.);
#3997=ADVANCED_FACE('',(#3635),#3821,.F.);
#3998=ADVANCED_FACE('',(#3636),#3822,.F.);
#3999=ADVANCED_FACE('',(#3637),#19,.F.);
#4000=ADVANCED_FACE('',(#3638),#20,.F.);
#4001=ADVANCED_FACE('',(#3639),#3823,.F.);
#4002=ADVANCED_FACE('',(#3640),#3824,.T.);
#4003=ADVANCED_FACE('',(#3641),#3825,.T.);
#4004=ADVANCED_FACE('',(#3642),#3826,.T.);
#4005=ADVANCED_FACE('',(#3643),#3827,.T.);
#4006=ADVANCED_FACE('',(#3644),#3828,.T.);
#4007=ADVANCED_FACE('',(#3645),#3829,.T.);
#4008=ADVANCED_FACE('',(#3646),#3830,.F.);
#4009=ADVANCED_FACE('',(#3647),#3831,.F.);
#4010=ADVANCED_FACE('',(#3648),#3832,.T.);
#4011=ADVANCED_FACE('',(#3649),#3833,.F.);
#4012=ADVANCED_FACE('',(#3650),#3834,.T.);
#4013=ADVANCED_FACE('',(#3651),#3835,.F.);
#4014=ADVANCED_FACE('',(#3652),#14,.F.);
#4015=ADVANCED_FACE('',(#3653),#3836,.T.);
#4016=ADVANCED_FACE('',(#3654),#3837,.F.);
#4017=ADVANCED_FACE('',(#3655),#3838,.F.);
#4018=ADVANCED_FACE('',(#3656),#3839,.F.);
#4019=ADVANCED_FACE('',(#3657),#3840,.T.);
#4020=ADVANCED_FACE('',(#3658),#3841,.T.);
#4021=ADVANCED_FACE('',(#3659),#15,.F.);
#4022=ADVANCED_FACE('',(#3660),#3842,.T.);
#4023=ADVANCED_FACE('',(#3661),#3843,.T.);
#4024=ADVANCED_FACE('',(#3662),#3844,.F.);
#4025=ADVANCED_FACE('',(#3663),#196,.F.);
#4026=ADVANCED_FACE('',(#3664),#197,.F.);
#4027=ADVANCED_FACE('',(#3665),#198,.F.);
#4028=ADVANCED_FACE('',(#3666),#3845,.T.);
#4029=ADVANCED_FACE('',(#3667),#3846,.F.);
#4030=ADVANCED_FACE('',(#3668),#199,.F.);
#4031=ADVANCED_FACE('',(#3669),#21,.T.);
#4032=ADVANCED_FACE('',(#3670),#3847,.T.);
#4033=ADVANCED_FACE('',(#3671),#3848,.F.);
#4034=ADVANCED_FACE('',(#3672),#3849,.T.);
#4035=ADVANCED_FACE('',(#3673),#200,.F.);
#4036=ADVANCED_FACE('',(#3674),#3850,.F.);
#4037=ADVANCED_FACE('',(#3675),#201,.F.);
#4038=ADVANCED_FACE('',(#3676),#3851,.F.);
#4039=ADVANCED_FACE('',(#3677),#202,.F.);
#4040=ADVANCED_FACE('',(#3678),#3852,.F.);
#4041=ADVANCED_FACE('',(#3679),#203,.F.);
#4042=ADVANCED_FACE('',(#3680),#3853,.F.);
#4043=ADVANCED_FACE('',(#3681),#204,.F.);
#4044=ADVANCED_FACE('',(#3682),#3854,.T.);
#4045=ADVANCED_FACE('',(#3683),#205,.F.);
#4046=ADVANCED_FACE('',(#3684,#3685),#206,.F.);
#4047=ADVANCED_FACE('',(#3686),#207,.F.);
#4048=ADVANCED_FACE('',(#3687),#208,.F.);
#4049=ADVANCED_FACE('',(#3688),#3855,.T.);
#4050=ADVANCED_FACE('',(#3689),#3856,.T.);
#4051=ADVANCED_FACE('',(#3690),#3857,.T.);
#4052=ADVANCED_FACE('',(#3691),#3858,.F.);
#4053=ADVANCED_FACE('',(#3692),#3859,.T.);
#4054=ADVANCED_FACE('',(#3693),#3860,.T.);
#4055=ADVANCED_FACE('',(#3694),#209,.F.);
#4056=ADVANCED_FACE('',(#3695),#210,.F.);
#4057=ADVANCED_FACE('',(#3696),#211,.T.);
#4058=ADVANCED_FACE('',(#3697),#3861,.F.);
#4059=ADVANCED_FACE('',(#3698),#212,.T.);
#4060=ADVANCED_FACE('',(#3699),#213,.T.);
#4061=ADVANCED_FACE('',(#3700),#214,.T.);
#4062=ADVANCED_FACE('',(#3701),#215,.F.);
#4063=ADVANCED_FACE('',(#3702),#216,.T.);
#4064=ADVANCED_FACE('',(#3703),#3862,.F.);
#4065=ADVANCED_FACE('',(#3704),#3863,.T.);
#4066=ADVANCED_FACE('',(#3705),#3864,.T.);
#4067=ADVANCED_FACE('',(#3706),#217,.F.);
#4068=ADVANCED_FACE('',(#3707),#3865,.T.);
#4069=ADVANCED_FACE('',(#3708),#218,.F.);
#4070=ADVANCED_FACE('',(#3709),#3866,.T.);
#4071=ADVANCED_FACE('',(#3710),#219,.F.);
#4072=ADVANCED_FACE('',(#3711),#3867,.T.);
#4073=ADVANCED_FACE('',(#3712),#3868,.T.);
#4074=ADVANCED_FACE('',(#3713),#220,.F.);
#4075=ADVANCED_FACE('',(#3714),#221,.T.);
#4076=ADVANCED_FACE('',(#3715),#222,.F.);
#4077=ADVANCED_FACE('',(#3716),#223,.T.);
#4078=ADVANCED_FACE('',(#3717),#224,.F.);
#4079=ADVANCED_FACE('',(#3718),#225,.T.);
#4080=ADVANCED_FACE('',(#3719),#3869,.T.);
#4081=ADVANCED_FACE('',(#3720),#3870,.T.);
#4082=ADVANCED_FACE('',(#3721),#3871,.T.);
#4083=ADVANCED_FACE('',(#3722),#3872,.T.);
#4084=ADVANCED_FACE('',(#3723),#3873,.T.);
#4085=ADVANCED_FACE('',(#3724),#3874,.T.);
#4086=ADVANCED_FACE('',(#3725),#226,.F.);
#4087=ADVANCED_FACE('',(#3726),#227,.F.);
#4088=CLOSED_SHELL('',(#3875,#3876,#3877,#3878,#3879,#3880,#3881,#3882,
#3883,#3884,#3885,#3886,#3887,#3888,#3889,#3890,#3891,#3892,#3893,#3894,
#3895,#3896,#3897,#3898,#3899,#3900,#3901,#3902,#3903,#3904,#3905,#3906,
#3907,#3908,#3909,#3910,#3911,#3912,#3913,#3914,#3915,#3916,#3917,#3918,
#3919,#3920,#3921,#3922,#3923,#3924,#3925,#3926,#3927,#3928,#3929,#3930,
#3931,#3932,#3933,#3934,#3935,#3936,#3937,#3938,#3939,#3940,#3941,#3942,
#3943,#3944,#3945,#3946,#3947,#3948,#3949,#3950,#3951,#3952,#3953,#3954,
#3955,#3956,#3957,#3958,#3959,#3960,#3961,#3962,#3963,#3964,#3965,#3966,
#3967,#3968,#3969,#3970,#3971,#3972,#3973,#3974,#3975,#3976,#3977,#3978,
#3979,#3980,#3981,#3982,#3983,#3984,#3985,#3986,#3987,#3988,#3989,#3990,
#3991,#3992,#3993,#3994,#3995,#3996,#3997,#3998,#3999,#4000,#4001,#4002,
#4003,#4004,#4005,#4006,#4007,#4008,#4009,#4010,#4011,#4012,#4013,#4014,
#4015,#4016,#4017,#4018,#4019,#4020,#4021,#4022,#4023,#4024,#4025,#4026,
#4027,#4028,#4029,#4030,#4031,#4032,#4033,#4034,#4035,#4036,#4037,#4038,
#4039,#4040,#4041,#4042,#4043,#4044,#4045,#4046,#4047,#4048,#4049,#4050,
#4051,#4052,#4053,#4054,#4055,#4056,#4057,#4058,#4059,#4060,#4061,#4062,
#4063,#4064,#4065,#4066,#4067,#4068,#4069,#4070,#4071,#4072,#4073,#4074,
#4075,#4076,#4077,#4078,#4079,#4080,#4081,#4082,#4083,#4084,#4085,#4086,
#4087));
#4089=STYLED_ITEM('',(#4090),#4097);
#4090=PRESENTATION_STYLE_ASSIGNMENT((#4091));
#4091=SURFACE_STYLE_USAGE(.BOTH.,#4092);
#4092=SURFACE_SIDE_STYLE('',(#4093));
#4093=SURFACE_STYLE_FILL_AREA(#4094);
#4094=FILL_AREA_STYLE('',(#4095));
#4095=FILL_AREA_STYLE_COLOUR('',#4096);
#4096=COLOUR_RGB('',0.647058823529412,0.647058823529412,0.647058823529412);
#4097=MANIFOLD_SOLID_BREP('Chassis',#4088);
#4098=SHAPE_DEFINITION_REPRESENTATION(#6944,#4099);
#4099=SHAPE_REPRESENTATION('Chassis',(#4100),#6939);
#4100=AXIS2_PLACEMENT_3D('',#5481,#4412,#4413);
#4101=AXIS2_PLACEMENT_3D('',#5482,#4414,#4415);
#4102=AXIS2_PLACEMENT_3D('',#5499,#4424,#4425);
#4103=AXIS2_PLACEMENT_3D('',#5510,#4428,#4429);
#4104=AXIS2_PLACEMENT_3D('',#5514,#4431,#4432);
#4105=AXIS2_PLACEMENT_3D('',#5522,#4434,#4435);
#4106=AXIS2_PLACEMENT_3D('',#5523,#4436,#4437);
#4107=AXIS2_PLACEMENT_3D('',#5532,#4441,#4442);
#4108=AXIS2_PLACEMENT_3D('',#5536,#4444,#4445);
#4109=AXIS2_PLACEMENT_3D('',#5540,#4447,#4448);
#4110=AXIS2_PLACEMENT_3D('',#5545,#4451,#4452);
#4111=AXIS2_PLACEMENT_3D('',#5549,#4454,#4455);
#4112=AXIS2_PLACEMENT_3D('',#5552,#4457,#4458);
#4113=AXIS2_PLACEMENT_3D('',#5560,#4462,#4463);
#4114=AXIS2_PLACEMENT_3D('',#5564,#4465,#4466);
#4115=AXIS2_PLACEMENT_3D('',#5568,#4468,#4469);
#4116=AXIS2_PLACEMENT_3D('',#5608,#4489,#4490);
#4117=AXIS2_PLACEMENT_3D('',#5610,#4491,#4492);
#4118=AXIS2_PLACEMENT_3D('',#5614,#4494,#4495);
#4119=AXIS2_PLACEMENT_3D('',#5618,#4497,#4498);
#4120=AXIS2_PLACEMENT_3D('',#5619,#4499,#4500);
#4121=AXIS2_PLACEMENT_3D('',#5620,#4501,#4502);
#4122=AXIS2_PLACEMENT_3D('',#5640,#4512,#4513);
#4123=AXIS2_PLACEMENT_3D('',#5660,#4523,#4524);
#4124=AXIS2_PLACEMENT_3D('',#5662,#4525,#4526);
#4125=AXIS2_PLACEMENT_3D('',#5665,#4528,#4529);
#4126=AXIS2_PLACEMENT_3D('',#5671,#4532,#4533);
#4127=AXIS2_PLACEMENT_3D('',#5675,#4536,#4537);
#4128=AXIS2_PLACEMENT_3D('',#5684,#4540,#4541);
#4129=AXIS2_PLACEMENT_3D('',#5691,#4545,#4546);
#4130=AXIS2_PLACEMENT_3D('',#5699,#4550,#4551);
#4131=AXIS2_PLACEMENT_3D('',#5709,#4556,#4557);
#4132=AXIS2_PLACEMENT_3D('',#5710,#4558,#4559);
#4133=AXIS2_PLACEMENT_3D('',#5714,#4561,#4562);
#4134=AXIS2_PLACEMENT_3D('',#5719,#4565,#4566);
#4135=AXIS2_PLACEMENT_3D('',#5723,#4568,#4569);
#4136=AXIS2_PLACEMENT_3D('',#5734,#4575,#4576);
#4137=AXIS2_PLACEMENT_3D('',#5742,#4580,#4581);
#4138=AXIS2_PLACEMENT_3D('',#5746,#4583,#4584);
#4139=AXIS2_PLACEMENT_3D('',#5750,#4586,#4587);
#4140=AXIS2_PLACEMENT_3D('',#5755,#4590,#4591);
#4141=AXIS2_PLACEMENT_3D('',#5758,#4594,#4595);
#4142=AXIS2_PLACEMENT_3D('',#5760,#4597,#4598);
#4143=AXIS2_PLACEMENT_3D('',#5770,#4604,#4605);
#4144=AXIS2_PLACEMENT_3D('',#5774,#4607,#4608);
#4145=AXIS2_PLACEMENT_3D('',#5775,#4609,#4610);
#4146=AXIS2_PLACEMENT_3D('',#5779,#4612,#4613);
#4147=AXIS2_PLACEMENT_3D('',#5795,#4621,#4622);
#4148=AXIS2_PLACEMENT_3D('',#5799,#4624,#4625);
#4149=AXIS2_PLACEMENT_3D('',#5815,#4633,#4634);
#4150=AXIS2_PLACEMENT_3D('',#5823,#4639,#4640);
#4151=AXIS2_PLACEMENT_3D('',#5826,#4643,#4644);
#4152=AXIS2_PLACEMENT_3D('',#5834,#4649,#4650);
#4153=AXIS2_PLACEMENT_3D('',#5838,#4653,#4654);
#4154=AXIS2_PLACEMENT_3D('',#5839,#4655,#4656);
#4155=AXIS2_PLACEMENT_3D('',#5841,#4657,#4658);
#4156=AXIS2_PLACEMENT_3D('',#5843,#4659,#4660);
#4157=AXIS2_PLACEMENT_3D('',#5854,#4663,#4664);
#4158=AXIS2_PLACEMENT_3D('',#5855,#4665,#4666);
#4159=AXIS2_PLACEMENT_3D('',#5862,#4670,#4671);
#4160=AXIS2_PLACEMENT_3D('',#5868,#4674,#4675);
#4161=AXIS2_PLACEMENT_3D('',#5875,#4679,#4680);
#4162=AXIS2_PLACEMENT_3D('',#5882,#4684,#4685);
#4163=AXIS2_PLACEMENT_3D('',#5889,#4690,#4691);
#4164=AXIS2_PLACEMENT_3D('',#5892,#4694,#4695);
#4165=AXIS2_PLACEMENT_3D('',#5901,#4696,#4697);
#4166=AXIS2_PLACEMENT_3D('',#5902,#4698,#4699);
#4167=AXIS2_PLACEMENT_3D('',#5903,#4700,#4701);
#4168=AXIS2_PLACEMENT_3D('',#5911,#4704,#4705);
#4169=AXIS2_PLACEMENT_3D('',#5915,#4707,#4708);
#4170=AXIS2_PLACEMENT_3D('',#5924,#4713,#4714);
#4171=AXIS2_PLACEMENT_3D('',#5928,#4716,#4717);
#4172=AXIS2_PLACEMENT_3D('',#5929,#4718,#4719);
#4173=AXIS2_PLACEMENT_3D('',#5933,#4721,#4722);
#4174=AXIS2_PLACEMENT_3D('',#5934,#4723,#4724);
#4175=AXIS2_PLACEMENT_3D('',#5935,#4725,#4726);
#4176=AXIS2_PLACEMENT_3D('',#5939,#4728,#4729);
#4177=AXIS2_PLACEMENT_3D('',#5942,#4731,#4732);
#4178=AXIS2_PLACEMENT_3D('',#5949,#4736,#4737);
#4179=AXIS2_PLACEMENT_3D('',#5953,#4740,#4741);
#4180=AXIS2_PLACEMENT_3D('',#5954,#4742,#4743);
#4181=AXIS2_PLACEMENT_3D('',#5966,#4745,#4746);
#4182=AXIS2_PLACEMENT_3D('',#5967,#4747,#4748);
#4183=AXIS2_PLACEMENT_3D('',#5968,#4749,#4750);
#4184=AXIS2_PLACEMENT_3D('',#5969,#4751,#4752);
#4185=AXIS2_PLACEMENT_3D('',#5975,#4755,#4756);
#4186=AXIS2_PLACEMENT_3D('',#5986,#4762,#4763);
#4187=AXIS2_PLACEMENT_3D('',#5990,#4765,#4766);
#4188=AXIS2_PLACEMENT_3D('',#5995,#4767,#4768);
#4189=AXIS2_PLACEMENT_3D('',#6000,#4771,#4772);
#4190=AXIS2_PLACEMENT_3D('',#6001,#4773,#4774);
#4191=AXIS2_PLACEMENT_3D('',#6006,#4777,#4778);
#4192=AXIS2_PLACEMENT_3D('',#6015,#4783,#4784);
#4193=AXIS2_PLACEMENT_3D('',#6016,#4785,#4786);
#4194=AXIS2_PLACEMENT_3D('',#6024,#4791,#4792);
#4195=AXIS2_PLACEMENT_3D('',#6042,#4801,#4802);
#4196=AXIS2_PLACEMENT_3D('',#6046,#4804,#4805);
#4197=AXIS2_PLACEMENT_3D('',#6049,#4807,#4808);
#4198=AXIS2_PLACEMENT_3D('',#6060,#4812,#4813);
#4199=AXIS2_PLACEMENT_3D('',#6067,#4815,#4816);
#4200=AXIS2_PLACEMENT_3D('',#6140,#4821,#4822);
#4201=AXIS2_PLACEMENT_3D('',#6146,#4823,#4824);
#4202=AXIS2_PLACEMENT_3D('',#6147,#4825,#4826);
#4203=AXIS2_PLACEMENT_3D('',#6149,#4828,#4829);
#4204=AXIS2_PLACEMENT_3D('',#6156,#4834,#4835);
#4205=AXIS2_PLACEMENT_3D('',#6166,#4841,#4842);
#4206=AXIS2_PLACEMENT_3D('',#6170,#4844,#4845);
#4207=AXIS2_PLACEMENT_3D('',#6188,#4854,#4855);
#4208=AXIS2_PLACEMENT_3D('',#6189,#4856,#4857);
#4209=AXIS2_PLACEMENT_3D('',#6193,#4859,#4860);
#4210=AXIS2_PLACEMENT_3D('',#6211,#4862,#4863);
#4211=AXIS2_PLACEMENT_3D('',#6225,#4869,#4870);
#4212=AXIS2_PLACEMENT_3D('',#6228,#4873,#4874);
#4213=AXIS2_PLACEMENT_3D('',#6236,#4879,#4880);
#4214=AXIS2_PLACEMENT_3D('',#6237,#4881,#4882);
#4215=AXIS2_PLACEMENT_3D('',#6240,#4884,#4885);
#4216=AXIS2_PLACEMENT_3D('',#6242,#4886,#4887);
#4217=AXIS2_PLACEMENT_3D('',#6246,#4890,#4891);
#4218=AXIS2_PLACEMENT_3D('',#6252,#4895,#4896);
#4219=AXIS2_PLACEMENT_3D('',#6261,#4897,#4898);
#4220=AXIS2_PLACEMENT_3D('',#6263,#4900,#4901);
#4221=AXIS2_PLACEMENT_3D('',#6264,#4902,#4903);
#4222=AXIS2_PLACEMENT_3D('',#6268,#4906,#4907);
#4223=AXIS2_PLACEMENT_3D('',#6269,#4908,#4909);
#4224=AXIS2_PLACEMENT_3D('',#6280,#4911,#4912);
#4225=AXIS2_PLACEMENT_3D('',#6287,#4914,#4915);
#4226=AXIS2_PLACEMENT_3D('',#6294,#4917,#4918);
#4227=AXIS2_PLACEMENT_3D('',#6297,#4921,#4922);
#4228=AXIS2_PLACEMENT_3D('',#6298,#4923,#4924);
#4229=AXIS2_PLACEMENT_3D('',#6301,#4926,#4927);
#4230=AXIS2_PLACEMENT_3D('',#6303,#4929,#4930);
#4231=AXIS2_PLACEMENT_3D('',#6306,#4933,#4934);
#4232=AXIS2_PLACEMENT_3D('',#6308,#4936,#4937);
#4233=AXIS2_PLACEMENT_3D('',#6309,#4938,#4939);
#4234=AXIS2_PLACEMENT_3D('',#6312,#4942,#4943);
#4235=AXIS2_PLACEMENT_3D('',#6313,#4944,#4945);
#4236=AXIS2_PLACEMENT_3D('',#6315,#4946,#4947);
#4237=AXIS2_PLACEMENT_3D('',#6344,#4948,#4949);
#4238=AXIS2_PLACEMENT_3D('',#6346,#4951,#4952);
#4239=AXIS2_PLACEMENT_3D('',#6351,#4955,#4956);
#4240=AXIS2_PLACEMENT_3D('',#6352,#4957,#4958);
#4241=AXIS2_PLACEMENT_3D('',#6358,#4962,#4963);
#4242=AXIS2_PLACEMENT_3D('',#6363,#4966,#4967);
#4243=AXIS2_PLACEMENT_3D('',#6364,#4968,#4969);
#4244=AXIS2_PLACEMENT_3D('',#6365,#4970,#4971);
#4245=AXIS2_PLACEMENT_3D('',#6370,#4972,#4973);
#4246=AXIS2_PLACEMENT_3D('',#6372,#4975,#4976);
#4247=AXIS2_PLACEMENT_3D('',#6373,#4977,#4978);
#4248=AXIS2_PLACEMENT_3D('',#6379,#4982,#4983);
#4249=AXIS2_PLACEMENT_3D('',#6385,#4987,#4988);
#4250=AXIS2_PLACEMENT_3D('',#6386,#4989,#4990);
#4251=AXIS2_PLACEMENT_3D('',#6387,#4991,#4992);
#4252=AXIS2_PLACEMENT_3D('',#6388,#4993,#4994);
#4253=AXIS2_PLACEMENT_3D('',#6389,#4995,#4996);
#4254=AXIS2_PLACEMENT_3D('',#6390,#4997,#4998);
#4255=AXIS2_PLACEMENT_3D('',#6391,#4999,#5000);
#4256=AXIS2_PLACEMENT_3D('',#6392,#5001,#5002);
#4257=AXIS2_PLACEMENT_3D('',#6393,#5003,#5004);
#4258=AXIS2_PLACEMENT_3D('',#6401,#5009,#5010);
#4259=AXIS2_PLACEMENT_3D('',#6410,#5016,#5017);
#4260=AXIS2_PLACEMENT_3D('',#6411,#5018,#5019);
#4261=AXIS2_PLACEMENT_3D('',#6415,#5022,#5023);
#4262=AXIS2_PLACEMENT_3D('',#6422,#5028,#5029);
#4263=AXIS2_PLACEMENT_3D('',#6426,#5032,#5033);
#4264=AXIS2_PLACEMENT_3D('',#6428,#5035,#5036);
#4265=AXIS2_PLACEMENT_3D('',#6430,#5038,#5039);
#4266=AXIS2_PLACEMENT_3D('',#6436,#5043,#5044);
#4267=AXIS2_PLACEMENT_3D('',#6439,#5047,#5048);
#4268=AXIS2_PLACEMENT_3D('',#6441,#5050,#5051);
#4269=AXIS2_PLACEMENT_3D('',#6446,#5054,#5055);
#4270=AXIS2_PLACEMENT_3D('',#6450,#5057,#5058);
#4271=AXIS2_PLACEMENT_3D('',#6453,#5060,#5061);
#4272=AXIS2_PLACEMENT_3D('',#6455,#5063,#5064);
#4273=AXIS2_PLACEMENT_3D('',#6457,#5066,#5067);
#4274=AXIS2_PLACEMENT_3D('',#6459,#5069,#5070);
#4275=AXIS2_PLACEMENT_3D('',#6461,#5072,#5073);
#4276=AXIS2_PLACEMENT_3D('',#6463,#5075,#5076);
#4277=AXIS2_PLACEMENT_3D('',#6465,#5078,#5079);
#4278=AXIS2_PLACEMENT_3D('',#6467,#5081,#5082);
#4279=AXIS2_PLACEMENT_3D('',#6468,#5083,#5084);
#4280=AXIS2_PLACEMENT_3D('',#6469,#5085,#5086);
#4281=AXIS2_PLACEMENT_3D('',#6475,#5090,#5091);
#4282=AXIS2_PLACEMENT_3D('',#6481,#5095,#5096);
#4283=AXIS2_PLACEMENT_3D('',#6487,#5100,#5101);
#4284=AXIS2_PLACEMENT_3D('',#6493,#5105,#5106);
#4285=AXIS2_PLACEMENT_3D('',#6502,#5111,#5112);
#4286=AXIS2_PLACEMENT_3D('',#6504,#5114,#5115);
#4287=AXIS2_PLACEMENT_3D('',#6507,#5118,#5119);
#4288=AXIS2_PLACEMENT_3D('',#6509,#5121,#5122);
#4289=AXIS2_PLACEMENT_3D('',#6511,#5124,#5125);
#4290=AXIS2_PLACEMENT_3D('',#6513,#5127,#5128);
#4291=AXIS2_PLACEMENT_3D('',#6515,#5130,#5131);
#4292=AXIS2_PLACEMENT_3D('',#6517,#5133,#5134);
#4293=AXIS2_PLACEMENT_3D('',#6519,#5136,#5137);
#4294=AXIS2_PLACEMENT_3D('',#6521,#5139,#5140);
#4295=AXIS2_PLACEMENT_3D('',#6523,#5142,#5143);
#4296=AXIS2_PLACEMENT_3D('',#6525,#5145,#5146);
#4297=AXIS2_PLACEMENT_3D('',#6526,#5147,#5148);
#4298=AXIS2_PLACEMENT_3D('',#6533,#5152,#5153);
#4299=AXIS2_PLACEMENT_3D('',#6539,#5157,#5158);
#4300=AXIS2_PLACEMENT_3D('',#6543,#5161,#5162);
#4301=AXIS2_PLACEMENT_3D('',#6549,#5166,#5167);
#4302=AXIS2_PLACEMENT_3D('',#6553,#5170,#5171);
#4303=AXIS2_PLACEMENT_3D('',#6557,#5174,#5175);
#4304=AXIS2_PLACEMENT_3D('',#6566,#5180,#5181);
#4305=AXIS2_PLACEMENT_3D('',#6641,#5184,#5185);
#4306=AXIS2_PLACEMENT_3D('',#6644,#5188,#5189);
#4307=AXIS2_PLACEMENT_3D('',#6647,#5192,#5193);
#4308=AXIS2_PLACEMENT_3D('',#6652,#5197,#5198);
#4309=AXIS2_PLACEMENT_3D('',#6654,#5200,#5201);
#4310=AXIS2_PLACEMENT_3D('',#6655,#5202,#5203);
#4311=AXIS2_PLACEMENT_3D('',#6661,#5207,#5208);
#4312=AXIS2_PLACEMENT_3D('',#6664,#5211,#5212);
#4313=AXIS2_PLACEMENT_3D('',#6666,#5214,#5215);
#4314=AXIS2_PLACEMENT_3D('',#6668,#5217,#5218);
#4315=AXIS2_PLACEMENT_3D('',#6670,#5220,#5221);
#4316=AXIS2_PLACEMENT_3D('',#6672,#5223,#5224);
#4317=AXIS2_PLACEMENT_3D('',#6676,#5227,#5228);
#4318=AXIS2_PLACEMENT_3D('',#6682,#5232,#5233);
#4319=AXIS2_PLACEMENT_3D('',#6683,#5234,#5235);
#4320=AXIS2_PLACEMENT_3D('',#6686,#5237,#5238);
#4321=AXIS2_PLACEMENT_3D('',#6690,#5241,#5242);
#4322=AXIS2_PLACEMENT_3D('',#6692,#5244,#5245);
#4323=AXIS2_PLACEMENT_3D('',#6694,#5247,#5248);
#4324=AXIS2_PLACEMENT_3D('',#6696,#5250,#5251);
#4325=AXIS2_PLACEMENT_3D('',#6698,#5253,#5254);
#4326=AXIS2_PLACEMENT_3D('',#6699,#5255,#5256);
#4327=AXIS2_PLACEMENT_3D('',#6700,#5257,#5258);
#4328=AXIS2_PLACEMENT_3D('',#6701,#5259,#5260);
#4329=AXIS2_PLACEMENT_3D('',#6703,#5262,#5263);
#4330=AXIS2_PLACEMENT_3D('',#6704,#5264,#5265);
#4331=AXIS2_PLACEMENT_3D('',#6709,#5268,#5269);
#4332=AXIS2_PLACEMENT_3D('',#6710,#5270,#5271);
#4333=AXIS2_PLACEMENT_3D('',#6711,#5272,#5273);
#4334=AXIS2_PLACEMENT_3D('',#6712,#5274,#5275);
#4335=AXIS2_PLACEMENT_3D('',#6713,#5276,#5277);
#4336=AXIS2_PLACEMENT_3D('',#6714,#5278,#5279);
#4337=AXIS2_PLACEMENT_3D('',#6715,#5280,#5281);
#4338=AXIS2_PLACEMENT_3D('',#6716,#5282,#5283);
#4339=AXIS2_PLACEMENT_3D('',#6717,#5284,#5285);
#4340=AXIS2_PLACEMENT_3D('',#6724,#5287,#5288);
#4341=AXIS2_PLACEMENT_3D('',#6748,#5289,#5290);
#4342=AXIS2_PLACEMENT_3D('',#6749,#5291,#5292);
#4343=AXIS2_PLACEMENT_3D('',#6752,#5295,#5296);
#4344=AXIS2_PLACEMENT_3D('',#6754,#5298,#5299);
#4345=AXIS2_PLACEMENT_3D('',#6756,#5301,#5302);
#4346=AXIS2_PLACEMENT_3D('',#6758,#5304,#5305);
#4347=AXIS2_PLACEMENT_3D('',#6760,#5307,#5308);
#4348=AXIS2_PLACEMENT_3D('',#6761,#5309,#5310);
#4349=AXIS2_PLACEMENT_3D('',#6765,#5312,#5313);
#4350=AXIS2_PLACEMENT_3D('',#6766,#5314,#5315);
#4351=AXIS2_PLACEMENT_3D('',#6778,#5317,#5318);
#4352=AXIS2_PLACEMENT_3D('',#6781,#5321,#5322);
#4353=AXIS2_PLACEMENT_3D('',#6783,#5324,#5325);
#4354=AXIS2_PLACEMENT_3D('',#6784,#5326,#5327);
#4355=AXIS2_PLACEMENT_3D('',#6785,#5328,#5329);
#4356=AXIS2_PLACEMENT_3D('',#6801,#5332,#5333);
#4357=AXIS2_PLACEMENT_3D('',#6802,#5334,#5335);
#4358=AXIS2_PLACEMENT_3D('',#6804,#5337,#5338);
#4359=AXIS2_PLACEMENT_3D('',#6805,#5339,#5340);
#4360=AXIS2_PLACEMENT_3D('',#6806,#5341,#5342);
#4361=AXIS2_PLACEMENT_3D('',#6807,#5343,#5344);
#4362=AXIS2_PLACEMENT_3D('',#6808,#5345,#5346);
#4363=AXIS2_PLACEMENT_3D('',#6809,#5347,#5348);
#4364=AXIS2_PLACEMENT_3D('',#6810,#5349,#5350);
#4365=AXIS2_PLACEMENT_3D('',#6811,#5351,#5352);
#4366=AXIS2_PLACEMENT_3D('',#6812,#5353,#5354);
#4367=AXIS2_PLACEMENT_3D('',#6813,#5355,#5356);
#4368=AXIS2_PLACEMENT_3D('',#6814,#5357,#5358);
#4369=AXIS2_PLACEMENT_3D('',#6817,#5361,#5362);
#4370=AXIS2_PLACEMENT_3D('',#6819,#5364,#5365);
#4371=AXIS2_PLACEMENT_3D('',#6825,#5369,#5370);
#4372=AXIS2_PLACEMENT_3D('',#6826,#5371,#5372);
#4373=AXIS2_PLACEMENT_3D('',#6827,#5373,#5374);
#4374=AXIS2_PLACEMENT_3D('',#6828,#5375,#5376);
#4375=AXIS2_PLACEMENT_3D('',#6829,#5377,#5378);
#4376=AXIS2_PLACEMENT_3D('',#6830,#5379,#5380);
#4377=AXIS2_PLACEMENT_3D('',#6831,#5381,#5382);
#4378=AXIS2_PLACEMENT_3D('',#6832,#5383,#5384);
#4379=AXIS2_PLACEMENT_3D('',#6833,#5385,#5386);
#4380=AXIS2_PLACEMENT_3D('',#6847,#5389,#5390);
#4381=AXIS2_PLACEMENT_3D('',#6859,#5392,#5393);
#4382=AXIS2_PLACEMENT_3D('',#6873,#5396,#5397);
#4383=AXIS2_PLACEMENT_3D('',#6877,#5400,#5401);
#4384=AXIS2_PLACEMENT_3D('',#6881,#5403,#5404);
#4385=AXIS2_PLACEMENT_3D('',#6882,#5405,#5406);
#4386=AXIS2_PLACEMENT_3D('',#6886,#5408,#5409);
#4387=AXIS2_PLACEMENT_3D('',#6889,#5411,#5412);
#4388=AXIS2_PLACEMENT_3D('',#6892,#5415,#5416);
#4389=AXIS2_PLACEMENT_3D('',#6895,#5419,#5420);
#4390=AXIS2_PLACEMENT_3D('',#6896,#5421,#5422);
#4391=AXIS2_PLACEMENT_3D('',#6899,#5425,#5426);
#4392=AXIS2_PLACEMENT_3D('',#6900,#5427,#5428);
#4393=AXIS2_PLACEMENT_3D('',#6903,#5431,#5432);
#4394=AXIS2_PLACEMENT_3D('',#6905,#5434,#5435);
#4395=AXIS2_PLACEMENT_3D('',#6908,#5438,#5439);
#4396=AXIS2_PLACEMENT_3D('',#6910,#5441,#5442);
#4397=AXIS2_PLACEMENT_3D('',#6911,#5443,#5444);
#4398=AXIS2_PLACEMENT_3D('',#6912,#5445,#5446);
#4399=AXIS2_PLACEMENT_3D('',#6913,#5447,#5448);
#4400=AXIS2_PLACEMENT_3D('',#6914,#5449,#5450);
#4401=AXIS2_PLACEMENT_3D('',#6915,#5451,#5452);
#4402=AXIS2_PLACEMENT_3D('',#6916,#5453,#5454);
#4403=AXIS2_PLACEMENT_3D('',#6921,#5457,#5458);
#4404=AXIS2_PLACEMENT_3D('',#6922,#5459,#5460);
#4405=AXIS2_PLACEMENT_3D('',#6924,#5462,#5463);
#4406=AXIS2_PLACEMENT_3D('',#6926,#5465,#5466);
#4407=AXIS2_PLACEMENT_3D('',#6927,#5467,#5468);
#4408=AXIS2_PLACEMENT_3D('',#6932,#5471,#5472);
#4409=AXIS2_PLACEMENT_3D('',#6934,#5474,#5475);
#4410=AXIS2_PLACEMENT_3D('',#6936,#5477,#5478);
#4411=AXIS2_PLACEMENT_3D('',#6937,#5479,#5480);
#4412=DIRECTION('',(0.,0.,1.));
#4413=DIRECTION('',(1.,0.,0.));
#4414=DIRECTION('',(0.,1.,0.));
#4415=DIRECTION('',(0.,0.,1.));
#4416=DIRECTION('',(0.,0.,-1.));
#4417=DIRECTION('',(1.,0.,0.));
#4418=DIRECTION('',(0.,0.,1.));
#4419=DIRECTION('',(-1.,0.,0.));
#4420=DIRECTION('',(0.,0.,-1.));
#4421=DIRECTION('',(-1.,0.,0.));
#4422=DIRECTION('',(0.,0.,-1.));
#4423=DIRECTION('',(-1.,0.,0.));
#4424=DIRECTION('',(0.,0.,1.));
#4425=DIRECTION('',(1.,0.,0.));
#4426=DIRECTION('',(0.,0.,1.));
#4427=DIRECTION('',(0.,0.,1.));
#4428=DIRECTION('',(0.,0.,1.));
#4429=DIRECTION('',(1.,0.,0.));
#4430=DIRECTION('',(0.,0.,1.));
#4431=DIRECTION('',(0.,0.,1.));
#4432=DIRECTION('',(1.,0.,0.));
#4433=DIRECTION('',(0.,0.,1.));
#4434=DIRECTION('',(0.00134963492563397,0.999999089242369,0.));
#4435=DIRECTION('',(-0.999999089242369,0.00134963492563397,0.));
#4436=DIRECTION('',(0.00134963492563397,0.999999089242369,0.));
#4437=DIRECTION('',(-0.999999089242369,0.00134963492563397,0.));
#4438=DIRECTION('',(0.,0.,-1.));
#4439=DIRECTION('',(0.999999089242369,-0.00134963492563397,0.));
#4440=DIRECTION('',(0.,0.,1.));
#4441=DIRECTION('',(0.00134963492563397,0.999999089242369,0.));
#4442=DIRECTION('',(-0.999999089242369,0.00134963492563397,0.));
#4443=DIRECTION('',(0.,0.,1.));
#4444=DIRECTION('',(0.00134963492563397,0.999999089242369,0.));
#4445=DIRECTION('',(-0.999999089242369,0.00134963492563397,0.));
#4446=DIRECTION('',(-0.999999089242369,0.00134963492563397,0.));
#4447=DIRECTION('',(0.00134963492563397,0.999999089242369,0.));
#4448=DIRECTION('',(-0.999999089242369,0.00134963492563397,0.));
#4449=DIRECTION('',(0.,0.,1.));
#4450=DIRECTION('',(-0.999999089242369,0.00134963492563397,0.));
#4451=DIRECTION('',(0.00134963492563397,0.999999089242369,0.));
#4452=DIRECTION('',(-0.999999089242369,0.00134963492563397,0.));
#4453=DIRECTION('',(-0.999999089242369,0.00134963492563397,0.));
#4454=DIRECTION('',(0.00134963492563397,0.999999089242369,0.));
#4455=DIRECTION('',(-0.999999089242369,0.00134963492563397,0.));
#4456=DIRECTION('',(0.,0.,-1.));
#4457=DIRECTION('',(0.,0.,1.));
#4458=DIRECTION('',(1.,0.,0.));
#4459=DIRECTION('',(0.,-1.,0.));
#4460=DIRECTION('',(-0.999999089242369,0.00134963492563572,0.));
#4461=DIRECTION('',(0.,-1.,0.));
#4462=DIRECTION('',(0.,0.,-1.));
#4463=DIRECTION('',(-1.,0.,0.));
#4464=DIRECTION('',(1.,0.,0.));
#4465=DIRECTION('',(0.,0.,-1.));
#4466=DIRECTION('',(-1.,0.,0.));
#4467=DIRECTION('',(0.,-1.,0.));
#4468=DIRECTION('',(0.,0.,1.));
#4469=DIRECTION('',(1.,0.,0.));
#4470=DIRECTION('',(0.196116135138184,-0.98058067569092,0.));
#4471=DIRECTION('',(0.,1.,0.));
#4472=DIRECTION('',(0.481918749772156,0.876215908676647,0.));
#4473=DIRECTION('',(0.55470019622523,0.832050294337843,0.));
#4474=DIRECTION('',(-0.0854011413464361,-0.996346649041751,0.));
#4475=DIRECTION('',(-0.424147567370151,-0.905593088033463,0.));
#4476=DIRECTION('',(1.,0.,0.));
#4477=DIRECTION('',(0.722363623797373,-0.691513409135591,0.));
#4478=DIRECTION('',(0.514495755427526,-0.857492925712544,0.));
#4479=DIRECTION('',(-1.,0.,0.));
#4480=DIRECTION('',(-0.514495755427526,-0.857492925712544,0.));
#4481=DIRECTION('',(-0.722363623797373,-0.691513409135591,0.));
#4482=DIRECTION('',(1.,0.,0.));
#4483=DIRECTION('',(0.424147567370151,-0.905593088033463,0.));
#4484=DIRECTION('',(0.0854011413464361,-0.996346649041751,0.));
#4485=DIRECTION('',(-0.55470019622523,0.832050294337843,0.));
#4486=DIRECTION('',(-0.481918749772156,0.876215908676647,0.));
#4487=DIRECTION('',(0.,1.,0.));
#4488=DIRECTION('',(0.196116135138184,0.98058067569092,0.));
#4489=DIRECTION('',(0.,0.,1.));
#4490=DIRECTION('',(1.,0.,0.));
#4491=DIRECTION('',(0.,0.,-1.));
#4492=DIRECTION('',(-1.,0.,0.));
#4493=DIRECTION('',(0.,-1.,0.));
#4494=DIRECTION('',(0.,0.,-1.));
#4495=DIRECTION('',(-1.,0.,0.));
#4496=DIRECTION('',(1.,0.,0.));
#4497=DIRECTION('',(0.,0.,-1.));
#4498=DIRECTION('',(-1.,0.,0.));
#4499=DIRECTION('',(0.,0.,1.));
#4500=DIRECTION('',(1.,0.,0.));
#4501=DIRECTION('',(0.,0.,1.));
#4502=DIRECTION('',(1.,0.,0.));
#4503=DIRECTION('',(0.196116135138184,0.98058067569092,0.));
#4504=DIRECTION('',(0.,1.,0.));
#4505=DIRECTION('',(-0.481918749772156,0.876215908676647,0.));
#4506=DIRECTION('',(-0.55470019622523,0.832050294337843,0.));
#4507=DIRECTION('',(-1.,0.,0.));
#4508=DIRECTION('',(0.624695047554424,-0.78086880944303,0.));
#4509=DIRECTION('',(-0.481918749772156,0.876215908676647,0.));
#4510=DIRECTION('',(0.,1.,0.));
#4511=DIRECTION('',(0.196116135138184,0.98058067569092,0.));
#4512=DIRECTION('',(0.,0.,1.));
#4513=DIRECTION('',(1.,0.,0.));
#4514=DIRECTION('',(0.196116135138184,-0.98058067569092,0.));
#4515=DIRECTION('',(0.,1.,0.));
#4516=DIRECTION('',(0.481918749772156,0.876215908676647,0.));
#4517=DIRECTION('',(-0.624695047554424,-0.78086880944303,0.));
#4518=DIRECTION('',(-1.,0.,0.));
#4519=DIRECTION('',(0.55470019622523,0.832050294337843,0.));
#4520=DIRECTION('',(0.481918749772156,0.876215908676647,0.));
#4521=DIRECTION('',(0.,1.,0.));
#4522=DIRECTION('',(0.196116135138184,-0.98058067569092,0.));
#4523=DIRECTION('',(0.,0.,1.));
#4524=DIRECTION('',(1.,0.,0.));
#4525=DIRECTION('',(0.,0.,1.));
#4526=DIRECTION('',(1.,0.,0.));
#4527=DIRECTION('',(-0.999999089242369,0.00134963492563572,0.));
#4528=DIRECTION('',(1.,0.,0.));
#4529=DIRECTION('',(0.,0.,-1.));
#4530=DIRECTION('',(0.,1.,0.));
#4531=DIRECTION('',(0.,0.,1.));
#4532=DIRECTION('',(1.,0.,0.));
#4533=DIRECTION('',(0.,1.,0.));
#4534=DIRECTION('',(0.,0.,1.));
#4535=DIRECTION('',(0.,0.,-1.));
#4536=DIRECTION('',(0.,0.,-1.));
#4537=DIRECTION('',(-1.,0.,0.));
#4538=DIRECTION('',(0.,0.,1.));
#4539=DIRECTION('',(0.,0.,-1.));
#4540=DIRECTION('',(0.,0.,1.));
#4541=DIRECTION('',(1.,0.,0.));
#4542=DIRECTION('',(0.,1.,0.));
#4543=DIRECTION('',(1.,0.,0.));
#4544=DIRECTION('',(0.,-1.,0.));
#4545=DIRECTION('',(0.,0.,1.));
#4546=DIRECTION('',(0.,1.,0.));
#4547=DIRECTION('',(1.,0.,0.));
#4548=DIRECTION('',(0.,1.,0.));
#4549=DIRECTION('',(1.,0.,0.));
#4550=DIRECTION('',(0.,0.,1.));
#4551=DIRECTION('',(1.,0.,0.));
#4552=DIRECTION('',(-0.624695047554424,-0.78086880944303,0.));
#4553=DIRECTION('',(0.481918749772156,0.876215908676647,0.));
#4554=DIRECTION('',(0.,1.,0.));
#4555=DIRECTION('',(0.196116135138184,-0.98058067569092,0.));
#4556=DIRECTION('',(0.,0.,1.));
#4557=DIRECTION('',(1.,0.,0.));
#4558=DIRECTION('',(0.,0.,1.));
#4559=DIRECTION('',(1.,0.,0.));
#4560=DIRECTION('',(-1.,0.,0.));
#4561=DIRECTION('',(0.,0.,1.));
#4562=DIRECTION('',(1.,0.,0.));
#4563=DIRECTION('',(0.,1.,0.));
#4564=DIRECTION('',(0.,1.,0.));
#4565=DIRECTION('',(0.,0.,1.));
#4566=DIRECTION('',(1.,0.,0.));
#4567=DIRECTION('',(-1.,0.,0.));
#4568=DIRECTION('',(0.,0.,1.));
#4569=DIRECTION('',(1.,0.,0.));
#4570=DIRECTION('',(0.,1.,0.));
#4571=DIRECTION('',(0.196116135138184,0.98058067569092,0.));
#4572=DIRECTION('',(0.,1.,0.));
#4573=DIRECTION('',(-0.481918749772156,0.876215908676647,0.));
#4574=DIRECTION('',(0.624695047554424,-0.78086880944303,0.));
#4575=DIRECTION('',(0.,0.,-1.));
#4576=DIRECTION('',(-1.,0.,0.));
#4577=DIRECTION('',(1.,0.,0.));
#4578=DIRECTION('',(0.,1.,0.));
#4579=DIRECTION('',(-1.,0.,0.));
#4580=DIRECTION('',(0.,0.,1.));
#4581=DIRECTION('',(0.,1.,0.));
#4582=DIRECTION('',(0.,1.,0.));
#4583=DIRECTION('',(0.,0.,1.));
#4584=DIRECTION('',(1.,0.,0.));
#4585=DIRECTION('',(1.,0.,0.));
#4586=DIRECTION('',(0.,0.,1.));
#4587=DIRECTION('',(1.,0.,0.));
#4588=DIRECTION('',(1.,0.,0.));
#4589=DIRECTION('',(0.,1.,0.));
#4590=DIRECTION('',(-0.98058067569092,-0.196116135138184,0.));
#4591=DIRECTION('',(0.196116135138184,-0.98058067569092,0.));
#4592=DIRECTION('',(0.,0.,1.));
#4593=DIRECTION('',(0.,0.,1.));
#4594=DIRECTION('',(0.98058067569092,-0.196116135138184,0.));
#4595=DIRECTION('',(0.196116135138184,0.98058067569092,0.));
#4596=DIRECTION('',(0.,0.,1.));
#4597=DIRECTION('',(0.,1.,0.));
#4598=DIRECTION('',(0.,0.,1.));
#4599=DIRECTION('',(1.,0.,0.));
#4600=DIRECTION('',(-2.16840434497101E-16,0.,1.));
#4601=DIRECTION('',(1.,0.,-2.47817639425258E-16));
#4602=DIRECTION('',(0.,0.,-1.));
#4603=DIRECTION('',(0.,0.,-1.));
#4604=DIRECTION('',(0.,0.,1.));
#4605=DIRECTION('',(1.,0.,0.));
#4606=DIRECTION('',(1.,0.,0.));
#4607=DIRECTION('',(0.,0.,1.));
#4608=DIRECTION('',(1.,0.,0.));
#4609=DIRECTION('',(0.,0.,1.));
#4610=DIRECTION('',(1.,0.,0.));
#4611=DIRECTION('',(0.,1.,0.));
#4612=DIRECTION('',(0.,0.,1.));
#4613=DIRECTION('',(0.,1.,0.));
#4614=DIRECTION('',(-1.,0.,0.));
#4615=DIRECTION('',(0.,1.,0.));
#4616=DIRECTION('',(-1.,0.,0.));
#4617=DIRECTION('',(0.,-1.,0.));
#4618=DIRECTION('',(-1.,0.,-2.16840434497101E-16));
#4619=DIRECTION('',(0.,-1.,0.));
#4620=DIRECTION('',(-1.,0.,0.));
#4621=DIRECTION('',(0.,0.,1.));
#4622=DIRECTION('',(1.,0.,0.));
#4623=DIRECTION('',(-1.,0.,0.));
#4624=DIRECTION('',(0.,0.,1.));
#4625=DIRECTION('',(1.,0.,0.));
#4626=DIRECTION('',(1.,0.,0.));
#4627=DIRECTION('',(0.,-1.,0.));
#4628=DIRECTION('',(1.,0.,0.));
#4629=DIRECTION('',(0.,-1.,0.));
#4630=DIRECTION('',(-1.,0.,0.));
#4631=DIRECTION('',(0.,1.,0.));
#4632=DIRECTION('',(1.,0.,0.));
#4633=DIRECTION('',(0.,0.,1.));
#4634=DIRECTION('',(0.,1.,0.));
#4635=DIRECTION('',(0.,-1.,0.));
#4636=DIRECTION('',(-1.,0.,0.));
#4637=DIRECTION('',(0.,1.,0.));
#4638=DIRECTION('',(0.,1.,0.));
#4639=DIRECTION('',(0.,0.932798134405597,0.360399279202163));
#4640=DIRECTION('',(0.,-0.360399279202163,0.932798134405597));
#4641=DIRECTION('',(0.,-0.360399279202163,0.932798134405597));
#4642=DIRECTION('',(0.,0.360399279202163,-0.932798134405597));
#4643=DIRECTION('',(-0.857492925712544,-0.514495755427526,0.));
#4644=DIRECTION('',(0.514495755427526,-0.857492925712544,0.));
#4645=DIRECTION('',(0.,0.,1.));
#4646=DIRECTION('',(-0.514495755427526,0.857492925712544,0.));
#4647=DIRECTION('',(0.,0.,1.));
#4648=DIRECTION('',(0.49612748830637,-0.826879147177283,0.264817656719077));
#4649=DIRECTION('',(0.,1.,0.));
#4650=DIRECTION('',(0.,0.,1.));
#4651=DIRECTION('',(1.,0.,0.));
#4652=DIRECTION('',(0.,0.,1.));
#4653=DIRECTION('',(1.,0.,0.));
#4654=DIRECTION('',(0.,0.,1.));
#4655=DIRECTION('',(1.,0.,0.));
#4656=DIRECTION('',(0.,0.,-1.));
#4657=DIRECTION('',(-1.,0.,0.));
#4658=DIRECTION('',(0.,0.,1.));
#4659=DIRECTION('',(1.,0.,0.));
#4660=DIRECTION('',(0.,0.,-1.));
#4661=DIRECTION('',(1.,0.,0.));
#4662=DIRECTION('',(1.,0.,0.));
#4663=DIRECTION('',(1.,0.,0.));
#4664=DIRECTION('',(0.,0.,-1.));
#4665=DIRECTION('',(1.,0.,0.));
#4666=DIRECTION('',(0.,1.,0.));
#4667=DIRECTION('',(0.,0.707106781186547,-0.707106781186548));
#4668=DIRECTION('',(0.,1.,0.));
#4669=DIRECTION('',(0.,0.445178750395652,0.89544172350643));
#4670=DIRECTION('',(1.,0.,0.));
#4671=DIRECTION('',(0.,1.,0.));
#4672=DIRECTION('',(0.,-0.707106781186547,0.707106781186548));
#4673=DIRECTION('',(0.,-0.806854670758608,-0.590749981189181));
#4674=DIRECTION('',(1.,0.,0.));
#4675=DIRECTION('',(0.,0.,-1.));
#4676=DIRECTION('',(0.,0.,-1.));
#4677=DIRECTION('',(0.,0.707106781186548,-0.707106781186547));
#4678=DIRECTION('',(0.,-1.,0.));
#4679=DIRECTION('',(-0.473002097525826,0.551226036833326,0.687327339812111));
#4680=DIRECTION('',(0.554688439670544,0.792412056672207,-0.253779170414715));
#4681=DIRECTION('',(0.589090662246768,-0.382236810614977,0.711946073986334));
#4682=DIRECTION('',(0.,0.780112960587239,-0.625638688640506));
#4683=DIRECTION('',(-0.554688439670544,-0.792412056672207,0.253779170414715));
#4684=DIRECTION('',(0.,1.,0.));
#4685=DIRECTION('',(-1.,0.,0.));
#4686=DIRECTION('',(0.,0.,1.));
#4687=DIRECTION('',(-1.,0.,0.));
#4688=DIRECTION('',(0.,0.,-1.));
#4689=DIRECTION('',(1.,0.,0.));
#4690=DIRECTION('',(0.876215908676647,0.481918749772156,0.));
#4691=DIRECTION('',(-0.481918749772156,0.876215908676647,0.));
#4692=DIRECTION('',(0.,0.,1.));
#4693=DIRECTION('',(0.,0.,1.));
#4694=DIRECTION('',(1.,0.,0.));
#4695=DIRECTION('',(0.,0.,-1.));
#4696=DIRECTION('',(-0.78086880944303,-0.624695047554424,0.));
#4697=DIRECTION('',(-0.624695047554424,0.78086880944303,0.));
#4698=DIRECTION('',(1.,0.,0.));
#4699=DIRECTION('',(0.,0.,-1.));
#4700=DIRECTION('',(0.,-1.,0.));
#4701=DIRECTION('',(1.,0.,0.));
#4702=DIRECTION('',(0.,0.,1.));
#4703=DIRECTION('',(0.,0.,1.));
#4704=DIRECTION('',(1.,0.,0.));
#4705=DIRECTION('',(0.,1.,0.));
#4706=DIRECTION('',(0.,0.,-1.));
#4707=DIRECTION('',(1.,0.,0.));
#4708=DIRECTION('',(0.,0.,-1.));
#4709=DIRECTION('',(0.,-0.806854670758608,-0.590749981189181));
#4710=DIRECTION('',(0.,-0.707106781186547,0.707106781186548));
#4711=DIRECTION('',(0.,-1.,0.));
#4712=DIRECTION('',(0.,0.707106781186548,-0.707106781186547));
#4713=DIRECTION('',(0.,-1.,0.));
#4714=DIRECTION('',(0.,0.,-1.));
#4715=DIRECTION('',(0.,-1.,0.));
#4716=DIRECTION('',(0.,0.707106781186547,0.707106781186548));
#4717=DIRECTION('',(0.,-0.707106781186548,0.707106781186547));
#4718=DIRECTION('',(0.,-0.923879532511287,0.38268343236509));
#4719=DIRECTION('',(0.,-0.38268343236509,-0.923879532511287));
#4720=DIRECTION('',(0.,-1.,0.));
#4721=DIRECTION('',(0.,-0.923879532511287,0.38268343236509));
#4722=DIRECTION('',(0.,-0.38268343236509,-0.923879532511287));
#4723=DIRECTION('',(0.,-0.707106781186547,0.707106781186548));
#4724=DIRECTION('',(0.,-0.707106781186548,-0.707106781186547));
#4725=DIRECTION('',(0.,0.,1.));
#4726=DIRECTION('',(0.,-1.,0.));
#4727=DIRECTION('',(0.,0.707106781186547,-0.707106781186548));
#4728=DIRECTION('',(0.,-0.89544172350643,0.445178750395652));
#4729=DIRECTION('',(0.,0.445178750395652,0.89544172350643));
#4730=DIRECTION('',(0.,0.707106781186547,-0.707106781186548));
#4731=DIRECTION('',(1.,0.,0.));
#4732=DIRECTION('',(0.,1.,0.));
#4733=DIRECTION('',(0.,-0.707106781186547,0.707106781186548));
#4734=DIRECTION('',(0.,-0.806854670758608,-0.590749981189181));
#4735=DIRECTION('',(0.,1.,0.));
#4736=DIRECTION('',(1.,0.,0.));
#4737=DIRECTION('',(0.,1.,0.));
#4738=DIRECTION('',(0.,1.,0.));
#4739=DIRECTION('',(0.,0.445178750395652,0.89544172350643));
#4740=DIRECTION('',(1.,0.,0.));
#4741=DIRECTION('',(0.,0.,-1.));
#4742=DIRECTION('',(0.832050294337843,0.55470019622523,0.));
#4743=DIRECTION('',(0.55470019622523,-0.832050294337843,0.));
#4744=DIRECTION('',(1.,0.,0.));
#4745=DIRECTION('',(1.,0.,0.));
#4746=DIRECTION('',(0.,0.,-1.));
#4747=DIRECTION('',(1.,0.,0.));
#4748=DIRECTION('',(0.,1.,0.));
#4749=DIRECTION('',(0.,0.590749981189181,-0.806854670758608));
#4750=DIRECTION('',(0.,0.806854670758608,0.590749981189181));
#4751=DIRECTION('',(0.,0.590749981189181,-0.806854670758608));
#4752=DIRECTION('',(0.,-0.806854670758608,-0.590749981189181));
#4753=DIRECTION('',(1.,0.,0.));
#4754=DIRECTION('',(0.,-0.806854670758608,-0.590749981189181));
#4755=DIRECTION('',(0.,0.590749981189181,-0.806854670758608));
#4756=DIRECTION('',(0.,-0.806854670758608,-0.590749981189181));
#4757=DIRECTION('',(-1.,0.,0.));
#4758=DIRECTION('',(0.,0.806854670758608,0.590749981189181));
#4759=DIRECTION('',(-1.,0.,0.));
#4760=DIRECTION('',(0.,0.806854670758608,0.590749981189181));
#4761=DIRECTION('',(-1.,0.,0.));
#4762=DIRECTION('',(1.,0.,0.));
#4763=DIRECTION('',(0.,0.,-1.));
#4764=DIRECTION('',(1.,0.,0.));
#4765=DIRECTION('',(-1.,0.,0.));
#4766=DIRECTION('',(0.,0.,1.));
#4767=DIRECTION('',(0.,-0.92070037621483,-0.390270184920487));
#4768=DIRECTION('',(0.,0.390270184920487,-0.92070037621483));
#4769=DIRECTION('',(1.,0.,0.));
#4770=DIRECTION('',(0.,0.390270184920487,-0.92070037621483));
#4771=DIRECTION('',(0.,-0.92070037621483,-0.390270184920487));
#4772=DIRECTION('',(0.,-0.390270184920487,0.92070037621483));
#4773=DIRECTION('',(0.,-0.590749981189181,0.806854670758608));
#4774=DIRECTION('',(0.,-0.806854670758608,-0.590749981189181));
#4775=DIRECTION('',(0.,-0.806854670758608,-0.590749981189181));
#4776=DIRECTION('',(-1.,0.,0.));
#4777=DIRECTION('',(0.,-0.590749981189181,0.806854670758608));
#4778=DIRECTION('',(0.,-0.806854670758608,-0.590749981189181));
#4779=DIRECTION('',(1.,0.,0.));
#4780=DIRECTION('',(0.,0.806854670758608,0.590749981189181));
#4781=DIRECTION('',(-1.,0.,0.));
#4782=DIRECTION('',(0.,-0.806854670758608,-0.590749981189181));
#4783=DIRECTION('',(0.,-0.590749981189181,0.806854670758608));
#4784=DIRECTION('',(0.,0.806854670758608,0.590749981189181));
#4785=DIRECTION('',(-1.,0.,0.));
#4786=DIRECTION('',(0.,0.,1.));
#4787=DIRECTION('',(0.,-0.799058830897771,0.601252845951093));
#4788=DIRECTION('',(0.,0.,1.));
#4789=DIRECTION('',(0.,-1.,0.));
#4790=DIRECTION('',(0.,0.,1.));
#4791=DIRECTION('',(-1.,0.,0.));
#4792=DIRECTION('',(0.,0.,1.));
#4793=DIRECTION('',(0.,0.,-1.));
#4794=DIRECTION('',(0.,0.707106781186548,0.707106781186548));
#4795=DIRECTION('',(0.,1.,0.));
#4796=DIRECTION('',(0.,-0.707106781186548,0.707106781186548));
#4797=DIRECTION('',(0.,0.,-1.));
#4798=DIRECTION('',(0.,-0.707106781186548,-0.707106781186548));
#4799=DIRECTION('',(0.,1.,0.));
#4800=DIRECTION('',(0.,0.445178750395652,0.89544172350643));
#4801=DIRECTION('',(-1.,0.,0.));
#4802=DIRECTION('',(0.,0.,1.));
#4803=DIRECTION('',(0.,-0.0968924551001747,0.995294856886471));
#4804=DIRECTION('',(-1.,0.,0.));
#4805=DIRECTION('',(0.,0.,1.));
#4806=DIRECTION('',(0.,0.952351796433673,-0.305001730863213));
#4807=DIRECTION('',(0.614651986037217,0.287881111397445,0.73438913510555));
#4808=DIRECTION('',(0.0813595351468854,-0.94919457671366,0.303990594555258));
#4809=DIRECTION('',(-0.266213572450179,-0.800690022252581,0.536680372389818));
#4810=DIRECTION('',(-0.0813595351468854,0.94919457671366,-0.303990594555258));
#4811=DIRECTION('',(0.0813595351468853,-0.94919457671366,0.303990594555258));
#4812=DIRECTION('',(-0.996346649041751,-0.085401141346436,0.));
#4813=DIRECTION('',(0.0854011413464361,-0.996346649041751,0.));
#4814=DIRECTION('',(0.,0.,1.));
#4815=DIRECTION('',(0.,0.305001730863213,0.952351796433673));
#4816=DIRECTION('',(0.,-0.952351796433673,0.305001730863213));
#4817=DIRECTION('',(-1.,0.,0.));
#4818=DIRECTION('',(0.49612748830637,0.826879147177283,-0.264817656719077));
#4819=DIRECTION('',(-1.,0.,0.));
#4820=DIRECTION('',(1.,0.,0.));
#4821=DIRECTION('',(1.,0.,0.));
#4822=DIRECTION('',(0.,0.,-1.));
#4823=DIRECTION('',(1.,0.,0.));
#4824=DIRECTION('',(0.,0.,-1.));
#4825=DIRECTION('',(0.832050294337843,0.55470019622523,0.));
#4826=DIRECTION('',(-0.55470019622523,0.832050294337843,0.));
#4827=DIRECTION('',(0.,0.,1.));
#4828=DIRECTION('',(0.,-0.89544172350643,0.445178750395652));
#4829=DIRECTION('',(0.,-0.445178750395652,-0.89544172350643));
#4830=DIRECTION('',(-1.,0.,0.));
#4831=DIRECTION('',(0.,-0.445178750395652,-0.89544172350643));
#4832=DIRECTION('',(1.,0.,0.));
#4833=DIRECTION('',(1.,0.,0.));
#4834=DIRECTION('',(-1.,0.,0.));
#4835=DIRECTION('',(0.,0.,1.));
#4836=DIRECTION('',(0.,0.,1.));
#4837=DIRECTION('',(0.,-1.,0.));
#4838=DIRECTION('',(0.,-0.799058830897771,0.601252845951093));
#4839=DIRECTION('',(0.,0.780112960587239,-0.625638688640506));
#4840=DIRECTION('',(0.,0.952351796433673,-0.305001730863213));
#4841=DIRECTION('',(-1.,0.,0.));
#4842=DIRECTION('',(0.,0.,1.));
#4843=DIRECTION('',(0.,-0.0968924551001747,0.995294856886471));
#4844=DIRECTION('',(-1.,0.,0.));
#4845=DIRECTION('',(0.,0.,1.));
#4846=DIRECTION('',(0.,0.445178750395652,0.89544172350643));
#4847=DIRECTION('',(0.,1.,0.));
#4848=DIRECTION('',(0.,-0.707106781186548,-0.707106781186548));
#4849=DIRECTION('',(0.,0.,-1.));
#4850=DIRECTION('',(0.,-0.707106781186548,0.707106781186548));
#4851=DIRECTION('',(0.,1.,0.));
#4852=DIRECTION('',(0.,0.707106781186548,0.707106781186548));
#4853=DIRECTION('',(0.,0.,-1.));
#4854=DIRECTION('',(-1.,0.,0.));
#4855=DIRECTION('',(0.,0.,1.));
#4856=DIRECTION('',(1.,0.,0.));
#4857=DIRECTION('',(0.,0.,-1.));
#4858=DIRECTION('',(1.,0.,0.));
#4859=DIRECTION('',(1.,0.,0.));
#4860=DIRECTION('',(0.,0.,-1.));
#4861=DIRECTION('',(1.,0.,0.));
#4862=DIRECTION('',(0.,0.305001730863213,0.952351796433673));
#4863=DIRECTION('',(0.,-0.952351796433673,0.305001730863213));
#4864=DIRECTION('',(-0.49612748830637,0.826879147177283,-0.264817656719077));
#4865=DIRECTION('',(-1.,0.,0.));
#4866=DIRECTION('',(0.0813595351468854,0.94919457671366,-0.303990594555258));
#4867=DIRECTION('',(1.,0.,0.));
#4868=DIRECTION('',(0.554688439670544,-0.792412056672207,0.253779170414715));
#4869=DIRECTION('',(0.498845565119086,0.521100365335093,0.692537010858375));
#4870=DIRECTION('',(0.496127488306369,-0.826879147177283,0.264817656719077));
#4871=DIRECTION('',(0.0943456877528356,-0.826960169457399,0.554288525348879));
#4872=DIRECTION('',(-0.589090662246768,-0.382236810614977,0.711946073986334));
#4873=DIRECTION('',(0.,0.89544172350643,-0.445178750395652));
#4874=DIRECTION('',(0.,0.445178750395652,0.89544172350643));
#4875=DIRECTION('',(-1.,0.,0.));
#4876=DIRECTION('',(-1.,0.,0.));
#4877=DIRECTION('',(0.,-0.445178750395652,-0.89544172350643));
#4878=DIRECTION('',(1.,0.,0.));
#4879=DIRECTION('',(0.,0.89544172350643,-0.445178750395652));
#4880=DIRECTION('',(0.,0.445178750395652,0.89544172350643));
#4881=DIRECTION('',(1.,0.,0.));
#4882=DIRECTION('',(0.,1.,0.));
#4883=DIRECTION('',(0.,0.,-1.));
#4884=DIRECTION('',(1.,0.,0.));
#4885=DIRECTION('',(0.,0.,-1.));
#4886=DIRECTION('',(1.,0.,0.));
#4887=DIRECTION('',(0.,0.,-1.));
#4888=DIRECTION('',(0.,0.,1.));
#4889=DIRECTION('',(0.,0.360399279202163,-0.932798134405597));
#4890=DIRECTION('',(0.,1.,0.));
#4891=DIRECTION('',(0.,0.,1.));
#4892=DIRECTION('',(0.,0.,1.));
#4893=DIRECTION('',(-1.,0.,0.));
#4894=DIRECTION('',(0.,0.,1.));
#4895=DIRECTION('',(1.,0.,0.));
#4896=DIRECTION('',(0.,0.,-1.));
#4897=DIRECTION('',(0.832050294337843,-0.55470019622523,0.));
#4898=DIRECTION('',(-0.55470019622523,-0.832050294337843,0.));
#4899=DIRECTION('',(-1.,0.,0.));
#4900=DIRECTION('',(1.,0.,0.));
#4901=DIRECTION('',(0.,0.,-1.));
#4902=DIRECTION('',(0.,1.,0.));
#4903=DIRECTION('',(-1.,0.,0.));
#4904=DIRECTION('',(0.,0.,1.));
#4905=DIRECTION('',(1.,0.,0.));
#4906=DIRECTION('',(1.,0.,0.));
#4907=DIRECTION('',(0.,0.,-1.));
#4908=DIRECTION('',(-0.78086880944303,0.624695047554424,0.));
#4909=DIRECTION('',(0.624695047554424,0.78086880944303,0.));
#4910=DIRECTION('',(1.,0.,0.));
#4911=DIRECTION('',(1.,0.,0.));
#4912=DIRECTION('',(0.,0.,-1.));
#4913=DIRECTION('',(1.,0.,0.));
#4914=DIRECTION('',(0.,-1.,0.));
#4915=DIRECTION('',(1.,0.,0.));
#4916=DIRECTION('',(0.,0.,1.));
#4917=DIRECTION('',(0.876215908676647,-0.481918749772156,0.));
#4918=DIRECTION('',(0.481918749772156,0.876215908676647,0.));
#4919=DIRECTION('',(0.,0.,1.));
#4920=DIRECTION('',(0.,0.,1.));
#4921=DIRECTION('',(1.,0.,0.));
#4922=DIRECTION('',(0.,0.,-1.));
#4923=DIRECTION('',(-1.,0.,0.));
#4924=DIRECTION('',(0.,0.,1.));
#4925=DIRECTION('',(0.,0.,1.));
#4926=DIRECTION('',(-0.98058067569092,-0.196116135138184,0.));
#4927=DIRECTION('',(0.196116135138184,-0.98058067569092,0.));
#4928=DIRECTION('',(0.,0.,1.));
#4929=DIRECTION('',(0.98058067569092,-0.196116135138184,0.));
#4930=DIRECTION('',(0.196116135138184,0.98058067569092,0.));
#4931=DIRECTION('',(0.,0.,1.));
#4932=DIRECTION('',(0.,0.,1.));
#4933=DIRECTION('',(1.,0.,0.));
#4934=DIRECTION('',(0.,0.,-1.));
#4935=DIRECTION('',(0.,0.,1.));
#4936=DIRECTION('',(0.876215908676647,0.481918749772156,0.));
#4937=DIRECTION('',(-0.481918749772156,0.876215908676647,0.));
#4938=DIRECTION('',(0.876215908676647,-0.481918749772156,0.));
#4939=DIRECTION('',(0.481918749772156,0.876215908676647,0.));
#4940=DIRECTION('',(0.,0.,1.));
#4941=DIRECTION('',(0.,0.,1.));
#4942=DIRECTION('',(1.,0.,0.));
#4943=DIRECTION('',(0.,0.,-1.));
#4944=DIRECTION('',(1.,0.,0.));
#4945=DIRECTION('',(0.,0.,-1.));
#4946=DIRECTION('',(1.,0.,0.));
#4947=DIRECTION('',(0.,0.,-1.));
#4948=DIRECTION('',(-0.78086880944303,0.624695047554424,0.));
#4949=DIRECTION('',(-0.624695047554424,-0.78086880944303,0.));
#4950=DIRECTION('',(0.,0.,1.));
#4951=DIRECTION('',(-1.,0.,0.));
#4952=DIRECTION('',(0.,0.,1.));
#4953=DIRECTION('',(0.,0.,1.));
#4954=DIRECTION('',(0.,0.658504607868518,0.752576694706878));
#4955=DIRECTION('',(-1.,0.,0.));
#4956=DIRECTION('',(0.,0.,1.));
#4957=DIRECTION('',(-1.,0.,0.));
#4958=DIRECTION('',(0.,0.,1.));
#4959=DIRECTION('',(0.,-0.658504607868518,0.752576694706878));
#4960=DIRECTION('',(0.,0.,1.));
#4961=DIRECTION('',(0.,-0.360399279202163,0.932798134405597));
#4962=DIRECTION('',(0.,0.92070037621483,0.390270184920487));
#4963=DIRECTION('',(0.,-0.390270184920487,0.92070037621483));
#4964=DIRECTION('',(-1.,0.,0.));
#4965=DIRECTION('',(0.,-0.390270184920487,0.92070037621483));
#4966=DIRECTION('',(0.,0.92070037621483,0.390270184920487));
#4967=DIRECTION('',(0.,0.390270184920487,-0.92070037621483));
#4968=DIRECTION('',(-1.,0.,0.));
#4969=DIRECTION('',(0.,0.,1.));
#4970=DIRECTION('',(-1.,0.,0.));
#4971=DIRECTION('',(0.,0.,1.));
#4972=DIRECTION('',(0.,-0.932798134405597,-0.360399279202163));
#4973=DIRECTION('',(0.,0.360399279202163,-0.932798134405597));
#4974=DIRECTION('',(0.,-0.360399279202163,0.932798134405597));
#4975=DIRECTION('',(0.,0.,1.));
#4976=DIRECTION('',(1.,0.,0.));
#4977=DIRECTION('',(0.,0.995294856886471,0.0968924551001747));
#4978=DIRECTION('',(1.,0.,0.));
#4979=DIRECTION('',(-1.,0.,0.));
#4980=DIRECTION('',(0.,-0.0968924551001747,0.995294856886471));
#4981=DIRECTION('',(1.,0.,0.));
#4982=DIRECTION('',(0.,-0.995294856886471,-0.0968924551001747));
#4983=DIRECTION('',(1.,0.,0.));
#4984=DIRECTION('',(1.,0.,0.));
#4985=DIRECTION('',(0.,-0.0968924551001747,0.995294856886471));
#4986=DIRECTION('',(-1.,0.,0.));
#4987=DIRECTION('',(1.,0.,0.));
#4988=DIRECTION('',(0.,0.,-1.));
#4989=DIRECTION('',(1.,0.,0.));
#4990=DIRECTION('',(0.,0.,-1.));
#4991=DIRECTION('',(-1.,0.,0.));
#4992=DIRECTION('',(0.,0.,1.));
#4993=DIRECTION('',(1.,0.,0.));
#4994=DIRECTION('',(0.,0.,-1.));
#4995=DIRECTION('',(-1.,0.,0.));
#4996=DIRECTION('',(0.,0.,1.));
#4997=DIRECTION('',(1.,0.,0.));
#4998=DIRECTION('',(0.,0.,-1.));
#4999=DIRECTION('',(-1.,0.,0.));
#5000=DIRECTION('',(0.,0.,1.));
#5001=DIRECTION('',(1.,0.,0.));
#5002=DIRECTION('',(0.,0.,-1.));
#5003=DIRECTION('',(0.,-1.,0.));
#5004=DIRECTION('',(1.,0.,0.));
#5005=DIRECTION('',(-1.,0.,0.));
#5006=DIRECTION('',(0.55470019622523,0.,0.832050294337843));
#5007=DIRECTION('',(0.,0.,-1.));
#5008=DIRECTION('',(0.,0.,-1.));
#5009=DIRECTION('',(0.,0.,1.));
#5010=DIRECTION('',(1.,0.,0.));
#5011=DIRECTION('',(0.,-1.,0.));
#5012=DIRECTION('',(0.366439080618608,-0.930442045586607,0.));
#5013=DIRECTION('',(0.,1.,0.));
#5014=DIRECTION('',(-0.426401432711221,-0.904534033733291,0.));
#5015=DIRECTION('',(0.,-1.,0.));
#5016=DIRECTION('',(-1.,0.,0.));
#5017=DIRECTION('',(0.,0.,1.));
#5018=DIRECTION('',(-1.,0.,0.));
#5019=DIRECTION('',(0.,0.,1.));
#5020=DIRECTION('',(0.,0.,-1.));
#5021=DIRECTION('',(0.,-1.,0.));
#5022=DIRECTION('',(0.,0.,-1.));
#5023=DIRECTION('',(-1.,0.,0.));
#5024=DIRECTION('',(1.,0.,0.));
#5025=DIRECTION('',(0.,-1.,0.));
#5026=DIRECTION('',(0.426401432711221,-0.904534033733291,0.));
#5027=DIRECTION('',(-0.366439080618608,-0.930442045586607,0.));
#5028=DIRECTION('',(0.,-1.,0.));
#5029=DIRECTION('',(1.,0.,0.));
#5030=DIRECTION('',(0.,0.,-1.));
#5031=DIRECTION('',(-0.55470019622523,0.,0.832050294337843));
#5032=DIRECTION('',(-1.,0.,0.));
#5033=DIRECTION('',(0.,0.,1.));
#5034=DIRECTION('',(-1.,0.,0.));
#5035=DIRECTION('',(1.,0.,0.));
#5036=DIRECTION('',(0.,0.,-1.));
#5037=DIRECTION('',(1.,0.,0.));
#5038=DIRECTION('',(0.,0.,-1.));
#5039=DIRECTION('',(-1.,0.,0.));
#5040=DIRECTION('',(-1.,0.,0.));
#5041=DIRECTION('',(-1.,0.,0.));
#5042=DIRECTION('',(0.,1.,0.));
#5043=DIRECTION('',(0.,-0.707106781186548,-0.707106781186547));
#5044=DIRECTION('',(0.,0.707106781186547,-0.707106781186548));
#5045=DIRECTION('',(0.,-0.707106781186547,0.707106781186548));
#5046=DIRECTION('',(0.,0.707106781186547,-0.707106781186548));
#5047=DIRECTION('',(0.,0.707106781186548,0.707106781186547));
#5048=DIRECTION('',(0.,-0.707106781186547,0.707106781186548));
#5049=DIRECTION('',(0.,0.707106781186547,-0.707106781186548));
#5050=DIRECTION('',(1.,0.,0.));
#5051=DIRECTION('',(0.,1.,0.));
#5052=DIRECTION('',(0.,-0.707106781186547,0.707106781186548));
#5053=DIRECTION('',(0.,-1.,0.));
#5054=DIRECTION('',(1.,0.,0.));
#5055=DIRECTION('',(0.,0.,-1.));
#5056=DIRECTION('',(0.,-0.0968924551001747,0.995294856886471));
#5057=DIRECTION('',(1.,0.,0.));
#5058=DIRECTION('',(0.,0.,-1.));
#5059=DIRECTION('',(0.,0.445178750395652,0.89544172350643));
#5060=DIRECTION('',(1.,0.,0.));
#5061=DIRECTION('',(0.,0.,-1.));
#5062=DIRECTION('',(-0.55470019622523,0.82813537862533,0.0806193957852166));
#5063=DIRECTION('',(-0.832050294337843,-0.552090252416887,-0.0537462638568112));
#5064=DIRECTION('',(0.,-0.0968924551001747,0.995294856886471));
#5065=DIRECTION('',(-0.55470019622523,0.82813537862533,0.0806193957852166));
#5066=DIRECTION('',(1.,0.,0.));
#5067=DIRECTION('',(0.,0.,-1.));
#5068=DIRECTION('',(-0.554700196225229,0.745052549605911,-0.370411110299656));
#5069=DIRECTION('',(0.832050294337843,0.496701699737275,-0.246940740199771));
#5070=DIRECTION('',(0.,-0.445178750395652,-0.89544172350643));
#5071=DIRECTION('',(-0.476014050456891,0.867921186670039,0.141857102384389));
#5072=DIRECTION('',(-0.832050294337843,-0.392232270276368,-0.392232270276368));
#5073=DIRECTION('',(0.,0.707106781186547,-0.707106781186548));
#5074=DIRECTION('',(-0.524427835967411,0.325837683215512,0.786641753951115));
#5075=DIRECTION('',(0.832050294337843,0.,0.55470019622523));
#5076=DIRECTION('',(0.,1.,0.));
#5077=DIRECTION('',(-0.524427835967411,0.325837683215512,0.786641753951115));
#5078=DIRECTION('',(0.832050294337844,0.392232270276368,0.392232270276368));
#5079=DIRECTION('',(0.,0.707106781186547,-0.707106781186548));
#5080=DIRECTION('',(0.451592309217088,-0.0683710378336604,-0.889600914703625));
#5081=DIRECTION('',(0.832050294337843,-0.327689130485689,0.447562444195043));
#5082=DIRECTION('',(0.,0.806854670758608,0.590749981189181));
#5083=DIRECTION('',(0.,-0.707106781186547,0.707106781186548));
#5084=DIRECTION('',(0.,-0.707106781186548,-0.707106781186547));
#5085=DIRECTION('',(0.,-1.,0.));
#5086=DIRECTION('',(0.,0.,-1.));
#5087=DIRECTION('',(-1.,0.,0.));
#5088=DIRECTION('',(1.,0.,0.));
#5089=DIRECTION('',(0.,0.,-1.));
#5090=DIRECTION('',(0.,0.,-1.));
#5091=DIRECTION('',(-1.,0.,0.));
#5092=DIRECTION('',(-1.,0.,0.));
#5093=DIRECTION('',(1.,0.,0.));
#5094=DIRECTION('',(0.,1.,0.));
#5095=DIRECTION('',(0.,-1.,0.));
#5096=DIRECTION('',(0.,0.,-1.));
#5097=DIRECTION('',(1.,0.,0.));
#5098=DIRECTION('',(0.,0.,1.));
#5099=DIRECTION('',(-1.,0.,0.));
#5100=DIRECTION('',(0.,0.,-1.));
#5101=DIRECTION('',(-1.,0.,0.));
#5102=DIRECTION('',(0.,-1.,0.));
#5103=DIRECTION('',(-1.,0.,0.));
#5104=DIRECTION('',(1.,0.,0.));
#5105=DIRECTION('',(1.,0.,0.));
#5106=DIRECTION('',(0.,1.,0.));
#5107=DIRECTION('',(0.,0.,-1.));
#5108=DIRECTION('',(0.,1.,0.));
#5109=DIRECTION('',(0.,0.,1.));
#5110=DIRECTION('',(0.,-1.,0.));
#5111=DIRECTION('',(0.,-0.707106781186548,-0.707106781186548));
#5112=DIRECTION('',(1.,0.,0.));
#5113=DIRECTION('',(0.,0.707106781186548,-0.707106781186548));
#5114=DIRECTION('',(0.577350269189626,0.577350269189626,0.577350269189626));
#5115=DIRECTION('',(0.707106781186547,0.,-0.707106781186548));
#5116=DIRECTION('',(-0.707106781186547,0.707106781186548,0.));
#5117=DIRECTION('',(0.707106781186547,0.,-0.707106781186548));
#5118=DIRECTION('',(0.,-0.707106781186548,0.707106781186548));
#5119=DIRECTION('',(-1.,0.,0.));
#5120=DIRECTION('',(0.,-0.707106781186548,-0.707106781186548));
#5121=DIRECTION('',(0.707106781186548,0.,0.707106781186547));
#5122=DIRECTION('',(0.,-1.,0.));
#5123=DIRECTION('',(-0.707106781186547,0.,0.707106781186548));
#5124=DIRECTION('',(0.707106781186548,0.707106781186547,0.));
#5125=DIRECTION('',(0.,0.,1.));
#5126=DIRECTION('',(0.707106781186547,-0.707106781186548,-8.54444562071358E-16));
#5127=DIRECTION('',(0.,0.707106781186548,-0.707106781186548));
#5128=DIRECTION('',(-1.,0.,0.));
#5129=DIRECTION('',(0.,0.707106781186548,0.707106781186548));
#5130=DIRECTION('',(0.577350269189626,-0.577350269189626,0.577350269189626));
#5131=DIRECTION('',(0.707106781186547,0.,-0.707106781186548));
#5132=DIRECTION('',(-0.707106781186547,-0.707106781186548,0.));
#5133=DIRECTION('',(0.577350269189626,0.577350269189626,-0.577350269189626));
#5134=DIRECTION('',(-0.707106781186548,0.,-0.707106781186548));
#5135=DIRECTION('',(0.707106781186548,0.,0.707106781186548));
#5136=DIRECTION('',(-0.707106781186548,0.707106781186547,0.));
#5137=DIRECTION('',(0.,0.,-1.));
#5138=DIRECTION('',(0.707106781186547,0.707106781186548,9.18543318284143E-17));
#5139=DIRECTION('',(-0.707106781186548,0.,0.707106781186548));
#5140=DIRECTION('',(0.,1.,0.));
#5141=DIRECTION('',(-0.707106781186548,0.,-0.707106781186548));
#5142=DIRECTION('',(0.577350269189626,-0.577350269189625,-0.577350269189626));
#5143=DIRECTION('',(-0.707106781186548,0.,-0.707106781186548));
#5144=DIRECTION('',(9.61481343191781E-17,-0.707106781186548,0.707106781186547));
#5145=DIRECTION('',(0.,0.707106781186547,0.707106781186548));
#5146=DIRECTION('',(-1.,0.,0.));
#5147=DIRECTION('',(-0.577350269189626,0.577350269189626,0.577350269189626));
#5148=DIRECTION('',(-0.707106781186547,0.,-0.707106781186548));
#5149=DIRECTION('',(0.707106781186547,0.707106781186548,0.));
#5150=DIRECTION('',(-0.707106781186547,0.,-0.707106781186548));
#5151=DIRECTION('',(0.,0.707106781186548,-0.707106781186548));
#5152=DIRECTION('',(-0.707106781186548,0.707106781186547,0.));
#5153=DIRECTION('',(0.,0.,1.));
#5154=DIRECTION('',(0.,0.,-1.));
#5155=DIRECTION('',(-0.707106781186547,-0.707106781186548,-8.54444562071358E-16));
#5156=DIRECTION('',(0.,0.,1.));
#5157=DIRECTION('',(-0.577350269189626,0.577350269189626,-0.577350269189626));
#5158=DIRECTION('',(0.707106781186548,0.,-0.707106781186548));
#5159=DIRECTION('',(0.,0.707106781186548,0.707106781186548));
#5160=DIRECTION('',(-0.707106781186548,0.,0.707106781186548));
#5161=DIRECTION('',(-0.707106781186548,0.,0.707106781186547));
#5162=DIRECTION('',(0.,-1.,0.));
#5163=DIRECTION('',(0.,-1.,0.));
#5164=DIRECTION('',(0.707106781186547,0.,0.707106781186548));
#5165=DIRECTION('',(0.,1.,0.));
#5166=DIRECTION('',(-1.,0.,0.));
#5167=DIRECTION('',(0.,1.,0.));
#5168=DIRECTION('',(0.,0.,-1.));
#5169=DIRECTION('',(0.,1.,0.));
#5170=DIRECTION('',(-0.577350269189626,-0.577350269189626,0.577350269189626));
#5171=DIRECTION('',(-0.707106781186547,0.,-0.707106781186548));
#5172=DIRECTION('',(0.707106781186547,-0.707106781186548,0.));
#5173=DIRECTION('',(0.,-0.707106781186548,-0.707106781186548));
#5174=DIRECTION('',(0.,0.,-1.));
#5175=DIRECTION('',(1.,0.,0.));
#5176=DIRECTION('',(1.,0.,0.));
#5177=DIRECTION('',(0.,1.,0.));
#5178=DIRECTION('',(1.,0.,0.));
#5179=DIRECTION('',(0.,-1.,0.));
#5180=DIRECTION('',(0.,-0.707106781186548,-0.707106781186548));
#5181=DIRECTION('',(-1.,0.,0.));
#5182=DIRECTION('',(1.,0.,0.));
#5183=DIRECTION('',(-1.,0.,0.));
#5184=DIRECTION('',(0.,-0.707106781186548,-0.707106781186547));
#5185=DIRECTION('',(0.,0.707106781186547,-0.707106781186548));
#5186=DIRECTION('',(0.,0.707106781186547,-0.707106781186548));
#5187=DIRECTION('',(0.,-0.707106781186547,0.707106781186548));
#5188=DIRECTION('',(0.,0.707106781186548,0.707106781186547));
#5189=DIRECTION('',(0.,-0.707106781186547,0.707106781186548));
#5190=DIRECTION('',(0.,0.707106781186547,-0.707106781186548));
#5191=DIRECTION('',(0.,0.707106781186547,-0.707106781186548));
#5192=DIRECTION('',(-0.832050294337844,0.392232270276368,0.392232270276368));
#5193=DIRECTION('',(0.,0.707106781186547,-0.707106781186548));
#5194=DIRECTION('',(0.524427835967411,0.325837683215512,0.786641753951115));
#5195=DIRECTION('',(0.,-0.707106781186547,0.707106781186548));
#5196=DIRECTION('',(-0.451592309217088,-0.0683710378336604,-0.889600914703625));
#5197=DIRECTION('',(-1.,0.,0.));
#5198=DIRECTION('',(0.,1.,0.));
#5199=DIRECTION('',(0.,-0.806854670758608,-0.590749981189181));
#5200=DIRECTION('',(-0.832050294337843,-0.327689130485689,0.447562444195043));
#5201=DIRECTION('',(0.,0.806854670758608,0.590749981189181));
#5202=DIRECTION('',(-0.577350269189626,-0.577350269189625,-0.577350269189626));
#5203=DIRECTION('',(0.707106781186548,0.,-0.707106781186548));
#5204=DIRECTION('',(0.707106781186548,0.,-0.707106781186548));
#5205=DIRECTION('',(-9.61481343191781E-17,-0.707106781186548,0.707106781186547));
#5206=DIRECTION('',(-0.707106781186547,0.707106781186548,9.18543318284143E-17));
#5207=DIRECTION('',(-0.614651986037217,0.287881111397445,0.73438913510555));
#5208=DIRECTION('',(-0.0813595351468854,-0.94919457671366,0.303990594555258));
#5209=DIRECTION('',(-0.266213572450179,0.800690022252581,-0.536680372389818));
#5210=DIRECTION('',(-0.0813595351468853,-0.94919457671366,0.303990594555258));
#5211=DIRECTION('',(0.996346649041751,-0.085401141346436,0.));
#5212=DIRECTION('',(-0.0854011413464361,-0.996346649041751,0.));
#5213=DIRECTION('',(0.,0.,1.));
#5214=DIRECTION('',(0.,-1.,0.));
#5215=DIRECTION('',(0.,0.,-1.));
#5216=DIRECTION('',(1.,0.,0.));
#5217=DIRECTION('',(0.,0.707106781186548,-0.707106781186548));
#5218=DIRECTION('',(1.,0.,0.));
#5219=DIRECTION('',(-1.,0.,0.));
#5220=DIRECTION('',(0.707106781186548,0.,0.707106781186548));
#5221=DIRECTION('',(0.,1.,0.));
#5222=DIRECTION('',(0.,-1.,0.));
#5223=DIRECTION('',(-0.832050294337843,0.,0.55470019622523));
#5224=DIRECTION('',(0.,1.,0.));
#5225=DIRECTION('',(0.524427835967411,0.325837683215512,0.786641753951115));
#5226=DIRECTION('',(0.,-1.,0.));
#5227=DIRECTION('',(0.832050294337843,-0.552090252416887,-0.0537462638568112));
#5228=DIRECTION('',(0.,-0.0968924551001747,0.995294856886471));
#5229=DIRECTION('',(0.55470019622523,0.82813537862533,0.0806193957852166));
#5230=DIRECTION('',(0.,-0.0968924551001747,0.995294856886471));
#5231=DIRECTION('',(0.55470019622523,0.82813537862533,0.0806193957852166));
#5232=DIRECTION('',(-1.,0.,0.));
#5233=DIRECTION('',(0.,0.,-1.));
#5234=DIRECTION('',(1.,0.,0.));
#5235=DIRECTION('',(0.,0.,-1.));
#5236=DIRECTION('',(0.554700196225229,0.745052549605911,-0.370411110299656));
#5237=DIRECTION('',(-0.832050294337843,0.496701699737275,-0.246940740199771));
#5238=DIRECTION('',(0.,-0.445178750395652,-0.89544172350643));
#5239=DIRECTION('',(0.,0.445178750395652,0.89544172350643));
#5240=DIRECTION('',(0.476014050456891,0.867921186670039,0.141857102384389));
#5241=DIRECTION('',(0.832050294337843,-0.392232270276368,-0.392232270276368));
#5242=DIRECTION('',(0.,0.707106781186547,-0.707106781186548));
#5243=DIRECTION('',(0.,-0.707106781186547,0.707106781186548));
#5244=DIRECTION('',(0.,0.,-1.));
#5245=DIRECTION('',(1.,0.,0.));
#5246=DIRECTION('',(-1.,0.,0.));
#5247=DIRECTION('',(0.707106781186548,0.707106781186547,0.));
#5248=DIRECTION('',(0.,0.,-1.));
#5249=DIRECTION('',(0.,0.,1.));
#5250=DIRECTION('',(0.,-0.707106781186548,0.707106781186548));
#5251=DIRECTION('',(1.,0.,0.));
#5252=DIRECTION('',(1.,0.,0.));
#5253=DIRECTION('',(-1.,0.,0.));
#5254=DIRECTION('',(0.,1.,0.));
#5255=DIRECTION('',(1.,0.,0.));
#5256=DIRECTION('',(0.,0.,-1.));
#5257=DIRECTION('',(-1.,0.,0.));
#5258=DIRECTION('',(0.,0.,-1.));
#5259=DIRECTION('',(0.,-1.,0.));
#5260=DIRECTION('',(0.,0.,-1.));
#5261=DIRECTION('',(-1.,0.,0.));
#5262=DIRECTION('',(0.,0.,-1.));
#5263=DIRECTION('',(1.,0.,0.));
#5264=DIRECTION('',(0.,0.,-1.));
#5265=DIRECTION('',(0.,-1.,0.));
#5266=DIRECTION('',(0.,-1.,0.));
#5267=DIRECTION('',(1.,0.,0.));
#5268=DIRECTION('',(0.,0.707106781186547,0.707106781186548));
#5269=DIRECTION('',(1.,0.,0.));
#5270=DIRECTION('',(0.,-0.707106781186547,-0.707106781186548));
#5271=DIRECTION('',(0.,-0.707106781186548,0.707106781186547));
#5272=DIRECTION('',(0.,-0.707106781186547,0.707106781186548));
#5273=DIRECTION('',(0.,-0.707106781186548,-0.707106781186547));
#5274=DIRECTION('',(0.,0.923879532511287,-0.38268343236509));
#5275=DIRECTION('',(0.,-0.38268343236509,-0.923879532511287));
#5276=DIRECTION('',(0.,-0.707106781186547,0.707106781186548));
#5277=DIRECTION('',(0.,-0.707106781186548,-0.707106781186547));
#5278=DIRECTION('',(0.,0.923879532511287,-0.38268343236509));
#5279=DIRECTION('',(0.,-0.38268343236509,-0.923879532511287));
#5280=DIRECTION('',(0.,-1.,0.));
#5281=DIRECTION('',(0.,0.,-1.));
#5282=DIRECTION('',(-0.832050294337843,0.55470019622523,0.));
#5283=DIRECTION('',(0.55470019622523,0.832050294337843,0.));
#5284=DIRECTION('',(0.78086880944303,0.624695047554424,0.));
#5285=DIRECTION('',(0.624695047554424,-0.78086880944303,0.));
#5286=DIRECTION('',(0.,0.,1.));
#5287=DIRECTION('',(0.,0.,1.));
#5288=DIRECTION('',(-1.,0.,0.));
#5289=DIRECTION('',(0.473002097525826,0.551226036833326,0.687327339812111));
#5290=DIRECTION('',(-0.554688439670544,0.792412056672207,-0.253779170414715));
#5291=DIRECTION('',(0.857492925712544,-0.514495755427526,0.));
#5292=DIRECTION('',(-0.514495755427526,-0.857492925712544,0.));
#5293=DIRECTION('',(0.514495755427526,0.857492925712544,0.));
#5294=DIRECTION('',(-0.49612748830637,-0.826879147177283,0.264817656719077));
#5295=DIRECTION('',(-0.498845565119086,0.521100365335093,0.692537010858375));
#5296=DIRECTION('',(-0.496127488306369,-0.826879147177283,0.264817656719077));
#5297=DIRECTION('',(0.0943456877528356,0.826960169457399,-0.554288525348879));
#5298=DIRECTION('',(0.,0.,-1.));
#5299=DIRECTION('',(-1.,0.,0.));
#5300=DIRECTION('',(0.,0.,-1.));
#5301=DIRECTION('',(0.,1.,0.));
#5302=DIRECTION('',(0.,0.,1.));
#5303=DIRECTION('',(0.,0.,-1.));
#5304=DIRECTION('',(0.,0.,-1.));
#5305=DIRECTION('',(-1.,0.,0.));
#5306=DIRECTION('',(0.,0.,-1.));
#5307=DIRECTION('',(1.,0.,0.));
#5308=DIRECTION('',(0.,0.,-1.));
#5309=DIRECTION('',(1.,0.,0.));
#5310=DIRECTION('',(0.,1.,0.));
#5311=DIRECTION('',(0.,0.,-1.));
#5312=DIRECTION('',(1.,0.,0.));
#5313=DIRECTION('',(0.,1.,0.));
#5314=DIRECTION('',(0.,0.,-1.));
#5315=DIRECTION('',(-1.,0.,0.));
#5316=DIRECTION('',(0.,0.,-1.));
#5317=DIRECTION('',(0.,1.,0.));
#5318=DIRECTION('',(0.,0.,1.));
#5319=DIRECTION('',(0.,0.,-1.));
#5320=DIRECTION('',(0.,0.,-1.));
#5321=DIRECTION('',(0.,0.,-1.));
#5322=DIRECTION('',(-1.,0.,0.));
#5323=DIRECTION('',(0.,0.,-1.));
#5324=DIRECTION('',(1.,0.,0.));
#5325=DIRECTION('',(0.,0.,-1.));
#5326=DIRECTION('',(1.,0.,0.));
#5327=DIRECTION('',(0.,1.,0.));
#5328=DIRECTION('',(0.,0.,-1.));
#5329=DIRECTION('',(-1.,0.,0.));
#5330=DIRECTION('',(0.,0.,-1.));
#5331=DIRECTION('',(0.,0.,-1.));
#5332=DIRECTION('',(1.,0.,0.));
#5333=DIRECTION('',(0.,0.,-1.));
#5334=DIRECTION('',(1.,0.,0.));
#5335=DIRECTION('',(0.,1.,0.));
#5336=DIRECTION('',(0.,0.,-1.));
#5337=DIRECTION('',(1.,0.,0.));
#5338=DIRECTION('',(0.,1.,0.));
#5339=DIRECTION('',(0.,0.,-1.));
#5340=DIRECTION('',(-1.,0.,0.));
#5341=DIRECTION('',(-1.,0.,0.));
#5342=DIRECTION('',(0.,0.,1.));
#5343=DIRECTION('',(0.,0.,-1.));
#5344=DIRECTION('',(-1.,0.,0.));
#5345=DIRECTION('',(0.,0.,1.));
#5346=DIRECTION('',(1.,0.,0.));
#5347=DIRECTION('',(0.,0.,1.));
#5348=DIRECTION('',(1.,0.,0.));
#5349=DIRECTION('',(0.,0.,1.));
#5350=DIRECTION('',(1.,0.,0.));
#5351=DIRECTION('',(0.,0.556772008250082,0.830665354296885));
#5352=DIRECTION('',(-1.,0.,0.));
#5353=DIRECTION('',(0.,0.556772008250082,0.830665354296885));
#5354=DIRECTION('',(-1.,0.,0.));
#5355=DIRECTION('',(0.,0.,1.));
#5356=DIRECTION('',(1.,0.,0.));
#5357=DIRECTION('',(-1.,0.,0.));
#5358=DIRECTION('',(0.,0.,1.));
#5359=DIRECTION('',(0.,-0.360399279202163,0.932798134405597));
#5360=DIRECTION('',(0.,0.,-1.));
#5361=DIRECTION('',(-1.,0.,0.));
#5362=DIRECTION('',(0.,0.,1.));
#5363=DIRECTION('',(0.,0.,-1.));
#5364=DIRECTION('',(0.,1.,0.));
#5365=DIRECTION('',(0.,0.,1.));
#5366=DIRECTION('',(-1.,0.,2.47817639425258E-16));
#5367=DIRECTION('',(2.16840434497101E-16,0.,-1.));
#5368=DIRECTION('',(0.,0.,-1.));
#5369=DIRECTION('',(0.,0.360399279202163,-0.932798134405597));
#5370=DIRECTION('',(0.,0.932798134405597,0.360399279202163));
#5371=DIRECTION('',(0.,0.360399279202163,-0.932798134405597));
#5372=DIRECTION('',(0.,0.932798134405597,0.360399279202163));
#5373=DIRECTION('',(0.,0.,-1.));
#5374=DIRECTION('',(-1.,0.,0.));
#5375=DIRECTION('',(-2.47817639425258E-16,0.,-1.));
#5376=DIRECTION('',(-1.,0.,2.47817639425258E-16));
#5377=DIRECTION('',(-2.47817639425258E-16,0.,-1.));
#5378=DIRECTION('',(-1.,0.,2.47817639425258E-16));
#5379=DIRECTION('',(-2.47817639425258E-16,0.,-1.));
#5380=DIRECTION('',(-1.,0.,2.47817639425258E-16));
#5381=DIRECTION('',(-2.16840434497101E-16,0.,1.));
#5382=DIRECTION('',(1.,0.,2.16840434497101E-16));
#5383=DIRECTION('',(0.,0.,1.));
#5384=DIRECTION('',(1.,0.,0.));
#5385=DIRECTION('',(0.,0.,1.));
#5386=DIRECTION('',(1.,0.,0.));
#5387=DIRECTION('',(0.,0.,1.));
#5388=DIRECTION('',(0.,0.,1.));
#5389=DIRECTION('',(0.,0.,1.));
#5390=DIRECTION('',(1.,0.,0.));
#5391=DIRECTION('',(0.,0.,1.));
#5392=DIRECTION('',(0.,0.,1.));
#5393=DIRECTION('',(1.,0.,0.));
#5394=DIRECTION('',(0.,0.,1.));
#5395=DIRECTION('',(0.,0.,1.));
#5396=DIRECTION('',(0.00134963492563572,0.999999089242369,0.));
#5397=DIRECTION('',(-0.999999089242369,0.00134963492563572,0.));
#5398=DIRECTION('',(-0.999999089242369,0.00134963492563572,0.));
#5399=DIRECTION('',(0.,0.,1.));
#5400=DIRECTION('',(-0.00134963492563572,-0.999999089242369,0.));
#5401=DIRECTION('',(0.999999089242369,-0.00134963492563572,0.));
#5402=DIRECTION('',(0.999999089242369,-0.00134963492563572,0.));
#5403=DIRECTION('',(-0.00134963492563572,-0.999999089242369,0.));
#5404=DIRECTION('',(0.999999089242369,-0.00134963492563572,0.));
#5405=DIRECTION('',(-0.00134963492563572,-0.999999089242369,0.));
#5406=DIRECTION('',(0.999999089242369,-0.00134963492563572,0.));
#5407=DIRECTION('',(0.999999089242369,-0.00134963492563572,0.));
#5408=DIRECTION('',(-0.00134963492563572,-0.999999089242369,0.));
#5409=DIRECTION('',(0.999999089242369,-0.00134963492563572,0.));
#5410=DIRECTION('',(0.,0.,-1.));
#5411=DIRECTION('',(0.999999089242369,-0.00134963492563572,0.));
#5412=DIRECTION('',(0.00134963492563572,0.999999089242369,0.));
#5413=DIRECTION('',(-0.00134963492563572,-0.999999089242369,0.));
#5414=DIRECTION('',(-0.00134963492563572,-0.999999089242369,0.));
#5415=DIRECTION('',(0.,0.,-1.));
#5416=DIRECTION('',(-1.,0.,0.));
#5417=DIRECTION('',(-0.00134963492563572,-0.999999089242369,0.));
#5418=DIRECTION('',(-0.00134963492563572,-0.999999089242369,0.));
#5419=DIRECTION('',(-0.00134963492563572,-0.999999089242369,0.));
#5420=DIRECTION('',(0.999999089242369,-0.00134963492563572,0.));
#5421=DIRECTION('',(-0.999999089242369,0.00134963492563572,0.));
#5422=DIRECTION('',(-0.00134963492563572,-0.999999089242369,0.));
#5423=DIRECTION('',(-0.00134963492563572,-0.999999089242369,0.));
#5424=DIRECTION('',(-0.00134963492563572,-0.999999089242369,0.));
#5425=DIRECTION('',(-0.00134963492563572,-0.999999089242369,0.));
#5426=DIRECTION('',(0.999999089242369,-0.00134963492563572,0.));
#5427=DIRECTION('',(-0.999999089242369,0.00134963492563572,0.));
#5428=DIRECTION('',(-0.00134963492563572,-0.999999089242369,0.));
#5429=DIRECTION('',(-0.00134963492563572,-0.999999089242369,0.));
#5430=DIRECTION('',(-0.00134963492563572,-0.999999089242369,0.));
#5431=DIRECTION('',(-0.00134963492563572,-0.999999089242369,0.));
#5432=DIRECTION('',(0.999999089242369,-0.00134963492563572,0.));
#5433=DIRECTION('',(-0.00134963492563572,-0.999999089242369,0.));
#5434=DIRECTION('',(0.999999089242369,-0.00134963492563572,0.));
#5435=DIRECTION('',(0.00134963492563572,0.999999089242369,0.));
#5436=DIRECTION('',(-0.00134963492563572,-0.999999089242369,0.));
#5437=DIRECTION('',(-0.00134963492563572,-0.999999089242369,0.));
#5438=DIRECTION('',(0.,0.,-1.));
#5439=DIRECTION('',(-1.,0.,0.));
#5440=DIRECTION('',(-0.00134963492563572,-0.999999089242369,0.));
#5441=DIRECTION('',(-0.00134963492563572,-0.999999089242369,0.));
#5442=DIRECTION('',(0.999999089242369,-0.00134963492563572,0.));
#5443=DIRECTION('',(0.00134963492563572,0.999999089242369,0.));
#5444=DIRECTION('',(-0.999999089242369,0.00134963492563572,0.));
#5445=DIRECTION('',(0.00134963492563572,0.999999089242369,0.));
#5446=DIRECTION('',(-0.999999089242369,0.00134963492563572,0.));
#5447=DIRECTION('',(0.00134963492563572,0.999999089242369,0.));
#5448=DIRECTION('',(-0.999999089242369,0.00134963492563572,0.));
#5449=DIRECTION('',(0.00134963492563572,0.999999089242369,0.));
#5450=DIRECTION('',(-0.999999089242369,0.00134963492563572,0.));
#5451=DIRECTION('',(-0.999999089242369,0.00134963492563572,0.));
#5452=DIRECTION('',(-0.00134963492563572,-0.999999089242369,0.));
#5453=DIRECTION('',(1.,0.,0.));
#5454=DIRECTION('',(0.,0.,-1.));
#5455=DIRECTION('',(0.,0.,-1.));
#5456=DIRECTION('',(0.,0.658504607868518,-0.752576694706878));
#5457=DIRECTION('',(1.,0.,0.));
#5458=DIRECTION('',(0.,0.,-1.));
#5459=DIRECTION('',(0.,-1.,0.));
#5460=DIRECTION('',(1.,0.,0.));
#5461=DIRECTION('',(1.,0.,0.));
#5462=DIRECTION('',(0.,-0.752576694706878,-0.658504607868518));
#5463=DIRECTION('',(-1.,0.,0.));
#5464=DIRECTION('',(1.,0.,0.));
#5465=DIRECTION('',(1.,0.,0.));
#5466=DIRECTION('',(0.,0.,-1.));
#5467=DIRECTION('',(1.,0.,0.));
#5468=DIRECTION('',(0.,0.,-1.));
#5469=DIRECTION('',(0.,-0.658504607868518,-0.752576694706878));
#5470=DIRECTION('',(0.,0.,-1.));
#5471=DIRECTION('',(0.,-1.,0.));
#5472=DIRECTION('',(1.,0.,0.));
#5473=DIRECTION('',(-1.,0.,0.));
#5474=DIRECTION('',(0.,-0.752576694706878,0.658504607868518));
#5475=DIRECTION('',(1.,0.,0.));
#5476=DIRECTION('',(-1.,0.,0.));
#5477=DIRECTION('',(1.,0.,0.));
#5478=DIRECTION('',(0.,0.,-1.));
#5479=DIRECTION('',(-1.,0.,0.));
#5480=DIRECTION('',(0.,0.,1.));
#5481=CARTESIAN_POINT('',(0.,0.,0.));
#5482=CARTESIAN_POINT('',(-0.0075,0.015,-0.004));
#5483=CARTESIAN_POINT('',(-0.0165,0.015,0.011));
#5484=CARTESIAN_POINT('',(-0.0165,0.015,0.014));
#5485=CARTESIAN_POINT('',(-0.0165,0.015,0.00612132441947525));
#5486=CARTESIAN_POINT('',(-0.0075,0.015,0.00612132441947525));
#5487=CARTESIAN_POINT('',(-0.017,0.015,0.00612132441947525));
#5488=CARTESIAN_POINT('',(-0.017,0.015,-0.004));
#5489=CARTESIAN_POINT('',(-0.017,0.015,0.00187867558052475));
#5490=CARTESIAN_POINT('',(-0.0075,0.015,0.00187867558052475));
#5491=CARTESIAN_POINT('',(-0.0165,0.015,0.00187867558052475));
#5492=CARTESIAN_POINT('',(-0.0165,0.015,-0.003));
#5493=CARTESIAN_POINT('',(-0.0165,0.015,-0.006));
#5494=CARTESIAN_POINT('',(0.,0.015,-0.006));
#5495=CARTESIAN_POINT('',(0.0165,0.015,-0.006));
#5496=CARTESIAN_POINT('',(0.0165,0.015,0.014002));
#5497=CARTESIAN_POINT('',(0.0165,0.015,0.014));
#5498=CARTESIAN_POINT('',(0.,0.015,0.014));
#5499=CARTESIAN_POINT('',(0.0496335255032254,-0.0080005525792561,-0.006002));
#5500=CARTESIAN_POINT('',(0.0510182530618051,-0.011382451275636,-0.006002));
#5501=CARTESIAN_POINT('',(0.0510182530618051,-0.011382451275636,0.008));
#5502=CARTESIAN_POINT('',(0.0510182530618051,-0.011382451275636,-0.00525));
#5503=CARTESIAN_POINT('',(0.0510182530618051,-0.011382451275636,0.008));
#5504=CARTESIAN_POINT('',(0.0510182530618051,-0.011382451275636,0.00885447176589643));
#5505=CARTESIAN_POINT('',(0.0504423887645032,-0.0116560571347903,0.0096435171069972));
#5506=CARTESIAN_POINT('',(0.0496285933844558,-0.0116549588071227,0.00990447737202047));
#5507=CARTESIAN_POINT('',(0.0496285933844558,-0.011654958807123,0.00990447737202047));
#5508=CARTESIAN_POINT('',(0.0496285933844558,-0.0116549588071227,-0.006002));
#5509=CARTESIAN_POINT('',(0.0496285933844558,-0.0116549588071227,0.014));
#5510=CARTESIAN_POINT('',(0.0496335255032254,-0.0080005525792561,0.014));
#5511=CARTESIAN_POINT('',(0.0532143223115313,-0.00873034941515819,0.014));
#5512=CARTESIAN_POINT('',(0.0532143223115305,-0.00873034941516208,-0.006002));
#5513=CARTESIAN_POINT('',(0.0532143223115305,-0.00873034941516208,-0.006));
#5514=CARTESIAN_POINT('',(0.0496335255032254,-0.0080005525792561,-0.006));
#5515=CARTESIAN_POINT('',(0.051,-0.0113898676507316,-0.006));
#5516=CARTESIAN_POINT('',(0.051,-0.0113898676507316,-0.00541441333680302));
#5517=CARTESIAN_POINT('',(0.051,-0.0113898676507316,-0.00541441333680302));
#5518=CARTESIAN_POINT('',(0.051,-0.0113898676507315,-0.00541441333680305));
#5519=CARTESIAN_POINT('',(0.0510120661578091,-0.0113850029224391,-0.00536073957341258));
#5520=CARTESIAN_POINT('',(0.0510182530618051,-0.011382451275636,-0.0053055203684258));
#5521=CARTESIAN_POINT('',(0.0510182530618051,-0.011382451275636,-0.00525));
#5522=CARTESIAN_POINT('',(-0.0413127563831642,-0.011532221073508,-0.006002));
#5523=CARTESIAN_POINT('',(0.0422678907143022,-0.0116450245366745,-0.00525));
#5524=CARTESIAN_POINT('',(0.043017890031234,-0.0116460367628687,-0.00525));
#5525=CARTESIAN_POINT('',(0.043,-0.0116460126178357,-0.00541283432528401));
#5526=CARTESIAN_POINT('',(0.043,-0.0116460126178357,-0.006002));
#5527=CARTESIAN_POINT('',(0.043,-0.0116460126178357,-0.006));
#5528=CARTESIAN_POINT('',(-0.0413127563831642,-0.011532221073508,-0.006));
#5529=CARTESIAN_POINT('',(-0.043,-0.0115299439085207,-0.006));
#5530=CARTESIAN_POINT('',(-0.043,-0.0115299439085207,0.017));
#5531=CARTESIAN_POINT('',(-0.043,-0.0115299439085207,-0.00529782199971448));
#5532=CARTESIAN_POINT('',(-0.0422515268636032,-0.0115309540749265,-0.00525));
#5533=CARTESIAN_POINT('',(-0.0430015261805351,-0.0115299418487323,-0.00525));
#5534=CARTESIAN_POINT('',(-0.0430015261805351,-0.0115299418487323,-0.006002));
#5535=CARTESIAN_POINT('',(-0.0430015261805351,-0.0115299418487323,0.008));
#5536=CARTESIAN_POINT('',(-0.0450015243590198,-0.011527242578881,0.008));
#5537=CARTESIAN_POINT('',(-0.0450015243590198,-0.011527242578881,0.01));
#5538=CARTESIAN_POINT('',(-0.0413127563831642,-0.011532221073508,0.01));
#5539=CARTESIAN_POINT('',(-0.0490015207159893,-0.0115218440391785,0.01));
#5540=CARTESIAN_POINT('',(-0.0490015207159893,-0.0115218440391785,0.008));
#5541=CARTESIAN_POINT('',(-0.0496570128351281,-0.0115209593633153,0.00988953150254116));
#5542=CARTESIAN_POINT('',(-0.0496570128351281,-0.0115209593633153,-0.006002));
#5543=CARTESIAN_POINT('',(-0.0496570128351281,-0.0115209593633153,0.014));
#5544=CARTESIAN_POINT('',(-0.0413127563831642,-0.011532221073508,0.014));
#5545=CARTESIAN_POINT('',(0.0490178845666882,-0.0116541345724225,0.008));
#5546=CARTESIAN_POINT('',(0.0490178845666882,-0.0116541345724225,0.01));
#5547=CARTESIAN_POINT('',(-0.0413127563831642,-0.011532221073508,0.01));
#5548=CARTESIAN_POINT('',(0.0450178882097187,-0.0116487360327199,0.01));
#5549=CARTESIAN_POINT('',(0.0450178882097187,-0.0116487360327199,0.008));
#5550=CARTESIAN_POINT('',(0.043017890031234,-0.0116460367628687,0.008));
#5551=CARTESIAN_POINT('',(0.043017890031234,-0.0116460367628687,-0.006002));
#5552=CARTESIAN_POINT('',(0.,0.0275,-0.008));
#5553=CARTESIAN_POINT('',(0.043,0.0073,-0.008));
#5554=CARTESIAN_POINT('',(0.043,0.0146,-0.008));
#5555=CARTESIAN_POINT('',(0.043,-0.011646010796319,-0.008));
#5556=CARTESIAN_POINT('',(-5.27544501315308E-5,-0.0115879052423482,-0.008));
#5557=CARTESIAN_POINT('',(-0.043,-0.0115299420870038,-0.008));
#5558=CARTESIAN_POINT('',(-0.043,-0.0067,-0.008));
#5559=CARTESIAN_POINT('',(-0.043,0.0146,-0.008));
#5560=CARTESIAN_POINT('',(-0.045,0.0146,-0.008));
#5561=CARTESIAN_POINT('',(-0.045,0.0166,-0.008));
#5562=CARTESIAN_POINT('',(-0.046,0.0166,-0.008));
#5563=CARTESIAN_POINT('',(-0.049,0.0166,-0.008));
#5564=CARTESIAN_POINT('',(-0.049,0.0146,-0.008));
#5565=CARTESIAN_POINT('',(-0.051,0.0146,-0.008));
#5566=CARTESIAN_POINT('',(-0.051,-0.0067,-0.008));
#5567=CARTESIAN_POINT('',(-0.051,-0.0133762970419153,-0.008));
#5568=CARTESIAN_POINT('',(-0.0497374355141,-0.00796136220826883,-0.008));
#5569=CARTESIAN_POINT('',(-0.0551896394027983,-0.00905180298600846,-0.008));
#5570=CARTESIAN_POINT('',(-0.0545,-0.0125,-0.008));
#5571=CARTESIAN_POINT('',(-0.056,-0.005,-0.008));
#5572=CARTESIAN_POINT('',(-0.056,0.00454545454545455,-0.008));
#5573=CARTESIAN_POINT('',(-0.056,0.0140909090909091,-0.008));
#5574=CARTESIAN_POINT('',(-0.053,0.0195454545454545,-0.008));
#5575=CARTESIAN_POINT('',(-0.05,0.025,-0.008));
#5576=CARTESIAN_POINT('',(-0.045,0.0325,-0.008));
#5577=CARTESIAN_POINT('',(-0.04,0.04,-0.008));
#5578=CARTESIAN_POINT('',(-0.0385,0.0575,-0.008));
#5579=CARTESIAN_POINT('',(-0.0375884573348517,0.0681346644267301,-0.008));
#5580=CARTESIAN_POINT('',(-0.0353280119742974,0.0729609179570463,-0.008));
#5581=CARTESIAN_POINT('',(-0.0343729785275812,0.075,-0.008));
#5582=CARTESIAN_POINT('',(-0.029,0.075,-0.008));
#5583=CARTESIAN_POINT('',(-0.0259821533828104,0.075,-0.008));
#5584=CARTESIAN_POINT('',(-0.0427570533800954,0.0910584889699333,-0.008));
#5585=CARTESIAN_POINT('',(-0.0189756156054658,0.0682926926757764,-0.008));
#5586=CARTESIAN_POINT('',(-0.017,0.065,-0.008));
#5587=CARTESIAN_POINT('',(-0.011,0.055,-0.008));
#5588=CARTESIAN_POINT('',(-0.0055,0.055,-0.008));
#5589=CARTESIAN_POINT('',(0.011,0.055,-0.008));
#5590=CARTESIAN_POINT('',(0.017,0.065,-0.008));
#5591=CARTESIAN_POINT('',(0.0189756156054658,0.0682926926757764,-0.008));
#5592=CARTESIAN_POINT('',(0.0427570533800954,0.0910584889699333,-0.008));
#5593=CARTESIAN_POINT('',(0.0259821533828104,0.075,-0.008));
#5594=CARTESIAN_POINT('',(0.031,0.075,-0.008));
#5595=CARTESIAN_POINT('',(0.0343729785275812,0.075,-0.008));
#5596=CARTESIAN_POINT('',(0.0353280119742974,0.0729609179570463,-0.008));
#5597=CARTESIAN_POINT('',(0.0375884573348517,0.0681346644267301,-0.008));
#5598=CARTESIAN_POINT('',(0.0385,0.0575,-0.008));
#5599=CARTESIAN_POINT('',(0.04,0.04,-0.008));
#5600=CARTESIAN_POINT('',(0.045,0.0325,-0.008));
#5601=CARTESIAN_POINT('',(0.05,0.025,-0.008));
#5602=CARTESIAN_POINT('',(0.053,0.0195454545454546,-0.008));
#5603=CARTESIAN_POINT('',(0.056,0.0140909090909091,-0.008));
#5604=CARTESIAN_POINT('',(0.056,0.00454545454545457,-0.008));
#5605=CARTESIAN_POINT('',(0.056,-0.005,-0.008));
#5606=CARTESIAN_POINT('',(0.0545,-0.0125,-0.008));
#5607=CARTESIAN_POINT('',(0.0551754836629123,-0.00912258168543845,-0.008));
#5608=CARTESIAN_POINT('',(0.0496468363600909,-0.00801685222487424,-0.008));
#5609=CARTESIAN_POINT('',(0.0509979419756717,-0.0134907075622484,-0.008));
#5610=CARTESIAN_POINT('',(0.049,-0.0134,-0.008));
#5611=CARTESIAN_POINT('',(0.051,-0.0134,-0.008));
#5612=CARTESIAN_POINT('',(0.051,0.0006,-0.008));
#5613=CARTESIAN_POINT('',(0.051,0.0146,-0.008));
#5614=CARTESIAN_POINT('',(0.049,0.0146,-0.008));
#5615=CARTESIAN_POINT('',(0.049,0.0166,-0.008));
#5616=CARTESIAN_POINT('',(0.046,0.0166,-0.008));
#5617=CARTESIAN_POINT('',(0.045,0.0166,-0.008));
#5618=CARTESIAN_POINT('',(0.045,0.0146,-0.008));
#5619=CARTESIAN_POINT('',(0.,0.0275,0.014));
#5620=CARTESIAN_POINT('',(0.0496468363600909,-0.00801685222487412,0.014));
#5621=CARTESIAN_POINT('',(0.0496498605120144,-0.013654987510007,0.014));
#5622=CARTESIAN_POINT('',(0.0551754836629123,-0.00912258168543845,0.014));
#5623=CARTESIAN_POINT('',(0.0545,-0.0125,0.014));
#5624=CARTESIAN_POINT('',(0.056,-0.005,0.014));
#5625=CARTESIAN_POINT('',(0.056,0.00454545454545457,0.014));
#5626=CARTESIAN_POINT('',(0.056,0.0140909090909091,0.014));
#5627=CARTESIAN_POINT('',(0.053,0.0195454545454546,0.014));
#5628=CARTESIAN_POINT('',(0.05,0.025,0.014));
#5629=CARTESIAN_POINT('',(0.045,0.0325,0.014));
#5630=CARTESIAN_POINT('',(0.0453348847070663,0.0319976729394006,0.014));
#5631=CARTESIAN_POINT('',(0.015,0.0319976729394006,0.014));
#5632=CARTESIAN_POINT('',(0.0418406119535064,0.0319976729394006,0.014));
#5633=CARTESIAN_POINT('',(0.0277065550640408,0.0496652440512326,0.014));
#5634=CARTESIAN_POINT('',(0.0483306135142124,0.023885170988518,0.014));
#5635=CARTESIAN_POINT('',(0.035579621925449,0.047068792058997,0.014));
#5636=CARTESIAN_POINT('',(0.054,0.0135771955598134,0.014));
#5637=CARTESIAN_POINT('',(0.054,0.0275,0.014));
#5638=CARTESIAN_POINT('',(0.054,-0.00480196097281439,0.014));
#5639=CARTESIAN_POINT('',(0.058134992494772,0.0158730015010456,0.014));
#5640=CARTESIAN_POINT('',(-0.0496520654118144,-0.00785521337981446,0.014));
#5641=CARTESIAN_POINT('',(-0.0532284780514165,-0.00865957071573211,0.014));
#5642=CARTESIAN_POINT('',(-0.058134992494772,0.0158730015010457,0.014));
#5643=CARTESIAN_POINT('',(-0.054,-0.00480196097281441,0.014));
#5644=CARTESIAN_POINT('',(-0.054,0.0275,0.014));
#5645=CARTESIAN_POINT('',(-0.054,0.0135771955598133,0.014));
#5646=CARTESIAN_POINT('',(-0.035579621925449,0.0470687920589969,0.014));
#5647=CARTESIAN_POINT('',(-0.0483306135142124,0.0238851709885181,0.014));
#5648=CARTESIAN_POINT('',(-0.0277065550640408,0.0496652440512326,0.014));
#5649=CARTESIAN_POINT('',(-0.0418406119535064,0.0319976729394006,0.014));
#5650=CARTESIAN_POINT('',(-0.0384793951640547,0.0319976729394006,0.014));
#5651=CARTESIAN_POINT('',(-0.0453348847070663,0.0319976729394006,0.014));
#5652=CARTESIAN_POINT('',(-0.045,0.0325,0.014));
#5653=CARTESIAN_POINT('',(-0.05,0.025,0.014));
#5654=CARTESIAN_POINT('',(-0.053,0.0195454545454545,0.014));
#5655=CARTESIAN_POINT('',(-0.056,0.0140909090909091,0.014));
#5656=CARTESIAN_POINT('',(-0.056,0.00454545454545455,0.014));
#5657=CARTESIAN_POINT('',(-0.056,-0.005,0.014));
#5658=CARTESIAN_POINT('',(-0.0545,-0.0125,0.014));
#5659=CARTESIAN_POINT('',(-0.0551896394027983,-0.00905180298600846,0.014));
#5660=CARTESIAN_POINT('',(-0.0497374355141,-0.00796136220826883,0.014));
#5661=CARTESIAN_POINT('',(-0.0523533007088948,-0.0128681264820717,0.014));
#5662=CARTESIAN_POINT('',(-0.0497374355141,-0.00796136220826883,0.014));
#5663=CARTESIAN_POINT('',(-0.0498328647394085,-0.0135207220272274,0.014));
#5664=CARTESIAN_POINT('',(-0.049744938787268,-0.0135208406952714,0.014));
#5665=CARTESIAN_POINT('',(-0.051,-0.0067,0.017));
#5666=CARTESIAN_POINT('',(-0.051,0.0275,-0.006));
#5667=CARTESIAN_POINT('',(-0.051,-0.0112641414281198,-0.006));
#5668=CARTESIAN_POINT('',(-0.051,0.0146,-0.006));
#5669=CARTESIAN_POINT('',(-0.051,-0.0112641414281198,-0.006));
#5670=CARTESIAN_POINT('',(-0.051,-0.0112641414281198,-0.00529196090464095));
#5671=CARTESIAN_POINT('',(-0.051,-0.566099566994838,-0.00525));
#5672=CARTESIAN_POINT('',(-0.051,-0.0133762970419153,-0.00532760059523599));
#5673=CARTESIAN_POINT('',(-0.051,-0.0133762970419153,-0.011));
#5674=CARTESIAN_POINT('',(-0.051,0.0146,0.017));
#5675=CARTESIAN_POINT('',(0.049,-0.0134,0.017));
#5676=CARTESIAN_POINT('',(0.0509979419756717,-0.0134907075622484,0.0015));
#5677=CARTESIAN_POINT('',(0.0509979419756717,-0.0134907075622484,-0.00541091453198605));
#5678=CARTESIAN_POINT('',(0.0509979419756717,-0.0134907075622484,-0.00541091453198605));
#5679=CARTESIAN_POINT('',(0.0509992972101379,-0.0134608569107737,-0.00540492847924055));
#5680=CARTESIAN_POINT('',(0.051,-0.013430480576347,-0.00540163628714315));
#5681=CARTESIAN_POINT('',(0.051,-0.0134,-0.00540183528151415));
#5682=CARTESIAN_POINT('',(0.051,-0.0134,-0.00540183528151415));
#5683=CARTESIAN_POINT('',(0.051,-0.0134,0.017));
#5684=CARTESIAN_POINT('',(0.,0.0275,-0.006));
#5685=CARTESIAN_POINT('',(-0.0165,0.0115,-0.006));
#5686=CARTESIAN_POINT('',(-0.0165,0.0115,-0.006));
#5687=CARTESIAN_POINT('',(-0.01675,0.0115,-0.006));
#5688=CARTESIAN_POINT('',(-0.017,0.0115,-0.006));
#5689=CARTESIAN_POINT('',(-0.017,0.0275,-0.006));
#5690=CARTESIAN_POINT('',(-0.017,0.0230831861063507,-0.006));
#5691=CARTESIAN_POINT('',(-0.019,0.0230831861063508,-0.006));
#5692=CARTESIAN_POINT('',(-0.019,0.0252272727272728,-0.006));
#5693=CARTESIAN_POINT('',(0.,0.0252272727272728,-0.006));
#5694=CARTESIAN_POINT('',(-0.025,0.0252272727272728,-0.006));
#5695=CARTESIAN_POINT('',(-0.025,0.0275,-0.006));
#5696=CARTESIAN_POINT('',(-0.025,0.036,-0.006));
#5697=CARTESIAN_POINT('',(0.,0.036,-0.006));
#5698=CARTESIAN_POINT('',(-0.036235626067594,0.036,-0.006));
#5699=CARTESIAN_POINT('',(-0.036235626067594,0.031,-0.006));
#5700=CARTESIAN_POINT('',(-0.0401399701148092,0.0341234752377721,-0.006));
#5701=CARTESIAN_POINT('',(-0.0277065550640408,0.0496652440512326,-0.006));
#5702=CARTESIAN_POINT('',(-0.0483306135142124,0.0238851709885181,-0.006));
#5703=CARTESIAN_POINT('',(-0.035579621925449,0.0470687920589969,-0.006));
#5704=CARTESIAN_POINT('',(-0.054,0.0135771955598133,-0.006));
#5705=CARTESIAN_POINT('',(-0.054,0.0275,-0.006));
#5706=CARTESIAN_POINT('',(-0.054,-0.00480196097281441,-0.006));
#5707=CARTESIAN_POINT('',(-0.058134992494772,0.0158730015010457,-0.006));
#5708=CARTESIAN_POINT('',(-0.0532284780514165,-0.00865957071573211,-0.006));
#5709=CARTESIAN_POINT('',(-0.0496520654118144,-0.00785521337981446,-0.006));
#5710=CARTESIAN_POINT('',(-0.049,0.0146,-0.006));
#5711=CARTESIAN_POINT('',(-0.049,0.0166,-0.006));
#5712=CARTESIAN_POINT('',(0.,0.0166,-0.006));
#5713=CARTESIAN_POINT('',(-0.045,0.0166,-0.006));
#5714=CARTESIAN_POINT('',(-0.045,0.0146,-0.006));
#5715=CARTESIAN_POINT('',(-0.043,0.0146,-0.006));
#5716=CARTESIAN_POINT('',(-0.043,0.0275,-0.006));
#5717=CARTESIAN_POINT('',(0.043,0.0275,-0.006));
#5718=CARTESIAN_POINT('',(0.043,0.0146,-0.006));
#5719=CARTESIAN_POINT('',(0.045,0.0146,-0.006));
#5720=CARTESIAN_POINT('',(0.045,0.0166,-0.006));
#5721=CARTESIAN_POINT('',(0.,0.0166,-0.006));
#5722=CARTESIAN_POINT('',(0.049,0.0166,-0.006));
#5723=CARTESIAN_POINT('',(0.049,0.0146,-0.006));
#5724=CARTESIAN_POINT('',(0.051,0.0146,-0.006));
#5725=CARTESIAN_POINT('',(0.051,0.0275,-0.006));
#5726=CARTESIAN_POINT('',(0.058134992494772,0.0158730015010456,-0.006));
#5727=CARTESIAN_POINT('',(0.054,-0.00480196097281439,-0.006));
#5728=CARTESIAN_POINT('',(0.054,0.0275,-0.006));
#5729=CARTESIAN_POINT('',(0.054,0.0135771955598134,-0.006));
#5730=CARTESIAN_POINT('',(0.035579621925449,0.047068792058997,-0.006));
#5731=CARTESIAN_POINT('',(0.0483306135142124,0.0238851709885181,-0.006));
#5732=CARTESIAN_POINT('',(0.0277065550640408,0.0496652440512326,-0.006));
#5733=CARTESIAN_POINT('',(0.0401399701148092,0.0341234752377721,-0.006));
#5734=CARTESIAN_POINT('',(0.036235626067594,0.031,-0.006));
#5735=CARTESIAN_POINT('',(0.036235626067594,0.036,-0.006));
#5736=CARTESIAN_POINT('',(0.,0.036,-0.006));
#5737=CARTESIAN_POINT('',(0.025,0.036,-0.006));
#5738=CARTESIAN_POINT('',(0.025,0.0275,-0.006));
#5739=CARTESIAN_POINT('',(0.025,0.0252272727272728,-0.006));
#5740=CARTESIAN_POINT('',(0.,0.0252272727272728,-0.006));
#5741=CARTESIAN_POINT('',(0.02,0.0252272727272728,-0.006));
#5742=CARTESIAN_POINT('',(0.02,0.0230831861063508,-0.006));
#5743=CARTESIAN_POINT('',(0.018,0.0230831861063508,-0.006));
#5744=CARTESIAN_POINT('',(0.018,0.0182136363636364,-0.006));
#5745=CARTESIAN_POINT('',(0.018,0.0132,-0.006));
#5746=CARTESIAN_POINT('',(0.016,0.0132,-0.006));
#5747=CARTESIAN_POINT('',(0.016,0.0112,-0.006));
#5748=CARTESIAN_POINT('',(0.0175,0.0112,-0.006));
#5749=CARTESIAN_POINT('',(-0.00725,0.0112,-0.006));
#5750=CARTESIAN_POINT('',(-0.00725,0.01195,-0.006));
#5751=CARTESIAN_POINT('',(-0.00725,0.0127,-0.006));
#5752=CARTESIAN_POINT('',(0.00425,0.0127,-0.006));
#5753=CARTESIAN_POINT('',(0.0165,0.0127,-0.006));
#5754=CARTESIAN_POINT('',(0.0165,0.01385,-0.006));
#5755=CARTESIAN_POINT('',(-0.0525388386486182,-0.0121077677297236,-0.008));
#5756=CARTESIAN_POINT('',(-0.0532284780514165,-0.00865957071573211,-0.006002));
#5757=CARTESIAN_POINT('',(-0.054,-0.00480196097281441,-0.008));
#5758=CARTESIAN_POINT('',(0.0525388386486182,-0.0121077677297236,-0.008));
#5759=CARTESIAN_POINT('',(0.054,-0.00480196097281439,-0.008));
#5760=CARTESIAN_POINT('',(0.0175,0.0112,0.014002));
#5761=CARTESIAN_POINT('',(0.0175,0.0112,0.014));
#5762=CARTESIAN_POINT('',(-0.00025,0.0112,0.014));
#5763=CARTESIAN_POINT('',(0.016,0.0112,0.014));
#5764=CARTESIAN_POINT('',(-0.00025,0.0112,0.014002));
#5765=CARTESIAN_POINT('',(-0.00025,0.0112,0.01));
#5766=CARTESIAN_POINT('',(-0.0045,0.0112,0.01));
#5767=CARTESIAN_POINT('',(-0.00725,0.0112,0.01));
#5768=CARTESIAN_POINT('',(-0.00725,0.0112,0.014002));
#5769=CARTESIAN_POINT('',(0.016,0.0112,0.014002));
#5770=CARTESIAN_POINT('',(0.,0.0275,0.014));
#5771=CARTESIAN_POINT('',(0.00425,0.0127,0.014));
#5772=CARTESIAN_POINT('',(-0.00025,0.0127,0.014));
#5773=CARTESIAN_POINT('',(0.0165,0.0127,0.014));
#5774=CARTESIAN_POINT('',(-0.00025,0.01195,0.014));
#5775=CARTESIAN_POINT('',(0.016,0.0132,0.014));
#5776=CARTESIAN_POINT('',(0.018,0.0132,0.014));
#5777=CARTESIAN_POINT('',(0.018,0.0182136363636364,0.014));
#5778=CARTESIAN_POINT('',(0.018,0.0153559133790781,0.014));
#5779=CARTESIAN_POINT('',(0.02,0.0153559133790781,0.014));
#5780=CARTESIAN_POINT('',(0.02,0.0175,0.014));
#5781=CARTESIAN_POINT('',(0.025,0.0175,0.014));
#5782=CARTESIAN_POINT('',(0.025,0.0175,0.014));
#5783=CARTESIAN_POINT('',(0.025,0.0181329889849161,0.014));
#5784=CARTESIAN_POINT('',(0.025,0.0319976729394006,0.014));
#5785=CARTESIAN_POINT('',(0.033,0.0319976729394006,0.014));
#5786=CARTESIAN_POINT('',(0.033,0.0319976729394006,0.014));
#5787=CARTESIAN_POINT('',(0.033,0.0334988364697003,0.014));
#5788=CARTESIAN_POINT('',(0.033,0.035,0.014));
#5789=CARTESIAN_POINT('',(0.025,0.035,0.014));
#5790=CARTESIAN_POINT('',(0.021,0.035,0.014));
#5791=CARTESIAN_POINT('',(0.021,0.035,0.014));
#5792=CARTESIAN_POINT('',(0.021,0.0187659779698322,0.014));
#5793=CARTESIAN_POINT('',(0.025,0.0187659779698322,0.014));
#5794=CARTESIAN_POINT('',(0.0147344450312743,0.0187659779698322,0.014));
#5795=CARTESIAN_POINT('',(0.012,0.02,0.014));
#5796=CARTESIAN_POINT('',(0.012,0.017,0.014));
#5797=CARTESIAN_POINT('',(0.,0.017,0.014));
#5798=CARTESIAN_POINT('',(-0.012,0.017,0.014));
#5799=CARTESIAN_POINT('',(-0.012,0.02,0.014));
#5800=CARTESIAN_POINT('',(-0.0147344450312743,0.0187659779698322,0.014));
#5801=CARTESIAN_POINT('',(-0.025,0.0187659779698322,0.014));
#5802=CARTESIAN_POINT('',(-0.021,0.0187659779698322,0.014));
#5803=CARTESIAN_POINT('',(-0.021,0.035,0.014));
#5804=CARTESIAN_POINT('',(-0.021,0.035,0.014));
#5805=CARTESIAN_POINT('',(-0.025,0.035,0.014));
#5806=CARTESIAN_POINT('',(-0.033,0.035,0.014));
#5807=CARTESIAN_POINT('',(-0.033,0.0334988364697003,0.014));
#5808=CARTESIAN_POINT('',(-0.033,0.0319976729394006,0.014));
#5809=CARTESIAN_POINT('',(-0.0384793951640547,0.0319976729394006,0.014));
#5810=CARTESIAN_POINT('',(-0.025,0.0319976729394006,0.014));
#5811=CARTESIAN_POINT('',(-0.025,0.0181329889849161,0.014));
#5812=CARTESIAN_POINT('',(-0.025,0.0175,0.014));
#5813=CARTESIAN_POINT('',(-0.025,0.0175,0.014));
#5814=CARTESIAN_POINT('',(-0.019,0.0175,0.014));
#5815=CARTESIAN_POINT('',(-0.019,0.0153559133790781,0.014));
#5816=CARTESIAN_POINT('',(-0.017,0.0153559133790781,0.014));
#5817=CARTESIAN_POINT('',(-0.017,0.0275,0.014));
#5818=CARTESIAN_POINT('',(-0.017,0.0115,0.014));
#5819=CARTESIAN_POINT('',(0.,0.0115,0.014));
#5820=CARTESIAN_POINT('',(-0.0165,0.0115,0.014));
#5821=CARTESIAN_POINT('',(-0.0165,0.0115,0.014));
#5822=CARTESIAN_POINT('',(0.0165,0.01385,0.014));
#5823=CARTESIAN_POINT('',(0.025,0.0216219827888822,0.00333133866406947));
#5824=CARTESIAN_POINT('',(0.02,0.0252272727272728,-0.006));
#5825=CARTESIAN_POINT('',(0.025,0.0216219827888822,0.00333133866406947));
#5826=CARTESIAN_POINT('',(-0.017,0.065,-0.008));
#5827=CARTESIAN_POINT('',(-0.015,0.0616666666666667,-0.0065));
#5828=CARTESIAN_POINT('',(-0.015,0.0616666666666667,-0.0065));
#5829=CARTESIAN_POINT('',(-0.015,0.0616666666666667,-0.00587793816414156));
#5830=CARTESIAN_POINT('',(-0.017,0.065,-0.0065));
#5831=CARTESIAN_POINT('',(-0.011,0.055,-0.0065));
#5832=CARTESIAN_POINT('',(-0.011,0.055,-0.008));
#5833=CARTESIAN_POINT('',(-0.0144550097586231,0.0607583495977051,-0.00558703906651471));
#5834=CARTESIAN_POINT('',(-0.0055,0.055,-0.008));
#5835=CARTESIAN_POINT('',(-0.0055,0.055,-0.0065));
#5836=CARTESIAN_POINT('',(0.011,0.055,-0.0065));
#5837=CARTESIAN_POINT('',(0.011,0.055,-0.008));
#5838=CARTESIAN_POINT('',(0.031,0.0006,1.37772764904077E-19));
#5839=CARTESIAN_POINT('',(0.054,0.0006,1.37772764904077E-19));
#5840=CARTESIAN_POINT('',(0.054,0.0006,-0.00225));
#5841=CARTESIAN_POINT('',(0.056,0.0006,1.37772764904077E-19));
#5842=CARTESIAN_POINT('',(0.056,0.0006,0.00225));
#5843=CARTESIAN_POINT('',(-0.1,0.0537704262635402,0.022386269445085));
#5844=CARTESIAN_POINT('',(0.0372102429291325,0.036,0.00849004695145314));
#5845=CARTESIAN_POINT('',(0.0355987575010968,0.036,0.00849004695145314));
#5846=CARTESIAN_POINT('',(0.025,0.036,0.00849004695145313));
#5847=CARTESIAN_POINT('',(0.0355987575010968,0.036,0.00849004695145314));
#5848=CARTESIAN_POINT('',(0.0360665107307072,0.0354877408779262,0.00914512159211971));
#5849=CARTESIAN_POINT('',(0.0365072832301282,0.0350044515314119,0.0098374346084042));
#5850=CARTESIAN_POINT('',(0.0369178304274204,0.0345532946023981,0.0105712408840205));
#5851=CARTESIAN_POINT('',(0.0369178304274203,0.0345532946023981,0.0105712408840205));
#5852=CARTESIAN_POINT('',(-0.1,0.0345532946023981,0.0105712408840205));
#5853=CARTESIAN_POINT('',(0.025,0.0345532946023981,0.0105712408840205));
#5854=CARTESIAN_POINT('',(0.025,0.0537704262635402,0.022386269445085));
#5855=CARTESIAN_POINT('',(-0.025,0.03975,0.02565));
#5856=CARTESIAN_POINT('',(-0.025,0.0499165913705571,0.0133439936251824));
#5857=CARTESIAN_POINT('',(-0.025,0.0444605849957396,0.0188));
#5858=CARTESIAN_POINT('',(-0.025,0.0494416113030409,0.0138189736926986));
#5859=CARTESIAN_POINT('',(-0.025,0.047,0.0188));
#5860=CARTESIAN_POINT('',(-0.025,0.0519179835883182,0.0188));
#5861=CARTESIAN_POINT('',(-0.025,0.0502195188375851,0.0153836729575261));
#5862=CARTESIAN_POINT('',(-0.025,0.03975,0.02565));
#5863=CARTESIAN_POINT('',(-0.025,0.0344178689598574,0.0203178689598574));
#5864=CARTESIAN_POINT('',(-0.025,0.0309142825318423,0.0238214553878724));
#5865=CARTESIAN_POINT('',(-0.025,0.0342900463315928,0.0204456915881219));
#5866=CARTESIAN_POINT('',(-0.025,0.02914446604939,0.022525659389401));
#5867=CARTESIAN_POINT('',(-0.025,0.0371222442184113,0.028366701740745));
#5868=CARTESIAN_POINT('',(-0.025,0.0253072445946276,0.0445037951559173));
#5869=CARTESIAN_POINT('',(-0.025,0.039,0.0299261256093593));
#5870=CARTESIAN_POINT('',(-0.025,0.039,0.0243630628046797));
#5871=CARTESIAN_POINT('',(-0.025,0.039,0.0218));
#5872=CARTESIAN_POINT('',(-0.025,0.042,0.0188));
#5873=CARTESIAN_POINT('',(-0.025,0.0403543084118782,0.0204456915881219));
#5874=CARTESIAN_POINT('',(-0.025,0.03975,0.0204456915881219));
#5875=CARTESIAN_POINT('',(-0.0159632045517855,0.00789657132382168,0.015490652897105));
#5876=CARTESIAN_POINT('',(0.020454698827733,0.0491218212744262,0.00749055433674079));
#5877=CARTESIAN_POINT('',(0.015,0.0526611520029526,0.000898272937522725));
#5878=CARTESIAN_POINT('',(0.0152558118423479,0.0524951661725839,0.00120743458022022));
#5879=CARTESIAN_POINT('',(0.015,0.0449122653461804,0.00711276177605897));
#5880=CARTESIAN_POINT('',(0.015,0.0521297206835153,0.00132447274523389));
#5881=CARTESIAN_POINT('',(0.019160290659605,0.0580729930543796,-0.000578929303140736));
#5882=CARTESIAN_POINT('',(0.015,0.0319976729394006,0.014));
#5883=CARTESIAN_POINT('',(0.0418406119535064,0.0319976729394006,0.014));
#5884=CARTESIAN_POINT('',(0.0418406119535064,0.0319976729394006,0.012));
#5885=CARTESIAN_POINT('',(0.015,0.0319976729394006,0.014));
#5886=CARTESIAN_POINT('',(0.025,0.0319976729394006,0.014));
#5887=CARTESIAN_POINT('',(0.025,0.0319976729394006,0.012));
#5888=CARTESIAN_POINT('',(0.0301674423535331,0.0319976729394006,0.012));
#5889=CARTESIAN_POINT('',(0.0512475681826467,0.0185816170459103,-0.008));
#5890=CARTESIAN_POINT('',(0.0483306135142124,0.0238851709885181,-0.008));
#5891=CARTESIAN_POINT('',(0.054,0.0135771955598134,-0.008));
#5892=CARTESIAN_POINT('',(-0.1,0.0319976729394006,0.009));
#5893=CARTESIAN_POINT('',(0.041272442365286,0.0327078849246761,0.0119147210734427));
#5894=CARTESIAN_POINT('',(0.0408736383080183,0.0328343580210206,0.0118839041593794));
#5895=CARTESIAN_POINT('',(0.0400806046832321,0.0330945032931267,0.0118032186002333));
#5896=CARTESIAN_POINT('',(0.0389094168827143,0.0335154001794273,0.0116046210273877));
#5897=CARTESIAN_POINT('',(0.0377958867642616,0.0339787229553285,0.0112798989429372));
#5898=CARTESIAN_POINT('',(0.0371005536732619,0.034352497083874,0.0108978378389719));
#5899=CARTESIAN_POINT('',(0.0369178304274203,0.0345532946023981,0.0105712408840205));
#5900=CARTESIAN_POINT('',(0.041272442365286,0.0327078849246761,0.0119147210734427));
#5901=CARTESIAN_POINT('',(0.0418406119535064,0.0319976729394006,0.009));
#5902=CARTESIAN_POINT('',(0.025,0.0319976729394006,0.009));
#5903=CARTESIAN_POINT('',(0.,0.036,0.));
#5904=CARTESIAN_POINT('',(0.036235626067594,0.036,0.));
#5905=CARTESIAN_POINT('',(0.036235626067594,0.036,0.00806630722755232));
#5906=CARTESIAN_POINT('',(0.036235626067594,0.036,0.00806630722755234));
#5907=CARTESIAN_POINT('',(0.0360233240362012,0.036,0.00820753499429056));
#5908=CARTESIAN_POINT('',(0.035811034304658,0.036,0.00834878125412057));
#5909=CARTESIAN_POINT('',(0.0355987575010968,0.036,0.00849004695145314));
#5910=CARTESIAN_POINT('',(0.025,0.036,0.));
#5911=CARTESIAN_POINT('',(0.025,0.03975,0.02565));
#5912=CARTESIAN_POINT('',(0.025,0.039,0.0243630628046797));
#5913=CARTESIAN_POINT('',(0.025,0.039,0.0299261256093593));
#5914=CARTESIAN_POINT('',(0.025,0.039,0.0218));
#5915=CARTESIAN_POINT('',(0.025,0.0253072445946276,0.0445037951559173));
#5916=CARTESIAN_POINT('',(0.025,0.0371222442184113,0.028366701740745));
#5917=CARTESIAN_POINT('',(0.025,0.02914446604939,0.022525659389401));
#5918=CARTESIAN_POINT('',(0.025,0.0309142825318423,0.0238214553878724));
#5919=CARTESIAN_POINT('',(0.025,0.0344178689598574,0.0203178689598574));
#5920=CARTESIAN_POINT('',(0.025,0.0342900463315928,0.0204456915881219));
#5921=CARTESIAN_POINT('',(0.025,0.03975,0.0204456915881219));
#5922=CARTESIAN_POINT('',(0.025,0.0403543084118782,0.0204456915881219));
#5923=CARTESIAN_POINT('',(0.025,0.042,0.0188));
#5924=CARTESIAN_POINT('',(0.027,0.037724042744859,0.0204456915881219));
#5925=CARTESIAN_POINT('',(0.0258634705473308,0.037724042744859,0.0188));
#5926=CARTESIAN_POINT('',(0.0258634705473308,0.042,0.0188));
#5927=CARTESIAN_POINT('',(0.0258634705473308,0.0421332256323341,0.0188));
#5928=CARTESIAN_POINT('',(0.027,0.0403543084118782,0.0204456915881219));
#5929=CARTESIAN_POINT('',(0.027,0.0342900463315928,0.0204456915881219));
#5930=CARTESIAN_POINT('',(0.027,0.0334616192068466,0.0184456915881219));
#5931=CARTESIAN_POINT('',(0.027,0.037724042744859,0.0184456915881219));
#5932=CARTESIAN_POINT('',(0.027,0.0419864662828714,0.0184456915881219));
#5933=CARTESIAN_POINT('',(0.027,0.0428148934076176,0.0204456915881219));
#5934=CARTESIAN_POINT('',(0.027,0.0386802924978698,0.0245802924978697));
#5935=CARTESIAN_POINT('',(0.027,0.0444605849957396,0.0188));
#5936=CARTESIAN_POINT('',(0.025,0.0444605849957396,0.0188));
#5937=CARTESIAN_POINT('',(0.027,0.0419864662828714,0.0184456915881219));
#5938=CARTESIAN_POINT('',(0.027,0.048502377808184,0.0119297800628093));
#5939=CARTESIAN_POINT('',(0.027,0.0494416113030409,0.0138189736926986));
#5940=CARTESIAN_POINT('',(0.025,0.0494416113030409,0.0138189736926986));
#5941=CARTESIAN_POINT('',(0.025,0.0499165913705571,0.0133439936251824));
#5942=CARTESIAN_POINT('',(0.033,0.0360748059227256,0.015891320198198));
#5943=CARTESIAN_POINT('',(0.033,0.0271600757827306,0.0205045943251186));
#5944=CARTESIAN_POINT('',(0.033,0.0316646701078492,0.016));
#5945=CARTESIAN_POINT('',(0.033,0.0289785962936173,0.0186860738142319));
#5946=CARTESIAN_POINT('',(0.033,0.0220038782007007,0.0135794359877242));
#5947=CARTESIAN_POINT('',(0.033,0.0253099187277667,0.016));
#5948=CARTESIAN_POINT('',(0.033,0.0276158141285665,0.016));
#5949=CARTESIAN_POINT('',(0.025,0.03975,0.02565));
#5950=CARTESIAN_POINT('',(0.025,0.047,0.0188));
#5951=CARTESIAN_POINT('',(0.025,0.0519179835883182,0.0188));
#5952=CARTESIAN_POINT('',(0.025,0.0502195188375851,0.0153836729575261));
#5953=CARTESIAN_POINT('',(-0.1,0.0319976729394006,0.009));
#5954=CARTESIAN_POINT('',(0.0453348847070663,0.0319976729394006,0.009));
#5955=CARTESIAN_POINT('',(0.0443606619821559,0.0334590070267662,0.013781684504243));
#5956=CARTESIAN_POINT('',(0.038706043381607,0.036257555387577,0.0116179002134761));
#5957=CARTESIAN_POINT('',(0.0389297539536477,0.0359770537530476,0.0120743362470061));
#5958=CARTESIAN_POINT('',(0.0397697175225394,0.0354299644746623,0.0126798365275706));
#5959=CARTESIAN_POINT('',(0.0412273030408552,0.0347188531717859,0.0132202293292467));
#5960=CARTESIAN_POINT('',(0.0427741572774032,0.0340659141222851,0.0135693767341113));
#5961=CARTESIAN_POINT('',(0.0438290708066786,0.033658247191307,0.0137207935966932));
#5962=CARTESIAN_POINT('',(0.044360653924326,0.033459019113511,0.0137816803907635));
#5963=CARTESIAN_POINT('',(0.0387041547051538,0.0362573931987391,0.0116187321110465));
#5964=CARTESIAN_POINT('',(-0.1,0.0362570423777298,0.0116187348067009));
#5965=CARTESIAN_POINT('',(0.033,0.0362570423777298,0.0116187348067009));
#5966=CARTESIAN_POINT('',(0.033,0.0319976729394006,0.009));
#5967=CARTESIAN_POINT('',(0.025,0.03975,0.02565));
#5968=CARTESIAN_POINT('',(0.025,0.02914446604939,0.022525659389401));
#5969=CARTESIAN_POINT('',(0.027,0.0309142825318423,0.0238214553878724));
#5970=CARTESIAN_POINT('',(0.027,0.0292813961262903,0.0226259146686783));
#5971=CARTESIAN_POINT('',(0.015,0.0371222442184113,0.028366701740745));
#5972=CARTESIAN_POINT('',(0.015,0.0371222442184113,0.028366701740745));
#5973=CARTESIAN_POINT('',(0.015,0.02914446604939,0.022525659389401));
#5974=CARTESIAN_POINT('',(0.015,0.02,0.0158304101178275));
#5975=CARTESIAN_POINT('',(0.012,0.02,0.0158304101178275));
#5976=CARTESIAN_POINT('',(0.0145735433069636,0.018458288337366,0.0147016242674043));
#5977=CARTESIAN_POINT('',(0.025,0.018458288337366,0.0147016242674043));
#5978=CARTESIAN_POINT('',(0.021,0.0184582883388613,0.0147016242674043));
#5979=CARTESIAN_POINT('',(0.021,0.02914446604939,0.022525659389401));
#5980=CARTESIAN_POINT('',(0.021,0.0202316282571331,0.016));
#5981=CARTESIAN_POINT('',(0.025,0.0202316282571331,0.016));
#5982=CARTESIAN_POINT('',(0.031,0.0202316282571331,0.016));
#5983=CARTESIAN_POINT('',(0.031,0.0292813961262903,0.0226259146686783));
#5984=CARTESIAN_POINT('',(0.031,0.0292813961262903,0.0226259146686783));
#5985=CARTESIAN_POINT('',(0.033,0.0292813961262903,0.0226259146686783));
#5986=CARTESIAN_POINT('',(-0.025,0.0470000000000295,0.0268000000000128));
#5987=CARTESIAN_POINT('',(-0.025,0.018458516390177,0.0147010862739581));
#5988=CARTESIAN_POINT('',(-0.021,0.0184585163856909,0.0147010862739581));
#5989=CARTESIAN_POINT('',(-0.0145736799102933,0.018458516390177,0.0147010862739581));
#5990=CARTESIAN_POINT('',(-0.021,0.0470000000000295,0.0268000000000128));
#5991=CARTESIAN_POINT('',(-0.0147344450312743,0.0187659779698322,0.014));
#5992=CARTESIAN_POINT('',(-0.0146866642134686,0.0186601013998481,0.0142335407351103));
#5993=CARTESIAN_POINT('',(-0.014633051421478,0.0185576437922502,0.0144672435352117));
#5994=CARTESIAN_POINT('',(-0.0145736799102933,0.018458516390177,0.0147010862739581));
#5995=CARTESIAN_POINT('',(-0.025,0.0184584023625039,0.0147013552701438));
#5996=CARTESIAN_POINT('',(-0.025,0.018458288337366,0.0147016242674043));
#5997=CARTESIAN_POINT('',(-0.021,0.018458288337366,0.0147016242674043));
#5998=CARTESIAN_POINT('',(-0.0145735433069636,0.018458288337366,0.0147016242674043));
#5999=CARTESIAN_POINT('',(-0.021,0.0184584023625039,0.0147013552701438));
#6000=CARTESIAN_POINT('',(-0.012,0.02,0.0110645170497102));
#6001=CARTESIAN_POINT('',(-0.025,0.02914446604939,0.022525659389401));
#6002=CARTESIAN_POINT('',(-0.015,0.02914446604939,0.022525659389401));
#6003=CARTESIAN_POINT('',(-0.015,0.0371222442184113,0.028366701740745));
#6004=CARTESIAN_POINT('',(-0.015,0.02,0.0158304101178275));
#6005=CARTESIAN_POINT('',(-0.025,0.0371222442184113,0.028366701740745));
#6006=CARTESIAN_POINT('',(-0.027,0.0309142825318423,0.0238214553878724));
#6007=CARTESIAN_POINT('',(-0.027,0.0292813961262903,0.0226259146686783));
#6008=CARTESIAN_POINT('',(-0.033,0.0292813961262903,0.0226259146686783));
#6009=CARTESIAN_POINT('',(-0.031,0.0292813961262903,0.0226259146686783));
#6010=CARTESIAN_POINT('',(-0.031,0.0292813961262903,0.0226259146686783));
#6011=CARTESIAN_POINT('',(-0.031,0.0202316282571331,0.016));
#6012=CARTESIAN_POINT('',(-0.025,0.0202316282571331,0.016));
#6013=CARTESIAN_POINT('',(-0.021,0.0202316282571331,0.016));
#6014=CARTESIAN_POINT('',(-0.021,0.02914446604939,0.022525659389401));
#6015=CARTESIAN_POINT('',(-0.012,0.02,0.0158304101178275));
#6016=CARTESIAN_POINT('',(0.015,0.036,-0.004));
#6017=CARTESIAN_POINT('',(0.015,0.0851827345788579,-0.0235726337373053));
#6018=CARTESIAN_POINT('',(0.015,0.0616666666666667,-0.00587793816414156));
#6019=CARTESIAN_POINT('',(0.015,0.0616666666666667,-0.0065));
#6020=CARTESIAN_POINT('',(0.015,0.0616666666666667,-0.0065));
#6021=CARTESIAN_POINT('',(0.015,0.036,-0.0065));
#6022=CARTESIAN_POINT('',(0.015,0.02,-0.0065));
#6023=CARTESIAN_POINT('',(0.015,0.02,0.014));
#6024=CARTESIAN_POINT('',(0.015,0.0253072445946276,0.0445037951559173));
#6025=CARTESIAN_POINT('',(0.015,0.039,0.0299261256093593));
#6026=CARTESIAN_POINT('',(0.015,0.039,0.0243630628046797));
#6027=CARTESIAN_POINT('',(0.015,0.039,0.0318));
#6028=CARTESIAN_POINT('',(0.015,0.0196,0.0123999999999999));
#6029=CARTESIAN_POINT('',(0.015,0.042,0.0348));
#6030=CARTESIAN_POINT('',(0.015,0.047,0.0348));
#6031=CARTESIAN_POINT('',(0.015,0.052,0.0348));
#6032=CARTESIAN_POINT('',(0.015,0.0634,0.0234));
#6033=CARTESIAN_POINT('',(0.015,0.055,0.0318));
#6034=CARTESIAN_POINT('',(0.015,0.055,0.0268));
#6035=CARTESIAN_POINT('',(0.015,0.055,0.0218));
#6036=CARTESIAN_POINT('',(0.015,0.0326,-0.000600000000000131));
#6037=CARTESIAN_POINT('',(0.015,0.052,0.0188));
#6038=CARTESIAN_POINT('',(0.015,0.047,0.0188));
#6039=CARTESIAN_POINT('',(0.015,0.0519179835883182,0.0188));
#6040=CARTESIAN_POINT('',(0.015,0.0502195188375851,0.0153836729575261));
#6041=CARTESIAN_POINT('',(0.015,0.0474265269839395,0.00976579151789068));
#6042=CARTESIAN_POINT('',(0.015,0.0519037356014716,0.00753989776591243));
#6043=CARTESIAN_POINT('',(0.015,0.0469272613170393,0.00705543549041155));
#6044=CARTESIAN_POINT('',(0.015,0.0467883667441932,0.00848218284509628));
#6045=CARTESIAN_POINT('',(0.015,0.0470169818768335,0.00613381149370414));
#6046=CARTESIAN_POINT('',(0.015,0.0519934561612659,0.00661827376920501));
#6047=CARTESIAN_POINT('',(0.015,0.0504684475069498,0.00185651478703664));
#6048=CARTESIAN_POINT('',(0.015,0.0390470782847468,0.00551434101747456));
#6049=CARTESIAN_POINT('',(0.0322804917021022,0.0715335679396453,-0.00488983484644316));
#6050=CARTESIAN_POINT('',(0.0330414446453041,0.0709951482412487,-0.00531565865251327));
#6051=CARTESIAN_POINT('',(0.032473149877952,0.069285889221398,-0.00416998961482072));
#6052=CARTESIAN_POINT('',(0.0320165759109808,0.0746125855027293,-0.00587592600478986));
#6053=CARTESIAN_POINT('',(0.0343405118112148,0.0475,0.00280719459988177));
#6054=CARTESIAN_POINT('',(0.0343405118112147,0.0475,0.00280719459988176));
#6055=CARTESIAN_POINT('',(0.0360362680325326,0.0472252981521231,0.00149560322420076));
#6056=CARTESIAN_POINT('',(0.0377320242538505,0.0469505963042462,0.000184011848519757));
#6057=CARTESIAN_POINT('',(0.0394277804751683,0.0466758944563694,-0.00112757952716124));
#6058=CARTESIAN_POINT('',(0.0394277804751684,0.0466758944563694,-0.00112757952716124));
#6059=CARTESIAN_POINT('',(0.0394609874320773,0.0462884799590986,-0.0010035055319511));
#6060=CARTESIAN_POINT('',(0.0385,0.0575,-0.008));
#6061=CARTESIAN_POINT('',(0.0394277804751683,0.0466758944563694,-0.00112757952716124));
#6062=CARTESIAN_POINT('',(0.03963228878943,0.0442899641233163,-0.000365671877005292));
#6063=CARTESIAN_POINT('',(0.0398230270464104,0.0420646844585448,0.000741060644118894));
#6064=CARTESIAN_POINT('',(0.0399999952461096,0.040000055462055,0.00219261803621132));
#6065=CARTESIAN_POINT('',(0.0399999853897997,0.0400000219153005,0.00219263439907994));
#6066=CARTESIAN_POINT('',(0.04,0.04,-0.008));
#6067=CARTESIAN_POINT('',(-0.1,0.06125,-0.00159640270005912));
#6068=CARTESIAN_POINT('',(0.0310091955215393,0.069285889221398,-0.00416998961482072));
#6069=CARTESIAN_POINT('',(0.0253302456716363,0.069285889221398,-0.00416998961482072));
#6070=CARTESIAN_POINT('',(0.0273412484245515,0.0726375604762565,-0.00524340128668869));
#6071=CARTESIAN_POINT('',(-0.1,0.0504684475069498,0.00185651478703664));
#6072=CARTESIAN_POINT('',(0.031,0.0504684475069498,0.00185651478703664));
#6073=CARTESIAN_POINT('',(0.031,0.0504684475069498,0.00185651478703664));
#6074=CARTESIAN_POINT('',(0.031,0.0494475206629247,0.00218347847385746));
#6075=CARTESIAN_POINT('',(0.0312394578403074,0.0484591549112038,0.00250001409244889));
#6076=CARTESIAN_POINT('',(0.0315946558445239,0.0475,0.00280719459988177));
#6077=CARTESIAN_POINT('',(0.0315946558445239,0.0475,0.00280719459988177));
#6078=CARTESIAN_POINT('',(-0.1,0.0475,0.00280719459988177));
#6079=CARTESIAN_POINT('',(0.0394277804751684,0.0466758944563694,-0.00112757952716124));
#6080=CARTESIAN_POINT('',(0.0396775623506894,0.04376177257529,-0.000197002584522666));
#6081=CARTESIAN_POINT('',(0.0399120072225573,0.0410265824034981,0.00128550532551368));
#6082=CARTESIAN_POINT('',(0.0401156330428369,0.0386509478335697,0.00321188494576029));
#6083=CARTESIAN_POINT('',(0.0343405118112147,0.0475,0.00280719459988177));
#6084=CARTESIAN_POINT('',(0.0345902936867358,0.0450735231401273,0.00358205011718334));
#6085=CARTESIAN_POINT('',(0.0348247385586036,0.0427960358111669,0.00481647725684335));
#6086=CARTESIAN_POINT('',(0.0350283643788832,0.0408179365597692,0.00642049924446436));
#6087=CARTESIAN_POINT('',(0.0399999707795994,0.040000043830601,0.00219265076194856));
#6088=CARTESIAN_POINT('',(0.0394064122122309,0.0408903816816538,0.00206533864412478));
#6089=CARTESIAN_POINT('',(0.0388108713911969,0.0417836929132047,0.00198653810896377));
#6090=CARTESIAN_POINT('',(0.0382133833225792,0.0426799250161312,0.00195539245459405));
#6091=CARTESIAN_POINT('',(0.0382133833225792,0.0426799250161312,0.00195539245459407));
#6092=CARTESIAN_POINT('',(0.035024669669358,0.0408540415295339,0.0063917259153779));
#6093=CARTESIAN_POINT('',(0.03484467764108,0.0426022170867625,0.00497998771617192));
#6094=CARTESIAN_POINT('',(0.0346166250216989,0.0448184535219439,0.0036659910239133));
#6095=CARTESIAN_POINT('',(0.0343405118112146,0.0475,0.00280719459988175));
#6096=CARTESIAN_POINT('',(0.0350248110787406,0.0408539437643857,0.00639158682216347));
#6097=CARTESIAN_POINT('',(0.0350252705741085,0.0408531271682616,0.00639148917177998));
#6098=CARTESIAN_POINT('',(0.0352522704075637,0.0410275468417149,0.00600106513076386));
#6099=CARTESIAN_POINT('',(0.0357229513897651,0.0413678932403042,0.00523719437392987));
#6100=CARTESIAN_POINT('',(0.0365058927580693,0.041850418253508,0.00410532392014974));
#6101=CARTESIAN_POINT('',(0.0372900520435639,0.0422606961406895,0.003074945709247));
#6102=CARTESIAN_POINT('',(0.0378962419937572,0.0425418178383873,0.00233155997085602));
#6103=CARTESIAN_POINT('',(0.0382133833225792,0.0426799250161312,0.0019553924545941));
#6104=CARTESIAN_POINT('',(0.0401077924684322,0.034479554686034,0.0153015303915857));
#6105=CARTESIAN_POINT('',(0.0390377642997041,0.0358143957676905,0.0116604240058726));
#6106=CARTESIAN_POINT('',(0.0371214257191536,0.0382049940140181,0.00841389687274643));
#6107=CARTESIAN_POINT('',(0.0346463978707603,0.0412925471708727,0.00606559130723047));
#6108=CARTESIAN_POINT('',(0.0344107462169717,0.0415865184116591,0.00584200509971604));
#6109=CARTESIAN_POINT('',(0.0341750945631831,0.0418804896524455,0.00561841889220162));
#6110=CARTESIAN_POINT('',(0.0339394429093944,0.0421744608932318,0.00539483268468719));
#6111=CARTESIAN_POINT('',(0.0401333486538089,0.0344732632920777,0.0152929550961968));
#6112=CARTESIAN_POINT('',(0.0390633204850809,0.0358097200516704,0.0116474415527092));
#6113=CARTESIAN_POINT('',(0.0371469819045304,0.0382032118535636,0.00839698485648341));
#6114=CARTESIAN_POINT('',(0.0346719540561371,0.0412945021530495,0.00604583692602844));
#6115=CARTESIAN_POINT('',(0.0344363024023484,0.0415888292136066,0.0058219800920647));
#6116=CARTESIAN_POINT('',(0.0342006507485599,0.0418831562741637,0.00559812325810096));
#6117=CARTESIAN_POINT('',(0.0339649990947712,0.0421774833347208,0.00537426642413723));
#6118=CARTESIAN_POINT('',(0.0443817328816169,0.0334274006775747,0.0138674235021017));
#6119=CARTESIAN_POINT('',(0.0433117047128889,0.0350324429306666,0.00948927716140031));
#6120=CARTESIAN_POINT('',(0.0413953661323383,0.0379069508014925,0.00558558158588626));
#6121=CARTESIAN_POINT('',(0.0389203382839451,0.0416194925740824,0.00276192736395696));
#6122=CARTESIAN_POINT('',(0.0386846866301564,0.0419729700547654,0.00249308239416933));
#6123=CARTESIAN_POINT('',(0.0384490349763678,0.0423264475354483,0.0022242374243817));
#6124=CARTESIAN_POINT('',(0.0382133833225792,0.0426799250161312,0.00195539245459406));
#6125=CARTESIAN_POINT('',(0.0387036995183791,0.0362570396390418,0.0116187392611753));
#6126=CARTESIAN_POINT('',(0.0377638411770916,0.0374285169858702,0.00971333148925131));
#6127=CARTESIAN_POINT('',(0.036537590241932,0.0389663844754005,0.00791608777464707));
#6128=CARTESIAN_POINT('',(0.0350249467129003,0.0408541161257339,0.00639166567554552));
#6129=CARTESIAN_POINT('',(0.0400005275117689,0.0399992087323467,0.00411039236855564));
#6130=CARTESIAN_POINT('',(0.040970694198023,0.0385439587029655,0.00543295119529398));
#6131=CARTESIAN_POINT('',(0.042258543713951,0.0366121844290735,0.00766655722246143));
#6132=CARTESIAN_POINT('',(0.0436083817832799,0.0345874273250801,0.0110745037431525));
#6133=CARTESIAN_POINT('',(0.0441333913312995,0.0337999130030508,0.0128620974688298));
#6134=CARTESIAN_POINT('',(0.0443606678556258,0.0334589982165612,0.0137816797840431));
#6135=CARTESIAN_POINT('',(0.0400002637558856,0.0399996043661715,0.00411039236855898));
#6136=CARTESIAN_POINT('',(0.0445597263677952,0.0331604104483071,0.0146357426914546));
#6137=CARTESIAN_POINT('',(0.0435326453898154,0.0347010319152769,0.00994684410564918));
#6138=CARTESIAN_POINT('',(0.0415392625050902,0.0376911062423647,0.00574974685000844));
#6139=CARTESIAN_POINT('',(0.0389203382839451,0.0416194925740824,0.00276192736395696));
#6140=CARTESIAN_POINT('',(-0.1,0.0537704262635402,0.022386269445085));
#6141=CARTESIAN_POINT('',(0.0315946558445239,0.0475,0.00280719459988177));
#6142=CARTESIAN_POINT('',(0.0319990648278148,0.0464079587783325,0.0031569334926206));
#6143=CARTESIAN_POINT('',(0.0324862808729904,0.0453851005931159,0.00358318080565672));
#6144=CARTESIAN_POINT('',(0.033,0.0444052884940456,0.0040845588179619));
#6145=CARTESIAN_POINT('',(0.033,0.0444052884940456,0.00408455881796189));
#6146=CARTESIAN_POINT('',(0.033,0.0537704262635402,0.022386269445085));
#6147=CARTESIAN_POINT('',(0.045,0.0325,-0.008));
#6148=CARTESIAN_POINT('',(0.05,0.025,-0.008));
#6149=CARTESIAN_POINT('',(0.025,0.0502195188375851,0.0153836729575261));
#6150=CARTESIAN_POINT('',(0.033,0.048502377808184,0.0119297800628093));
#6151=CARTESIAN_POINT('',(0.031,0.048502377808184,0.0119297800628093));
#6152=CARTESIAN_POINT('',(0.031,0.0474265269839395,0.00976579151789068));
#6153=CARTESIAN_POINT('',(0.031,0.0474265269839395,0.00976579151789068));
#6154=CARTESIAN_POINT('',(0.015,0.0474265269839395,0.00976579151789068));
#6155=CARTESIAN_POINT('',(0.025,0.0519179835883182,0.0188));
#6156=CARTESIAN_POINT('',(-0.015,0.036,-0.004));
#6157=CARTESIAN_POINT('',(-0.015,0.02,-0.004));
#6158=CARTESIAN_POINT('',(-0.015,0.02,-0.0065));
#6159=CARTESIAN_POINT('',(-0.015,0.036,-0.0065));
#6160=CARTESIAN_POINT('',(-0.015,0.0851827345788579,-0.0235726337373053));
#6161=CARTESIAN_POINT('',(-0.015,0.0526611520029525,0.000898272937522812));
#6162=CARTESIAN_POINT('',(-0.015,0.0449122653461804,0.00711276177605897));
#6163=CARTESIAN_POINT('',(-0.015,0.0521297206835153,0.00132447274523389));
#6164=CARTESIAN_POINT('',(-0.015,0.0390470782847468,0.00551434101747456));
#6165=CARTESIAN_POINT('',(-0.015,0.0504684475069498,0.00185651478703664));
#6166=CARTESIAN_POINT('',(-0.015,0.0519934561612659,0.00661827376920501));
#6167=CARTESIAN_POINT('',(-0.015,0.0470169818768335,0.00613381149370414));
#6168=CARTESIAN_POINT('',(-0.015,0.0478908227648173,-0.00284242242098152));
#6169=CARTESIAN_POINT('',(-0.015,0.0469272613170393,0.00705543549041155));
#6170=CARTESIAN_POINT('',(-0.015,0.0519037356014716,0.00753989776591243));
#6171=CARTESIAN_POINT('',(-0.015,0.0474265269839395,0.00976579151789068));
#6172=CARTESIAN_POINT('',(-0.015,0.0502195188375851,0.0153836729575261));
#6173=CARTESIAN_POINT('',(-0.015,0.0519179835883182,0.0188));
#6174=CARTESIAN_POINT('',(-0.015,0.047,0.0188));
#6175=CARTESIAN_POINT('',(-0.015,0.052,0.0188));
#6176=CARTESIAN_POINT('',(-0.015,0.0326,-0.000600000000000131));
#6177=CARTESIAN_POINT('',(-0.015,0.055,0.0218));
#6178=CARTESIAN_POINT('',(-0.015,0.055,0.0268));
#6179=CARTESIAN_POINT('',(-0.015,0.055,0.0318));
#6180=CARTESIAN_POINT('',(-0.015,0.0634,0.0234));
#6181=CARTESIAN_POINT('',(-0.015,0.052,0.0348));
#6182=CARTESIAN_POINT('',(-0.015,0.047,0.0348));
#6183=CARTESIAN_POINT('',(-0.015,0.042,0.0348));
#6184=CARTESIAN_POINT('',(-0.015,0.0196,0.0123999999999999));
#6185=CARTESIAN_POINT('',(-0.015,0.039,0.0318));
#6186=CARTESIAN_POINT('',(-0.015,0.039,0.0243630628046797));
#6187=CARTESIAN_POINT('',(-0.015,0.039,0.0299261256093593));
#6188=CARTESIAN_POINT('',(-0.015,0.0253072445946276,0.0445037951559173));
#6189=CARTESIAN_POINT('',(-0.1,0.0537704262635402,0.022386269445085));
#6190=CARTESIAN_POINT('',(-0.1,0.0362570423777298,0.0116187348067009));
#6191=CARTESIAN_POINT('',(-0.0387041547051538,0.0362573931987391,0.0116187321110465));
#6192=CARTESIAN_POINT('',(-0.033,0.0362570423777298,0.0116187348067009));
#6193=CARTESIAN_POINT('',(-0.033,0.0537704262635402,0.022386269445085));
#6194=CARTESIAN_POINT('',(-0.033,0.0444052884940456,0.00408455881796189));
#6195=CARTESIAN_POINT('',(-0.0315946558445239,0.0475,0.00280719459988177));
#6196=CARTESIAN_POINT('',(-0.0319990648278148,0.0464079587783325,0.0031569334926206));
#6197=CARTESIAN_POINT('',(-0.0324862808729904,0.0453851005931159,0.00358318080565672));
#6198=CARTESIAN_POINT('',(-0.033,0.0444052884940456,0.0040845588179619));
#6199=CARTESIAN_POINT('',(-0.0315946558445239,0.0475,0.00280719459988177));
#6200=CARTESIAN_POINT('',(-0.1,0.0475,0.00280719459988177));
#6201=CARTESIAN_POINT('',(-0.0343405118112148,0.0475,0.00280719459988177));
#6202=CARTESIAN_POINT('',(-0.0350246696693579,0.040854041529534,0.00639172591537788));
#6203=CARTESIAN_POINT('',(-0.0348446776410801,0.0426022170867626,0.00497998771617191));
#6204=CARTESIAN_POINT('',(-0.034616625021699,0.0448184535219439,0.00366599102391329));
#6205=CARTESIAN_POINT('',(-0.0343405118112147,0.0475,0.00280719459988175));
#6206=CARTESIAN_POINT('',(-0.0350248110787406,0.0408539437643857,0.00639158682216347));
#6207=CARTESIAN_POINT('',(-0.0387036995183792,0.0362570396390419,0.0116187392611752));
#6208=CARTESIAN_POINT('',(-0.0377638411770916,0.0374285169858703,0.00971333148925127));
#6209=CARTESIAN_POINT('',(-0.036537590241932,0.0389663844754005,0.00791608777464704));
#6210=CARTESIAN_POINT('',(-0.0350249467129003,0.0408541161257339,0.00639166567554549));
#6211=CARTESIAN_POINT('',(-0.1,0.06125,-0.00159640270005912));
#6212=CARTESIAN_POINT('',(-0.0273412484245515,0.0726375604762565,-0.00524340128668869));
#6213=CARTESIAN_POINT('',(-0.0152558118423471,0.0524951661725827,0.0012074345802206));
#6214=CARTESIAN_POINT('',(-0.0253302456716363,0.069285889221398,-0.00416998961482072));
#6215=CARTESIAN_POINT('',(-0.0299833689540719,0.069285889221398,-0.00416998961482072));
#6216=CARTESIAN_POINT('',(-0.032473149877952,0.069285889221398,-0.00416998961482072));
#6217=CARTESIAN_POINT('',(-0.0320165759109808,0.0746125855027293,-0.00587592600478986));
#6218=CARTESIAN_POINT('',(-0.031,0.0504684475069498,0.00185651478703664));
#6219=CARTESIAN_POINT('',(-0.031,0.0494475206629247,0.00218347847385746));
#6220=CARTESIAN_POINT('',(-0.0312394578403074,0.0484591549112038,0.00250001409244889));
#6221=CARTESIAN_POINT('',(-0.0315946558445239,0.0475,0.00280719459988177));
#6222=CARTESIAN_POINT('',(-0.031,0.0504684475069498,0.00185651478703664));
#6223=CARTESIAN_POINT('',(-0.1,0.0504684475069498,0.00185651478703664));
#6224=CARTESIAN_POINT('',(-0.019160290659605,0.0580729930543796,-0.000578929303140736));
#6225=CARTESIAN_POINT('',(-0.0400748952412356,0.0938603051707302,-0.0120402319218828));
#6226=CARTESIAN_POINT('',(-0.0277903606420064,0.0908493240877764,-0.018623363495432));
#6227=CARTESIAN_POINT('',(-0.00899836553948768,0.0565553668694958,-0.0063550080351655));
#6228=CARTESIAN_POINT('',(-0.025,0.0502195188375851,0.0153836729575261));
#6229=CARTESIAN_POINT('',(-0.025,0.0519179835883182,0.0188));
#6230=CARTESIAN_POINT('',(-0.025,0.0474265269839395,0.00976579151789068));
#6231=CARTESIAN_POINT('',(-0.031,0.0474265269839395,0.00976579151789068));
#6232=CARTESIAN_POINT('',(-0.031,0.0474265269839395,0.00976579151789068));
#6233=CARTESIAN_POINT('',(-0.031,0.048502377808184,0.0119297800628093));
#6234=CARTESIAN_POINT('',(-0.033,0.048502377808184,0.0119297800628093));
#6235=CARTESIAN_POINT('',(-0.027,0.048502377808184,0.0119297800628093));
#6236=CARTESIAN_POINT('',(-0.027,0.0494416113030409,0.0138189736926986));
#6237=CARTESIAN_POINT('',(-0.025,0.03975,0.02565));
#6238=CARTESIAN_POINT('',(-0.025,0.0319976729394006,0.014));
#6239=CARTESIAN_POINT('',(-0.025,0.0319976729394006,0.012));
#6240=CARTESIAN_POINT('',(-0.025,0.0319976729394006,0.009));
#6241=CARTESIAN_POINT('',(-0.025,0.0345532946023981,0.0105712408840205));
#6242=CARTESIAN_POINT('',(-0.025,0.0537704262635402,0.022386269445085));
#6243=CARTESIAN_POINT('',(-0.025,0.036,0.00849004695145313));
#6244=CARTESIAN_POINT('',(-0.025,0.036,0.));
#6245=CARTESIAN_POINT('',(-0.025,0.0216219827888822,0.00333133866406947));
#6246=CARTESIAN_POINT('',(-0.0075,0.017,-0.004));
#6247=CARTESIAN_POINT('',(0.012,0.017,-0.004));
#6248=CARTESIAN_POINT('',(0.012,0.017,-0.0065));
#6249=CARTESIAN_POINT('',(-0.0075,0.017,-0.0065));
#6250=CARTESIAN_POINT('',(-0.012,0.017,-0.0065));
#6251=CARTESIAN_POINT('',(-0.012,0.017,-0.004));
#6252=CARTESIAN_POINT('',(-0.1,0.0319976729394006,0.009));
#6253=CARTESIAN_POINT('',(-0.038706043381607,0.036257555387577,0.0116179002134761));
#6254=CARTESIAN_POINT('',(-0.0389297539536477,0.0359770537530476,0.0120743362470061));
#6255=CARTESIAN_POINT('',(-0.0397697175225394,0.0354299644746623,0.0126798365275706));
#6256=CARTESIAN_POINT('',(-0.0412273030408552,0.0347188531717859,0.0132202293292467));
#6257=CARTESIAN_POINT('',(-0.0427741572774032,0.0340659141222851,0.0135693767341113));
#6258=CARTESIAN_POINT('',(-0.0438290708066786,0.033658247191307,0.0137207935966932));
#6259=CARTESIAN_POINT('',(-0.044360653924326,0.033459019113511,0.0137816803907635));
#6260=CARTESIAN_POINT('',(-0.0443606619821559,0.0334590070267662,0.013781684504243));
#6261=CARTESIAN_POINT('',(-0.0453348847070663,0.0319976729394006,0.009));
#6262=CARTESIAN_POINT('',(-0.0384793951640547,0.0319976729394006,0.014));
#6263=CARTESIAN_POINT('',(-0.033,0.0319976729394006,0.009));
#6264=CARTESIAN_POINT('',(-0.0384793951640547,0.0319976729394006,0.014));
#6265=CARTESIAN_POINT('',(-0.0418406119535064,0.0319976729394006,0.014));
#6266=CARTESIAN_POINT('',(-0.0418406119535064,0.0319976729394006,0.012));
#6267=CARTESIAN_POINT('',(-0.0297009308242398,0.0319976729394006,0.012));
#6268=CARTESIAN_POINT('',(-0.1,0.0319976729394006,0.009));
#6269=CARTESIAN_POINT('',(-0.0418406119535064,0.0319976729394006,0.009));
#6270=CARTESIAN_POINT('',(-0.041272442365286,0.0327078849246761,0.0119147210734427));
#6271=CARTESIAN_POINT('',(-0.041272442365286,0.0327078849246761,0.0119147210734427));
#6272=CARTESIAN_POINT('',(-0.0408736383080183,0.0328343580210206,0.0118839041593794));
#6273=CARTESIAN_POINT('',(-0.0400806046832321,0.0330945032931267,0.0118032186002333));
#6274=CARTESIAN_POINT('',(-0.0389094168827143,0.0335154001794273,0.0116046210273877));
#6275=CARTESIAN_POINT('',(-0.0377958867642616,0.0339787229553285,0.0112798989429372));
#6276=CARTESIAN_POINT('',(-0.0371005536732619,0.034352497083874,0.0108978378389719));
#6277=CARTESIAN_POINT('',(-0.0369178304274203,0.0345532946023981,0.0105712408840205));
#6278=CARTESIAN_POINT('',(-0.0369178304274203,0.0345532946023981,0.0105712408840205));
#6279=CARTESIAN_POINT('',(-0.1,0.0345532946023981,0.0105712408840205));
#6280=CARTESIAN_POINT('',(-0.1,0.0537704262635402,0.022386269445085));
#6281=CARTESIAN_POINT('',(-0.017,0.036,0.00849004695145313));
#6282=CARTESIAN_POINT('',(-0.0355987575010968,0.036,0.00849004695145312));
#6283=CARTESIAN_POINT('',(-0.0355987575010968,0.036,0.00849004695145314));
#6284=CARTESIAN_POINT('',(-0.0360665107307072,0.0354877408779262,0.0091451215921197));
#6285=CARTESIAN_POINT('',(-0.0365072832301282,0.0350044515314119,0.0098374346084042));
#6286=CARTESIAN_POINT('',(-0.0369178304274204,0.0345532946023981,0.0105712408840205));
#6287=CARTESIAN_POINT('',(0.,0.036,0.));
#6288=CARTESIAN_POINT('',(-0.036235626067594,0.036,0.00806630722755234));
#6289=CARTESIAN_POINT('',(-0.0360233240362012,0.036,0.00820753499429056));
#6290=CARTESIAN_POINT('',(-0.035811034304658,0.036,0.00834878125412058));
#6291=CARTESIAN_POINT('',(-0.0355987575010968,0.036,0.00849004695145314));
#6292=CARTESIAN_POINT('',(-0.036235626067594,0.036,0.00806630722755232));
#6293=CARTESIAN_POINT('',(-0.036235626067594,0.036,0.));
#6294=CARTESIAN_POINT('',(-0.053,0.0195454545454545,-0.008));
#6295=CARTESIAN_POINT('',(-0.056,0.0140909090909091,-0.008));
#6296=CARTESIAN_POINT('',(-0.05,0.025,-0.008));
#6297=CARTESIAN_POINT('',(-0.056,0.00454545454545455,-0.008));
#6298=CARTESIAN_POINT('',(-0.056,0.0006,1.37772764904077E-19));
#6299=CARTESIAN_POINT('',(-0.056,0.0006,0.00225));
#6300=CARTESIAN_POINT('',(-0.056,-0.005,-0.008));
#6301=CARTESIAN_POINT('',(-0.0545,-0.0125,-0.008));
#6302=CARTESIAN_POINT('',(-0.0551896394027983,-0.00905180298600846,-0.011));
#6303=CARTESIAN_POINT('',(0.0545,-0.0125,-0.008));
#6304=CARTESIAN_POINT('',(0.0551754836629123,-0.00912258168543845,-0.011));
#6305=CARTESIAN_POINT('',(0.056,-0.005,-0.008));
#6306=CARTESIAN_POINT('',(0.056,0.00454545454545457,-0.008));
#6307=CARTESIAN_POINT('',(0.056,0.0140909090909091,-0.008));
#6308=CARTESIAN_POINT('',(0.053,0.0195454545454546,-0.008));
#6309=CARTESIAN_POINT('',(-0.0512475681826467,0.0185816170459103,-0.008));
#6310=CARTESIAN_POINT('',(-0.0483306135142124,0.0238851709885181,-0.008));
#6311=CARTESIAN_POINT('',(-0.054,0.0135771955598133,-0.008));
#6312=CARTESIAN_POINT('',(-0.054,0.00454545454545455,-0.008));
#6313=CARTESIAN_POINT('',(-0.054,0.0006,1.37772764904077E-19));
#6314=CARTESIAN_POINT('',(-0.054,0.0006,-0.00225));
#6315=CARTESIAN_POINT('',(0.054,0.00454545454545457,-0.008));
#6316=CARTESIAN_POINT('',(-0.0355417003344678,0.0360226658803358,0.00848528145724141));
#6317=CARTESIAN_POINT('',(-0.0366090303897812,0.0348681541140229,0.00994946943869448));
#6318=CARTESIAN_POINT('',(-0.0375109167974012,0.0338931421868707,0.0115599613628993));
#6319=CARTESIAN_POINT('',(-0.0382155161717249,0.0331315435239537,0.0132747773258598));
#6320=CARTESIAN_POINT('',(-0.0365719442337157,0.0360205121566773,0.00780479123265515));
#6321=CARTESIAN_POINT('',(-0.0376406202282013,0.0348077679689646,0.00934029606378126));
#6322=CARTESIAN_POINT('',(-0.0385437675690803,0.0337835478254586,0.0110296496117272));
#6323=CARTESIAN_POINT('',(-0.0392493979913738,0.0329835903178893,0.0128284562669739));
#6324=CARTESIAN_POINT('',(-0.0376021881329636,0.0360183584330187,0.00712430100806889));
#6325=CARTESIAN_POINT('',(-0.0386722100666214,0.0347473818239064,0.00873112268886804));
#6326=CARTESIAN_POINT('',(-0.0395766183407593,0.0336739534640465,0.010499337860555));
#6327=CARTESIAN_POINT('',(-0.0402832798110228,0.032835637111825,0.0123821352080881));
#6328=CARTESIAN_POINT('',(-0.0386324320322115,0.0360162047093601,0.00644381078348262));
#6329=CARTESIAN_POINT('',(-0.0397037999050415,0.0346869956788481,0.00812194931395482));
#6330=CARTESIAN_POINT('',(-0.0406094691124383,0.0335643591026344,0.00996902610938287));
#6331=CARTESIAN_POINT('',(-0.0413171616306717,0.0326876839057606,0.0119358141492023));
#6332=CARTESIAN_POINT('',(-0.041272442365286,0.0327078849246761,0.0119147210734427));
#6333=CARTESIAN_POINT('',(-0.0409321701918845,0.0331332251414279,0.010961221572822));
#6334=CARTESIAN_POINT('',(-0.040553153913898,0.0336069954889111,0.0100557352764962));
#6335=CARTESIAN_POINT('',(-0.0401399701148024,0.0341234752377806,0.00919259070386808));
#6336=CARTESIAN_POINT('',(-0.0401399701148024,0.0341234752377806,0.00919259070386808));
#6337=CARTESIAN_POINT('',(-0.0401399701148092,0.0341234752377721,0.00919259070385966));
#6338=CARTESIAN_POINT('',(-0.0399748084296285,0.034329927344248,0.00884756649796902));
#6339=CARTESIAN_POINT('',(-0.039581075509763,0.0347589735138501,0.00820387677215741));
#6340=CARTESIAN_POINT('',(-0.0386661332420379,0.0354319371391122,0.007499841713449));
#6341=CARTESIAN_POINT('',(-0.0374015676629347,0.0359217947876997,0.00743552797062379));
#6342=CARTESIAN_POINT('',(-0.0365992835536144,0.036,0.00782439463598942));
#6343=CARTESIAN_POINT('',(-0.036235626067594,0.036,0.00806630722755233));
#6344=CARTESIAN_POINT('',(-0.042438262381114,0.0312506099048911,-0.008));
#6345=CARTESIAN_POINT('',(-0.0401399701148092,0.0341234752377721,-0.008));
#6346=CARTESIAN_POINT('',(-0.017,0.036,-0.004));
#6347=CARTESIAN_POINT('',(-0.017,0.0115,-0.018));
#6348=CARTESIAN_POINT('',(-0.017,0.0115,-0.004));
#6349=CARTESIAN_POINT('',(-0.017,0.0221238938053097,0.00814159292035398));
#6350=CARTESIAN_POINT('',(-0.017,0.0137628834735344,-0.00141384745881784));
#6351=CARTESIAN_POINT('',(-0.017,0.01,0.00187867558052475));
#6352=CARTESIAN_POINT('',(-0.017,0.01,0.00612132441947525));
#6353=CARTESIAN_POINT('',(-0.017,0.0137628834735344,0.00941384745881783));
#6354=CARTESIAN_POINT('',(-0.017,0.0300530973451328,-0.00920353982300886));
#6355=CARTESIAN_POINT('',(-0.017,0.0115,0.012));
#6356=CARTESIAN_POINT('',(-0.017,0.0115,-0.004));
#6357=CARTESIAN_POINT('',(-0.017,0.0233616764584616,-0.00672079855840433));
#6358=CARTESIAN_POINT('',(0.025,0.0184584023625039,0.0147013552701438));
#6359=CARTESIAN_POINT('',(0.025,0.018458516390177,0.0147010862739581));
#6360=CARTESIAN_POINT('',(0.021,0.018458516390177,0.0147010862739581));
#6361=CARTESIAN_POINT('',(0.0145736799080156,0.018458516390177,0.0147010862739581));
#6362=CARTESIAN_POINT('',(0.021,0.0184584023625039,0.0147013552701438));
#6363=CARTESIAN_POINT('',(0.012,0.02,0.0110645170497102));
#6364=CARTESIAN_POINT('',(0.025,0.0470000000000295,0.0268000000000128));
#6365=CARTESIAN_POINT('',(0.021,0.0470000000000295,0.0268000000000128));
#6366=CARTESIAN_POINT('',(0.0145736799080156,0.0184585163863742,0.0147010862723461));
#6367=CARTESIAN_POINT('',(0.0146330514194256,0.018557643788491,0.0144672435334966));
#6368=CARTESIAN_POINT('',(0.0146866642134399,0.0186601013997847,0.0142335407352502));
#6369=CARTESIAN_POINT('',(0.0147344450312743,0.0187659779698322,0.014));
#6370=CARTESIAN_POINT('',(-0.025,0.0216219827888822,0.00333133866406947));
#6371=CARTESIAN_POINT('',(-0.019,0.0175,0.014));
#6372=CARTESIAN_POINT('',(-0.036235626067594,0.031,-0.008));
#6373=CARTESIAN_POINT('',(-0.1,0.0467883667441932,0.00848218284509628));
#6374=CARTESIAN_POINT('',(0.025,0.0469272613170393,0.00705543549041155));
#6375=CARTESIAN_POINT('',(0.031,0.0469272613170393,0.00705543549041155));
#6376=CARTESIAN_POINT('',(0.031,0.0470169818768335,0.00613381149370414));
#6377=CARTESIAN_POINT('',(0.031,0.0470169818768335,0.00613381149370414));
#6378=CARTESIAN_POINT('',(-0.1,0.0470169818768335,0.00613381149370414));
#6379=CARTESIAN_POINT('',(-0.1,0.0473356308059026,0.00286059852859839));
#6380=CARTESIAN_POINT('',(-0.1,0.0470169818768335,0.00613381149370414));
#6381=CARTESIAN_POINT('',(-0.031,0.0470169818768335,0.00613381149370414));
#6382=CARTESIAN_POINT('',(-0.031,0.0470169818768335,0.00613381149370414));
#6383=CARTESIAN_POINT('',(-0.031,0.0469272613170393,0.00705543549041155));
#6384=CARTESIAN_POINT('',(-0.1,0.0469272613170393,0.00705543549041155));
#6385=CARTESIAN_POINT('',(-0.1,0.0519934561612659,0.00661827376920501));
#6386=CARTESIAN_POINT('',(-0.031,0.0519934561612659,0.00661827376920501));
#6387=CARTESIAN_POINT('',(-0.1,0.0519934561612659,0.00661827376920501));
#6388=CARTESIAN_POINT('',(0.031,0.0519934561612659,0.00661827376920501));
#6389=CARTESIAN_POINT('',(-0.025,0.0519037356014716,0.00753989776591243));
#6390=CARTESIAN_POINT('',(-0.031,0.0519037356014716,0.00753989776591243));
#6391=CARTESIAN_POINT('',(0.025,0.0519037356014716,0.00753989776591243));
#6392=CARTESIAN_POINT('',(0.031,0.0519037356014716,0.00753989776591243));
#6393=CARTESIAN_POINT('',(0.,0.035,0.005));
#6394=CARTESIAN_POINT('',(-0.025,0.035,0.016));
#6395=CARTESIAN_POINT('',(-0.021,0.035,0.016));
#6396=CARTESIAN_POINT('',(-0.032630461058748,0.035,0.016));
#6397=CARTESIAN_POINT('',(-0.0276672422714409,0.035,0.0234448281809606));
#6398=CARTESIAN_POINT('',(-0.033,0.035,0.0154456915881219));
#6399=CARTESIAN_POINT('',(-0.033,0.035,0.015));
#6400=CARTESIAN_POINT('',(-0.021,0.035,0.015));
#6401=CARTESIAN_POINT('',(-0.025,0.035,0.016));
#6402=CARTESIAN_POINT('',(-0.021,0.035,0.016));
#6403=CARTESIAN_POINT('',(-0.0352296155872906,0.0309712365228236,0.016));
#6404=CARTESIAN_POINT('',(-0.033,0.0253099187277667,0.016));
#6405=CARTESIAN_POINT('',(-0.033,0.0276158141285665,0.016));
#6406=CARTESIAN_POINT('',(-0.033,0.0316646701078492,0.016));
#6407=CARTESIAN_POINT('',(-0.0302590357904178,0.0374791332466048,0.016));
#6408=CARTESIAN_POINT('',(-0.032630461058748,0.0324485805816647,0.016));
#6409=CARTESIAN_POINT('',(-0.032630461058748,0.035,0.016));
#6410=CARTESIAN_POINT('',(-0.021,0.035,0.015));
#6411=CARTESIAN_POINT('',(0.021,0.035,0.015));
#6412=CARTESIAN_POINT('',(0.021,0.035,0.015));
#6413=CARTESIAN_POINT('',(0.021,0.035,0.016));
#6414=CARTESIAN_POINT('',(0.021,0.035,0.016));
#6415=CARTESIAN_POINT('',(0.025,0.035,0.016));
#6416=CARTESIAN_POINT('',(0.025,0.035,0.016));
#6417=CARTESIAN_POINT('',(0.032630461058748,0.035,0.016));
#6418=CARTESIAN_POINT('',(0.032630461058748,0.035,0.016));
#6419=CARTESIAN_POINT('',(0.032630461058748,0.0324485805816647,0.016));
#6420=CARTESIAN_POINT('',(0.0302590357904178,0.0374791332466048,0.016));
#6421=CARTESIAN_POINT('',(0.0352296155872906,0.0309712365228236,0.016));
#6422=CARTESIAN_POINT('',(0.,0.035,0.005));
#6423=CARTESIAN_POINT('',(0.033,0.035,0.015));
#6424=CARTESIAN_POINT('',(0.033,0.035,0.0154456915881219));
#6425=CARTESIAN_POINT('',(0.0276672422714409,0.035,0.0234448281809606));
#6426=CARTESIAN_POINT('',(0.025,0.0253072445946276,0.0445037951559173));
#6427=CARTESIAN_POINT('',(0.025,0.039,0.0299261256093593));
#6428=CARTESIAN_POINT('',(-0.025,0.0253072445946276,0.0445037951559173));
#6429=CARTESIAN_POINT('',(-0.025,0.039,0.0299261256093593));
#6430=CARTESIAN_POINT('',(0.033,0.037724042744859,0.0184456915881219));
#6431=CARTESIAN_POINT('',(0.033,0.0419864662828714,0.0184456915881219));
#6432=CARTESIAN_POINT('',(0.031,0.0419864662828714,0.0184456915881219));
#6433=CARTESIAN_POINT('',(0.033,0.0334616192068466,0.0184456915881219));
#6434=CARTESIAN_POINT('',(0.031,0.0334616192068466,0.0184456915881219));
#6435=CARTESIAN_POINT('',(0.031,0.0419864662828714,0.0184456915881219));
#6436=CARTESIAN_POINT('',(0.033,0.0313715076665684,0.0205358031284001));
#6437=CARTESIAN_POINT('',(0.027,0.0313715076665684,0.0205358031284001));
#6438=CARTESIAN_POINT('',(0.031,0.0334616192068466,0.0184456915881219));
#6439=CARTESIAN_POINT('',(0.033,0.0444864662828714,0.0159456915881219));
#6440=CARTESIAN_POINT('',(0.031,0.0444864662828714,0.0159456915881219));
#6441=CARTESIAN_POINT('',(0.033,0.0360748059227256,0.015891320198198));
#6442=CARTESIAN_POINT('',(0.033,0.0381865014542008,0.0180030157296732));
#6443=CARTESIAN_POINT('',(0.033,0.0448557577731788,0.0113337594106952));
#6444=CARTESIAN_POINT('',(0.033,0.0407438255957521,0.0154456915881219));
#6445=CARTESIAN_POINT('',(0.033,0.0334616192068466,0.0154456915881219));
#6446=CARTESIAN_POINT('',(0.033,0.0519934561612659,0.00661827376920501));
#6447=CARTESIAN_POINT('',(0.033,0.0440310973061741,0.00584313412840362));
#6448=CARTESIAN_POINT('',(0.033,0.0439413767463799,0.00676475812511103));
#6449=CARTESIAN_POINT('',(0.033,0.0439413767463799,0.00676475812511103));
#6450=CARTESIAN_POINT('',(0.033,0.0519037356014716,0.00753989776591243));
#6451=CARTESIAN_POINT('',(0.033,0.0447402018134201,0.0111013277690776));
#6452=CARTESIAN_POINT('',(0.033,0.0458160526376647,0.0132653163139962));
#6453=CARTESIAN_POINT('',(0.033,0.0519934561612659,0.00661827376920501));
#6454=CARTESIAN_POINT('',(0.033,0.0440310973061741,0.00584313412840362));
#6455=CARTESIAN_POINT('',(0.033,0.0429873899450446,0.0165642637308351));
#6456=CARTESIAN_POINT('',(0.033,0.0439413767463799,0.00676475812511103));
#6457=CARTESIAN_POINT('',(0.033,0.0519037356014716,0.00753989776591243));
#6458=CARTESIAN_POINT('',(0.033,0.0447402018134201,0.0111013277690776));
#6459=CARTESIAN_POINT('',(0.033,0.0449323004339129,0.0114877188977295));
#6460=CARTESIAN_POINT('',(0.032957980695743,0.0449323719915591,0.0113462815972575));
#6461=CARTESIAN_POINT('',(0.031,0.0444864662828714,0.0159456915881219));
#6462=CARTESIAN_POINT('',(0.0316041462040521,0.0416110979558095,0.0175394722820437));
#6463=CARTESIAN_POINT('',(0.033,0.0360748059227256,0.0154456915881219));
#6464=CARTESIAN_POINT('',(0.0323411225713059,0.0326283524700872,0.016434007731163));
#6465=CARTESIAN_POINT('',(0.033,0.0339240779161884,0.0137405921916608));
#6466=CARTESIAN_POINT('',(0.0348340867372365,0.0287009157150458,0.0150730688852506));
#6467=CARTESIAN_POINT('',(0.033,0.0322662137886748,0.021093149144832));
#6468=CARTESIAN_POINT('',(0.027,0.0327857212289415,0.0219500166907732));
#6469=CARTESIAN_POINT('',(0.014998,0.055,0.0268));
#6470=CARTESIAN_POINT('',(0.015,0.055,0.0218));
#6471=CARTESIAN_POINT('',(0.026,0.055,0.0218));
#6472=CARTESIAN_POINT('',(0.014998,0.055,0.0318));
#6473=CARTESIAN_POINT('',(0.026,0.055,0.0318));
#6474=CARTESIAN_POINT('',(0.026,0.055,0.0188));
#6475=CARTESIAN_POINT('',(0.014998,0.047,0.0348));
#6476=CARTESIAN_POINT('',(0.014998,0.052,0.0348));
#6477=CARTESIAN_POINT('',(0.026,0.052,0.0348));
#6478=CARTESIAN_POINT('',(0.029,0.042,0.0348));
#6479=CARTESIAN_POINT('',(0.026,0.042,0.0348));
#6480=CARTESIAN_POINT('',(0.026,0.055,0.0348));
#6481=CARTESIAN_POINT('',(0.014998,0.039,0.0243630628046797));
#6482=CARTESIAN_POINT('',(0.014998,0.039,0.0218));
#6483=CARTESIAN_POINT('',(0.026,0.039,0.0218));
#6484=CARTESIAN_POINT('',(0.026,0.039,0.0243630628046797));
#6485=CARTESIAN_POINT('',(0.026,0.039,0.0318));
#6486=CARTESIAN_POINT('',(0.015,0.039,0.0318));
#6487=CARTESIAN_POINT('',(0.014998,0.047,0.0188));
#6488=CARTESIAN_POINT('',(0.026,0.047,0.0188));
#6489=CARTESIAN_POINT('',(0.026,0.052,0.0188));
#6490=CARTESIAN_POINT('',(0.026,0.042,0.0188));
#6491=CARTESIAN_POINT('',(0.014998,0.042,0.0188));
#6492=CARTESIAN_POINT('',(0.029,0.052,0.0188));
#6493=CARTESIAN_POINT('',(0.029,0.0373652667812701,0.0183282573935183));
#6494=CARTESIAN_POINT('',(0.029,0.042,0.0183282573935183));
#6495=CARTESIAN_POINT('',(0.029,0.042,0.0318));
#6496=CARTESIAN_POINT('',(0.029,0.042,0.0218));
#6497=CARTESIAN_POINT('',(0.029,0.0373652667812701,0.0218));
#6498=CARTESIAN_POINT('',(0.029,0.052,0.0218));
#6499=CARTESIAN_POINT('',(0.029,0.052,0.0348));
#6500=CARTESIAN_POINT('',(0.029,0.052,0.0318));
#6501=CARTESIAN_POINT('',(0.029,0.039,0.0318));
#6502=CARTESIAN_POINT('',(0.014998,0.055,0.0318));
#6503=CARTESIAN_POINT('',(0.026,0.055,0.0318));
#6504=CARTESIAN_POINT('',(0.026,0.055,0.0318));
#6505=CARTESIAN_POINT('',(0.026,0.055,0.0318));
#6506=CARTESIAN_POINT('',(0.0275,0.052,0.0333));
#6507=CARTESIAN_POINT('',(0.014998,0.042,0.0348));
#6508=CARTESIAN_POINT('',(0.026,0.042,0.0348));
#6509=CARTESIAN_POINT('',(0.026,0.047,0.0348));
#6510=CARTESIAN_POINT('',(0.026,0.042,0.0348));
#6511=CARTESIAN_POINT('',(0.026,0.055,0.0268));
#6512=CARTESIAN_POINT('',(0.0275,0.0535,0.0218));
#6513=CARTESIAN_POINT('',(0.014998,0.052,0.0188));
#6514=CARTESIAN_POINT('',(0.026,0.052,0.0188));
#6515=CARTESIAN_POINT('',(0.026,0.042,0.0348));
#6516=CARTESIAN_POINT('',(0.0275,0.0405,0.0318));
#6517=CARTESIAN_POINT('',(0.026,0.052,0.0188));
#6518=CARTESIAN_POINT('',(0.026,0.052,0.0188));
#6519=CARTESIAN_POINT('',(0.029,0.042,0.0183282573935183));
#6520=CARTESIAN_POINT('',(0.026,0.039,0.0218));
#6521=CARTESIAN_POINT('',(0.029,0.0373652667812701,0.0218));
#6522=CARTESIAN_POINT('',(0.0275,0.042,0.0203));
#6523=CARTESIAN_POINT('',(0.026,0.039,0.0218));
#6524=CARTESIAN_POINT('',(0.026,0.039,0.0218));
#6525=CARTESIAN_POINT('',(0.014998,0.042,0.0188));
#6526=CARTESIAN_POINT('',(-0.026,0.055,0.0318));
#6527=CARTESIAN_POINT('',(-0.026,0.055,0.0318));
#6528=CARTESIAN_POINT('',(-0.026,0.055,0.0318));
#6529=CARTESIAN_POINT('',(-0.029,0.052,0.0318));
#6530=CARTESIAN_POINT('',(-0.0275,0.052,0.0333));
#6531=CARTESIAN_POINT('',(-0.026,0.052,0.0348));
#6532=CARTESIAN_POINT('',(-0.026,0.055,0.0318));
#6533=CARTESIAN_POINT('',(-0.026,0.055,0.0268));
#6534=CARTESIAN_POINT('',(-0.026,0.055,0.0188));
#6535=CARTESIAN_POINT('',(-0.026,0.055,0.0218));
#6536=CARTESIAN_POINT('',(-0.0275,0.0535,0.0218));
#6537=CARTESIAN_POINT('',(-0.029,0.052,0.0218));
#6538=CARTESIAN_POINT('',(-0.029,0.052,0.0348));
#6539=CARTESIAN_POINT('',(-0.026,0.052,0.0188));
#6540=CARTESIAN_POINT('',(-0.026,0.052,0.0188));
#6541=CARTESIAN_POINT('',(-0.026,0.052,0.0188));
#6542=CARTESIAN_POINT('',(-0.026,0.052,0.0188));
#6543=CARTESIAN_POINT('',(-0.026,0.047,0.0348));
#6544=CARTESIAN_POINT('',(-0.029,0.039,0.0318));
#6545=CARTESIAN_POINT('',(-0.029,0.042,0.0318));
#6546=CARTESIAN_POINT('',(-0.026,0.042,0.0348));
#6547=CARTESIAN_POINT('',(-0.026,0.042,0.0348));
#6548=CARTESIAN_POINT('',(-0.026,0.055,0.0348));
#6549=CARTESIAN_POINT('',(-0.029,0.0373652667812701,0.0183282573935183));
#6550=CARTESIAN_POINT('',(-0.029,0.042,0.0183282573935183));
#6551=CARTESIAN_POINT('',(-0.029,0.042,0.0218));
#6552=CARTESIAN_POINT('',(-0.029,0.0373652667812701,0.0218));
#6553=CARTESIAN_POINT('',(-0.026,0.042,0.0348));
#6554=CARTESIAN_POINT('',(-0.0275,0.0405,0.0318));
#6555=CARTESIAN_POINT('',(-0.026,0.039,0.0318));
#6556=CARTESIAN_POINT('',(-0.026,0.042,0.0348));
#6557=CARTESIAN_POINT('',(-0.033,0.037724042744859,0.0184456915881219));
#6558=CARTESIAN_POINT('',(-0.033,0.0419864662828714,0.0184456915881219));
#6559=CARTESIAN_POINT('',(-0.031,0.0419864662828714,0.0184456915881219));
#6560=CARTESIAN_POINT('',(-0.027,0.0419864662828714,0.0184456915881219));
#6561=CARTESIAN_POINT('',(-0.031,0.0419864662828714,0.0184456915881219));
#6562=CARTESIAN_POINT('',(-0.031,0.0334616192068466,0.0184456915881219));
#6563=CARTESIAN_POINT('',(-0.033,0.0334616192068466,0.0184456915881219));
#6564=CARTESIAN_POINT('',(-0.027,0.0334616192068466,0.0184456915881219));
#6565=CARTESIAN_POINT('',(-0.027,0.037724042744859,0.0184456915881219));
#6566=CARTESIAN_POINT('',(-0.014998,0.055,0.0318));
#6567=CARTESIAN_POINT('',(-0.014998,0.052,0.0348));
#6568=CARTESIAN_POINT('',(-0.014998,0.055,0.0318));
#6569=CARTESIAN_POINT('',(-0.0394277804751684,0.0466758944563694,-0.00112757952716124));
#6570=CARTESIAN_POINT('',(-0.0396775623506894,0.04376177257529,-0.000197002584522666));
#6571=CARTESIAN_POINT('',(-0.0399120072225573,0.0410265824034981,0.00128550532551368));
#6572=CARTESIAN_POINT('',(-0.0401156330428369,0.0386509478335697,0.00321188494576029));
#6573=CARTESIAN_POINT('',(-0.0343405118112147,0.0475,0.00280719459988177));
#6574=CARTESIAN_POINT('',(-0.0345902936867358,0.0450735231401273,0.00358205011718334));
#6575=CARTESIAN_POINT('',(-0.0348247385586036,0.0427960358111669,0.00481647725684335));
#6576=CARTESIAN_POINT('',(-0.0350283643788832,0.0408179365597692,0.00642049924446436));
#6577=CARTESIAN_POINT('',(-0.0382133833225792,0.0426799250161312,0.00195539245459405));
#6578=CARTESIAN_POINT('',(-0.0388108713911969,0.0417836929132047,0.00198653810896377));
#6579=CARTESIAN_POINT('',(-0.0394064122122309,0.0408903816816538,0.00206533864412478));
#6580=CARTESIAN_POINT('',(-0.0399999707795994,0.040000043830601,0.00219265076194856));
#6581=CARTESIAN_POINT('',(-0.0399999867607505,0.0400000356282809,0.0021926340011667));
#6582=CARTESIAN_POINT('',(-0.0382133834909118,0.0426799247615035,0.00195539254929221));
#6583=CARTESIAN_POINT('',(-0.0350252705741085,0.0408531271682616,0.00639148917177998));
#6584=CARTESIAN_POINT('',(-0.0352522704075637,0.0410275468417149,0.00600106513076386));
#6585=CARTESIAN_POINT('',(-0.0357229513897651,0.0413678932403042,0.00523719437392987));
#6586=CARTESIAN_POINT('',(-0.0365058927580693,0.041850418253508,0.00410532392014974));
#6587=CARTESIAN_POINT('',(-0.0372900520435639,0.0422606961406895,0.003074945709247));
#6588=CARTESIAN_POINT('',(-0.0378962419937572,0.0425418178383873,0.00233155997085602));
#6589=CARTESIAN_POINT('',(-0.0382133833225792,0.0426799250161312,0.0019553924545941));
#6590=CARTESIAN_POINT('',(-0.0343405118112147,0.0475,0.00280719459988176));
#6591=CARTESIAN_POINT('',(-0.0360362680325326,0.0472252981521231,0.00149560322420076));
#6592=CARTESIAN_POINT('',(-0.0377320242538505,0.0469505963042462,0.000184011848519757));
#6593=CARTESIAN_POINT('',(-0.0394277804751683,0.0466758944563694,-0.00112757952716124));
#6594=CARTESIAN_POINT('',(-0.0394277804751684,0.0466758944563694,-0.00112757952716124));
#6595=CARTESIAN_POINT('',(-0.0394277804751683,0.0466758944563694,-0.00112757952716124));
#6596=CARTESIAN_POINT('',(-0.03963228878943,0.0442899641233163,-0.000365671877005292));
#6597=CARTESIAN_POINT('',(-0.0398230270464104,0.0420646844585448,0.000741060644118894));
#6598=CARTESIAN_POINT('',(-0.0399999952461096,0.040000055462055,0.00219261803621132));
#6599=CARTESIAN_POINT('',(-0.0401077924684321,0.034479554686034,0.0153015303915857));
#6600=CARTESIAN_POINT('',(-0.0390377642997041,0.0358143957676905,0.0116604240058726));
#6601=CARTESIAN_POINT('',(-0.0371214257191536,0.0382049940140181,0.00841389687274643));
#6602=CARTESIAN_POINT('',(-0.0346463978707603,0.0412925471708727,0.00606559130723047));
#6603=CARTESIAN_POINT('',(-0.0344107462169717,0.0415865184116591,0.00584200509971604));
#6604=CARTESIAN_POINT('',(-0.0341750945631831,0.0418804896524455,0.00561841889220162));
#6605=CARTESIAN_POINT('',(-0.0339394429093944,0.0421744608932318,0.00539483268468719));
#6606=CARTESIAN_POINT('',(-0.0401333486538089,0.0344732632920777,0.0152929550961968));
#6607=CARTESIAN_POINT('',(-0.0390633204850809,0.0358097200516704,0.0116474415527092));
#6608=CARTESIAN_POINT('',(-0.0371469819045304,0.0382032118535636,0.00839698485648341));
#6609=CARTESIAN_POINT('',(-0.0346719540561371,0.0412945021530495,0.00604583692602844));
#6610=CARTESIAN_POINT('',(-0.0344363024023484,0.0415888292136066,0.0058219800920647));
#6611=CARTESIAN_POINT('',(-0.0342006507485599,0.0418831562741637,0.00559812325810096));
#6612=CARTESIAN_POINT('',(-0.0339649990947712,0.0421774833347208,0.00537426642413723));
#6613=CARTESIAN_POINT('',(-0.0443817328816169,0.0334274006775747,0.0138674235021017));
#6614=CARTESIAN_POINT('',(-0.0433117047128889,0.0350324429306666,0.00948927716140031));
#6615=CARTESIAN_POINT('',(-0.0413953661323383,0.0379069508014925,0.00558558158588626));
#6616=CARTESIAN_POINT('',(-0.0389203382839451,0.0416194925740824,0.00276192736395696));
#6617=CARTESIAN_POINT('',(-0.0386846866301564,0.0419729700547654,0.00249308239416933));
#6618=CARTESIAN_POINT('',(-0.0384490349763678,0.0423264475354483,0.0022242374243817));
#6619=CARTESIAN_POINT('',(-0.0382133833225792,0.0426799250161312,0.00195539245459406));
#6620=CARTESIAN_POINT('',(-0.0382133834672135,0.0426799247991797,0.00195539261960123));
#6621=CARTESIAN_POINT('',(-0.0383483320867918,0.0424775018698123,0.00210934977196577));
#6622=CARTESIAN_POINT('',(-0.038588875020978,0.042116687468533,0.00238394552157266));
#6623=CARTESIAN_POINT('',(-0.0388604078711047,0.041709388193343,0.00269444300379613));
#6624=CARTESIAN_POINT('',(-0.0390153305441866,0.0414770041837201,0.00287229531254389));
#6625=CARTESIAN_POINT('',(-0.0390804505098699,0.0413793242351952,0.00294738944758975));
#6626=CARTESIAN_POINT('',(-0.0391138135423859,0.0413292796864212,0.00298626872504972));
#6627=CARTESIAN_POINT('',(-0.0391129958923131,0.0413305061615303,0.00298514299712161));
#6628=CARTESIAN_POINT('',(-0.0391842863919122,0.0412235704121316,0.00306951062729297));
#6629=CARTESIAN_POINT('',(-0.0392538780960823,0.0411191828558765,0.00315284025451938));
#6630=CARTESIAN_POINT('',(-0.0393867441754268,0.0409198837368598,0.00331384483190784));
#6631=CARTESIAN_POINT('',(-0.0396415012807438,0.0405377480788843,0.00363147033774419));
#6632=CARTESIAN_POINT('',(-0.039858285702864,0.0402125714457039,0.0039164951605347));
#6633=CARTESIAN_POINT('',(-0.0400001918942514,0.0399997121586229,0.00410993485804996));
#6634=CARTESIAN_POINT('',(-0.0400011172475477,0.0399983241286784,0.00411119644814602));
#6635=CARTESIAN_POINT('',(-0.0400011172731932,0.0399983240902102,0.00411119638701202));
#6636=CARTESIAN_POINT('',(-0.0409711389762752,0.0385432915355872,0.00543368555041677));
#6637=CARTESIAN_POINT('',(-0.042258809600349,0.0366117855994765,0.00766714652945547));
#6638=CARTESIAN_POINT('',(-0.043608464918796,0.034587302621806,0.0110747723363139));
#6639=CARTESIAN_POINT('',(-0.0441334143586401,0.0337998784620399,0.0128621906396279));
#6640=CARTESIAN_POINT('',(-0.0443606678556258,0.0334589982165612,0.013781679784043));
#6641=CARTESIAN_POINT('',(-0.033,0.0313715076665684,0.0205358031284001));
#6642=CARTESIAN_POINT('',(-0.031,0.0334616192068466,0.0184456915881219));
#6643=CARTESIAN_POINT('',(-0.027,0.0313715076665684,0.0205358031284001));
#6644=CARTESIAN_POINT('',(-0.033,0.0444864662828714,0.0159456915881219));
#6645=CARTESIAN_POINT('',(-0.031,0.0444864662828714,0.0159456915881219));
#6646=CARTESIAN_POINT('',(-0.027,0.0419864662828714,0.0184456915881219));
#6647=CARTESIAN_POINT('',(-0.033,0.0339240779161884,0.0137405921916608));
#6648=CARTESIAN_POINT('',(-0.0323411225713059,0.0326283524700872,0.016434007731163));
#6649=CARTESIAN_POINT('',(-0.033,0.0271600757827306,0.0205045943251186));
#6650=CARTESIAN_POINT('',(-0.033,0.0289785962936173,0.0186860738142319));
#6651=CARTESIAN_POINT('',(-0.0348340867372365,0.0287009157150458,0.0150730688852506));
#6652=CARTESIAN_POINT('',(-0.033,0.0360748059227256,0.015891320198198));
#6653=CARTESIAN_POINT('',(-0.033,0.0220038782007007,0.0135794359877242));
#6654=CARTESIAN_POINT('',(-0.033,0.0322662137886748,0.021093149144832));
#6655=CARTESIAN_POINT('',(-0.026,0.039,0.0218));
#6656=CARTESIAN_POINT('',(-0.0275,0.042,0.0203));
#6657=CARTESIAN_POINT('',(-0.026,0.042,0.0188));
#6658=CARTESIAN_POINT('',(-0.026,0.039,0.0218));
#6659=CARTESIAN_POINT('',(-0.026,0.039,0.0218));
#6660=CARTESIAN_POINT('',(-0.026,0.039,0.0218));
#6661=CARTESIAN_POINT('',(-0.0322804917021022,0.0715335679396453,-0.00488983484644316));
#6662=CARTESIAN_POINT('',(-0.0330414446453041,0.0709951482412487,-0.00531565865251327));
#6663=CARTESIAN_POINT('',(-0.0394609874320773,0.0462884799590986,-0.0010035055319511));
#6664=CARTESIAN_POINT('',(-0.0385,0.0575,-0.008));
#6665=CARTESIAN_POINT('',(-0.04,0.04,-0.008));
#6666=CARTESIAN_POINT('',(-0.014998,0.055,0.0268));
#6667=CARTESIAN_POINT('',(-0.015,0.055,0.0218));
#6668=CARTESIAN_POINT('',(-0.014998,0.052,0.0188));
#6669=CARTESIAN_POINT('',(-0.029,0.052,0.0188));
#6670=CARTESIAN_POINT('',(-0.029,0.0373652667812701,0.0218));
#6671=CARTESIAN_POINT('',(-0.026,0.047,0.0188));
#6672=CARTESIAN_POINT('',(-0.033,0.0360748059227256,0.0154456915881219));
#6673=CARTESIAN_POINT('',(-0.0316041462040521,0.0416110979558095,0.0175394722820437));
#6674=CARTESIAN_POINT('',(-0.033,0.0407438255957521,0.0154456915881219));
#6675=CARTESIAN_POINT('',(-0.033,0.0334616192068466,0.0154456915881219));
#6676=CARTESIAN_POINT('',(-0.033,0.0429873899450446,0.0165642637308351));
#6677=CARTESIAN_POINT('',(-0.033,0.0440310973061741,0.00584313412840362));
#6678=CARTESIAN_POINT('',(-0.033,0.0440310973061741,0.00584313412840362));
#6679=CARTESIAN_POINT('',(-0.033,0.0439413767463799,0.00676475812511103));
#6680=CARTESIAN_POINT('',(-0.033,0.0439413767463799,0.00676475812511103));
#6681=CARTESIAN_POINT('',(-0.033,0.0439413767463799,0.00676475812511103));
#6682=CARTESIAN_POINT('',(-0.033,0.0519037356014716,0.00753989776591243));
#6683=CARTESIAN_POINT('',(-0.033,0.0519037356014716,0.00753989776591243));
#6684=CARTESIAN_POINT('',(-0.033,0.0447402018134201,0.0111013277690776));
#6685=CARTESIAN_POINT('',(-0.033,0.0447402018134201,0.0111013277690776));
#6686=CARTESIAN_POINT('',(-0.033,0.0449323004339129,0.0114877188977295));
#6687=CARTESIAN_POINT('',(-0.033,0.0458160526376647,0.0132653163139962));
#6688=CARTESIAN_POINT('',(-0.033,0.0448557577731788,0.0113337594106952));
#6689=CARTESIAN_POINT('',(-0.032957980695743,0.0449323719915591,0.0113462815972575));
#6690=CARTESIAN_POINT('',(-0.031,0.0444864662828714,0.0159456915881219));
#6691=CARTESIAN_POINT('',(-0.033,0.0381865014542008,0.0180030157296732));
#6692=CARTESIAN_POINT('',(-0.014998,0.047,0.0348));
#6693=CARTESIAN_POINT('',(-0.029,0.042,0.0348));
#6694=CARTESIAN_POINT('',(-0.029,0.042,0.0183282573935183));
#6695=CARTESIAN_POINT('',(-0.026,0.039,0.0243630628046797));
#6696=CARTESIAN_POINT('',(-0.014998,0.042,0.0348));
#6697=CARTESIAN_POINT('',(-0.015,0.039,0.0318));
#6698=CARTESIAN_POINT('',(-0.033,0.0360748059227256,0.015891320198198));
#6699=CARTESIAN_POINT('',(-0.033,0.0519934561612659,0.00661827376920501));
#6700=CARTESIAN_POINT('',(-0.033,0.0519934561612659,0.00661827376920501));
#6701=CARTESIAN_POINT('',(-0.014998,0.039,0.0243630628046797));
#6702=CARTESIAN_POINT('',(-0.014998,0.039,0.0218));
#6703=CARTESIAN_POINT('',(-0.014998,0.047,0.0188));
#6704=CARTESIAN_POINT('',(-0.027,0.0444605849957396,0.0188));
#6705=CARTESIAN_POINT('',(-0.0258634705473308,0.0421332256323341,0.0188));
#6706=CARTESIAN_POINT('',(-0.0258634705473308,0.037724042744859,0.0188));
#6707=CARTESIAN_POINT('',(-0.0258634705473308,0.042,0.0188));
#6708=CARTESIAN_POINT('',(-0.014998,0.042,0.0188));
#6709=CARTESIAN_POINT('',(-0.014998,0.042,0.0188));
#6710=CARTESIAN_POINT('',(-0.027,0.0403543084118782,0.0204456915881219));
#6711=CARTESIAN_POINT('',(-0.027,0.0386802924978698,0.0245802924978697));
#6712=CARTESIAN_POINT('',(-0.027,0.0428148934076176,0.0204456915881219));
#6713=CARTESIAN_POINT('',(-0.027,0.0327857212289415,0.0219500166907732));
#6714=CARTESIAN_POINT('',(-0.027,0.0342900463315928,0.0204456915881219));
#6715=CARTESIAN_POINT('',(-0.027,0.037724042744859,0.0204456915881219));
#6716=CARTESIAN_POINT('',(-0.045,0.0325,-0.008));
#6717=CARTESIAN_POINT('',(0.042438262381114,0.0312506099048911,-0.008));
#6718=CARTESIAN_POINT('',(0.041272442365286,0.0327078849246761,0.0119147210734427));
#6719=CARTESIAN_POINT('',(0.0409321701918845,0.0331332251414279,0.010961221572822));
#6720=CARTESIAN_POINT('',(0.040553153913898,0.0336069954889111,0.0100557352764962));
#6721=CARTESIAN_POINT('',(0.0401399701148024,0.0341234752377806,0.00919259070386808));
#6722=CARTESIAN_POINT('',(0.0401399701148024,0.0341234752377806,0.00919259070386808));
#6723=CARTESIAN_POINT('',(0.0401399701148092,0.0341234752377721,-0.008));
#6724=CARTESIAN_POINT('',(0.036235626067594,0.031,-0.008));
#6725=CARTESIAN_POINT('',(0.0401399701148092,0.0341234752377721,0.00919259070385966));
#6726=CARTESIAN_POINT('',(0.0399748084296285,0.034329927344248,0.00884756649796902));
#6727=CARTESIAN_POINT('',(0.039581075509763,0.0347589735138501,0.00820387677215741));
#6728=CARTESIAN_POINT('',(0.0386661332420379,0.0354319371391122,0.007499841713449));
#6729=CARTESIAN_POINT('',(0.0374015676629347,0.0359217947876997,0.00743552797062379));
#6730=CARTESIAN_POINT('',(0.0365992835536144,0.036,0.00782439463598942));
#6731=CARTESIAN_POINT('',(0.036235626067594,0.036,0.00806630722755233));
#6732=CARTESIAN_POINT('',(0.0355417003344678,0.0360226658803358,0.00848528145724141));
#6733=CARTESIAN_POINT('',(0.0366090303897812,0.0348681541140229,0.00994946943869448));
#6734=CARTESIAN_POINT('',(0.0375109167974012,0.0338931421868707,0.0115599613628993));
#6735=CARTESIAN_POINT('',(0.0382155161717249,0.0331315435239537,0.0132747773258598));
#6736=CARTESIAN_POINT('',(0.0365719442337157,0.0360205121566773,0.00780479123265515));
#6737=CARTESIAN_POINT('',(0.0376406202282013,0.0348077679689646,0.00934029606378126));
#6738=CARTESIAN_POINT('',(0.0385437675690803,0.0337835478254586,0.0110296496117272));
#6739=CARTESIAN_POINT('',(0.0392493979913738,0.0329835903178893,0.0128284562669739));
#6740=CARTESIAN_POINT('',(0.0376021881329636,0.0360183584330187,0.00712430100806889));
#6741=CARTESIAN_POINT('',(0.0386722100666214,0.0347473818239064,0.00873112268886804));
#6742=CARTESIAN_POINT('',(0.0395766183407593,0.0336739534640465,0.010499337860555));
#6743=CARTESIAN_POINT('',(0.0402832798110228,0.032835637111825,0.0123821352080881));
#6744=CARTESIAN_POINT('',(0.0386324320322115,0.0360162047093601,0.00644381078348262));
#6745=CARTESIAN_POINT('',(0.0397037999050415,0.0346869956788481,0.00812194931395482));
#6746=CARTESIAN_POINT('',(0.0406094691124383,0.0335643591026344,0.00996902610938287));
#6747=CARTESIAN_POINT('',(0.0413171616306717,0.0326876839057606,0.0119358141492023));
#6748=CARTESIAN_POINT('',(0.0159632045517855,0.00789657132382168,0.015490652897105));
#6749=CARTESIAN_POINT('',(0.017,0.065,-0.008));
#6750=CARTESIAN_POINT('',(0.017,0.065,-0.0065));
#6751=CARTESIAN_POINT('',(0.0144550097586231,0.0607583495977051,-0.00558703906651471));
#6752=CARTESIAN_POINT('',(0.0400748952412356,0.0938603051707302,-0.0120402319218828));
#6753=CARTESIAN_POINT('',(0.0277903606420064,0.0908493240877764,-0.018623363495432));
#6754=CARTESIAN_POINT('',(-0.049,0.0146,0.017));
#6755=CARTESIAN_POINT('',(-0.049,0.0166,0.017));
#6756=CARTESIAN_POINT('',(-0.046,0.0166,0.017));
#6757=CARTESIAN_POINT('',(-0.045,0.0166,0.017));
#6758=CARTESIAN_POINT('',(-0.045,0.0146,0.017));
#6759=CARTESIAN_POINT('',(-0.043,0.0146,0.017));
#6760=CARTESIAN_POINT('',(-0.043,-0.0067,0.017));
#6761=CARTESIAN_POINT('',(-0.043,-0.0115299420870038,-0.006));
#6762=CARTESIAN_POINT('',(-0.043,-0.0134,-0.00670914721468028));
#6763=CARTESIAN_POINT('',(-0.043,-0.0134,0.017));
#6764=CARTESIAN_POINT('',(-0.043,-0.0134,-0.00532783771130675));
#6765=CARTESIAN_POINT('',(-0.043,-0.56610496553699,-0.00525));
#6766=CARTESIAN_POINT('',(-0.045,-0.0134,0.017));
#6767=CARTESIAN_POINT('',(-0.043,-0.0134,-0.00670914721468028));
#6768=CARTESIAN_POINT('',(-0.043,-0.0134866322429722,-0.0064806939217132));
#6769=CARTESIAN_POINT('',(-0.0430042254479279,-0.0135299382057035,-0.00624432706074737));
#6770=CARTESIAN_POINT('',(-0.0430042254479279,-0.0135299382057035,-0.006));
#6771=CARTESIAN_POINT('',(-0.0430042254479277,-0.0135299382057006,-0.006));
#6772=CARTESIAN_POINT('',(-0.0430042254479277,-0.0135299382057006,0.017));
#6773=CARTESIAN_POINT('',(-0.0430042254479277,-0.0135299382057006,-0.00525));
#6774=CARTESIAN_POINT('',(-0.0430042254479277,-0.0135299382057006,-0.00525));
#6775=CARTESIAN_POINT('',(-0.0430042254479277,-0.0135299382057006,-0.00530630845665874));
#6776=CARTESIAN_POINT('',(-0.0430000000000003,-0.0134556136885676,-0.00532855702387064));
#6777=CARTESIAN_POINT('',(-0.043,-0.013400000000012,-0.00532783771134385));
#6778=CARTESIAN_POINT('',(0.046,0.0166,0.017));
#6779=CARTESIAN_POINT('',(0.045,0.0166,0.017));
#6780=CARTESIAN_POINT('',(0.049,0.0166,0.017));
#6781=CARTESIAN_POINT('',(0.049,0.0146,0.017));
#6782=CARTESIAN_POINT('',(0.051,0.0146,0.017));
#6783=CARTESIAN_POINT('',(0.051,0.0006,0.017));
#6784=CARTESIAN_POINT('',(0.051,0.530798949723827,-0.00525));
#6785=CARTESIAN_POINT('',(0.045,-0.0134,0.017));
#6786=CARTESIAN_POINT('',(0.043015190763841,-0.0136460331198394,0.017));
#6787=CARTESIAN_POINT('',(0.0430151907638411,-0.01364603311984,-0.00525));
#6788=CARTESIAN_POINT('',(0.043015190763841,-0.0136460331198394,-0.006));
#6789=CARTESIAN_POINT('',(0.043015190763841,-0.01364603311984,-0.006));
#6790=CARTESIAN_POINT('',(0.043015190763841,-0.01364603311984,-0.00633663255146149));
#6791=CARTESIAN_POINT('',(0.043,-0.0135617429849519,-0.00666579635883546));
#6792=CARTESIAN_POINT('',(0.043,-0.0134,-0.00696100337003556));
#6793=CARTESIAN_POINT('',(0.043,-0.0134,-0.00696100337003557));
#6794=CARTESIAN_POINT('',(0.043,-0.0134,0.017));
#6795=CARTESIAN_POINT('',(0.043,-0.0134,-0.00540180003252375));
#6796=CARTESIAN_POINT('',(0.043,-0.0134,-0.00540180003252375));
#6797=CARTESIAN_POINT('',(0.043,-0.0134530161295256,-0.00540145382956257));
#6798=CARTESIAN_POINT('',(0.0430041392286378,-0.0135566439291923,-0.00538478467165751));
#6799=CARTESIAN_POINT('',(0.0430151907638411,-0.0136460331198402,-0.00530368202333239));
#6800=CARTESIAN_POINT('',(0.0430151907638411,-0.0136460331198403,-0.00525000000000007));
#6801=CARTESIAN_POINT('',(0.043,0.0073,0.017));
#6802=CARTESIAN_POINT('',(0.043,-0.011646010796319,-0.006));
#6803=CARTESIAN_POINT('',(0.043,0.0146,0.017));
#6804=CARTESIAN_POINT('',(0.043,0.530804348265989,-0.00525));
#6805=CARTESIAN_POINT('',(0.045,0.0146,0.017));
#6806=CARTESIAN_POINT('',(-0.031,0.0006,1.37772764904077E-19));
#6807=CARTESIAN_POINT('',(0.012,0.02,-0.004));
#6808=CARTESIAN_POINT('',(0.012,0.02,-0.0065));
#6809=CARTESIAN_POINT('',(-0.012,0.02,-0.004));
#6810=CARTESIAN_POINT('',(-0.012,0.02,-0.0065));
#6811=CARTESIAN_POINT('',(0.031,0.075,-0.008));
#6812=CARTESIAN_POINT('',(-0.029,0.075,-0.008));
#6813=CARTESIAN_POINT('',(6.93889390390723E-18,0.025,-0.0065));
#6814=CARTESIAN_POINT('',(0.018,0.0182136363636364,0.014002));
#6815=CARTESIAN_POINT('',(0.018,0.0156344037311888,0.0132792014415957));
#6816=CARTESIAN_POINT('',(0.018,0.0132,0.014002));
#6817=CARTESIAN_POINT('',(0.0165,0.01385,0.014002));
#6818=CARTESIAN_POINT('',(0.0165,0.0127,0.014002));
#6819=CARTESIAN_POINT('',(0.00425,0.0127,0.014002));
#6820=CARTESIAN_POINT('',(0.00425,0.0127,0.01));
#6821=CARTESIAN_POINT('',(-0.00025,0.0127,0.01));
#6822=CARTESIAN_POINT('',(-0.00725,0.0127,0.01));
#6823=CARTESIAN_POINT('',(-0.00025,0.0127,0.014));
#6824=CARTESIAN_POINT('',(-0.00725,0.0127,0.01));
#6825=CARTESIAN_POINT('',(-0.019,0.019756386520071,0.00261054010566515));
#6826=CARTESIAN_POINT('',(0.02,0.0157264239150499,0.0130410315539552));
#6827=CARTESIAN_POINT('',(0.016,0.0132,0.014002));
#6828=CARTESIAN_POINT('',(-0.0045,0.0132,0.01));
#6829=CARTESIAN_POINT('',(-0.00725,0.01195,0.01));
#6830=CARTESIAN_POINT('',(-0.00025,0.01195,0.01));
#6831=CARTESIAN_POINT('',(-0.00025,0.01195,0.012));
#6832=CARTESIAN_POINT('',(-0.00725,0.01195,0.014002));
#6833=CARTESIAN_POINT('',(-0.0497374355141,-0.00796136220826883,-0.006002));
#6834=CARTESIAN_POINT('',(-0.0498328647394085,-0.0135207220272274,0.00982026004119217));
#6835=CARTESIAN_POINT('',(-0.0505345479074153,-0.0135086772804732,0.00950082241421972));
#6836=CARTESIAN_POINT('',(-0.0510040241058693,-0.0133753571909867,0.00877094273501775));
#6837=CARTESIAN_POINT('',(-0.0510040241058693,-0.0133753571909867,0.008));
#6838=CARTESIAN_POINT('',(-0.0498328647394085,-0.0135207220272274,0.00982026004119217));
#6839=CARTESIAN_POINT('',(-0.0510040241058693,-0.0133753571909867,0.008));
#6840=CARTESIAN_POINT('',(-0.0498328647394085,-0.0135207220272274,-0.006002));
#6841=CARTESIAN_POINT('',(-0.051,-0.0133762970419153,-0.00532760059523599));
#6842=CARTESIAN_POINT('',(-0.0510026804553792,-0.0133756720578903,-0.00530182528886697));
#6843=CARTESIAN_POINT('',(-0.0510040241058693,-0.0133753571909867,-0.00527592184989035));
#6844=CARTESIAN_POINT('',(-0.0510040241058693,-0.0133753571909867,-0.00525));
#6845=CARTESIAN_POINT('',(-0.0510040241058693,-0.0133753571909867,-0.00525));
#6846=CARTESIAN_POINT('',(-0.0510040241058693,-0.0133753571909867,-0.006002));
#6847=CARTESIAN_POINT('',(-0.0496520654118144,-0.00785521337981446,-0.006002));
#6848=CARTESIAN_POINT('',(-0.0496570128351281,-0.0115209593633153,0.00988953150254116));
#6849=CARTESIAN_POINT('',(-0.0504486823223954,-0.0115198908975526,0.00961489514193308));
#6850=CARTESIAN_POINT('',(-0.0510011741058518,-0.0112636769375223,0.00883759179499277));
#6851=CARTESIAN_POINT('',(-0.0510011741058518,-0.0112636769375223,0.008));
#6852=CARTESIAN_POINT('',(-0.0510011741058518,-0.0112636769375224,0.008));
#6853=CARTESIAN_POINT('',(-0.0510011741058518,-0.0112636769375223,-0.006002));
#6854=CARTESIAN_POINT('',(-0.0510011741058518,-0.0112636769375223,-0.00525));
#6855=CARTESIAN_POINT('',(-0.0510011741058518,-0.0112636769375223,-0.00525));
#6856=CARTESIAN_POINT('',(-0.0510011741058518,-0.0112636769375223,-0.00526406025341653));
#6857=CARTESIAN_POINT('',(-0.0510007792837805,-0.0112638332891548,-0.005278046565154));
#6858=CARTESIAN_POINT('',(-0.051,-0.0112641414281201,-0.00529196090464094));
#6859=CARTESIAN_POINT('',(0.0496468363600909,-0.00801685222487412,-0.006002));
#6860=CARTESIAN_POINT('',(0.0510154135431424,-0.0134863654694861,-0.006002));
#6861=CARTESIAN_POINT('',(0.0510154135431424,-0.0134863654694861,0.008));
#6862=CARTESIAN_POINT('',(0.0510154135431424,-0.0134863654694861,-0.00525));
#6863=CARTESIAN_POINT('',(0.0510154135431424,-0.0134863654694861,-0.00525));
#6864=CARTESIAN_POINT('',(0.0510154135431424,-0.0134863654694861,-0.00530430956777726));
#6865=CARTESIAN_POINT('',(0.0510095813141701,-0.013487834637292,-0.0053579462476335));
#6866=CARTESIAN_POINT('',(0.0509979419756717,-0.0134907075622484,-0.00541091453198605));
#6867=CARTESIAN_POINT('',(0.0496498605120144,-0.013654987510007,-0.006002));
#6868=CARTESIAN_POINT('',(0.0496498605117652,-0.0136549875100071,0.00989662506599116));
#6869=CARTESIAN_POINT('',(0.0510154135431424,-0.0134863654694861,0.008));
#6870=CARTESIAN_POINT('',(0.0510154135431424,-0.0134863654694861,0.0088417384832274));
#6871=CARTESIAN_POINT('',(0.0504481205472925,-0.0136545593436898,0.00962950031888043));
#6872=CARTESIAN_POINT('',(0.0496498605120144,-0.013654987510007,0.00989662506590776));
#6873=CARTESIAN_POINT('',(-0.049744938787268,-0.0135208406952714,-0.006002));
#6874=CARTESIAN_POINT('',(-0.049744938787268,-0.0135208406952714,-0.006));
#6875=CARTESIAN_POINT('',(0.0430151907638411,-0.01364603311984,0.001));
#6876=CARTESIAN_POINT('',(0.0430151907638411,-0.01364603311984,0.008));
#6877=CARTESIAN_POINT('',(0.0450151889423258,-0.0136487323896913,0.008));
#6878=CARTESIAN_POINT('',(0.0450151889423258,-0.0136487323896913,0.01));
#6879=CARTESIAN_POINT('',(0.0470151871208106,-0.0136514316595425,0.01));
#6880=CARTESIAN_POINT('',(0.0490151852992953,-0.0136541309293938,0.01));
#6881=CARTESIAN_POINT('',(0.0490151852992953,-0.0136541309293938,0.008));
#6882=CARTESIAN_POINT('',(-0.0490042199833822,-0.0135218403961497,0.008));
#6883=CARTESIAN_POINT('',(-0.0490042199833822,-0.0135218403961497,0.01));
#6884=CARTESIAN_POINT('',(-0.0470042218048974,-0.0135245396660009,0.01));
#6885=CARTESIAN_POINT('',(-0.0450042236264127,-0.0135272389358522,0.01));
#6886=CARTESIAN_POINT('',(-0.0450042236264127,-0.0135272389358522,0.008));
#6887=CARTESIAN_POINT('',(-0.043004225447928,-0.0135299382057035,0.008));
#6888=CARTESIAN_POINT('',(-0.043004225447928,-0.0135299382057035,0.001));
#6889=CARTESIAN_POINT('',(-0.050970477288726,0.0114808361047608,0.001));
#6890=CARTESIAN_POINT('',(-0.0510011741058518,-0.0112636769375224,-0.00525));
#6891=CARTESIAN_POINT('',(-0.050970477288726,0.0114808361047608,0.008));
#6892=CARTESIAN_POINT('',(-0.0469704809317565,0.0114754375650583,0.01));
#6893=CARTESIAN_POINT('',(-0.0449704827532718,0.011472738295207,0.01));
#6894=CARTESIAN_POINT('',(-0.0489704791102413,0.0114781368349096,0.01));
#6895=CARTESIAN_POINT('',(-0.0489704791102413,0.0114781368349096,0.008));
#6896=CARTESIAN_POINT('',(-0.0429704845747871,0.0114700390253558,0.001));
#6897=CARTESIAN_POINT('',(-0.043004225447928,-0.0135299382057035,-0.00525));
#6898=CARTESIAN_POINT('',(-0.0429704845747871,0.0114700390253558,0.008));
#6899=CARTESIAN_POINT('',(-0.0449704827532718,0.011472738295207,0.008));
#6900=CARTESIAN_POINT('',(0.0510489243509209,0.0113431470318141,0.001));
#6901=CARTESIAN_POINT('',(0.0510154135431424,-0.0134863654694861,-0.00525));
#6902=CARTESIAN_POINT('',(0.0510489243509209,0.0113431470318141,0.008));
#6903=CARTESIAN_POINT('',(0.0490489261724362,0.0113458463016654,0.008));
#6904=CARTESIAN_POINT('',(0.0490489261724362,0.0113458463016654,0.01));
#6905=CARTESIAN_POINT('',(0.043048931636982,0.0113539441112192,0.001));
#6906=CARTESIAN_POINT('',(0.043017890031234,-0.0116460367628687,-0.00525));
#6907=CARTESIAN_POINT('',(0.043048931636982,0.0113539441112192,0.008));
#6908=CARTESIAN_POINT('',(0.0470489279939515,0.0113485455715167,0.01));
#6909=CARTESIAN_POINT('',(0.0450489298154667,0.011351244841368,0.01));
#6910=CARTESIAN_POINT('',(0.0450489298154667,0.011351244841368,0.008));
#6911=CARTESIAN_POINT('',(0.0423206451668921,0.0274428825271871,-0.00525));
#6912=CARTESIAN_POINT('',(-0.0501987651249523,0.0275677500683403,-0.00525));
#6913=CARTESIAN_POINT('',(-0.0422204852578552,0.0114690267991615,-0.00525));
#6914=CARTESIAN_POINT('',(0.0502989250339892,0.0113441592580084,-0.00525));
#6915=CARTESIAN_POINT('',(-5.27544501315308E-5,-0.0115879052423482,-0.006));
#6916=CARTESIAN_POINT('',(-0.0165,0.0115,0.011));
#6917=CARTESIAN_POINT('',(-0.0165,0.0115,0.011));
#6918=CARTESIAN_POINT('',(-0.0165,0.0115,0.012));
#6919=CARTESIAN_POINT('',(-0.0165,0.0119955752212389,0.0114336283185841));
#6920=CARTESIAN_POINT('',(-0.0165,0.0137628834735344,0.00941384745881784));
#6921=CARTESIAN_POINT('',(-0.0165,0.01,0.00612132441947525));
#6922=CARTESIAN_POINT('',(-0.000249999999999997,0.0115,0.004));
#6923=CARTESIAN_POINT('',(-0.0165,0.0115,0.012));
#6924=CARTESIAN_POINT('',(-0.000249999999999997,0.0115,0.012));
#6925=CARTESIAN_POINT('',(-0.000249999999999997,0.0137628834735344,0.00941384745881784));
#6926=CARTESIAN_POINT('',(-0.0165,0.0115,-0.003));
#6927=CARTESIAN_POINT('',(-0.0165,0.01,0.00187867558052475));
#6928=CARTESIAN_POINT('',(-0.0165,0.0137628834735344,-0.00141384745881784));
#6929=CARTESIAN_POINT('',(-0.0165,0.0119955752212389,-0.00343362831858407));
#6930=CARTESIAN_POINT('',(-0.0165,0.0115,-0.004));
#6931=CARTESIAN_POINT('',(-0.0165,0.0115,-0.003));
#6932=CARTESIAN_POINT('',(-0.000249999999999997,0.0115,-0.01));
#6933=CARTESIAN_POINT('',(-0.017,0.0115,-0.004));
#6934=CARTESIAN_POINT('',(-0.000249999999999997,0.0115,-0.004));
#6935=CARTESIAN_POINT('',(-0.000249999999999997,0.0137628834735344,-0.00141384745881784));
#6936=CARTESIAN_POINT('',(-0.000249999999999997,0.01,0.00612132441947525));
#6937=CARTESIAN_POINT('',(-0.000249999999999997,0.01,0.00187867558052475));
#6938=MECHANICAL_DESIGN_GEOMETRIC_PRESENTATION_REPRESENTATION('',(#4089),
#6939);
#6939=(
GEOMETRIC_REPRESENTATION_CONTEXT(3)
GLOBAL_UNCERTAINTY_ASSIGNED_CONTEXT((#6940))
GLOBAL_UNIT_ASSIGNED_CONTEXT((#6943,#6942,#6941))
REPRESENTATION_CONTEXT('Chassis','TOP_LEVEL_ASSEMBLY_PART')
);
#6940=UNCERTAINTY_MEASURE_WITH_UNIT(LENGTH_MEASURE(2.22788278185393E-5),
#6943,'DISTANCE_ACCURACY_VALUE','Maximum Tolerance applied to model');
#6941=(
NAMED_UNIT(*)
SI_UNIT($,.STERADIAN.)
SOLID_ANGLE_UNIT()
);
#6942=(
NAMED_UNIT(*)
PLANE_ANGLE_UNIT()
SI_UNIT($,.RADIAN.)
);
#6943=(
LENGTH_UNIT()
NAMED_UNIT(*)
SI_UNIT($,.METRE.)
);
#6944=PRODUCT_DEFINITION_SHAPE('','',#6945);
#6945=PRODUCT_DEFINITION('','',#6947,#6946);
#6946=PRODUCT_DEFINITION_CONTEXT('',#6953,'design');
#6947=PRODUCT_DEFINITION_FORMATION_WITH_SPECIFIED_SOURCE('','',#6949,
 .NOT_KNOWN.);
#6948=PRODUCT_RELATED_PRODUCT_CATEGORY('','',(#6949));
#6949=PRODUCT('Chassis','Chassis','Chassis',(#6951));
#6950=PRODUCT_CATEGORY('','');
#6951=PRODUCT_CONTEXT('',#6953,'mechanical');
#6952=APPLICATION_PROTOCOL_DEFINITION('international standard',
'ap242_managed_model_based_3d_engineering',2020,#6953);
#6953=APPLICATION_CONTEXT('managed model based 3d engineering');
ENDSEC;
END-ISO-10303-21;
